-1754
4239
-923
4215
-3582
-2184
3732
1714
-2905
2842
-4549
-1944
2952
4199
-3265
2191
3819
3553
1620
-4933
-4347
2675
-833
459
965
-1937
3511
2298
-4557
1442
-104
1258
-3152
655
2926
-82
-2980
1316
-2036
1562
-1235
3061
550
4938
4918
862
2501
1769
-2454
-4411
-1266
706
974
286
-4087
3988
791
2289
-4914
-4997
2510
3127
3186
3430
913
4032
-1537
3441
10
1811
4779
3229
-1514
-1121
-3012
4697
-3270
938
-4256
4950
1322
3215
359
503
4276
-3380
-3919
-4049
2477
-3182
-2034
-2535
-1160
4961
1597
-1936
3712
-3319
3198
4143
-1002
1720
4930
4068
-3618
1982
564
1194
-1166
-816
2893
4729
-4721
4185
-1136
-3509
4663
-2458
4985
1621
-3312
-4707
3715
-1515
2656
-2710
1254
4682
-3690
-185
1174
-1389
-3667
2810
1835
147
-645
4412
1662
1931
-1765
-3387
2432
-4203
2107
4141
-870
2020
1268
2913
-2072
1709
-944
1468
-4445
-2635
-3058
-393
1759
3189
-2253
-3768
1875
-3970
2464
-123
-4128
-3995
-1293
2751
-4196
-4577
609
-2675
-1539
625
-912
1233
-1178
1166
552
4068
-4528
-324
-3344
4924
4409
2235
525
1748
1625
-4908
-4083
-2374
-1426
4559
-2
-4551
763
4940
-2056
3334
3841
4231
3188
3711
4322
-4401
-556
1260
1098
-1996
3006
1346
-3605
-1064
-3550
2467
810
4651
1573
3144
-3339
-4569
1372
-3480
-3096
-4150
-2148
-4856
561
2186
-1141
-3083
1165
1488
-1466
-2653
-1208
3631
-1742
-4321
-4066
-883
4519
-813
-1422
-1005
4167
-860
2583
-962
80
2670
929
2976
-3607
-953
1583
2844
575
-4916
-4609
2057
3415
-2207
-1719
316
-1211
-1694
4256
-4873
-1118
-1720
4820
-3019
3797
4478
-2766
466
-3619
292
-2229
4916
-1617
639
-2494
3088
-351
1537
711
-610
-4728
-2661
-1286
-2419
2170
725
-3637
-916
321
-3204
3220
3402
3630
906
-1346
-668
2824
-2020
883
2911
4500
3670
4684
835
-3735
-1329
-2139
-4912
-3792
1231
-4165
3102
-4892
-4078
-3386
2725
-4765
3965
4189
-3143
3592
-3377
408
-699
3640
4978
3391
4902
-2892
4927
-991
401
-1228
-1810
-2494
4247
3635
-3298
1897
-2115
1610
-4934
-35
427
-1914
-2250
158
4986
-2267
2646
1093
-4237
312
2084
-4627
-1905
4277
-2371
-361
-1512
-4932
-1748
-3834
-3452
-4583
329
3011
-1928
-935
-1953
3941
3529
-1883
-3196
-860
3486
-503
-3954
-3309
-1946
-215
-4950
-3207
-2425
712
-541
3736
3230
-1433
-3993
-536
4134
-3982
114
-3117
-269
-1777
-3929
4934
-2061
3064
-697
311
4016
-2430
-850
3610
1237
4926
3541
-840
3102
-1197
-4453
834
1288
-1103
-232
3395
331
-3904
-1351
4365
3808
1601
-3972
-3348
3927
-4864
1866
3386
-2289
-856
-3702
2083
2116
-3098
-1074
-1917
4680
3160
801
-2228
-3040
4000
-2654
-2867
-4570
-2992
-226
1184
-82
-2978
1222
3010
4250
-4733
-820
-2487
-1688
1730
4222
2602
3009
1150
-1516
-143
-2425
4989
-4894
-2279
-602
-1994
208
4419
-315
-2376
-2181
1786
-1362
-4629
2484
2071
2185
1095
76
1253
-760
2841
2593
1261
-142
4792
-45
-1083
-2308
-2051
187
4715
-3536
-2003
3435
-793
2350
4147
3768
-59
3445
378
-4525
-1692
-984
114
2151
1886
1088
489
-4111
-1218
-976
-4297
3040
-946
-1007
-466
-3352
-768
-3329
245
911
2733
-1659
-2518
1003
-1031
-3104
4774
213
-2934
-3123
-2493
-3933
-2232
920
1468
-1283
2738
3033
4100
-4852
-3153
3257
-4511
3105
-4887
290
-571
1430
-4586
-580
2617
1461
868
2066
1984
2832
-1145
990
290
4098
-1386
-2114
1946
4601
3521
-4939
-3647
-2193
478
4877
-4616
1733
786
-2120
-4143
3172
-2367
-3449
3272
664
1278
-2479
1193
-1538
3346
-1582
-522
4127
4357
2521
-4035
3585
-2417
-435
-1886
-2008
1698
-2917
-3813
6
2146
2153
-4954
2424
3858
3068
2818
-1784
-1825
2509
-662
-1265
3246
4970
-3209
-4850
4499
2334
843
-823
4875
3723
-2147
340
-436
2146
-1623
3282
-1532
-2669
681
-3951
-2276
2696
4885
2449
1131
-4813
4197
-3558
-4684
4557
4250
2664
-2975
1389
-109
-3318
-1216
-3126
4349
-4373
-4976
4160
3263
-1956
254
-2369
2076
-118
-4896
2963
-3769
-3633
2986
846
35
-872
1933
-3082
-1971
4973
1250
-2612
-4643
-3594
519
4487
-1889
2686
4637
391
4925
-4874
-1501
987
-4368
4276
-1740
-1256
513
-1614
-462
2889
-476
1183
2535
3680
1853
-3138
-4377
-1025
-1707
3731
3869
4175
3332
-2235
-4427
1881
3187
1970
-2563
43
3661
-4709
833
-3201
-1906
119
2487
-1265
3825
-2091
3223
2993
-276
-1846
-3137
3301
1434
4037
3061
-1472
-333
-4895
1459
4829
3573
3706
3553
-72
-529
-371
620
-3342
-2627
1300
-2109
4676
1269
4742
3754
398
-3319
4894
-4177
-2503
-2613
-1506
1217
-4458
601
-1706
2802
-4105
427
-3310
-1471
-755
-2309
-4856
2184
1879
-2215
4260
3586
4262
4698
-3608
-3818
2958
1285
132
-3211
459
-3496
-3142
-3909
-3248
3791
-1126
-2281
-4282
57
-1469
3416
4468
328
-2408
-4988
3848
504
753
1952
-1679
-3300
-3492
3530
1214
1678
786
4244
-4180
-3529
1340
3414
-4363
-2692
2780
2279
-64
-3202
3766
-1285
4515
-1796
3301
3538
4836
2911
-3772
3203
-2577
-3169
4035
2075
-1939
1505
-2526
3964
-4840
-1369
-2217
-4231
467
4649
1034
-511
-2595
-1306
-528
-3649
-2795
2263
-265
4193
-3743
1132
1382
-3562
-3015
-1792
-3154
3432
-3522
-2549
3506
6
1200
-4342
-3871
1145
-3772
4546
826
-3170
-3746
-1279
-4849
-2472
-1824
-605
2028
2081
-3993
1335
-4335
2860
1234
1744
-279
1415
2624
-3504
-4264
-2546
-3602
3018
4724
2171
-3360
1292
4306
4605
-3418
-677
-4184
899
4236
801
-4451
-2340
-3108
-2073
-2743
3425
-1832
-1264
-3790
2383
3910
3946
4367
-4947
-1297
-3891
-4644
923
1446
-4709
2898
4012
3123
-580
1991
3310
-1051
-1646
845
-3691
3445
4441
1991
428
-2683
3006
-1144
3326
3311
2669
1204
-3082
511
-127
3936
-3302
-3398
-4847
2724
-441
-2843
-1219
-3106
2870
-1032
-2113
2376
3980
2008
-261
1139
-2861
-3570
-1319
1623
-2755
-2269
4
106
4060
-2732
-4279
-1556
3019
-2861
3723
1975
774
2453
-1004
-2260
2517
-3098
2123
-4235
1426
1689
616
3518
-4276
401
-4278
-4545
-3060
-1844
4861
-4286
-1708
4317
4051
2161
313
2244
-2879
1066
-265
2055
-3683
-4708
3766
4515
4004
-4870
1275
3162
-4013
-115
3687
920
-4503
2483
886
1224
2875
-1309
4625
-4922
2159
-3749
-2056
-1181
2672
-997
1005
1619
4919
-4744
-1299
883
1942
-124
1175
-1952
-1638
3255
-2707
-1785
-4797
546
-4544
4065
1278
-4569
-4426
4863
-2916
4453
3500
3426
403
-1824
-1946
3834
1074
-1408
235
-2710
1489
-3833
358
-2604
-1893
-569
4039
-2988
4602
115
-2966
-350
2256
-2221
-2186
-115
-1520
-3933
-2670
-4661
-170
1464
-4680
-4874
-1447
539
-1277
-4515
1570
-3085
597
-3782
-580
-1128
3936
1926
-1259
1347
4579
-2428
1637
551
-3080
3959
-2262
1110
2773
4797
-2103
-3931
-2328
-1053
-3864
1531
-633
1915
-2235
214
346
3612
-4687
-590
991
4625
3763
1783
2173
-1558
-1740
-2580
4344
3439
-4000
1718
-4488
4879
-2950
1785
2241
2024
3108
2696
-4968
-1456
-207
2556
1332
1102
1523
1634
-2548
-1032
-3091
3209
-3338
-4053
3735
2496
3244
-717
-3166
-2118
182
2649
-3052
-1701
-2714
204
2146
4588
2245
-882
3686
-1776
-225
-2019
3848
-1725
-3432
-1707
-3696
-127
-59
1827
2846
4305
-2992
-2355
975
3555
4690
-2769
2462
1754
-106
1419
-3483
1666
1196
2270
-3865
3916
999
-1297
-2223
-870
-2168
2444
-2532
-702
-2897
-4741
4039
4555
-2704
-1372
2198
2011
800
-1920
2952
-3918
1126
1361
1627
-2522
-2677
-219
2175
-4833
496
3099
4875
1918
44
2276
3544
4586
-4379
-3535
2018
4310
-479
-617
-805
-458
4231
-980
560
489
-1628
-2654
1681
2812
-2275
-2900
-272
2074
-2971
1402
852
3426
2560
2082
2670
2373
482
2559
-3939
2805
-3354
457
4386
4883
-3166
-4753
580
2409
-3164
-3952
4173
1833
1377
371
3776
3593
4171
-4289
-3187
1390
3902
3267
-4231
-3145
4250
114
1565
-4608
2811
-3206
-793
-193
3743
-1875
-4316
2019
660
-2409
-758
2272
557
1556
-2059
-1471
2116
-4812
4157
4452
-3033
-1691
-980
4572
-144
3311
371
-4971
-701
571
723
-2722
613
2131
-3971
-2732
-1632
312
-1465
12
967
4565
-1576
-2748
-3603
-4689
-4843
332
-2108
-2039
-913
3931
1903
4025
-2771
4371
-219
485
-3462
-2972
-92
1800
4705
1955
35
-4974
-2427
-4101
3841
-2110
-657
-4822
3032
3139
2892
607
3512
2620
-511
1302
-3279
-3673
-445
2185
2181
-3015
-48
2210
4216
-1936
-97
-3131
-2172
-4155
4895
-3369
2340
-4694
-2091
-631
-65
-1461
-2507
4306
677
2989
840
-1208
-4845
-4232
4391
504
-4150
4692
-4664
-3831
3398
-3916
3427
752
-1609
-1653
4136
-4490
-3922
2719
2985
1663
-294
2502
2941
-4947
-893
4332
-704
4200
1841
-2511
1034
4726
-1649
4672
-4765
3776
2309
4347
-4757
3768
3161
-3811
4396
2610
-3729
1942
-2912
1129
-798
-2378
428
3858
4999
197
3694
-3415
1941
3531
-3478
2142
1418
-3591
-845
3930
-1585
4561
-2112
4108
-1122
-2582
-1749
-802
4211
-2942
-1516
-307
2487
3650
-1676
1832
2516
-2246
-1253
-157
3818
1040
4592
4342
2746
1744
-1976
4428
1354
2894
1902
-3042
690
-247
247
2113
-2170
370
4892
1976
4868
4584
21
-646
122
3697
-2668
-3613
3821
4838
-870
2982
-432
-2046
-2720
714
3179
-4273
3114
-1820
-1720
992
-4362
1979
-1081
-1855
-3417
1023
1840
1984
-3122
4967
-3366
-3673
-1511
293
4671
-464
-445
1348
-3643
1966
-4129
-1323
-3666
-1636
-3684
2923
3907
2713
2729
-151
-1946
2780
3023
1481
-3520
3370
2824
-2128
-4886
1897
-4305
-1877
-3420
-4298
211
-3522
4794
-3796
3903
-3473
-2699
-1562
-3665
3169
951
-904
-3707
3678
-4285
-512
2424
3328
36
-1766
-854
-729
-3142
-2978
2688
999
-2947
838
-344
-3018
1283
-3486
-3805
813
-1666
1649
3844
-2864
2177
-590
3314
1292
-4689
1551
166
3994
-1422
-3603
1218
-3818
-2621
-22
-2614
963
2154
4541
4034
-4064
2
4822
3555
560
4234
-3062
-1268
-1327
4409
-4609
4011
4636
1297
-4861
3967
-1412
-1624
-2116
431
1938
514
-1938
-4906
-254
4114
-562
49
-3363
2790
2445
243
572
4826
2991
-1092
3233
-4098
2881
1725
1345
-3575
3739
2006
-937
1539
-976
-3499
-1052
-4968
1626
3793
-4702
1779
-2747
-856
3273
-2372
3628
-3546
2668
-2554
2609
2176
3340
3284
4417
-2275
-3242
-1433
4801
3207
4682
121
-4642
1187
-3177
4977
-4788
-2888
-3498
-47
12
3040
3329
-4006
1974
3389
3807
-4690
-1125
3072
1412
1099
1738
-569
4726
996
3402
-1457
-2312
1788
4638
-214
-1117
-2305
1668
579
2802
2364
-1938
1735
2938
2457
585
3556
4309
-277
-2667
-2382
1647
1375
2731
437
1011
4431
4138
-1104
-4893
751
-4743
-1415
2328
-2237
2193
-1619
-2878
3328
-4837
3326
4597
-4687
-3330
-441
2880
1289
-3949
-1212
3877
1649
2968
1419
1465
3571
-2144
3092
-1514
3661
129
-124
-4497
-4559
-2711
4059
1556
1615
-2156
-4343
2270
2137
-4012
4291
-2264
2046
-491
398
1914
2547
-4807
1591
3233
3760
4593
2374
-1220
-4778
4889
-505
1863
544
-2578
-2010
-3227
2883
-524
-2938
-2496
-3004
-3706
-4364
-3672
-1328
-1331
3947
3540
2967
194
3648
162
-4392
-3581
1343
-2320
3759
-3036
420
4994
298
4005
-1235
503
2800
-3292
3948
3492
-2156
-1970
-1258
4940
3992
-2180
3386
2626
-3400
-597
-4899
1187
-2354
-3689
-1734
-1252
350
-2224
-4893
2783
-150
879
-2416
4247
-3171
-4844
4101
2884
-119
-4167
3072
-248
-2318
930
1921
-922
4379
-538
-2886
-4218
-946
4649
-417
915
-2980
-4569
2205
2888
-463
-4184
3889
1880
4524
2749
962
-3297
-1113
2677
-3906
1921
-3221
-277
-275
4641
3733
-2297
-1926
-453
4254
3921
4425
1409
-607
417
-2317
-4206
464
-2257
2086
-2008
2066
3308
-2627
2770
-995
1689
14
2035
-1253
-4973
-2640
2474
-2088
3992
1940
-1522
-2742
-1269
2675
-26
-2343
-2798
3155
1600
-4497
-4561
-3059
1163
4417
-3933
-2364
-471
-4165
-3228
2404
-3622
-4747
819
-2722
-1364
2993
4630
1093
-550
-669
-966
-3004
3153
-2358
1678
2544
203
-4221
-1586
-3401
-3456
-3997
2885
-3291
2498
-2425
-1573
646
-4331
-3232
1480
1308
1236
750
-45
3054
4058
-2499
3990
-610
-3154
3972
171
2861
-2979
-4002
-3737
369
3891
2739
4336
2971
-259
3957
1049
1184
-3964
-1326
2942
4566
4261
4501
-4818
-1854
-4442
-410
-3508
-1227
810
-3777
1009
-3253
3306
-3820
1820
3465
741
-679
-2283
194
3393
-3742
-3005
-1952
2942
-2606
3090
1130
-710
1697
2149
960
-1437
4167
1322
-153
4842
549
-3218
3636
151
-3457
2790
-1530
2990
2165
-1163
-3111
175
-941
2824
2096
182
-3455
-4683
1867
2576
135
4053
4365
3681
455
-3079
3330
-4429
-2920
-2752
4772
-2911
140
4634
658
1007
954
-4733
-2948
390
1229
3634
-2309
-79
3012
-4071
3547
3851
4407
-364
3517
-892
-2333
786
-4519
2998
-428
-4133
-2568
-3710
4853
311
-2052
2568
-2721
-889
3580
4077
2742
4002
-3090
1808
4501
95
2429
-4309
916
4500
-1760
3634
3677
618
-1533
-1462
2616
3544
-1039
2431
2359
-770
3970
-3875
-2405
-1922
-837
-4154
-4250
-3448
4826
4125
-1982
2695
-2979
2631
523
-4713
278
3397
-2939
1355
2821
-574
-1550
999
-1932
926
191
675
-3266
-1572
1503
-107
2401
-114
-4201
-2090
3816
-416
-3836
2153
1108
1408
3312
-3828
73
4196
583
4406
-4912
-4173
100
-1179
-135
-3716
4033
3912
1945
3813
1407
1361
-1108
718
-3311
1246
2076
3089
2977
4570
-1624
2236
-2136
-3194
-4333
-913
-176
-48
2996
389
-1527
-3462
2832
-2417
3439
2886
-4724
3473
-2307
-881
-1455
-1266
-658
1822
-486
-4057
-3339
-2236
3902
1278
-115
-3877
2142
2194
4310
3465
3291
-1704
2712
2850
3805
-2762
2708
748
1516
502
4949
3699
-4366
-408
-4302
-4815
-1389
1090
2953
-3356
-715
1824
3316
445
1651
2360
3615
-3498
2257
2284
-3372
422
4390
810
-430
-3267
-817
4707
-3738
1849
-352
4713
731
-988
-4366
-1140
-2619
4139
-3559
-2814
-2103
-4880
-4624
3946
-4133
673
-464
-1773
4104
2584
-3347
-3499
-1490
1990
3921
-1595
-2152
4872
1439
3914
-2598
1468
-4363
138
1436
-3357
-77
-114
-3343
-3975
2927
3844
-875
1538
-1395
-1166
3023
-4207
3814
-2796
4024
2435
4271
-3117
238
165
-2026
2147
-1601
-2562
3012
-4650
3851
1679
-3721
-3748
-121
-2722
2446
-2700
4677
4989
-1671
1972
2006
-2721
3350
-198
-804
-222
405
1788
3725
-3762
590
-106
-1946
-1938
-4196
-4329
3136
-2969
-4128
4476
-3190
3284
-3124
1269
-1148
-1037
-1700
-186
-4642
34
4654
4026
-2382
-3170
-1379
-2821
-3587
-4161
2925
-1955
-2777
-769
-2543
-3215
4217
-761
-3790
4730
268
-1693
-4550
3061
-4981
-902
1698
-2539
-3145
-1464
2706
-464
-1829
-68
-4070
-4296
-4475
-2440
2005
1804
2149
-4240
-569
1780
-1528
-3026
-1262
2976
186
3506
-66
4146
-2066
-635
-3707
2717
-332
-238
-2158
-2328
-4690
2681
648
-1651
3706
786
744
2877
-3924
-1920
2581
-4809
-1718
1955
-943
4653
-4144
2793
2362
-3504
-982
-4360
174
3623
1162
3765
-285
-526
3449
2985
2494
2777
-4649
1252
-2193
1820
1615
4732
2766
36
4440
1627
-4791
4599
-4576
4493
-4131
-4432
1627
4547
3787
-2509
3785
2324
1291
-4497
-1366
-4618
-4050
3397
1981
1250
-473
-211
-205
-1346
2564
-3682
3719
3570
806
498
-1225
4339
4111
3230
3047
-2257
311
-1631
2269
3085
-4826
1616
-3556
85
-4832
4544
-2705
-4666
3670
4088
-3990
1485
-4280
3668
-155
2174
-2877
402
2885
-4140
-3887
714
3034
-156
-2634
4874
2130
-3763
-695
-3365
1943
-4955
-2591
-2755
3889
1782
4040
-3543
-2187
-1969
2926
-1437
-2047
-4509
-3604
-1988
2025
-692
423
3745
2644
-2626
4170
-1253
-554
-1908
4814
-2530
-3982
-3808
4084
-3159
-4533
1176
-3941
-3880
431
3236
2970
-2944
-1062
927
-4087
3976
1777
1094
979
-965
3550
-1662
-1777
4866
-1205
3569
-4410
-3979
-2395
2524
-455
1336
-2117
2704
-3769
2970
3662
4399
-1408
1299
1167
301
344
-721
-3927
842
376
-3126
1010
3450
749
-4782
-2343
1323
-1343
-2227
-4008
-3146
521
922
-184
2775
-1181
-1979
-247
4701
3401
-1496
-1183
-3866
-1318
-982
-2695
-1183
1612
1536
-3618
-2596
4231
1984
3827
217
1277
-905
2310
-3736
-805
-2996
-4366
-1841
1722
-1631
-1197
-3661
-3090
2423
3277
-4176
-2320
-1654
-2642
-2798
-554
3090
-1810
4929
4358
2444
2953
-292
-2839
-4089
-2246
3011
492
1300
-832
-838
4448
-626
4473
-4691
-1556
-4968
-4873
1518
2629
2082
2515
4019
-2473
1018
4178
127
-733
-3094
-4317
2470
1701
4993
-296
3101
2393
330
3850
-4095
403
-2706
4047
4066
-4939
1677
1589
2592
-569
4893
3008
1749
-1435
1973
-3514
455
-2082
798
4286
3664
-3647
-4594
-2213
2989
3460
3440
-2167
384
-2542
-1030
4122
-1738
-2419
2188
4178
4136
-45
937
1890
-4711
629
-1857
1234
-536
2609
785
4013
-4324
-4205
-3963
4997
3936
-723
-1493
3991
2925
4354
3413
-1131
-2575
3315
-1178
3213
-2548
4041
635
-3789
-1348
-809
-3529
-2232
4976
-3683
-4803
-3740
4479
3950
-2347
-3362
391
-586
-1698
-1876
102
850
-1534
394
-4529
-898
1476
4477
-1646
-56
-2157
-3657
2346
-4964
2513
-3395
3297
-1353
3319
-3868
1944
-796
-859
-1137
-4554
2404
-1174
-4260
-4580
4798
-3821
-2720
1290
2266
3664
-1309
-3446
-4708
1064
-4945
-1497
-4338
2915
-2364
-871
3720
1906
2015
188
4319
3500
-3095
-4334
-1197
-4607
3575
1249
-1342
2954
3431
1290
-4658
-2128
-2128
-3756
1023
4877
-1192
2159
-1586
-2657
-3670
-1183
-4009
1238
-4014
-3599
973
-1108
400
1738
4592
1000
-4306
1730
-2206
-1988
683
4503
4202
334
496
2935
3586
-1291
-3681
227
-1871
-2946
-3558
-1643
2007
-4217
2626
4790
-1337
4065
392
1616
610
-241
4579
-908
2598
-242
598
-4097
-4615
-3801
-4481
-3501
-1941
1915
1989
-3926
4045
1584
1640
550
991
315
-4761
3906
1994
-4079
-2451
-6
-3679
238
-851
3316
-2917
2075
4352
654
-1396
2522
-1416
-820
2296
-3401
3842
2513
2129
146
3933
-1485
-1614
2092
-4051
1618
763
1937
2087
299
836
638
1289
-3095
-1623
338
-4175
2307
-621
1249
-525
3932
238
1101
-327
-3382
-3437
817
-678
1091
4786
-3462
2751
3926
3058
24
-4240
-4794
-3184
4071
-2330
-4107
-891
-3267
2024
2056
-4425
-2555
-568
-1608
-624
-4104
-39
1749
-4923
3892
301
-930
2480
2339
-1296
2340
-3795
-3023
2705
3923
-1692
386
-2024
-64
2067
21
-4028
860
3662
-96
1199
20
-1751
2713
1583
-4746
1472
-2733
-3097
-2922
-3647
-1242
1446
-2549
-1573
3450
-2954
366
-309
-3599
-1678
-2742
2931
-3403
-765
789
1084
1858
-2526
1609
3777
-3491
475
2573
2075
-734
-4665
1121
-2878
3561
-1340
1985
732
2105
2328
2778
-1936
-220
3702
1350
2042
-2071
-2754
-4905
-3045
-4773
1990
-240
3164
-3740
-1236
2616
-2475
-1647
1594
3741
-4337
-1823
510
2512
-3756
-2984
-3580
-4314
-1642
-4895
996
3246
3287
-1085
1168
4683
-2349
-2125
-4569
-2465
-1516
-4997
3495
-2315
2093
-2080
1901
383
-2276
3158
-2882
4851
3627
1219
-817
4477
-4936
-3513
-3656
-142
-877
-936
2635
1740
1958
-4712
-697
-756
4171
-366
-2316
2463
-4792
-4201
-2220
2812
3711
-1111
121
-4853
-878
-124
-1015
-2216
-755
-867
567
1441
-461
3945
-4751
1574
-3176
419
3667
3876
728
3798
-1456
4373
-3393
4275
-2316
-260
441
-2594
2069
4870
-1209
4913
-1042
267
3758
-1195
4283
1210
785
-991
-4349
2679
4076
2930
-188
-3493
-3191
3897
-1389
-2970
-385
-595
-1908
2959
1259
-374
1175
-833
3852
-2878
2072
-2577
-4363
-3571
-1699
1901
-3350
-1921
-1297
-2425
3015
2371
-1447
586
-4584
-1460
-1534
-4966
668
1591
-2045
-3788
1387
-1282
925
4438
-4939
2100
-3179
-3984
2503
-828
-4683
1763
-1104
1094
3318
-4432
1785
891
-3135
2780
-1749
4736
4362
-1220
-3752
-2375
-264
-950
2805
3544
2145
1148
-359
1640
-3906
-1868
-4577
-2358
1574
1100
4739
4425
-1863
-3797
-4035
48
1635
3712
3833
754
984
4970
286
2217
4228
-473
1754
4338
4680
-4819
4925
-1094
2376
-3789
-1459
-3744
4050
4859
4751
3705
-4458
3738
-365
-1626
1862
-617
2978
2382
1255
-839
-648
1034
3646
-3476
4836
-2987
1813
-3297
-1000
2980
1866
1620
3082
-2388
-1744
1530
1968
-343
4716
-858
-4704
-4300
-3521
-4776
-1477
4924
3812
4527
4945
-198
1581
2147
-3899
2047
-2011
2716
2950
-4017
-745
-386
2223
-1599
-3029
1318
-1138
748
-4422
-1516
-2826
4490
-218
-1263
4762
2379
-1462
-3442
1705
-2582
-3333
-1657
-2133
-1077
-4235
-3748
2062
-219
-990
4091
-2374
1809
-2916
-4881
-4324
-1129
750
-547
1984
1483
3860
-1641
3405
-4912
4944
1624
-1164
-1606
564
4714
3407
3779
-3880
769
-2333
2621
-2251
3272
2755
-799
4361
3727
-3585
-3373
-410
3518
-4686
-2472
3119
4492
3928
-832
-134
-2950
-2421
2262
3472
510
-384
-2876
-1700
4330
1682
-3474
-672
2505
3641
2390
-3915
4730
-3545
-1772
4939
2898
2234
3176
4233
4310
4210
2696
-2922
2156
2990
2906
-4523
3718
-2653
-351
-2436
-1516
-2047
1979
-3066
-4605
-1623
2311
-4007
4789
683
-2015
2864
-4768
1773
4638
-3939
-4299
-795
2225
-4313
-865
-4274
3458
-3095
2764
-3060
-3018
-3096
3489
1096
-4910
2210
2251
-1664
-1844
2523
3310
-2357
2590
-138
-581
-523
78
-1504
4146
247
4333
-3868
3320
-2021
2759
-3177
-4315
4585
161
4418
-2873
2127
-4441
-3003
4364
-2655
-1377
-141
3379
4995
4286
3009
-3888
3854
-530
1100
4086
48
-4667
-69
1666
2655
-883
-2539
3349
-2397
-678
1328
-2044
-3450
-1385
3648
415
-1865
4989
-507
2407
308
4334
-173
1548
3730
2333
146
3744
1292
-3364
-4773
4711
-1581
-4047
4557
864
-2987
2961
3958
-883
-2849
4938
-1274
-863
1582
-4490
2894
-2600
1235
388
2949
2772
-4886
-2715
1961
-3859
-2394
-3667
1480
-3371
-3080
-4886
-2696
3177
1873
2542
1797
4789
274
-3518
837
-4899
-2787
2752
-685
1772
866
754
4764
-3883
1103
4695
-4371
-376
-811
1607
-4329
-2050
2772
1550
-1035
-687
4644
3506
4753
364
-272
-2935
1083
2622
-1312
-432
-3691
-1188
-4158
2287
-419
-2463
-1855
3715
3006
848
-1800
-3906
3449
2614
3471
-704
-2178
-4874
2671
-380
3457
1188
-625
-981
19
2224
-3209
-3758
-3632
4482
3852
1957
-1826
2104
-474
-1836
-4312
-3056
-1635
-668
641
4629
1554
800
3566
1920
4782
2111
3475
-1656
177
-4589
-3143
-4372
644
2368
1983
2398
-3476
3744
-1283
4860
733
4814
2795
3075
-591
-3088
1456
3090
3823
1479
3910
-983
-3835
-194
-279
-4324
1492
-3898
-1429
-4453
-3200
687
-1955
1160
3710
3095
-1627
3446
-1015
-2934
3876
3001
2944
2533
-239
-3211
-4088
4585
1905
711
-1176
1950
4090
-2987
-2004
632
2062
-1130
814
-2168
3255
1149
2223
2901
-2014
-1862
3231
1273
639
573
2208
3333
-1791
2033
-1869
501
3070
2369
696
4261
-4911
2949
2760
-1240
-4220
-3713
2180
-1550
-3179
4306
-2536
1569
-2191
4384
-1224
2429
-669
-2859
3653
-602
-1103
4900
3803
4976
-3376
-2484
-1518
-420
-3181
-1579
-3340
-4198
-2075
4103
244
-1817
3411
-4867
-4941
991
-2724
-4712
1755
-1362
-2248
-525
-178
459
1255
-3489
-3349
2814
3708
1667
149
-81
4424
3093
836
712
-2088
3738
-2155
-4261
-514
-3798
-3536
2957
92
1416
3402
4342
-3051
2931
-2468
-2817
1661
1819
-3782
-2867
214
1067
-4438
-4209
218
37
271
-4382
2213
3648
-78
-1039
4100
-737
3335
-4265
4807
2576
3530
-2609
4028
-94
-2199
3419
887
3686
-206
3194
-2438
-1926
1835
4009
2803
-1924
-3228
1897
-4907
-1107
4866
-3674
4454
-155
667
396
1897
83
-3339
986
3713
-2128
-1903
2979
1266
2845
-4836
-912
-4176
4158
1691
3446
3156
4123
-2569
-2101
-1093
917
1272
-14
-4490
-289
-369
356
-1156
-660
1936
-1513
2862
3426
3214
1150
2949
3413
-1141
-3759
3739
4813
1778
-3554
536
4042
-4315
2355
-100
-684
-2543
3102
-4547
-4096
-3543
-2287
-1269
1696
-2381
-2934
-516
3081
-1274
-3356
175
3988
763
-2955
4860
-3344
-1947
3833
4821
-4060
3730
1297
-1829
4288
-1117
-3423
-603
3707
880
-927
-4719
2322
-1055
-1371
1030
-3282
-4511
823
1188
2122
-2500
-1256
-4072
65
4038
2434
-2320
125
-4670
3090
4551
-3807
832
3531
2089
3009
4812
-133
1817
2219
-1044
3647
-4301
-4268
-2825
1406
4611
1957
3577
-3074
-164
-1977
2174
-4648
2291
2988
2394
-4631
3622
-2091
-1831
-1057
3716
4765
2262
-3814
4371
220
-730
4145
-4336
299
4329
3599
-4843
4072
4710
405
-731
3581
1215
1903
-2263
-974
-1525
-4559
3399
-4901
-1138
102
-2687
4555
-1621
-2940
-3249
-2584
-2409
3641
1476
2701
-551
3840
926
-569
-1033
-1777
28
3079
-1503
-3387
-879
2074
1998
-4085
3865
-4897
4400
-2489
-89
3744
-4976
-4333
223
-2312
275
4154
4126
4010
50
3097
4016
1519
1457
1024
3466
-4982
-4617
3247
551
-4694
-1395
2656
-2360
1888
3359
368
-954
-254
-2827
1314
2158
3591
949
3447
1395
4084
2276
4565
4640
658
-4266
-390
-4357
-1498
-1272
1831
1897
-4977
-4529
3955
-3854
3337
-895
-3563
-1302
-3763
3908
-4920
-2900
515
3999
4883
3049
-207
2789
-1419
-3442
-284
791
-4420
-1892
1015
-1126
-2636
-4612
-784
-3905
1718
2029
785
4270
3612
-4618
2215
-1344
-412
761
-2517
-818
-2854
-264
1148
-908
-4057
-437
-3373
1849
-3739
431
3624
-1775
-586
1877
1370
-2059
-1567
4832
2723
1406
3443
4684
1466
3547
1627
-3511
3699
705
4681
4781
-2652
-1226
277
-3158
-748
1531
-2693
-263
3196
3414
4694
3578
3092
-4627
-2540
4356
-358
-1952
655
482
-4974
508
3163
-1708
3966
2728
4656
3914
3657
716
4219
-1795
-4603
4384
852
-1220
3742
-2899
-192
-66
-2581
3256
-3620
4715
-3123
2815
-3176
1953
2808
-4720
-137
-1673
-3900
3557
-1506
-3885
-415
-1935
-495
2435
-3902
2104
3109
-1992
-3531
-2224
4472
-1328
-3388
-4549
1969
-4658
1859
4043
-724
1456
4736
-1227
-1615
4633
2709
-4955
1227
-3133
-494
850
-960
-3718
3221
-3488
-4510
-3535
3575
263
3012
3778
2247
-1074
-1023
-4674
2730
-1771
-2843
4449
-2000
4280
-3935
1637
66
-2557
2192
3765
3995
2275
-1026
4700
167
121
4462
-1248
-4455
3522
-1846
727
-750
2286
-2164
1382
-214
3765
338
509
-1385
-3592
2744
3410
-3223
4968
-26
4149
-3362
-2609
-1255
612
-3210
1699
3662
1828
399
1033
2014
4917
1111
467
2453
-2437
-3068
4145
84
-3407
3644
-10
-1969
3180
-2893
-1312
-2788
-3882
3409
-1630
1455
-3622
-3992
-1034
-3664
-1570
-4356
2131
1571
-1639
-1232
-3129
-3179
-2030
2670
-4880
523
-4757
-4031
-2700
2735
3905
-2649
-1173
1668
1700
-3261
-4830
4598
3711
2849
1058
2658
1453
-2152
2554
1507
-4006
4559
-67
-2
-414
-3236
3600
4884
4775
-169
2890
-204
-1941
-1889
2485
1453
4391
2467
2181
-4442
-1532
3030
-2390
-1388
2567
-2546
-71
3529
787
4863
1345
-1279
952
3140
6
-4912
-198
4261
-2263
1023
1250
4034
-262
2614
2047
-866
151
3019
3293
1858
3468
3143
1351
1446
1498
-3385
-526
-3239
-390
1112
-326
1731
2087
3062
4677
2934
-4850
-183
1455
96
3996
-4872
-1170
1483
-4725
358
570
189
303
-3726
-3765
2811
-2482
-783
-875
3395
613
-1330
-2860
-3377
-1691
1228
-676
-1458
4934
2305
1988
4245
-298
1613
-14
-3012
-4658
-2173
3601
-4836
3258
1893
-364
-3040
-2402
4891
2603
-4497
-4014
-629
2071
2760
3629
4337
-824
3692
4664
-1240
-1652
-1566
-270
-2717
3897
-3080
-4168
715
-4812
-2935
1455
4016
4193
2298
-3838
-676
-4901
3225
-1526
4692
-3766
2413
-4897
-2811
-2304
-960
850
-3597
4418
-607
-2839
1951
-4946
1613
-3928
1386
1750
4572
-2484
342
-3142
-1221
-3319
3260
414
-1794
4089
-1998
-2453
536
-1599
-666
-3470
-1283
4519
4913
911
1161
-4645
-2546
-2446
1130
3351
-4217
3434
2216
-2310
2432
-4994
-2500
1723
453
-3136
-2569
-3393
2495
788
4596
4869
1498
-1314
-4075
2385
-4085
-4288
-1259
2374
557
2451
1248
2920
-4402
309
-3402
-2229
4457
-3535
-1386
-4960
-701
2750
471
-3623
-1149
2694
-1250
3216
-4322
-2488
4251
3471
-3966
-2113
-2963
1357
4121
2767
933
3044
-4192
3769
-2845
2015
4368
-359
-361
380
4551
4957
-535
4292
-2418
-2382
2992
577
-2821
-4419
-4230
-245
-1756
4718
2631
3917
963
-3367
-1073
-3006
-2257
4129
972
-3275
993
4838
3461
-2890
3146
-3861
-2799
-4141
2092
1940
3045
-1354
885
2162
1327
3931
-4733
3121
-3224
4290
2140
2269
1671
-1478
915
1339
-208
-783
-4093
2080
-429
-3663
-3819
1547
-1970
1265
-437
-353
-2159
-1888
1715
767
2389
-2171
4286
586
-4548
-4239
-1199
2519
4178
-3346
-4229
-2066
3274
298
915
155
-4934
-3421
-4523
230
3955
-4628
-4293
-4365
4616
-3407
3232
4446
1788
4982
-1640
-2925
-1399
2131
-2588
1208
-3681
2536
4174
3595
-4696
4824
1317
-1112
-550
-1921
-2035
-3171
-2385
-4384
1880
1070
353
-4462
-4675
4502
3120
4884
-2864
246
3723
1598
-3172
2614
4188
-3983
4539
-2285
3833
4567
-1720
-307
-3278
1804
-3345
1641
4030
-2361
-4611
-853
4898
-2252
3487
1710
3352
4818
4317
4004
240
1078
-1064
-3434
3806
3418
-2691
2256
-4381
2459
-2864
456
1450
-1570
-2319
954
1214
-882
-4007
3248
-3510
-4672
2432
-2558
398
667
3915
-4214
-4567
-3754
-2506
-3430
-3719
3938
3494
1290
-2846
-4056
-3204
-4833
3145
-1826
-4619
-2314
1355
3265
4729
-621
-1141
-1911
-3243
-661
-2526
-4934
593
-1187
-1336
1327
-1761
3490
4876
-4344
-1164
-2967
-4665
-1108
-4814
1800
-2285
-416
-1792
3537
-3887
156
-1364
4209
2613
-1296
-1421
-2006
4284
-1644
2692
4775
-1956
-3255
1639
1542
985
1048
283
-4902
-3026
-617
-4492
-4781
3742
3743
-917
208
1191
-4460
4540
4372
1892
-56
4870
-1557
1574
4523
-2073
1737
299
-2202
2565
1084
-372
-4163
-1252
-4721
-2568
-2248
-1097
1297
-4455
950
-4292
4029
-641
-3429
3895
3087
-3745
-383
2335
-1401
1520
-1669
505
4405
-2643
4817
3454
-4362
317
-1016
2359
512
3638
1228
-3523
-1059
-670
1070
1065
-684
1483
-2386
-2675
1864
-4405
-3319
-3930
2274
3096
682
-1488
-3150
-3853
-258
-1397
1763
-2342
3986
-3362
3962
4294
-3681
3116
3125
916
1905
-4091
-1308
-4752
1134
-3901
4319
3595
-4684
-3323
1530
1731
-3417
-2328
-3792
-4658
-4411
-4843
-1854
-4943
3425
-226
63
-2462
-656
-3879
-1594
-2324
-3080
-4588
-108
2549
4893
1951
-1644
-1703
2374
-3814
2150
-2442
-2656
974
3480
-1515
-695
354
-875
-3597
-3782
3612
3489
499
-879
-1811
-2725
-4083
1478
672
3412
4924
2864
-230
2701
-11
4907
-2290
-1482
2403
3448
2492
4758
2613
359
4805
4277
469
4501
670
4911
-180
-2985
-2946
226
-4590
-3441
1162
-801
-133
1932
-4891
1978
3376
378
-196
-1598
4812
4704
984
-3267
1048
4161
3079
-2000
2852
3237
1181
1637
-3540
3774
4748
-4199
-1028
4790
-4995
2031
-454
2632
-1227
2245
-963
4634
-4098
4644
-388
3102
1030
2856
-3276
1409
-4734
-1534
204
246
-2785
1698
-4657
-1954
677
-1106
-2675
4042
1739
4809
-3918
-1329
1802
-1408
-3167
-2022
4441
4090
-3150
-3130
3060
-1508
-2528
-2250
4521
-1085
-1128
-4534
-1859
-2678
-104
3546
-3682
1369
1050
288
-98
-903
-4454
385
2039
230
2186
-1813
1979
-3960
-4852
-4986
3391
-1157
2410
1550
4114
1431
3878
2443
4306
1654
-3436
-4096
2309
-91
373
938
-4243
3990
1809
-4848
3174
2039
-4601
580
4621
3083
4798
-4314
1639
4548
-4998
-1632
729
-1858
-4160
4804
-4698
4482
-1213
3275
-4236
2815
-3577
2276
1065
-3589
-3211
-4379
2207
3062
-1145
750
1896
-752
-2557
1763
1995
-672
1445
1374
-2401
312
3057
1052
-4534
4066
-2410
-3299
2622
-3483
4243
540
-3951
-4767
-4850
-575
4500
-4340
-3919
2750
2621
-186
4811
-387
1414
-3850
3923
1357
-2590
-4288
3767
-2691
-1398
-1175
-3690
2688
-3202
-2344
-2103
19
-4359
821
3116
2981
-3369
2093
-2769
197
566
1376
-3506
-3885
-2501
2457
3043
3021
2346
-3593
-4326
3593
-1002
896
-923
4207
-827
-3161
3898
-2094
4333
1589
2995
-584
2749
-632
507
4462
-3369
3865
-1547
-1284
-1646
-2939
-3462
3107
1104
4919
4926
4040
2237
-4824
843
587
-1051
-3907
3925
934
37
-60
3483
2146
4554
-3486
-4709
3929
-1500
194
4438
4856
496
310
2687
-630
2994
3469
-1563
-165
-315
2890
3172
471
2555
-3712
-376
2358
-3050
3829
-1719
-3224
-4737
-1802
-528
-707
-2682
-595
-1383
-548
4907
1248
-1142
-861
-4313
-2233
3354
2993
2334
-3225
2452
2917
-3722
-548
388
3190
-2135
-244
-4653
-4433
47
1988
2184
2776
2315
612
-4200
-3372
-27
-2775
-429
3182
-2000
-811
2058
4135
4200
-1925
-3834
2542
3465
4579
-4300
3086
-2682
-3962
2903
-134
-2648
1631
3655
488
-3437
4972
-2206
-4323
-1594
-1922
4495
189
-4962
-229
871
-1252
2389
381
-2871
4363
3352
4765
-3089
1279
2940
-4238
4435
-245
-1240
1408
2242
-2306
-232
1742
-1807
-4441
-398
1523
3585
970
433
1724
588
3595
-1357
-3825
-4719
-4939
2064
-621
1667
929
1797
4174
4252
2988
480
-1797
-2647
-29
-168
-3816
-3438
-1895
2257
-3730
-1185
-3571
-3093
309
4037
3243
-756
-1010
-80
-2959
-4463
-4120
2614
-944
-3275
4238
-3333
3306
-556
2721
-2793
2020
-25
-1737
-3553
2697
-2253
-18
-424
2004
4516
4945
1721
4239
-596
-1077
1949
3543
2852
4297
-4646
-2523
-473
759
3284
-4179
-4460
4068
3067
-2872
-1210
-305
4149
-304
2260
-650
-1966
-3780
3571
4282
-3596
4215
-557
-2441
-4626
-2608
1260
1580
3009
2388
1091
3125
-3087
-1742
-3516
2804
-62
-2873
3409
-4056
3534
-4014
-1670
-2940
2796
-1729
4123
-2406
-4329
-400
4827
-1874
3198
-88
95
700
-3758
1299
-4735
1715
-1188
-4777
4630
-4714
2377
2666
-249
-283
-4633
-362
637
49
3760
2863
2053
2853
2134
-1053
-3255
1339
154
-4257
927
-3915
1108
-283
-4955
-670
2500
-138
-612
4427
-924
4756
1960
-3593
-1779
-3520
-4760
3901
383
-3671
3564
4754
-1392
-770
-4979
-585
-2287
2785
2943
1168
798
-4467
-3809
1159
76
-157
-1542
-1027
-2061
79
2159
-831
470
3881
339
1752
1615
-2295
-2897
3120
-55
971
4003
-1051
4538
-2951
4556
-565
2068
1358
1030
4114
-1269
-1065
3968
1947
2225
3723
1842
2476
354
319
-3684
-1996
1536
-695
195
-650
68
4778
-1954
451
-4950
-1436
2006
3155
1030
3322
4965
-1273
1438
-4237
4610
236
4022
-947
-548
803
4269
2812
-617
2088
-3620
-4031
-4819
4718
4277
-4452
2410
1864
-396
-2384
1166
2938
-2175
-135
1448
-4644
2564
-1113
-4907
-1234
-390
2498
-1316
-1293
-966
68
1975
2390
1881
-663
-2375
-2906
4592
-1944
221
-4508
2473
-2957
2973
3429
-640
2686
4372
-628
-4034
4097
-1574
4491
-2353
4120
-446
956
4943
-849
-3245
4732
-2040
2528
4949
3091
-3374
-705
152
-284
1209
156
-2841
30
-4937
-4069
-1029
4150
-903
-4862
3501
-4389
86
-2603
-4587
1530
-755
-1607
1481
-1257
3588
211
2533
-2323
-1066
-3447
-2513
-2451
1575
1756
1997
4401
1334
-3450
3564
1316
-938
-2188
4592
-1066
-3096
1188
2241
3721
-3264
4116
-4596
911
1637
3223
-4698
294
3378
708
-995
3017
3954
3152
824
2504
-4198
-3841
-2199
2885
2255
1548
2026
4095
-2424
-1000
-2807
437
-271
-4564
1686
-4282
-3316
3905
2267
867
2273
-3188
3130
-2230
-425
-3206
1339
960
-951
-1797
-2216
567
4604
4438
2442
-2036
-1027
3137
-1793
-3012
-3806
3556
1477
4292
-3573
2218
-4301
4434
-1064
-3304
-1402
-4782
4064
-3877
829
1651
2455
-688
-3053
-1967
-558
-72
4390
2657
241
1034
-4183
-3401
-2720
-2155
530
-1170
1796
-4174
-473
-116
399
3502
3030
-2718
2203
4822
-1746
-4616
-2135
-4206
2007
4499
4078
756
2597
-1228
-4447
1714
2836
-1945
4291
-506
-3288
-1175
683
3972
-3946
2398
-1811
3978
-3780
-1254
-2376
-4373
-1493
4395
-3466
-3221
4438
-1965
-1362
-2302
-3231
949
2268
-3477
1044
-4343
3129
3290
-4532
1973
-3784
-2304
-1657
1570
3662
4067
2318
4675
-4790
880
-3653
3878
1099
4493
-2683
-1808
-3952
2921
4504
-2982
338
-1950
2105
-3005
3080
-73
-2768
1873
3069
3267
1146
2942
-3338
-4070
1854
1708
987
1175
4116
4332
1830
-1794
-2197
3711
-4887
3761
-3617
-2164
-1980
3772
-4110
1485
-3844
-1073
2145
1641
-669
-3148
4832
-2165
2072
4916
-39
-3742
4521
3019
3498
-4764
2988
168
-2076
-2416
-366
1500
-4811
-2955
1612
579
4911
-1334
2459
2601
-4743
1986
-3677
-4825
-1488
491
1401
1107
265
-4945
-2862
-3789
-445
495
307
642
4251
827
-4694
3547
-437
-2651
2951
1957
112
-1797
-1563
-2082
40
430
-3469
3689
245
4510
-2804
-1668
-658
2713
-1863
1779
3910
4207
-2600
-86
3996
3486
3096
-1125
-3942
4262
2958
1233
-422
-1793
-4469
-3731
-4705
3117
938
4945
-3669
4890
-1377
-3328
2470
2840
444
2074
2504
1897
-4086
-4355
1586
3449
1957
-2089
614
727
-419
-4428
-552
2958
-2894
-4151
-1878
3764
-426
4777
1763
-2186
3740
953
-1059
4997
-4906
4361
4788
4293
3639
-3492
2593
-316
3203
2604
530
-4519
-736
1717
-2654
3942
3366
1754
-4269
2302
2053
-1068
-2835
3094
1125
-2136
-2870
3191
663
3457
4504
-2815
-3052
2238
-1630
197
-1751
4663
4774
298
2852
3969
-3428
-3351
-2369
1441
884
920
444
1519
2676
-3766
3781
-2806
-172
2538
1019
4190
1171
-3236
-1603
1914
-1480
-638
-3727
1406
-4456
4820
2501
-2225
-2088
3346
-1200
-3770
917
4891
1854
4870
-1677
871
2600
2026
2708
3279
-932
-3320
-3400
-2892
1629
-744
3382
1244
-184
-1953
-2695
2560
4110
1349
-697
-3597
-4815
2738
-357
-2363
3814
-3438
4252
3623
4604
-3605
-1013
3287
3482
3183
1396
-2473
-3040
-3650
565
-3354
1306
4111
4437
2455
-4607
-3693
928
573
4357
1719
-2600
-1246
-509
-2195
-4411
-4105
-2784
-1353
-365
-3809
1792
3350
-4659
2320
2515
1547
-1727
4845
4068
-2236
-2654
-2989
-3475
4185
539
4486
296
-822
-3574
198
2351
-1578
-2251
879
-1442
4319
2042
2299
-3553
-1845
143
-824
2146
-4423
2210
3966
3201
2944
-1760
-4870
-3754
-2195
-3291
-4670
-2437
-163
4030
-4465
-1223
2775
-2294
-1430
2941
40
-4275
-2698
747
-4572
-4245
-2892
-4060
-2665
4177
-1837
-2039
-3156
4325
-1496
-125
2936
21
4032
-535
-1611
2894
-1204
681
635
3526
-1695
2305
-2595
-1855
-1244
4257
2067
3981
-2248
4261
1878
1800
-3395
-745
-238
560
4052
-3500
1494
1431
1929
-977
-3150
-2023
-3011
3873
405
-448
28
-1170
-2415
-1389
-3809
-1294
-16
-3413
4078
-3850
-717
1028
-873
-1279
-1785
4182
-2610
-4524
-2505
-540
994
2374
-4041
888
4259
3148
-248
3847
4917
259
1625
-2265
4681
3971
-1700
-2243
594
3714
802
2640
-1468
3631
-1283
-4228
1754
726
4410
3455
-5
-1277
3560
-482
673
-66
-3027
4602
-4783
253
2079
-3810
-472
-285
-234
-2939
2341
-1178
4876
3847
-2530
1748
3879
-997
-1413
2155
-3742
-4529
-3600
-4954
-4674
4777
-4582
2458
1801
4703
-3944
-1450
3861
956
-4898
2757
-621
-2436
-2398
916
-1671
3694
1884
-4718
1230
-43
3403
2665
4473
-3009
756
-4987
-680
821
-463
886
833
-3005
-4871
-1910
-1863
3765
-328
2881
-1343
4101
4795
-2854
-2393
2368
2955
999
442
-64
762
-621
-4620
2554
1335
298
-4329
1729
465
-1052
-4207
-1693
-694
-2993
-3544
3111
-2420
-4857
-2492
2778
2331
-136
-4012
-2400
4800
1199
-1938
-4780
113
3612
-1697
2835
1356
3843
1857
-2598
-1664
-1842
-4085
-3771
-453
1416
-1531
2560
-4882
2595
-881
-58
-3316
-3723
475
3901
-2722
4566
-1956
-2732
59
1359
2672
2826
3035
2437
-4284
1068
-765
1549
-382
-3677
-4945
-4261
3652
2333
207
-2239
3447
4752
-32
-595
1603
-3542
-3023
4774
806
956
741
180
-2601
475
-1683
496
-2626
3022
-4797
-4046
4937
3762
-4376
-2407
1752
-4421
-4986
3941
-3891
-2966
1094
1649
-3149
-287
3617
3254
-321
2343
-335
-296
-4021
811
4083
3606
2265
-2463
-456
-459
4984
-2121
100
-490
-4836
2336
-4026
2319
-1111
-654
1677
-3753
-2320
1145
-4791
-4755
-1182
-1965
3326
-23
-3767
-3798
-1757
4785
-1804
279
-2958
-4476
1600
1348
4616
-1142
773
-2959
2313
-406
4553
-1408
-980
3163
-3896
4668
-1354
4533
750
-2418
-2868
1660
4825
-566
-2379
1365
1136
-4051
1876
-797
-1687
3547
4645
-1564
-4397
4454
3301
-4611
-2850
2740
3074
4961
1894
-2126
-3548
-4657
1536
-2709
419
-2413
2263
634
-2562
3313
-348
4564
714
-4045
-121
1767
-2577
-2254
-1118
60
4866
1003
-1872
1218
3430
1529
449
3109
-2550
2168
-2728
-3750
1907
-1729
-865
-566
4140
4085
488
-4642
1313
2350
-907
-4851
4584
1499
-4563
828
3430
-2933
-1866
4381
-2322
4319
-3413
-2621
-2233
898
3576
739
-468
-3695
1435
-1867
-1114
2995
2518
1783
3415
1742
3971
-447
4306
1375
-2405
-180
3499
-3187
3484
-238
4579
-3808
4573
-1500
805
-215
1082
2029
-3553
-934
2928
4994
-973
4316
1953
3608
1095
3838
2558
-858
1
-1001
558
3999
2884
4469
3620
-2702
-643
-2691
2783
-2610
-4525
-2149
4873
-102
3855
-1477
-2304
3660
2700
-139
1745
3001
4007
-4888
4114
3051
-4213
-4341
-3604
1370
2016
3426
-4271
1799
-2747
-67
-781
-4767
-4803
2695
4185
-2107
3106
-3442
-873
-2632
-400
-1783
-479
-3204
-3376
3198
3579
4041
-3911
1077
-2002
4068
1964
-1466
-3539
4938
-3847
557
-1132
-2880
-4879
3006
4751
-3458
-2403
523
1460
-2599
-3180
136
818
-2349
-2917
1505
-4883
3372
72
-1682
150
3119
-3833
310
635
-3753
-595
-4911
2373
1235
295
4542
-2043
-1043
-3160
-554
4183
-1940
162
-3191
-2485
-2968
-100
-4007
3411
4738
3095
-4600
-1093
-2167
633
2562
574
-4171
-2227
-2693
3062
4073
-3826
-3545
-72
-2396
-3271
3619
655
-1406
4414
-2329
1798
-1628
2566
1343
-1449
4223
-1296
4969
355
2123
605
-343
-4403
-2883
4515
-3723
3589
-853
3273
3582
-2384
1104
-4473
3482
2128
1782
-1116
-4888
-3497
-1895
-3273
-4456
4125
4664
-1753
-940
2472
1081
137
-4552
-11
-4408
-421
-267
2553
4436
-1259
-764
-4496
-1411
2110
4683
-1960
915
1849
-3462
-581
-1635
849
3397
-4063
-3497
3492
-4915
2788
3156
3633
-1044
-4211
2402
-709
2626
4575
3668
2968
-3647
4836
598
-219
-1063
3756
3794
-287
-2110
1919
-1915
1159
1571
-647
-1047
-522
4935
-3917
2544
-2180
418
3339
484
4630
-1270
4074
-4974
-3054
4138
1820
-1542
3896
-31
-3459
457
1962
1294
2511
644
-4881
-915
-4471
4076
3901
734
-577
-4885
4185
-3413
3705
-2150
-1914
4936
4851
-4895
-562
3854
-2316
-1742
-4307
-867
1847
1172
-2991
-4497
738
1499
-1097
1071
-4666
104
-869
-2529
-4537
4245
2330
-4895
-1431
2056
-975
-4669
-3288
4467
2634
-1605
-2814
2195
854
-2828
4182
-2849
2874
313
-4015
1424
-593
-1002
-2857
362
-4515
192
3219
1764
2833
3015
3106
4787
-2758
3422
1061
-3668
3207
-1834
-885
-1712
3203
-3635
1088
818
4888
2249
4842
2739
1281
-981
2171
521
1635
-116
-1054
-3559
2746
3975
-1737
1725
-1181
3803
3270
-3526
1732
2271
-1593
-2019
278
-1571
3038
774
-2401
3127
1365
657
-3168
-2829
-144
-1388
-964
-4320
-2932
-2933
-1931
-4926
2796
1206
-4586
1258
-2930
-1255
927
1203
4837
-1220
371
4836
4620
2475
-4716
-1404
1083
-1644
1062
-389
-4508
4548
2290
-1970
857
2052
-278
-1579
-3179
874
1247
-337
-1349
-346
1184
3206
-3256
4356
2548
2340
-1132
40
3115
-592
-2443
-704
-2629
-1842
1477
566
2786
-2726
4128
676
4638
-3969
3914
-1547
4646
-3200
4630
4361
-3049
2698
-3476
1455
-1870
294
-3654
-4348
3296
2614
193
2058
2453
2796
-3171
3850
1966
-2647
4637
1374
-287
-3367
74
-1597
-982
589
2594
-2474
3294
3462
1649
459
4419
-2495
-988
-561
1975
-4100
1491
-1455
1532
-1229
-1639
-4010
-3144
-3694
4257
27
2546
-1322
-3586
1114
4837
-3250
-3002
1404
161
1476
3765
2336
-2357
2403
1268
-4428
1248
704
-148
-3322
-3524
2152
1650
-606
4853
2928
1183
-4301
3547
-2244
-4362
-2295
2799
-2513
-3355
1370
2551
83
2444
3080
-1065
1092
-2044
-3558
3985
-4208
-749
-3269
1907
2367
2629
3704
-3368
-1585
-1524
3704
3745
-3692
3145
2755
-475
2893
-4858
-4961
-973
-345
-4769
-4971
-497
1890
-4393
1814
1322
-3230
2615
4002
3402
1841
2977
3215
542
-2141
-2121
-3235
-2150
3519
-4392
-712
4490
667
-2650
-4771
4883
223
-2664
-1594
3598
-2048
-268
609
-614
2252
-2907
-2229
-3371
-475
-1312
4320
4943
2194
-3329
-4344
4976
-2489
-1614
2658
-1788
3269
96
-843
-605
-1673
2705
-121
1337
-4245
567
1091
-4692
-1564
-2425
4621
2122
-3608
-4225
-2334
3422
4421
-3305
4195
1771
2766
-1216
-3205
-1289
-643
3190
-2991
-697
100
-1876
-2782
-4193
-3078
-293
-784
4348
1421
-1585
-3254
3564
4485
3326
1374
-3106
-2722
-1233
-3491
-4361
2990
-2318
-1586
2717
3543
4198
-3733
-569
-2864
2566
-4244
-472
-4126
-1718
3231
1251
-333
2291
1503
-2558
-4333
-506
-953
3588
3017
-474
3814
-3125
4227
-4196
-2659
3267
-2824
-1943
-2325
784
-222
-3078
3498
-820
-4867
-325
3916
-2114
1600
975
-3344
4073
4881
26
-4374
-3643
-1966
-2458
-4401
338
3585
4534
-4888
606
-2278
-4355
-2860
2291
-2545
1837
-721
2540
-280
971
2132
1038
-314
2559
3542
3375
3753
-4892
-3957
-1242
-620
-689
429
646
-2889
324
-4939
3168
-3532
930
-4224
-3225
1011
-3492
4453
2669
2864
-2317
-3335
702
-1768
-567
468
4164
-4220
2049
3149
-717
2907
-3745
-4190
-1923
3748
2215
4941
-1446
3024
1082
4171
60
3295
3900
1055
-3508
-4273
-4894
1843
4267
3095
-4168
2919
-2010
-3044
-3510
-3786
-2515
-820
-3941
-907
2067
-822
-1385
353
-2060
-335
157
-3657
-2072
-3487
1303
-519
1807
-27
4372
2671
-3687
1830
1438
621
-868
-3935
-2600
-4930
-223
2198
2504
2624
-4768
1858
1799
-3514
-2470
3753
343
318
4668
644
2525
-4263
4962
-3673
-833
1720
170
-2229
-4528
3105
-4285
-3322
-3154
3015
-4819
-3594
1988
4661
4702
-1262
2279
-2415
3861
-4762
2833
4525
450
-1255
2933
3076
1630
3048
3546
-990
1625
2075
1912
1461
-2544
1967
-4520
1536
-3546
1935
4882
-3154
2480
-2924
3827
-503
-1196
3564
-1672
-3577
-4345
-4381
-230
-3814
-1434
-1800
769
-3205
149
49
-957
4431
-1791
-4679
-4389
2093
-3379
1318
1922
-624
1011
-2038
-2394
-174
-893
2077
484
3027
2686
2081
3982
3270
943
2906
2953
-253
-43
-3983
-1563
-2710
3481
-884
1852
-601
1001
-4875
2110
-3901
-327
-314
2987
-4954
1824
-3769
-4933
1059
-135
4065
4724
-1469
1036
-4654
-3514
-2245
-3525
-353
-1159
4076
-564
3690
-1488
3306
669
-4464
2517
-35
605
639
-2467
-1454
4104
2307
3688
-1160
3172
-60
4121
1208
193
4091
-4224
1803
-764
-4888
1345
-3141
4413
-4479
-3177
-284
-1356
2128
-369
3699
1818
-2077
4581
-769
-3166
-1488
3856
3126
-2495
-3126
1667
2802
-2305
1012
1721
-3128
-4514
-3233
3663
132
1035
3173
-3908
2890
-4323
-639
551
3715
-3892
4612
545
2716
1575
3378
-718
-4713
1568
-2247
-3651
3985
2294
-3530
-3775
4702
-4489
344
1364
-3402
3398
3575
2524
1864
-3820
4642
1531
-3695
515
-3193
687
-3187
4231
-1013
1872
-1330
-2111
3600
1180
4463
-908
-179
2766
-1822
681
-4283
3601
1106
-4884
4058
1842
1621
-2383
-3288
1145
2086
-3319
-1274
503
-3184
2953
-2205
525
1585
2769
-612
2411
3009
591
-155
-2352
-2869
-2005
-4598
-718
-4453
4367
-3475
2888
1681
-1910
4234
-1358
3639
3376
-2651
2899
-328
-3495
-314
-2130
-1439
1138
-4024
-810
-1620
-1646
-2756
-3773
-823
2375
-287
703
195
-4848
-3316
-648
-4372
-3479
-2198
-3966
3054
3642
-357
-3995
-468
3535
-2914
-759
951
-4453
445
-3057
901
3174
1413
-2745
3915
1264
760
-4145
-1688
3118
1868
-4324
1331
1187
-4698
-2009
-2010
1269
4427
3739
-1715
-2812
-3852
822
3088
-628
-1144
1934
-4643
2928
-4795
-4116
-2963
-1769
158
-3535
-4247
1585
4392
-1169
-2847
4396
646
-4333
-1733
-872
-3179
997
-4729
-3528
828
-1573
858
-2522
2212
-23
-4554
4645
-2228
880
1263
-4281
369
-1408
-4787
461
-876
-4592
3832
4671
-116
771
1109
3836
3082
-3590
-3987
-4780
3964
1592
-667
-4817
-883
-1279
4303
-2012
2994
-2873
-4167
-1098
-2994
1639
-2049
-397
2294
3181
-3508
-1099
2405
2813
4006
-2460
79
3801
4027
2047
1811
-332
-2624
512
2469
3066
-3423
4744
-3832
2140
-2367
1112
4275
-765
4651
-3738
3912
-1696
54
318
-1315
-696
3170
1116
-2381
81
354
3681
-1921
-3758
4052
-3122
-1996
-2566
-1556
-4723
-3694
-1503
2517
-848
-3108
3697
31
1062
2682
2140
480
-1972
-4302
2436
425
-4764
-2817
-1595
1660
-412
-1068
-1976
2559
3763
-2263
-4771
-2771
-2992
4133
418
4256
-4334
-4537
2251
-4282
606
857
3612
-2190
1225
2886
-2405
1972
4943
4437
-3459
1576
-1522
831
-252
6
1286
-287
-1602
4044
-1275
-2464
3770
4178
884
-1984
-861
-3026
-1004
-528
3450
446
3641
1790
2263
359
-1356
1932
-1559
-2613
-2581
-3936
3252
-3134
-4321
3150
2127
2925
2681
-3729
-546
-3556
-4664
5
981
4115
3964
-3514
-3040
281
3602
-2171
-4347
-3994
2854
1822
-3863
-3484
3953
-2542
-4977
4058
-2042
1639
3147
1925
-1481
4294
2797
4700
4189
224
-2502
2672
-3567
-4412
1883
3166
-1681
-1398
-2050
1721
-3612
-3460
4998
4921
1260
4617
4069
3749
-3902
2120
2445
-4145
865
3426
-3950
-2714
-4813
880
-4193
1091
-4689
-2997
43
-2406
-788
3289
2064
1982
921
2121
3743
526
-2408
4379
3063
-2984
-2446
4924
-1987
2660
-3906
1144
-970
1939
4012
-2277
260
4402
-3468
-3978
-1261
-319
-4669
2845
240
-3274
3291
3130
-734
-2280
2266
-2898
-4366
3708
-3953
-2678
751
3044
-1510
-2030
-1368
1922
3765
27
3870
4355
-476
3703
-1557
-2759
-4812
-2835
-3452
2569
-4947
-4725
-616
-875
-4468
-836
2479
-2266
2184
4357
1083
4684
4081
-758
-1393
-1727
-2266
-117
-1423
-92
2020
3356
-4605
1969
4571
4841
3740
4663
-3037
3278
-174
729
-3518
-1514
1426
-92
380
382
-2104
-1902
3730
-4731
-4519
-1818
3978
2615
1239
42
337
784
-1766
-4989
-452
-4659
-3061
1802
2352
1237
-4835
3536
639
4378
-4119
-210
-2073
-477
-4369
4482
578
192
-2408
257
-23
2112
3542
1317
3593
4699
1403
181
1062
3454
-2927
2057
778
-2633
-2306
3112
4841
-17
934
-1430
3252
3278
-4072
2636
2505
-3281
1004
-2954
1953
4596
-1009
1128
3891
-886
-1452
685
-1706
-2404
-352
2390
846
2740
3382
1900
-1534
-4875
-1052
-4623
4178
3541
-4267
-345
2773
2214
-3017
3337
2703
-1051
804
-3560
-1098
1730
1818
803
3249
1099
-1139
764
-3752
-3826
4565
-366
-596
-4497
-4389
-602
1172
4164
-618
-2405
-450
-680
2787
2523
-2145
-3755
4968
-1716
2300
-1215
1728
1221
2512
-1069
-1106
-1559
-1620
3460
3889
3482
-1242
1866
85
2401
-1094
288
919
-1700
-2254
-174
-3294
-755
-4432
-1865
2115
-1413
2628
-60
4597
-1744
2371
-2044
-2552
-3183
-941
1379
1296
-3743
2659
-713
1038
3784
1253
4321
1193
1515
2963
357
4473
311
4059
4843
883
-3141
3133
-4891
-497
4660
929
-1726
-4114
2893
-3789
3243
-1656
4082
4826
2405
-3640
-1416
106
2447
-1386
-3590
-1538
-1799
1587
-1125
1535
-469
-294
-3360
1803
1888
-741
2359
-2936
-2196
2339
1231
-3360
-1406
-4988
-580
3034
3949
163
-3868
-1993
4107
2611
-1483
-184
2907
806
1055
-4194
-1277
-1182
4403
-2112
1420
3168
4419
-1879
-518
-1089
-2124
-4622
-1671
-2132
-598
2691
2918
3537
1775
-3986
-4647
-2249
402
3540
3018
-1149
836
-2359
4374
-937
1015
-3670
3578
1173
-420
-1118
2424
-2925
4975
-1847
3698
-378
1549
3225
4018
-3863
-117
2286
4798
1334
3880
278
4285
-2078
-2597
-3743
-3070
4863
1339
-4048
4431
356
854
4408
-3586
3776
-3281
3389
724
-3488
-1246
459
-2634
2355
657
-1912
-850
-1230
4738
-869
-670
1216
-839
151
-3023
-1328
-4168
-1564
-650
-1922
4343
-3504
-1100
366
1881
-3703
-54
-4511
3890
-2934
-2981
-900
4021
-2241
-4843
3086
293
3743
-70
1957
-3569
1959
-792
3835
127
-2328
-2992
2816
-238
-180
-3905
2991
-2152
-519
3698
4048
-1361
-4118
-4498
3961
2420
1621
690
-1844
-2750
-4547
2340
1530
1325
-4836
677
2601
323
2382
-3400
-787
-3455
-130
-2338
2523
550
2582
3294
-3973
-1037
4254
3010
3119
524
-1
1278
-3259
3808
2285
3555
1733
-4775
1634
-3063
-4374
332
-3053
1917
4992
4277
-4615
-504
-2738
-1851
3720
3085
-3992
1089
1215
3609
-4159
2145
4394
-4408
2503
-2664
-3243
2767
2580
3262
3247
-2626
357
-813
-1990
2216
-991
-462
-779
1269
839
-4681
-1824
-101
1025
-2829
-4661
3058
-943
3513
-2699
-100
4736
-4732
2977
-4555
-3490
-2270
4589
4255
4691
4546
-2428
2019
-1504
2847
-4744
-2340
-1195
219
-1265
592
-3553
-2102
78
-1912
-3430
-37
-2622
-4783
4545
2691
3296
2053
-1056
1304
-56
1063
826
-3952
2474
-3135
3316
2139
-102
-1226
-2640
2729
3310
2277
-2903
-3251
1548
-3847
-2940
1127
3380
-3069
4807
-457
2196
-1512
4427
-1281
2493
-4085
-411
1811
-1637
-2372
-4762
-2714
2106
-438
1650
4826
-3049
2362
-4786
3453
3243
792
-1279
-1589
4621
3234
2690
-4058
4670
2463
1160
2804
-2583
829
1621
-1359
2533
-1625
-328
2258
-4947
-1303
771
-15
4132
-860
-2868
4367
3279
-1424
4808
-4382
4170
2816
-3411
-277
-1575
1436
2319
-4140
1391
4741
4778
-2641
-43
2840
-3848
-2091
-4452
-622
3433
2403
-1333
-274
-196
-246
-4844
-3919
2858
-1926
4462
1215
-2204
4825
-1065
-1544
2027
4877
553
1317
-3383
1557
1183
-1434
-4636
4742
-4116
1460
3205
-2495
1919
3240
-496
1965
-3778
3655
4266
4559
2704
-2182
-275
-2918
-2829
828
-439
133
2245
2963
-4664
4278
-2412
386
1264
4125
-1275
1376
-3165
-1060
-862
-4443
585
-4679
-4943
-2091
-662
-3886
2504
-4442
1119
52
2248
-1826
-2125
-910
2027
-1826
-2007
-3193
-3078
-725
-4864
1621
-4426
-1386
2042
2541
2867
-1359
1062
4754
4103
2480
-2080
-1037
829
3704
-4936
-2969
-4297
2710
-2520
3696
-2304
2221
2399
3505
-366
294
-4151
3269
-1311
4776
4175
3197
-107
2456
-3462
3626
3077
-993
-2180
-3764
3746
3763
-4473
-793
2407
-3698
377
2994
-2811
3232
-2148
4340
-1999
2656
4836
4216
1917
-2324
633
-1120
-4083
-1249
-3306
-3232
-4512
-1725
-1542
-966
-3330
-2749
4009
4888
1300
-459
1643
1118
-352
4340
-4285
-4732
-3547
-4149
1285
2996
4105
3175
3569
-4924
-4540
3383
653
3259
1032
-4750
1205
-1233
-69
2651
3838
-3796
4156
-1960
-2115
-1755
1618
-4900
1532
2495
-4576
4474
-3046
1731
1894
-3333
149
-3171
288
-4360
3364
3575
4289
-4301
1940
4663
-1841
331
-3414
-1000
4308
3921
4498
-2355
3400
-1711
-4326
243
3986
939
2531
4217
-4107
4694
1130
-1997
-2713
2490
4746
1226
4655
-4780
4165
4987
4794
2505
-4139
-2445
2682
4116
3504
-4249
1944
-3776
-3455
-409
4989
-1093
3248
3195
1257
-4299
-3156
1460
4336
-215
-4635
3797
665
-1317
-2518
363
2943
-3742
664
-1988
2650
3378
-3784
-1628
-4306
582
-984
-1943
-3747
4621
-2693
-588
2814
1139
-1422
-4222
2993
66
1719
-926
-4105
-2978
-363
4018
-4232
-2641
-885
-2482
-1550
-1247
1269
-2643
780
3517
3679
789
381
2247
-1787
4817
-4274
1334
-3068
-1813
-4702
2995
-715
4068
-173
-2542
3793
-562
3937
-82
-1301
-1990
3715
-2665
2616
-4788
4844
-2088
4928
373
-4967
-3272
-4602
1589
1605
-1808
1494
532
-2006
3068
-2662
-3404
-3687
2908
4707
895
-2854
-1973
-441
-2512
-3403
2506
4424
3218
-4581
-4355
4475
-3890
-3556
-189
4706
-1206
3335
1749
-2176
3960
-286
2967
4667
-1712
-3991
2874
446
-2955
3463
-3058
2560
4047
-1612
685
-4549
4289
819
3861
3518
-4739
-2175
4790
-4491
2268
2154
-4229
2115
2352
-1500
-319
4996
-3015
1308
4829
-4756
3650
-177
1811
1204
-1007
2521
-4426
4972
-3220
1095
-4912
4679
3103
768
4919
-1395
4150
-3547
3555
-3680
-275
2213
4485
-2567
-3432
-3480
2476
4298
110
3400
3149
3861
1201
-2
-1589
2382
4251
634
-3101
4452
1983
-3524
4547
-4321
-1868
-2823
1483
-873
1199
-658
-2831
2773
2198
389
-3644
1951
-2360
-2811
2747
2099
-4469
366
-593
391
-4880
760
2365
2084
-1604
2258
3077
2555
3108
-2428
-3982
-4421
2864
1881
4461
-1676
-3336
-1430
-1216
-1775
3511
1051
-2617
2983
138
-4606
-3347
3653
1680
-2809
2046
-1591
-178
1168
-584
-2775
2246
1052
-3083
2075
-1356
185
3832
3367
2619
-4290
2545
1902
2672
-56
-4433
3868
3258
473
1535
-3467
2360
-3558
-4089
-775
-1641
-1638
-3593
3360
-2117
-4247
518
4673
3979
-549
754
1695
1143
-2122
4420
3846
-2307
-3581
2815
2790
1054
-2683
-1523
1921
901
-2563
-4757
2303
3322
4010
-1180
-2956
-4963
4674
1263
249
-1916
1969
4735
1010
-27
-3105
-2868
4251
-3826
-4868
149
-2858
-1188
3101
1437
2818
2257
-3011
1602
-2400
-1682
-184
2940
-4878
2214
3557
1620
-405
-3727
263
-95
-189
1517
1681
1078
-221
-247
127
-3649
-4989
-108
-4454
4211
-3473
2958
-2825
2602
866
-2986
-42
1156
3658
1459
-4434
-3083
-4601
-4749
2873
3323
3358
-4347
4176
1216
3912
-1462
-4852
-464
-2103
-4889
-1382
-1159
-1749
4725
1020
3579
-1309
-2960
550
4949
262
2569
-1736
1879
420
3146
-2033
-1646
4294
4345
-760
2299
-3886
2569
2903
2137
-1991
-483
3133
1725
-18
4088
-650
1803
-457
4965
1095
-4980
-3471
-840
-503
-1370
-403
1037
314
-2910
4789
-343
-2190
-4740
-4131
-1236
-1026
-4481
-4006
-1174
1571
-1616
-2661
-3490
3242
-472
4163
-619
3343
3009
4996
1003
-4547
-4990
-1013
3909
-882
-2298
2483
-60
3631
4828
2574
1394
1433
-3284
-1092
-1154
-3706
-776
1300
-4158
-1520
-1156
-1419
852
-3408
-929
-3147
-2635
3911
4831
1948
-3225
429
3329
-1361
-857
-3555
-1364
51
2798
-349
-4070
-4500
2838
3180
-3711
1184
1801
-4949
-2545
4892
-2910
-2892
517
-2866
-2291
-1996
3428
2743
4725
96
1443
-272
975
2878
-1602
2911
-1626
-2304
3396
-2918
1921
-4912
1910
992
-3995
-4509
-1502
-2365
-418
-4888
590
-2725
-101
3267
1950
4438
-4007
-520
3620
728
-3449
526
-811
2904
1825
4423
-4817
-1687
1351
4684
4720
-588
-4804
-528
1389
3417
-3364
4833
4813
1640
2505
-2900
1930
4127
4811
-2721
-1413
2797
-2878
3500
381
2734
1195
-2248
-2307
4514
2446
-2052
-3850
4537
1127
-3843
1187
2469
3460
-3705
-774
1155
3119
4322
-1338
-2570
-2884
-2446
3572
-2758
-2323
1598
4738
2869
1640
2230
1872
1324
548
2288
490
1902
-775
-3373
-339
-4003
3447
-3210
-3820
2631
-4512
-371
-223
-3233
-1178
4352
-1029
3736
-1020
4070
1060
2180
-2464
1779
-1131
1358
202
-4914
4144
-1350
2190
1310
2955
4935
2399
-4359
4311
2421
-4658
588
-1721
1358
4667
-4939
600
-2672
1529
3734
39
-202
-1146
2742
1468
-2414
-2841
309
-4865
-604
-3998
869
4482
1702
-4140
801
-4824
1361
970
3818
1543
-1401
704
-4975
-3879
-1292
4325
827
-547
-2886
-2173
3687
-3020
-1872
4057
2996
-2103
-3304
1074
4470
-3339
1494
-3858
4079
3899
-4906
-3538
-4174
-3278
3223
2325
3440
3773
-4096
-2061
-3590
-1876
-4260
4048
-2465
3
2520
4389
3165
2329
-4562
3510
691
-3400
-3659
-2620
-1782
4807
-3520
523
4650
1438
-1429
-3986
4967
-4801
-428
-3767
-125
2227
-3293
-738
-1597
4900
-2969
-836
2099
-1918
552
1157
4256
2992
1338
-3688
-518
3873
1922
-3543
-3748
-781
1027
-3499
1975
-3305
4764
1859
1182
810
-1800
-4693
893
-3483
-3606
3238
723
1838
-3678
3430
3076
-772
3566
672
1815
-1862
3927
-2324
-897
659
-2888
3170
-1847
-2145
4941
-2236
-2647
-3953
4022
4771
4976
1862
864
-1284
796
-2644
-2183
3054
-265
4707
859
-1487
397
-4750
-1572
306
-967
3618
-2032
-1654
4089
-2772
-3055
3243
2733
2661
2536
-2599
-930
-3905
-2773
3737
3108
-519
3520
-1164
2854
4951
443
-2606
-301
247
3825
-3655
135
-1337
-1788
-4001
4693
-4002
1209
3575
-1294
-3260
1840
3846
-3749
3574
3893
4196
143
953
3817
-3571
-4390
-961
560
3055
-1252
-2210
59
-1799
-4084
-88
-4473
2624
2333
-3889
-3676
-2392
-4656
-218
-2327
2925
-2803
1366
1035
-2367
997
2673
4202
-4457
3537
-2378
4805
-978
3493
3085
-596
3854
-403
3076
-4748
1023
-1234
-1108
-2377
3878
4366
-3326
1616
-3383
2513
3448
41
2548
-4345
-2671
-3280
2217
273
2486
-2496
-559
1878
-4255
1221
-1834
1026
2405
4327
-935
494
-4526
-1223
2064
-4579
3070
-2173
-3546
1660
166
-3410
-2703
-4196
3224
3297
-964
4737
-3598
-4048
441
2064
-2097
17
-1349
983
-196
3760
824
-1266
-4607
4627
727
-3089
-4958
2137
-3803
-4979
-3396
630
-1822
1945
4870
-2149
4269
-3455
-2094
-901
-2799
3817
-1735
-934
3871
4851
3902
1219
1710
-1423
1148
3741
4909
777
3840
-2060
210
2012
-3681
-4735
2369
4209
2317
-3981
-4757
1808
-4642
-4485
-1403
762
345
-565
2580
2993
-175
-1628
780
2697
1472
885
420
-2678
4914
-2021
4189
3695
-3208
3470
2413
-3512
147
-2180
2233
1442
-4418
-1504
653
-668
1174
250
2922
-1977
-600
-752
-1155
-1008
-1786
824
4141
4883
1357
2976
-847
-2074
-4192
4608
-2245
-880
-4113
1437
3934
4641
3311
4582
4512
-3962
3340
3437
177
-292
-315
3247
-2976
3138
4230
4662
-4122
-3088
875
1691
277
-2863
3104
-11
2460
1131
1304
46
4266
76
-2864
1483
-4993
4002
-1043
-3786
-911
3025
-1985
294
1665
681
2871
-2371
4871
-3195
-1394
-2439
3303
-3582
-3914
-4905
4589
2584
-2405
-441
-3117
-4761
-2981
-4595
4445
-3713
4287
4604
2428
-4925
-2509
2733
-741
564
-1628
-4285
-3006
-19
-3233
1366
4186
424
2502
-3572
481
106
884
1869
1956
1868
4318
992
860
-1812
-2730
1245
4988
2856
-3477
-1786
1084
2740
399
320
3411
4282
-2140
1147
2885
-3375
2063
25
-155
2423
611
3398
-2648
-579
2059
3754
4071
1983
-4605
1351
1510
3630
2281
-3024
-2487
3749
-3997
1458
1234
-106
-4632
182
3854
-3955
-1064
-2656
-4922
4796
1976
3811
4555
4714
866
-712
1671
-1535
3466
236
2429
-1071
-3675
2518
-3422
3643
-3475
-1229
-1163
2049
273
-934
-1098
1763
-262
2877
-3561
-3254
4687
-1313
-213
2527
-2662
1470
-1981
1648
4272
-321
3507
2536
-3862
532
1188
3803
-1235
-2699
1045
-333
-1816
-2420
-996
3631
-1131
-1587
-1633
-2854
-2411
1185
3748
-4437
1346
-1931
470
-2173
489
-4647
2055
-3620
2386
-2054
4296
1976
-4091
4416
4188
890
4695
-111
2749
414
-1689
4563
-1160
2069
-4014
-3000
2871
-2105
-4701
4150
3452
4253
-3174
-4035
-750
-1345
-3962
4636
11
2863
4372
-2825
-1315
-2891
147
3675
-1129
-4898
-4589
-4179
-2054
-767
4704
2881
2687
17
-3774
1711
-1856
3987
-2483
962
3130
-2455
-4308
-3926
3541
1264
3658
-1304
4975
4246
4256
-960
349
1025
-39
-2955
2460
4795
1930
3830
1145
3599
-2049
-784
-4122
3492
965
3414
2993
-4845
3177
2296
-2343
3627
1713
-274
-1258
-1039
-974
3542
912
90
-2267
-1571
-2386
1406
3876
471
-1416
3414
-3155
-318
753
-135
3788
3298
-4759
1856
3701
-3173
-1849
1488
3595
-4826
4920
40
1367
1010
-1055
-2359
2400
3630
4646
799
3318
212
4965
30
3077
-1247
-1910
1036
3307
3046
901
-4756
3917
-274
270
4899
-4511
-537
898
-319
4468
2095
-1336
2670
2648
-1966
3849
4930
-1285
-3332
4025
-3606
4550
4606
1681
3314
-4194
4380
4710
1242
2049
4149
-969
523
-2638
1250
-4313
3760
-871
3284
182
-1279
1911
-4386
393
-1109
2593
-440
1842
-11
-1830
-2710
3178
2147
-105
-2888
-2525
4771
1363
4
3718
4028
145
-1819
2975
2777
-2612
-81
2018
3536
-4981
-4586
-3406
2622
4668
126
-3062
-3939
2402
4665
-4254
-2087
-1159
2628
-989
-1924
-4441
-378
-2979
2255
-571
-4673
1150
3301
3259
2194
-1847
-1568
-3160
-969
-4971
-3200
972
1132
366
-3472
-4138
1534
-437
149
-652
-4123
3248
4623
1305
4268
-2950
-215
-4303
3160
-3773
4688
1107
-3629
-2008
4612
-1701
-2647
-3038
-1013
73
169
2673
886
2150
474
-48
-1914
1645
-360
-3910
-1648
3260
-1023
547
2426
191
-1024
946
-3966
3115
2454
888
-3521
-2379
109
-335
1179
-1213
182
-208
-2395
-1196
2876
80
-1766
4232
4466
-2055
-1386
486
4827
-744
-3807
3615
4209
1964
-4898
-1144
-2483
-1534
3240
-4945
-2940
3422
-3241
2911
2674
322
4990
-135
-3424
-2346
1780
4239
3807
-1707
-763
-908
4798
4840
-1889
-1164
2485
-1590
-3217
-2032
2979
-4978
-1190
3342
-3255
-4473
-1334
-2072
-366
-3493
-2693
3460
251
124
-3409
-850
3969
-1896
-1505
-1636
1077
-641
1691
3169
-2531
-1988
-2560
-2391
-2253
3003
3117
-310
2518
2681
-1766
-432
-740
4616
-3793
4569
369
-3265
1331
1522
328
1090
2037
-265
3573
889
536
4475
565
2124
500
-48
-2977
3450
800
-2804
3840
4408
64
53
1921
-510
-839
-1319
-4304
1605
1070
1463
-2922
-1419
3601
3212
2523
-3329
-1871
3925
-1090
88
1700
-1419
-113
3947
518
2723
1940
-2343
-2115
-2030
3305
2747
-4438
1060
-931
-4845
-128
-1138
1667
999
4452
-3572
-2869
-4106
909
3565
4848
1190
-3199
1129
1179
-4219
-1072
1757
-233
4359
4694
4676
3057
2807
-3601
-332
1183
-4992
3681
-4991
-2883
-105
63
2386
-4148
-427
-4641
-2195
-1023
-848
264
3749
1551
-200
-3026
-2990
1309
935
-1268
-4277
924
3494
2715
2813
-3544
-248
4625
-1424
-4433
817
1637
4893
1070
510
-4510
2251
1408
-915
-232
2935
478
-2456
-4293
169
-3170
-2193
1908
4156
-1775
3223
-2213
-2894
1860
-2686
-2794
-1329
-3517
-2511
-2756
951
3362
3348
1764
-1426
-2342
-1289
4343
-15
905
4181
3345
1169
3974
-4977
2644
-759
4627
-1586
3086
3568
3007
3042
1262
2263
-790
3649
-875
-1741
4872
-12
548
-1334
790
3341
-2435
3432
3953
4138
-2608
1669
-2053
-1613
-64
-2786
3022
2858
-2777
-2305
-4216
1711
-3643
3097
2579
-1850
3774
-1133
-843
-3765
4865
-4912
-325
-4852
1388
2006
2336
-1974
3914
-623
3123
1066
3787
1902
29
3352
1807
2497
283
-3282
-4881
-1320
-2689
-3486
-3156
284
2841
-2472
1526
2471
1267
3883
-3727
-692
-4833
-2167
3206
-4945
-940
1083
-1515
4991
4011
3155
181
2428
930
3332
-566
4315
-2848
-3955
3017
458
1924
-4676
-2139
-2397
1321
-692
-2708
1766
744
3154
-4512
-3249
-4119
4340
3228
4062
-1903
-1969
-4250
3522
1887
1418
1046
-1208
-437
-4677
973
2768
2908
4226
-3431
-3064
1790
1743
3455
4898
158
-2574
-1895
-1788
-4187
-4680
4152
-4012
3754
1404
2257
1092
2269
-146
-4583
4557
-2982
-4409
3597
4157
4654
-1475
-3234
-1191
2865
-2231
4643
-4902
-1892
4028
-2925
3572
1406
-4714
-2377
-814
-3333
3367
4243
-4504
4787
-1102
1874
2683
-1474
-3956
-3622
1940
-2324
-3062
1572
-4724
-4181
1280
-9
1035
-1456
-1423
-4546
-1762
3660
-3764
1150
2226
709
-4940
4036
-2457
129
1377
-2587
-1042
-2848
2644
-506
2660
-2256
2011
-3018
4828
4600
3013
1549
-3989
-806
-3230
3092
-755
3704
3545
1098
-631
1184
4835
-3129
2319
2305
-1664
710
-2060
-3773
-4093
565
-2009
-1790
-1434
-2339
-4808
972
1463
1547
-4628
1181
2554
1550
3264
403
-2891
-4375
-3652
-1508
707
-4526
3216
-2865
-4073
-4485
411
3851
-3322
485
-3373
3128
936
-543
4439
1258
-261
3683
3458
-3782
-1340
-2633
2839
176
-2004
641
-1345
-2024
-4051
-3553
1304
2178
-1267
819
3332
4757
3709
683
4050
673
2253
-1841
-489
-4177
-3558
-870
2993
2421
2777
-1946
951
1110
-277
-1703
-3894
3087
-1446
-1922
-2119
-4115
1001
4757
3624
-2534
1020
1734
159
623
1363
-4205
-179
-4000
194
-1734
-1092
2500
678
-1192
2455
-1560
-4451
-2652
-2012
-23
4546
4946
-1810
-2025
2678
3979
4271
3110
-3803
2874
448
1978
990
222
3503
-2772
4340
-4174
-4193
1157
2226
-3025
2470
-4805
-628
2883
2032
706
3429
99
1814
-833
4267
-1942
-633
-3750
-215
-1933
-128
473
2455
-2453
1379
-818
-2594
-893
-4612
-4169
-2353
-1261
4
3861
-1566
-4999
-298
1871
1358
-364
2383
-1133
-4631
-2550
-3325
4887
-4552
2874
-2592
-718
-3515
-1253
-4984
2778
-4166
4775
-4345
-3188
3252
2469
-2234
2341
-3486
-503
2084
1570
-942
-2145
-346
1539
3432
4055
4162
3965
3867
-2519
1941
-1331
3371
3260
1296
-2234
2211
-3695
2606
3599
2308
1743
2493
4307
1653
429
-1992
-2011
123
585
-4917
899
-3325
-2824
2211
4813
4322
66
-3506
2428
1436
1275
726
1805
4393
2623
-1337
4186
2652
-1136
-841
-1882
4763
-411
2291
1290
2797
3294
315
1133
1247
-3336
-2632
-2684
2199
-3010
-974
-1708
1452
2003
1071
-4446
-2859
825
-2019
-2417
1333
-3339
3884
4627
4172
1622
-942
-4026
2354
1025
3037
4290
-3465
-977
3162
-3927
17
-3299
4497
-3742
2775
3311
-865
2287
2183
-1619
-1467
-1835
-1972
3824
4205
-2587
1083
-1492
2763
4103
3158
-1910
3421
2323
1851
4088
4254
1785
2888
2240
2671
-3056
457
-3417
-3922
3093
4905
-4093
-3695
4807
-2985
396
-2426
-2994
-4005
1943
-2017
-1596
1235
-4634
513
3547
-2113
-4372
-224
-2504
529
-4802
2923
4415
-4262
4910
-1949
-4479
3555
739
2177
1783
-3706
543
1889
-3562
-3738
1205
-1613
-3334
-319
522
1077
-129
-2106
-2327
-3191
1897
2765
3856
-3266
-3764
-4872
3613
1894
-1671
-3643
3323
4696
-4981
-3958
3035
1507
-3161
-2392
3630
4120
-1842
1301
174
487
3443
-970
-4898
-3008
2112
4521
3480
4218
-4912
4723
-876
2502
339
4894
-3339
1545
-2615
-1639
-4663
4429
-2439
3620
-4848
1687
-4835
736
3759
-2744
4591
4760
2753
1656
-2648
2426
-3483
1501
2149
2974
784
4775
3627
-2619
461
1260
-3579
-1152
2856
3540
-3703
-2263
2294
2986
3561
547
-1234
-3148
4165
-4024
-3214
-755
4490
2691
668
-607
-803
-488
-94
-2872
1811
-2937
570
-3675
2936
1307
3043
3511
3384
-654
-1348
-663
-2206
-4187
1985
-4550
3469
2545
-1159
3149
-4808
-4812
1609
-4763
-1626
-4884
-2527
-708
-977
-2551
4071
701
-3870
2263
-812
-2631
2891
354
3117
-1999
-4319
1548
-4841
-1131
4318
3367
2697
-4882
-2470
-3173
2612
1740
-1128
-4919
-2618
396
2352
-1171
-562
-55
-4476
3039
1779
-1939
-2341
1636
13
-82
-3830
2550
1082
2377
627
2987
2947
-84
733
4092
-3538
482
4597
-2256
2074
2218
-1432
-882
1442
-2597
-3706
-167
-1678
4030
2464
-2351
-4203
464
4304
-3224
3453
-3196
-2423
-710
-2462
-1241
4941
-4391
-147
-4731
-4897
2755
-2575
3375
-918
-1213
250
-2497
-4082
-4368
3285
3616
4120
1318
-2892
-1507
-3264
3976
2439
-508
-492
-3316
-27
2193
-137
1400
-4174
-3989
3415
2435
-16
-457
-4639
-3830
-2087
3604
-3975
4961
-2356
3198
4883
1760
2086
-1943
-3515
527
-888
3222
4104
-473
-1337
-2906
954
3056
-2322
3556
310
3527
-4436
2032
-4313
1581
1280
-3954
1266
-32
977
-2361
4680
-225
2827
2213
2922
-4328
878
-363
-4517
-3043
-699
109
1892
-4426
-1345
1118
-4799
-2499
509
-4619
906
3548
-840
3859
312
-4020
2645
-1880
907
3593
2926
-2816
2799
1615
948
4842
-2352
1017
-3805
2448
-2581
-4476
-104
-1486
920
-3462
3386
-4720
-4604
3949
-4476
1913
-4525
-4048
-1820
4668
4511
63
-1441
-4503
1635
-2618
-1716
2406
-1542
1696
2124
1947
3662
-1896
-3307
-1944
138
1838
-2480
-3250
2327
414
2552
196
-3898
3899
-759
4098
1410
-2757
-4140
-1839
-2109
171
-2863
-2118
-3446
-4124
3193
-3436
-4859
810
-4057
-4541
-600
-1433
1844
-3974
-1233
-866
-4613
1391
-4965
-1054
-3365
3553
3078
2904
-561
-840
2424
-3995
-1675
-1149
2838
2270
-1098
-359
-4966
-4470
2622
4414
-2212
292
-4109
3477
3049
4541
-3776
3509
-4594
-117
3333
3569
-1275
-485
-2300
401
-2789
-1644
-1114
1398
-3549
-2952
2487
2837
-4861
-4135
526
1006
-1476
-1381
-3063
-3664
-1846
-38
-29
4942
3959
-514
3509
479
-750
3883
-1864
2687
3572
-935
-2391
28
3265
-1804
-4843
1924
4476
-3811
-1500
-384
-2771
3963
2908
65
4121
-4204
4234
4623
-3055
1471
-4371
4269
822
4185
4168
2454
2659
-4002
2963
-1349
-1159
-1090
4139
3207
-3740
-4955
-4052
930
656
-1962
-4607
-4356
2633
-4202
4323
4966
967
-3695
-2546
-4767
-1283
1490
2461
680
-886
2254
-4236
-2668
3551
-2652
3978
1308
3397
606
2662
1310
-2576
157
2093
-3099
-3846
-2363
-1042
-3084
-2055
-2637
4988
-699
-2540
3590
1685
249
2719
1204
-3394
-2580
-4352
-962
-1570
-3775
-2591
4683
85
2786
1493
-3676
4305
4214
-558
2303
4377
-4698
2986
-4619
1444
3066
-2581
-4135
-2066
1016
1711
-884
-2010
4649
4214
-427
4586
4936
507
3075
1054
4154
2963
2383
-724
-2445
3365
-1879
-4135
-3321
2501
3860
-767
1410
-483
1407
-4017
-1059
2572
-619
-2438
-4553
641
1965
4254
-1286
-2931
3282
364
4666
904
2784
2269
1016
2834
-4589
-3562
3239
1573
2964
-2710
-2186
-3878
957
2671
2016
-4452
4236
-4716
2474
-4776
-662
-4924
150
1802
-2221
4157
-2148
-3436
3824
4079
-3885
-2292
-1086
3421
-1455
4442
3187
-3530
3367
-4903
-256
-1262
4340
4652
-1851
-2226
1102
-1429
-3176
-1556
2966
-3112
2202
2509
2312
-70
1191
-4359
-759
-4820
-4280
1236
-2490
-663
2041
3559
1409
3631
-1474
2064
-3181
-213
2073
3141
4937
-4569
-819
2575
-940
-1445
-3829
-757
4161
739
686
2307
-2027
2940
10
2575
4404
-4109
2781
-649
-3047
2906
4789
3671
-4618
564
-4419
-2867
-916
4373
4326
1384
4869
2561
994
3075
-1767
-4434
-1471
-2918
248
3995
3028
-1251
-2270
3974
3075
123
-4713
-2474
4378
-2192
-202
-4176
-686
-4112
-1480
-4660
-2452
1388
4927
4461
2468
254
-766
582
319
3914
2532
2698
-3075
-1899
-3486
4122
-253
-783
-1177
1489
-4585
3586
-3933
2466
2301
190
243
-920
1654
-1938
1479
-1235
-3716
3632
-1650
3416
-1349
-4816
-1906
-3903
-1657
-4491
417
-4740
-4363
4622
-2922
-2018
-2600
2003
-3700
-4372
-2183
-1067
-2407
-971
4362
485
-1372
3590
-3437
4045
4147
3980
2471
-4955
1401
-2878
-2247
1613
931
-4246
571
3417
-3892
4868
-4266
2257
-2416
3071
669
-610
-159
-3549
-3831
1927
-1510
2535
-3684
4246
831
-4972
-1692
96
4415
-386
4664
4064
4321
3847
3193
4684
1583
-573
2915
-3675
-4508
273
1418
-4055
4051
2883
2579
-731
4947
2317
-2301
-1341
3885
-1530
-3480
-1265
1712
2941
1280
-262
-1930
-2338
-2362
2536
2078
4876
1035
817
-4186
1626
-4021
-4804
2105
1521
1200
-2323
3242
-724
1784
-183
-2850
3893
3425
-4397
-4776
4556
4989
295
-109
-1774
1108
3348
-1033
-3875
-3233
-1779
752
2513
1687
-2175
-2120
-2332
-256
1040
-2497
1655
178
-653
1242
-2704
-207
-1906
-2277
2131
3085
3246
3152
3873
4444
4347
934
-2689
2400
-2602
-4242
-1154
-1697
-895
1734
3508
-408
-4792
3046
-2357
1963
-1137
-2351
509
2892
-1191
1526
-1011
2504
4706
2144
1457
4591
3981
-3048
4816
575
-4074
-4683
3949
-951
3279
-2820
-756
-1326
-1275
-3564
-4466
-690
-3199
-3047
470
1566
-2124
2615
404
1158
-1511
-1090
3303
-1640
-290
-3667
-4758
-4505
3748
177
607
-3074
1030
-2441
-4161
-4292
3618
-4663
-3480
-4614
3893
3200
2253
3756
2089
-2773
2921
-4536
-4782
2412
-2743
490
1525
-349
3053
-167
-1211
986
-1340
3229
-1256
3904
-229
4670
-2396
1531
-413
1743
-2346
-1473
3614
-4253
2520
-4443
-3145
3393
3529
-1561
4172
3880
-69
1262
4021
-3764
1710
4282
-978
4917
-56
-3395
-410
-3059
-4500
4457
739
-2142
4034
3968
-938
3407
-3367
590
2848
-650
2776
-1727
219
4977
-2154
-4944
1327
-1884
-1546
1912
-921
-1128
4844
4878
-4343
-859
2541
1857
-3782
-404
-1891
415
2195
161
3051
3417
-2386
-3657
-2498
-4701
-1797
-2551
4203
1707
-243
3280
2325
-974
379
685
-2905
2166
-2640
2568
22
-3399
-3090
-431
-4188
-4167
1481
-309
613
559
-785
-712
-2578
262
296
-3521
4975
3414
4495
942
2732
-4998
1783
3854
-2579
-3255
-3437
3098
-3286
-4052
3476
-2252
2831
473
-4132
3355
4797
3793
1537
-3571
4116
-4522
-874
-3263
-3222
4623
-301
3049
863
-765
801
-2724
-3704
2023
-3486
-1080
-494
-4832
4908
3784
-3
4461
-3280
-1279
-2378
3693
-1213
3351
-96
2572
1579
393
-4495
-3877
2309
-2500
613
-100
-2601
-2449
-3262
3734
2134
-4202
3296
78
1155
-3948
4782
1490
-3001
4332
-3357
-4533
-437
-3234
2596
728
-3956
2699
372
793
1114
-3447
3160
3997
962
-1971
1830
1451
3915
-4988
4254
4109
1684
-4141
3359
891
487
1061
-2977
336
-1909
1141
-3558
3005
-352
1995
-491
4309
-3634
-3073
2921
-1407
-4655
-1992
2528
4319
-2333
-3184
4673
2844
-4834
2893
4541
-147
634
3088
1481
2609
835
804
-1109
4282
-816
-2459
-4800
1766
-2457
2630
-3527
-4186
-527
1150
4237
-831
-2845
-4709
-1946
4392
-4524
-729
3384
-4253
-4827
-2279
231
3688
-2631
168
895
4884
-80
-4727
4072
4537
-3465
2758
3570
3941
-4136
559
-4383
-1001
3141
-3546
4814
4930
4340
-2903
3427
2594
-4375
4978
-4827
3725
4438
-4694
-1686
-3467
1966
1059
879
-3582
4258
283
-947
-4726
3941
-3930
-2076
-2358
-3812
3793
4269
-1819
-3448
-3607
4669
558
1411
-3327
-2468
3618
4111
868
-3494
4907
-78
-1666
-3735
2383
-906
4697
-2869
-4505
-4744
-2170
-1739
-781
-71
-137
-1200
4452
3502
-624
-1664
-4945
1521
-2213
-4515
4234
404
-1005
4729
-1386
-583
3135
-3300
-4079
-4193
2735
479
-1778
-2144
633
2338
4769
1968
-690
-1287
2260
4545
358
-704
-748
-1239
4736
-3163
775
4635
-2882
2108
2183
3559
-4233
1091
2736
1354
3353
2473
-997
3622
-4553
464
97
-4758
3165
-1905
-1791
4463
4500
2320
-2869
3607
3937
-3911
2468
4527
-2619
1381
2822
-1782
3261
3049
-4416
252
-1955
-107
-730
2098
-415
4192
2858
-1925
-2354
841
-163
-1273
3945
-3530
2495
3543
-1062
789
-2146
-1805
-3171
3273
-3927
-2180
1885
573
3119
-3736
1832
1790
-879
-1899
1809
-884
3594
304
-2326
3217
3130
-1302
2653
-483
-4360
1631
-2920
3113
-4457
-1959
-1885
-1999
453
-2992
4923
1153
-3883
-4693
-3597
2997
-3156
3076
4872
-4284
-916
2750
-3563
2956
-2418
-2122
1541
412
1720
-3361
1454
-1083
2179
-1679
2886
-4954
-3262
1611
1537
4724
-300
4535
4177
2327
-3870
-785
3
-3718
-2300
-1335
4992
-1935
2244
2259
2521
1139
4999
1637
4822
2001
-3554
3901
4541
-2790
-4566
3870
-1692
-647
4071
-2123
3779
1007
-4114
148
4019
2814
-1576
-4292
1989
-4967
3160
-4738
2136
4503
2359
673
-1418
-2576
4719
300
-103
-3875
-4281
505
-2912
798
1149
-4164
-2414
-2832
-3620
3748
-28
3153
-2834
2902
2022
3286
421
1441
-4433
-3351
402
-1698
3009
1557
546
3622
-2012
-3032
1145
4474
-2540
644
3367
-3833
-1197
1251
-1365
111
4616
962
3580
1026
-3395
4942
-3845
4128
1342
-227
1200
712
-1450
-1514
4362
-4300
-4098
-2751
413
-4143
-189
564
-4198
4019
4828
3423
2748
2233
522
-4468
-2724
2977
-3949
3548
-3249
-2890
4676
563
4925
-1704
1598
-1746
1380
-1233
2939
4192
4657
2934
-1500
-2460
-124
4776
635
4858
-3869
-3497
-119
-4727
79
-2261
-3926
-3353
-850
2340
-102
-4111
-3743
2965
4966
2807
1299
840
114
-4852
-2766
-4858
3887
3971
634
-2301
1419
3611
1272
-3241
-3859
-3933
-1221
184
-3249
2109
-4801
1724
1137
2786
4791
-4807
1048
1753
-4750
-695
-2668
4923
4666
238
4785
2843
2283
3184
743
3405
1213
-2779
3001
567
4395
112
-2330
-3798
-4563
-2847
-3150
-976
-4485
-2402
-764
-3964
-4964
-4872
2163
-4112
-2932
-2010
162
163
4498
3755
4256
4637
3488
-3486
-1543
2068
2170
2530
-4745
3795
-2462
369
-3271
3637
4732
4262
-4465
1302
2830
-3279
2685
3354
-3598
18
3192
3969
755
2125
-4284
-1855
-3473
-4190
-2977
-2042
2966
765
-1000
-1520
-4599
2383
-2054
-4211
2420
-2236
643
532
-2732
-4285
-4685
38
-2306
2170
621
-189
2984
805
1043
-3303
-4578
2686
-1618
2576
155
-2799
480
4879
-3502
3603
2065
3600
-4706
501
-59
580
3001
2811
-1416
3497
-467
-4382
3341
-1419
-4670
-4065
2305
-2737
-1692
-831
263
-3970
-2253
-1423
78
-2854
1015
2405
4200
-3545
-2260
-2763
-2414
2598
1608
4423
-4495
2480
3296
492
-4997
-4772
1602
923
-1386
-4685
-1360
1820
44
-3333
2074
4838
4221
-3887
-3112
1159
3999
-3926
-362
1217
-187
-3034
4528
-2305
-2255
-862
247
-3533
-3733
1192
-10
-121
-4265
-3957
-1506
-316
561
-2257
4067
-2744
-2080
-723
1047
-3076
-3670
4934
-266
-2666
-2279
1464
3968
1654
1281
4600
2393
-4618
-3903
324
-1549
-2277
-747
-4869
-257
1504
2231
-1281
-2921
-1291
2065
-2404
3615
-3950
-805
-2368
1619
-1082
-4522
-1477
2704
626
-4448
2482
-2358
839
-3689
1843
-4664
2401
3056
-2799
3418
-4571
520
1957
4364
-865
-1645
-522
-2686
1406
4528
-4001
3625
1009
3645
-1086
-2903
1050
1795
-552
-1739
-198
-3369
-147
1846
-3108
3936
3289
-4201
-10
3958
-2300
411
1424
-4208
393
4809
-3813
2659
4105
-2833
742
-2789
-908
-3017
-2514
1967
-298
-4973
-613
1627
-3197
-705
4204
4480
3756
-103
-127
2956
3483
-561
-3989
-2743
2224
-744
4646
-1662
-452
4694
3925
-3833
3900
878
-3677
-3557
3883
-2421
-4879
292
-4672
225
-1668
1280
3476
1021
-4260
-1417
1266
3307
-3542
511
-4151
-4168
1402
3257
-4774
-361
1163
-4592
-3283
-4109
3610
2307
-4109
-154
-858
-525
681
814
1234
-3924
-4072
3695
-90
-1619
-4612
-205
-1399
181
1157
-2844
4296
3344
-4056
-4249
2075
287
4366
610
4463
-1834
-4429
2149
-3955
-4694
682
-4852
-2752
1765
1621
-578
-4270
374
-457
-523
-2389
-4444
2922
3687
3087
1350
-910
-1984
-3
2470
2816
-2523
1078
308
440
2754
151
-2828
-692
4346
3542
-2202
-3072
1351
-2117
1654
-4138
-826
-930
3114
-2734
3642
128
2256
-643
2233
415
-231
2519
1723
4552
212
-235
152
-1464
3731
-2645
2574
2184
1662
-4940
79
3145
445
1437
1882
-4096
3615
-2590
-4712
3736
-2920
-4033
3133
1848
3973
-4025
-3858
99
-4014
4993
-4040
22
1890
1248
846
1916
-1871
-242
-1846
4125
-4088
378
-1519
-3897
-3342
-3838
55
-4317
-3801
-3256
2283
-3070
4498
3125
3032
-4798
385
4652
-4260
995
-414
-3985
-3933
-2663
-1307
-2429
-1802
34
2272
4184
-2461
2812
-257
-3265
-1848
1408
792
-4352
2099
-206
4651
1215
-1027
-1586
-3374
3415
540
1153
-2196
139
-1359
2448
-1125
-3015
992
3297
925
-318
2352
-3750
-4256
4226
718
-4197
952
-234
4092
35
589
-4452
3437
2234
-4033
2397
-4087
2262
-1671
2765
219
-4472
-635
-1811
-1647
-1282
2746
-3230
3115
1569
743
-4044
3500
-1380
-3137
-3948
2770
2466
-1893
2214
2818
2317
-129
1002
2123
-522
-3266
4436
-2755
341
-4798
-3610
-4774
-2325
-2502
-3021
-3154
-4081
-89
-1416
-1719
-4947
1746
4222
-458
-338
3483
-1142
1498
-3141
4213
750
-3064
2837
3168
-1706
-4015
-4106
-4740
-897
-812
540
4504
-2913
4315
263
-4073
-3407
-4578
4366
-3723
2223
-1914
1630
3843
2292
-3065
-971
-881
-3143
1540
-3510
-2622
4238
-3157
3020
4110
2883
-3911
-3259
-2605
-1325
3747
-2108
3044
1486
1712
-3770
3929
-1736
-3719
3794
-720
1733
1189
-4486
1933
-2359
-4336
2236
828
-2577
2705
1044
-2798
-3164
-3219
-2227
-2949
4490
1426
2343
-3860
4395
395
2927
-455
2064
-4570
4532
-3317
2339
514
589
2179
4842
-759
-1861
-1318
4704
-2559
144
4209
3470
-3222
1852
668
471
3612
1495
-4578
734
-634
-2638
-3723
2518
-1978
-4991
2068
3755
-2770
-2823
2452
550
2834
-3036
-4302
-3154
75
32
-744
1696
1588
-893
942
-2120
-3727
1960
3909
-3624
-4096
-4187
4459
-393
-3383
3621
4780
-4650
4142
275
-201
-1048
-2137
2251
3847
-4402
-4562
3869
3467
2327
4620
-2236
-2814
-3201
3059
1825
-534
1504
-4780
486
1120
1576
2182
-1016
4163
523
-4489
507
-2969
1507
1294
-526
-4110
1642
-1688
-2374
2877
-1236
-819
-2622
-1272
-1340
-785
4142
689
-2879
-2276
-3592
-4767
-1667
-371
4851
1855
-4960
-3217
4487
2462
907
-4335
2863
-1645
-3710
1158
-4201
-3044
-4509
-3964
-4610
-4162
2736
2489
-1070
-1497
-1903
1440
-4161
953
2351
-3993
3383
-210
2701
-1630
-1189
2165
4868
-1665
587
-1661
1309
-2746
1499
3583
-3536
657
2812
3175
-3365
-4774
1826
2668
2006
-850
-153
2256
-2464
4082
-4509
3660
-71
-1303
-3374
939
4389
2932
3039
805
-4959
3523
-84
419
-705
3302
-4644
-1657
-4547
-222
-1771
-2336
76
3855
-1676
2443
-1777
-1221
4504
-3865
4646
4463
-709
4941
1926
4587
670
755
3
4214
1041
633
-2951
-2976
-1880
2940
-2823
349
3093
4199
4860
3810
2429
-4194
-1202
-4318
84
1112
4487
28
-3433
1098
-2642
1260
2506
-1312
2809
-3270
-4645
-2887
384
3708
2994
3656
4595
3663
-714
998
3119
-1704
-1528
725
3982
1882
1849
-1330
-262
4006
-4501
256
2094
3363
2032
1338
4492
-4383
4932
3822
1511
-3948
-839
4872
4477
2445
4596
-3028
3703
-1817
2993
-2795
2098
831
-2424
-3394
2269
4564
1502
3181
-1694
1199
2086
2310
-1481
4127
4800
1232
1146
2700
-3818
-3117
3904
4762
-4794
3210
3668
1344
1216
-4515
-247
2441
-2947
3453
4072
-1150
2132
3191
-2891
-3925
109
-1027
-2594
2738
-3287
3986
2054
-2065
-383
-657
-627
129
1843
654
4698
3986
-1051
4818
-1002
-1486
880
-2356
-2052
1038
-3121
1977
-1598
2867
-423
-3177
3484
-3134
-3121
-3597
-4402
3248
4583
2582
796
-822
-4931
4727
-1768
1192
2828
-4369
145
-2042
-3441
1183
3197
3566
-4360
-719
21
2880
1511
2485
4854
-2017
1183
4342
2178
2615
1649
-1202
2209
4403
1402
3804
-1441
1845
-841
3104
-23
-1966
-1083
3500
-2561
-4079
2786
2218
-4417
-2579
2980
2951
919
-2371
1240
1616
-4083
-4415
-4086
-4859
-4258
252
-1163
-3450
-3217
-3407
3325
-2300
4302
-4507
3187
3522
-3533
2644
-2279
-4858
3875
1695
2409
1399
-4403
1437
3650
3133
4682
-4440
588
-3753
4415
1427
-3430
1184
-4796
4512
-2523
-1536
-3391
-617
-2499
-2671
4820
-4202
3008
-1492
-2308
-1066
2898
-1704
-1757
3500
-4929
-2112
-1202
716
-2168
-2119
-4046
830
-2198
1950
613
-438
2683
-1868
4337
2061
-1452
-1768
-1898
-1743
-2633
-96
2890
-3843
-4574
-2441
-4686
-1935
-3702
1244
-2543
-1481
-386
4435
4302
3512
-3262
4413
-3445
-404
464
2840
1972
457
4581
1083
2533
4501
4451
-4410
4016
-4437
-2610
-3289
-1137
-4629
3350
-1845
-658
-3857
805
-3893
-2091
-1189
250
-4539
3086
-3344
1885
-913
-1704
-4736
965
-1197
3010
3304
-873
1979
1029
-2533
-2441
4094
-2278
-3917
-929
-4728
-65
-4415
3746
4182
3641
-2320
2491
-2886
680
-3484
-1122
-3184
-2422
3246
2522
2540
2891
3374
-3296
-3700
-2523
4060
2621
2660
-1683
94
-3102
72
4683
-3340
4655
30
1722
3916
-1504
-352
-3192
3998
1098
-4423
2342
-2455
-1340
-4585
-3959
-426
-154
-1198
-4976
-4111
677
-1614
-4026
-4237
-4628
28
4751
-4574
-4580
-4937
-706
4027
3869
-4637
4536
-2049
671
-1889
-1797
2613
-4162
2146
2674
3413
901
-3866
1191
-3074
631
3880
-3467
896
-3864
-2393
4184
168
722
-3422
-2335
1496
-2498
-4697
-2418
-1385
4908
-4479
-255
3325
4542
-953
-591
4147
1814
656
2338
801
-432
186
983
-2337
-1297
1356
932
-4651
582
1085
3985
-1712
-3443
-2537
-4467
3996
4448
4373
-4660
-174
-2441
-1198
2510
1633
3560
168
-4232
1189
4799
-3579
4720
-528
3146
1591
3657
-1866
-823
3545
4834
-1991
-2187
-3189
-4514
-418
296
3724
2252
-113
-3502
-1496
-4103
-2993
4716
-4226
-3184
2047
1693
-4746
2088
-2909
-2868
-2940
1033
-3033
650
-1735
-4356
-404
-2193
-947
-4380
1116
-4171
-4490
-494
4192
-3158
4229
2448
1622
-73
-4135
-4888
4226
2121
-3208
585
1036
1380
-3872
3530
-430
-3653
-775
1442
4518
1810
1736
2712
3926
-1777
-1178
4771
-4773
-2670
-4996
-2622
-1231
-1833
3395
-2522
-443
4972
2844
-3206
1508
1454
-3824
-542
-1989
1920
-3039
-2652
4250
3366
1220
2125
-2265
4052
1353
2170
-4897
-1539
-1009
1819
-2233
4160
-878
-579
2849
-1637
-2547
-1407
-4806
-2679
2020
1123
-4004
-362
3608
3779
-2920
-4865
2647
-4156
-4790
1348
3577
1530
3159
2639
-56
-3583
2093
3325
-1994
-1429
2701
1300
-4623
-3268
1718
1020
-2471
-3659
3369
4932
360
663
-1326
-4867
600
1266
-371
-3509
2582
-2058
3732
1385
-597
-1067
-2405
-4074
2765
3743
3822
-57
421
-2801
288
623
2246
919
-3753
-3328
-2827
-2959
-1632
3971
2446
710
-4628
1038
-4671
-4599
-1686
1421
2927
-3520
-1715
3461
-3733
1456
656
1648
-3281
847
-2411
4
-3645
2666
-1806
-4274
2979
-2381
1655
-1487
644
-4307
3377
-957
319
-1631
747
1801
-3936
-3346
1826
-1095
3841
4421
1915
4168
-2768
-4887
-63
-2690
-1330
-3226
-171
1967
-1647
4367
738
-2039
894
-4258
-4405
-3675
2105
66
-3412
3126
4415
-3647
4355
-3548
-4411
-3118
246
-3641
2634
-3007
-2849
-1868
-3768
-2573
-4410
-1017
-3623
312
-3954
2935
-3940
3220
-153
3561
4451
-4274
2424
-2376
-1479
-2641
-1827
-2373
885
4665
-427
571
990
4858
-3963
-2135
-1435
-1176
574
1434
3179
3854
2394
-3047
-2981
3626
3533
-3163
-3037
-121
-4722
1915
-228
-2978
3742
3090
2286
1387
3560
2356
1435
2738
467
2405
1561
-1591
4621
390
179
4474
-2670
-4468
-3121
-4432
-4911
4350
-1827
-4565
-4441
-1130
1711
4067
2666
1484
2490
73
-4874
1889
3775
1884
3395
3700
3850
1513
-2340
286
-1615
-4786
-2583
3528
-4116
489
1542
456
2495
3741
802
4689
-2770
255
-559
-1982
-704
-958
-3037
966
4337
-1336
-1853
1214
4330
745
4402
-347
235
-4616
-3748
3001
1484
-3255
1624
3562
2521
-2891
4156
-4680
-4997
-38
1023
924
-67
3286
-3774
294
-3513
-3221
-3390
3239
3662
4776
-3787
-1444
-2385
-3381
3940
706
-3709
-2106
1348
1531
-3683
3434
-3227
726
4261
-2783
4657
1910
-4568
-4779
-2679
-2773
-3465
-1263
-3414
-123
356
4102
-2126
-1294
-3234
339
4027
-4515
-3282
-622
-1364
2200
3091
-1501
-742
3846
-1497
-4202
2974
4237
-1601
-4357
227
-974
-288
-1536
4402
3727
1630
-3052
2896
786
-653
-4750
4257
-4456
699
-840
498
538
2321
-2847
184
-3397
-3477
-3292
4868
2080
-4262
-1458
-996
-3695
-3182
-1753
-53
-709
2287
-1229
-4800
-1278
4909
-1552
-1817
-1330
-4761
-1003
3698
2591
3915
-800
-1514
-2934
-3701
-3821
4934
4756
4267
-4650
4634
-336
-4713
-3750
2583
-1790
2317
2683
842
-3359
469
-400
-1733
-323
1685
2028
1814
-4803
2775
309
3991
-4725
1282
-952
-2133
2179
-932
1594
811
-1046
4234
4286
-4888
497
-1158
-3050
-1118
4033
-1303
-1995
2633
166
-4518
1500
288
-2197
-1770
-1877
-1885
-4960
-2243
-2795
3561
-4051
-4226
1407
4394
-1375
943
-1679
-3727
-3010
105
143
893
2083
3220
-429
2159
-982
-978
4019
1466
-1587
3038
-436
-852
4489
-1419
-1711
-946
786
-1220
-2446
4820
-3826
3038
833
-2955
-465
2817
-3548
-1846
2333
-1035
-878
-2055
-160
-1824
-2044
-3648
2468
881
2093
1932
1141
-370
1862
-398
2930
2228
936
3086
3195
-2507
-4969
-3507
2534
4762
-2176
-2615
-4595
-3164
-3922
3643
4714
-4221
-401
949
-1282
-4196
4990
797
-624
-4760
-565
-1607
4853
-259
1631
-4803
1009
-4252
1706
2224
-1943
3116
190
4499
4493
-1935
-675
1660
3450
-1756
4500
2901
-2602
4691
990
6
-3778
-3303
-4627
-2192
-1757
1929
2569
-472
-3030
-628
2330
-234
-2681
2365
-2410
-965
1390
4632
-933
2904
4001
-4588
1875
-3867
-3105
-3124
-40
-2503
-1641
-3398
4045
3510
4888
487
1688
1219
-4938
-3676
-251
-2250
-2065
1536
1736
-1237
3433
1408
-1536
4065
-4482
-262
-190
-221
4934
2868
-4891
-3656
4252
4323
3520
-4815
510
-4411
3307
-1172
4832
-1383
-3878
3597
4057
-2792
768
3318
-1850
-1748
-1588
3716
-4664
4013
-489
727
4449
3540
732
-3142
-2076
513
4053
-3637
-1229
-2557
3597
4352
1050
-4655
-1680
1320
-1610
-1767
-2067
-1328
-2727
3545
-2003
625
1977
2605
-1603
3610
3458
2343
-4299
3843
279
-1513
-382
2242
-3944
-1657
326
-1144
1484
-240
1182
1061
2794
-2770
1666
1559
-2463
787
488
3180
-4086
-2655
-4102
3781
-1687
2161
-774
-4894
-1793
2776
-1821
3565
2033
4555
622
-423
1117
-2385
-1782
3966
3643
-340
3213
-207
-2515
4521
-1739
1004
-4104
4857
2092
1782
447
2193
3588
-109
-4834
-2666
-3071
3765
3729
3143
1139
1030
-2825
1763
-1982
2276
-2954
-3744
-3744
4185
-4644
-3343
1117
2311
-997
3113
1058
4611
-1552
505
2703
3139
-3284
-1864
-3755
-3827
3606
-4281
-4769
-2642
607
3921
-1081
-3556
-2302
1719
3621
-3308
3639
-1711
3086
1982
-4363
3160
-1421
-920
2233
-3680
-2413
-2105
4678
-882
610
1452
1264
1671
4161
3093
2643
-4101
-3599
-1527
-2034
328
-2422
3720
-775
4910
4577
449
-1662
4438
3503
-2777
-615
3886
-1729
-928
-1632
-1610
-4915
2443
-1549
-3751
4109
2757
-352
1651
-2752
-4372
4841
1392
799
-740
325
875
-3531
4177
-2089
123
2423
-3174
-3114
1638
-2099
-1099
-2220
-4649
-2638
1068
-3845
-495
-1755
2859
4640
-2101
3652
-4923
4592
4652
1741
3397
1599
240
-810
-4688
458
-1076
-2755
-3575
-4906
-2993
950
-2466
4646
636
4324
3444
-4371
183
3278
4055
-4837
3437
-735
-4414
4427
-6
-3231
4608
4348
-3312
-4953
-2578
556
-3206
571
2736
3286
1926
4427
-2008
3634
-3152
1198
3369
4924
-4673
1451
-4469
15
3087
4330
204
870
-2385
-4903
2355
-3145
1406
-2213
-4000
4443
456
1455
-1947
707
-3088
-4151
2294
-3132
-2911
3479
2056
4522
-355
-1801
-1672
3236
-3231
-4735
2661
1117
3421
-1234
4892
4729
4733
-2409
-3415
-4229
-1925
2966
542
-4001
4709
-3110
2243
1110
4358
-2145
1754
84
-478
1277
-1173
-2634
-1385
-2275
-2137
-3558
-1431
4491
-3489
-3790
-3852
-4084
2925
-3892
3935
2072
1000
-1449
-920
-4270
3037
-63
2681
-2446
-4829
2945
-4686
-2292
-511
-3255
-2696
-2224
-739
580
1780
-137
4234
3713
3543
1860
-2541
3429
4560
-1579
145
-4993
-4713
-1114
-2722
-4037
-1080
-1216
4757
-448
-3700
4537
616
-3495
1762
3457
2660
4720
603
-1237
3739
1427
-4334
-1977
-673
-3670
3785
2865
1840
-1380
-4395
3956
-2518
2554
-1314
-1389
-2997
177
-2759
3046
-2610
-3787
-1405
760
-1504
4253
2709
-3789
4477
2697
1156
-4904
-3642
-3310
3709
3789
141
744
-1404
759
-1238
4434
-1820
23
-3930
1596
-2189
3950
3555
-666
3340
325
-418
-4515
1654
-1379
4062
1228
-2892
4275
2874
-3337
4424
-24
-4761
914
-1521
2395
-3265
270
1393
-4363
-1084
3732
-185
4979
-394
-117
2408
-4799
287
-2342
-4037
2773
-4383
228
2674
-3152
2433
-3570
-1305
3472
-2470
-1354
-2715
468
1245
2985
4664
-403
-2730
3987
-2799
-2177
-3889
443
3534
4347
1588
2795
1097
-3095
-2495
2089
-1027
-730
-235
-63
2356
-3259
1506
2324
-1850
-880
2324
-4799
2840
4877
544
-4454
3264
780
-3960
4798
1258
-1383
-4687
4018
3387
-670
4709
4494
668
1471
2041
2592
-784
3255
-504
4152
-183
1423
4946
2327
-1507
-3913
-1822
-3012
-4514
2731
2770
2651
-3392
4280
1078
-4925
-200
4619
2302
-1083
-4056
2252
1627
3544
-4769
4817
-2615
4529
-3716
4212
611
3755
1393
-2672
-2950
-788
4428
1910
-1989
1724
4614
-1371
-2354
4285
1562
-3561
3426
166
4511
-2365
-4616
291
578
-3600
4788
917
-4735
1457
3121
1320
-4658
260
-2952
4154
-513
2456
-399
4675
-362
4283
4911
2267
-2922
1197
-2515
3669
-2447
2801
-1197
4469
1104
3778
-1780
1159
2869
-2952
-2073
-315
434
4250
3678
4054
-392
-2720
3329
-4605
919
-4411
-4924
1381
-1635
1214
1725
4755
-2051
4172
-3278
-4288
2802
-74
4193
3425
358
-469
1030
-3982
-2466
-3157
-2480
1507
-3007
1560
-4125
-620
-1217
1331
-3142
-1942
1325
-4083
-4296
2772
-549
-3618
-2014
4232
4246
-1988
4892
1326
-2385
1190
-3516
2271
-3448
-1944
1868
3612
1742
4243
-1429
1567
-3496
1790
4707
-2082
351
-1983
4749
-4158
4073
296
-4449
-256
-2749
173
-4385
1174
-4800
715
3409
1737
2791
4558
-3879
3789
2249
852
-2818
4865
-10
2492
961
-4154
3342
-4667
2682
-3549
3861
4863
2468
-856
4837
-3285
-3981
4530
-1695
-2670
4587
3978
-3589
1514
-2812
-1186
3979
2027
96
3011
4576
-191
-1310
1187
1146
4113
147
-480
2376
3564
4419
332
683
2160
-3496
3533
-330
-3498
-652
3587
1189
-4109
-1161
-429
-4716
-4621
-4037
4647
2831
-1580
2188
1549
-1965
4762
451
3874
-3553
-2236
-1756
-1326
-4900
4005
2507
-1164
-906
-2889
3932
-2570
2897
2615
4422
-1842
2724
3405
4560
645
899
-2458
-3068
-4797
-4165
-738
1558
-4052
-3885
183
2411
-4320
2558
4638
-2723
-3459
4932
-681
4637
-812
2444
-4814
-516
3108
4848
1265
-4967
-3488
-1820
-4336
1486
1240
3003
-114
2139
-473
-4483
-2123
673
-2470
-339
3296
4892
-2032
1296
4015
-4731
-607
-3003
-3657
-1160
-1204
2435
-2333
1666
2609
1990
-4248
-840
67
4968
-2321
-335
-649
-993
3615
157
1831
991
-4928
-2108
-3231
4551
1494
2314
4712
-1143
-351
-2438
-1377
-3975
4276
-2373
398
-1338
858
-2777
-1632
-3192
4764
-1144
-2208
3347
-495
-3032
-2225
266
1011
4943
-148
3105
3589
-2681
-1961
-452
1987
-4533
-2345
546
-4928
230
-668
2413
1781
-2684
4332
-4954
2745
-2425
-1170
-962
-1982
4633
-733
-2151
1835
47
-2328
-4889
-3900
3953
221
-4393
2651
-4589
-2502
-4458
4059
-2378
-2491
-4270
3606
644
-4918
2492
-3181
-921
-681
1082
4436
-4815
4201
3470
2941
1878
-232
-2630
2736
2613
80
-4922
1732
1770
-590
4196
1189
-1766
4163
3861
1278
-3392
-4628
-2763
-1334
-4092
-3587
3042
1603
4280
-711
3230
3710
-3506
-4281
-3570
-3336
-3361
-2613
4690
-3946
636
-2278
-2584
3967
-740
-2533
4744
-2912
2747
1795
4033
2029
2688
-3064
3260
-2478
-2648
3089
1734
-2763
-819
4430
2084
-2780
-2313
-2975
-1356
1833
-2391
-1785
-2973
881
-2433
4344
-3932
-2676
-905
2056
-221
4342
-1374
4109
-1214
4648
897
-3616
-2607
4639
-2928
3953
4162
3742
-3486
400
-572
-2204
-3310
2957
206
-2073
-2959
-1402
2542
1931
-1498
3151
-3230
-2017
1033
1101
2885
-2245
765
4401
416
-3425
-4294
646
2552
-2352
-2917
-3276
-2087
1332
2779
1914
1699
620
-495
1539
4824
-2036
210
-2825
389
-4105
4230
-1219
-1812
-3033
4353
1573
977
2350
3750
2596
3930
4588
4196
-4159
739
3390
2003
4010
-3390
-1202
-140
-275
3901
3562
3930
2106
4754
-1615
591
-3396
-2941
138
-4828
-1828
1044
-2414
-2076
3780
-4332
62
-1464
4647
2046
-2104
-892
4868
3300
-2256
-1348
-3695
4465
-1555
-1737
793
336
4192
2834
-465
4082
1302
3288
1168
203
-555
4789
-139
1165
-1629
4184
3085
-4385
-2862
1996
155
3871
-1471
2711
-1796
1795
3469
-2734
-4248
-4851
2957
-2890
-3613
-83
3363
2809
-1332
1159
-4263
4785
-739
704
-3464
-3147
624
3953
-956
-4345
1079
-2923
-4216
3347
-2384
-4421
468
4846
-433
-2288
3796
-2445
-4150
-1063
2597
-3154
2999
623
-934
-2939
-1822
2043
-3616
3890
-866
4905
3993
4480
4644
-1161
-200
-3561
-2677
-4728
704
-1156
-3395
3000
2443
159
-3071
1214
-471
-1571
-4406
-25
-172
3497
4671
3164
2318
283
3377
-3495
223
96
-1144
-1652
861
1699
-728
659
-946
-1892
3598
1985
1098
2150
-1508
1127
3125
-1341
-4783
-131
2735
-2817
-2573
-1228
-599
4626
2099
4936
-4495
2667
-2802
314
-1110
-2816
-2848
-4236
3230
-1037
4218
3913
1998
-1716
-1061
-1977
-271
4338
3417
1189
-1531
-3104
-3277
-4816
-2687
-3353
-4809
-2689
-1314
3975
2584
-3935
4615
-1068
4527
3209
-2186
4029
-96
1326
-4682
1794
2402
-4941
2463
-4995
-1019
-2240
-587
3691
4539
2015
1875
-3881
1793
-686
4656
-408
-1976
2575
3164
-216
-94
3415
-2552
3801
-586
-1745
1833
2416
-1981
-1714
3332
-1403
-3720
1447
-4027
-4635
2243
1569
905
2381
-3890
-647
3312
339
-1904
-2339
-2876
3373
3185
2279
2846
-1815
1605
-4037
4030
709
3713
-4829
-3568
607
-3820
-816
-4734
-2584
-1704
4435
-4516
-4444
2494
3789
3598
-3143
-285
523
-3537
-1364
-2541
-4064
364
-3867
-948
-37
-2811
1612
442
3807
2543
1461
2899
355
4760
-4024
4122
928
844
-2185
-92
-4785
626
-3099
-891
3808
-194
-2303
4100
-3508
191
-4062
1071
4223
4492
3299
-2946
-1554
3734
2923
4269
3121
-934
4149
-1354
415
-2515
-3015
-1884
943
-1048
-112
4235
-3127
-2102
-3607
-1376
4986
1502
-3895
779
382
980
-4981
3664
2408
-2356
-4683
1151
3436
-2791
3845
599
-909
4661
4767
-1755
-4440
1247
-963
-1653
4135
4261
-3602
4836
2144
-4745
3818
-2459
-4184
1368
4133
-1546
214
-3776
-1699
-526
4234
-396
1401
-2188
4247
973
-226
1287
-2738
89
873
-1903
-3866
4191
-2171
-2359
2846
489
-4903
-2561
-4760
-1899
-4893
4756
3824
2524
-3390
785
153
-416
-2936
-1466
1444
3616
1676
-3090
-31
2242
-69
1628
1687
694
1503
1771
1903
364
2231
-3358
-1088
-1023
4077
-643
-4891
-3115
-1790
-163
-3127
108
-1919
1580
3912
-620
-3097
3102
-1081
-621
4601
-374
2288
-818
3316
3719
-3097
-2793
-4798
-2586
-2374
2653
2584
3787
-1527
4660
4590
1384
-2784
-1440
-1135
-2044
4083
-992
3399
-2991
3172
2117
-4986
3661
2387
-4944
-963
-4401
2237
4725
-3427
2409
2444
-2632
-814
630
-1142
-835
-1871
-276
4821
-677
-571
2043
3376
-2988
418
-1871
-3993
-4380
-4265
119
-1813
1314
3049
-1989
1430
-3211
-44
-3002
3545
4157
-309
-3946
-3663
3046
-4668
3234
-2383
2007
1907
2685
-2282
-2681
4048
-4536
-3896
737
-4122
-3675
-2353
-1772
-1372
3435
-2127
3834
4248
-823
4844
1006
-3258
-2473
-3977
372
-1373
3269
-3583
4027
668
-3835
2282
4145
-820
-4965
3020
-1979
3872
3446
-1590
-1482
-4230
-4245
2475
1882
220
212
-901
2263
4296
-2173
-448
-3068
-4141
901
4748
2424
-3518
4999
2858
-4476
-3383
-2586
3808
-3545
-4457
-4404
1723
1145
-2138
-1742
4752
-2428
-3722
2266
437
-867
2900
-2584
763
-1486
-2644
-4376
-1558
-2095
-3011
-2406
-2300
3110
4981
-4763
2340
1164
-4299
3226
3023
518
100
2921
-3408
2760
4618
-270
1801
3690
-1536
-3471
3442
2683
1938
-3811
-2971
-3847
3864
-762
3544
3487
-3029
-2612
479
4205
-151
3407
-3793
-3576
2568
-943
-1223
-3709
4125
-3169
3371
339
-2111
2047
-2063
-4179
3752
505
2627
1671
3743
-1201
-1583
600
1755
-424
-857
3043
4183
2785
-3472
3936
-4682
-3492
-3425
3828
2603
-3564
4764
2338
4997
-4806
-1051
-744
3941
-1871
2489
-2671
260
-2545
-1834
3613
-3635
4805
-1824
2056
1847
-2539
-2011
-4380
851
1511
-1814
4314
-1452
-4004
-2062
-2159
338
4596
318
-2484
2374
3761
2871
-3210
-66
-822
-3860
-3316
3127
-3533
-137
4952
2490
2483
-1334
-286
3398
125
49
2511
-910
-905
-3346
-3835
402
-527
3803
-1489
-427
-4794
2694
620
-2465
-585
-2877
-4416
2984
-4980
-886
-604
-1050
1929
4195
-1260
2240
-3417
3644
-4066
-868
-3078
-1428
4280
-1582
-745
871
-2695
-3682
-1278
-985
-782
2522
-1309
-1815
-1633
-4320
-684
-4180
-4733
156
970
567
2972
136
-1876
322
-2391
-1099
366
4144
1836
-3194
-1409
3320
3974
3587
-1025
1766
-1172
2002
3436
-4192
4225
-612
3209
-4615
2477
-4969
-239
-924
-4441
973
844
4695
3051
-2338
-2837
3704
3641
873
1161
1134
-392
-2374
3663
-2406
1399
2966
-4890
1635
3920
3978
1322
-4898
4937
1694
2199
-3773
4079
4315
-141
-2876
-1590
-4123
-3711
-4427
1932
2539
2919
-914
-1062
1159
4348
2347
1655
-4934
3342
2123
3476
3647
4023
1263
-745
-1865
3988
88
2381
-1069
-3245
4860
-2839
-1850
-2333
-72
971
-3055
3060
-3984
-103
4774
-1887
-4548
1911
2723
-2660
3045
-4291
-1187
-2984
1990
2707
2035
2330
-1390
4136
-2414
2560
-3616
-2775
-3241
-1393
-2987
573
3375
3212
4343
1172
-4740
-4439
-2223
2724
-4710
4035
1661
-2299
-2277
-4158
70
-4711
-3055
2367
3046
779
-1284
-4623
197
1972
-1340
-4203
2592
4501
-3835
-4275
-3032
-3029
-268
-155
-3137
-2289
4902
-748
4467
3743
-4799
1479
-134
853
-2825
4609
763
-3681
-3860
-4640
-1084
1134
-1922
191
2176
-902
-2096
-1651
-1679
-449
944
1057
-4544
2652
723
-4972
3465
-4050
-2393
-2083
-2251
3423
516
-1906
-3082
-2493
3359
-3184
2278
-1101
-1717
2068
2587
-1956
-3423
-316
-4216
1841
-2701
2377
-53
-1869
-1389
3229
-1368
-2256
-4654
4974
-3485
-2916
1833
-3500
1034
4314
4833
3941
-2889
2682
2324
2654
-2373
2713
679
1833
-4347
3673
2615
1758
3421
-3866
2024
524
2118
-2265
-564
4100
874
1416
-3072
2318
2288
-1837
-1407
800
402
-3490
-1935
5
2534
-2012
2912
610
-3435
6
392
972
3946
-1257
-584
-2016
3969
-1087
-490
-4257
-279
49
2116
-4653
-1614
-2247
-3704
3105
-635
-2361
-1151
628
4099
4962
4064
4389
-4672
-182
-3084
3460
4199
2174
4852
2708
2549
4592
-3643
-2368
-4882
-15
-1200
-4115
3624
-1838
-4593
-4179
-1851
1742
-2488
-1682
2949
-4575
-904
-929
-133
3219
1786
769
388
-4104
-2281
-1023
4547
-939
-4085
1658
-3161
2525
-2259
270
-2448
-3047
2017
-2179
-2970
-1740
-4965
-2889
-2087
-3006
-2219
4617
2093
3875
-2091
-986
-1006
2520
-372
392
1994
-3687
3901
-2691
-4305
-2346
1353
-2664
-4239
1251
4819
2190
-1174
-4051
-3580
-4951
-4061
-3314
3297
3119
-972
4007
-1864
-1612
-4368
-959
831
-3303
236
-1839
-1263
2913
553
-4143
1480
2911
-3337
3714
-1203
-3593
3797
899
266
3093
2872
-1861
-662
3048
-3658
2097
-1510
-1072
609
-4342
-905
3485
-901
-301
1869
4430
-348
1254
-4087
1805
-3317
1912
979
4080
2801
2216
33
-1324
-3856
3927
-3529
-2853
-4353
-4442
2623
4303
2833
-1129
4786
-1931
-3336
3569
-4387
-1118
-2104
3391
1104
204
-4997
-1222
4934
-2389
3635
-496
-817
1307
3265
-2076
-3633
-4868
16
3280
-520
-499
7
-3491
1858
-1846
-4979
948
-307
-4831
4497
-4858
-1894
-2071
-1233
-3099
-4536
-1312
-1315
1940
-699
236
1293
-4596
1788
-2321
-654
2594
3042
1119
4695
-1830
3948
-1725
3589
-2493
4776
-3528
3117
4767
2516
-1588
4864
-4068
-1474
-1767
-3951
-3118
-2754
-987
-22
-4189
2001
-3779
-3769
2217
-1131
-1575
-173
-3447
3638
4193
-2384
3320
-4565
-4383
1681
-4833
-2271
336
2443
3210
-1071
-4563
4182
-3786
1542
-2332
-3547
1916
-4143
2069
4719
136
-1979
2035
-23
-3903
994
-4061
-1515
-2049
1996
4028
4993
-3701
1965
1671
1679
2510
-4108
464
4968
404
600
4935
-1886
-4118
3644
-845
498
747
3754
2539
-3530
1932
2665
-933
-2404
520
-4281
4525
403
-3083
2372
-2681
-556
-3077
157
4660
603
-3850
4542
4314
2749
-4939
1872
-2155
-1344
-3451
4049
1262
-3375
-4310
4554
-4146
3465
-376
-183
-4661
818
-4770
-3798
1491
3063
840
3972
-4744
-1340
-2585
-2124
-736
-1514
1225
2940
-1824
-112
-3677
4840
823
3689
2306
565
-1121
3662
-2986
4446
-867
4318
-2020
-3423
4309
-2077
-4053
-2127
-1974
656
-2860
1139
2365
-1782
1611
-4802
-4722
-4699
-1177
2724
1538
-4514
-2396
3298
1707
1214
1971
2856
4399
-1724
-2629
-4167
-3804
-1230
-731
-3368
-1380
-4136
171
-2505
1186
-2180
3709
-155
3510
4800
1529
-2381
860
-1436
2047
-4732
-4948
-578
-3763
-74
1494
-515
-2756
-1770
-446
2488
-4112
4941
-3971
134
786
-3190
-4806
-3366
4925
3305
-1718
-4225
3096
-2607
-3766
-1462
4656
3359
4704
114
-2830
-550
1043
3922
-2455
-374
4442
-4137
-573
-4875
4439
-807
2619
117
4222
-288
1675
-3353
-1498
1875
-1100
-386
4776
-2451
-1316
-2860
-622
4871
531
547
4227
1252
-3827
1908
-677
-4751
-1357
-4032
3032
3160
-1655
400
-3663
-1455
846
1496
4094
275
-1904
3750
4860
3896
4046
-1747
-4197
1427
-1117
2248
2287
-1277
2989
-1111
-4189
3742
3692
-2861
-1792
3496
-1266
-3648
60
3027
2777
-1958
2695
-2017
-3245
-4823
-1934
-2424
-1022
-2704
-1746
-5000
4439
4446
1733
-4926
1758
-2784
-4947
1621
3363
3934
-1435
-3659
1530
1807
1879
1039
-1418
-3815
-2693
2223
243
-2708
3772
684
-3612
2590
-1624
-219
-3803
-3124
1746
158
-3751
1872
-2871
-2917
-1677
-3514
-4798
2747
3208
3196
-3855
-1719
2471
-4956
-4547
4924
-2780
3852
-1401
2989
-1521
4939
-715
389
993
-1428
4745
-1031
-3931
1459
2508
-850
-2583
1917
-3519
-1397
4433
-996
3182
2612
-2998
-3382
-2372
-2013
-1930
-2575
-1729
3192
4100
-3040
2532
-372
624
-4403
-4763
-3473
-1871
-2276
4451
1508
-1886
-1924
-4820
-356
-739
2127
882
4517
-2301
1352
-1073
3909
1248
2183
-1949
-4066
2723
3175
4444
-1444
-4390
-4986
686
-4668
-892
-310
-2114
-1624
-463
-2110
-4631
431
1471
3380
2297
3591
-3774
-1101
2596
-3114
1172
-417
-2722
-4392
42
-950
4457
-3619
3810
748
-929
-3842
-1943
-660
-3157
-3016
4544
-3897
-4575
-1926
-1977
4445
-3290
-867
-4776
4404
4428
-1514
3197
1556
2054
-1173
-1961
3625
4071
-1534
554
129
4877
985
2167
3773
-36
2339
4453
-2002
-1827
-2614
-1235
-1475
-599
228
-4677
1607
-2508
-3443
-4466
-2660
-3751
2978
-1562
-2646
-831
-4245
-1931
-1881
-4299
2406
1561
2930
787
-4123
1242
-950
3497
-4184
4524
4948
4990
-717
-4171
-3808
-1820
-3641
-1523
3992
780
-964
1554
3676
-2146
4913
4965
-4161
4503
-3918
1643
1987
3730
-4350
1682
4159
2019
2980
-4857
2091
3869
-2485
4309
3366
4693
-2616
4622
-2130
4835
-3911
856
-872
-3384
2740
-556
708
-2533
-4471
3170
866
-3440
3885
1004
893
4033
-2914
3224
-226
3269
-75
2557
2644
1150
4327
496
-1061
-1035
-1718
1153
869
-2408
-1291
2371
-4928
1020
1345
-4806
1074
-1612
-1872
-2360
-3001
785
-605
-2212
-1770
4557
-4698
-406
3497
-2279
1016
-2836
-3959
-1277
3040
2770
3778
-1252
-3363
-3337
-4768
-1093
-1666
-1746
-1247
631
4285
-3565
3235
-2481
-3549
-2976
-4070
1604
-4306
-4165
3901
-4631
-955
4880
-887
4558
-1604
-1721
-1025
-4636
2395
4717
1079
-3260
4931
-1681
642
486
4516
-3757
2367
-2501
-910
2136
-2423
4696
-1110
1544
-1153
3384
-1581
4837
4440
70
-1339
1448
4161
2318
-4597
-1125
1548
-1585
3270
181
-269
-2812
-2087
1833
3631
-2307
-3006
2103
-3196
4218
3662
-2931
3559
-4300
-2442
-1798
4042
2254
645
347
922
-4800
-503
3598
2850
3119
-3552
-2147
4905
-1743
-325
-753
-901
2750
2242
528
-2312
-4628
-3667
-1511
-3870
2714
-4
3322
3348
300
-1045
-4682
366
-4304
-2762
-4444
-3881
4254
-734
486
1412
-4053
-1689
-1595
1012
1058
3040
2162
-2345
-1726
2582
2727
3711
1859
571
3818
-3430
-260
-2246
4234
-3361
1408
-1674
-867
1948
1041
-2118
3105
3379
-1602
-4796
1444
-440
4822
-3638
-3828
517
1937
2840
1700
-2358
4021
3707
-3739
2360
-3552
2161
2074
-4481
3866
-3366
4520
-953
4667
4051
-703
2549
-315
-643
-688
-508
-4412
1038
-4095
-4319
3306
-3817
-165
-2158
-1014
1851
-3368
3713
4678
-2421
-2861
3443
-2052
300
214
-2715
-4516
3828
-2312
825
2368
-3081
-4443
827
-633
3776
1373
-3924
1867
-1562
-2754
1891
813
3117
-71
-2696
-3966
-3065
683
-3287
1623
-4691
-4705
816
155
-2200
467
-3132
-1593
4274
-2104
3640
876
-3137
-179
2738
-4517
-404
-4894
4305
-268
-577
494
-1048
-3076
737
-2278
-4601
45
502
2421
-2411
1689
2309
-3249
2993
3966
-3545
-4662
3768
4556
4248
-1234
4560
-4651
-4882
-3812
-503
-2969
-1049
472
3338
-212
2761
-3041
3087
3065
-2975
-596
-272
2200
3286
747
2446
-790
-3886
-1164
4432
4566
-1290
-874
-4709
311
4268
173
2877
1541
-4066
-1502
4746
-842
4639
-4473
-2288
1745
-3460
2847
1786
-3393
3142
4848
873
-1061
387
3741
-3748
-535
-2820
1278
307
1654
3271
236
-2654
1510
699
-3575
291
1604
3697
-4836
-2232
-1235
-2250
-841
1982
-265
1591
2302
-2216
-2744
-1194
-308
-2321
-1353
-4596
-250
3774
-4237
-1407
-3121
-3532
2184
4436
4104
437
2086
2282
2718
-2849
-1914
-148
-1733
4135
-806
-757
-2685
-2087
-3523
-1838
-1308
1456
-3813
-4085
-34
-2294
558
768
-2604
2482
4184
-3119
4208
-3551
-4163
-1956
-1326
-2577
-4734
-200
-4786
-830
814
-2977
-4995
3268
2026
-2667
-1192
4328
1949
3549
2224
1186
1272
2879
4977
-1254
-2944
-4786
4900
-3263
1934
3766
-2954
2064
3682
-3337
536
-2354
-4174
745
862
1616
575
-1275
-1286
-1598
-4685
615
-536
2227
2494
-427
1368
-4857
2590
3027
2893
-2500
1545
4709
-75
2702
177
2237
-4662
-4265
-2648
-154
2710
-3263
107
-4200
-3303
-2096
-3149
2631
3857
-4766
-4645
4579
1101
4475
4537
-3877
-3039
2639
-3855
4481
362
1982
1622
3994
-4469
-4180
-519
-3153
-1597
1334
335
-1149
-1445
3364
2788
1745
2552
1667
-1935
-762
1777
2022
4881
-3921
1004
3758
-3685
-2672
2130
-3382
-1126
-3703
-2164
-3327
3932
-4640
2835
-4869
-1390
1099
-4751
3551
-4975
4842
2264
-785
-822
2494
-2499
-2354
3974
-3764
-2661
-2885
-4421
-1251
1847
644
-901
-3858
1435
836
-3622
-1983
4153
-2864
-2694
751
2662
-1920
-3891
-3349
-1771
3808
4038
-4610
2483
1381
3084
-4922
-1519
-590
-3621
4023
-251
-1353
4137
911
-457
-3589
111
3780
-4696
3407
-3866
1406
-234
-4511
-3131
-2782
1751
2226
-101
-2575
-1667
-1865
880
3546
2897
-2918
3047
-4669
-3434
-4795
3870
-2795
4235
-2748
1179
1905
3950
-4878
2818
-655
1349
4565
-1222
3005
3969
-3827
-1055
-2377
-1555
3352
-1059
1358
3595
3751
-265
3605
-834
-1168
-1209
-4805
-2467
4023
354
-2411
662
-622
4967
-352
-2705
4057
-1946
-2090
644
191
2944
-907
1505
3067
2816
3274
1404
797
4033
214
-2378
-4145
2533
-346
-2760
3457
3125
1908
1199
-4253
3237
-1625
1439
-1828
-2901
3357
-4073
-3070
2786
1966
3336
-1633
-3632
-3534
-390
-1819
3318
-4681
-3662
-644
-3256
-4738
2365
-3722
-3272
-3612
-21
1911
-983
-2635
-1910
489
4877
-1687
2863
4117
-1655
838
-688
826
72
4865
3094
3190
-411
-1064
2220
4808
-461
2390
-1270
4735
3444
-2917
-3429
2770
4559
1351
3464
-1094
-4782
4397
-59
2106
417
3089
-346
1139
-3058
1723
2230
-1079
4525
-76
2646
-646
4448
4024
-28
-3793
1711
-1721
4275
2394
-2412
1040
3916
3513
226
701
2680
523
4419
-105
4986
941
-3898
4582
-4032
-4542
4171
1930
428
3879
-1563
-1930
-472
3248
1195
-3032
-474
-63
4224
2752
-3500
4585
4743
-3999
379
3249
1882
-2427
-455
-3746
-2354
4847
1833
3553
-3863
-2241
-100
1239
-2605
4688
-1639
-3769
-1487
699
-689
-3124
-4924
-4963
4316
-1196
-2044
2001
-2433
-3171
368
-1435
2176
-3431
-4605
4278
-3924
-2905
-2125
1451
3997
1393
1570
-811
-2720
-4613
2995
-2659
-3099
-4849
-4875
-1040
2602
-2032
3243
-1331
-1044
1896
-4330
-2168
836
-4219
-898
-3479
-4555
-2742
2129
2027
-2721
4038
4488
1460
-2073
-2759
-2781
4539
-151
3654
-4830
-2660
-2596
4670
1156
3818
-2757
3567
3628
-4753
1771
1769
4350
-713
-4125
-4518
2231
3556
223
4334
-4478
1014
-2577
1775
8
3768
397
2322
4166
-723
-2848
4425
-851
-2414
-1458
-409
54
-913
-299
-2352
1417
4261
-4078
-911
1326
2457
-4124
622
1976
-331
4946
-1712
1335
-4974
-3047
3827
-2435
850
-1385
1447
2237
-3491
-4918
2055
-683
-4595
-2137
530
4918
-3089
-3715
-1256
4580
-2813
796
-1356
3121
19
3681
-1601
1118
4399
754
-4880
-1802
2202
-1241
2557
-2131
-1500
-2854
-221
-4308
2267
336
-2737
3954
-40
405
-1204
-2675
-237
998
-1502
1846
-1096
-3799
519
-431
3208
3551
-1019
4856
4063
-3598
4096
4046
-3125
-522
-4055
2294
-4535
1780
2422
2590
-3814
897
-1561
2761
1449
1578
4060
2412
2595
-773
-414
2310
2674
364
-687
-1680
-2295
2332
-3593
44
485
2023
-969
-204
-895
865
-4432
2186
-1158
-3759
1753
-277
-45
-4766
1670
1281
-2904
-1750
1828
-204
1185
-2582
-127
2908
-3607
-4607
2983
4824
-188
-4562
2574
-3893
-1347
-107
-803
183
2321
1316
1481
4053
1327
2127
-1877
-2477
-1700
2416
932
1488
-2488
4952
-2647
2270
1328
4154
1385
-986
-1547
4589
4864
-3955
-2394
-2773
-4016
-3547
103
309
-4434
-1826
-85
-3492
1103
-2929
4509
1251
-1784
4171
432
-1246
-1981
-3526
3488
4310
-2373
-140
-1702
4995
2364
-4686
503
-3873
-65
-632
2183
3829
-191
-434
1818
2901
-3249
1400
3558
2182
-1195
3979
-1597
-3253
-1715
133
979
-1515
-2716
99
2867
4111
-393
1930
-4848
2554
3671
-150
-3992
-3745
2569
-444
-1654
-2629
3504
2740
-4989
-3999
-3573
2919
-429
-1861
-2098
-1018
4598
-288
4864
4977
2403
-1760
3780
-2545
370
-4929
-347
-2258
-102
4789
-3358
-53
-4608
211
426
-2283
-4696
4430
-3390
-3407
3470
1190
-4636
-21
-871
-168
4993
-1680
1564
3943
-9
610
-1759
-2669
-2911
-1789
3981
-2123
2080
1841
4469
-804
-3103
2831
4663
-383
3067
-4839
-1936
-1391
-4044
-2587
-4582
-977
-4818
-4424
-2522
-3715
-3718
-2937
-626
-340
3632
3567
2504
-769
3634
2721
-1784
-3263
-2977
-2751
-2858
4453
-4198
-2111
2156
-2296
715
-1109
3863
4166
-1381
1089
2154
1901
2017
1597
-144
-1740
-4186
2178
-2321
-2237
111
-2157
1830
1727
1645
288
-2894
3355
1483
2980
-117
2125
2690
-2202
4193
4925
1021
-1098
1470
-941
4305
-3989
2962
2973
240
575
256
223
-1773
-3425
2356
2029
-522
-2251
3527
-2
-2153
-934
-1733
-4344
3226
-4144
4933
4530
-3198
-4078
-2834
-451
2459
-959
-284
2087
-2056
-3715
-835
4126
380
-1400
338
1118
-746
-1908
-32
3046
2823
2947
4956
-3960
-2071
-2486
-4549
2698
753
3719
3114
-3574
-3676
2485
4736
4236
1776
2315
52
3841
-1729
1635
3423
2224
-4456
-1498
2438
-2329
-3577
3422
2782
-148
1692
-428
1216
3448
-1808
178
-2695
1546
4103
-4894
269
201
2891
-1960
3006
-3332
3227
2235
-4418
-1293
-2130
-2554
4281
-3397
-1741
-3929
3685
-3497
-4137
-3489
800
-4794
-4926
-2987
4546
3256
-1848
570
3222
4903
903
-1010
4248
-3877
-3559
-3840
-2616
1368
-1850
480
2278
3023
-4513
-2988
-1530
-4879
-746
-2908
915
379
-4928
-1316
3668
3482
-2415
-1974
4348
-1955
1675
-4235
1309
2257
-3241
-592
-2202
-1585
-809
2286
-2790
3822
-4279
-1232
-2010
-429
-3024
1414
-2344
-3741
49
1797
1074
-795
3366
-616
-4340
-146
-4985
-1708
-1670
-4949
1438
-3818
-554
1078
-4187
2606
3526
2118
-1111
3340
1106
18
-1488
-2071
4016
-2248
2403
561
-2188
4521
-4086
-4644
2155
-2606
2241
-3136
4857
-1558
-3315
1737
-2413
2156
4486
-4741
-3211
-2653
1984
690
-1690
-905
2814
1277
-450
-4917
-747
1893
-301
-3640
-970
1123
4512
-3655
-1218
1345
-1675
-1279
902
2360
-856
-665
4495
4788
4897
3178
-2058
994
-4565
-4886
1079
-2231
-3559
-3676
395
-4678
-355
4888
-4207
2888
3335
2482
-1317
-4255
-3533
4076
-1068
1695
2929
-3474
-1494
427
641
3498
341
-1314
-3375
2215
-1567
2366
-4859
602
3469
4066
4692
4554
-1100
-4061
-981
-2156
-2198
531
2019
-1415
2990
900
-3794
-4230
-551
4314
3202
-3752
-766
1478
4311
4598
-372
-3701
248
-4666
-4965
4137
-2935
1235
3333
-1494
2925
-2913
772
1429
-363
649
-1156
-3255
-1923
3817
4939
1843
-4590
3224
3917
-3306
-3341
-1459
-4564
3474
-4258
-1157
2525
-1078
3557
2552
2035
-354
1011
1278
-31
4955
-2776
2941
4292
-2000
-377
-358
1498
4715
1719
4509
-3437
-2095
-2505
950
171
-1837
2317
-4747
4553
-540
105
3277
760
-4026
-549
1547
233
2472
4112
-3364
-2543
2012
4400
-3387
-3934
-61
-4876
3277
3941
3475
-83
489
-1187
1270
-1363
-3664
-701
-1406
2384
252
2996
3272
2098
-4187
-4453
-119
4772
-2132
1279
4702
4250
4951
1772
4400
-1552
-828
-4473
-4032
-3188
-1
-2065
529
4454
3280
-1922
4204
4344
2690
1331
-2147
-2253
918
-4675
-2287
3358
2374
1990
2254
-4715
2583
-1207
3983
-3972
-2491
-739
1894
-1358
1067
1998
1309
-3894
2778
4697
2567
-4150
-2463
3236
3702
-3494
-950
840
-792
3710
1033
-4643
-4482
1383
1034
-64
-326
3882
3269
2762
3167
4684
-3068
-3890
2566
-3174
1006
4783
747
768
3334
-3241
600
3218
4528
33
-1956
1912
1599
4968
3565
3048
1192
-1896
2478
2030
4251
354
-4686
-2429
4333
3589
4533
1335
-130
1057
-1075
-1150
-1471
-1462
-4532
-2322
-2803
1980
996
-4841
4947
-2464
-3833
1508
-2143
-3023
3106
836
3674
-4763
-1471
-3677
-2200
360
-1482
-4988
-1273
4069
-2160
781
3667
491
4157
-2947
-4709
-1896
2320
-2451
3715
-2306
3669
1157
849
637
4166
637
60
-3514
-153
-418
3552
885
-4787
4339
4063
-1771
-1138
183
2585
4542
-947
2719
3243
220
2328
-710
4117
1654
-4616
173
2506
3857
65
-1679
-4987
3391
-3864
3757
-766
-3649
1344
1744
4081
-37
-19
-1492
4238
3881
-1999
954
1862
-1105
-1474
1154
-4719
-605
2178
813
4231
-2934
-3235
2219
-3779
-4672
2207
-3227
-1627
1644
4812
1225
2136
-4311
-4169
3491
4310
-1368
-244
2186
-1007
1996
-4996
-3962
1025
-2459
2490
-2519
-1133
-2559
1623
-2089
-1937
4693
-4830
554
-573
3434
3652
-2094
4097
-733
-2345
-3283
-2075
1894
2053
-302
2530
-4255
3351
3794
256
2541
-3991
2390
2733
-4397
-2903
-1581
1400
965
-2167
4563
2704
3888
679
-1553
4297
1777
-3120
-3781
-3683
2473
1109
2711
1607
-80
-2679
269
3192
-1856
3519
-2827
1194
-1074
306
3879
1864
4797
1661
-3721
286
3581
-557
-2072
147
-4050
-4065
-409
-700
-3875
2875
2847
-1799
-4660
-1717
-1279
3149
-4932
-131
-225
1171
-2894
-1998
-811
-1839
-1020
1936
2995
283
3481
-4747
-201
-84
-484
1771
1013
2336
4887
-4273
1957
-3558
-3094
222
-3815
-3529
1552
1248
-2653
-1282
4150
177
2124
-4032
-905
3327
-2857
2547
-4572
4211
-4606
658
4177
-1478
-3202
-4918
1737
565
1243
-3414
4920
-2163
3432
3107
-842
-2574
-2928
-1129
3828
2578
4410
4294
-3098
-3743
-4710
-3218
-1643
-3671
-2240
1293
-2685
1420
1380
4073
-1480
-1703
4541
2033
700
-975
4903
268
-4406
-2623
-1674
-3868
-1567
-1400
-3050
2269
-467
1157
-4209
-1761
-3422
4842
3743
3790
1873
-1739
-4464
-771
4444
627
-4985
4534
-2992
-1117
3939
-279
-4410
1222
1338
-1278
1297
-1777
-2116
408
-2188
-2986
4196
-1742
1145
127
-2287
-2570
-3928
2358
-3378
-1856
1528
723
-4631
4433
2373
3327
3710
-4105
2966
413
1103
-1507
-3653
-24
2329
-1009
-3139
-1412
4244
1614
1183
4733
-1134
2251
2214
-1558
-1500
4901
961
1558
-3893
-3212
-692
1397
-875
347
-944
-538
2643
-4075
-3472
-4346
1690
4952
-3175
-2243
524
-4812
80
3134
-2519
1738
2804
979
4762
-670
4431
-4092
-2174
-4934
-452
583
-559
-352
-1206
-2087
-2283
663
4938
-4639
1826
1763
-2807
1211
1299
1005
-2881
2633
-2876
-2339
3785
2071
-3093
-1194
-2466
2580
4667
4044
-1175
2732
-4651
-766
-213
2659
-1866
4389
-4673
31
-1396
-2467
-1997
-3443
1416
-3021
372
-594
-893
4673
4256
3543
302
3283
1546
2499
-2984
-1560
2151
3016
-4484
2069
2726
-1373
2425
-2913
2266
2689
-2058
-4983
-4081
-3145
4955
-380
-1452
-3574
4390
-1082
-3585
1479
886
-1768
-615
-1754
-3910
-263
-2017
2918
809
3991
-1914
2319
-3723
-1765
537
3635
2813
1887
-545
-3057
2310
2696
4356
3418
1844
1818
4012
-3836
636
-615
-3393
3038
-734
2333
-1108
-1748
4998
601
-502
440
-1768
-19
-1399
1109
-1207
2132
4763
-1707
3548
2241
-2797
-1834
153
-3725
-1607
-1754
-751
477
-4057
-4579
4047
-796
-3006
1221
180
-1895
-4516
169
-862
1647
3818
-1611
1571
1983
-4935
-2429
735
1371
-1211
-1565
-3980
-4377
3748
2514
-489
-3247
145
-2060
3648
4735
-3695
-2362
-4877
-3478
-741
-4333
170
1634
-629
1629
4494
1571
-1059
2044
-3638
-268
-2147
4896
2798
-4505
1421
-4225
-80
4272
2365
-4334
-2061
-3555
-4393
-4493
-3250
-2492
-3117
3328
-2251
-1628
-636
-1278
-404
3720
-2350
-4671
4171
3853
-1332
624
-1477
-2920
1662
3153
3546
1111
-4127
2046
1738
4621
-2986
-2414
4801
533
3878
3164
3518
3839
-1909
1425
1402
1159
-3844
471
-1343
4312
-578
-1326
-723
-1728
-3579
-4710
-3241
-4889
-2148
-3623
-892
2729
-3222
3226
4946
801
4233
-1128
1923
-1255
4490
-796
3873
2762
4223
1758
1742
-2308
-4888
3513
-1353
695
-3175
-315
4665
-2176
371
4145
-488
3603
-4268
1732
-1252
-18
-3814
-236
1310
-4084
-339
-383
-71
-1071
767
2624
-3773
-3488
-1095
2424
3394
4860
152
-2233
-4638
4207
2699
-3090
2410
594
1492
1114
-1755
-4591
2395
-4181
2718
2757
3188
-3224
3665
305
-3272
-3987
1444
2087
4661
4941
1707
-2495
-3664
782
4280
4717
-1674
3560
3535
3077
-2168
-1156
-4578
2183
1878
-4721
-1243
-2602
557
3418
4233
-3048
1997
-1884
-2033
3136
4081
-4970
2835
-598
-3844
639
222
-4870
-3516
737
-4434
-4200
-4865
430
2976
1887
4238
4317
4926
-1819
940
1423
-749
-1360
3693
288
734
-4319
3919
3137
1403
4442
3320
-3560
-2151
3729
-4341
3136
833
-4640
-1108
3376
474
4673
1289
4726
755
1717
1934
-2624
1161
-1923
1360
1198
2171
-2058
2690
3451
-4414
-3865
-37
1019
4325
-2684
-2456
1325
3367
-3581
-3738
-3379
-3994
-2091
385
-3940
-326
77
-4076
3805
-4148
2244
-3617
4290
-3400
-255
-1498
2608
2851
508
815
1168
-381
-89
-1038
3677
2913
-2479
4973
1062
-1907
280
4128
-1261
4347
-3735
-4311
-1635
157
4929
2412
748
359
-4363
4581
-2553
2384
-1293
-3094
-1142
-2451
-4511
1986
19
1921
-297
-4277
-2347
4099
-972
4031
-3076
4167
1924
4596
-2012
4015
1597
3479
-4307
2984
4553
1603
-4199
2482
-4364
-90
-2005
3212
-3467
-3869
565
423
1913
-601
4352
2561
-2638
4872
48
836
-4941
3126
4786
2432
2154
-752
2587
1504
-1460
2523
-552
-3052
404
3198
-4898
3387
738
1693
3994
4390
-26
-4664
-1658
26
-4869
-4726
-3858
-1687
-3111
-1659
1913
1158
-2955
-887
2860
-954
-3527
-1010
-3003
4639
-2234
-756
-746
1575
4812
-1323
1360
-1311
-1514
1266
-3928
-4726
-2692
-4219
2792
3013
-1873
1275
-4414
3032
3327
421
-1098
-1797
-4399
-2596
-2003
4242
-4996
-1150
416
3471
4427
4883
-2735
4943
4651
3459
3380
-3926
-4554
-185
-4093
-870
3273
42
-2706
-537
-4331
-3923
-633
-22
-2329
947
-2019
3002
1950
-1535
-4799
1843
-2000
-3611
3668
4321
296
-1855
-4120
-1361
4297
3792
3381
2470
-1438
-320
1688
-2051
-1581
-2708
-381
-2204
288
-2852
2897
2860
3790
2623
-4190
-4181
360
-760
3782
4911
1072
-4523
1852
289
4235
3248
-2967
46
-3255
-2788
-4692
2949
-4176
-2833
4766
-4638
-3682
-642
-4361
-4149
4187
4209
1649
-2497
3321
-3163
2767
3652
-3583
151
3291
-512
4276
-4893
-841
4604
3664
-171
-2924
1105
-1755
-1582
4731
-965
2410
-274
798
-2140
-2252
162
2530
-473
-1517
-527
2350
-4025
-4780
1607
-1813
-1221
1003
-2262
-560
-662
4708
1177
-4994
-510
-3700
-3149
-1127
-4671
4345
-1916
-4952
-1700
1343
-4181
-1807
4289
2880
1571
759
-1088
-2141
23
-508
4979
-493
-452
-4404
1126
-3133
4396
1912
-3727
-3813
1540
-1075
-1420
3454
-3135
3187
-1831
-512
1315
-1309
-1803
-852
-1712
-3432
4426
570
3001
1631
-36
4784
2657
1444
-1916
56
109
2475
1085
-665
-2193
4141
3456
3657
1630
-1586
4636
2666
4131
-4126
1619
1239
-2923
1135
3369
2562
-1331
1879
186
-4410
4569
1471
-2312
-1682
730
-122
1940
2399
-878
-1139
4115
-4235
13
-2465
4629
2397
-2727
2878
4245
-4896
-19
-4379
642
1756
-1584
1034
3594
4818
-3611
205
3246
1853
-569
3749
-4806
2555
4098
1680
1054
-743
2144
-4189
2127
-421
1246
-3812
1155
1128
590
2452
-2730
-1898
4002
-782
291
-1182
3189
1461
256
-491
-369
-810
2046
-3912
-2108
4381
3577
2511
2274
4077
1301
4908
3971
4657
3815
-2641
4857
-748
2000
-2042
-3283
846
2546
273
-1025
794
2691
-1846
2491
3049
4951
301
-946
-4018
-3098
-1901
-1423
3515
1530
2714
-776
-2379
-2466
-4553
3126
-4220
-4441
-995
3107
2688
2345
1986
-2216
-3153
1421
-2648
3130
2836
-1731
-871
-2684
1797
-3281
408
-3304
-2218
1279
627
2124
-1381
-3054
1268
-3682
1623
2441
3570
-287
-3703
2066
-1063
2482
2981
3792
-4832
-4107
662
-2041
-4831
3480
-4295
-3557
3055
-2114
2395
-1870
-3393
-4679
-2807
3963
839
-4351
2742
3988
4986
-1204
-930
-4059
3729
1617
1774
-4406
-2714
-516
-2546
1450
-3174
416
-4456
831
-2887
-2051
4651
4935
4806
4440
717
2072
3876
1704
-325
3828
-4046
3029
4096
967
3489
3799
-52
198
-3415
2100
3518
4188
3522
-1816
-1636
-2571
-1282
-650
-3684
-15
3260
2
2821
2784
1122
-1494
2216
4337
1185
200
4744
-3423
-43
-1654
2937
1267
2992
1721
3770
2242
2070
-4363
1743
1647
-1915
-4909
-2521
-4762
748
-4433
-4440
-644
4778
-3383
-1434
4854
-3332
2345
-2789
-3271
4416
-1813
-936
2949
2804
3660
2135
-2696
4901
-1157
1148
4170
-1020
1018
2889
-735
2045
4408
-2448
285
-4959
4143
4302
-1352
2242
-237
-4059
-281
-460
-4737
4553
-1274
1346
-987
4314
424
-3504
242
4574
1955
-3097
917
-2252
-3008
2972
2467
307
669
3180
-34
-1692
4881
3438
-1037
-4075
3262
-399
-3219
2223
1747
315
-372
4412
-858
-3877
2479
3094
1256
1943
-4736
-4516
3271
-2606
387
1118
556
-2562
4706
-1418
4425
1095
1694
-970
-1113
-3468
1577
1883
504
1373
-3082
-1669
-2255
-2535
-221
-226
-2764
3927
-3320
4780
4806
-952
-56
-2114
-37
-5
4822
4031
4942
-3150
-1468
3897
-96
3661
-2066
3489
-3449
4263
2815
-2348
1618
-2918
2441
-1777
-3562
3343
-1801
-4799
-4451
3711
2742
-4553
-3996
1038
-64
3475
-88
-3580
-2474
-3694
4528
-1492
4941
-3206
3099
-428
-2
343
-4953
-2451
3103
-1809
3950
-3416
4886
-409
-2140
1867
-2250
2742
3650
314
-716
-2000
-3656
1346
-3729
-3979
3764
-1247
-4908
-770
2651
-4212
4580
-389
4418
2769
1125
3288
3552
249
629
670
3938
1598
2440
-740
3069
-2778
-1079
4937
4367
267
3121
-2660
-573
-2426
-387
-456
585
-3805
-343
979
-135
4359
-3893
876
697
1461
-4460
-3745
-1454
68
-4357
-2960
3798
-4266
4877
-1974
-1744
-4880
1250
-117
-630
4444
3092
3771
-674
4038
1417
-3760
887
859
-212
868
-1001
-2282
-2832
1772
-4503
-2596
-3204
-3614
1344
-705
-4104
2288
1637
-2406
-4644
1593
-4062
1908
3014
895
-3780
3104
-3367
4853
-4463
2708
-967
-4357
4323
2859
2147
-787
-962
4338
-4408
4954
-1905
4559
547
-3982
-814
-4297
-1063
-1395
-690
-451
2941
564
-2709
-1733
-1073
1261
1477
-3355
3758
-1988
-2314
-2982
2900
-1798
-2808
4168
2439
-1556
-4012
-1652
-3953
2549
-2898
212
3779
-283
1484
1167
1209
3800
-625
1059
1420
-4349
-1177
-282
-4087
-3942
2410
-3661
-195
-4028
-1059
-1173
-252
1309
-3001
-2827
-1974
-4448
-3888
-2954
3248
-477
2776
3508
2306
1443
-341
577
-1212
-1044
3798
3984
-3580
-1397
-1363
-199
-3672
4523
4862
-4519
4373
-210
-4426
4743
-2648
-1303
-369
-2043
4846
-2763
2299
-1468
4650
-489
4054
-3708
-2659
3885
1128
3143
4538
4158
-3852
4766
4614
4078
-2917
4029
-4937
1390
-1641
3345
-4572
2561
-661
4671
-2662
368
2770
-4538
-2560
-2616
1576
4728
499
-3802
-2918
411
-3832
1391
939
-317
-4141
3882
183
-2174
2896
2257
1172
-4735
-2311
1634
2814
220
-2455
1162
1353
-2140
-4074
-1092
4377
2742
-1671
-2893
2894
-4498
2249
-3435
3163
1739
-2743
2593
-2977
1436
150
4566
-3697
-1142
-757
43
-484
1115
-4158
-4797
2030
-3244
-908
-3035
2298
4103
3975
-467
-3981
4044
2756
2545
2824
-2477
-1166
-2261
3582
4061
3749
2617
2134
-1809
-3740
-1971
-4648
-2927
-4284
-3841
2448
-2962
2406
4730
-948
2207
-3313
-1363
-1205
1713
4042
2933
-853
3193
2875
4446
3733
-511
-2280
2170
-4330
-413
-2430
2889
-4872
736
-3520
-1429
-898
2653
201
-3395
2434
3858
-1269
-3594
-4014
-3147
-4447
2085
-176
1895
-3644
4826
295
-4726
77
476
-1302
265
4248
-3299
1679
4698
-1914
-1651
4081
3339
1621
-2580
-2837
4258
-4171
4165
-1554
-2695
-3847
-871
4357
399
-4854
-2530
334
-386
-1000
3231
108
-2453
3446
4429
-4537
-1956
778
4285
-299
4297
2236
-554
2243
-1615
-1550
2279
-2771
-2080
-4441
-4262
4338
-3223
1455
-3546
2566
-1870
4044
-4422
2693
-3985
4838
2575
-3321
-3045
-4352
4266
2755
-4450
-216
-3631
4066
-4587
-3762
-2508
1478
2537
-2306
-1328
-1925
1893
3929
3851
-3801
3581
-3114
-4468
-1109
-981
-3506
-644
2881
2016
-3943
4733
-3072
-2677
-2300
-4929
4375
-3686
1146
2896
-134
92
-3494
4407
-4524
-13
-1751
-3559
3241
-357
4919
-1760
-1769
-1142
2532
-1971
4862
-715
2632
-2141
-544
-1227
-81
1713
348
-1307
4731
-94
2347
392
-2690
1536
3508
3154
-1069
-4713
4769
1437
-1018
4494
149
4421
-778
407
1843
210
-3881
4911
-3853
2817
1612
-1113
-4355
1362
-2673
1730
4339
-3139
-3245
3446
-1759
-902
-434
-2366
157
2926
3013
-376
-934
3287
4965
1751
1035
-778
-1422
-611
3884
1487
-3007
-1044
-3805
1398
2621
794
-4118
-3006
-4620
-4229
2897
-3006
3125
-1399
-2778
-1059
4143
2038
920
-1538
-1991
-3603
-4978
-4821
3179
4405
1512
175
-831
-2346
-355
-17
-2538
-2295
3506
499
-2763
4985
2135
-4877
828
389
-168
3286
3953
-1625
-1548
-3204
2131
-479
-3050
-766
2428
3829
-587
-3740
1412
4771
-3892
-1528
-3775
730
2792
4230
-1040
1176
-4423
369
-159
-4641
3020
2136
-2247
539
2305
3114
-4111
-3787
3692
4687
984
2838
-2079
-1436
3796
4297
-1551
130
-2501
3523
2743
-962
2196
1649
-4587
1021
-1072
1239
131
-748
-3819
-559
-159
3596
-3609
-776
2977
-4199
4745
1824
4652
57
-339
4288
-3019
-4456
-1775
4439
1440
494
136
499
2814
4768
-3547
-2148
4864
-1488
147
791
-4443
615
4443
-2736
-4220
2211
-1979
1517
1039
-4384
-1858
-2826
3696
3606
-4418
4091
-3033
2836
2738
4962
-2764
-4356
1823
3148
2333
919
4195
-82
3761
-4939
-220
4046
2727
1967
3558
-1273
-4129
-2570
1111
2487
-842
-4826
-3229
2439
3275
1372
4221
3477
2381
-4199
-2200
-667
-2935
283
4962
-2328
1377
124
-4040
235
4495
-2040
-2916
3373
-937
-2895
787
4073
3073
4891
-1030
-2377
-2512
4209
-887
-451
3443
-4790
-3681
-2096
887
-3374
-1318
-4838
2148
4450
-2282
3541
1474
-2571
207
1601
2476
2134
-4567
1241
1359
-3414
-542
-2636
4153
2419
-4707
-121
-3929
2378
-1193
4745
957
-1938
4760
-4684
-4452
1084
-2784
-3522
-2026
2257
3813
-2962
-2015
-2451
4597
-176
1786
759
3077
2718
-3107
-4576
1492
-3083
3313
1218
-4386
-1077
992
1011
-1446
-3005
351
-2543
-857
-1576
2030
232
-409
3638
911
1356
3089
-1657
-1365
-571
857
518
2805
3681
670
3506
193
-2349
-3442
4960
2018
4772
4011
4974
667
-2294
4631
2587
-1310
3354
-1104
2671
-4517
1729
1736
-4655
-1889
1500
-3586
2766
-136
-3721
-2655
1715
3947
-1791
2216
-1851
822
2998
4371
4697
923
1471
-4638
-2648
-4391
1286
1503
1612
3695
-1987
581
-458
-4417
-3473
-511
-3889
3222
-1702
4905
-2839
243
570
728
-4712
1054
4728
1994
3724
3951
2109
-345
3872
-435
-1746
-1386
3917
-1319
1430
-4315
-4028
3391
2562
2971
-2890
4922
-234
-1255
1860
288
4721
3631
3641
1583
3809
-4170
-1489
-1954
523
624
-4165
-1994
665
-792
-2706
772
-1726
1396
1164
794
-2750
-2592
-72
-1460
862
-1560
-1820
-3054
-1353
-3945
2291
627
-4026
3896
759
3174
-2302
4864
1041
-3006
4016
2016
3029
4754
1345
2991
-896
-877
-2159
2149
-824
-3235
-3700
2387
1511
455
-1994
-4230
1822
-4107
-4705
796
-673
968
-4613
1863
-317
1715
-511
-3247
-3
1291
1846
-791
-2122
815
-3174
161
4159
-1695
249
2748
-683
-404
896
1494
-406
4998
-4194
-2628
-1913
4937
-3952
-1816
-922
1969
-3203
-3500
-931
4758
1446
409
1662
2785
-185
-2927
180
-4200
-3076
-458
2323
3124
-907
458
-1764
275
-2117
-1206
-3146
720
3658
4827
1225
-4505
-1203
-3826
-1766
3104
1137
-4613
-3953
-1962
-1035
2657
3935
4899
-4280
2656
-1213
-1495
3936
3433
4537
3431
2054
-4160
1324
-3874
-4571
-2116
-2567
-3771
-1654
3785
4866
-1281
-2859
-4539
-1355
-1678
3562
-1215
2532
103
1367
4206
5000
4156
-3906
-2303
-4706
-4716
-502
1346
-2385
-2004
1811
-3750
-4833
510
2325
-1744
1344
4760
4704
4588
4347
3010
3539
-2073
146
-4985
-3346
3171
-3345
-4811
1555
775
-3113
-3571
-3934
-4337
-4933
4562
-462
4639
3433
2851
-1770
-1449
-2907
-4172
785
-4831
1029
3124
3566
-646
-20
2817
-1106
-1683
-3993
-4309
-2077
1943
2588
1371
-3646
4488
3271
-1602
2445
-996
1342
-4376
-1827
-2574
3116
1657
735
-2580
-3780
2643
-4876
-3004
3906
-1959
3015
-4826
2156
-3823
-575
4985
-2012
-1667
1085
-2608
4635
-2141
-3390
-248
-283
-1372
4049
738
515
2810
554
288
-2862
4695
4123
-1475
4777
-3790
-4304
4172
-2251
4978
265
-3355
-2065
-2245
-576
4366
3914
3428
-1571
2124
2803
529
1117
-2233
-4572
-1024
4950
2643
1800
135
3262
-4369
-1077
653
-2393
4405
-230
3486
-1403
1247
3731
1429
-4540
106
1942
3080
-4144
-290
2578
-1599
-708
-356
-4686
976
-3806
-3649
-2312
3022
2968
2823
2372
-1280
-1696
1861
-941
2768
480
2461
1361
3951
1952
3124
2418
-889
-1715
-1343
1813
-2940
1528
-4522
-1863
-988
-4797
4794
-2671
-180
4329
-4131
4407
-2820
-1825
-2559
-1878
3174
4317
-2970
4206
816
4269
1354
2191
-2081
203
-1511
4258
-3279
2680
-3507
-3545
-3124
-1106
1039
4825
44
1145
-1637
-1995
2172
-2601
1489
-3521
-3806
-1754
4569
-2716
-2701
3888
4353
-3796
2600
-1267
3740
-3465
-2795
-2692
2404
1433
-1832
639
4550
170
3369
4758
3814
1416
204
-247
2443
2936
3955
4567
-2549
-2876
3525
-1357
2161
4544
-1935
-4437
595
3270
3251
3228
133
-18
2402
1340
-2854
-951
1907
3288
-3536
2881
4022
1090
297
-2252
-282
-4609
-907
47
3986
-2877
518
249
-3401
96
1598
4926
-1915
-1959
-562
-2085
4733
726
-1877
-1226
-1786
-3151
3496
-4915
4968
3380
4183
-2223
1733
-4387
4314
-2090
1575
3330
-413
777
3270
-3749
-2027
162
-2164
58
3325
-503
821
2801
-2874
711
-1775
7
4804
-151
456
3345
3350
-3558
4079
-2321
3614
1396
-238
-2820
2415
-1338
-4706
-1112
-4826
2986
3805
4536
2933
1443
3516
-4032
2988
-4204
-4197
-1886
-417
4676
4329
-4476
1120
-2907
3207
3030
1995
605
-4146
4798
3990
4339
2039
2648
258
-4617
-355
176
-4874
-4633
-3821
-3046
-1024
-2552
-195
1265
556
3030
-4586
-2603
-3411
-3936
-1826
-3821
-2853
-2349
4649
-1103
2294
-1404
4586
2763
1504
2045
956
-2828
-1660
-2528
2606
4943
-3463
-4785
-3142
4748
583
-2951
4049
1859
3621
-1855
-4729
-661
-2377
427
-2434
-743
4986
356
1093
-4587
4296
-4189
4123
3777
1194
2795
1389
-4237
-251
4223
-3205
-113
4116
3449
869
-843
232
-2832
-2291
4167
670
-4608
4372
-2743
-906
-4146
531
697
4149
2555
94
2502
-3054
-822
-3353
-3233
-2002
-3377
-227
-943
-563
-2101
3199
-3294
-3626
-2881
4345
81
162
2254
-343
-1074
-2336
-1422
-2409
-3105
-428
1228
1681
140
1813
-4659
-3550
689
2907
-2981
-907
-3232
-490
-2693
2150
-3283
3420
-4666
1394
1298
1723
270
2963
-1203
-1334
1634
2152
-3096
2935
-2757
-3273
-2978
2100
2541
-2273
-1119
-4287
3498
-4431
4562
4884
-2367
2147
2727
-1713
-623
-4996
731
2104
-3243
3204
1864
-2674
-1627
3796
386
-1070
3928
-1514
3578
-1957
735
-3806
1285
-1793
-212
-1246
3381
-3605
534
-1478
-1483
1416
2411
515
304
1663
-509
3695
-4756
723
1400
3769
-3641
-2443
-2015
1719
2803
-289
-148
-2141
-4793
2095
970
1029
1394
4501
991
1226
2853
-1080
-695
1016
4183
4720
3182
-1452
-3267
3476
-1410
4337
-3802
1721
-2514
-337
4967
-1826
-2726
3803
2128
-2402
602
-1803
4047
402
2861
-2606
3982
-4109
2406
3849
3693
-3443
222
275
-4960
3451
-589
-4505
-278
-4089
-1281
4670
4647
580
-4925
4915
-4290
3717
-2820
3494
4191
1804
-2511
-4594
-2704
4006
-770
-3904
-1535
3664
-2898
525
2105
-3156
-2253
4870
2552
-3355
864
-3564
4389
882
-4962
-73
4750
4198
1726
-2854
3033
2721
-3089
1019
-855
1944
-719
-4033
2926
-666
-1236
4066
2298
-2531
-636
3736
922
3960
1354
-2425
-528
223
-678
3179
1982
4152
-1981
-2531
-3947
102
-3977
4758
-2970
4254
885
4338
2405
850
-178
3632
1246
-4348
760
-1897
-3796
1262
3697
4695
154
1021
4992
-151
-1705
4014
-1001
28
2742
3275
393
-1992
1233
-2642
-12
-1459
-4810
3739
4010
-4459
3042
-1723
-2590
4523
4149
2294
-315
-2003
-290
4317
2744
-244
-1230
-558
4361
4057
-3781
-3651
-4620
3053
469
1091
-2077
-3935
-3691
2510
1097
-3004
905
637
1769
3597
-535
-2433
1998
-2255
545
-2591
4014
-2088
-4647
1594
-1969
-1549
-1601
-1823
-3017
2334
-458
4881
-2084
-2211
3762
-4713
2218
2792
-3533
-4183
58
3378
2274
1151
-4291
1663
3695
4647
1183
2185
-4992
-2862
4467
-3786
-5000
3423
2126
1016
4107
4591
-2194
-4874
3610
-605
-121
-4673
969
-145
-2368
-2478
-284
-1042
-4012
4714
-2713
-3188
134
3887
1556
832
-4784
-274
3515
1985
1369
-339
1872
43
-723
-161
3833
3793
-4470
1326
2459
4409
-1773
908
4904
-215
1403
-2026
1958
-1293
882
-1599
-4206
-2443
1529
4744
-2967
2534
-2962
4844
4412
-3052
4863
-4519
-2891
4590
-1899
-263
-1600
-2436
1015
3420
-4539
224
1150
4482
1997
3664
-3615
1975
4105
-3172
-4362
2739
-2245
-2407
546
-2416
2719
-299
-997
245
4250
-3308
2677
2358
2030
32
-3980
-4151
-1348
3296
2113
-2385
1456
-4098
-3023
-1752
522
-1899
-4763
384
-47
-4737
-4557
-1755
4579
-4392
2830
2947
-658
-74
-2755
3366
379
-700
1959
467
2737
-4171
-1788
-1775
1118
4664
-4908
4876
-2572
-2047
-1946
-884
3502
3444
-2148
-2455
-494
-549
405
-3500
313
1800
3163
4360
-264
-1480
62
-500
-2199
-404
-1712
-733
958
-2161
-18
-4281
-4311
-1047
3158
3081
-2993
1945
-3783
2698
3330
-1447
3650
2706
-2898
4360
3450
414
148
1353
-1583
-4090
-3083
-404
-2916
-2218
-3939
-1286
-1657
1695
-94
-1038
-1797
4216
1813
161
-2396
1427
-3884
395
3376
2613
-3909
2382
2618
598
4464
3075
2857
3318
327
-2891
2107
4417
-569
4246
375
4019
3888
1397
-1786
-3247
3664
-1078
-2958
-4612
-29
-3978
-2945
1743
-4190
4116
-3427
4085
-1958
1700
2109
-2024
-4819
-30
-908
-2150
-2862
-2614
-3355
4212
-4908
192
3858
102
-1722
-352
-1373
-819
-3465
-3446
-715
2894
4055
2136
-910
1645
-789
3366
-3003
981
-2499
4825
1722
-1337
-2679
-24
1269
-4431
4984
2504
255
2442
-176
1529
-1453
-2945
-340
4009
2664
-36
2551
2999
2892
3854
-1446
-2476
4976
2702
2870
3907
-775
2847
1829
1189
306
-3368
-246
4991
-3336
-2531
-3760
-134
3781
1653
176
-1601
3356
2847
-3371
-677
-1539
3939
-4879
-290
495
-4041
-1464
1294
1127
1464
-784
469
1879
642
4138
2416
784
-2837
1142
4648
-3216
1626
762
513
-2971
1106
1289
-2539
-2069
1775
2310
4704
3790
3541
1254
4067
2440
2196
601
515
3580
-3638
-752
-1234
251
-1520
-2172
-594
-299
-2333
1622
-507
2840
4848
-2915
2567
-3834
-2315
-2376
2266
-1707
129
2544
-395
4666
-2988
2529
-3219
-803
1257
-536
-2672
-2642
-240
2208
2291
40
4215
1526
-529
-4089
-3066
-3827
876
-3880
4935
2073
3494
-6
-3323
-2177
2271
1519
-3945
4253
-1434
495
-1009
469
4333
4785
43
-3846
2554
88
-2108
-1911
1896
-2003
2336
2010
-3397
1662
-874
-4612
2363
4237
1243
-4786
2956
3997
-522
1575
-3090
1750
3904
-30
2280
-1407
4923
-898
4878
-3466
-1507
-930
2929
-3764
-3912
520
899
478
3513
3522
-995
-2953
66
1730
-3835
-281
1289
-2173
2281
-1240
2196
-1929
-2518
4932
-1816
-1444
4511
-1047
3047
579
-3682
-280
2547
704
3720
-4476
-4639
-1952
-2121
2551
2911
-856
-2049
4145
2337
-275
1580
-4343
-3045
261
2870
-2902
4271
-459
1093
-4801
3202
79
2184
-452
3726
-3239
2675
-2427
42
3859
-606
-1222
1850
-3995
4324
-4044
-779
4577
3876
4720
4420
3061
3681
-4763
4514
-4654
1960
-3357
-3806
-920
-514
345
-1230
606
-1726
-2249
-2453
3230
-1525
4452
3796
-947
-4319
-2163
-2944
928
-1725
1931
-2177
-3856
-1673
467
3368
-3438
-2208
-1146
-3029
-2064
2762
414
4465
934
1879
2394
-4217
-2363
-1872
1952
-4297
-1707
195
734
-4391
-3572
-3296
4475
1679
3193
-1900
4944
-432
1373
1
1974
4639
640
-17
-4812
-2273
1291
4061
4438
-2306
-1651
3780
87
-4364
4155
-2126
4238
-4393
-3431
3565
4198
-4851
-844
-284
-3349
-4435
-3591
2879
3384
3590
-2160
-1376
-3488
3046
-4376
-952
-2358
-4756
-1488
-4026
2983
475
3157
-661
3113
2813
3606
2480
-1201
3389
1888
-1222
-395
-4520
565
-3725
-530
-2608
2172
4949
-982
304
-4592
-1419
-4858
4973
-1887
2868
862
1392
-174
-3423
3030
4812
-2478
-4728
674
-4665
-2377
2381
2717
2281
3182
2428
3484
-20
-1389
4572
4460
200
-4505
-4041
561
4806
-234
3912
-2692
-857
1202
-1604
3339
-1363
349
1933
-2825
3686
3845
-3384
2740
-390
2996
-2947
748
-319
-52
550
-2279
2107
-4919
-2776
3331
2327
1848
1147
-1919
-411
-3845
-3644
508
3796
796
-2745
3373
4484
-663
-372
-3574
3530
-4814
-4355
2072
1866
-3779
-2111
3172
4054
18
3238
-3309
-3830
1935
-4724
-116
-3619
2233
-549
2316
-1156
-2966
-327
-2424
-2128
-1270
744
-3069
1054
-1112
2896
2450
-4220
-4871
-602
-1947
-2094
1145
-207
341
743
119
2603
-4454
1058
3323
3169
2703
-3675
-4123
218
-3177
-1033
-886
-3071
3336
2035
-3971
-3632
-795
-2842
-188
551
-2941
1963
3211
-505
-702
-2258
-2679
-955
-4861
-41
-2948
-4376
-4372
-2193
-1567
-421
2881
478
1410
3766
2345
-3808
-3572
2205
41
-3023
-4212
800
4586
-2907
2633
3894
966
-1829
3961
4113
-4934
-3386
3405
2907
66
962
-1450
-2651
-1562
955
801
4294
-1700
3277
2462
-3042
-3378
2990
826
1064
-597
457
3173
-928
-3989
-1251
-372
4371
2003
-4695
-1350
-2008
3347
-1993
98
-3300
-652
-4204
4312
-2459
-807
-1314
-3822
3284
1966
-4079
4404
-29
4475
49
273
-317
1971
3399
1183
-3860
-4557
-4726
-33
1754
1206
1747
-3185
3585
2453
-1824
1711
4688
-468
3740
313
4511
3976
-2186
-1715
-2358
3112
-3516
-3366
-1547
-1548
-723
2024
-2013
3136
-137
2157
1830
3140
-4213
-257
-4386
-346
4451
1913
3572
-4306
-3262
-1728
4514
743
-636
2011
2075
4057
-870
4232
588
-4079
4717
-2531
1286
-2390
-3163
1618
-153
2876
-1765
1466
-737
-2267
-4239
3983
3739
127
-227
3959
1428
2204
907
2161
1421
-2719
3700
3406
-4409
3913
-4094
-4255
1527
-3977
824
3236
2799
1214
-4498
1137
211
-322
1504
-3246
-2689
2690
890
-3962
1035
583
2714
4956
-4927
4762
-154
-1869
-3326
-1976
3145
3886
-2635
-2747
4883
-1416
-3512
2779
-3611
3325
-3208
1400
-2992
3445
2257
-3351
1539
-2124
3354
-483
2941
-3103
-3763
-2636
4828
3522
-4838
-684
-4585
1110
-737
1754
3221
-2349
-2700
2258
-3991
-1511
-193
4738
-2219
-1266
4720
3584
3447
4737
-3733
-2988
2236
-2966
-1620
70
-4554
795
-1598
-2862
3259
4048
3292
-1115
1412
2064
-1971
3769
4715
-1991
2077
-3812
2992
2981
284
-3343
-653
-3052
353
-640
-1803
-4202
2767
-2287
4070
-1046
1938
-4826
-4092
3968
-814
2579
1875
3912
3044
-4827
-4588
-373
-3828
3801
-3017
-3075
4551
-4466
-2904
3018
-3491
984
-536
-405
4838
2351
-868
2531
-3911
-2388
-2908
-3145
-2823
-3371
-1317
3445
-4
3385
4135
309
592
-1528
-122
-1718
216
4049
-2719
3127
-4946
-4603
-746
4219
-2414
2236
3780
-53
4917
1741
-4259
-3792
2930
-3790
3524
-2245
1716
-3011
3035
-1683
-870
1599
-542
4873
-221
-4806
4234
-2015
4410
3033
539
-3727
1067
3210
4836
-1718
2302
968
-2472
-2454
4649
2394
3708
3355
-2619
4861
-150
4983
1627
2606
944
-4224
-1150
-1339
-1723
312
3007
-2509
-324
-2200
2596
1932
-49
-1976
-4965
1175
4037
2401
792
-4602
1283
-3544
-79
-4244
-3870
895
-3371
198
-181
-4293
-2163
-4378
1190
-1183
-2383
1102
-2831
476
-3419
344
3703
-3668
-3549
2961
1573
-3807
4095
-3884
-4613
3835
-1626
892
712
-4949
-1295
195
-4433
-3137
-4860
2750
-3075
-93
2489
609
-2172
2700
-708
-2474
2837
-4274
-2891
2285
-4527
-978
4180
-3914
1001
-4045
-2919
-3393
-4246
3222
2121
2076
-3325
-2705
-4972
-4293
-593
4496
2296
3928
-3472
-1587
-615
-2445
-2718
-2640
-168
-2218
-2782
4665
2917
-2103
-3999
-4397
-4507
-2003
-3278
-1761
-216
1188
-2005
-2287
-1138
-2837
-4919
-1026
3855
2196
2141
-644
-3931
-3857
1696
-3005
4483
53
4459
2775
-4343
-1287
-4752
-4336
-2291
3144
-833
-3928
2310
4775
1172
-518
-3597
-1333
3880
1213
-3694
-641
-4152
1776
2195
1701
3767
2548
-4820
-1985
-384
-2395
-797
-3060
3693
-4606
-4808
-3036
-3516
-187
2251
1766
-157
3027
883
-2057
3474
4818
-2389
-319
2058
-1269
2170
-4550
2578
1424
1741
-3546
3430
2119
2007
1543
1849
381
-42
-4913
82
-2663
-4639
-4089
-2629
2641
619
3575
-1928
4449
-3228
-4468
-4317
-3565
1381
-3296
-3469
4463
3037
2630
-1077
-677
1947
-1057
1397
1747
1320
-210
2710
427
108
-2360
-4243
-74
2588
-1224
-1636
2032
1925
3711
1383
3405
1084
-2471
-4264
2866
-1900
-4872
-993
-4747
3916
-2051
-1005
1243
4055
-1869
-988
630
-2440
396
-2445
2876
-944
-2391
-2862
-1247
-2400
-4114
79
-4986
2516
579
-4679
-4714
4500
-4104
3459
-601
-1264
-4797
2903
2661
1220
1786
1277
-3050
1527
-4634
-1688
-3270
-3857
923
4541
1567
-776
3813
2771
4467
2335
-2136
-69
-3369
113
-4912
838
-4392
629
-1265
4902
2814
-3547
-2351
-3293
-4307
2129
4443
-410
-2916
-3657
4683
652
-1239
3302
1065
-1789
-2503
999
2697
-3429
-393
-864
3444
3740
-4667
412
-4670
723
-466
-802
-916
2911
-3558
1689
-1179
1078
1925
3526
936
3212
4256
2756
2147
3264
1703
-1571
-4816
4755
-4507
29
-2614
4444
2747
-2482
1435
2143
-748
-4826
3832
-2780
559
-269
4452
2477
-1964
4952
-4428
-334
4864
-4475
308
627
-4077
-1327
-2507
3395
-3493
-3845
3247
678
4375
-3273
-254
-909
1754
4997
-4786
2471
-2839
4866
4307
2317
-4627
3670
-1663
754
-1217
3505
-1874
2144
4254
-3838
2994
1801
4337
3599
924
-4169
1349
-2650
724
4219
1160
-4362
991
2536
-3432
-3033
-4196
-2989
-1368
-3301
-3957
-3666
271
460
2777
4170
-3440
-3226
4084
-1400
2130
-3211
3451
872
2232
713
-1556
3400
-3240
-1554
-840
-4842
-805
-1996
1373
-1964
-135
2255
155
-3239
2592
338
-4543
655
3820
-4165
-4651
4947
-2260
-4089
-805
895
474
2862
1029
3156
1326
-818
1514
1319
-364
1642
-2362
-1043
-3142
906
2278
-3782
-1742
3367
-2257
-4968
3307
-1122
3497
-905
4545
-115
-2475
-3951
-4626
-1017
1168
3025
1701
-1976
4885
784
4493
-341
4255
2974
-1538
-3930
-4334
572
-4025
984
-1133
4191
-2909
2880
1398
2049
-2343
-690
4151
-2061
1342
-2668
-178
-3777
1214
-4594
3082
691
-1454
-104
-1319
-4267
-214
-2599
4346
3136
3457
2830
4364
-600
-3119
3093
1438
3259
-4155
-1124
-1475
3783
-4006
3825
-2761
-2105
2058
3944
1291
-981
913
-2177
3499
-2060
623
-3465
1616
4596
393
2515
-132
-1029
-4330
-3145
-442
2349
501
363
-4955
163
1262
3371
-1592
4040
-2407
-2038
2163
826
3611
4338
-2531
-4599
-2644
-4492
-748
4133
1850
-3818
-4727
2294
4056
3577
2779
4593
-630
4671
-1749
3115
-3847
-2621
1317
-1523
-697
-4117
4117
1402
4252
-4671
-3362
2893
4792
-2483
-407
-4210
-4942
-1179
-3635
534
2453
-4473
4214
-2536
-1896
587
2246
-1852
-3534
-1023
640
-2636
2630
2290
-2494
-1288
3279
-4908
2261
2425
-3931
1779
-4841
3654
4901
-1107
-4374
699
-405
4061
-1920
4049
-2130
-2129
234
3146
2081
-3546
160
3614
-4987
-2609
4630
787
4549
-3726
2828
-2410
435
1035
3449
-4692
-4824
-3636
4611
135
-4937
337
3897
340
-4616
1515
1230
-738
1986
2697
-52
3504
-4943
4753
4021
163
1120
-3787
3745
2194
-3883
678
4520
2466
4618
-2486
529
-2859
-360
-2117
-3925
-4670
-2506
-3341
-3149
4077
-3767
-3868
4995
4976
4877
4469
3755
4156
-2613
-4858
3429
-2494
1332
-2714
2729
4786
3040
-1447
-403
-2064
2252
-127
4539
-572
1850
1634
-1156
-3633
247
-2421
4560
4828
-2409
1477
-786
4009
-3705
3407
3394
1338
-1511
8
-66
328
-3911
-4784
84
-2336
3963
-407
4994
1474
-1952
1994
3416
1654
1984
-1535
-4012
1355
3305
4301
-643
-1848
784
4363
560
54
4313
4274
-2992
2681
-4296
2916
-3573
4493
-1951
-2116
1055
4710
2425
-4247
3572
-3989
1856
-4728
-2640
-1968
4428
2084
-4806
2012
-208
1712
4756
-207
-1189
-4500
4152
-3107
-1752
-669
4749
-1979
-467
2035
-1766
3378
-2224
4952
-2297
-3608
-4578
3041
3729
4951
847
-3579
3736
4766
-2694
4803
2425
1334
2201
-698
-4196
1907
-702
1782
-244
3848
-1665
2160
4007
2658
-2274
445
-3765
2715
-433
4467
-3402
-577
-2727
-2113
272
-4363
-3234
-1811
459
3425
2408
4881
2987
-3664
4724
-2512
-4538
94
3479
-2233
-318
1997
3410
-2756
3389
2802
-1817
1807
-2156
-527
-3281
4321
-1535
3204
-3014
4660
-3253
3168
3066
2038
3276
4703
-359
-3662
-1636
-1137
-4453
-653
-3807
-3252
3941
36
-4163
-3741
-1809
4773
-4260
4288
3324
2600
-192
2294
2183
-25
327
-2512
4942
3512
-3117
3306
-1637
3249
3038
-2331
1438
-2058
3315
263
-3255
605
-4832
-3545
4447
3161
-889
-2248
-4732
-2105
1971
-4155
-4993
-3620
2344
-3099
-3338
4462
-2932
110
3237
-1707
28
-3088
2194
2252
-3963
-1391
586
-1808
-3718
-933
4713
4392
-2387
-1331
-390
111
-2872
366
-1291
3528
-3812
4128
2500
4565
-713
57
-84
3747
-1211
-2595
719
-1955
121
1694
-1498
-4721
-4902
-3865
3404
-3716
2335
1190
-3029
3676
-3937
2283
1998
-3812
1089
3398
154
2632
-4830
-1030
1307
-4962
-1737
-3508
-3433
-460
1848
-804
-1025
467
3751
-2101
3656
2223
4981
1422
-3374
-3979
-3863
-2037
-3759
3441
-2803
879
466
-3198
3019
-1842
685
945
1435
841
-838
2020
4658
1579
1192
-1954
4515
1850
-4163
-3884
-3998
-2415
-1539
-1774
3580
1888
-4983
2617
2499
4247
4189
-4087
-2610
-357
-974
-1395
-1962
1426
2587
3396
-2575
4481
4892
-134
-460
-4431
-4246
-1885
-1028
1907
4372
-142
-1890
816
-2027
-519
-2111
-4834
-1721
-3714
-4772
47
-252
2657
4040
1865
-3479
-610
2868
-4931
-2430
3941
-1338
1566
2224
-191
-1900
-4108
2387
-4329
-2871
4103
-1477
4076
-4848
2377
-4511
-2813
3242
2447
3660
4335
2132
-4738
3443
1787
-4452
-2047
-3138
3949
4501
4973
730
-3283
1543
-1058
-740
-1397
4379
-1622
4679
2701
3510
-1197
3343
-1712
-4341
4549
-4461
3846
-2419
-2743
308
-3169
-2905
-3392
-4455
-1927
-3389
-4175
2568
2998
-3802
605
-1762
-1548
-39
-2937
2394
-1407
-2986
-4376
1519
3097
1476
-131
-3705
1587
2358
-3060
-736
1746
2489
3259
-921
-4051
-1331
724
1436
2588
-3176
-13
1400
-2121
-45
-1706
-1821
3569
4402
1790
-1433
-1209
1038
2904
-4828
-2756
4329
-619
-480
3085
4030
1327
4073
-2767
-2167
-4437
-2746
2629
3995
3708
-191
-1749
2834
3509
4455
-1862
4476
-335
2901
-4613
-3275
1614
-1438
2755
-4209
1166
1417
-4521
3413
2143
-161
-4795
3046
-3010
-131
-2001
-342
3956
-400
-2586
-2605
1910
4815
-1348
2039
-3845
-4317
-904
652
-4021
1695
2152
-1878
4948
-3273
-3112
697
-214
-1892
449
-3068
131
3439
-4994
-4472
-4307
2413
-2348
1390
-2898
-3739
-4435
120
3415
3342
142
-3044
-4080
1110
-769
1562
1396
-760
-2753
-4664
-1334
3824
-448
-4124
2896
2035
-2284
-4188
-634
-2108
-1013
-3832
3327
4304
-2349
3962
3181
-4911
-159
-4430
-3557
2987
997
4388
1706
3025
-325
-3459
4897
-1344
3564
3193
3058
2963
3273
920
-181
-117
159
1666
1616
-3691
4318
-2902
744
-1005
-1895
2086
4380
-2090
-3442
905
776
-3040
-4170
2384
4105
-1592
-992
-2981
969
1822
-3468
2337
-1015
-3139
1434
-1857
-2005
978
-4649
4893
1248
1727
849
3090
232
-1190
41
1899
1243
1346
-2296
-1295
232
-1541
-4866
-3184
-615
-2181
1811
4166
-2718
-2389
1632
-232
2800
-1902
-351
-889
1298
3859
-2142
-1847
-2387
-1409
3033
2308
1608
-3456
3350
2647
1867
4800
1767
4860
-2262
-2011
-3276
-35
4147
857
-3237
-1531
2429
-4325
442
2006
129
-3139
-1385
4336
4533
-3915
2702
-238
-2431
-2654
-4648
1756
-3765
2141
4894
2169
-3031
3089
-2848
2002
-1274
-2005
-1200
3625
4870
-3547
-2079
-2766
699
-1552
1509
-1257
2762
4538
3023
4153
3890
-4510
1561
353
4097
-2044
-2296
-2744
-4957
-971
-3104
2217
-2776
-1579
34
-840
4805
-1162
-1363
2921
-4173
-363
-505
-989
1956
-1472
-4140
742
-2742
-80
-2323
31
305
-312
-4177
-2371
3888
-3681
3613
4812
726
-1920
2652
-3234
1557
4592
-1325
3188
-3905
3740
-4185
965
3455
-1916
1067
3103
-2558
4874
-722
-3648
-4168
3034
680
3983
-4368
2522
-128
3906
4144
190
-1850
2353
-1828
2602
-1865
-2930
-3035
-2502
2795
456
-2858
3754
-2005
-1230
4869
-1816
-3249
4136
3169
-3080
1937
1722
823
-272
-2570
1288
-1302
-1217
-2544
2366
-1319
-3193
3680
1988
-2670
-1759
3158
4755
-4157
-2170
-4162
-4949
3595
3241
4315
1358
-2276
-720
2421
4920
-1645
-1938
-4580
137
4330
2586
1765
-3502
-1458
-3759
3544
210
1734
1940
-93
2711
3978
1646
-4343
3791
-3852
1364
904
-935
2938
-4733
1693
676
-2125
-66
-3866
1275
-1351
-261
1869
2846
-3358
-3601
-2794
4273
3098
184
-558
3157
-839
-4550
1364
-3005
-1136
1307
1633
-1285
-4823
-4413
-3813
-3589
2434
-3433
4217
1398
524
-1241
-2644
-3229
4094
3234
418
-4322
-785
-4839
-3009
3597
4136
-3224
-2956
-347
-2712
-4081
-2803
3083
4634
-138
2755
2852
-2690
2239
-3298
776
2449
4887
-559
859
1909
-2308
1787
-729
98
-217
-4136
-701
2915
4759
1126
-2995
4688
-2747
-1842
1136
2069
-3980
-3474
-304
3654
-1751
-3244
382
-608
-157
1724
4893
1925
779
135
-1125
3
-3852
-3305
-3012
-2485
-4651
-4883
1393
-2098
4597
-4699
2135
1998
1917
-4737
-4639
4211
-2153
515
-4416
3449
660
-575
-242
-3127
-4769
4602
-3998
3345
1255
4675
-1550
2893
-3379
2815
2653
-4297
1240
-4850
-607
2600
1056
1604
-3537
-3985
-4917
-684
-2774
3131
1710
3554
-2892
3176
348
-4991
-401
-2524
-945
-147
-3429
-2038
-2880
934
4157
-1551
2470
3791
1003
948
2952
-2433
453
2734
1032
-2439
-3297
-551
1346
-4263
-315
2171
3158
-3513
541
-305
1968
-3048
-4194
-1617
1769
-3048
-322
-1363
1871
-884
2840
-2565
-3964
1488
2342
-4662
3062
1886
1084
3917
4411
607
386
-4345
-657
-3913
2633
-1694
2842
4412
1144
1494
-1971
-4023
-4631
-2859
3477
-950
1590
3606
1383
-2643
-1013
853
4825
-4338
-1590
-4485
-1212
2503
-4837
3420
-3426
1051
4547
4573
-3680
-972
-3953
3055
-2556
2616
-3779
4944
-223
-898
-2004
-3315
-1473
-2158
1060
4764
-4950
1694
359
1618
3199
-3064
2615
4848
2951
1785
-4589
4462
-2201
-2415
-2205
2732
-1687
1665
-953
-3874
-2031
127
-3436
-1558
3619
3934
1344
1249
3111
932
686
2041
-4739
562
-2657
4716
1669
1701
-4882
-3649
-1860
-2954
-4719
2727
4915
4874
-1670
-4585
-3334
626
-2563
4305
-482
4698
-1282
3364
4817
3613
-2238
-2860
745
926
3851
4143
-3457
4827
2618
2286
4610
2980
1466
-829
-2847
-2053
2435
4559
-1891
-2840
1916
3747
-4496
1058
-4760
-1311
-1164
-1982
3273
1043
-4695
-2269
670
89
747
-3343
-4414
-1013
-3236
4988
1909
816
-301
905
3450
-3824
-3113
509
-3574
4759
3139
-3316
-2613
-1735
3547
537
4650
-3679
3643
-4265
2329
138
3153
1388
-1422
-336
-2156
1402
-3570
-3847
1540
4142
3074
-3422
2078
553
4940
4036
-3454
4806
2333
3434
-676
-3452
2861
-900
912
-2049
1406
1734
-1133
-4459
-4297
2232
3350
-943
-2874
2967
593
-4444
-1468
-2629
-1245
4039
3659
-3472
4210
-1272
-3204
-299
-124
-1058
-4694
3188
-669
2098
1866
-1458
-2476
1017
-2463
3225
-3216
-2200
-4955
-4670
817
2406
-228
875
-1424
-2660
-2517
-725
1715
-1275
2785
-2281
4239
-4975
-3519
181
-2191
-2720
1048
-4566
1013
4801
-4337
-2292
2865
-3707
-1305
-1907
-1996
-2370
-4740
-1888
4049
2199
-3110
1935
-3329
1228
4881
3717
4314
4516
-2570
4122
-115
1606
-2649
-3372
-939
1572
-1722
4838
44
-858
-1687
-3447
-1001
-931
4035
-476
3502
3036
-2064
508
3962
3916
-1590
-1630
-3051
3437
-677
2989
103
4789
788
2997
771
3144
863
2410
-603
2133
-2279
2383
-438
3589
342
3938
2441
1352
-3686
-3072
-4374
-3187
-1416
-853
4849
191
-2134
2985
-3503
4538
684
4075
3378
1682
-4380
1311
2450
2842
-3992
-2047
2425
513
-2811
3333
1001
-2308
3029
-366
-4743
597
-2496
-3732
-1026
3959
4287
-1523
3119
-3363
3817
-4804
-2312
-583
-1962
3328
-4132
186
-4722
-3741
4392
4558
2901
499
2311
-2174
-3262
-4850
-4488
-1216
-4758
1795
-3599
1948
2633
3258
4478
-3208
1981
2247
839
-4121
8
-2374
417
3035
-2275
4002
2197
2563
749
-1694
464
968
-61
-3018
1860
-3199
-4813
-4626
2243
4526
-3771
1972
563
195
-4619
151
1837
-3913
57
381
2569
1183
-4945
4354
-1478
-528
-4009
2687
292
3285
-3935
2861
-879
-2477
2617
-1643
-3818
-2666
-2284
4569
3762
-1184
4334
1863
4652
2325
1540
2394
4371
3588
1102
1102
-4695
1321
39
-2984
1618
23
4703
2848
3194
-1829
4492
4773
-3078
2577
-1268
-3686
-2584
-858
2331
4084
-3300
3698
-2054
-3864
2880
2974
4740
-3035
-4373
-3290
-3196
-3064
-3818
-2230
4129
818
-2588
875
-2920
-536
-2074
2751
-3805
4380
-3960
-2252
919
-134
-3045
-2753
4296
-2241
-1318
-4254
-2476
3262
79
-3089
-1534
-784
4677
1747
-2952
-2926
-4991
1868
-4282
-1857
3907
-2876
-2410
1129
356
-4552
-3285
4932
-4316
1734
4087
4236
1944
1700
2466
4049
-1738
3768
-2009
2154
1827
4292
-714
-744
-622
-2707
-3469
-4326
-2841
2109
2601
2156
380
-4945
-1174
-89
2854
-772
4077
3149
-3803
1428
-37
-318
-4164
-1441
1002
-4695
-1103
251
3041
-2145
4738
-349
3591
284
-3426
1952
-3178
-4959
4971
273
4856
3050
3784
1585
3417
-1373
-2417
-566
-4629
3040
4118
-192
-2638
-2529
-1630
-827
-505
4898
4373
225
-2716
-3162
-67
3232
3565
-2555
-4376
-4384
-4570
-4409
596
163
-372
515
-1587
4303
-4677
-3499
685
-4363
4530
-1866
-3843
144
-4560
74
-2860
-4016
-1835
4921
4007
1428
-1611
3708
978
1124
2109
-2053
2860
-3747
4186
-2264
3785
-552
-4610
-803
-1733
2786
-41
83
639
-2145
3212
-4454
4216
-212
-3757
-2209
-761
4465
-2154
-1851
1560
1744
1826
-1858
3299
4688
4751
-1106
-4749
-2002
-1120
-3363
1511
795
-2334
-1037
-3592
-1478
3886
1408
286
-947
-2107
3135
-1101
959
2046
-1715
-4976
734
614
4064
-4283
-2871
4659
-3463
4386
-1214
-795
-2379
2609
-4480
1115
1103
-904
-1636
-3584
4050
3090
3433
3077
3384
4153
-1167
1871
2442
-1549
1552
-4819
-1678
-1323
-3133
4427
908
-3463
-2934
-3803
4188
3885
3946
1451
-4212
3388
4475
1591
3998
2062
250
-428
2697
-3456
1558
2486
4986
2975
-3095
-3088
4186
1252
3775
-4010
-143
1559
-2599
4765
3872
-2152
2947
-1405
-1378
-2361
744
537
4875
2335
-3196
-868
-2257
-4840
3785
-4829
2445
-4703
-1825
3176
4952
1883
-2570
-3445
-1735
-307
-4833
2409
4886
4117
2400
1456
3575
852
4433
-1354
-330
2017
4789
-4972
3699
-2476
340
-3903
4802
1851
-3945
4039
1270
-784
3049
2215
-2765
-3165
117
-4766
3876
90
4336
-4685
3383
4606
183
858
-174
1646
2661
3592
3771
-4988
1869
-4819
-4985
2481
373
-3142
325
4857
2982
-4476
4373
-3049
-3871
-1175
4840
3029
-4616
-1561
1840
-3193
-693
2047
-2866
-1547
2253
-3850
1461
-3379
-10
-2944
-476
-2798
-1739
-398
232
-4350
-2504
4657
1822
2834
953
-4431
2172
-1514
3249
-3624
3364
3627
4420
-2913
-266
-4323
1281
-247
4665
-1237
3833
1676
-4226
-4716
439
3609
4387
-4404
-2350
668
4417
-2268
-1183
-538
-868
3338
961
-42
-2132
-2259
-1519
-4286
-3546
-3063
3846
3129
634
-1494
-3846
138
4349
4856
-3664
4376
-4131
-2139
4352
2564
636
-2645
-1333
-995
3414
-4364
-1698
2566
2763
-2256
4567
-3525
4743
1019
178
4444
-2806
-1029
879
-3660
-4724
-203
-2084
2290
2412
4787
4036
2940
-2214
2779
-1811
-4112
2211
-1387
-823
-3682
3160
4659
1210
-3837
-1595
-1292
3251
1771
-1812
4712
-4336
1034
2887
-1845
81
700
-2161
-1286
3387
-4457
1874
-2973
2053
1278
4237
-3160
1202
-2953
388
3443
-1314
4463
-3189
234
-1977
-587
1331
730
-2301
823
768
-4148
-3925
-3489
4712
-3229
-471
-2221
-1568
-3432
4580
-3545
4199
1713
-2509
2050
4234
265
309
4971
1631
-3957
1419
2248
-2009
-843
4338
-113
-4755
-2055
-962
1976
-2940
-860
-3118
3894
-3548
-1842
-3674
-2821
3720
2927
1646
564
1729
1141
767
-4032
1512
3795
-3799
1565
1125
2438
-1799
-2960
-617
-4679
2464
-471
-4005
-1919
718
4204
1246
2792
3512
1895
-1789
1386
4343
4500
-279
-2708
-4476
1063
3483
-843
-820
1095
-558
3525
-3487
-2378
-4451
1253
-1933
-1846
-1616
-3862
-1643
-591
-1186
-1155
3054
-4597
1444
-3068
1524
2006
3365
-4538
-1202
-2323
4878
1912
4928
-2558
339
4131
-4737
3538
4578
3134
-1740
4143
-3081
-4464
-2523
-858
-1356
-2544
3333
3062
1207
-1656
-1153
2108
2302
2298
-2050
1188
-2672
2924
-4166
4956
-3800
2875
-3499
-4872
3020
-3214
60
-4701
537
-4961
-270
-4743
1894
-3564
-3674
1632
4286
2642
1117
2067
4802
3491
4612
4662
-2131
1212
3343
2222
-4958
-1289
3709
643
785
-1024
3163
3061
-1496
4318
-1593
1477
-4531
3606
4527
-4872
-657
-4643
-1770
-2766
2701
141
554
-2095
2796
2465
4807
-1600
-2938
4519
1031
-2282
3157
-4417
862
1022
-2335
3179
-3429
-260
1393
-1484
-668
289
-53
-4493
-681
4407
2570
2327
-943
-702
-64
-3899
-1980
2377
698
-4107
-4051
-4627
2996
-1822
-430
-3973
-4788
4548
-188
1257
-4367
-2859
-3372
946
4320
1796
-2040
-813
4140
-4933
1106
293
1127
1721
-2750
-4087
-2312
2383
-4326
850
689
-3827
1391
2329
4297
1848
-4572
-71
2542
-3598
1453
-405
2864
2016
70
-1581
-3390
4196
3031
-4890
4438
1090
1539
-967
2534
-4590
2376
4605
1741
-3253
1210
2400
4026
-1920
3613
-2004
2090
660
4861
3716
-3619
-1280
-3755
-2473
2496
733
506
1742
-2816
-1196
-4403
2342
-1549
-387
-3674
3683
3825
-2343
-2244
-4334
-926
-419
2740
-2105
-4134
-1641
-1832
-3031
2613
-3557
-500
-252
-2351
-2649
-4249
-1625
3792
2061
-1597
1736
4713
843
-4730
2833
-2075
724
-2391
-2121
-877
4428
-124
-545
-470
-1460
4234
-3870
177
2932
-1288
-842
-3772
-2933
86
-2390
1437
4338
1857
3573
561
-4935
1547
3438
1829
2672
-2557
592
3933
2232
-4510
-50
151
2794
3197
4689
3099
3586
2069
-3338
3983
-2633
-3632
-3318
3530
130
-2588
-3199
1223
-1679
-3260
4015
-2777
-1340
-2052
2605
4479
-4772
-622
2606
984
4680
3959
-3253
3341
-4958
-4866
2729
420
3048
1624
4002
-491
277
-261
4985
-2161
-129
-281
-4133
3741
1235
1598
-605
-4100
2138
1330
-2595
-3276
480
3787
4123
135
2261
439
2682
798
2039
-2766
884
3492
4013
-1778
-2831
4000
4366
-148
-4705
3708
-3053
1082
-2745
2511
4512
378
-1236
-2123
-3412
1219
-4451
1467
3092
326
1893
-1108
2924
-2020
-3194
1221
2740
3433
1937
-1172
-1529
-2461
1951
-1993
4535
2010
4102
-4010
2867
4011
3691
4364
369
541
-4936
1711
4272
-1289
443
-4427
3002
-4418
-1718
4794
1857
311
-2581
3000
-2124
4288
-707
3423
2934
-499
-3396
2360
-664
4241
3826
169
-2255
-3041
-4226
2454
1373
2675
2167
2326
-3713
4337
-241
-1086
-1736
2318
4556
-4331
197
429
-2073
-957
248
-2474
-3492
-4842
-3038
2134
4642
1015
2372
-1432
-1723
-3615
-4967
-677
-306
-104
934
1335
-2615
1434
-1335
-763
-4169
4015
626
-91
4522
1630
759
-4820
2889
4517
-2729
-1006
-3267
3381
-41
-3867
4198
-4523
-4101
-589
643
-550
356
2955
3934
4584
1135
33
-415
4166
2145
-3127
4001
4897
-1165
386
-3914
4879
-1668
4411
3566
2434
4850
-4386
-1403
-1775
703
2792
3636
454
3379
213
458
-1379
-3746
-3827
-1277
-1039
742
-1198
-3746
4114
3857
2473
4041
2671
-2369
3290
4133
3147
-942
-2629
-2506
4602
49
-2918
981
588
833
2288
1987
2753
653
-2313
-3881
837
143
-3053
3798
-1094
-1471
-4175
-4833
3707
-600
2528
-1566
-1508
-2652
-977
216
-1986
4873
-2528
-4981
662
-1257
-3430
-2954
-3430
-4544
-2444
-719
-2964
4230
-3063
-2713
-1540
714
-1352
774
2171
3949
1907
3967
-4090
1639
2341
4562
2236
-1837
-1321
-3055
-4744
-3592
4621
-1610
3679
228
-4595
1658
1894
-4313
732
-539
-960
2935
3294
-1849
-77
4959
3777
-2198
433
-3136
4083
-394
52
-1914
1571
-3820
-1395
-1098
4775
-1058
4352
2757
1492
811
-3947
3950
-1889
185
-1548
-1361
-30
-1535
253
-675
3598
9
3048
2584
2178
1758
1414
121
-3936
4855
4589
-3096
-2332
-2928
4515
-1449
-4493
3679
-2456
-4882
-4135
4417
1773
-4196
3985
-4809
-3559
3297
-1280
40
1866
2800
-1871
-3111
-59
-41
4187
-2809
650
-3369
4253
4432
1942
-3755
345
42
-130
-4667
-4181
-2046
3038
-2568
1201
-1881
-3012
-4100
-4590
-3983
1635
3165
-377
-2994
-2989
-776
4669
-1117
-878
-3434
4933
1846
-259
4580
-3424
-3104
1733
4474
4238
4885
3480
4182
-449
4396
3007
-870
-1571
1309
4344
4480
-2171
4670
3326
-2033
-3312
-4185
-1132
4318
479
3242
3878
-1284
-3462
-494
3969
-3913
3890
2378
-750
689
1996
2784
4990
4868
-2635
-2510
4740
-1664
1901
-259
-1602
-1780
-4105
-4623
-2900
4841
-1279
-4808
3667
480
-3362
-145
4923
1136
2645
-2276
2425
-688
4936
-670
-1127
-321
-4656
4456
-2258
3536
-1580
4566
2372
11
-1564
-2125
-4112
897
-3158
243
-3094
2346
2989
3869
4135
4464
-3544
1617
1682
656
-823
-1941
598
-362
-1143
-3310
-730
-2253
-3270
50
2495
4979
473
4267
4880
-4550
4730
-2
-2066
4710
726
-1639
4664
2198
1583
-4437
212
546
3564
-2255
-31
652
1581
4545
-2016
4166
4953
-2853
4083
-634
-3338
-204
-351
-3097
-2606
3740
642
1668
3214
-4474
-4713
-2426
4839
-3838
959
1108
367
-2525
890
3045
-903
-4574
-2731
2413
-3804
-193
1123
-1659
1531
1622
4044
5
-629
3077
647
1822
3018
2923
-4445
-4896
1908
-175
2007
-4908
3249
1919
3104
4477
4141
-173
-3785
2148
427
4403
2359
3090
-3938
284
-2285
4246
3567
-4768
-1510
248
4356
1738
-923
-279
-3345
-961
1142
709
-596
294
2600
3027
2624
529
-2169
707
-3904
3706
312
-2586
4279
2640
-1719
-4916
286
-1895
-4289
2699
-430
-2716
-4592
-3626
3380
1292
-128
-2552
1406
1107
-712
2333
2707
-1857
-4106
2546
-1586
195
-118
3112
3889
2918
3532
-4804
-3416
-2477
2877
-1813
-2592
4942
2808
-1851
3678
2579
2967
3812
-2193
-2631
-833
2959
536
-4628
3223
-2113
2998
-1674
1305
-949
-432
-441
-440
-759
-1248
-517
-4737
-3585
1894
-533
1456
2764
-4802
4441
-2554
-1429
-2216
-1440
-511
-2649
-3196
932
2223
74
4383
-2451
-1289
-362
-452
3532
-1784
-2219
-2270
-421
-124
1154
-3306
3638
-4839
1791
-239
2974
-1850
4271
-2667
1000
-1987
2269
4495
-3682
-327
1731
-1024
2051
2445
-4104
-4016
1904
-1904
-3768
-833
1771
-962
-1006
1199
1843
3195
3172
630
4222
-445
-1275
2551
4085
-4824
3737
-3521
-4263
847
-3273
635
-3569
3814
4028
-2289
2297
-1481
4304
-1852
2802
2313
-1812
1958
-2489
-1209
-4435
-1949
-2129
-2396
1171
-207
-125
2612
3846
-4228
2441
-1299
3076
-1298
-2409
-3011
-359
-2249
-2315
-602
-4742
-1523
-3079
3209
1817
-2029
-1670
4434
3306
2522
3508
-1899
-707
-1728
2496
-1469
3210
3058
3364
4374
-1734
-3722
-3975
-4623
4457
566
4938
-3967
-3753
-3108
-2438
-1887
1547
2842
2806
2787
2777
-3410
4643
-4952
1022
-4425
-2845
4485
-793
351
2259
-1517
1348
2256
115
3586
-4790
-1190
492
-3974
2352
-1190
-2571
4641
-2634
1668
-2450
-2845
-3526
-1046
238
2507
3661
-2460
-4310
-4889
3401
-1086
4852
1136
-4293
-2303
286
1821
-3494
4578
771
-3016
-1876
-4245
2213
-1041
4643
1821
-3396
921
-1208
843
-1318
727
-3905
85
-883
-2303
-2006
-2752
2813
-2159
-2441
-661
-1542
-4726
-4089
2398
-723
-495
4711
-4700
-442
-3841
919
-3589
-1658
2507
-113
-1357
-3408
-727
4936
-3781
4486
-3036
-4001
-3963
-1961
3471
3921
-2874
2061
-4723
-3109
-4065
-1993
3802
3788
-1189
-3754
-2619
3190
3345
-307
-3242
-2840
4302
-4396
-2268
-1807
-3946
-4106
-1065
2898
-2638
4237
-4803
1277
-3712
1676
-486
3321
-812
3212
2211
-3607
-429
1004
986
568
-2249
843
806
-1086
4621
819
-4894
-3571
3138
2350
2007
-118
-787
2438
248
-4104
-3515
-2007
-2897
4445
4486
300
-3289
-2468
2818
-4190
929
1541
2282
-1987
1166
-4396
-1990
738
-3614
-2457
-2879
-3836
3725
-60
1913
849
3076
4704
4099
-3253
-181
398
1550
-578
3718
989
-2437
-3891
3731
-2519
-1131
-3931
1239
1212
2878
1193
2705
-3601
1655
-640
2448
1568
-990
-783
1427
1503
-770
-3581
3525
-2284
4882
4991
4551
4816
-1952
-4775
773
-2178
-1373
1638
1588
819
4902
4431
4254
-822
3895
-4875
-4465
-2167
-3773
-4153
472
-4466
-1695
106
-534
-1325
3360
4496
-4161
1192
4415
260
-179
1919
-3082
-4456
-1023
683
-1371
728
-1264
-3708
-1544
-3502
1961
1813
4220
-4733
-3422
1051
-1389
-1957
-2513
-605
3865
2742
3672
1377
2523
-1481
2770
-3652
-4008
1004
3720
837
3599
636
-878
-531
-2441
3518
-1287
2592
1236
-1231
-4549
756
-2559
1505
3392
-1228
2084
-3993
-4207
-92
-4147
-162
4580
2442
4785
1929
824
3216
4460
1018
-1749
2018
4479
-1815
-2410
-2184
-2360
-2583
-4483
4319
3351
4542
-2093
140
3900
1236
-4378
-1517
-4662
-4490
-3732
-3604
-3552
-3923
2648
-2883
931
4854
3048
-1267
3795
-546
997
2758
2703
4631
855
-1757
-4820
-4982
-3551
-1476
-276
4981
-1136
1850
4686
-3261
-2143
3189
-1582
-1828
-2487
-2347
-2566
1816
-4630
1929
-93
-481
2956
2005
-2329
-2743
2418
3307
129
3458
4824
3841
2341
-4846
1491
-1129
-2919
-3576
2917
-4907
-3952
-2326
-21
1855
-201
-3725
2872
1352
122
4428
3138
2177
-366
-1939
3935
-4609
15
3155
1578
4647
-3081
-3579
-975
-4765
4997
2635
2536
-2257
-3275
-3743
4328
-3086
-4200
-1512
4729
-4915
3226
-83
2870
3111
-1262
42
-1312
-3206
-3446
-609
-4637
2286
-2679
4765
1169
-745
-439
4451
4962
-3296
-1014
4522
2421
-3503
242
3762
-1612
-2865
-184
626
-4630
-837
-1609
-942
2170
2514
-4209
810
4722
-4430
-4175
-2590
-3090
-731
-3919
4114
-2474
3677
-2614
-1892
3794
-2252
-3365
1829
3285
-4671
1279
-2816
4936
726
3542
-1412
4375
2409
-3774
-505
3629
1308
-465
4660
2284
4853
-2622
563
1172
4737
3225
2278
-1355
3292
-1025
-3619
4114
2683
-469
-2364
-4545
4489
580
4652
-2449
736
3633
3843
3567
-4593
4979
1817
-4144
593
2091
4754
-2626
-3652
-3550
-3078
982
978
-1650
2996
-4403
2654
-2803
-4806
-1029
-1259
2049
-57
1074
2582
1997
-2795
1964
-4285
-1984
2324
-1534
3400
-600
1814
3901
-4218
2668
-4608
-598
4444
3485
-4462
-1577
-319
-1073
65
4947
-4325
2926
1175
-2568
-4724
-3533
2041
1384
2724
-496
212
299
4743
-485
1881
-3901
93
383
4052
-1806
-2070
-3448
-2102
3178
3048
-2751
2226
-580
-4765
3700
-3926
-995
3885
-878
-2653
4655
-4294
-197
-2182
2039
4329
758
96
-1754
-1226
2372
-4484
3531
292
-138
-1798
-2530
2134
-4154
-2730
159
3273
-2334
-4807
-2468
3876
-4663
-3944
2819
403
-496
3178
-2031
-3270
568
-2021
-4882
-971
2748
2153
-2677
-3472
-1816
-4792
-4219
-2437
-2422
-4539
2474
1669
4049
1852
-3770
1074
-3331
-3832
1662
-4653
4839
-4147
-1644
-3414
-2623
-2237
2055
893
-3113
-4848
231
-2236
3889
4315
-2594
-4980
-3623
-4467
-4256
3276
-4526
4845
-359
2924
-1076
3242
3690
-4922
-2163
599
-3129
3998
3039
4562
-4885
-29
3047
880
-4373
2153
4337
4697
1767
-178
-4485
-1076
-1137
308
-4326
907
-1818
1375
4144
1347
-2470
1346
-2255
-2772
2643
-827
108
-2438
3432
4807
-4713
-1918
647
-1065
830
-4429
1111
-3947
-3389
-586
2267
4560
-3256
-1055
-576
890
1006
-3202
287
-3044
-3072
3324
1836
-4198
-3274
-4310
429
-947
-3544
-4321
-2705
-3451
1022
-4353
-3778
-2756
1518
-3970
2592
-122
2098
-2675
-908
3670
1698
2666
-4545
-22
-4451
-1919
2492
3690
-1503
-4323
3616
3259
1605
1138
-1393
-246
4102
-2396
2329
-2547
-1855
4846
-1111
1995
-1278
-3458
-4911
2584
-3704
-4111
-4147
-4032
4143
1649
1585
-1015
604
3068
1711
375
-1552
-962
2780
-2637
1245
-4220
-973
1213
-3963
-3637
-4949
-4557
4465
1582
4204
-4829
2647
-1542
-3093
-4271
4603
230
-4977
-4112
-3879
4524
-1385
-4894
-2551
2808
2593
2242
-2619
1308
625
4127
2064
534
3381
3224
-3191
-1144
3840
-780
-3390
-1214
888
-4090
-3004
-3556
-916
-2506
-1174
2634
3780
517
-4492
1416
-1855
-4068
3588
-1454
4853
-4241
-307
1929
2335
-877
-1994
-2751
2163
-4705
-3323
-362
-4270
2100
-73
3110
-3200
-3294
-877
-1826
3367
767
996
2816
3222
4435
4457
1149
-890
3772
3120
3463
3133
1420
-4975
353
-3901
-3097
-1423
-3476
2966
-4803
-1308
-2658
-4780
2322
-3931
-2960
-3782
-3375
-323
1777
-177
4453
2623
-1271
-4664
-2093
-930
-2527
657
1183
1219
-4893
3227
-497
4341
3280
4272
4040
-3270
-3419
-2843
-4960
4621
3127
4160
4815
-1139
-4831
-2181
-4278
1796
-3871
3021
-859
4745
4885
3975
-2353
-3749
-3357
2477
2564
-885
-3365
-2091
1340
3007
2493
-797
-4565
2123
-4496
2295
212
-4025
-1946
-658
-1973
-949
-3953
2009
2672
-1724
4350
4881
-3963
-3491
-2019
-2298
-2952
-1720
-1871
867
-2986
-389
1980
3597
1079
-136
1381
3654
3766
741
4562
3173
3929
2369
83
-790
-2745
3096
-4725
953
3128
-969
3492
-4199
4928
1530
4643
1925
-1331
-2226
1043
1811
1710
1507
3445
-2460
-4919
-1378
3833
-514
-333
2202
-2099
1011
4885
-4021
-1569
-3859
3412
-1200
2457
3083
-2712
-4172
1607
1557
-132
1594
3714
-1139
3958
-1419
-992
-1746
821
23
1805
-2038
-1645
1798
-2982
-2542
-1528
78
-2429
-3593
2004
2526
-2887
4993
-1000
-2709
-3644
-2552
-3692
2521
-4572
-2056
3112
1871
-1293
4033
-3625
-3702
613
935
-2636
2202
1196
-2538
-41
4868
-4957
1
-3783
4803
-1731
-3241
3527
4908
-2295
2183
1684
-2842
-4400
2397
3861
1184
2655
898
3134
-2562
-1851
-4279
4202
-2157
3168
4530
4195
-1739
