9960
3001 7567 53
8357 8418 66
2893 6036 28
3729 9531 56
4881 4472 85
9556 4172 65
4992 6919 2
3555 8271 75
674 62 61
1599 7910 19
8068 2791 47
2 9824 59
8071 318 63
5431 5304 86
2213 3766 63
9434 5831 26
8904 4035 40
8425 4202 46
9101 5166 43
3491 4694 51
7072 7641 14
8364 8433 76
3696 7563 85
419 8418 46
6752 7641 25
8157 2245 61
2906 9516 1
7294 9391 7
5923 3274 7
2948 2473 87
2862 235 17
9809 9903 34
4516 2879 96
4449 9713 83
9774 456 31
748 3716 89
9922 7144 59
2911 125 35
3892 3434 71
6323 3002 14
15 6912 96
7334 9745 84
4363 2769 38
895 2811 14
7504 2182 59
2943 2854 5
9484 1730 36
2028 4777 81
448 1493 93
9219 8501 47
6213 3728 39
2986 4579 65
4848 8836 99
8880 318 14
7083 4966 97
5090 5565 90
6793 1919 58
7946 1493 42
2284 490 32
2318 5742 69
221 5776 88
8330 5980 70
436 3668 47
3310 2490 18
1682 826 97
2619 583 18
1931 8358 40
7965 9991 2
6182 6748 48
4383 6070 93
5065 4402 51
7899 3346 33
4488 4532 93
8784 1435 13
6615 9203 35
1984 7879 37
5211 2823 39
7737 3914 8
4274 9233 4
7174 1741 4
4074 7214 87
4111 5461 74
348 2170 68
857 5095 78
9845 1590 36
7690 1737 74
1520 3320 31
1678 6322 98
3957 1760 93
3402 8020 43
1464 7767 6
5675 8419 12
9482 2251 90
4965 1798 88
3460 1468 18
8624 9686 48
826 2345 41
6599 3320 80
4354 2519 41
9261 6919 7
7466 2126 46
9 1207 62
4487 4796 79
4811 5310 8
6538 5770 25
4988 6149 8
5691 7264 52
9376 1953 46
5510 1971 65
9531 5031 97
1293 1730 78
3331 6620 84
6055 7821 99
5797 3708 50
4729 1670 38
5129 6331 64
2243 4616 68
6598 7754 51
516 4131 86
8537 316 74
8401 3561 38
8335 158 18
3165 3322 76
6403 4917 67
3968 3374 49
4962 4945 90
2199 4285 84
9351 2251 98
2517 4202 45
7081 410 87
6171 3353 26
6865 4856 10
5352 9440 76
6687 6654 94
5204 4359 93
2762 3909 88
7023 6748 91
2090 502 86
4719 6078 21
6357 8060 77
5259 3774 69
2202 9742 30
8804 1950 66
8352 3640 84
10 2794 46
4902 7877 68
930 1546 60
2820 6565 83
3014 1193 32
7151 6411 18
7967 2123 27
1461 6252 49
6410 8020 70
3258 219 36
9438 8301 60
4337 6185 41
117 3697 90
3652 6475 7
6369 3246 100
5406 2823 67
738 5234 83
5632 7432 90
8950 8878 61
4688 817 63
8244 688 41
2294 2791 12
4462 4290 40
4955 1939 50
7610 8878 100
5938 3738 44
3152 3957 35
3322 7250 69
3805 4755 42
6537 125 97
8223 225 61
5971 6060 17
2695 6767 80
1423 5095 53
4529 791 28
9459 6981 36
4845 9044 63
1362 2106 90
755 7036 72
7520 1634 55
4180 6128 95
424 5710 26
7260 605 37
5803 4191 11
8513 3246 30
7367 8180 64
9396 1661 55
7779 4471 79
118 999 78
4702 3520 60
5307 3909 15
7213 4290 98
1516 505 6
2921 6159 49
7578 62 46
1498 9600 3
1459 6035 86
9355 5838 42
8972 1241 18
5383 9249 49
883 7303 35
8235 3849 23
5021 7303 87
3864 734 46
3267 5565 32
9132 443 53
5703 8201 83
8207 7863 4
1752 256 89
2012 372 32
5466 7237 11
1350 505 85
1136 4729 3
4815 8410 46
1477 4432 2
461 2966 70
8303 1918 53
6997 410 34
8838 1794 30
4646 876 77
7926 5673 55
1775 4383 72
7621 6159 6
5320 215 84
6971 184 6
6490 3911 98
2247 3543 63
5200 1737 30
467 1969 74
9895 7082 98
5390 4164 80
5912 5238 88
7012 8528 60
9702 7226 55
6714 6482 13
4557 5899 61
6281 8913 30
8454 5567 44
1110 7269 62
1908 6664 67
5310 7446 53
6512 7173 81
1809 9558 99
6989 8841 66
1671 3002 2
8586 1280 27
2998 1241 60
8903 2030 75
7844 5796 11
6884 208 19
7448 212 36
731 8848 97
6783 8611 6
5047 4245 3
9724 5461 80
1035 7840 72
8411 9965 42
9638 191 97
1747 7679 21
1398 6673 29
4758 6748 30
8806 1634 94
7744 6070 64
6852 8433 84
6949 9831 23
9558 2085 86
1454 7649 23
9281 7085 97
7054 6252 11
6461 1090 84
7637 5460 8
9371 8459 85
694 4319 12
1500 884 51
1434 6608 66
7469 5721 79
5183 7682 63
9097 9674 38
2188 7792 29
114 1383 81
1842 5234 88
1614 2941 82
3829 5606 72
3187 3969 30
1727 6168 86
6996 6010 28
8832 3041 34
2682 3078 90
5004 6010 66
9321 7868 63
4166 8933 34
1551 2966 89
8359 3588 21
8569 3246 35
6727 70 95
7039 6505 25
2445 2126 5
6868 158 83
3142 8035 47
2160 7310 78
8480 8807 96
4346 6720 61
751 7966 28
7314 8612 63
1663 4472 47
2546 2998 16
4231 2217 79
8210 9202 18
3904 6242 65
7624 4720 44
3980 9228 37
91 8071 4
910 6748 25
8124 9713 85
2585 7646 98
9830 9233 34
9454 5899 6
7365 2484 12
5901 3512 11
8400 6704 66
5157 4404 22
1428 9437 95
7442 8803 43
8679 9974 19
6344 7677 35
3710 2768 43
8409 139 8
904 9444 97
2839 1569 75
9028 5802 33
3619 2615 53
4986 4466 83
6438 1752 55
5343 6946 28
3224 5821 81
4710 956 26
9864 4231 21
4790 3250 18
8960 1924 11
365 6624 70
4046 1045 73
8008 6259 36
6711 9958 72
1247 1534 12
320 5555 9
3940 4647 6
4306 528 67
7432 3206 90
720 5040 16
149 3174 52
2788 4192 89
5973 4524 55
4229 2438 5
5105 8112 89
3603 2484 43
2592 82 20
9428 4822 38
3466 7311 49
4021 9349 2
9872 7160 15
810 4769 95
2950 6949 3
6551 9434 50
6618 7358 48
7622 8669 82
8712 9818 92
5976 2220 29
7332 3409 30
1763 1692 13
6002 4462 72
7758 1895 40
8672 1950 85
493 567 8
8026 7683 85
4 6036 34
5224 4027 8
1284 6326 57
5832 4936 61
5544 5126 4
7146 4432 72
9333 1726 26
8298 3874 4
6282 9600 49
3853 3720 72
7736 8242 91
8896 4275 8
6487 1682 75
695 5295 63
245 1895 29
7776 6828 69
1107 1626 91
7626 9783 91
8285 5011 13
763 4251 20
308 592 93
215 6047 76
9137 2182 60
9353 8934 7
12 8465 47
5897 6081 81
6527 5465 81
3819 1700 30
5854 3969 44
6440 4281 55
3658 8219 95
6617 2966 43
7215 7114 2
4296 2 86
9386 3012 44
7144 5821 37
8732 1901 15
3248 6358 94
9224 6981 58
1344 4191 99
1322 6161 87
4534 9588 1
1342 3109 9
2273 2997 46
5118 9402 51
2484 1121 93
1041 7506 80
7343 791 44
8310 5577 43
2895 9601 72
2043 6912 74
2306 59 62
9162 6109 72
9147 9762 31
7212 1182 91
8019 8494 54
7549 7099 60
2198 6981 97
4930 592 46
2364 7755 23
5574 2345 16
1776 501 8
2260 8564 27
8953 9350 44
4491 994 71
9141 2929 77
1521 4381 56
5398 4466 60
1792 144 80
3936 1997 21
6039 7264 78
6049 5608 35
1838 6987 54
669 8602 65
2128 8064 66
3262 5955 81
9259 8112 20
9293 2674 65
4129 1568 44
3202 5829 82
8295 7548 53
8871 4593 39
8120 2123 18
5123 5690 51
4850 215 37
8688 413 32
5139 7226 85
3906 5254 71
6955 6764 76
7910 4949 76
6379 6654 84
1491 6622 38
1127 8911 100
1022 4381 36
126 5952 52
4076 5721 25
8360 3532 7
1518 8711 72
4773 6459 87
5275 8858 18
3434 3981 19
9624 5608 96
9645 2354 73
957 1207 56
4204 3494 77
8786 3766 21
8945 9526 58
7963 2438 75
482 4191 99
4684 1499 30
7429 5977 62
5790 6782 36
6945 5955 84
1162 2276 51
6668 6285 58
4757 7593 7
3960 8642 75
8623 7019 65
4873 5779 44
9313 7025 12
648 8848 56
1506 5095 100
4871 4434 46
2563 2267 38
7759 3335 99
4299 9514 69
1802 7375 34
1818 7863 69
8888 5710 84
5713 7534 51
8836 5291 66
9525 4553 72
4210 4524 97
3676 5889 78
8855 4128 92
845 2017 57
4406 3872 16
4113 9716 87
6111 4289 79
5622 3738 62
753 8974 44
5740 2611 59
3103 5158 60
4698 3335 13
2024 5710 78
8906 8042 81
8898 791 56
3163 4918 37
3742 5850 54
1400 2318 7
3720 5816 68
2367 215 16
5643 5438 1
1160 8933 92
4905 5259 82
4747 6157 67
8644 1939 45
206 1971 66
9267 9900 7
8203 2453 94
4703 2858 16
3180 8911 73
2938 2330 54
8363 8363 80
2126 2541 46
1887 7089 56
9908 1569 24
1953 8538 17
4893 8376 36
1482 3078 54
349 7669 97
9301 8913 6
1244 7191 82
4014 7924 9
657 9531 58
102 8164 79
4336 7235 60
7585 7320 36
4880 2473 71
6686 7785 25
7949 6947 87
4518 1926 35
5404 1429 57
6781 8203 2
5234 121 4
3847 5621 100
2008 9806 26
7447 6159 23
7450 8494 62
1829 1634 67
3272 8878 100
1748 4704 60
3494 4516 12
1473 9153 38
5947 4889 32
9007 265 40
9678 8848 69
1628 1075 24
8746 1534 84
2361 7518 67
6968 5492 88
7471 1300 77
3300 4151 63
8007 3210 90
1513 2481 6
8508 7310 81
7847 6951 68
6434 4035 83
9397 9676 37
765 6622 69
5624 3281 53
7752 5982 78
9777 8836 6
9257 8042 88
9303 148 71
2186 650 74
536 2811 61
8027 5158 30
7828 1045 60
6154 9434 14
804 5403 3
8384 6157 42
6795 9509 56
766 9130 24
3188 4624 59
3705 9124 98
8150 9999 29
530 5539 74
6107 1242 15
7467 3520 73
2956 3440 96
6305 9965 48
504 3708 69
1277 8933 88
5853 8242 83
456 7438 73
3781 9301 10
6655 2849 90
8441 3703 38
5367 9683 56
122 6322 55
8419 6947 52
5979 2661 5
5645 8483 87
5664 586 98
453 595 31
619 6932 2
4482 9457 77
7813 728 36
8306 157 9
6780 4009 13
1951 3985 78
1899 5403 65
583 2561 90
1274 7906 1
3263 9823 21
7530 6259 66
9849 6154 14
197 1839 84
6843 7641 50
7048 3369 14
7127 6608 15
9821 191 45
9639 1741 10
5091 405 13
4372 3874 89
45 650 87
1630 4476 23
2031 1232 5
9856 7048 63
90 7375 28
6719 4516 16
6952 1093 76
1072 7724 55
9080 5360 72
9628 6446 45
5659 2345 47
1363 4762 54
8867 6322 58
6231 2067 53
8423 2693 61
2747 2998 26
7434 9818 9
9254 5229 74
1573 9458 54
988 1075 51
5636 8489 82
5349 2481 29
2373 469 20
1952 6788 24
3420 1075 8
6303 3131 41
6638 1760 27
6595 9269 8
240 5860 18
6133 4966 5
7401 1939 15
2731 9705 39
8742 9298 85
5455 6036 90
7586 9133 18
5261 5742 32
9517 574 40
5114 8380 2
8102 586 76
2967 121 74
5395 5952 76
9126 7599 94
989 8901 80
442 641 84
9828 4583 11
7325 8478 47
5340 4027 35
6663 9549 48
6210 5229 59
697 9519 16
8517 7334 76
438 5152 6
1703 6322 73
8975 4050 42
5635 2738 24
2996 4157 82
5446 6782 74
4738 8052 72
8006 122 51
9907 7274 99
938 4890 70
5724 7620 69
275 5095 3
3432 6932 88
1692 4181 91
9455 7057 16
1171 7144 72
5158 7216 54
1316 4462 14
3240 1429 85
3134 7036 76
7130 5106 45
5754 8563 43
3104 1569 21
2189 750 87
9269 9931 39
4765 592 17
5875 7051 12
6716 5194 87
7272 9752 63
1336 1990 58
1759 6489 49
9225 8699 94
6833 574 31
7691 6475 62
9669 4476 45
8279 4592 34
5219 6886 66
2665 6882 66
3201 7720 22
4417 9418 48
635 1546 34
1410 2786 44
5580 62 78
1490 8242 85
7111 551 82
6380 4815 8
4313 9806 52
9562 528 48
3031 7640 1
3189 8836 12
7037 7483 87
5035 8933 26
8204 956 81
8694 8415 10
4376 7453 72
7303 6736 38
7273 2998 8
7948 9073 49
2293 2823 18
508 1634 43
8012 3569 47
519 1121 87
7267 8859 85
4294 3322 23
1534 1554 38
3406 5236 74
9753 5807 21
3147 7641 76
4807 6035 62
4552 9956 2
3821 2144 6
3069 5037 58
2458 5350 92
6688 8708 52
55 5238 28
7388 6499 78
1264 6729 53
8616 4765 55
3672 4003 76
3633 6459 43
8090 3631 7
9035 998 78
7592 647 34
4859 9315 28
399 3493 77
3174 4181 39
2847 4231 38
3475 8225 53
4922 3277 74
5694 4668 83
7782 8238 42
9616 7011 28
4891 8297 57
3874 7827 8
3476 9667 67
8281 2330 14
6999 9831 34
2618 5764 48
2165 4644 24
5680 4406 97
4088 9830 57
4796 5407 66
9636 1926 92
4225 9089 38
3412 9532 93
6184 7682 8
8622 1934 94
4260 1241 70
7478 9716 2
711 41 85
9024 6688 35
6292 9440 82
935 9033 51
2262 7899 34
5170 5194 79
8603 8242 91
1381 5455 57
7040 4815 56
7623 2085 60
2559 3762 98
4917 9440 15
3597 2230 60
2120 3762 96
6229 6322 35
9829 1493 16
2089 9330 94
2797 41 93
3430 5982 37
8325 4107 79
6285 4775 50
4397 3698 11
7377 3002 87
9053 4496 18
3842 956 2
43 974 20
5491 592 2
1914 7506 18
3926 6128 17
9352 4861 45
2127 7923 9
5077 1801 84
4167 405 38
7815 8380 27
881 7912 79
1644 8136 48
5693 3078 52
6645 6411 29
4806 8039 20
2786 8716 92
8233 8657 95
42 3246 99
4788 2786 15
911 7669 87
7941 1238 15
991 3235 68
9652 8225 25
6744 7452 18
3309 2453 68
8605 2443 47
9773 5982 95
9094 447 53
2651 1468 10
5110 3099 97
2026 5577 87
4899 8164 95
7608 2766 8
6860 7827 44
1999 1075 37
3948 9022 83
807 3792 6
4330 4432 5
1418 1649 36
3588 7438 35
2969 8563 47
5990 8420 40
2930 70 63
7869 6489 16
9758 8219 7
5309 8164 28
4996 2094 22
2368 9434 54
77 7776 84
2899 7754 23
3550 2677 38
7932 6932 90
4362 2912 76
1929 9900 98
7633 8858 81
6404 3760 52
4364 4466 68
1669 3914 11
7013 7076 85
8782 2941 57
8684 4821 16
1089 493 99
6683 5710 16
243 5770 9
8629 6829 33
1677 8533 98
8935 318 36
6900 5029 6
4413 1013 62
1766 2182 59
8726 1953 25
6400 7025 67
414 5589 34
1632 1293 21
5016 4402 70
3791 5804 3
3195 2615 94
6354 1242 51
8387 3350 25
3885 9101 83
5738 3014 32
3278 7191 71
3635 3665 37
5826 970 53
2063 9824 53
9091 4524 49
1009 6664 98
8498 2530 72
3215 524 96
1696 595 82
4541 6674 91
585 6617 30
3513 3954 98
3012 1104 83
7734 8934 98
3812 2775 62
9565 9206 54
356 8419 89
101 884 10
9619 372 36
7547 524 66
1542 8242 52
9572 3246 62
6797 4009 43
6310 650 42
3930 2791 60
4209 9501 89
9896 9716 67
5817 2611 54
6542 9810 10
7379 7438 74
8797 6608 25
3643 9434 100
4814 8300 69
316 5049 10
9637 6751 51
6817 5138 17
1962 6497 49
8418 823 30
3071 5731 28
6031 7051 21
8014 6185 27
7955 9097 60
557 3562 63
6767 8899 84
7324 378 83
9425 5428 4
2746 641 89
1315 5385 49
2693 9532 93
4623 1121 55
2983 9221 18
5592 595 93
329 9201 46
6707 4720 52
6929 4340 15
784 2123 89
7684 6617 89
6597 9302 19
6563 4976 5
9752 6912 25
5190 8219 5
5112 8478 98
282 6475 21
9567 2823 68
8445 9991 48
3716 3516 59
5835 5233 58
4858 3941 21
4822 6296 36
2316 1830 31
6302 5370 71
33 8468 99
976 5621 67
7895 8300 69
5513 3543 84
1524 6244 5
3447 5331 15
9915 5619 87
5731 3697 57
9350 1487 83
8614 6627 19
7939 2481 22
9008 1604 93
546 3830 23
5195 3665 28
1601 8380 6
934 8419 97
6496 4359 55
1894 3638 95
4662 7192 56
9457 4606 80
119 1567 78
8172 2966 8
7617 1280 87
5805 1077 74
7751 6406 75
5458 1170 6
7335 9716 50
4511 2966 64
5989 9097 96
7137 744 45
923 8637 33
1996 5460 64
3558 5236 14
1634 631 32
7394 2245 98
2801 8223 56
7308 4009 73
7727 8071 55
3549 2484 62
4512 6459 79
8189 9558 40
8238 1285 58
1868 5233 6
5486 4251 42
5534 1682 58
6365 9194 93
2477 5807 50
5839 134 52
676 2972 65
1944 8271 78
5646 5756 2
2615 3178 25
9597 6973 30
9316 750 10
2302 9298 78
6385 1093 37
1126 8830 59
3132 7036 26
5277 1923 99
9174 8459 95
8369 9906 85
8343 99 84
6332 1953 24
2937 4616 79
2134 4755 59
4303 3434 78
1612 9588 9
1610 8533 42
2108 6505 2
5530 2965 23
173 5796 67
8081 171 64
4049 7785 43
3065 8983 46
2827 7048 33
3964 7823 70
4312 2017 59
7894 8254 92
463 9325 43
5898 64 32
5799 7663 41
9551 3516 60
6304 8563 53
4638 476 63
1522 6285 5
4061 974 21
1002 7067 34
29 1399 8
8959 5138 15
4584 1122 56
9116 6512 81
5081 2429 47
8670 7307 28
3229 174 34
2835 502 4
8348 9558 15
501 8223 32
7788 6664 3
81 728 49
2234 4938 14
8161 4945 32
1057 744 1
6038 1861 48
5244 5373 34
6017 6244 18
8437 6664 52
9358 5032 36
1268 3954 29
589 3830 44
9215 5676 15
599 4533 23
5766 9806 15
8069 7051 34
8988 3226 81
6123 4936 17
9064 2880 89
4817 2215 16
2387 4145 75
7176 1493 78
9889 6704 16
1345 3178 26
2700 5704 1
1823 5565 25
3281 7857 44
4149 7807 80
1360 9806 27
6728 2511 64
1895 9558 74
3398 6682 11
7455 757 4
1103 9568 67
5413 9302 40
6178 148 9
6417 3014 48
4828 4704 18
4645 2531 73
7667 5567 15
8106 5254 36
7092 1475 98
451 3971 71
6922 3830 3
7620 8136 17
3002 7402 80
7749 9806 69
7375 8420 58
9238 8997 69
4532 6962 71
3567 34 20
8080 1175 1
6313 443 51
4883 8965 77
1466 4269 98
191 8415 91
6548 9954 12
1743 2490 78
343 7923 95
7242 6128 64
9854 8468 47
3504 699 26
8756 2998 32
3190 2533 46
6503 3854 92
310 7863 2
4136 4319 86
8735 7085 96
6383 502 1
6753 1776 86
3211 9086 12
5479 8807 74
9166 6136 95
3610 9747 83
6116 6740 35
4739 9483 43
9014 5438 69
2691 7720 38
9326 1950 99
9717 7036 88
3939 6720 23
5877 6622 98
5233 4822 45
8704 6946 1
9715 3210 78
7025 7007 82
6801 974 18
4618 4592 82
7093 595 35
8403 9927 46
8250 8419 44
7709 1583 26
9615 4365 13
216 1045 60
5028 605 49
8350 9457 72
38 1760 35
2631 7144 30
381 8254 72
7777 9999 1
7982 6512 62
6449 8415 58
9853 1493 53
9926 5953 40
603 5106 4
4305 8494 75
4185 5577 89
7790 6737 59
517 3831 12
7180 5414 81
3519 3542 24
3419 4936 24
1424 8609 60
2738 5291 70
5312 64 54
7077 4945 23
9617 8482 14
1114 3937 59
2845 9345 64
5857 5148 46
9135 3670 64
7836 6882 47
9732 7170 20
4987 6720 79
3295 1093 74
3030 4404 57
6268 6742 80
7991 1399 43
8217 8540 38
1439 3131 69
1251 1315 100
1941 994 92
1674 4945 34
7843 1855 91
6547 125 49
9952 7123 88
1958 7923 95
7276 5800 1
8885 123 6
3908 9516 11
9250 1373 85
6104 4191 25
8791 2170 21
450 4108 62
7964 1661 73
4256 8223 49
6965 6312 45
2326 5455 97
9576 1399 15
3149 6946 43
1348 8807 82
9580 6973 72
6136 7506 24
3828 6120 36
6591 6429 26
1396 6877 75
8557 6126 96
1902 9325 51
7386 9017 51
561 5594 34
1279 2929 34
3324 5441 85
1332 4867 74
2759 7879 61
4232 5194 84
8760 9194 2
590 7076 90
4860 3226 83
4388 1397 62
4597 1154 91
8171 3953 60
2597 8636 92
6528 1700 75
1629 4956 48
3767 6411 62
6486 6005 33
9095 9074 85
2705 8052 3
9300 6136 61
7167 4191 24
8340 1045 82
294 5347 75
3108 5428 66
5216 441 71
6514 638 31
3717 2369 62
5100 9101 33
6986 9713 16
563 1895 14
5239 4861 50
4258 5408 40
9258 7237 40
8520 7976 19
5459 4008 80
3170 9622 19
9691 5802 37
5175 9401 14
8488 5228 86
9318 6829 44
5779 7298 80
5532 5676 88
5904 4068 98
964 4172 60
2644 157 60
5440 8460 59
9179 8708 83
1587 5977 90
3674 5838 18
5212 9795 6
5364 1013 5
3167 1568 78
9172 8042 71
1613 7170 67
2907 3954 56
7172 9798 1
5605 4949 64
8812 7910 78
6531 3071 58
4420 2438 69
2204 6673 3
9357 5830 83
3080 1861 25
577 4009 56
3254 62 69
2383 4131 7
3338 4796 62
7619 3320 72
7849 2217 61
8728 8380 14
1281 605 93
8382 9402 75
2237 7868 19
8534 6688 16
6464 184 46
506 5831 21
7133 6710 81
3060 499 89
2324 1692 89
4683 4644 99
5902 2484 75
8803 4658 44
159 5233 75
1394 7473 1
2323 6226 76
7247 8901 53
8850 3698 41
549 490 31
8641 5793 94
7430 2404 55
5116 1633 7
4273 2674 2
4831 7438 50
8963 4804 28
7713 2423 15
3765 5331 7
9399 6711 17
6224 3697 100
2521 8858 71
7529 7821 63
8163 176 88
9354 4778 73
617 6565 55
4154 4867 67
9221 9697 60
6676 2109 8
3614 125 38
8191 826 28
9144 3913 82
133 7892 51
8768 956 99
8650 3113 40
3959 5982 54
4120 1801 2
9089 8540 7
699 3849 19
6614 2217 64
3952 171 31
6786 999 51
6895 8376 49
5221 139 44
3428 7160 6
305 2466 64
9634 6149 95
5828 1040 93
5185 3109 16
3387 9124 50
5325 2693 94
2223 9325 64
7675 6742 91
9629 842 97
2424 876 93
3787 9457 45
319 256 36
5821 122 38
6633 4381 51
4497 9073 82
3416 4902 30
9044 3763 56
7124 3254 35
6985 4859 32
4467 5152 21
2163 8225 92
5684 9518 1
9587 9017 76
1182 4615 42
315 4289 16
7650 3254 67
8192 7398 34
9705 7498 26
9379 4844 9
3330 4381 31
2476 8035 32
1263 3638 8
8301 7315 91
7660 196 68
5940 5011 61
8336 6060 28
4140 9513 97
8928 2611 76
9393 7498 3
2238 5434 39
3439 8428 55
4681 5864 12
4095 9029 76
1755 5295 32
1005 327 70
8609 5175 2
3280 184 47
521 139 76
5648 6743 54
8020 235 14
5788 6337 28
2033 6312 50
4280 528 51
3261 864 82
346 4157 83
9683 3792 23
8093 699 49
7780 2295 18
3524 9078 99
3505 4151 38
63 3253 46
4005 443 96
1255 7431 33
8816 2123 66
3431 9956 92
5518 7279 84
8799 5031 16
2512 7943 25
5240 8433 74
252 6071 51
855 5710 25
3148 6620 8
3115 638 80
7003 7076 64
7717 9133 48
9139 6649 1
5953 9387 38
5571 7375 8
1859 9101 79
7085 7677 30
764 6429 86
4769 4938 2
8777 5414 79
4581 744 76
5113 9783 70
6076 7905 68
7538 1175 10
7007 6782 39
1391 7899 80
158 9131 33
7301 8599 53
6994 7193 53
83 8297 46
9662 1923 38
1102 649 18
6970 8545 58
1124 9738 78
3470 1719 31
1971 5775 64
2697 3841 64
363 1167 68
2608 2972 16
9919 4945 57
205 2446 80
6382 9583 30
6242 1534 81
5765 5802 33
2778 1568 48
8452 7877 59
5311 1649 96
5705 4889 47
4084 5575 20
9432 6147 74
9653 3520 68
1081 7693 29
4369 6542 7
7426 7022 33
3253 5850 80
3004 9958 11
2711 4334 67
6998 4676 46
931 1852 18
2703 5889 34
7785 505 11
9523 5407 51
1104 8074 8
6914 2095 71
1593 1242 20
8863 7311 75
2267 4867 9
7861 2423 59
3566 6682 79
322 8563 85
1739 1760 13
8834 6949 62
8010 2869 64
4446 158 20
9607 9269 26
124 6161 46
1082 7303 28
4105 898 92
5041 7961 25
611 592 36
1112 9074 72
3037 2 52
3462 8848 39
6222 5594 32
783 9927 86
9075 9752 44
6873 9824 71
5015 1939 16
8487 5731 44
9515 5570 12
3337 4112 5
5959 4410 90
7120 8490 36
6082 3399 57
1326 3849 84
1324 6164 61
509 688 93
1898 4281 72
9511 6664 27
1915 6411 51
3503 6886 22
562 189 49
8397 7193 1
8035 3678 11
6470 3277 17
4293 7865 5
9054 757 61
1797 5807 82
6120 939 94
624 1763 34
4725 5040 52
3744 8135 10
6644 950 92
4034 3953 14
9612 1541 1
7288 1232 70
1357 5407 32
8043 3250 25
7532 9795 53
8723 5126 92
1547 7082 44
2494 441 49
905 5838 30
2394 8071 25
5607 7823 16
656 8020 56
4320 4068 40
7349 1649 23
966 5619 90
3184 5539 16
7 9228 15
8949 4381 36
9850 9532 76
6227 7641 2
7577 240 16
3329 2271 25
4879 8238 68
8876 8101 19
6053 728 52
1305 4691 75
1456 5565 69
4331 8035 73
5887 9301 32
7221 3698 45
5083 4220 52
4666 8271 48
1798 8135 63
2179 5893 71
3747 9332 66
2277 1811 56
8347 2784 92
7725 7394 53
5893 3739 72
8391 5676 92
1426 6829 41
8375 8052 1
2448 4027 96
2399 447 59
5420 8666 1
6772 122 23
4202 9745 9
4802 2657 70
2420 3914 83
4642 6149 65
6011 7473 54
7495 7823 62
8 8301 1
5524 6576 100
6208 372 81
5305 7067 37
5085 5980 9
7562 8772 60
5595 791 29
14 2067 31
5581 2889 12
4693 9906 37
2235 7863 2
2887 9747 81
6616 7821 45
5811 531 32
8573 8711 17
6095 3271 55
7194 1604 30
1768 6419 7
8496 1397 41
9196 9686 52
478 5807 41
8174 1760 45
1474 9798 13
2736 1397 72
9229 4917 31
5046 7334 85
9360 7892 59
7873 7943 97
8653 6882 75
130 1760 42
3222 5576 5
4590 2438 80
5246 4924 87
5303 9123 6
7801 7057 42
2143 5234 63
6163 3670 76
6519 8637 97
5355 8459 49
7179 7230 90
8549 6542 35
8182 8418 36
2680 4593 34
9456 5718 20
1151 6489 67
6913 7754 44
2222 6182 67
7415 9747 44
3288 4365 86
6439 5731 14
9467 7167 73
1143 3774 80
8570 5601 9
3659 3435 33
271 9387 46
5707 447 42
9626 2470 64
7110 5347 44
8752 5673 90
4451 1867 90
8859 4340 61
4851 3350 18
9509 9160 93
307 6296 19
6064 4045 85
168 4202 73
9235 8074 84
3464 8859 73
8229 1093 61
3905 2969 53
4410 605 81
5134 7807 95
4436 2972 59
5520 2997 74
4352 3346 89
4523 2067 31
2151 1652 90
2802 5 55
5332 2430 62
3350 7863 88
9328 5430 19
2560 5947 87
3945 1175 60
8471 4551 9
769 6576 71
2017 5282 41
6702 4496 21
96 7663 99
9883 9513 25
8989 4406 1
2091 4114 87
2375 9683 73
5558 7899 73
6646 9301 56
5555 3708 76
1170 4406 15
7837 5980 72
4255 3858 75
2561 3174 49
6491 5691 4
2075 9795 94
3468 8913 37
1059 8064 9
1976 60 52
5106 9954 51
3075 9568 91
1523 3434 29
715 6505 78
8257 750 79
6195 2674 16
5603 6673 90
7842 9241 18
8601 9515 21
1115 4027 11
8773 7620 28
5936 1918 44
8687 4360 57
371 998 86
1048 8223 86
52 8201 41
473 5955 13
5942 7677 23
5689 1123 92
5376 5676 14
2870 9509 69
8566 1104 4
1311 4692 11
5827 6358 25
2110 9531 34
5336 4704 80
5745 5347 1
6592 1090 30
5411 9078 21
7888 7728 98
4711 1487 61
4157 8102 41
9533 2941 13
8132 2423 13
1555 4181 30
8308 4592 74
2314 8634 15
5414 5865 41
5730 410 14
3146 6805 33
5921 9762 83
2724 1920 18
1100 8933 78
7234 6685 74
6319 8111 58
2919 2330 59
5744 6419 38
2669 1300 91
2071 384 15
5201 7506 7
357 8420 80
6612 4365 36
104 815 32
2193 99 99
6594 9679 91
9956 5608 73
9045 8511 58
109 4809 21
9394 3746 61
9772 5889 79
1250 7320 19
179 4755 4
278 936 30
8045 4704 87
7195 8669 82
3820 6987 72
4750 6624 65
9785 6707 96
7322 5665 37
6378 1910 21
1600 1541 42
4244 8770 26
1457 9686 18
6278 4647 79
9282 8297 77
1108 7057 17
2822 4462 60
7924 4579 49
9819 6396 5
8740 5864 18
6828 5796 23
1805 3897 5
6211 4691 88
6737 6985 49
7275 2849 96
4990 1487 34
6934 7036 67
3182 7746 87
743 413 94
2020 1938 85
8536 5414 97
5566 1528 42
1827 1567 38
1018 7362 93
8362 6622 92
4616 4444 48
6016 6036 23
8943 7331 12
4809 83 52
5851 499 35
7523 2245 81
5638 5665 25
3688 6482 99
920 9748 31
3250 1852 7
4099 1207 93
6626 2775 74
849 2005 50
1892 6406 97
668 6499 68
8648 5864 90
9204 2674 83
9953 7682 71
1533 7821 82
9933 5865 19
392 2230 1
7569 9044 52
4201 5800 49
6460 7534 72
3096 9123 19
6507 8609 52
4227 7076 71
2350 9286 28
5673 3914 17
3259 2423 3
4998 6296 49
4838 2573 83
9398 1389 77
4874 9330 42
3746 7265 24
1596 3562 46
1120 5865 19
597 1554 41
9516 7205 20
3214 5850 1
8108 3210 48
6762 1238 5
2909 6932 93
7316 9900 42
7421 4949 39
8682 7048 89
714 5228 91
8544 4290 75
6859 6627 12
7101 8490 91
3678 148 5
7960 4579 17
6841 2738 56
6386 2531 18
211 3849 14
5860 1072 83
1734 7788 83
5049 9029 25
710 1299 40
1483 3728 80
4784 8983 29
1531 4777 16
2505 3256 57
9038 9674 68
4135 4425 98
7468 4090 56
2118 245 23
3008 9350 4
8453 9221 27
3685 1242 2
1560 9228 35
7878 817 38
7864 7230 16
4335 3396 55
41 5539 95
1939 1366 9
7998 1567 43
1298 7250 87
3317 5154 91
915 9954 70
651 9818 66
9324 1938 40
4016 1652 52
2125 8102 31
1570 1123 30
4063 531 13
5441 4114 15
1135 5175 49
6199 4987 2
3158 9418 29
2449 6737 20
6558 3662 27
3056 8242 69
3530 5234 40
6033 9974 11
6092 7226 15
3089 2738 54
7117 586 14
3989 8173 32
6337 5807 77
2522 3665 59
4972 9325 43
4024 8301 39
254 1567 58
587 9954 50
8155 5403 9
4068 8711 10
2427 6720 91
4252 2381 41
3417 1479 31
6234 9233 96
9381 6674 84
3794 9558 12
8381 4131 26
1854 5175 100
9837 2456 35
5978 8741 75
5879 1696 69
7305 4003 22
1765 5441 96
7607 9124 86
8664 5350 99
7291 9419 5
8939 7048 50
6155 6765 69
1288 6919 57
2421 2430 78
7205 5691 71
582 5850 5
6809 6030 34
3536 3271 15
2604 7250 79
4079 8380 24
1787 5220 4
1195 6331 47
404 4724 67
4019 1435 99
9494 8419 86
6103 2879 83
9544 83 70
89 8185 9
6326 1077 11
3255 6373 58
5162 9982 5
5931 3052 95
295 1167 14
3116 9795 56
5434 3720 3
491 7298 85
137 3988 51
7928 3639 3
6134 2531 39
1452 3717 42
1972 9745 41
9720 2137 52
2735 4658 59
8292 1570 66
1691 9952 99
385 7191 32
3881 8667 16
6787 1554 43
8767 261 80
5564 9514 74
6075 1083 5
5733 567 6
1319 3954 94
1259 2438 59
8854 7246 69
5939 2318 61
34 6829 86
200 1910 21
7988 3652 11
2658 5864 69
4798 7303 8
7891 6061 32
9496 3588 81
1963 8807 78
8719 5931 28
2412 6542 2
4531 9830 85
9574 9185 6
8759 6962 55
4498 8938 41
8538 8657 45
1640 8699 77
4568 1830 12
6497 3246 33
5843 1901 39
3111 6664 51
4978 3210 9
9870 6782 9
824 9359 42
8540 7746 58
5505 7453 78
4150 6285 26
4967 4159 34
8685 9513 1
251 1699 15
4001 9022 44
8637 8563 99
7183 6649 96
4311 8716 6
918 2869 70
7237 8716 51
9794 4889 17
8657 6459 71
2681 6396 74
5274 6182 50
7775 2867 57
5317 8164 17
823 9182 81
1721 4987 14
2185 2861 4
7477 9362 23
9625 2889 54
3751 9029 87
62 2682 67
7452 6627 20
1832 7471 38
2723 2520 15
946 1399 56
7002 3874 14
5017 1333 57
2537 1479 45
2858 5503 63
7278 5441 12
2764 6007 81
3727 6882 34
3390 7483 37
6132 2889 38
5316 7640 25
4550 1176 77
8599 493 99
745 9029 80
6878 4151 7
8519 3913 90
121 7767 46
5991 2829 35
1903 1760 58
7034 5759 91
2965 4275 14
1858 5011 20
2174 5594 84
4418 6886 39
4924 3631 52
7129 9824 33
893 8482 96
5531 8460 69
4544 5731 20
4704 2245 61
1820 1854 29
507 9393 88
386 4533 51
8240 7821 98
4058 4704 43
2330 9762 80
4404 5255 57
2153 7483 50
9022 592 65
7883 974 43
6314 1935 88
4736 3738 47
1597 493 35
3965 6185 56
7556 7007 20
8707 8356 54
6741 7237 36
9466 1923 70
4808 8451 27
5977 5037 65
2389 6688 17
3551 7135 79
7302 5295 16
3846 585 25
1960 8459 45
1849 171 40
6980 2429 66
2901 1373 63
148 5905 9
3070 83 68
4464 3717 44
224 1568 4
5014 8716 16
8877 4425 18
4656 4019 84
3289 1752 85
3862 7193 36
378 7649 12
9271 9520 81
4944 5977 86
4892 2849 11
4644 3830 24
326 6499 46
9564 9809 96
7368 3849 45
575 5461 65
1754 9437 17
3608 1801 53
8111 9315 87
7187 3396 55
4839 2179 87
5594 7755 72
8618 7905 46
3527 8789 71
9932 7498 25
5269 8039 26
8819 3914 62
7999 1104 85
6751 7567 82
4714 1926 22
7392 5310 12
5230 7238 65
2196 6446 93
208 922 91
6166 6636 74
4551 4462 4
1050 1352 82
4318 5315 62
5036 1692 94
8188 6337 18
9535 4808 98
4098 688 17
2774 6357 44
287 3386 70
3025 5726 48
7284 4027 59
1387 256 24
4676 4624 59
2533 1176 39
1265 3668 50
7750 5378 47
9055 9742 69
7341 3174 94
6685 4289 36
1704 1285 93
7065 1923 83
6993 9526 78
2154 236 77
9405 3381 53
3799 7961 74
5785 9130 93
5814 2381 63
1537 6312 17
8809 3872 35
4923 5873 95
3697 5309 93
527 6078 85
5992 5945 24
9947 265 38
896 2791 90
2407 2251 55
9741 3014 58
8973 6078 96
4226 9176 51
3444 2966 18
4426 245 80
4734 939 55
5890 9374 21
2763 1752 27
4156 853 6
1699 1497 80
8579 998 6
1272 2430 14
5080 1797 48
3657 3792 10
6504 6005 57
5366 1801 84
681 1389 62
5223 4359 9
693 1633 3
4717 6337 32
8921 1273 77
4158 4778 98
2099 595 53
1991 1855 73
2363 5154 52
5203 7534 61
2581 7857 71
1217 7857 10
8077 1861 42
6197 1528 58
9909 1567 25
6363 4966 97
2577 1569 51
398 9041 20
5535 2858 97
5655 5068 97
2794 2511 57
6747 4157 45
6937 1189 98
9602 6411 24
3480 4269 8
6028 7483 23
2524 5710 12
6763 6627 74
3640 5731 72
1910 2838 89
9671 1300 1
7540 9806 38
8383 8965 50
6015 3854 69
3595 7899 52
6634 6674 97
8221 3131 61
4002 1399 83
7848 392 80
639 449 15
9685 7728 80
7105 31 22
3446 3353 7
2339 6805 56
543 1391 8
7113 3792 12
4196 5228 48
6375 5865 63
8022 5889 7
4679 531 98
879 9716 23
2570 842 97
3884 7724 78
4570 2094 61
2221 1304 45
8828 1679 98
9331 5492 11
3401 3703 41
9795 4425 42
862 6673 30
5449 624 50
4829 1760 95
5354 531 79
7014 5428 56
3668 6966 82
2106 2869 83
2152 6942 27
4163 7792 52
9862 1950 35
3606 1104 91
1191 3663 35
2873 9683 34
979 2182 68
1045 5176 56
4772 4381 83
7738 8807 19
3246 3652 59
6665 7563 15
7141 1794 81
2922 9017 70
7900 9968 26
5057 8545 34
6840 7410 84
2600 5977 20
6577 2245 11
7131 1569 62
5922 1568 37
233 728 26
2829 2423 70
2683 4269 58
5987 7298 45
4863 9713 68
3568 9534 36
4067 6030 80
3909 688 73
5471 6406 12
1685 7776 13
7944 3277 68
6609 4917 74
2503 8807 91
9812 4432 78
2258 6312 95
8678 7724 55
2846 8511 32
3899 6973 89
2655 1541 98
3062 9269 3
688 1293 27
9730 9968 31
2934 5565 55
7731 461 15
6322 8281 10
4445 4809 33
2230 461 60
9335 6636 57
9592 9029 40
9413 8512 54
3950 144 94
1007 9362 97
4457 122 100
8825 4472 50
9247 1399 30
2739 2369 53
4842 6505 20
8032 2230 33
4355 9115 62
3411 1953 51
1403 1293 23
3047 7362 15
6179 7865 84
2087 898 76
6651 3204 96
5023 586 89
4405 7679 18
2726 256 65
1429 6226 93
7026 6337 99
7579 1760 6
6144 3941 68
9465 9543 86
6143 1187 44
3022 5408 5
2866 4471 25
2908 2170 1
4545 5176 56
1970 171 17
125 5601 78
2454 240 31
1133 7857 50
5567 9133 40
8749 2456 20
6330 583 35
3769 6829 42
672 4090 52
7484 8036 40
472 7498 61
9194 4821 84
4898 7318 83
309 3516 30
7846 5945 19
8059 5850 22
2113 4579 33
7270 1633 84
8236 8864 97
2142 6078 29
5794 5106 41
2513 5807 75
2281 7821 21
4700 1122 79
8446 7303 69
791 4090 57
1863 7910 5
7973 196 14
859 5049 71
8430 4993 76
1358 2520 69
7010 574 67
3826 7307 54
2169 8657 62
6661 8599 72
5661 6664 86
6579 5166 76
7043 2791 61
1106 268 14
2217 5755 85
7409 9532 9
2518 2769 54
8666 5860 14
5537 1253 14
429 1383 69
9493 5301 77
2025 1175 39
1304 6737 64
6882 3386 22
3863 1546 45
7599 9302 32
1504 7961 25
1197 8271 2
255 8721 38
1262 1682 63
4781 902 99
1006 2861 56
1625 413 16
2265 4966 34
17 6595 44
7393 1013 3
8456 268 82
7243 2106 85
8393 9345 52
5161 9513 54
9066 7840 52
867 7320 36
4440 9526 74
1379 6489 66
7591 2972 12
8957 2969 54
1351 2538 89
1185 9896 86
9365 9824 46
225 4480 60
8593 2381 33
6139 4259 94
3225 5899 42
5280 4809 87
5141 6396 83
2378 2766 38
2929 3830 31
92 5174 12
8315 5234 41
1355 7076 37
9241 966 27
9189 8847 29
4370 9830 67
6692 5955 97
615 2322 68
139 2267 11
1511 8983 55
3979 5898 89
9019 9185 58
2308 1176 22
8039 7518 69
9566 823 90
3937 6505 3
5104 9622 22
6567 9931 93
4441 4856 82
8143 7563 100
6405 4432 29
5248 2768 95
7880 7283 26
1639 2251 77
1656 3253 16
974 8238 12
3760 9745 44
7896 9044 65
1813 4251 42
4867 1969 60
6565 4182 48
3592 5850 72
2044 9676 89
8405 5912 17
7184 7298 87
4082 5428 84
1688 1399 27
6779 1293 41
5984 5555 77
7378 7246 45
4836 9203 30
6225 3320 86
6660 7193 12
8581 7263 1
9620 3640 28
1297 7230 41
1988 6154 3
2990 1375 18
7445 6312 25
6209 8721 14
8179 9452 10
9491 7563 66
1285 4471 70
5503 3911 29
2381 3210 28
3168 3274 91
1093 2381 58
5209 6685 21
7856 7728 62
2475 6047 29
9888 3697 73
5949 1389 84
822 1741 68
4484 5334 84
6888 7708 43
4614 853 84
2611 605 17
3043 6505 59
4395 4045 45
9160 1193 100
3654 1670 38
1695 1895 73
6854 6381 19
5561 195 86
1556 1997 80
772 4164 16
5006 6520 15
5585 3204 27
602 1739 20
4246 8185 12
8426 2573 8
7787 9350 25
2574 6429 79
4869 4178 39
4789 3913 78
2321 5004 37
9323 1399 2
570 8657 71
8918 9713 10
2549 7912 26
3362 6500 51
8823 7567 22
3342 9854 7
7539 2786 37
6886 7943 32
9276 3052 76
6207 9806 13
1076 1569 82
9781 6373 16
8267 9202 23
7104 2965 60
5131 9745 49
6152 3792 34
637 8901 15
6590 9890 96
6474 2920 65
775 2864 93
3413 9073 21
9183 1801 20
4182 5949 22
3205 3858 32
487 6136 6
2942 3113 30
6756 8711 73
1828 3897 17
5005 7781 21
7474 8494 59
7906 7320 30
8440 6737 10
4751 592 79
5780 3969 28
6333 7082 39
8070 7588 100
5924 9958 23
4821 1969 41
1447 998 57
4983 567 60
7885 8203 27
8252 3697 16
4170 1855 78
2542 5125 18
393 5304 46
9696 6023 5
7309 528 83
2810 6381 89
2622 5114 21
6056 3320 38
8978 4593 3
9649 1797 93
6674 1468 82
4564 2245 80
3292 1238 8
2534 7785 62
8993 9752 98
2808 441 39
5667 8494 43
2351 5759 18
3689 4359 69
1028 9286 55
2888 4471 57
5124 4624 17
1886 5721 5
6013 3271 98
5717 490 65
7882 2230 48
7277 5608 90
7407 5465 81
8930 4406 19
5676 734 4
3533 9131 81
7859 7905 15
9767 5945 14
5356 6886 100
4054 4274 62
5538 2682 97
3686 594 1
2729 5295 61
614 7776 25
8461 5850 62
3723 4090 59
374 1300 31
4177 6500 77
5482 6047 2
8484 318 84
4577 9184 1
6445 4724 28
4253 3957 60
768 3760 35
6730 2032 74
8835 7757 31
6907 8965 99
9881 7085 1
9506 6357 62
6061 2677 44
4547 6973 95
5421 966 17
1803 6285 13
6588 8848 74
1662 4676 96
8130 4045 44
9216 7498 99
8643 3957 96
5168 5228 69
7296 6617 65
2529 9543 14
4133 8173 64
8098 7976 49
1715 4285 86
6226 2693 88
4780 1758 60
6513 939 18
3570 3374 43
6962 6764 97
3150 1032 35
3183 6475 47
7263 5259 45
5373 5408 24
5380 864 75
5526 4775 62
8219 9373 15
2451 5254 38
2714 6707 87
8552 8164 20
3975 7807 82
163 8716 9
1515 6764 76
6549 7111 58
2520 99 63
8249 5832 35
82 5268 100
4776 9131 13
1651 1568 31
2124 215 57
3204 5320 24
8750 5608 96
6629 9716 12
1726 3624 42
9442 9547 63
3 1798 89
8318 5295 91
1431 8901 48
4847 5295 38
338 6030 88
4109 6154 43
5296 8602 75
4947 8770 84
9288 2784 75
9780 2530 65
6684 9900 68
4746 6126 55
5589 9600 80
2787 1997 14
1433 6259 2
8578 4381 83
779 6157 76
1432 5105 54
1499 3226 50
1826 5577 71
5363 7320 57
5762 5821 90
2935 2784 85
9440 184 40
2594 6109 92
4075 4815 35
4481 5360 97
5807 7036 15
2868 3274 6
1408 102 99
7446 1167 7
937 5305 50
1206 8052 20
7196 5931 58
8926 4822 69
8345 5031 32
1296 7548 47
439 4616 80
9914 3340 53
6908 9859 72
2329 5770 8
9583 9221 12
364 8654 58
167 7263 16
652 5715 59
6351 6298 19
7362 631 38
9606 5715 74
6489 9519 12
8872 2561 85
23 9650 6
5439 5105 94
6437 8042 54
1536 9097 62
4435 1776 60
9719 829 29
4937 41 95
7248 4854 69
752 9974 42
1412 9330 59
971 8608 49
4222 1855 87
3384 8634 41
7976 7263 13
2215 5148 82
6694 9679 9
6343 863 100
4165 8052 1
401 8567 87
2307 3954 62
8386 4606 86
2815 5304 96
3535 5710 27
3831 3159 2
9538 9437 52
678 4994 65
3376 4334 19
1888 3000 45
638 9258 36
447 638 22
6352 9823 99
9122 9203 67
6883 9315 78
9524 2965 71
3985 8567 33
8576 1175 29
1123 7269 98
7464 3335 29
3308 5889 8
462 3899 30
2671 9601 58
9208 502 9
1420 4893 63
1347 9954 53
7099 7728 67
4630 7320 51
1407 7807 46
8900 5238 15
75 5268 61
8288 2170 67
2664 6505 16
704 6775 44
3044 6070 93
5710 4009 43
58 3210 30
4827 5126 44
1097 1237 10
1401 7237 3
8546 9968 10
3565 2561 62
4279 4645 58
4173 1633 50
7912 9509 82
684 6620 17
8701 2969 90
9711 5704 17
6054 4811 80
4282 2484 23
1257 9584 54
1557 5832 61
7423 9991 70
1667 2768 88
4023 5037 59
871 6157 85
2432 9029 60
2637 4765 43
4976 9679 97
3140 2766 37
2240 25 33
2991 7334 39
2728 7593 42
4250 2854 29
4501 9391 3
9419 4340 72
8965 4404 92
6672 1700 86
722 8219 6
8568 9228 99
66 3494 94
7703 9391 62
5562 125 39
353 5175 70
3369 5148 26
6477 2519 47
3081 1934 79
4692 9202 8
7669 2213 30
3332 6740 8
9364 1752 10
9362 2375 99
236 9513 17
3616 7673 78
2928 6992 45
8929 6627 4
6510 196 99
7766 757 68
6826 3012 58
7125 4462 80
2001 4259 9
2944 6945 84
5583 592 64
144 4317 100
1714 7398 26
5737 817 96
3580 8913 10
1495 476 4
8309 9906 13
1118 4471 82
3249 9952 93
7487 372 94
5631 9325 90
4317 5731 13
7255 1237 90
6409 6312 87
1079 3493 7
5551 2849 21
4289 4346 13
2925 9374 84
943 8637 4
6185 6751 80
5254 3131 98
6334 9954 79
477 8356 6
1932 2170 67
1641 647 62
4537 9976 88
6276 3971 52
5722 5980 80
6433 4976 33
4767 1187 20
3477 1479 45
4321 3809 49
4186 7438 69
6845 922 69
5528 2213 29
3393 2456 26
6472 2095 43
8294 1971 44
1713 8611 22
9846 7036 81
7476 2769 33
9006 9716 34
1535 1915 98
7992 5220 92
1013 8036 80
8211 7310 57
4350 950 30
2639 7588 90
1757 6078 6
2414 1429 90
5227 5291 25
3207 4938 73
8962 9206 38
906 2889 52
1710 505 24
9401 7599 17
727 8911 88
4682 4381 60
4476 6005 95
2649 6322 91
9370 4434 27
1451 6962 95
3873 734 64
680 9568 36
7050 891 29
5748 7402 40
663 6992 10
9818 1092 29
1919 688 38
6125 9531 85
1335 864 47
2255 7167 82
3537 1633 46
250 6120 92
864 4624 69
5763 1739 33
959 1092 19
6593 5049 77
8598 8512 61
2757 6337 14
4830 7649 81
4211 1389 35
193 3350 44
8097 5360 93
3386 9301 94
7812 8420 93
1291 8400 89
1121 4993 50
6764 8060 91
2803 6161 51
2182 7567 67
9168 7746 6
8475 757 77
1163 125 44
3015 3226 61
6673 667 55
777 3854 2
7173 5555 81
5392 5804 56
9138 4340 68
4619 3697 85
9129 4861 94
3173 6962 39
6 9510 21
671 6489 44
3991 493 85
2609 5492 50
4489 2674 100
6669 6128 49
9342 9513 71
2541 2907 21
2675 6396 21
7760 5816 28
2984 5027 75
4555 7051 59
2824 6737 35
9712 8634 35
1553 5589 19
8131 9903 52
8266 4027 77
2605 4938 100
7677 2005 57
6583 5458 94
636 261 3
7811 2511 73
3974 8281 32
2648 122 35
3666 139 27
5389 9514 73
6329 7160 11
1680 6157 91
1385 1752 45
5577 6154 24
6933 7677 56
140 6779 11
4787 5829 85
263 6475 2
7951 9349 25
706 2265 60
6823 9534 33
642 2354 54
9034 5807 5
5368 4317 53
7901 5905 87
8091 5931 15
2571 5434 52
9377 4822 8
9670 8563 72
4941 4035 7
4800 5503 84
8492 3174 70
9512 236 71
532 4434 80
7995 2453 72
800 1950 54
9527 6028 69
7271 4471 28
5018 9298 55
7483 891 29
7866 5800 28
9844 1935 9
8123 728 81
6408 6168 18
2074 5031 60
6402 9738 48
2626 3953 40
6516 2651 59
9439 5434 39
8395 4220 18
9923 2366 81
9145 5742 77
3156 884 65
3467 1280 3
2646 7588 56
9175 1389 97
9217 1040 85
5553 5295 90
3680 4579 5
8052 9167 49
2864 4692 67
5598 9900 72
9783 9697 35
2842 8563 82
7817 7076 47
2748 5013 65
6871 1429 32
8243 5441 91
9658 1670 76
5070 2997 18
9890 6992 63
93 410 28
7228 410 67
5899 6007 74
7382 9547 18
4429 7311 55
622 6654 69
3600 5331 87
1148 5697 20
3516 9133 53
9504 1969 18
5462 5776 19
5666 7452 48
3927 176 83
6068 3003 93
2663 7781 78
6342 8609 37
2978 5492 16
6606 5268 36
1725 5233 21
9015 7263 47
415 4938 24
6619 1798 88
4572 7567 75
5184 8290 78
5692 5955 11
6822 4583 49
4659 3763 40
7768 6419 14
5917 1763 54
3675 4202 100
7665 3012 15
6180 3937 94
7159 7471 80
6014 9906 86
9102 7599 16
5178 4624 81
8460 6512 20
8805 5461 44
7158 4090 82
8811 3830 53
4181 6411 35
5935 8636 47
2168 3206 37
6690 3078 82
6036 8612 18
4235 826 33
8847 6736 9
5464 7788 55
1261 6322 26
4214 2318 41
2015 4191 11
4461 1570 97
1603 2769 73
8843 5965 100
1302 6565 33
1266 139 67
1607 1670 82
5609 3874 20
1276 3509 17
4655 191 38
6290 5106 55
1000 1176 10
6623 449 76
8355 4410 90
9695 8225 45
2790 290 99
882 8225 53
483 70 32
2419 9097 77
7558 9520 64
4171 641 42
1216 9249 42
6693 2538 30
5570 6164 31
4283 8833 1
2418 5726 31
3687 2941 7
8269 6704 33
2004 6126 65
9260 7863 14
1514 8418 5
7505 9974 90
2776 4245 42
3410 4480 58
538 6520 64
3347 9694 67
643 290 38
9239 64 86
5026 8540 41
7006 9483 47
325 3854 45
8078 5232 86
2819 2920 87
6051 3509 81
6876 7910 81
2289 733 98
9746 3000 46
2595 7398 34
928 8268 19
8638 4796 92
8715 5152 74
733 9202 54
1369 5665 85
1956 8599 49
1376 5013 63
2039 25 24
8814 2668 44
8913 2823 55
4245 2354 24
6798 9258 62
3801 3099 58
8013 5166 58
4146 8608 30
7643 3937 27
1841 8419 56
6443 1801 20
336 3874 13
5402 5031 52
5882 8185 54
5858 1634 53
4242 7160 39
4047 2573 74
9622 5555 92
627 7279 82
8611 5305 7
1489 5898 52
3275 9697 2
5770 5945 73
3450 600 100
9530 1077 92
4783 9373 98
3269 8236 2
4500 561 72
9348 531 21
1070 3320 38
1414 1910 53
6680 5704 53
7410 7807 73
6430 2864 59
7710 5233 14
6879 6136 84
670 8466 84
4588 2369 21
2741 4704 68
3771 6624 56
6554 9302 97
1884 6226 24
8234 7863 85
1067 1920 46
2065 3109 61
8002 4410 41
838 7036 18
2796 5408 12
827 4039 83
5250 6285 9
21 3052 10
4915 4644 37
8717 6617 16
1540 8419 36
1673 9956 39
3836 1429 77
4126 7099 83
3084 3210 37
3870 2429 61
3479 7175 97
8477 8642 13
5135 318 59
411 2182 93
7408 245 67
1626 3562 71
237 7076 86
361 8164 22
2076 5821 41
6186 5691 21
5173 1176 35
660 666 91
8705 8236 11
6875 176 86
8852 2511 20
6008 2823 27
9762 148 78
3162 1497 10
1047 7358 13
2467 7755 68
4107 4631 9
6506 3766 92
9959 8323 53
8259 2276 8
8564 1895 73
7118 6992 98
1139 5011 26
5533 7362 88
4141 4861 86
7757 5616 77
1012 9745 95
5604 5558 93
1105 6829 48
6338 8657 31
6376 6337 31
1867 7588 74
8127 9694 73
4538 3254 73
5245 8848 72
6481 208 31
22 5013 1
4864 6617 79
7311 9952 10
4396 1971 27
3266 3014 80
1701 6035 28
6550 4918 85
1935 5 56
8548 3662 33
2263 6030 13
7329 5756 33
335 6764 74
3650 8060 52
5171 83 64
481 2005 92
9268 2330 46
8980 1924 42
9927 6128 99
49 6459 47
8159 7430 13
5915 6985 41
4466 3716 57
4593 4281 59
9700 9286 71
4465 8892 94
2459 5125 14
1528 1391 19
2843 5434 55
8399 1499 44
9582 7446 75
1229 6767 44
3046 4606 54
5586 9167 61
2426 8419 96
5525 6946 84
842 4027 15
1365 1238 1
9052 1104 57
4535 1776 35
809 7216 12
2261 5567 82
5628 3569 43
6456 4434 100
2236 1692 23
8986 7170 38
7545 4806 3
5069 6005 86
7546 8666 53
7763 9073 91
5895 6337 20
8096 6617 96
1676 6775 4
2149 4432 79
7339 8410 91
3454 3494 90
324 9509 26
284 4918 16
605 9298 84
8041 9823 34
9305 6396 97
6576 3716 96
9613 9622 44
4846 1910 48
5362 5679 71
2346 7696 23
2158 5301 53
1192 3482 63
8253 5029 37
8094 501 86
4221 3509 27
9096 2208 50
948 1839 40
5386 7303 47
2254 2473 59
534 7226 72
5384 5248 86
6145 5229 80
1631 476 95
5061 8934 44
1928 1997 85
9563 4202 65
8652 5126 86
6218 8020 99
3175 5965 75
8497 9623 86
157 9958 96
2406 7827 93
8307 9097 69
5608 4658 47
9202 1397 31
3886 3169 1
3045 6381 31
9586 125 36
8290 4114 25
3395 4551 2
4359 9588 51
2490 5598 45
1722 5503 23
5148 1830 51
5177 4202 45
7996 567 13
242 1333 52
6746 3260 47
3844 6649 20
2672 6081 35
8011 4778 48
7797 2829 39
8861 3516 30
5299 4269 2
5861 8708 1
6963 7051 88
1621 102 21
1427 6595 92
9390 4867 59
793 171 48
4217 7683 30
6656 4346 7
3354 4949 73
9032 551 99
2051 8965 89
3018 2864 32
5326 8071 44
965 7197 98
737 8494 74
9012 4466 72
640 6244 79
9593 4579 83
6317 245 79
1728 1187 31
6001 7776 86
6127 25 91
6099 7123 15
3634 1241 68
5575 6023 12
1449 6296 31
6701 8567 87
6345 1801 35
9945 6947 60
6605 1493 48
3304 1649 18
7331 8848 47
3203 2531 77
334 5955 37
184 4645 88
5868 8482 48
6336 1123 13
8793 8219 21
1998 3277 64
8827 9286 93
4277 2791 31
6812 8323 88
3796 6908 89
9939 5565 29
2775 3206 61
1095 2929 82
3830 9302 8
6141 3639 25
5019 8380 68
7142 734 79
354 9073 50
5235 4434 17
8582 2738 53
673 2113 93
2975 9185 95
4775 8186 14
376 1475 45
7929 7682 20
177 2354 63
2062 600 32
7699 9418 66
3605 5370 13
7042 3057 61
40 4112 85
1496 3969 98
4032 3872 75
5519 8540 11
595 9185 47
7315 9716 28
5994 5301 67
4459 5949 86
9663 8864 40
8516 6987 87
1649 157 94
5268 1679 54
5958 9982 93
2022 4854 70
6026 2484 74
1378 171 42
395 1633 70
8615 3872 75
4687 2328 99
7740 9362 71
7961 939 43
8954 1679 50
9876 3953 8
7297 5793 31
7537 8974 82
6462 5932 78
5735 4917 98
7956 8637 49
7189 4319 3
2573 3726 86
3405 998 8
165 6764 15
529 5385 10
1822 484 72
4494 6120 1
2416 950 75
7666 8858 7
5039 6036 66
3379 7905 14
1781 5555 22
313 3640 3
1993 7330 88
1404 5821 76
7280 9809 6
5511 5126 65
7655 4755 66
584 970 27
8636 7483 43
7108 9201 29
2752 3698 6
939 6182 21
6500 6259 56
878 4285 66
7689 5568 80
9863 9931 60
7561 594 5
6932 5125 61
433 2220 21
2468 9123 66
8660 6576 76
9750 7111 53
213 6 82
841 2443 89
3456 6520 89
993 3652 49
103 3872 79
6046 818 12
5767 7821 27
628 7567 21
1144 4917 96
3141 484 93
6610 1397 75
866 9402 84
1683 1001 13
2393 7788 12
8394 4294 72
1132 9818 94
4315 8841 71
1909 7580 83
5610 8563 76
1806 7370 73
9508 9182 74
8700 8608 2
9761 3985 49
5641 64 47
6364 5608 96
2353 9751 87
2510 5403 3
3711 757 10
3055 7298 72
8435 9185 2
5892 4769 88
4430 2238 6
3785 2302 77
5291 1167 76
9921 7199 53
3660 638 15
3856 1583 27
1213 4844 36
4938 4808 70
4504 5770 50
8591 4159 21
802 9330 81
6678 3036 34
5324 5310 92
3143 3542 98
1777 6419 100
8337 9906 88
7396 4220 26
9851 6036 21
886 8281 26
8273 4936 64
9310 970 53
6863 8489 75
8699 9558 91
6749 7129 41
4265 1590 88
4100 5608 88
3586 2301 38
4844 1541 20
560 5731 23
7764 1093 38
3138 2085 72
3382 9029 19
641 5305 49
418 2301 12
1893 7518 3
8251 8052 27
7373 4815 66
2059 4432 84
5314 8468 31
2523 4289 25
7318 649 99
1241 2972 43
100 8020 25
5975 7682 1
1046 4815 12
4843 4924 45
1039 1121 85
7679 5095 74
7990 5490 76
5926 7022 30
183 2302 35
983 6061 71
1694 3640 41
4620 7646 73
6494 7646 18
5549 2470 86
6238 3954 44
1782 148 43
9042 2484 69
1986 7076 23
47 3760 4
9778 853 42
6729 1573 38
2315 9029 61
5002 2446 51
1527 6912 15
299 8042 40
2224 1366 10
6478 7677 71
7067 2381 38
468 3099 8
7862 5889 96
5282 6406 82
431 4084 74
1938 922 27
6960 8290 68
2109 8112 63
2272 4854 20
3465 8564 35
2720 9402 8
830 5 86
4803 3281 28
5985 493 38
300 6061 32
6712 490 59
4077 8135 52
6509 3041 38
3186 9202 78
1882 2017 6
8976 171 48
2710 2867 63
8647 4893 8
5071 9452 84
4102 4107 97
9072 4691 23
9811 5555 32
2527 5977 65
7676 7279 23
1497 1193 20
7649 2869 63
7369 4691 22
7070 1278 1
8187 2213 89
2717 1122 61
4764 5598 13
750 891 86
3358 884 21
5150 9202 99
4524 236 47
2828 1573 29
6401 1583 86
1879 922 74
6358 5873 84
2096 3561 79
5630 9974 93
9253 8997 20
6628 4811 81
4239 7358 17
6748 8060 90
5042 4185 28
4756 5236 12
6041 2215 74
2376 5424 54
4119 9089 81
9298 8974 58
6010 2276 59
1967 5309 70
9803 1867 43
475 1093 27
3824 6357 45
7364 4941 32
9070 4551 25
7320 9241 36
2878 62 82
2552 1207 20
994 6157 72
3210 1072 33
1430 1649 79
9536 3716 47
892 4724 79
5360 9991 67
6428 8164 96
5718 7452 29
8821 7781 55
1969 595 23
9234 9762 90
2885 3159 37
8607 392 56
3540 9206 6
5257 6070 45
8149 9516 16
5521 3624 54
2614 876 23
1819 6608 62
9775 595 34
6906 6429 98
8810 9203 85
7835 9543 56
4894 4035 90
4115 6007 59
4520 884 50
7047 8721 92
2000 5575 88
5348 6951 36
2610 7923 55
1552 1699 85
8917 699 53
8105 4317 32
4175 5775 38
3998 9531 27
9676 9123 9
659 7067 47
352 1679 11
8165 443 25
2540 5238 81
940 3638 43
4097 7599 88
7588 7160 39
8585 4694 90
9769 9958 31
2627 7483 6
2481 6376 40
6724 3827 26
323 9418 5
8848 9302 51
146 5029 47
7986 5931 18
3815 5492 30
4722 2109 56
961 7548 8
4993 6779 2
454 7682 16
5563 3512 8
7038 6035 62
7154 7436 81
9277 3002 41
3525 853 81
3699 750 90
5483 7197 57
5905 2213 90
4912 8468 96
5417 5331 65
5696 469 58
2645 8060 41
7641 7724 74
833 6312 38
6973 6169 75
4333 2484 48
2853 7840 26
2443 9532 94
1567 8356 45
6306 1798 73
8668 6252 56
1968 8807 20
3335 3134 21
1240 5691 33
4044 6149 10
256 5351 5
5757 9600 41
3371 2611 8
567 3858 45
2319 959 31
958 6285 62
6233 7025 12
3499 5114 10
3392 2 9
7962 2867 73
8796 1175 13
7513 6005 75
377 2446 87
9036 9958 70
2347 8901 78
1373 90 93
5546 5229 67
9156 6829 68
6924 1633 60
7227 8612 69
5393 6185 60
5756 3662 7
3754 5032 7
8733 2245 20
6228 8833 7
3181 34 99
4641 4114 59
3334 290 66
7400 7620 14
2792 583 70
4548 5503 10
4530 215 91
3093 6060 36
8346 7264 50
2208 1806 45
2863 4008 27
4766 4317 55
108 4471 18
6941 2208 24
4408 9623 61
3743 3897 39
742 1867 23
5097 528 30
4631 3078 70
3079 7238 6
5375 5129 86
312 4955 22
147 6252 9
6261 6624 23
4971 5601 19
8681 9501 10
9757 7051 90
3943 1855 5
4178 3281 12
9320 6185 33
1167 1045 35
7972 9713 80
696 1741 90
6362 7567 8
1668 2245 11
9542 4365 82
8747 4077 56
1440 9315 1
7123 5710 4
6187 7330 88
6902 724 32
9549 4112 58
9877 469 24
230 1300 27
8121 4383 23
778 7036 19
3539 6882 72
596 4871 68
7886 9349 95
6957 9221 95
3901 7879 78
760 7343 55
6412 3981 98
7206 8035 62
2532 5793 59
9664 4955 51
7970 4804 26
7933 7530 65
831 5889 51
8961 8294 21
5522 102 5
7022 1093 26
3889 5793 20
828 5804 98
318 7593 91
6754 7375 83
1891 7976 61
1862 6664 85
903 6326 87
877 8460 11
2295 5166 83
2628 6707 51
7041 9558 2
9561 6376 9
9804 7402 68
9209 1918 50
2879 7677 15
6581 6373 79
2485 8451 36
2539 4987 4
1406 4615 23
6988 1304 52
9681 4815 82
3649 6608 99
3510 6674 28
2848 2775 86
2098 410 76
7645 2375 63
3374 4516 59
4442 5831 36
7769 9233 70
9411 3320 33
5412 3003 40
7652 2238 90
4939 9931 17
3097 9194 37
2463 1435 6
2256 8295 26
2554 1776 18
6681 5228 18
4749 1590 83
5492 4202 36
3779 7019 48
8649 6482 20
1411 5441 52
2483 2276 54
1205 7943 62
2798 6411 41
480 9806 5
2434 7334 98
9087 8400 97
3492 4926 41
4763 9483 13
8271 4778 4
7920 4202 7
2470 3738 42
3311 3169 71
7708 5807 95
4439 82 42
6414 8847 86
2976 7144 6
9630 62 25
3797 1895 78
1582 8268 24
9735 9823 90
2737 3911 28
3107 4181 91
6699 8390 1
5547 6945 49
9043 3738 51
6005 1924 91
6981 8667 11
7507 3717 18
6890 638 64
6483 8721 65
3236 6373 35
667 6932 2
7876 8538 36
523 2541 47
908 2941 87
2927 7966 42
1235 1528 22
4234 5802 43
7499 6055 19
3490 8468 48
3303 9674 67
5706 1333 21
8798 9731 71
1349 62 8
5986 3980 30
8533 6159 32
3296 6381 80
7073 7226 96
9817 9543 76
9284 8567 3
4468 2484 81
9347 9823 90
5469 7167 77
7136 4471 45
2286 4987 4
3006 829 22
8572 2531 100
2500 6406 19
967 5414 37
9729 2094 35
2164 3520 68
1258 4096 4
9878 4889 36
1904 8466 98
8594 1546 1
7046 9514 3
9033 9518 49
2543 1435 41
8465 8716 70
1290 6737 12
1004 9374 14
8076 6608 88
4060 4724 2
7536 9182 11
5330 1375 13
4412 5236 99
2791 4811 9
1055 82 86
4416 2965 72
2348 1852 11
279 1652 20
7728 1798 90
6350 2137 96
1037 4050 82
9078 7807 7
1145 2784 74
6217 3274 38
7733 4720 46
851 208 94
5903 5570 100
9001 9332 64
3690 2354 64
9694 8042 23
4799 4185 51
865 1238 49
4195 7089 37
1425 6242 99
3361 7051 85
8385 3254 70
889 1528 79
6853 6285 96
3122 8789 89
8800 7082 49
4022 8708 93
1885 5621 1
9733 2170 20
4038 1013 87
50 9738 26
2252 9302 20
3786 9549 29
6060 3226 12
5806 6608 53
4768 6185 36
5457 6711 64
6307 7370 84
626 1682 52
4671 2912 52
3684 6595 87
2760 6816 35
259 4476 18
767 5980 100
7658 247 95
5812 8468 64
3601 6542 36
7800 950 95
4562 4856 47
1872 2929 69
9327 5031 24
6972 4762 100
8776 9713 4
1176 8323 44
9422 5428 93
2206 4027 27
2105 1926 59
3602 6357 14
9178 7048 92
6221 3231 86
1413 2541 19
2357 785 36
5548 3434 73
9429 7310 45
8711 3440 28
9061 9115 94
3929 8666 3
9847 5441 24
588 8878 55
6750 624 90
8247 4192 77
5228 7776 77
897 4112 16
9203 5775 27
9604 3858 19
4680 4976 23
6287 9133 94
1183 1590 20
7493 5606 29
5774 41 43
3112 7976 89
6048 5889 8
9193 1918 28
8781 863 29
98 3353 78
3135 7483 52
2304 2880 51
8190 3409 31
4876 8892 63
266 7410 41
9526 4009 91
505 4231 28
5572 4402 42
840 8772 69
8577 2094 10
5107 5697 29
6926 1242 53
4777 6767 80
645 6949 18
5477 8833 22
1660 9809 81
981 6919 57
3529 9233 39
6640 5932 68
4786 4524 24
5140 6028 76
7411 9029 24
8770 6737 53
4634 8254 69
4215 9249 81
421 2446 1
1142 2651 57
2032 290 55
1732 2784 67
9153 4615 99
360 3253 22
6930 2854 3
5298 3543 37
2636 1830 72
4694 2109 83
4179 7358 73
6297 9650 10
3542 6664 48
4213 9569 13
2413 4822 100
3919 7641 46
5034 7471 25
1409 3792 85
1321 25 79
1873 1207 40
5232 7567 29
4259 650 74
1141 5350 83
1450 7708 36
6069 9716 52
980 6985 99
8256 461 39
9245 7781 27
8169 9437 85
7732 9296 63
8050 2 50
6097 7135 80
8528 5176 93
2896 5830 75
4603 3052 20
2772 7758 31
4188 60 13
8870 9202 42
5371 8020 66
9600 3271 62
8905 290 10
6800 7320 68
2702 6500 16
3212 4045 5
76 1926 31
2298 8060 57
8656 1207 10
6813 1752 90
7646 4924 73
8054 2395 20
4946 4993 41
566 6966 50
289 9510 14
6905 3434 56
4563 9547 100
4162 7331 64
9378 5831 32
3009 8295 81
8817 8556 68
7462 6296 61
7980 1072 1
1530 2251 10
1665 3109 46
9463 6877 3
8892 476 71
5328 583 42
7786 9516 11
5911 3703 27
3367 6023 4
5159 2533 78
6529 5665 86
2635 8490 7
7257 5152 83
2632 2369 55
7602 6489 98
1314 1806 42
9472 594 1
899 3726 61
106 5233 38
5460 6737 81
5000 158 26
1238 688 24
9010 6966 23
1568 9325 22
7381 5441 13
2219 4290 92
8727 9526 57
3641 8301 60
298 7620 76
5153 818 86
685 8642 29
3100 6252 77
1371 5200 90
8631 9584 54
5271 6636 84
5302 2693 62
1318 6373 9
3638 236 72
6855 3988 46
8366 9903 48
6274 4294 58
7954 2366 19
6356 3957 52
702 6070 1
7875 583 53
2694 4 39
1375 5490 84
4651 7036 14
2807 8418 100
758 8185 12
2932 1241 86
8158 592 53
8412 3639 63
3226 1170 28
8181 5334 23
9173 2766 76
4452 9999 39
524 974 25
1481 4267 34
9635 469 2
5933 5233 89
8948 605 12
4438 9401 30
7614 2520 6
383 3708 74
5955 1013 16
2692 4157 5
4649 5294 16
2466 4019 5
2317 9650 36
8795 34 11
5504 9130 14
4952 8428 81
1286 2470 60
3541 1830 1
2837 5125 28
2045 3774 93
5252 8238 11
8154 6157 68
201 9854 76
2875 4624 83
9119 4804 37
3327 1652 94
9085 6337 5
7168 7025 5
821 3210 76
6620 5228 94
5236 6565 49
7816 4008 17
7459 5710 11
1789 3012 94
2643 2867 72
2598 7230 20
5052 9349 68
2949 6348 31
9339 4274 97
400 6154 61
5418 2267 42
2742 5589 97
5795 6296 80
8408 6751 86
2781 4691 26
4526 1304 89
8842 236 30
2492 853 49
8248 891 3
2084 7588 84
337 3954 34
683 7191 88
3400 7446 17
3315 4755 46
8178 9362 60
5337 5947 55
6662 6182 70
6399 3639 54
7100 592 17
6122 6882 86
1689 5220 17
4326 3662 67
556 9131 51
8745 1935 42
3373 5295 88
7338 4172 72
9367 531 27
2855 7191 72
4117 3717 34
6291 256 5
9071 7238 42
4640 144 24
7535 6742 37
9834 6139 18
5642 7720 53
7651 750 68
3584 3738 32
1468 3322 57
9661 5334 22
7397 5373 50
5142 2867 39
6709 7821 51
3594 3957 47
1635 6285 49
3631 6520 57
95 7754 45
5565 5200 6
4261 7580 76
4622 528 28
8200 2929 70
8099 7755 43
3368 4365 20
499 1475 88
2650 5350 22
2282 469 34
2567 3854 19
9462 2997 55
3992 4815 39
8320 7264 82
5679 1497 48
902 7114 76
6032 853 54
6625 649 7
7279 524 77
9713 2677 38
2457 1692 15
3512 8540 5
5859 2215 45
9800 443 34
1592 3971 5
7224 9184 47
723 99 52
4804 8465 13
4506 4724 18
7182 9705 64
1094 1383 100
1189 1001 61
7879 7200 74
6315 9298 78
2435 7089 30
3809 9600 59
726 7899 49
3260 2 95
6546 2912 41
2400 3254 95
1156 378 45
4574 6010 81
4696 1920 40
5516 5932 42
9718 2668 72
3099 1633 99
7892 1093 57
9693 5691 39
7795 7518 37
1793 5166 59
6288 2561 17
4183 1479 72
6830 9221 97
6734 4949 20
3507 5949 41
1172 2682 81
4052 5710 41
2964 2328 77
3922 9434 15
574 2561 90
6058 4340 36
1845 1352 3
3238 7483 64
9598 891 98
2214 7724 46
1686 449 59
3806 2941 75
4131 6182 14
4291 1719 60
3520 3988 21
2923 4191 49
2211 1352 88
5009 3663 10
1995 3708 59
5037 3516 77
7492 817 3
1225 4692 47
7049 5570 9
6983 8460 34
6232 1855 67
2382 9228 57
5199 4956 92
8213 1293 85
4785 8789 27
6508 6828 69
9340 3827 71
129 1253 9
5838 4993 54
7327 4956 70
774 936 29
2706 3253 37
2444 1487 8
3869 7298 82
4031 2345 53
3013 3260 25
178 2446 60
5888 8533 84
7702 6805 54
70 1493 33
9363 4319 29
5253 4592 66
5856 1175 32
4428 4159 99
6346 9074 99
7950 3703 44
3144 4765 46
5764 5608 26
592 490 94
1020 6729 22
9949 9831 63
3088 9033 34
1157 7011 81
2123 583 97
3110 5294 81
8873 7436 43
4901 6128 94
3273 3003 48
2979 4406 88
4392 9202 41
9557 1649 68
5381 3766 71
9798 9182 45
7063 3134 1
7934 5407 31
5855 3654 9
5996 8238 39
7360 8039 47
7500 9674 47
3191 8238 67
947 939 8
4837 6298 5
2018 157 96
7543 3012 82
4431 5570 80
3893 240 32
8927 5931 86
3911 5567 85
8331 1776 78
740 2245 100
1317 9393 26
7497 8563 39
2239 7767 7
9667 3256 28
7839 5665 30
345 6285 34
3442 8074 22
5982 1604 20
4090 9748 14
9937 561 90
3868 7343 44
6353 461 72
2287 3003 40
608 5232 81
1855 9131 25
759 2123 49
3987 9931 46
2172 6949 67
1242 4516 12
2386 7453 20
1964 8111 73
7220 2220 12
6436 4615 91
9791 7924 74
6829 6720 25
9069 4658 88
4322 6593 28
5301 3210 78
2751 3493 44
7639 7758 44
944 4281 51
1883 7471 77
4078 6673 100
2745 3841 52
8790 3169 18
2002 5291 72
8860 1366 22
4348 8064 36
7358 4159 85
708 7863 71
9822 6945 2
9231 7315 33
8311 8841 44
3969 9296 33
1487 1193 26
6898 1569 59
1158 3322 98
8780 7943 41
2369 9679 60
6418 1176 67
6648 4476 39
3463 2511 9
3378 6828 55
2565 5166 38
3632 3057 84
6808 7193 64
1073 499 57
5287 3509 72
2596 1758 95
6815 791 5
8563 2769 27
7832 8223 15
5341 4159 81
4469 4956 52
7531 8490 68
4900 650 45
2579 1554 89
6255 3981 22
891 2538 55
5640 8219 60
3340 2829 40
7323 9583 7
2081 7167 22
3859 5816 82
1437 212 79
8476 4434 7
6192 2611 81
187 7696 46
9609 7007 46
7055 1182 78
372 6942 8
5180 5031 71
4400 9748 79
4228 9022 13
4010 5148 81
4199 6608 48
5191 5301 86
3487 4383 95
9112 4077 68
1850 5667 23
3198 501 3
5249 6120 79
9749 2429 60
5654 9982 27
3604 196 40
4327 8611 100
7765 8035 84
6169 1352 16
3139 6751 60
2633 5558 31
7333 7111 35
9388 1241 26
9745 9153 9
3768 1723 29
2218 3638 41
3845 3720 37
539 6322 7
5934 3913 79
6004 8242 79
2103 9697 35
1194 5351 30
5073 5800 74
7826 9751 57
1578 7160 10
4262 5889 10
6495 8428 99
620 8657 84
7792 7238 43
4127 6035 69
3958 8459 6
5043 2126 43
1239 1801 52
5557 5832 64
476 4815 66
5951 9694 21
6650 8501 99
1399 9650 80
2674 4368 50
6703 8997 57
2101 4319 26
7575 1661 92
176 3652 25
9961 9041 80
2404 3542 70
2408 9201 77
1773 1583 49
7238 3399 55
3312 7330 38
6244 4225 9
7635 4893 54
1606 9952 12
6921 6475 37
5909 4008 26
1388 1901 2
8339 3159 82
963 5434 19
9287 8136 75
4447 9982 37
9831 9515 59
982 102 90
3921 3131 82
820 3849 44
9037 3014 74
869 4724 31
3034 7334 96
2838 4340 17
2194 4181 35
7449 5423 25
3548 7358 14
3807 1997 7
3523 9762 59
2733 3036 86
1147 9622 78
3023 3909 59
7482 2869 31
9614 1806 37
5339 4181 54
1380 5334 89
6022 5567 14
5149 592 87
5849 5385 8
6775 8612 79
2833 2144 84
950 6446 43
4351 3678 50
8116 245 31
3792 9194 76
2755 1649 4
3867 7943 8
3053 5304 27
253 7693 31
875 208 74
1014 8036 86
8146 7746 96
790 2997 45
8168 5027 25
7981 9153 38
26 3911 5
8047 1493 43
5621 1726 68
9879 6595 70
3039 4027 62
1190 3014 84
3426 3372 87
2155 8807 83
1642 144 41
3988 4462 10
621 6136 38
1784 4924 49
8565 6742 95
3355 959 25
4314 592 41
5954 3969 66
4316 6244 26
9249 1479 51
2874 6685 73
1538 5011 67
6842 5690 78
7359 3109 8
9205 592 16
3611 4804 74
5278 6966 26
2336 6660 65
8721 196 88
2104 2677 33
9552 3665 54
9792 5575 26
1890 5347 60
6923 647 18
3109 1938 17
6540 5220 99
2487 2213 80
6174 9747 96
2715 256 4
5844 4425 69
5399 3543 49
1325 6816 75
9452 9258 19
4560 1811 92
3590 2109 22
5040 9418 13
8869 1568 61
1735 60 9
4159 4854 73
7160 7334 90
8524 9742 54
2147 8669 87
1161 4358 23
440 4471 66
6063 6512 24
7422 3281 77
9815 4281 34
4036 1652 91
71 2137 33
9356 9440 98
3920 4008 96
9228 5320 26
3515 1154 13
3730 5408 45
7226 6183 14
6084 9742 66
3763 1154 17
7052 4762 59
8434 7967 20
7102 5945 57
4007 7057 69
860 9345 7
7596 9584 9
6324 7923 100
8242 4172 90
7395 9345 87
9479 492 38
7122 3014 94
5010 9418 51
1921 974 77
7942 9958 57
6081 4844 4
9499 7402 74
5593 9402 20
8875 936 87
4374 9513 28
7853 531 39
3653 5414 67
9833 2823 87
4385 6649 91
7784 7649 36
3953 5304 62
68 1736 47
2300 1299 15
9433 4259 47
5884 4592 61
1709 8963 83
2244 9029 50
2947 2823 33
9416 4583 77
1609 1541 33
3035 4009 22
4220 3512 31
9688 157 47
7235 4755 40
9337 8540 78
9814 818 91
4266 5804 21
3617 225 74
4473 456 43
6466 2794 78
5576 7022 52
2860 7067 68
665 2208 92
3944 9748 5
474 7677 44
2079 9391 51
7913 3792 13
2280 8864 82
4920 8864 57
8878 4987 87
1086 9831 1
7437 5071 16
4402 6779 52
1253 5430 31
333 4267 1
6042 7167 4
4472 2276 48
2283 817 31
4792 649 25
776 9101 71
1248 4631 8
4940 9549 38
2197 3014 96
6264 25 52
5536 1953 17
7527 6285 1
5255 9033 66
3194 8864 40
391 744 22
301 631 56
5937 1175 55
808 1435 5
6713 8564 94
6525 3980 46
1215 864 29
1900 8136 20
999 372 76
2657 2823 61
7945 6593 10
7200 842 97
9361 3969 64
1503 4890 42
7165 863 10
7987 4867 28
2144 1497 27
8433 5555 45
1733 9742 47
4161 2328 38
3712 7051 90
2679 3678 56
4515 2867 91
7644 8564 59
3239 4856 77
6552 5594 20
8736 6517 68
1372 5565 77
4959 4202 41
2246 9532 9
1234 7358 49
5476 4966 67
792 5764 34
8840 5403 73
7024 6720 10
1033 3763 34
8523 4704 37
8964 8770 84
6148 1703 55
297 5424 21
6586 9160 50
7115 9017 3
8482 3543 28
449 5282 79
8202 8415 24
8046 5309 75
9579 6654 66
7061 4778 9
3049 8236 63
7496 1703 61
6153 1032 69
4069 5589 60
9404 8609 41
2799 3899 3
4423 4317 73
7456 2674 95
311 4275 31
1174 7640 45
4378 5294 22
1339 5423 10
8392 1167 83
6534 5294 22
6393 3739 58
9699 7019 62
6057 1801 49
3121 9418 33
6975 4151 35
2721 9458 35
3306 3640 16
7554 6973 93
5963 6673 87
1602 5068 57
4390 1237 79
6722 585 30
4051 8238 2
4295 1299 44
4407 7430 2
8511 2473 68
9697 8556 37
7444 922 81
7935 5568 56
5656 8711 86
7033 2473 51
3848 6499 32
8506 8611 26
8079 4289 14
5948 443 88
666 4556 41
5496 724 38
7632 70 36
9073 2531 25
6066 5726 53
7594 1926 34
9332 5616 73
8370 1475 88
7923 3827 79
3949 3670 97
4125 7410 68
7178 6942 73
7748 1692 41
9170 7334 22
6446 502 85
4403 4045 2
6790 5158 60
9050 6296 9
5357 7200 41
4865 6376 60
3484 9526 13
2712 8478 10
6146 4854 12
5174 1241 63
4791 8254 54
1912 1682 88
5304 842 31
2312 4769 1
1870 6942 77
7517 3271 18
9191 9457 74
4720 6475 64
6381 5037 42
4434 2322 36
7618 4724 22
735 2811 2
3663 1670 25
7745 3372 44
2668 9532 40
4122 5360 74
2055 4796 96
6726 6296 35
1566 5166 84
571 8963 23
609 7593 22
7921 5816 3
2159 7430 60
3728 3000 26
6206 5850 86
5284 5756 81
2951 7011 72
1300 3827 93
7830 4976 81
9806 8490 81
3912 125 12
801 1187 24
5474 666 4
7771 6475 24
1471 7481 92
5344 5912 12
9021 5503 6
9274 176 58
7598 631 63
1486 8466 30
8946 1682 13
7465 817 36
9790 4159 38
6294 1950 12
5189 5428 56
6910 4406 71
7601 4108 97
2354 5704 38
2430 8892 75
7672 6005 25
2607 4579 40
6607 1682 62
1021 5690 31
5644 3728 93
4556 8052 51
962 6945 84
2777 5233 7
4621 449 69
9885 256 92
6459 3346 11
2061 8564 43
1833 818 5
6891 4471 36
2719 8609 90
7363 123 25
8138 7868 59
1040 5294 55
5778 82 49
67 4691 43
625 125 2
1865 876 20
6135 5301 99
1201 62 81
5127 8254 63
9813 2295 96
2545 1997 16
8824 6565 68
1648 5606 65
9040 2208 3
2072 7453 29
4582 3099 38
6427 8836 20
202 3909 75
5210 826 80
3509 6654 31
3114 3841 54
5545 2657 41
7079 158 6
6392 6767 38
3526 5152 53
8485 4994 91
4254 9956 65
4994 4775 38
5997 1806 70
9255 594 66
241 5575 46
771 5570 99
8141 8983 97
6874 2213 17
2654 8020 90
5144 8642 85
6731 3036 4
4853 5424 61
3761 5254 5
1069 4778 50
3876 9679 46
2050 6973 74
1092 9823 50
5801 6829 54
5554 8363 36
7350 6622 12
2410 8185 1
5881 3913 96
8642 5728 26
3294 9510 91
2472 6154 28
6214 2533 96
3707 4281 2
1232 3509 68
6293 1760 100
1645 5351 62
7629 7905 39
9739 7758 58
2880 31 22
898 2059 44
8018 6348 83
164 3012 68
1764 9623 41
7162 1567 99
5111 4917 1
6277 1939 52
1652 3494 64
1796 3643 21
2242 5775 25
64 1568 80
8620 2220 43
553 5775 61
4264 9931 78
4349 5029 43
4852 7534 92
7884 2849 11
8794 3210 34
1130 6358 36
5700 3809 82
5422 624 18
8689 8803 3
2150 922 39
6543 667 52
7609 5166 38
6253 8052 41
3396 8433 81
6094 2354 2
9218 2067 32
1589 8611 77
581 4274 65
6979 5606 100
8748 5770 61
8196 3206 18
7696 2395 77
7069 9033 63
4106 567 93
9725 1901 99
3397 139 79
661 4275 67
6023 5775 2
9391 1383 70
4610 8803 51
3283 3052 87
1844 7792 13
9502 9716 6
2102 6932 93
13 1797 100
2854 3335 32
7705 1242 91
9931 4164 39
9295 728 18
3271 1969 23
2821 4553 40
3722 8420 80
7865 6331 58
6849 6242 63
1987 3941 51
9728 1797 10
3197 8608 70
6325 3561 57
5784 7214 22
331 3909 58
721 5576 65
1905 7877 35
6044 3971 71
7918 8899 96
9633 3071 71
228 5254 86
3440 3830 2
3436 3231 89
5146 2880 67
291 1920 22
9148 3840 53
5573 5027 84
1155 9041 1
410 501 1
9079 5742 67
1750 6 39
9825 9686 32
8596 1730 8
7821 7007 48
8683 6829 44
9188 8338 17
9882 134 56
4368 2503 97
5008 405 54
7781 8483 59
9886 4402 8
4870 25 22
1164 9509 44
2511 7563 8
2623 8858 49
441 8666 68
2629 1032 28
4956 4401 40
3172 4413 23
7940 9830 15
2132 4151 63
3193 5259 22
787 8563 78
586 123 81
9076 574 96
2889 2854 94
4290 1739 68
8897 1389 71
380 966 34
7289 9534 78
3059 2503 78
1807 8290 46
4249 5458 3
7938 8911 36
9858 5796 96
5095 6081 33
5181 2769 4
1897 3638 45
716 7580 12
3813 3643 88
2111 9752 66
9603 9968 8
3451 5465 11
2313 9543 9
8230 8669 88
8226 4676 34
8195 1569 81
4323 3253 3
9884 9401 42
6557 9373 82
190 5665 64
9092 9393 41
6177 826 31
998 5947 62
6424 2611 1
3518 650 35
4153 1569 75
3556 8512 12
1346 191 36
3946 8410 59
5365 939 25
8907 8974 85
3472 8460 3
1505 5838 95
1532 1273 93
7613 5350 92
7132 5755 42
7134 5838 82
9483 4844 39
7138 2611 27
8444 6296 17
6572 7334 83
7103 5238 99
4343 1077 75
227 8460 15
268 1700 37
6113 6660 38
5103 5351 47
1697 5690 42
5243 6520 29
1544 594 7
5789 1497 72
6987 6685 86
4567 3663 66
5429 9391 25
6248 4815 87
7662 5407 88
9632 8938 61
2377 853 23
2333 9302 97
1670 1700 66
598 9762 1
9412 8482 95
8374 7191 48
3130 5428 17
803 9312 63
7687 7246 86
1088 99 43
2374 7473 52
3971 8380 39
3488 4765 57
8455 8878 76
5639 8563 58
3841 3435 91
5529 6576 70
8774 8410 66
5078 1241 88
3042 9534 25
80 1468 95
6480 2220 74
9738 1776 80
7754 583 22
2900 2965 16
8675 8020 93
3775 7683 30
6942 6446 60
8724 5385 61
1060 3774 77
4332 31 60
3353 3435 49
5952 2113 83
6695 5931 8
3257 1383 41
8830 8060 31
1245 8419 92
4569 7160 53
5998 4340 52
198 2473 50
1329 6512 13
9766 8460 23
4502 4114 82
8851 6593 35
2279 4616 38
4636 3493 61
650 9249 32
4741 5953 84
5965 8035 59
7321 6183 55
6696 1569 9
7943 9748 53
4145 8983 54
5702 8363 88
5878 5576 30
9498 5106 9
7697 4941 19
105 4045 99
4979 1924 17
9248 8180 45
9759 966 76
3083 1763 84
2266 2413 23
7971 9041 65
8275 1830 23
9807 7899 15
7674 8301 95
6861 2941 32
1548 5667 94
7326 2345 63
4908 2 28
7027 90 81
8241 4045 21
4571 7167 87
6535 3350 7
7638 461 14
1940 9854 29
4675 4425 6
4601 9130 68
3200 561 45
4503 8074 28
5651 6664 25
2473 3350 28
1837 7114 54
7898 5807 65
6398 2085 37
171 3210 34
2344 456 27
5741 5291 5
2940 5831 47
9039 4533 19
3838 647 32
2770 6636 26
9236 4777 81
9916 592 3
5359 5831 6
3887 5233 4
1881 1554 53
7747 8608 98
8931 1852 96
1681 9731 87
6819 2929 12
9901 8788 25
4013 9133 2
6851 3760 81
2832 631 40
6429 9705 5
1308 2920 60
2782 8807 92
7502 4131 35
1186 8042 96
1913 7237 67
6151 5305 45
2667 7214 57
3910 7640 23
9186 195 48
210 3494 55
394 2017 53
9047 1760 75
3703 1590 30
7793 3831 60
9665 1479 8
5347 8611 72
2027 4532 68
4334 7868 67
1224 1104 4
464 7315 18
1175 8301 17
9017 4368 26
9569 5309 83
1720 4471 58
8321 8848 47
9083 1923 14
2620 7307 82
3399 966 61
7266 8540 1
9704 1072 75
3942 4471 19
2884 7331 27
9181 7776 5
9788 5985 16
5283 7310 17
6804 1969 88
5968 3774 55
1260 9705 33
4779 7216 46
5308 8666 44
2816 9312 33
761 1682 48
432 9798 69
677 3827 34
1786 318 17
9161 8290 17
8713 1830 100
9848 7785 50
9944 8711 7
8503 757 49
6862 7827 22
2489 4181 40
4624 2067 71
3078 8836 4
9004 5176 11
4825 4524 33
1211 7226 48
8690 2511 98
6920 219 12
701 7473 10
9227 1700 78
6925 7430 65
1558 7683 12
3655 5040 18
4583 1170 15
388 7865 29
9420 1285 96
4236 3726 30
8055 2674 21
8899 9748 9
258 2880 7
5319 1901 16
4040 2182 13
6844 7967 26
7020 3174 23
6093 6322 2
6630 6005 75
3522 7432 44
4732 6759 48
7516 3654 41
9444 4402 83
2249 83 53
6018 9153 63
8883 7567 59
3282 9325 57
4591 9434 39
8974 6973 46
1847 8803 97
1559 9509 30
2436 9751 9
8893 1723 51
6641 9622 27
5900 7683 72
3409 7649 86
8788 2030 24
5117 5407 88
6600 2889 18
7139 3493 87
9900 1990 85
9925 4211 46
8720 8511 5
5202 6475 66
9911 5945 24
7150 7362 48
6308 1570 15
9960 8848 16
9190 5438 31
3223 1934 95
2891 7728 16
1707 2972 94
5550 2267 64
9049 1649 2
8205 5710 65
6541 574 35
9892 9301 64
2341 7331 28
6498 583 93
3159 1187 19
6101 8913 64
3984 728 19
4921 3052 26
719 7677 12
1624 449 86
7475 733 64
9852 4762 24
1199 1801 47
4600 2271 36
1756 8064 46
2514 7720 11
9165 6005 45
6761 7398 36
3119 4755 32
4872 3980 60
2528 4579 85
5122 2998 22
2257 4592 93
894 6322 15
2656 6805 13
1605 6446 60
1985 3256 71
1444 9667 12
1383 8420 6
4270 9583 42
510 3014 66
9797 4211 27
3483 3281 79
5465 4334 5
9887 490 8
3903 8295 57
9048 4861 75
1200 1497 17
1063 750 29
3770 9078 15
6257 1232 9
4632 9830 35
3713 5947 34
2624 7531 77
1367 121 40
6837 8482 100
1436 7593 46
4208 3381 39
5196 7640 25
9951 8459 69
2040 7530 77
7485 1760 63
8063 7471 93
5050 1752 88
7863 5804 25
1690 5152 42
1025 4890 91
9384 8420 8
816 3827 18
7953 7924 84
2092 8428 98
8655 9532 35
2883 891 16
6953 3003 89
5167 2251 11
9529 3717 5
9086 9033 94
5179 9286 61
249 4631 98
5475 4993 23
9654 1926 4
1579 638 46
4012 5755 4
9244 4383 68
5889 5152 64
9180 3662 57
9115 6168 44
9155 4949 28
4057 2126 72
8924 7827 28
366 2404 95
3802 3542 68
8053 8634 13
9838 6919 34
7916 6674 95
8693 3372 39
5267 5408 14
382 1045 91
8826 7007 12
7791 7048 35
846 8173 33
1472 1861 100
9584 8642 4
2997 4955 51
5591 3739 34
4834 733 93
7550 6622 94
848 6772 92
8215 9419 12
7489 3738 87
4356 1534 69
6138 4854 99
2968 4822 88
8580 1077 22
2954 9818 62
2784 5742 32
3265 4859 79
4454 3716 6
5825 3350 68
2264 7976 70
3452 7593 60
4189 8465 72
4982 6622 32
1382 6411 25
3217 4251 52
2515 3809 95
2397 9194 57
8818 8511 64
9373 2533 35
2057 1499 11
138 3831 60
2229 1237 45
8061 4107 72
3917 212 48
9338 2573 54
9131 9041 79
5094 176 46
2953 6740 51
2501 2302 1
3501 2786 85
5480 2438 90
1034 3204 56
3208 1682 52
5024 4861 54
5353 9160 64
3758 3662 54
4647 8490 62
7707 3654 73
5867 2443 72
3571 3520 4
7186 8864 30
5082 5158 95
8502 7757 79
1825 7776 26
7245 2381 37
4760 9182 55
925 7531 2
5950 7696 19
6161 5802 56
7741 902 50
5776 7679 45
4805 1679 53
2647 8281 25
4251 3654 53
1741 6759 22
3843 5570 33
1309 3482 6
3997 8864 1
3086 3726 10
7254 8071 51
631 4178 49
8173 7193 31
5941 5095 54
1911 8185 19
6944 5715 14
4744 8965 96
3757 5503 25
7460 4381 65
2461 1895 22
5791 5893 49
6318 62 33
7252 5152 45
1494 1703 56
834 1567 64
922 5697 2
5732 6168 4
1950 7311 25
5742 5776 28
3725 6482 90
2340 4472 72
6083 7593 60
5084 70 88
9648 99 57
8413 4704 81
2231 5608 55
5182 4861 36
6839 9952 57
6447 6627 76
880 4159 8
8709 7089 83
7627 7398 10
8327 8173 40
1138 2674 88
4602 9124 58
3981 8490 11
1947 9393 90
3351 5166 80
6569 7076 78
5599 7022 73
4448 6775 35
8507 4202 63
5066 2429 1
2356 6010 15
7218 4096 49
7636 5460 50
6198 1534 87
2291 7498 48
2612 9115 54
9486 8844 17
9252 9330 30
6948 5455 58
5734 791 14
4706 9269 94
2288 8844 99
8371 316 85
1146 245 28
9002 1154 69
4267 8533 35
4927 5802 3
7718 1590 7
8119 4624 50
6463 1861 68
8115 9206 21
6309 9233 21
5810 3260 9
8874 2302 46
819 7961 43
7439 5255 33
1131 7230 16
244 125 82
1030 5233 30
4615 5255 75
7698 3494 54
2396 5598 35
9555 4691 35
7584 4775 85
613 4854 68
9003 225 51
3319 5220 65
2366 1175 15
7640 9074 74
7336 7758 82
9344 3698 95
4203 5174 50
48 4871 75
425 245 29
4695 9738 90
2973 5152 59
5711 3654 62
3774 528 66
2686 2404 12
9306 4987 61
9955 8036 85
7440 4593 23
2793 6682 23
304 4285 50
7112 4606 15
8432 8501 82
8619 9359 13
3333 236 48
6340 9228 21
9461 8711 13
5880 268 52
2009 2858 10
2241 5565 44
4730 8938 91
3068 4811 19
1340 1093 51
6545 647 95
9917 9089 66
6465 9954 25
6757 6882 35
1476 8844 4
6413 1923 22
8802 6737 60
1853 9683 36
2795 595 58
4875 7720 14
4365 7076 19
5498 5565 89
3583 5068 42
3243 6772 66
518 8295 55
8237 3760 77
8420 9182 18
8254 2345 26
6984 7311 70
4278 3988 86
5056 5804 50
7804 6244 95
2926 1801 72
9682 785 57
6903 9824 3
8671 9514 62
2296 7453 56
5809 8111 69
9474 1189 4
984 6617 10
3471 5589 2
5822 6109 14
8396 7924 49
4735 6348 66
3895 7465 76
7794 372 41
3301 7085 64
811 3698 44
4854 3226 51
4134 7641 52
1479 7823 55
2372 3954 62
4492 2668 45
4092 7238 33
5681 5865 63
5453 7099 15
74 7330 3
1442 4182 47
2471 9531 96
3485 3374 36
815 5114 24
5871 9362 18
5672 8112 71
9246 9747 31
2850 7438 2
1767 8511 87
8510 5503 70
2331 9823 92
1581 1121 37
2917 4979 15
4393 1104 99
6807 3210 42
1438 64 59
4576 5802 61
7371 1935 12
3101 1468 66
7796 9452 43
142 7746 38
9278 2318 71
7858 3830 15
5044 5234 72
3033 2651 81
6518 5428 18
9684 265 42
7551 5037 29
7419 966 9
2175 3830 59
2121 8965 32
5027 9249 74
5387 6168 30
921 583 81
5447 191 94
6691 7868 54
4507 3435 96
559 7436 5
5502 4938 86
9266 7923 43
4101 5331 77
8696 994 10
5435 7067 94
24 195 55
2049 2538 83
4197 5721 20
4723 1901 96
3547 8465 64
7822 3588 72
4080 2446 4
6108 83 73
409 7534 89
960 1383 78
7071 1083 55
8676 7144 54
8651 3561 73
2826 4096 28
7351 3665 17
5215 7436 8
6077 9133 31
3546 7331 94
2580 3562 28
5957 592 24
3076 7877 74
6760 6912 13
3814 7230 75
6009 5194 47
3897 9830 48
6119 3277 74
2535 5126 48
6312 9509 8
4499 4859 11
8469 8112 47
7417 1692 82
4661 5068 46
550 4192 76
6788 8669 59
901 3434 28
120 4035 50
9389 1568 91
1724 1626 77
5369 7191 62
4543 1487 94
8807 1468 41
1717 5807 85
9594 5441 38
2634 7331 95
863 7620 25
5258 5838 34
2743 4358 79
853 4466 47
1877 6060 95
3356 5558 18
9169 7530 57
7581 6759 16
8074 8201 16
9199 5438 29
7984 5294 65
9656 4381 55
7522 2861 37
9158 6987 3
7441 3985 89
1328 7792 50
9108 6161 86
7511 5821 100
9946 2295 47
1770 994 79
1099 7265 95
4394 9823 31
7431 1299 66
1716 6627 3
8280 3937 57
7887 8833 73
8296 5776 90
3095 6061 78
8839 3872 93
794 4211 68
9421 7863 77
5300 5441 95
3066 4251 54
60 6617 81
3418 891 9
4015 2106 65
7090 2267 58
7096 2354 34
4380 1253 82
9764 3386 65
3832 6782 100
7890 6357 76
1718 1919 68
4389 4114 93
192 9258 47
5617 9345 15
6021 4281 7
296 4359 100
7593 7175 76
6034 3353 63
3233 4945 48
6700 384 94
6587 3739 62
7292 699 66
6564 5370 1
8170 4 34
7078 9676 78
4727 6036 12
9755 9458 83
2441 5606 99
724 2854 34
3955 4425 96
5088 5255 49
2429 7943 50
8509 2446 62
6492 4281 4
5709 4592 54
6736 5255 46
3745 4172 81
1066 3840 54
2274 3738 55
7714 2573 85
4033 950 83
489 5608 30
6397 469 46
7772 5608 47
2516 9999 80
7202 9315 96
6811 2889 83
7553 6636 2
6435 4178 76
6621 2769 11
576 4955 11
3213 2997 77
2094 9683 54
6050 9974 60
9958 148 80
5396 7402 41
8458 1924 35
3383 4592 35
1851 6070 53
6450 5965 38
3421 318 9
2587 1541 21
9723 8101 19
977 5233 11
9497 4775 51
7080 1953 7
9185 4692 40
6043 7307 17
3359 7318 92
5618 316 37
1210 5309 12
5408 9818 31
180 9073 34
6824 9999 43
1687 6226 37
1871 3909 33
3178 4145 51
7342 3346 92
8741 4275 18
9283 9896 52
8436 7785 14
7711 59 43
4509 4516 34
6582 9185 78
9641 5032 15
8613 236 96
2034 3274 46
2431 2920 73
8262 5898 42
4121 3250 98
7557 5742 84
2621 5071 10
1065 6932 36
8966 1700 94
6670 3631 73
6555 7669 14
9913 898 2
5313 3372 55
397 2302 81
6448 7899 44
5928 413 35
9026 5731 80
3498 7776 7
1338 5423 38
6452 8657 48
2156 1352 98
8584 4724 22
9651 8770 75
6735 7279 20
2167 4462 49
4414 378 11
9588 3665 28
7807 8460 90
8414 8511 1
852 9089 51
2325 1971 51
7249 3665 89
2232 1570 52
3124 6078 56
3234 1397 65
4301 3720 59
2617 5594 58
9409 600 96
1422 7879 86
494 5838 27
1571 4434 94
272 9674 59
7017 922 35
5416 5947 82
8753 4108 84
8148 4949 13
4048 7758 39
3381 290 99
4073 9228 94
9385 7673 47
7140 7669 63
3177 2929 98
5723 7877 86
4609 6742 70
8167 3320 61
2754 9830 71
217 2030 64
7515 4631 43
7143 9751 100
8024 7160 79
7328 7767 95
2502 5154 22
5712 4775 57
8062 5793 86
4248 4856 88
6471 9089 22
8555 7588 15
1278 8602 14
8175 4181 2
8110 9286 95
604 1077 46
1419 247 70
8866 4668 65
5556 5755 56
531 4889 88
4384 247 5
5286 9697 20
9631 8913 77
5294 9859 78
6204 3678 7
6893 8494 76
9577 4340 54
5059 1741 63
4310 1285 17
4737 7452 94
7387 6742 27
8981 318 80
9787 7518 35
6978 4615 77
6088 757 85
2806 1919 26
1254 4993 67
3878 240 86
5374 9622 73
369 1649 19
2506 3717 51
4470 2470 49
8312 4871 11
7597 9440 24
1595 1935 89
30 5194 51
2010 561 21
3808 9738 56
7345 3210 76
3816 8708 33
1933 4404 28
9426 3109 81
7993 6764 36
4771 5594 69
9519 5370 44
1981 8433 91
8942 102 9
9726 1315 1
5698 265 95
1313 4084 83
9029 4720 26
9118 4045 91
19 4107 100
5743 4606 32
162 4294 2
5163 2404 87
7678 4724 73
5662 3340 76
4961 2766 62
7287 6966 42
2916 5465 86
2192 4871 11
3724 5194 74
3041 5898 8
3489 734 51
7307 59 2
151 6296 91
412 9558 55
1493 8636 69
57 3493 99
46 2674 99
1816 9402 1
3051 144 67
9142 4172 52
9395 2443 17
3058 7840 25
593 1090 89
8472 9752 46
8635 9694 22
6689 1583 54
1061 5985 56
3954 174 66
675 7144 29
2769 3911 70
7479 1479 37
4841 2106 98
2301 5194 25
3589 9269 76
1327 7085 37
3219 6169 29
370 4019 50
817 6981 59
5647 9515 31
7548 7792 30
5668 1300 99
7427 139 97
5720 191 85
4043 6751 76
7451 1176 89
5187 4281 4
3914 134 41
7045 666 97
3508 7019 62
4237 3899 34
5293 1567 57
4950 7857 55
274 3041 7
7412 4368 31
7128 6620 6
327 9747 48
8556 9206 36
3218 318 67
1783 531 90
1320 5980 25
8539 3099 6
7406 5310 75
2593 5621 1
2946 3841 71
2856 6376 35
7778 7022 19
5121 6947 28
1920 7846 83
9839 9301 74
8064 1497 61
2704 2395 3
8864 171 75
4081 4164 66
1878 9831 94
1068 9896 64
8822 4383 86
9265 2395 7
4096 502 26
8969 3728 10
2482 7238 93
1622 5985 94
8933 6992 86
2985 4108 65
2052 9954 1
5688 3512 47
5847 1797 48
2428 4340 54
2359 5438 43
3931 5873 59
8231 9569 75
8983 9588 67
1031 9296 78
6131 4008 74
8466 7089 23
1228 5838 77
4866 7315 28
6368 3369 24
3129 1399 13
2583 4334 29
2578 1746 34
9458 3381 51
1219 3739 4
2750 4592 40
5716 4281 2
209 5106 20
5916 595 95
9703 5320 49
8058 9532 75
2390 122 23
2248 3831 46
6666 1726 76
5850 6296 94
8136 90 89
1565 8511 13
8407 4938 61
9910 1923 69
2531 1075 2
1705 6169 44
7163 1910 49
3670 6047 58
1545 8338 33
8633 5565 12
6223 7330 75
4653 1736 61
2115 3588 15
3404 2430 24
969 5315 49
2469 4039 18
373 4890 20
7852 1971 13
912 6139 85
4341 134 68
8639 9798 58
172 410 42
1749 1590 86
2652 728 81
6524 1839 71
5883 8466 80
4726 9017 72
7978 3937 74
1113 4112 24
1989 1300 74
3176 5601 50
5944 4008 56
2576 2869 68
3559 6759 81
6394 3174 94
6431 8164 7
8245 5347 64
276 8020 57
5670 5232 19
1790 8478 100
4686 3716 71
9243 7264 36
6677 884 78
2980 1429 72
6090 3516 10
4639 4068 64
5760 8611 24
6062 7821 56
6708 9968 26
6388 2217 80
8100 6023 65
3028 1154 3
4546 6912 8
1814 6446 1
9030 1093 62
7461 64 84
4707 4516 44
1658 688 38
3545 9302 62
7664 1776 10
3795 8281 90
3366 256 37
6995 443 1
9690 5555 61
3352 4949 93
9334 3654 54
649 4045 51
686 3985 92
7091 1918 34
2003 3174 53
5102 7453 65
9543 4704 38
4573 6411 3
7346 3435 35
6768 595 85
2992 5441 64
8372 666 42
3091 3562 36
2220 5932 73
7391 9440 58
2310 6164 33
9836 4524 70
2227 2674 56
2972 818 21
3994 158 18
6956 4941 79
9929 7506 20
6740 9325 48
9240 5821 79
3793 2265 57
8125 5721 46
5683 9221 88
4721 8721 1
9027 7173 16
3941 3988 72
2918 5800 23
4929 2786 88
9424 1352 84
4427 1794 52
3759 8669 64
6377 8185 99
3788 4893 84
3861 3178 2
466 1652 11
9707 6475 99
5506 6081 54
6774 8770 65
7233 6060 97
5925 9458 1
4812 7912 19
2023 1682 94
3414 31 24
5726 5679 51
3817 641 39
1623 1475 88
5401 256 95
1294 4918 62
8761 7162 22
2342 5567 99
5377 7438 6
5186 3988 91
1980 3739 27
8451 1122 83
6188 6128 77
1543 6459 73
6269 9185 25
8066 4402 50
2603 5310 96
2013 8173 16
6476 7696 57
9453 1746 24
6158 5304 93
7420 9041 27
2292 8203 8
5914 3941 2
5614 4553 14
2861 1737 93
5264 2094 97
3531 4383 17
3291 2059 24
6395 9393 30
8431 456 96
3408 6071 22
8017 8864 57
2690 8836 37
1744 8602 45
7008 5905 37
9782 5949 75
7181 3763 39
6006 5704 47
6739 7776 98
113 7580 66
4743 5176 16
1779 4796 30
1598 2490 83
1366 290 5
552 3253 34
2496 9345 7
3882 378 7
6755 1910 94
170 8433 58
7803 2265 97
7789 5465 2
9430 6641 61
9701 7205 70
7590 4259 17
8661 8528 56
2290 1237 26
1550 876 77
8300 6482 73
6215 4035 63
88 6593 79
5133 9345 52
5885 8511 19
4357 5575 38
3561 2858 25
717 7863 46
7587 6942 16
5829 4231 68
8778 2912 87
1051 290 97
9608 3985 2
86 9679 96
7877 6071 39
7193 1242 21
5956 5829 78
4594 9241 30
8212 7912 44
6864 8608 48
2789 4691 24
2038 9543 37
3241 638 22
3299 884 34
9427 1568 15
405 2867 27
9366 1040 74
7872 4334 33
8126 9263 31
6721 4114 22
8911 3698 20
786 9906 19
7161 6620 10
7656 9345 93
4652 9513 54
7156 2429 65
5841 9362 83
6820 7823 28
7068 8847 23
4490 1104 32
9448 9301 65
1857 5458 29
514 5932 13
9417 4668 55
6102 2144 26
8209 3957 58
8844 6348 42
7192 1241 98
9233 5697 27
3506 1093 30
3343 1499 3
470 4765 15
3179 2302 34
7210 5721 89
5321 9325 29
8334 1528 33
6667 2404 17
6848 1679 94
1269 6312 82
4958 5710 26
5758 5873 35
9212 2179 73
4819 5606 54
5961 998 30
8574 4267 82
2653 8185 44
7564 3913 44
1010 7082 83
1368 3708 28
847 2059 79
6256 600 31
9596 8716 46
3235 2059 95
1529 9752 12
8088 9391 94
9232 7343 2
9005 5570 17
7936 5673 82
5876 3109 95
2392 3774 13
5543 1242 6
9734 8706 21
6675 9130 23
9510 8545 90
4782 4151 90
7802 1304 63
1562 9419 5
8608 9513 63
4633 4401 12
8029 2503 50
2131 4606 88
6961 441 17
4223 8892 78
2812 5800 38
9716 2520 81
1273 902 30
3951 4616 57
1096 5455 62
3427 8657 81
1846 5320 53
4018 4769 87
6899 6047 14
8490 641 54
7805 6617 47
6030 240 61
9312 2366 3
6273 2095 3
8042 2106 30
3790 7823 9
446 261 69
7969 4553 73
5290 9751 61
1512 7263 86
3385 4579 61
6289 9831 42
39 7114 22
204 5832 90
5587 3250 81
9237 3374 47
8941 994 97
5329 9650 69
4731 3440 54
7149 1726 94
8787 4220 47
8313 757 74
6150 4804 47
936 7880 88
9841 9809 68
9345 5710 100
6850 2312 25
5415 405 58
7774 3131 100
4212 3532 46
3425 3131 3
8559 2864 69
443 4096 27
3105 5601 91
1836 9086 18
7148 3746 44
2078 5952 37
2722 7767 78
3126 4289 41
2749 7599 56
7486 4822 60
692 4720 14
4561 3841 84
2773 5598 26
4137 2531 53
806 1794 28
6642 9044 84
9082 7892 28
612 4822 78
7514 6743 30
7261 1304 57
8442 3897 90
4053 1692 65
4887 3542 20
175 7755 69
1785 1182 68
7893 3134 37
1675 4871 82
5096 1399 59
3961 3985 39
5495 3340 87
9372 2276 54
6212 724 32
1585 5850 24
8703 7446 50
5777 4976 82
9673 3350 7
7680 5291 56
5003 5268 69
4275 493 99
5500 6036 73
2455 7398 19
2525 1939 46
2902 9686 11
9503 2561 6
150 6992 18
4748 9441 55
9545 7279 100
7491 2838 34
8260 4966 43
8128 8654 15
290 7682 100
3171 4579 40
7670 5334 75
9487 5200 30
1772 5821 9
9742 9516 32
9660 9089 23
4028 34 64
6743 4267 11
9013 4941 39
2077 9731 16
7654 8666 7
6366 8657 84
8754 1739 21
6455 59 94
1990 4290 9
6117 5704 72
6679 9903 4
4453 2520 90
7503 2519 11
4285 4077 41
1027 7111 47
8197 8965 22
8718 1435 97
5601 7683 92
4308 5407 40
4527 4381 84
1354 6109 10
6570 6010 90
1943 1001 79
9793 7199 28
3636 733 27
9903 4289 61
1078 7307 76
7739 3542 8
2688 1806 9
5205 4956 31
5896 3665 92
4176 6805 93
747 1794 4
1758 6966 61
7648 447 73
8003 1285 88
3855 5255 23
2184 7303 40
2551 6381 57
4708 6729 44
5333 5176 25
417 528 48
2519 3435 72
4664 3159 12
2093 5731 41
5660 5955 9
495 551 34
6792 1391 1
5508 1573 21
8992 6743 89
7082 7498 68
2507 9674 11
1275 7646 94
4605 6424 38
1204 158 47
9081 3246 15
2170 5408 72
2591 2318 38
5988 1435 80
4525 7967 96
1023 524 4
8743 2998 47
7372 7548 50
3370 2861 59
2725 6296 99
3573 1719 55
8971 2438 47
9763 728 47
8004 5764 97
7399 8567 64
9490 2854 7
8103 6482 66
5665 1299 60
2780 9965 72
736 4108 48
8160 650 69
4187 1670 52
5831 3668 50
3321 6742 14
1129 2473 51
607 7303 12
4895 4532 64
3496 4806 81
6611 3246 25
3074 171 95
8856 4775 22
9501 9286 80
2740 1895 57
8073 8711 62
2673 2869 10
5265 3728 97
4519 9434 2
1168 5832 20
2800 4346 6
8299 3624 91
8610 2511 76
2345 7313 60
8604 9742 98
8970 4631 5
2297 5807 22
6074 148 18
8985 9509 48
3735 1176 14
8104 122 85
6457 9167 47
9280 3809 34
9520 5095 61
5423 1726 63
825 6912 78
2905 7048 84
3704 7683 68
4371 2267 73
6974 8074 17
5929 7085 87
854 5434 76
7370 699 56
6950 4401 80
739 9520 15
4637 6028 79
4794 8511 30
344 898 88
6406 171 70
705 9679 13
7066 7246 41
9816 6759 12
8048 9483 53
9057 8071 3
321 2423 15
770 1926 58
1295 5776 70
4578 9514 1
1484 638 51
2203 4926 43
8891 2456 21
2328 5106 70
5031 9176 36
4954 6154 56
6966 4466 96
2148 3738 98
6283 1352 97
9760 4090 98
2030 8501 73
5272 9041 18
3691 2318 60
1109 2354 59
5025 245 1
687 413 92
8377 3774 55
3935 9402 10
6573 3109 85
7000 1541 6
497 5679 60
9861 8164 39
3630 7123 19
8338 9022 31
4035 9201 83
5842 5697 32
7198 4108 97
1840 6296 6
4755 9441 69
2139 1696 50
3970 1304 88
8342 4476 35
6019 8489 95
6773 1736 2
1880 7197 55
5919 9831 25
3581 6674 36
2303 567 30
5188 7011 44
7693 2295 54
2360 4027 29
9748 5255 85
5584 1737 9
9936 5977 64
2446 5175 9
6348 6736 31
4298 4476 2
5918 7788 19
9784 6682 10
7827 8225 37
7086 5621 31
4816 5027 73
9832 9345 91
6263 3936 92
4138 2220 82
8940 551 15
7686 2423 7
4970 647 37
8122 1397 11
2251 6764 44
9062 6023 28
5815 8483 62
5470 4112 27
3064 6720 59
5237 7943 54
3622 5667 38
1979 90 98
4627 6183 86
1042 6673 6
6912 3036 73
9150 2301 13
5331 5952 1
9154 2295 39
885 5893 54
4433 4077 5
2271 3206 23
1214 3271 82
8083 90 17
5060 4178 78
8227 5268 15
4669 7899 12
9392 6542 89
3665 7785 33
1303 4893 58
9471 6962 53
4857 3969 92
2836 5800 89
2696 5667 52
5721 5985 96
99 4777 13
7874 5796 36
2813 4889 91
7164 59 16
3032 4704 79
1036 6376 40
9450 6183 34
9329 9745 60
1393 4251 99
9843 6765 76
8380 1121 33
7818 8490 95
3709 3760 30
926 7410 92
1470 6475 15
6608 9203 83
5739 5952 11
9041 2920 52
288 9330 57
1153 8489 33
135 5594 43
3256 4658 43
718 2531 12
5619 4259 28
9675 1723 99
8483 8636 26
1698 7214 15
616 2611 62
8708 9622 55
2180 6023 70
4596 3840 10
7428 4 46
5266 2889 35
5552 9167 95
7712 5320 50
4450 592 68
2684 3662 8
1306 817 79
2840 9569 4
3429 6720 82
6499 1626 56
907 5742 24
5463 4267 35
545 7200 62
4553 4917 2
4206 189 28
8543 5350 89
4443 1182 34
9445 4806 3
1706 757 47
4774 7924 17
1974 1737 51
8583 9457 40
465 6185 65
8479 9130 21
658 2395 33
6071 1175 15
7300 3002 34
6078 8512 43
7820 1429 61
997 7827 86
7755 5291 2
3993 864 28
1098 3561 75
8979 3654 83
8626 2533 39
9117 7846 16
3900 7175 31
3038 9809 46
2952 7453 97
7589 4401 86
4691 9716 73
5276 4976 77
4957 8836 77
6267 5200 9
9109 6055 53
5467 6593 33
2568 4231 95
9644 3235 92
4611 3638 58
2335 9509 44
2047 8721 88
3077 5802 15
5725 884 41
812 158 61
4269 1568 98
3448 3250 14
8410 5040 42
7354 8060 61
909 7696 82
3325 5129 78
2844 3482 21
2625 2123 48
9646 1546 22
4006 1924 72
9400 7250 5
28 1093 23
5001 5194 28
5450 5952 61
7265 3774 54
6129 8433 65
3320 5679 61
2195 6772 99
1043 3253 11
174 8254 53
1643 8242 61
6271 528 22
2785 4157 100
457 1811 16
6574 7746 56
4861 7432 22
3736 2668 36
9513 6168 79
7989 3936 48
3902 1901 40
7850 5331 90
1617 2533 28
664 2265 52
9570 1104 38
8278 2094 57
1876 8864 73
5512 5465 82
6183 4425 9
5262 6779 50
8801 1806 9
7897 3716 74
3700 3561 26
7719 9854 16
9192 974 96
6789 9513 50
7015 5106 60
2086 7961 87
4037 8556 9
3694 441 13
5798 8634 79
8378 5718 3
8067 4003 99
9871 7216 73
7402 9434 27
8714 4724 93
7542 9818 85
9776 8844 47
8597 8415 62
5509 5154 53
2536 5621 93
8617 2067 33
4740 9258 64
3702 6411 73
1866 1383 92
4663 9350 12
3839 7019 72
690 215 37
9449 2271 42
2588 6164 27
6810 2328 72
1653 6298 53
3497 9041 10
169 863 66
189 5029 72
868 4796 33
7246 750 40
7810 4949 5
6847 9203 23
2933 3762 8
8722 8358 90
9242 6396 44
8265 2657 95
4017 171 59
4742 8934 49
3591 1389 17
2205 5905 52
8919 9402 78
8304 3206 24
3057 4917 98
6137 2879 14
1942 959 89
1736 3640 17
3777 6168 40
2993 6882 49
8486 1934 68
7348 6608 5
3896 6962 21
2259 4466 99
919 4402 13
358 9623 53
3230 2738 44
2486 4406 88
5485 8219 46
4862 7580 79
2228 1170 84
1054 7265 20
5501 1692 33
5560 8300 25
2851 9483 73
630 144 53
5220 7283 36
9297 6962 62
2007 484 64
5484 8833 33
8530 240 32
9771 505 45
4964 7099 75
1361 384 41
3673 4466 10
4230 6608 85
5964 7398 53
1501 256 18
5145 605 87
8156 327 36
547 950 71
7927 3703 21
4240 5032 30
9686 5068 93
5151 456 50
368 9694 30
4479 2997 17
4205 6226 48
6511 2113 18
5600 3763 73
8177 6244 33
4160 4524 56
9210 8074 55
8501 2404 33
4604 5570 8
1343 7310 46
7555 6182 4
2384 7534 60
3544 1351 11
1922 5731 61
4474 9086 85
5385 5254 95
7214 1237 19
9709 4762 22
1056 2766 61
7834 3409 93
7508 3000 65
25 4039 70
7855 8489 58
1664 3638 28
8627 195 87
6040 5619 76
9113 2473 1
9346 4346 99
5438 5032 36
6917 5295 29
4456 7776 91
6867 1758 32
5087 5105 64
7060 240 66
6112 8052 57
27 2791 77
1916 2430 57
6536 7892 66
6733 4806 66
4116 9968 28
110 7827 55
2309 7402 79
4288 1499 99
8220 3253 45
3287 8864 62
8858 4893 39
5728 2778 57
1134 1920 48
9488 4867 6
4059 1554 17
3976 9906 1
1485 4871 66
1577 5949 55
5198 9362 39
4542 4019 37
134 9101 64
9751 1241 88
1917 5898 17
8246 5234 76
2066 9153 66
8908 4871 74
37 3346 38
2177 6751 82
6241 484 10
8775 9679 67
4271 7531 23
1774 4003 92
2765 9302 17
20 6765 68
246 6608 91
3380 2230 84
1637 1232 81
4510 2573 77
4709 6759 26
7568 6951 5
231 1154 35
239 1391 85
6301 6779 29
4421 4822 47
4050 5304 32
3575 5350 94
3005 7170 14
2941 9731 58
452 2533 88
2558 4191 94
3753 2912 55
3166 785 8
2606 4811 59
5372 8878 86
844 8290 3
5943 3399 96
6904 9203 53
3024 5071 78
6602 9976 62
2212 817 93
220 4294 21
7979 3206 50
3698 3588 33
3629 7191 43
8329 5807 51
2456 8185 77
6982 8020 96
2395 3353 77
8049 8716 25
7957 4644 42
4514 7961 50
5837 6226 12
9934 5576 51
9485 6779 27
6162 134 98
1848 5679 6
5678 1730 38
1091 6505 71
5715 7313 22
3349 6497 1
8417 62 26
6869 7264 93
3578 2889 70
1657 2005 82
1924 4668 42
3833 7567 64
537 7682 92
6927 3340 93
2575 7368 6
7730 8841 76
3715 4402 36
7028 3854 22
6331 1278 21
3445 3909 31
8737 461 96
4580 9501 56
3789 4592 13
4818 8934 6
2014 1997 84
8208 9956 3
1638 6736 57
6603 410 40
1282 2768 96
3851 5690 93
5793 724 31
235 4551 36
3502 6061 46
1839 2823 73
4071 1293 40
744 6673 8
780 817 56
3865 6120 27
3871 2470 19
2460 6919 62
5456 9584 16
9149 7471 73
3459 1570 68
2402 3409 87
7494 6139 80
4592 9452 71
8702 8428 1
3231 4861 30
4480 2533 74
2415 5621 80
5704 184 85
3500 413 85
5671 4902 69
1834 1679 27
9826 1752 48
4361 1726 78
9546 64 40
6373 1950 41
8857 863 8
8284 1093 86
6976 7781 14
3375 6805 76
573 122 92
7510 8830 27
3336 3520 49
6360 7673 44
3061 9532 10
6523 7792 26
3755 7303 32
5663 6512 85
9680 3728 55
754 7375 17
8114 7111 55
3924 1719 10
9187 3532 81
4677 2778 94
111 1497 65
1249 8892 11
558 2328 81
7264 8567 59
9942 1763 32
8314 1797 77
9402 5430 70
1526 595 19
5872 999 2
4999 6742 80
7603 5424 51
6245 5796 93
2046 2869 56
9560 8708 18
4432 3509 31
1443 3957 33
5346 5158 1
954 9823 79
1507 7057 73
7188 9022 40
5699 7051 46
7907 3206 63
5999 9444 40
5568 4185 91
6037 9073 11
4713 9600 37
4701 4220 96
4936 6326 58
8606 5673 41
8531 8716 62
1310 9362 91
5708 2769 65
6977 7269 8
1875 3512 26
5540 4533 2
4919 34 96
1230 966 70
3662 4796 27
5208 1839 23
5752 4381 63
6553 8390 7
6124 7567 89
4104 4182 2
1519 5268 17
7825 1040 63
9025 9890 1
223 5864 37
5361 4476 1
5430 5570 37
6485 1554 29
4916 7160 64
7729 9742 71
2137 757 3
2960 1092 100
644 7905 2
7231 4231 79
3127 5873 3
7480 9526 16
3216 6788 26
2548 9221 92
9940 4645 5
8214 7754 74
4559 8201 25
8527 1649 73
488 7076 3
5425 7199 93
6637 3003 32
7472 8459 65
4533 7452 45
7171 5068 11
8669 4694 7
486 7135 62
2876 6816 31
647 2920 40
7559 7246 10
7917 3698 49
1959 8060 14
3027 7085 53
6254 2276 55
3925 5423 35
8368 8268 40
6827 5 24
7268 2032 53
5792 2423 98
8587 9097 72
3007 7167 11
9322 9697 98
7457 7924 67
1231 2456 19
5053 6707 48
2088 6500 55
7126 2438 83
94 9519 23
5787 8567 70
4753 3728 57
6488 7375 44
4112 2823 97
7204 4202 65
7824 7879 56
4011 2238 65
6803 5295 38
9627 8788 68
5820 9831 70
7524 9301 80
1801 8512 47
7453 3235 27
5625 5370 52
5981 8864 14
762 2005 64
7692 1285 47
7715 2738 21
3276 9762 7
7330 9387 3
1341 6459 28
6007 3980 42
7285 4806 72
8595 2430 78
2037 3953 77
161 4112 8
5768 6932 37
292 3841 39
3050 1703 73
843 122 80
9065 5679 6
8632 6908 8
2157 1104 7
8550 6147 34
949 1737 21
5682 6348 18
6372 1045 45
8176 9233 37
2732 3512 100
4329 3897 36
270 2657 84
7057 2375 80
9437 6743 37
97 1167 15
734 7368 26
9480 8564 83
5222 5385 32
5781 5166 13
2058 1479 43
3576 1001 10
8991 7646 40
1337 1776 73
7152 6720 19
6658 7966 6
4110 7111 77
132 2429 47
3160 3512 13
3733 3396 93
2187 6139 48
3564 5385 21
5862 5619 27
4586 733 14
7084 60 10
485 3726 2
1804 5952 76
4909 4413 78
8755 7910 75
7340 4616 94
9585 4796 73
5242 4945 77
6776 9532 49
503 1273 17
6858 7438 71
1402 1633 40
525 9731 63
1719 5407 7
3956 970 37
2422 6126 88
3063 1700 37
2849 6373 59
1864 6376 79
4943 3543 65
1330 2778 69
9540 9510 66
8785 1741 11
280 666 49
703 9745 52
968 9332 46
2550 5965 86
8218 586 35
1236 5455 85
2753 3516 13
3648 2786 52
6371 5804 57
265 4890 96
8952 4401 89
7867 1990 84
6539 6951 60
6936 1692 58
2437 4159 29
5870 6992 1
4304 4202 33
5974 4096 40
5695 7129 34
554 1801 47
5633 8223 98
1169 8101 82
7356 9221 1
4358 1189 91
7809 9298 59
1227 724 18
2343 5304 69
1053 6729 10
1026 372 32
5273 9713 29
2391 8938 52
3313 1573 2
6251 2230 16
5020 1399 56
416 1923 16
6473 1154 65
884 7906 12
6814 484 25
520 6973 95
5493 9249 68
5086 6047 100
7694 6710 59
5995 1273 55
4066 4926 53
1049 5331 83
6167 5460 38
646 5850 65
2630 8219 63
1575 9991 8
1549 9806 88
4849 2972 55
3798 4924 22
6027 7310 13
317 4956 9
3766 4956 57
59 4859 60
2912 240 81
5251 567 22
3620 3250 98
3245 7580 79
2322 4631 67
4579 524 61
5701 7129 86
4339 4704 8
2042 6357 50
3850 2109 95
8820 1920 86
873 6767 94
8467 7481 12
9308 734 87
3341 1923 81
8184 6748 7
6505 484 23
6901 5816 30
3433 8036 29
3706 2966 42
9475 148 57
5615 3271 91
3872 5804 60
9104 744 8
5751 3235 69
2811 3588 12
580 3003 60
9341 4471 5
9336 791 25
4381 4425 21
9477 864 49
888 4821 30
7239 3000 47
972 6759 81
4762 876 18
6279 2920 44
1751 2682 1
7036 9332 77
8763 3746 17
6349 476 74
6881 5932 33
5407 8042 94
1441 5865 49
2569 4867 89
4835 5621 76
2097 5731 95
226 5114 34
8837 1293 57
7283 5347 20
9865 7912 36
8464 4987 35
9123 9041 18
6176 7481 71
4907 4644 86
5800 1468 30
5747 8563 50
2557 3638 83
7628 7641 8
4699 3678 75
1301 5029 73
5295 757 41
7851 5158 42
3040 4112 85
8731 3210 22
6299 4765 2
9500 7840 2
5487 5965 14
8833 7192 68
8379 7682 37
1087 4383 48
8588 7170 77
4889 4592 48
5454 6226 50
4009 3971 90
2730 5980 31
8634 3913 2
4444 7679 21
9470 2094 45
4247 5539 17
1619 184 7
3316 7483 67
9098 8841 98
445 5304 10
6000 7548 52
2616 5424 4
9230 1304 1
2425 5893 15
8621 5932 98
2564 2775 42
2982 5804 33
9134 5570 86
8630 657 7
9744 5952 4
2095 5755 95
9330 5526 80
7985 6047 31
5772 9123 95
7262 9526 75
1177 1399 96
203 641 99
2338 7129 9
5128 6742 50
341 7708 41
900 8180 64
2924 2215 68
8036 1383 77
9286 9089 81
4949 7235 63
9736 7807 49
4089 7214 38
2176 8512 52
3264 5831 92
5213 4425 36
6805 7226 27
3072 5985 49
850 176 77
9578 6078 49
9568 9203 47
7521 733 28
8415 733 61
9084 3874 69
3626 4902 78
8112 2109 38
6866 4796 22
7833 9519 99
1353 7313 68
8328 2429 9
8478 1760 93
9443 1752 5
6659 5154 38
1930 5200 55
8264 5441 93
8139 2966 81
8999 902 88
8341 8602 40
4495 4202 63
6718 8901 89
7770 8983 14
5848 1854 80
9423 8540 11
3714 449 63
1856 447 39
8662 7755 88
260 2095 19
6087 5194 58
5517 6682 90
7304 2849 69
1237 5350 98
6389 5310 54
5428 7823 79
3517 9762 28
2442 7343 42
730 9968 70
6361 7162 74
1029 7912 76
5318 9362 98
6126 441 2
9731 268 64
31 4615 17
8129 184 84
9223 70 27
4493 7019 48
9954 9350 91
4728 5200 34
1038 8965 86
8277 8669 26
6441 3849 74
9125 9745 72
7612 884 15
6311 7230 27
1563 4348 12
6939 8511 74
9808 4251 71
2841 7263 86
2498 2867 29
606 7755 84
7207 7237 76
2977 1950 75
7109 7865 3
5289 7200 89
3880 2301 96
3290 7193 38
3651 9441 98
2226 1852 58
1289 9184 88
4142 9515 69
115 4365 49
7443 3271 37
2016 4068 21
9481 8878 89
5391 2829 92
2857 7677 3
5409 1918 68
2365 3726 27
8118 4844 63
7166 8468 79
8416 443 80
8944 5899 41
3734 171 62
277 6595 39
2779 2217 99
1730 7192 63
798 7728 3
1417 405 58
9107 6406 31
7519 6595 90
2276 4365 27
3857 7563 32
6649 2215 92
2491 7430 67
3928 9387 12
1594 3178 41
3623 7827 7
3682 6624 61
4064 9798 69
9182 3872 72
8853 6005 31
1821 2059 70
9143 5438 10
4658 8963 69
1973 1075 60
359 823 40
3607 5731 64
7087 2213 29
7044 1554 74
941 5873 38
3346 5 67
9159 8637 99
3834 8400 73
5218 6185 60
7032 4644 60
8263 9022 31
87 236 61
3916 1092 100
4319 2144 33
406 6729 12
4752 9738 6
1455 8281 47
6407 2295 15
7947 2769 3
3016 7757 54
9590 8483 46
3298 1493 88
1016 7788 96
73 3858 47
5750 7453 18
8186 4269 11
6384 9795 77
4761 3206 8
3286 9683 51
4678 9747 77
9599 3638 81
8558 1806 66
1352 4917 20
3437 5829 92
9011 8173 4
7001 5697 28
9754 6829 87
8909 4644 39
4554 1971 77
7384 5254 21
2689 4524 98
1824 7471 52
5126 2829 30
9770 2456 56
7155 1122 56
1975 7506 40
1636 2769 78
8846 6742 94
3740 240 54
3739 2413 68
1517 2126 56
6347 3532 61
1137 5027 70
7121 4720 15
9505 3159 69
1761 1739 29
515 9315 98
4243 9976 64
2438 1935 2
712 6161 15
9902 9952 47
6835 6128 44
6654 493 65
4733 247 75
3877 9194 12
4360 631 82
1467 3131 45
2216 8642 68
229 1811 95
7380 2858 62
8084 7170 50
6160 1739 100
4942 5873 42
7175 5032 39
7454 4808 16
4612 2144 13
5138 2941 2
2547 3226 75
3557 898 59
5541 956 69
9275 2446 52
1791 8201 12
6110 4956 71
8270 2889 36
3117 99 87
9957 2611 31
1223 502 27
8512 724 56
9514 9509 29
3762 8654 67
3274 7567 5
3667 594 28
2462 4941 47
4528 1083 63
2355 2668 38
3737 7111 31
1202 1167 81
2814 6620 56
9273 7924 77
4948 1939 52
8494 5704 24
340 7167 34
303 2005 19
8792 4294 11
3783 876 65
6024 8494 62
4169 8459 25
1808 1938 44
1196 3738 47
9374 4432 81
5478 939 6
7170 1915 93
2320 8636 82
9292 7746 36
2871 2301 89
914 5228 87
6831 1315 25
5451 1568 62
9315 4616 63
9157 4592 97
6710 9206 1
1334 2430 78
8765 9194 45
2915 5309 74
1574 4809 2
4387 5154 62
4192 1092 91
7767 8135 60
970 4692 74
6725 6406 77
9547 1700 91
4424 2503 91
4486 9623 84
3552 2170 17
835 7746 27
4513 2404 81
5830 2453 83
444 7402 45
757 7230 25
3161 5032 66
6892 699 68
8532 7160 95
818 6962 79
8354 6147 34
9213 6711 65
3756 2179 6
8645 5407 58
5489 6147 2
797 7089 47
6067 5441 98
1737 5577 84
269 7481 8
4437 2651 1
9591 6331 94
3415 2775 69
9894 7214 32
1731 3697 28
384 3281 26
6784 4917 25
4375 9906 63
9408 9931 93
3721 9437 96
5852 5373 80
2526 3911 75
248 5 40
4300 70 93
3423 6981 42
6698 9258 85
7383 1604 97
5130 688 35
502 6649 81
6954 1934 66
6915 9600 24
5907 2849 71
4041 7580 45
1015 5728 42
3019 6499 34
7724 3235 100
8117 7310 2
7274 1242 42
7762 4267 63
8526 5796 84
3192 4404 95
232 2295 36
1181 1682 54
511 3827 50
8056 6673 6
916 9974 61
7135 594 82
8766 8236 33
455 9387 11
79 2265 12
1405 4334 61
2939 413 39
7313 2861 19
459 2511 30
3155 4202 16
375 3662 86
7053 4472 64
9380 9269 47
6951 8654 69
8286 8540 38
8493 9440 61
3521 4035 82
5306 6951 33
1994 8135 75
1712 5965 75
7668 6627 31
689 493 84
2190 531 27
207 8415 37
4823 4676 59
7583 4225 75
8521 8538 66
7743 3012 6
7840 9452 78
9299 6949 4
4778 8203 35
548 1737 2
924 9437 63
6085 2215 11
2337 2766 48
6911 2963 72
3752 7967 67
5400 1806 54
4478 8136 70
2834 1429 71
655 4694 5
8283 492 95
2872 5608 37
4139 3516 26
4463 8112 99
6818 7865 24
7056 2657 29
4398 3235 58
3835 8180 72
5490 1953 40
9031 1918 34
1233 8512 54
4931 4381 20
6300 7530 16
8865 4019 55
1700 9483 68
4268 290 5
4194 7431 100
9349 8965 100
2423 316 18
2931 7022 2
8882 9601 88
1003 2869 73
7600 5568 48
7631 2 4
5194 7754 46
1389 9131 95
5620 4462 97
9103 9968 63
7909 4496 58
8289 3235 81
1395 688 52
8968 1121 68
9935 5029 2
945 3174 18
182 7679 23
9130 4068 16
3780 7599 6
6657 9906 86
7688 144 68
5612 4334 81
8955 7173 63
3679 750 45
1978 2366 57
5292 2438 79
9359 7019 83
8147 9373 32
7889 7334 8
8667 5229 14
2201 8268 13
2207 3493 77
2685 5331 97
7119 5295 13
6335 2267 58
2200 9301 22
4884 8564 21
7735 4425 7
3996 1189 45
4984 3957 9
9473 1167 51
5970 4245 7
2141 5567 56
1392 6649 1
8351 8101 55
6260 1383 4
6052 9022 99
9435 5606 49
9383 3340 93
3738 1855 100
8525 102 78
5068 4890 57
8998 6500 9
2530 5334 80
7390 4406 27
4027 2668 46
4932 2879 86
4903 950 79
1508 7863 18
2556 6182 88
3365 7906 31
3609 2302 19
1307 2430 24
1800 8356 15
3701 2775 35
8889 6593 28
2497 1077 76
4890 2997 73
6181 3981 76
6411 3516 70
1356 8358 83
2305 235 17
5350 9097 7
2135 1072 2
5736 2322 94
9642 8667 81
9674 3210 80
7250 3969 38
2352 1193 34
5089 6772 86
6165 6357 49
8367 3169 33
1659 9097 90
2067 9513 66
578 3109 57
6580 4251 17
1926 4220 13
3113 4348 75
8421 4861 14
1024 5931 40
5481 2267 36
6769 2312 73
5079 1238 58
4888 3350 97
2584 9452 94
1221 8294 43
2380 6593 1
4934 1479 46
8044 7022 59
782 9298 91
7512 7708 76
1746 9518 40
7695 998 32
3345 1634 82
156 3434 72
4373 5049 63
6697 2674 19
1064 9751 98
2349 2778 41
978 7879 10
2269 8186 80
6568 6259 69
1937 6226 8
2640 6326 89
9211 2443 81
9184 6788 5
3849 6674 40
1740 3253 30
4674 1399 47
4672 5248 11
7076 7724 94
4832 1278 92
4003 3849 3
4968 8997 8
2555 9041 4
3598 8254 86
7208 6285 81
542 64 28
9296 7193 32
9893 7471 23
8057 3840 63
8879 2879 4
5836 123 38
8353 1633 94
332 6992 84
8751 7599 44
4008 9859 52
8734 5228 62
2183 8772 47
6526 9716 62
3645 9452 77
1711 3914 94
3407 2381 93
4539 561 11
5908 5947 5
3947 4806 28
3277 9513 7
4144 9600 20
3587 8039 16
5559 1861 15
3010 9600 11
1954 5071 38
342 4811 19
4810 8180 94
9100 8419 37
3977 8363 16
2892 3738 49
565 4112 58
199 884 47
8881 4245 42
3538 2271 65
7509 9547 20
5427 6047 33
1184 5667 35
2504 9976 25
8958 5619 99
1287 1953 68
9786 7310 75
8258 9974 18
932 8300 75
9051 6164 69
3579 2963 100
3708 8642 66
4094 1285 28
7438 1475 80
1212 5676 35
9317 6962 2
469 1104 41
5108 6376 91
6632 5776 42
6252 4551 53
8914 327 54
799 1093 52
7997 3631 23
3422 7250 49
6422 5013 31
6560 6788 55
913 8468 91
8849 5315 84
2718 1534 18
4918 4524 70
7361 1435 68
5436 9549 24
3773 1278 75
9369 5899 73
4000 6788 36
1576 2295 71
2311 6030 18
484 7192 66
7931 7792 63
8228 7067 63
927 2854 17
7236 4181 67
2493 5802 32
3613 5455 29
8535 1493 13
2963 1487 44
1077 3052 39
8180 8708 88
2538 5568 34
7353 9526 29
1572 2330 60
6562 4976 31
5032 3440 57
4083 7111 47
1646 5955 39
7433 5770 96
500 3281 18
3003 4945 84
3860 8478 61
2677 574 42
7286 1997 40
6967 4993 88
1843 7269 35
267 6962 92
610 2668 32
7681 4181 86
3151 8203 7
195 5238 40
975 6128 70
3983 1626 21
3514 9806 15
6738 4979 85
732 3840 29
4989 4867 13
5816 31 9
2138 7368 15
7058 8602 55
5193 4178 36
1323 6992 77
858 9830 67
7904 4644 24
6745 5291 75
407 7905 1
6825 667 100
4960 1736 13
6880 3937 36
4399 1487 29
2767 9017 89
1267 7511 3
8575 8637 37
9873 2651 1
3827 8494 93
3082 998 2
5444 6660 16
8691 9124 44
7232 5721 12
3323 9101 54
1907 3652 57
5197 4924 46
3554 9532 5
3052 392 33
4897 6337 33
8829 6617 76
3563 5697 27
3782 9745 29
5033 7129 28
5238 8295 31
9874 1990 17
2886 583 56
5499 5304 58
3810 7307 72
1835 4924 94
7968 3041 100
2464 7720 83
9441 8064 13
3776 8545 17
7868 4844 15
4793 8540 48
7147 4413 81
5231 3542 70
6770 9588 50
7230 2170 8
2756 410 94
7704 2520 3
155 215 73
4608 9762 9
746 9543 97
4471 5360 41
8089 2438 100
2162 6296 67
4029 9458 89
3302 5742 55
1448 9674 39
8698 7307 3
887 2490 41
5697 7358 39
5629 7283 99
4093 7230 71
1150 5893 44
5166 2668 4
5874 1934 76
8738 7226 35
7029 8836 88
8901 2466 15
5846 1176 65
698 595 5
6931 3206 62
379 5601 19
5101 6624 41
8000 647 21
5048 8602 95
6243 9184 28
9375 6949 52
9605 5679 94
1111 1700 53
4566 4796 37
7746 1583 98
3879 1918 32
5685 2059 4
8994 2997 41
194 1971 30
7145 8721 49
3293 7318 76
3750 9123 35
8087 1366 76
5098 3937 85
4910 7879 64
2136 3435 53
9105 5148 85
1860 9783 76
9823 8974 55
5773 1193 5
9093 4259 36
6121 5555 26
9415 5194 29
2056 148 73
874 4211 26
3458 4096 43
7761 8669 20
6705 8833 61
1831 9906 69
788 8489 77
9068 7846 26
9319 3134 6
2999 6147 47
6624 3174 17
9128 2533 54
4366 1590 1
3627 2484 33
3473 902 45
7344 7175 8
3328 4035 44
32 8490 88
6821 5282 20
1615 9131 12
5920 8490 64
9309 7967 85
942 5756 95
1101 1528 83
6706 9258 91
3017 5821 82
4411 6595 20
3692 7755 87
35 4406 74
6856 9747 32
1075 9738 74
6717 9513 43
9099 6622 2
6045 2109 93
1925 9362 6
8686 1182 74
5845 8060 21
6420 3858 45
6249 5360 64
3890 5414 94
3621 6641 42
9307 7048 46
4415 6010 88
814 7649 19
8551 9130 18
9938 9401 76
3247 7588 46
9124 139 3
2362 7868 32
2601 9956 16
6258 9958 99
5448 728 29
6189 619 67
3599 5175 90
6916 4172 77
796 2404 70
1331 8602 59
6142 1969 19
7398 1633 36
7376 8465 41
8725 1811 18
1252 1554 62
9765 1093 21
4914 1934 7
528 5455 29
219 5503 56
7630 7320 44
929 1475 12
9868 4553 3
756 9298 67
4475 9568 79
4345 994 6
9537 5351 84
8365 624 97
5808 1746 73
1058 8612 9
65 9434 81
5796 5175 66
8439 4778 53
5960 4553 28
990 4231 93
6589 2302 69
1083 5598 50
3918 998 94
9573 174 96
3972 9073 69
4292 8494 25
2080 5807 63
8463 5755 21
992 667 17
9290 2929 37
7253 1867 70
3285 1351 10
2817 8699 31
6047 7776 94
5323 6244 87
1923 384 15
5674 1175 85
9805 4068 16
1187 9434 17
2069 4269 90
6444 4854 66
3133 5667 38
2499 3872 91
9677 666 51
3169 6788 93
8886 9854 13
6482 2661 76
7269 9890 61
3572 4720 11
6771 3831 83
9090 4172 4
3695 70 57
3085 5576 29
7533 6520 31
872 5029 8
222 3663 71
8990 9547 30
6106 3766 94
8404 6759 64
3661 5576 99
2114 1383 29
6782 7649 75
785 7781 50
5397 3131 41
8779 9547 53
3693 5037 40
2440 5838 65
2021 493 43
11 5977 27
2245 8669 83
44 6946 10
8499 5105 36
6147 6285 81
9899 8706 88
9875 5667 2
2178 6459 9
1469 5980 29
1415 7265 16
496 476 57
5969 7567 63
5099 5691 54
5394 8983 15
8884 3260 91
9447 5268 50
247 8390 20
1203 5676 48
9311 6951 63
1084 327 69
6631 1237 17
7819 7720 8
8287 9809 32
7854 5503 32
8142 8637 47
116 5802 38
4108 7506 98
7663 4211 26
7064 5821 27
6396 3159 68
9110 5492 14
4670 3078 61
5379 469 25
2890 9501 45
2666 8938 14
3772 1280 50
2171 583 58
7201 6169 52
2122 2238 12
5281 8770 23
7720 9534 42
8997 7431 40
7389 1696 65
2825 4003 43
632 3036 59
4200 2503 89
4309 6259 73
2299 4045 50
2898 3204 97
3054 2106 38
9740 5407 21
5063 25 82
6943 5438 70
7606 384 55
3528 3071 84
6627 5414 7
9063 1352 39
5669 8911 55
8261 405 42
6240 3827 39
7657 9201 3
3228 4172 98
3123 3774 41
5749 876 77
9698 5154 44
7974 3640 94
2327 8830 81
6128 3346 96
6635 2941 37
8589 2657 98
6758 8567 54
8224 6136 35
6778 5807 23
7565 8281 85
5327 6505 61
2450 2453 81
402 7755 37
7337 8669 56
2479 7906 65
8757 1293 57
9121 6489 6
6639 8666 30
6073 8911 11
7458 2657 93
8447 3169 6
8222 1797 90
4985 7331 79
5288 3369 23
9198 3260 50
9207 959 32
1198 7840 28
8152 2888 26
7075 6482 20
8429 898 55
7814 2217 53
5834 1528 75
1966 60 23
4549 8036 100
7219 6128 11
2409 6627 97
8542 3482 48
7573 1901 52
6938 4274 91
6522 9022 73
2988 2573 7
3818 4444 7
6203 1366 27
6935 9418 49
1745 2929 28
8001 2693 70
9528 9269 23
9672 7453 77
9799 1333 39
4347 3174 94
3164 2295 96
2713 3253 26
5206 2561 4
9756 3246 10
7413 8528 59
9120 7453 90
1620 6169 86
1738 3078 96
5962 8612 75
9418 5049 5
5597 7199 15
4123 7269 64
188 898 34
9708 6298 68
2035 8042 68
3154 2912 30
7107 9312 44
2670 5710 20
1359 5690 64
5840 7431 63
9220 1919 36
2011 9302 88
9414 8294 62
5433 4993 17
7983 7226 30
9522 9623 25
5120 1123 47
2053 7720 86
6272 936 36
8297 6882 67
6877 2312 23
5132 561 43
7518 1806 1
5241 2251 74
6857 4112 29
5626 4346 79
4340 2251 10
5013 5176 93
2676 5865 23
9106 6411 67
347 1567 63
351 600 25
6601 6767 55
8567 490 20
2981 1075 37
7604 1570 15
4458 6942 92
4667 2879 74
6909 7679 20
2995 9683 19
2894 3226 77
2439 6 26
3825 5726 80
3644 6816 22
9226 4245 34
829 7967 9
9368 9686 65
413 25 13
5606 6185 22
5055 2215 11
3237 7298 66
9016 3708 11
7845 1797 3
4174 6459 55
996 7162 80
4589 5821 50
3683 7197 51
1654 688 60
8031 6704 38
4118 1752 95
9930 8135 58
7199 9650 20
4344 8297 87
3284 4281 38
7952 1997 77
6096 9731 30
6327 4704 66
7021 6759 23
6296 5555 17
2233 2511 55
1702 3941 55
6341 9519 20
9647 1075 95
1901 9514 43
7506 4778 74
8984 9269 80
2761 4348 46
3348 8390 73
9197 1573 27
2036 6782 70
7223 1399 6
8951 2611 62
3094 2519 55
3153 5832 26
1778 5011 76
1165 8271 14
8956 4172 56
4257 99 53
8322 5310 17
7355 7263 11
6391 6608 22
8206 1736 62
8151 7246 88
9195 3717 39
9559 7640 77
5338 5539 29
5590 6805 83
4906 2573 82
9314 8911 18
4172 7114 90
2744 3178 34
5819 1633 16
7366 6985 72
7541 3169 30
1193 1604 27
2957 2208 85
362 1253 29
1122 8538 6
154 3985 88
3455 2769 57
9534 2520 60
1152 3543 80
5946 5166 4
3206 8071 12
6897 6660 3
4409 6707 43
8922 7781 48
212 6128 59
5613 829 75
832 5032 92
1149 5407 7
2083 1567 96
8390 5873 95
9018 8281 91
8009 31 39
8424 1604 45
5582 6071 4
6467 5665 2
6454 2768 29
653 998 89
8515 2318 50
6613 4472 32
1997 3434 43
3915 102 47
4505 5138 97
4328 5175 37
426 4941 4
700 2466 53
7153 7548 5
8402 8878 75
3131 1604 9
9714 6951 21
51 2413 74
7258 4245 79
1117 8301 28
6766 1167 57
5247 902 42
5322 2879 10
9692 5114 70
2064 7067 50
3394 641 3
4130 6242 4
1554 1182 98
2709 8102 59
4826 8899 91
8600 5704 41
2041 392 86
3244 3631 7
185 1811 87
6190 6759 87
6367 157 3
2877 3763 71
9167 1383 14
4485 9558 27
6958 6149 31
3669 9457 81
5152 2573 61
5783 5980 8
9387 6949 74
691 7250 14
6520 8180 79
4155 1001 43
4685 5408 18
8845 3872 82
4143 4524 18
8895 2533 15
6237 6620 77
8808 863 95
2100 7879 11
9200 9900 16
7721 1692 84
5932 7708 10
2989 9968 56
2955 4182 72
1655 5174 42
2181 8363 26
3209 1399 4
6105 4918 86
8862 2561 51
5315 3872 24
729 7114 37
6578 3277 77
9074 3774 41
5634 6406 13
141 3099 8
7700 2375 32
6652 898 37
7911 2879 75
7544 7966 41
8406 2784 11
427 6743 82
7611 8545 40
2411 3260 35
3784 853 57
5652 6164 4
8504 2301 80
4460 4668 13
6316 6782 12
7773 1167 73
7004 6951 50
9842 6406 83
5761 6154 31
5569 2541 63
7829 148 85
7647 6331 75
9589 5408 100
5578 950 89
6571 7663 30
5092 3720 46
8977 9731 84
1463 9194 52
1961 9965 51
6170 1092 24
8545 2330 56
1312 3726 15
7405 7191 6
2589 8637 11
8272 447 66
9146 5755 41
9177 484 19
513 1001 65
5686 4524 81
8082 6660 31
4522 9531 31
181 3399 79
8697 2490 16
6157 1801 38
3048 4658 53
7966 9022 85
7870 3726 78
6723 6499 46
4386 5176 82
7436 1861 11
6191 8934 29
4263 8611 9
5687 7599 88
7871 7961 61
7088 3953 22
6025 9228 89
8730 245 14
3279 574 28
8199 2573 97
3637 9345 83
5515 7334 39
9722 4466 28
6415 7438 20
9304 2208 77
4840 3494 4
1955 1830 61
5539 657 14
9403 7821 66
7501 4856 74
3326 4692 10
8193 4616 21
4926 5403 42
4042 4924 76
9495 6373 52
4969 4157 48
4585 8419 32
4668 5721 63
9802 3624 48
5 4128 99
837 3899 63
2698 9022 89
8625 8711 15
7116 8545 86
2638 7170 46
1374 7506 48
2783 3638 48
4521 595 75
3297 4358 34
6205 7279 67
3646 318 47
6321 2230 50
2818 5490 57
3268 9694 66
6194 5294 84
4833 3988 43
1815 2126 96
8305 7792 8
4856 1189 70
8789 9547 100
2830 501 4
7403 1333 11
2405 5953 73
3145 1534 91
9835 9532 60
5030 5040 26
6584 6949 60
8739 2217 24
2707 3260 24
8326 3678 13
569 5898 18
3748 8460 57
7051 5027 26
302 7331 69
572 2541 81
2572 7170 71
1633 1971 78
9950 9549 72
9111 4902 2
8162 7205 55
4629 5864 31
7498 5898 34
728 6932 89
1453 1696 40
3128 4319 76
7625 6886 45
8783 1633 81
8491 235 74
5983 7199 56
1583 1351 34
3569 4976 8
7653 6459 69
7716 2929 68
3438 2032 75
2385 9686 48
1416 9622 69
7197 3936 59
1458 9202 92
9446 1752 48
5217 256 3
9905 9650 44
7937 8223 9
490 7481 7
1271 2965 41
4391 7199 71
5165 1154 89
5263 8223 25
2586 4381 6
5729 3766 55
7241 4704 13
1119 7863 40
7222 7923 88
4307 1626 48
856 1383 22
1154 9569 51
2006 1746 39
9897 9483 8
8920 5831 70
2962 4413 35
434 265 47
4238 4181 28
3474 7453 85
9880 6161 44
1586 5166 26
7074 2786 14
1861 8716 2
6928 5282 50
6168 5718 39
7571 999 95
7806 5802 35
1011 3858 38
6173 4381 53
5602 5434 58
4770 2375 47
4367 6886 23
262 9185 71
7908 7114 4
7211 5594 66
8912 7067 87
1384 4401 65
1364 4259 88
4325 6595 65
8323 5438 84
8428 6007 83
1222 3698 21
2805 4556 51
5588 9441 30
7106 34 92
3270 5776 96
3671 7200 49
261 8803 24
8769 4466 82
2370 1855 84
9088 7237 10
6423 196 72
5865 3937 10
8072 9674 2
9294 7175 1
7256 7976 44
8982 8770 62
1918 7548 43
423 3542 70
6991 1776 14
3681 7588 20
160 4821 13
5437 9568 53
3389 3726 14
3822 9974 62
4382 1852 98
1769 2230 64
9067 5832 85
6502 8533 62
8025 9296 11
2582 7892 92
3562 4045 12
5637 6023 11
3811 4077 3
4056 4902 4
6284 4245 52
5719 9549 43
9539 4941 38
4599 1830 40
7671 2330 49
8101 8415 5
3732 2879 39
5452 2573 86
2112 8465 58
7030 1241 66
2716 7200 19
6794 624 8
6236 1351 39
8422 1741 40
9659 3899 56
5419 405 82
7552 1241 84
3967 8667 25
7723 1093 30
2958 9194 58
8438 212 96
3741 90 39
6089 290 90
4241 9315 45
8553 4551 14
2701 1737 48
9924 8528 95
7240 5679 51
8932 2369 8
7016 7446 99
3391 3562 82
7914 5770 89
6029 4496 90
6451 1285 1
8654 8788 45
9706 4815 71
5966 2429 51
9866 7398 24
5864 2794 47
6442 8567 6
4065 1652 27
2914 2972 61
8427 6593 31
7089 4890 68
8996 3353 39
8051 1232 98
283 4432 51
6012 5621 6
8302 5428 62
9476 3624 61
5067 2682 46
4152 5718 20
3495 1300 91
458 750 98
6419 2786 63
1889 6740 52
2553 1479 8
2447 9325 90
1085 6070 47
5894 5158 31
2771 6139 65
355 9683 17
3677 7961 96
4689 8185 36
3137 7724 40
3982 4579 12
7481 4871 61
7190 3708 50
4508 6617 24
3932 7767 87
6785 6520 11
9291 4694 22
4654 4516 42
4198 3109 87
4086 649 46
4218 9783 48
6262 9510 34
4070 1554 58
1207 2276 55
2509 2963 77
995 7173 25
2379 3909 63
6114 1604 2
4991 5268 69
6799 5305 76
1982 31 24
5136 8020 97
6156 791 56
7216 2328 30
1753 6497 16
8333 2775 37
8541 1528 22
8216 4274 9
9460 8290 45
1462 4077 79
7290 4966 5
4558 3340 87
2699 5865 98
5753 8254 86
1541 829 1
6596 5438 41
3092 8847 32
422 5248 62
3639 8859 65
2060 4724 37
4606 959 30
8448 9298 84
4338 7865 68
8316 5414 56
4419 6729 94
2966 5200 33
3990 83 28
6636 6312 21
9507 2889 29
4820 9419 79
9133 641 48
7919 6737 29
8457 6919 24
6086 5438 9
8518 5953 39
522 8112 99
131 6070 23
1584 2674 63
633 4553 58
9164 9302 68
3435 4084 2
143 2059 63
4754 8844 25
3493 2969 60
6202 4593 23
6742 9263 98
2116 8489 54
7616 9130 53
5072 3386 97
2544 3014 34
3221 9325 82
7259 144 60
5771 4181 39
6164 9029 100
8276 2941 35
1502 9374 92
9824 9694 41
6159 1700 83
6887 6932 65
1729 8173 35
9382 2861 33
8232 9301 14
6664 7640 48
9650 9194 56
5164 2573 43
594 9806 29
339 8878 86
1166 3003 13
5497 2404 27
1679 7498 21
6149 5905 71
526 9041 2
3482 1167 85
2804 3763 77
4712 4808 59
1817 757 73
3377 8036 13
9906 7274 97
9898 5095 53
1510 7452 50
4575 9600 30
813 6259 27
4184 6751 14
3642 7966 94
5623 1237 22
2048 7640 81
7902 7827 74
2130 3937 88
1616 6932 75
9710 2867 19
917 4926 30
4087 6376 91
1008 2769 8
7798 215 28
8665 6829 21
9867 583 53
8500 8052 10
4813 9263 44
7295 574 90
1949 1935 45
5285 5526 67
5514 966 39
6479 1304 100
3196 8225 33
7317 2966 26
2831 3909 15
9655 7279 30
8225 2094 42
9943 5673 90
4281 9185 11
5192 6326 50
2562 4114 12
2687 1092 18
6885 688 18
5093 5565 96
9201 7649 32
387 25 18
2602 7673 74
1546 6159 38
214 4334 6
6896 8297 52
2865 8380 66
3486 2907 24
8095 9402 92
7567 8637 96
9918 5831 93
7959 5032 92
4855 476 91
6200 4285 23
5833 8788 2
1071 5152 13
5906 2330 47
5866 490 50
9610 4114 70
544 9194 25
1509 2963 3
9222 1953 31
5038 3827 37
2662 6617 65
9840 6373 16
2897 7160 71
5786 4185 39
6566 4319 43
3307 1528 38
4287 9549 78
6374 3738 63
1810 6497 7
128 9999 39
7659 8913 68
952 5068 48
5012 8478 46
7157 9823 78
5345 8538 36
3888 5200 43
1604 1242 72
579 2941 9
234 1383 78
8166 6987 55
8023 5873 90
7756 1604 14
3021 2295 79
654 9931 71
3305 3840 5
2082 8933 27
7098 3003 33
6426 5106 49
2119 8225 10
7615 4182 20
8560 8428 78
2727 1692 4
5410 2766 28
8495 7776 39
3582 1670 62
9272 699 74
1492 5114 98
4966 1649 12
9127 8789 93
7251 2811 75
1661 4220 20
4207 5816 27
7534 5148 92
6421 3911 3
1561 6992 1
8481 1373 60
2987 5731 31
3364 3766 67
3962 561 22
8183 9440 2
5169 2182 12
390 1093 36
5813 6919 9
6458 7007 41
8674 8938 59
5432 3899 16
3363 7531 27
2250 5945 64
3136 4615 25
789 1990 64
7310 2907 47
8038 7214 76
153 7114 87
1243 9896 30
2869 3256 70
6072 9176 63
1435 9991 61
8562 4178 61
437 5304 58
1465 5667 98
953 7099 29
8109 998 81
7685 501 9
6964 6759 94
3803 7082 85
8910 5830 55
533 6767 99
6732 1855 35
9464 5158 72
4062 2466 57
1488 7807 36
5370 3739 21
3923 171 100
861 9194 85
1220 9697 99
2334 6497 20
2474 9315 91
555 9434 93
16 3399 15
9114 5138 100
5650 2381 22
9407 2106 8
4801 7724 70
196 4777 87
145 6674 5
6130 2328 66
2253 8669 47
7753 8833 16
3029 7669 93
5137 8864 3
781 5676 27
7857 7057 64
8505 6259 95
8894 2095 44
1178 6945 81
9256 1167 12
973 1189 60
5054 8669 50
7860 1736 94
4276 3520 18
1001 1935 40
9518 7129 63
1830 5558 70
8923 4003 80
7374 4762 8
6216 9302 85
5225 5004 77
8925 1649 67
7903 922 35
2161 7906 58
4540 125 26
3372 7807 17
7566 7669 64
6320 3002 19
4974 2466 91
7095 902 42
7838 818 62
8937 5905 24
5388 5310 29
4911 4192 30
8030 8556 42
2191 5980 52
330 82 17
8987 8390 76
6109 4936 73
5058 4616 66
2904 4211 79
6544 9705 82
2029 6023 91
4824 959 99
2465 7708 46
8398 1232 37
1874 2481 19
6259 6740 50
8640 174 80
7298 7410 68
5154 3271 75
306 247 72
9060 1670 1
403 6396 45
9747 586 59
4055 7330 65
7595 9302 55
4724 5830 13
2945 8060 5
6453 4425 8
3966 1285 98
4690 6183 25
8514 4035 85
7560 1175 30
8021 3435 86
5869 7663 3
8016 9393 94
2070 9241 48
1390 5490 40
5342 8609 89
1188 7436 74
3314 3346 1
9643 3899 62
933 5294 68
479 378 27
2508 219 38
3000 5029 63
1852 647 11
69 1752 27
5649 5905 58
4951 256 44
9171 5174 41
6275 6446 12
1044 3109 96
4148 1475 1
9575 9241 23
3534 5414 99
1208 2251 28
5658 5889 98
6172 443 6
8113 6685 6
5690 9747 90
5472 9228 51
5443 2144 26
6298 853 23
4882 3827 47
4324 5804 64
6806 6966 33
5886 4579 67
2452 7214 39
7661 6337 32
7281 4192 13
1270 9991 2
4191 966 13
956 7431 95
7582 657 8
3898 1915 63
3593 2220 86
1159 8433 61
8239 5068 76
8137 7728 79
7570 4471 25
7009 667 69
218 9927 32
4190 171 22
7185 8807 65
3106 7430 26
618 5254 23
5769 8466 41
6802 8410 45
9206 4644 79
7244 2251 83
3907 3988 100
5727 2404 59
5022 3957 20
713 449 33
1062 1852 81
8590 2109 3
6533 8338 22
6193 5125 18
8764 7022 12
9289 6729 38
6493 3520 98
9000 318 62
5818 1075 16
136 7880 12
8361 8741 2
6220 6226 40
4132 8420 53
8107 1366 14
1672 6182 56
3227 8836 20
6715 1723 2
4697 2651 13
1760 5576 36
8938 3872 67
7673 5236 28
1794 9444 27
8646 3052 65
8376 8913 42
3986 3697 19
9521 2965 36
1256 3250 59
1564 5408 84
5542 4941 57
428 9532 84
4613 5315 25
6604 9762 21
3875 5594 8
5461 4096 65
3624 5166 93
3749 3720 97
6838 5331 87
9621 7263 88
6872 245 21
6079 5539 37
281 4844 66
396 8180 70
4648 561 66
2913 2017 36
5507 2854 80
8547 8847 6
1080 2251 65
8201 2265 2
5405 3246 35
8771 7708 58
7059 6685 18
4643 1351 76
2371 4191 13
7424 5802 99
5579 2519 6
6561 3911 47
1591 6147 33
7722 7216 17
5172 4131 98
8967 1299 15
7019 4724 22
9668 4926 60
2209 2829 31
8936 8297 17
7312 5601 40
3125 6912 1
7574 9184 49
7414 9974 73
6816 4889 16
8529 5 88
5930 1468 70
8890 6767 91
2766 8602 25
9857 7905 40
8680 7781 12
1945 1590 86
6115 7473 98
8729 8468 56
1666 3985 84
4020 8741 59
2146 6973 55
8145 41 50
1478 4112 75
6091 4859 77
7062 2929 87
5746 8035 35
2278 891 43
540 6942 44
9163 31 72
1936 196 12
7191 9359 9
3664 6987 82
1377 5899 97
2398 2085 82
6653 2969 44
5611 4889 26
839 744 37
1869 1285 56
890 8666 62
679 1429 17
6080 667 53
6521 3726 91
8344 3036 42
2332 1741 71
5260 7192 19
3457 8965 37
8317 5385 91
3800 8301 43
1896 2823 99
9020 5347 61
3891 4821 62
9406 6981 16
9920 4050 99
3764 4867 22
9541 8711 20
8185 6737 2
56 6183 57
4496 7114 91
2403 7192 24
9136 6660 15
6622 3670 38
9689 7311 8
9679 2265 13
6201 5728 87
9431 1187 22
6919 9296 82
5062 502 10
1780 6489 78
6425 8654 28
8915 1253 57
1019 4159 66
4147 3739 77
8706 1692 5
389 649 38
7526 4856 6
8356 2381 44
2019 8039 78
2388 2861 58
1799 574 27
6266 8501 61
8473 4182 30
7225 8064 21
8695 6620 59
2613 6751 84
7841 5775 18
5335 1154 27
4745 7123 25
6432 6743 69
9779 1429 38
7035 4050 70
1173 1923 78
1934 5236 19
6020 876 88
8561 6951 93
7094 7588 54
6416 9202 24
9059 7471 65
1017 3831 6
4072 4003 64
6532 7534 55
9859 9798 93
5147 9623 49
4795 9296 78
4797 2791 7
2936 734 54
7563 9588 44
3840 8666 34
3424 6710 11
1742 6322 32
2107 6157 8
6387 966 79
7018 1703 69
5980 4404 33
2478 1122 10
7097 4231 73
8449 2784 67
5945 4068 76
1333 2345 65
2708 60 71
8916 8556 43
8034 7827 87
4233 5830 5
7473 7708 60
5075 2511 87
2210 4365 35
5759 1176 42
6959 3562 9
7490 6788 29
5824 4777 79
8092 5408 58
78 9830 45
5011 5200 49
4286 8963 63
5334 2430 74
2566 6886 29
3933 2366 37
3453 5912 75
6239 4955 62
4673 8711 81
9789 6036 16
7416 392 88
9904 9806 55
9263 5715 57
2117 9824 66
6247 5898 26
4045 1001 95
7958 5234 7
408 5301 44
5927 8111 6
5358 4259 76
9796 9074 76
876 235 24
1480 9679 71
3185 8294 13
1627 2109 19
3098 405 25
6100 4359 97
4091 7620 58
1386 1273 23
4928 3434 52
5051 7776 20
3625 9650 62
8293 7518 57
7930 7099 94
773 5679 61
3628 5013 80
8358 8225 19
8602 1971 91
8255 6951 25
4353 1910 82
3894 5775 58
6059 1075 79
5351 59 82
8135 8418 6
5029 2503 90
2659 9393 78
2970 5385 80
7682 1830 20
7706 6060 24
8489 5408 25
3360 3206 83
72 5049 59
4164 6985 85
5473 9228 66
9436 6682 48
1125 6154 35
9302 9206 34
6946 8892 40
5403 3052 43
7572 6620 36
2661 8201 57
5226 9518 15
3252 9890 13
682 2963 4
6328 1703 6
4963 6748 24
1445 2838 16
1647 3738 2
5972 9315 2
5426 3652 77
1052 9263 66
5913 5407 13
3963 3235 63
8015 2330 28
8554 3335 91
9492 9896 26
4904 1429 38
5115 2661 10
5627 9349 88
8268 4644 58
9056 7481 21
4997 956 58
5007 240 21
8841 189 39
4980 290 4
2073 3071 96
6468 7214 72
5143 6742 68
367 2920 29
8040 1468 46
8459 5606 7
9343 8608 58
7975 4172 36
9023 3071 23
4379 4108 46
8692 5232 58
4628 3830 100
6765 6 58
6559 5152 98
2910 744 76
9325 1123 75
600 6829 2
186 1176 2
4650 6654 77
7347 5980 74
1618 6627 75
2453 7303 7
8291 3041 18
3656 5589 77
8716 1077 100
7209 5315 37
6235 8657 1
4933 6707 76
8005 2276 38
4913 3231 14
6832 476 94
9152 3277 74
1421 1737 71
6530 3652 100
8153 6720 88
4657 6424 45
2068 5893 20
6246 6620 24
6196 1776 11
5468 1726 70
7418 9393 94
8571 3078 30
4617 3858 30
9618 144 69
3073 5403 79
6469 7905 53
5967 7076 59
3804 5385 57
7470 4220 28
2173 7358 45
2488 5775 62
9601 7754 11
4925 8642 37
6517 7877 77
1179 8833 62
9657 8938 34
3199 1910 66
4224 9350 6
2285 6036 67
741 5526 51
9140 9823 44
4715 158 11
4297 7781 46
7525 4809 15
36 4593 83
5076 5558 71
9801 4365 81
6265 6326 54
8144 3720 21
9489 1375 31
9941 5403 97
4660 3954 32
8658 5776 99
3938 6348 21
4536 4068 77
7831 7679 61
5993 8052 91
2054 5850 71
9581 9547 68
2401 9601 60
8373 7200 42
9478 3542 85
5382 8721 56
1246 3941 77
3726 8741 83
2734 196 7
350 8238 37
3403 2 69
1983 8716 41
314 3353 76
7463 1573 1
7915 2429 27
6475 9547 24
127 3988 15
9469 9509 81
1397 5004 25
4975 3914 52
7823 3937 100
795 8300 61
4483 59 54
3102 688 78
6836 5905 57
6575 4267 22
8868 9526 69
2270 5977 76
2852 5040 20
6339 1278 13
9077 9806 38
6556 7776 51
4953 1926 46
987 3914 93
8028 5154 40
2005 8789 69
707 7410 64
54 8913 43
7922 7728 34
1460 2889 92
4425 6060 16
5653 8983 28
5775 5370 31
2166 6149 83
1723 4861 81
8592 9373 48
8324 505 68
1812 6985 81
6140 3440 34
3220 2778 25
8450 4259 35
4877 8657 78
5045 5238 41
8772 9133 97
1299 7214 90
4995 8225 77
1590 8415 74
5074 2530 18
6286 4289 81
4977 8892 42
4607 4867 34
709 6035 59
6796 6139 56
8934 7966 56
1977 1123 11
1946 1867 87
2417 4704 51
4973 9713 13
2358 8164 15
2660 1652 91
512 9115 61
1370 5334 42
6219 2395 75
6647 8654 23
9810 3057 75
3157 9824 31
257 7912 56
9009 9823 93
1116 8238 1
1906 1468 28
1209 8223 37
9548 1737 89
4151 8482 6
3731 4616 23
6704 8294 65
8065 5589 34
4716 7755 27
4026 83 26
541 4348 39
3647 2888 19
3388 8203 71
1580 7567 61
6501 2889 15
9855 2095 98
4455 157 37
2994 8772 90
3011 5129 11
7031 8433 7
3596 7646 84
3251 5294 71
5125 3322 34
123 7025 46
5823 3254 85
4945 8847 25
9820 240 66
460 842 84
4517 5793 3
836 6446 12
3232 8836 43
2903 6985 95
9550 3678 12
166 9441 70
5873 5589 27
7783 8074 72
8332 1568 81
8677 3434 97
5782 876 54
9860 1072 84
3883 5775 36
951 9176 28
1074 7283 75
3511 4472 67
9553 6660 83
9046 3178 73
4193 219 40
5804 6161 14
5523 139 10
2961 8236 5
2809 1093 92
1608 8528 77
3718 7216 56
6359 6685 56
9468 6030 59
6834 236 58
9727 8400 29
8194 4348 39
985 4444 55
7881 2017 91
6940 123 82
1226 7792 31
6355 6 77
5657 8400 37
2599 2784 40
2085 9221 19
4039 8074 10
4114 8913 42
629 2786 12
3441 5304 14
5527 6411 23
9721 2775 20
435 699 74
8831 1092 34
6098 5407 40
1771 5776 31
3585 6593 61
7435 7880 59
2859 225 99
1218 1352 65
3612 4476 78
4030 7320 96
8468 3911 90
293 5665 80
3618 9269 27
5155 7315 97
4598 6161 55
7799 4496 81
8443 236 41
4718 1300 75
8995 5200 8
7528 7343 68
2140 5255 54
8902 5315 17
2768 4694 26
2881 8101 95
6947 9312 14
2867 6296 54
264 9584 5
9176 583 87
5378 2330 42
7011 3520 74
5156 9859 27
7925 4406 19
8033 3774 4
7701 4553 60
8659 5731 3
9912 5728 75
4168 7531 12
7576 3766 22
285 82 64
9451 6782 46
3854 7682 70
3443 5331 75
1811 2446 73
2758 6497 74
3615 4583 91
2495 2473 86
8815 2144 54
420 3981 25
8744 6331 39
3778 902 34
5229 4157 81
6791 2126 53
6990 1679 11
2920 9228 26
9827 5228 33
5488 592 75
3357 6704 83
9948 1093 61
623 5570 35
4705 1399 59
4595 4844 54
6070 3914 86
3995 7620 68
7808 5233 70
6585 2032 84
6777 4945 98
1128 9515 20
2145 9315 97
3087 1546 46
2959 4822 76
4665 9286 70
5270 6070 76
84 649 67
9262 4644 81
7488 2220 77
8389 2867 99
1611 1207 100
6484 3708 99
955 5106 60
4886 6673 20
3934 1045 31
9687 551 17
498 6788 26
2678 4406 79
568 4035 25
3837 1175 1
1446 7402 84
3481 3340 40
18 6816 38
1965 7205 81
6270 5315 19
7306 8112 88
7005 5775 62
2882 8060 3
8762 9976 81
107 2561 60
4759 3746 97
1708 744 10
8710 2858 88
9251 7649 10
6280 5106 5
3978 3703 73
4625 9501 5
7642 121 79
8282 6244 54
85 6259 27
8198 884 22
9058 818 44
3026 34 42
2225 594 91
986 3809 2
6003 4151 59
6870 6816 99
6250 9748 96
7742 7431 71
8663 4413 4
4124 441 12
2480 8164 78
6175 6078 35
5596 2067 36
9214 8538 47
662 7567 88
8522 1604 71
1588 5465 93
5755 2661 97
9743 9823 69
3999 6035 88
430 5309 88
4878 3169 73
5494 8478 40
8134 7899 96
5677 4556 68
1525 8173 37
8060 8933 87
1090 4245 57
805 4889 37
7726 6542 76
6643 8803 89
4377 8934 42
5910 1237 35
3242 7966 61
6918 6070 92
9532 3210 61
492 9900 18
2823 25 38
5863 4019 28
4626 9954 42
7293 5423 66
1180 8965 68
9891 7912 17
3067 1072 2
1693 5570 19
4284 2791 12
5445 4724 42
8462 7368 31
3120 3663 24
273 5606 24
3478 4956 63
9279 8770 35
5442 6649 90
7299 9516 30
8140 4808 29
1283 2693 76
1684 5248 27
3577 1541 8
5064 8533 23
2974 3178 50
564 5238 88
8474 6945 7
4401 3728 31
6846 7673 96
3036 3840 53
4216 6411 9
9640 208 96
8086 757 63
6118 8186 42
5891 829 58
8349 2661 9
9264 2682 38
9869 9418 20
634 1570 2
5616 3957 29
3090 4259 22
8274 6743 32
3913 4285 5
1032 9903 57
870 6704 19
3852 5460 30
1927 1801 25
8887 1626 61
6682 7025 79
7217 2786 92
2641 8112 30
3560 9831 28
8075 1801 78
9768 7343 40
2268 2123 39
1569 631 91
4219 8271 6
7357 6751 82
4587 4496 22
3973 8859 61
601 7641 65
9285 7057 86
3461 212 10
6035 6981 3
5176 1895 52
1140 3174 9
591 5796 13
7385 378 57
7634 585 73
4935 8669 89
4981 7193 58
5109 657 92
6230 9600 50
5160 8983 3
4896 4871 42
725 2963 26
8085 757 23
7177 5254 49
4025 5565 67
5424 7966 4
535 5726 95
7169 8844 92
8037 2429 13
9737 4615 45
7977 9097 54
3449 5148 35
8758 4285 7
4004 447 74
3553 7199 22
2129 6707 95
7404 8468 67
5297 6828 40
8133 2611 26
4342 6748 18
4128 5893 35
1280 1901 90
6370 6962 41
7319 4551 82
8470 4225 62
3469 5947 26
8164 902 36
1948 2682 74
9554 8567 2
1292 4050 42
6969 6736 18
3719 8803 2
8319 5407 86
1957 1072 47
3118 9401 93
9571 7483 95
7683 3532 32
6992 5385 29
7905 970 24
1788 7943 84
3339 4762 5
1650 6154 3
6759 5259 91
6295 9600 87
1795 3854 97
4868 3717 74
238 1315 97
9623 1924 26
7114 7511 71
5802 3662 38
7605 1435 46
7229 5606 90
8813 998 67
328 6296 34
4272 5106 27
2275 2533 13
4085 4777 39
4422 6357 90
8612 3532 78
4103 4890 8
3823 8602 23
8388 4432 92
7425 7263 70
1992 3624 8
6671 4259 55
2590 461 17
3344 5490 38
8947 4178 25
3574 3226 17
4477 8602 32
4302 699 11
5207 6337 100
3318 5373 91
6720 5601 65
2433 3738 45
3543 6061 13
1475 9437 55
3020 9514 87
7994 1935 60
7203 9101 83
6065 492 78
4635 8042 26
61 6376 88
8628 7967 72
5256 734 9
9928 3746 38
7352 5 10
3866 1468 84
112 5759 33
4885 6128 16
9595 2182 78
2642 4624 29
3858 9167 63
6894 7465 90
53 4811 89
551 2322 21
9151 7481 51
6515 3858 20
6390 818 47
9410 4854 21
7580 1122 78
749 60 8
5714 561 35
286 744 42
9611 5704 29
8673 7311 90
471 4926 31
9270 9089 17
1539 4856 28
2133 7205 19
7282 6185 94
5279 9263 20
3532 3246 72
4565 64 76
5214 1242 41
1762 8101 55
6889 9269 37
2971 1867 7
152 174 93
5119 4269 40
9666 5721 13
