X Y C
3,513869 15,834281 Y1V
-2,346385 -5,278813 Z5IV
-3,911422 5,162312 Z4II
4,101730 16,566944 J6II
4,270263 15,950155 L9III
6,170275 -14,010114 Z9VII
-16,429501 23,695751 J7III
-5,544345 -4,354842 N5IV
-6,338236 4,216619 N3VII
-16,460174 7,136831 J6VI
-5,741869 3,174228 L9VI
-10,108125 9,490868 G1IV
4,416220 14,202849 N0VII
24,936803 5,386699 N0III
-30,016153 5,409850 S7II
-5,018547 4,770921 J0VII
2,037231 2,577083 J4I
-17,955627 8,151834 N6VII
12,701589 14,669238 Y7VI
40,862902 -22,948095 G4IV
-11,363681 32,765045 N6VII
7,724501 -17,853412 S8VII
17,774502 -1,102273 S7I
-28,971782 -16,029160 N0V
-15,597970 6,600383 Y7IV
25,226524 7,541458 N9III
-4,308245 5,721562 J5I
25,381450 7,567305 Y9III
3,842950 1,605454 Y7III
23,422627 8,226033 Z5VII
8,652272 -16,381130 Y9VI
16,193877 -4,021629 Z2IV
-5,326228 11,460773 G5I
7,953038 -17,660347 N5IV
4,973709 18,065759 Z2II
-21,865562 -20,997011 L8III
-4,221680 -6,094910 J9III
16,841170 -5,550786 Z3V
2,671241 16,729502 G8V
-37,346141 29,663127 J0VI
4,779233 17,955401 Z2VI
-16,525362 5,867098 S2IV
23,961066 9,515232 Y8V
-16,552241 36,162007 L1VII
5,928523 4,023017 N3V
10,113756 -15,353208 N6II
-4,822032 -3,086189 S9VI
10,272648 -15,670375 Y3VII
-22,634996 18,987028 G9IV
1,679128 -17,476252 S5III
18,664995 -1,126059 S3II
4,762060 17,269900 Z8III
2,805174 15,013069 Y5I
38,398192 -24,329141 G4VII
19,772344 -4,008632 S5I
-7,580682 6,361540 S6II
7,302867 -15,524748 S0I
15,459039 25,861852 Z6IV
19,106264 -5,127883 S1IV
18,690721 -1,742265 N2III
41,170991 30,772684 L8V
-15,548783 6,098528 S9II
3,466249 16,357411 Z4III
-38,009023 -14,734642 N8V
-12,433520 34,269243 Y5III
-17,997508 6,191485 L8II
-24,133723 -34,092411 S8VI
-38,981253 -23,095377 Z8IV
19,689411 -1,088323 L7V
-5,272808 2,592053 G9VII
-7,084014 5,295651 Z2III
16,763003 -3,631511 Z7V
8,634027 -14,976855 N9III
5,967710 16,986968 N5VI
8,203375 -16,854791 Y3VI
20,440192 -1,726807 Y1III
3,965925 5,837973 S6II
-7,231217 6,709134 L6V
-6,377842 6,440594 L1III
5,959648 -14,710748 L4III
-35,118816 -27,093526 Y6V
-5,536728 2,522803 N7II
23,575954 9,657159 Z9IV
-4,575202 7,241603 Y1VII
7,394023 -15,199343 Z5I
-17,149934 17,580485 Y6II
-2,892342 -4,712561 Z2II
1,919134 17,339253 L6I
23,195572 6,226339 Z0V
8,599752 -17,614969 G6VII
10,285536 -14,206072 S7VII
16,609991 -4,550164 J0II
20,687667 -4,943441 J5VI
6,444510 -14,143209 L5IV
-6,965309 6,347544 S8VII
-3,762844 -5,196628 G9IV
26,337141 8,437126 N9IV
8,744171 -17,566055 J3IV
19,348833 -16,002596 L4VII
17,806614 -1,195390 Y5III
19,154551 -0,925829 J6V
10,084067 11,049303 J5V
3,584504 16,617010 Z1VII
3,017416 2,452319 J1IV
-30,482792 -23,304698 Y3VII
-17,248752 10,171768 Z2IV
22,823978 -7,558054 Y5III
-4,471710 6,586784 Y3I
-4,486850 7,047137 S9V
5,001774 13,881774 S7III
24,784047 5,161475 G7II
3,433796 6,635468 S5I
17,156765 -5,625941 J4II
3,150654 1,791302 J3IV
24,465238 8,064227 G7IV
-22,743298 -23,266657 J8V
5,712887 -15,699187 G5VII
3,001787 14,802035 L5I
26,389745 9,059405 L4VII
-6,516909 5,891681 Z5I
-18,653647 -30,607843 N5II
5,981036 -15,712505 J2IV
13,425341 -0,723576 G7VII
1,935400 4,220492 L9III
24,562373 9,966172 G7I
-5,568387 4,132182 N6V
3,958125 13,346600 N7II
25,018950 6,388600 G2II
-5,921741 -4,375550 Y9II
1,613830 14,733596 J7VI
-5,614421 6,795566 S3VII
-23,726400 12,957692 N2VI
14,444698 -14,181526 N8I
32,627627 -26,946326 J5V
-0,156876 -16,267658 N4III
-7,393325 5,040532 J6III
-4,365704 6,052343 N7VI
-4,536154 -6,355527 S0VI
3,822109 16,944590 L1VII
1,914570 17,535042 Y2III
20,767139 -4,173252 L5II
18,465939 -1,142776 Y5V
8,743511 -15,758132 Y0III
3,187468 4,080506 J3I
-36,556244 18,186186 G2VI
-10,713210 12,899621 Z8VII
-7,756717 5,653000 J4V
5,137433 5,082183 Y4VI
4,413514 17,928564 G3VII
17,600627 -4,902625 S1V
-15,806987 9,086074 L2VI
20,696617 32,239627 J9VII
-5,708625 7,058326 Z0II
-28,582050 -32,692451 S7II
8,394621 -15,158527 L2V
-3,356654 4,983203 L4V
4,339091 2,624917 G1I
-5,159294 -3,420496 G2VI
17,898661 -5,074244 N2II
25,589245 8,845648 N3II
9,513370 -14,505355 Y9I
-4,118557 6,673617 Z5V
8,655005 -16,143524 N7I
-7,693832 5,083046 G2III
3,643907 14,306318 J8I
8,281927 -16,369302 Y3III
5,675688 3,705897 Y6VII
1,655230 14,971868 Y2I
19,179357 -4,360752 J4I
14,423353 36,104863 J6VII
17,661892 10,707214 J6V
26,924904 8,875885 J7IV
31,862090 14,338755 N8VII
16,827835 -2,320795 G5V
-4,803413 4,581662 G2II
16,626722 -2,833067 Y0VII
-3,769056 -5,327128 Z2VI
5,988795 -15,830354 Y5IV
5,225010 2,418301 N4IV
10,523908 -16,034891 G3VII
-16,537107 6,581946 Z7V
-30,988930 16,504817 G1I
-18,674268 8,524707 G8VI
-2,692481 -3,659698 L8V
12,751339 20,083271 L3VII
-0,562740 -33,310014 Z2III
4,167198 2,808112 Z0IV
-4,830684 -2,285027 S8III
-16,753883 7,696190 N2II
3,021722 15,104234 N0II
-2,526594 -5,376416 Z6V
39,677108 -24,804144 N1V
17,670109 -1,478118 J3III
10,402284 -14,141450 Z2I
-18,801564 9,246129 Y9III
-7,278124 7,119631 L4II
4,047427 2,241896 S7VI
3,695346 5,808471 G3VII
-5,439986 2,884900 N3V
-16,090785 9,944521 N3II
2,811691 4,147567 N7I
19,679926 -2,459342 N9I
26,755228 7,363614 Z0V
-4,953369 -2,638731 G3I
-6,147361 -4,531178 G1III
-1,371713 -3,798123 N6VI
17,576766 -4,755030 Z8IV
-16,646337 9,094777 Y5II
-16,473218 22,181859 G4II
-6,968618 6,266456 N8I
-4,082932 -2,294590 G9VII
36,819917 30,301882 N8V
-1,374919 -4,903753 N4I
-12,636048 20,368002 L3I
1,622584 15,268423 J2IV
10,638391 -25,188902 N3VI
-20,341483 33,792133 N0IV
33,304153 -24,452378 J3VII
-15,437703 10,066412 S7V
18,893121 -1,567164 S4III
24,124089 8,862096 Y4I
2,986710 5,509292 G9I
3,734853 2,503550 S3VI
-3,936161 -5,740890 N0VI
16,669882 -3,431257 J1VI
10,035250 -15,015152 S6II
4,526072 17,196405 Y6II
4,211580 14,935090 L1VI
-15,748998 6,634899 N0VII
14,206968 -15,917800 L9VII
24,250917 5,178511 S2III
-7,138067 6,893859 L0IV
22,777911 8,910927 L9V
8,683194 -12,862945 L0IV
1,959979 3,911405 Y6II
5,076539 15,684687 G8III
-15,054123 -8,855306 J6VI
4,367039 6,325427 N9V
-16,238929 7,694196 J6IV
3,852987 16,676738 G0VII
4,322395 13,132232 S6IV
23,571450 8,655890 L9III
7,959537 -15,767104 S5VI
22,769598 7,988618 N4IV
3,188993 2,543299 Z4II
-6,564150 3,937806 J3III
28,293006 -2,994866 N4IV
24,414056 9,079123 Z3V
4,866490 1,623734 G1II
-7,118593 4,661544 L6V
2,772994 18,198448 Y5VI
4,890661 3,623749 G4V
20,130008 -1,829564 Z1I
5,694108 5,984535 N3II
24,273806 7,046260 G3V
-17,594599 21,580282 G9VII
-17,560052 7,908165 Z1VII
20,778363 -4,242532 J8IV
19,528709 -1,892444 Z2II
-5,930567 3,280668 S7VII
-15,863420 9,056596 N0I
20,735393 -4,331493 G0III
45,820821 35,140850 J0VI
7,446901 -17,255362 J0V
27,010449 7,480020 Y5I
-15,903055 -7,413092 N3I
39,068175 -9,719466 L9V
1,756900 16,170970 G1I
-5,208070 3,155100 L9III
-3,775828 -2,239378 L2V
-4,824556 3,512487 S5V
-2,554067 -2,935890 S8III
3,881343 13,603023 G5IV
9,116359 30,761370 Y9VI
20,658711 -3,366145 N6II
-6,041967 4,184512 J9IV
-3,367710 -5,448272 L1II
5,315939 14,423647 Z8V
-4,079785 -3,594319 Y0I
4,734316 2,555536 S8II
-4,365129 4,586173 N8IV
25,106828 9,949036 S3I
-24,221417 21,755270 N6II
-4,731378 31,286242 N8VI
-3,422499 4,297455 L4VI
16,920537 -4,225607 N6VII
23,909647 9,253000 Z2III
-3,314189 -3,978740 J0I
3,962651 16,498420 Y5VI
-1,963364 -4,942587 J7V
3,803197 16,671263 G5IV
4,147179 3,707216 G3V
4,765110 13,409696 G3II
5,082593 13,583105 G8II
4,754911 16,564258 Y0VII
-3,274614 -5,723102 Z7I
-9,740719 29,572239 N6II
44,529791 -21,303590 J5V
19,525542 -1,750584 S5V
40,750644 1,451156 G0VII
3,365067 4,182515 Z4VI
8,124676 -14,159115 N1III
24,626545 8,188979 S0IV
-17,191212 8,654287 G2IV
-14,074440 7,142161 L1II
5,044105 1,995069 Y3IV
5,054048 13,810049 L4VII
4,649125 16,083675 N6VII
3,054569 3,416036 J9III
6,405975 -16,851103 Y5VII
-7,209054 3,801354 S9VII
26,897241 8,645147 L1II
3,350787 18,269961 Y9V
4,882654 14,976002 J4III
24,825222 0,774714 N3I
16,115515 -24,000512 L9II
27,167968 7,421059 Z0III
2,231222 3,040033 Y6III
26,253780 8,410402 N1VI
18,510870 -2,478331 J9III
-0,123119 9,226140 J6IV
19,942684 -2,712641 G4IV
-4,761924 7,427806 J6VII
3,045244 15,785399 L9VI
1,515126 4,550025 L9V
-4,147181 -4,351323 S8I
-4,435415 3,283950 S2IV
2,160405 15,262310 N5V
24,156580 10,043855 S2IV
-24,315282 -8,915241 N6II
-26,789725 -35,340142 L6VII
-24,723193 32,995663 Z2VII
-2,725136 -4,431057 Z2I
18,161670 -2,283243 J4III
25,804239 7,711678 G1VII
18,073666 -2,058001 N6VII
-14,197593 7,521634 L9VII
23,019462 7,730086 Z5II
5,137201 2,022931 S3IV
5,023980 17,132444 J5VI
27,424564 6,789601 Y0IV
30,339254 25,949263 Z4VII
19,937354 -5,328455 Y1II
19,283613 -2,857188 S5II
25,217145 5,334001 S3I
8,431831 -13,982526 L1VI
5,787506 16,151745 G0VII
19,383323 -2,939620 S1II
-33,490694 11,672619 Y5V
5,637712 -28,754572 J9VI
4,084262 17,035188 N2III
19,861856 -3,098697 S7I
-16,768585 6,995500 G2VI
2,070159 5,425402 Z1I
12,425044 16,508460 Y4I
4,165323 17,415309 Z4IV
2,547735 16,772907 G3IV
-1,644371 -3,751047 Y4V
4,948402 4,893780 Z7VII
2,288915 3,452277 J1VII
3,635887 15,100450 G7VI
3,302586 4,592164 N0I
-15,726430 8,378871 Z8VII
-15,051430 6,675266 G7V
1,629418 15,574858 Z5III
35,832302 -9,542311 J8III
-9,458264 11,501717 Z1II
3,479621 17,716705 S7VII
-17,073362 7,817552 Y0VII
-6,138183 -3,688001 J2IV
-25,605181 8,436290 L7II
4,234093 6,055023 Z2V
31,089351 -20,660859 L9IV
20,165215 -2,380640 S6IV
4,946800 -24,533558 S6VII
-15,595747 7,697331 L7IV
6,039604 -15,520972 S8VII
27,256768 8,688205 Y6IV
-4,209721 3,652842 N4IV
-7,316309 3,459542 L9IV
-16,475315 8,916331 Y6II
-5,276505 6,556485 N7III
-1,849284 -5,554997 N5III
-4,321643 -7,041911 Y1VII
4,392126 15,216929 G8VII
3,532221 15,934734 S4VII
-29,389253 -6,796226 J3V
19,740713 -5,169488 Y6II
-6,092133 -4,863463 S4III
-16,643523 6,419534 G3IV
-1,216915 -4,427909 Z1VI
-37,686695 -23,530316 L5VI
12,181602 31,843456 S2V
2,835042 5,086636 S2V
-5,478565 -3,535422 N7VII
25,307274 7,820950 S6III
1,852976 14,995105 Y9I
21,286108 -12,008123 S0I
3,777252 16,883026 G3III
20,900269 -37,925279 Z5III
4,833784 15,911756 S9V
-4,882819 -5,147233 J5VI
-1,732272 -4,223255 S4VII
8,053893 -13,326191 S3IV
6,650424 -14,642612 G3V
4,529933 1,632943 L9IV
2,475878 14,187197 Z3IV
-5,066732 -2,874551 Y9VII
-17,412344 -15,727386 G9IV
25,162292 7,447102 Y3I
-5,176602 -6,572885 G2V
-1,600033 -5,193288 N9IV
-14,664242 -17,013298 G8IV
7,832530 30,557572 J5I
-4,618985 -2,826897 Y7VII
10,121571 -13,859854 Z2IV
7,979176 -15,691427 J3IV
-4,616477 -6,822529 S4V
6,150147 5,154345 J3II
17,066055 -5,361408 Y1III
6,395677 -13,676058 N5I
7,841098 -13,176357 L6VI
-15,580847 7,682170 Z9VII
24,167096 5,628288 L8VII
4,555221 2,123586 S6IV
-4,477511 -20,263493 S4V
25,486290 8,827834 G5VII
6,439735 -14,404109 J7I
6,764315 -15,031660 Y0IV
-34,451062 32,984603 Y7I
4,311908 2,111353 Y5V
8,350952 -13,408619 Z1VI
22,706031 7,870240 Z0VI
-4,006940 4,076340 L5VII
29,225502 -38,008456 N3I
18,223492 -5,076394 L9II
16,884384 -2,531865 Z5VII
32,989605 -33,150800 J7IV
-4,939292 -6,453623 Y9II
24,285062 -7,960820 L4IV
42,992474 -36,051852 Y0V
-17,600131 -5,239730 N3IV
17,361098 -3,871466 S7IV
-28,583548 37,674778 Y9I
2,959624 16,983449 G9VI
-16,084258 8,425657 Y1III
41,546703 -7,346173 J7IV
4,810303 17,664388 G3VI
-15,894468 7,068425 Z4V
-10,996844 -36,380298 S2II
-6,197634 7,019152 S2VII
23,578541 8,506466 S1V
-5,296294 5,795320 S9VI
25,276706 7,766580 G7VII
-18,348092 7,616641 Z5VI
-7,574470 6,132490 Y2VII
6,816083 -13,882006 G2II
-1,933629 -6,315815 Z2III
-6,092991 -4,773490 Y5VI
5,790034 14,065589 S8VI
24,813610 8,361704 Y2III
4,205784 5,166067 Y3VI
2,416020 16,858657 Z2I
6,954544 -17,242210 Y1II
-3,550921 -3,700598 J6III
42,520415 -31,146294 J7V
-37,722152 -36,013679 L9V
17,409394 -5,020022 J9I
3,006363 17,809994 N1I
9,445068 -15,979904 G8II
-15,754216 6,189238 Z4II
7,449029 -16,454364 G4V
7,471743 -17,988373 L5IV
36,474209 -16,343911 Z4I
17,743046 -4,484502 J1VI
26,683744 1,695558 G8V
-17,817019 6,275506 N2IV
8,529542 -16,136210 S3IV
-14,515174 7,882250 J8II
6,754994 -13,345297 Y5VII
26,591965 9,771172 J8VII
6,341435 15,610137 N6IV
9,534779 38,021890 G9VII
-5,614750 30,979670 S6V
-5,477118 5,042140 G5VII
22,430944 7,645418 Z9VI
-38,443129 22,987655 G2IV
8,918590 -17,597930 Y4III
-10,880652 36,838495 G7III
4,718129 2,828923 Y5VII
-16,706953 8,588096 Y8V
4,208985 2,837639 N8IV
9,288886 -13,705308 S8II
-4,895717 5,148932 Z3I
-4,694592 -4,326043 G8IV
11,559834 10,113047 J1I
-4,594651 6,587421 Z2I
3,316579 14,800721 S6I
6,326969 15,960433 Y2IV
10,040347 -13,666648 J1V
-26,746419 33,294990 N7V
19,395711 -13,018617 Y0I
-35,852098 -3,198930 L3VII
38,581651 -35,459472 Z6I
3,293694 5,524171 L0III
18,934292 -2,067585 S5II
17,778965 -2,741030 Y0II
2,923501 4,475760 G5I
38,313751 -7,141714 J5I
16,972177 -5,104898 L9II
4,728135 13,385616 Z3V
-7,420091 5,255383 Y1VI
-5,518413 3,316048 Y9IV
-3,277218 -5,942098 J8IV
-12,122303 -23,525599 J7IV
6,925961 -23,385183 J3I
4,082755 -6,803554 G1I
2,058849 14,822047 L6V
-3,135335 -4,397746 L8II
-5,990900 3,094891 Z7VII
23,599274 7,142289 J3II
20,543206 -4,784214 Y3III
4,725477 2,754511 S9I
-18,428773 6,922761 J2I
-17,653001 31,407664 J6V
25,526500 10,314390 S1VI
23,785657 7,083211 S4V
17,635679 -3,335750 G5IV
-5,010606 -5,202527 Y1VII
-6,237269 6,284914 L3IV
-1,315632 35,752604 J5V
18,827395 35,517007 Z2VI
5,921007 3,926590 Z1VI
18,115524 -5,236214 J2I
6,867754 -14,982210 S0II
5,707744 4,900398 L1III
-5,162630 -3,014560 G3II
5,257807 17,086352 Z9VII
9,745980 -14,381656 S8II
-4,234662 7,185891 J9IV
3,669245 17,683278 L1VI
-17,389059 8,243161 N2IV
-31,040955 20,159094 G8V
32,582651 21,555720 G0I
18,406153 -4,668786 L0V
-5,937129 4,864133 Y5VI
5,431314 2,396894 J2VI
16,872538 -5,326366 Y6V
16,354663 -4,775486 G9IV
8,747251 -14,934893 S9I
19,976575 -3,322854 L1II
-6,178390 2,529705 J1IV
-14,585280 6,298587 Z2II
23,510976 5,703252 Z3II
6,193092 16,495825 L8III
5,013161 5,213341 S4I
23,327248 -31,223799 G6III
20,208207 -4,845120 Z9IV
8,634176 -15,839794 Y2IV
-6,927792 5,326962 Y6I
44,805343 -27,226653 G7I
5,592991 4,072561 Z3I
-6,644338 5,851995 N0I
8,845489 -13,806363 S0VI
-3,540661 -11,784948 Z9I
10,049820 -16,764913 N6VI
-4,685027 -5,248707 Y1III
2,111738 5,299538 J0VI
18,319517 -2,901461 L2III
23,880536 8,589956 J8II
2,161080 16,458334 Z9V
-5,868032 2,960028 S8IV
26,103664 6,016421 N2VI
-2,983585 -6,297260 Z4IV
-33,192944 -22,546488 Y8III
8,286081 -16,833024 J5VII
-12,652986 24,250805 Y7VII
-4,826866 -6,446252 Z1VI
2,995348 4,141401 N5V
2,044202 4,262009 N4II
23,280024 5,613094 Y4I
-6,981358 7,003904 J8I
5,712467 -15,665365 S6V
-17,586061 8,914356 L9V
-6,449962 7,560893 Y9V
19,890298 -5,480871 S8II
24,234688 6,170609 J6II
7,223238 -13,449553 Z0V
26,609848 7,034460 G1VII
26,452357 8,913530 Y9II
38,818994 9,864471 G6III
-4,659147 -6,605800 Y9VII
2,160984 16,489225 L5II
-4,532400 7,080413 S2IV
24,686387 8,483768 Y9VII
-14,979188 9,588518 G1III
5,830309 14,812502 Z4VI
-15,682999 5,944538 J6III
16,825108 -3,405932 S4II
-30,010023 -6,554886 Y0VII
-6,893462 6,771265 Z1VII
8,540754 -17,623391 J1VII
4,886789 16,438222 L8II
3,622880 3,415763 L2VI
-6,228933 6,964100 Y3IV
6,599762 -17,074971 G1I
-38,811560 5,413954 G6IV
24,901123 9,161513 S4III
-25,801857 25,995452 N9II
2,405969 -18,425445 S5VII
-8,162241 5,510209 Z7III
-2,049183 -3,015187 J0VI
-6,649059 3,618378 L2IV
-6,148098 -3,558351 N0VI
7,323421 -14,687511 G2II
-6,891598 2,702474 Z5II
17,524486 -5,676188 Y3I
4,556541 1,438237 J7I
5,652332 2,418654 J8VI
5,831393 -16,811070 Z5IV
-19,091823 -6,512797 Z2IV
-2,550031 -3,992932 J0III
3,319524 14,092596 G1V
6,900029 -16,580843 J0II
12,073866 38,448937 N5V
-3,857733 -1,799119 S3VI
-16,264233 7,152745 N3VI
-5,945987 -5,563309 Z1V
-3,265903 5,022297 J0IV
4,357107 5,500440 J1III
9,195507 -13,632674 J9VI
2,387021 13,883792 J2VI
0,119153 -33,982696 G3III
17,498228 -4,084226 J4VI
7,609052 -17,311792 L0II
2,605023 16,083154 G7III
3,630411 17,278072 N1II
3,133096 2,939743 Z0VI
7,466210 -15,533271 N7III
33,722230 -36,705263 J1V
-17,695497 5,788205 Z8V
19,636645 -1,065210 N0VII
16,156908 -4,076559 G2II
5,641333 14,047297 Z1VII
-8,166148 -14,884813 Z1IV
-23,733035 -23,312556 L9V
25,766727 7,135187 J9I
-14,141201 6,613425 Y1II
6,308799 -15,924317 N5II
9,595826 -15,054584 L3I
17,276884 -3,573443 Y7I
-5,641206 4,198417 G1IV
-5,267286 -2,642403 N6V
8,733538 -18,037527 N2III
8,364660 28,476046 N1II
16,992957 -2,579220 J9IV
-18,827347 -26,924134 S7I
6,755579 -15,937970 L8VI
23,778866 9,985193 N4VII
-2,601088 -3,779359 Z2III
7,840613 -15,311219 G8VI
-2,248407 -5,880164 J5I
-4,935931 5,660347 S1I
3,893512 13,414475 S8III
4,762682 15,410988 Z9II
-7,628412 3,246985 G6I
-13,756876 32,252760 S8VI
4,899299 4,270440 Y2V
16,624055 -2,997801 Z2IV
-4,225013 -3,762623 Z3I
-25,860842 -10,369074 S8IV
31,067068 25,095971 Z7I
18,795551 -2,633190 J5III
22,285870 29,399279 G9II
18,800036 -2,998315 Z0VI
-6,318502 7,353702 S5VII
5,158441 17,294870 Z4II
-2,687324 -3,114395 G8VI
-15,901767 9,204788 G0III
-12,382650 17,739599 L7I
21,709545 -32,129066 G2I
-13,256445 30,390024 S8IV
23,763676 10,097455 Z1I
17,386508 -2,472600 S0VII
-15,401613 8,026749 J2VII
-19,715855 -1,707163 S5I
6,227878 -15,286545 G0III
4,434371 4,424483 G8VI
27,682225 -25,814206 N3V
-20,850603 -28,119143 G2VII
-4,030571 -3,761019 L1II
-15,918975 9,675497 L2IV
-27,154036 -28,925783 J8I
20,641994 -2,722203 L5II
5,821379 15,219737 G4V
4,023032 13,567304 J3IV
25,566372 10,200425 Y5II
39,750917 30,820211 S2VI
-12,048757 -26,102765 Y7VI
-8,007054 4,192170 G9III
5,911312 -15,724670 G5VI
-25,508449 26,893635 S8I
-24,015860 16,887715 L8I
-3,371364 -3,877313 G8IV
23,578866 -29,944488 J1V
-5,980743 -3,613879 J4IV
5,609975 15,178732 N8VII
5,725476 13,930341 N0III
7,525630 -16,174853 N3VII
20,221691 -2,181855 L4VI
10,029975 -14,823172 Y8V
19,611150 -4,693788 Z0I
-3,905108 -3,440018 Z4I
-29,743611 -33,416999 L9IV
-3,159054 -2,215237 G3II
1,820658 2,991206 J2III
-4,818486 5,876783 G7II
20,124246 -5,585955 G1V
-3,432165 -4,768053 J6I
26,469773 5,850341 N6I
-19,044520 7,080885 L7VI
-31,779094 34,067329 N0V
-6,045337 2,929733 Z6VII
7,637002 -14,627246 G6IV
5,976167 -13,903843 Z8II
-3,046407 -4,162338 N1III
1,375091 15,205724 J9IV
3,779761 14,946432 L5IV
-6,154668 3,145454 J2III
36,883437 38,317199 Z8I
18,028126 -4,983018 L8IV
47,264940 33,231361 Y3II
46,949526 36,061539 S3IV
17,168078 -2,806736 Z8V
-16,107686 9,867454 Y9I
6,559661 -14,176214 Y4V
5,000607 13,636281 L1V
4,301768 13,936691 S0VII
9,481873 -15,921581 G4III
-36,467692 17,626397 J8VII
-3,593605 -6,453423 N2V
5,848277 -14,292668 Y2III
0,564883 -21,319930 Z5V
7,278660 -17,763530 S9I
-28,552939 -0,668681 G2IV
46,809308 -31,330588 Z5I
9,679903 -15,398552 N1VI
1,221588 16,180006 Z4VI
4,721443 -6,205708 G7III
18,511391 -6,119605 G8V
-11,962608 -22,924978 J3I
-3,568629 -5,409881 Z8V
2,753500 3,657551 G8VII
3,365947 3,705220 L9IV
-15,827726 8,313040 G9I
-16,066839 6,545620 N9I
2,122327 17,574314 L1II
-23,508641 26,528180 Z2VI
-27,386947 -21,639733 L6II
6,138122 15,237540 S4II
4,069808 6,077206 Y7VII
5,265897 15,298476 J2VII
-23,450392 22,955077 G4VI
19,515521 21,569462 G1II
17,422814 25,249101 J0V
18,826024 -1,708632 J4II
-20,342081 -30,231295 L3I
2,553742 15,285729 G2II
10,065902 -14,424465 L1II
-5,492629 6,750710 N0V
-37,441351 13,429604 S5V
-15,507624 -7,918066 Z5II
23,569647 5,781478 Z8II
26,523297 14,474326 Z6II
18,159301 -1,402952 Y9VI
5,722367 2,105756 N3VII
-35,037558 -13,929261 G3II
-6,342320 6,705057 G9IV
-15,135625 9,041127 S8IV
-34,327425 23,940114 N2V
-6,170544 6,769693 N6V
9,643003 -16,431014 Z5III
-6,873865 5,673461 Z2VI
4,174361 15,397887 N1II
-1,237598 -28,782448 S2II
3,135879 15,945238 Y4III
7,988590 -14,155778 G6VI
2,448419 4,397650 G6I
19,329597 -5,815305 Z4III
22,817469 6,550540 S8V
6,449626 -15,909217 Z4VII
10,458942 -16,559066 J4IV
-6,723228 6,237528 Z1VI
-2,342442 -6,324336 N7III
-18,380666 7,411289 J3VII
6,631115 -15,935275 G7II
-2,562302 -5,093062 J0V
46,760138 17,483950 G9V
4,845597 16,995222 S1I
-32,570103 25,979175 Y2VII
-17,530771 -34,243245 N6II
24,139757 9,079420 G3IV
10,103607 -15,568059 J1I
2,913656 15,335391 S1I
-2,767516 -3,018859 G4I
-30,632072 -20,555590 N1IV
10,119303 -16,588515 Y4V
-1,751040 -3,680330 J5III
-6,050261 3,151458 G7IV
25,636888 13,663182 L0VII
2,478157 2,318467 N8II
6,109222 15,217311 L1III
5,259134 15,308742 Y8V
4,933353 17,546435 L3I
-1,517829 -26,742500 Y5III
16,840090 -4,448477 G1VII
3,427777 13,833979 N8III
3,995508 17,804106 S7IV
37,732248 -1,221430 S2VI
18,450253 -1,572353 N0IV
26,442182 5,878114 G8IV
6,583703 -15,777963 Z3I
8,378922 -14,022383 Z0II
-16,119469 6,506852 L5III
16,937654 -2,370293 S0III
-24,442772 13,471518 Z9VII
7,667106 -13,243151 Z2IV
29,700521 1,321316 Y1IV
-5,875082 -5,031966 G2III
-2,892110 -6,638498 L5II
-15,278887 7,413713 J6IV
9,246360 -13,902368 J1VII
6,546375 -16,162917 Z6IV
35,190260 1,160953 L7II
17,558167 -3,485712 N1II
24,141568 6,554376 Z7VII
10,417511 -15,379385 G8VI
35,771014 3,369240 J3I
8,996901 -15,703702 J7III
-22,219750 -6,511855 J4VII
5,177686 17,753243 N3III
3,824934 5,973280 J0VII
-4,951036 -5,434698 G3IV
-22,236716 11,997714 Y5VII
8,920587 -16,428647 L0II
24,073920 7,337284 N8V
19,051714 -2,546381 N9IV
5,090182 5,171349 J2III
-3,688165 -4,406289 Z4IV
1,222507 -28,199688 S8III
3,714444 6,522227 J2III
19,786302 -1,686187 Y0IV
-15,744055 10,235819 S1V
-3,527970 -6,014921 Z3VII
-19,006286 -27,177928 J3I
16,815383 -4,713070 S1VI
20,416852 -3,156032 J2IV
4,813505 6,052042 Z4VII
-4,134536 14,302359 J6V
-8,085036 4,055159 Z8IV
11,103812 34,150606 N5VI
1,841932 15,374096 L7VI
17,760361 -2,117857 N1V
-5,047824 3,454231 Z7II
19,536715 -4,840114 Z6II
3,015499 -24,579284 Z7III
15,785707 -27,879324 L3VII
27,072172 7,385060 L2III
-17,248194 10,351845 G3II
5,771494 -16,376899 S2VII
20,729991 -3,858963 J1V
7,895970 -17,285454 L3III
6,239571 -16,026560 Z0VII
19,016584 34,340511 N7VI
6,319840 36,802855 Y6I
4,798462 16,823063 Y8I
31,931160 10,497038 N9V
3,069132 14,408912 Y0V
-1,479372 -3,481706 Y3I
-3,872721 6,284918 G3VI
25,637256 10,275411 J3VII
7,947578 -32,143109 N8I
-5,069301 3,870322 Y2V
5,733100 2,586583 L9V
5,076165 5,126328 Z4II
4,676324 13,430352 S2IV
8,255439 -14,744324 N4IV
6,366155 16,001332 J0III
3,091070 5,957886 N1I
-3,414035 -2,960403 N4VI
-6,812808 2,877599 L0II
27,562754 8,086693 Z1III
-18,439739 8,298956 G9IV
9,663056 -15,216579 N5VII
19,208088 -3,670268 L1VI
6,003525 -14,643597 G9IV
22,619544 8,494704 N6I
37,931147 -28,768372 Y3V
-30,483155 -12,705172 G4IV
-4,655752 6,595709 J6VII
4,187170 3,396825 N0IV
18,997827 -0,942051 Y0IV
-19,177867 -6,914576 Z2I
-25,228859 3,967799 G8VII
-15,783010 8,991290 S9I
6,470170 -15,072215 G3III
8,658049 -17,001392 S5VII
-18,743255 6,351292 N0VI
4,011554 17,132172 Z8III
31,711595 -5,082537 G2VI
4,986023 17,853985 Z8VI
6,368936 -15,514024 J8V
-24,818108 -17,551359 J1V
-4,570836 -4,529049 J7VI
24,904679 9,921839 N6VII
5,919307 -13,865276 S6III
2,221155 5,689762 Y3I
-24,245739 -16,687597 G1III
-3,478444 -2,265448 J6V
5,726252 2,532575 G0VI
25,095329 7,140720 G5IV
17,669534 -5,700405 G8II
-5,947632 2,841124 N0IV
24,865139 8,574916 N3I
14,955222 38,067186 J9II
20,947453 -4,371208 L9VI
18,741732 -3,000628 Y1II
-37,781650 -35,751705 N8II
-2,589078 -2,267127 Z7I
3,243946 17,077654 N1IV
23,332815 6,620199 N7II
5,612809 14,896545 G2IV
-4,054487 4,552601 Y2II
36,825939 16,225170 Y0V
1,972370 16,974202 Y7III
25,820746 19,239648 L2IV
4,026703 6,189671 J8VI
2,749757 5,251281 Y1VII
-4,634423 4,552351 Z7II
-12,458392 -16,776262 Y9III
46,458550 -36,671898 S8III
5,906152 15,685771 Z3VI
18,662412 -3,396206 Y2V
47,585949 -22,619285 Y3II
8,211676 -13,526099 Z6IV
8,371737 -13,799689 Y3II
-2,707139 -3,317743 Y8VI
4,810449 14,981726 L0II
3,458209 17,307342 S2VII
-4,498437 -5,970776 S8VI
2,838453 15,677046 Z8VII
-7,447496 6,127251 Y5I
-28,095249 -28,974854 S0V
26,009954 6,077130 L8VII
19,311710 -2,737569 L0VII
18,096062 5,617690 J5II
25,708227 7,158694 L4I
44,976188 22,500822 J2IV
-23,845819 21,492229 L7III
-5,488248 -2,946172 Y9III
8,467029 -16,585095 Z5VI
1,567238 16,772604 J3VII
25,527761 5,526606 L1V
4,341940 5,587322 N3VI
-4,880784 6,980290 Z7V
-15,035911 9,926680 N0II
4,592466 5,737925 N0V
25,528120 21,905676 J3IV
-1,772209 -5,327224 Z7VII
8,620799 -14,116250 Y7VI
18,856121 -3,650135 S5I
-5,101327 5,811081 L3II
-29,680782 -34,661136 N5VII
7,947566 -14,563815 N9I
-4,946257 7,513354 L6V
9,443641 -17,451019 J5II
35,165855 -17,192488 L9VII
-6,022509 5,753722 L8V
7,462666 -15,157555 Y0I
-17,571207 8,732644 L5II
23,062833 6,113847 G3I
-8,476575 4,345437 J2I
-13,837310 -13,537337 S8VII
23,966709 5,950309 L0II
25,298536 5,230893 Z3IV
33,319777 -2,890362 S4II
6,982426 -14,142290 G9VI
-32,166624 26,881675 L0V
-5,330872 -2,408044 S8II
-15,590875 10,311852 Y5I
16,142896 13,635065 N2I
-16,744304 6,998722 N7III
-24,937595 3,061601 Z8V
18,745814 -3,052985 S1II
5,934985 14,624095 Z9VI
-27,266823 -9,261852 Z3V
7,343795 -17,325786 Z8I
16,988013 -1,708897 Z3II
26,775145 -35,509153 L2VI
-4,059137 -5,776194 N4I
2,678923 6,086856 S4I
27,249036 7,548162 N4I
22,869998 -29,720036 G9II
-4,421524 -6,271147 N2I
29,692302 -27,236244 J9IV
-5,045080 -3,275886 N2II
30,758885 -26,052478 L2IV
3,778911 15,404413 L1V
8,433104 -16,595784 N4IV
-18,121195 29,335262 Y4V
6,943221 -17,474688 S1I
9,228259 -15,762376 J1VI
9,341953 -17,620891 Z2I
19,799358 -4,753667 J7I
-1,570320 -5,619962 J1VII
19,054201 -23,591103 Y8IV
16,727751 -1,846922 L4VI
4,607605 3,511709 G6VII
6,503723 -13,804050 J6VII
16,333624 -2,421391 G2VI
17,430396 -25,645521 S8VII
-6,376219 -3,524786 N2III
4,239527 4,933505 Y2I
-1,742104 -3,751189 S8VI
18,048774 -2,757454 S9IV
9,715479 -15,418253 L6VI
5,813207 16,345828 Y1V
10,718200 -15,213527 Y7VI
17,332699 -1,412438 N8IV
23,966804 5,971732 Y2VI
-24,873900 -0,057927 Z2III
22,695565 6,954454 L4II
2,122140 16,046406 L5II
6,080682 -16,685645 J6I
25,635042 6,875360 N3II
12,366761 0,687774 Z8V
7,478780 -15,374712 Z5VI
11,061376 -3,094015 Y6VII
22,921840 5,994972 S2VI
18,265848 -4,248550 J9V
2,466369 16,998078 S2II
6,316321 3,080600 S0II
1,805054 4,877525 Z5V
18,075007 -1,123962 J8VI
1,614583 17,105168 L6VII
-2,996848 -3,001660 N5V
-17,605388 8,436240 N4V
3,368824 15,213170 J3I
42,855935 27,449809 J1II
6,600919 -16,733376 N8III
-4,623842 7,381644 G2V
-4,624114 -4,703469 Z9I
3,613640 15,492568 G9II
30,626488 13,105389 G4III
-30,495878 35,982106 S9IV
17,925047 -31,501381 Y8II
-22,281252 11,149157 N0II
17,921186 -1,104396 Y8VII
-15,849726 7,515413 S1V
2,887292 15,640252 S9V
16,720413 -3,272814 Y9V
-16,175539 6,987553 S5I
-4,812650 -5,940571 J3I
7,734876 -13,694717 N1V
-4,582758 -6,529403 J3I
9,827839 -14,558702 J1VI
13,067291 31,174239 Z6VII
27,132562 7,386603 S5VI
-3,527033 -5,759289 G8I
-16,498932 16,542344 J3VI
-5,291728 3,423566 S1VII
8,770288 -17,335820 S6V
18,411161 -3,960555 J1VII
2,604307 15,380579 S3IV
16,545892 -15,659473 N5V
16,939446 -5,296417 N6V
6,990573 -17,844243 N1VII
24,707192 6,856360 G5VII
10,291850 -16,458671 Z7V
3,434105 18,068339 S4VII
28,060640 -17,745511 J4VII
-4,404347 2,975386 G9II
8,186896 -17,753209 J4VII
-24,187331 -12,154030 S4IV
19,881195 -5,731282 S3VI
-4,048506 26,420906 S5VI
3,441663 17,225339 J9III
9,391951 -14,808153 L1III
-6,944726 5,909672 S4I
26,251568 -18,113201 Z1I
9,438409 -15,489168 L1VII
9,046744 1,216807 S2III
18,456640 -3,336280 G1VI
-5,775205 -27,438679 J8VI
5,741837 5,018204 G6V
13,142009 13,207045 Z2I
43,341048 -3,898188 G8II
16,336876 -3,024210 Y8VI
18,182062 34,969115 N5I
6,069640 -16,445805 L6II
4,434669 2,754755 L0V
19,121160 -4,596110 N8VII
3,208381 5,936705 N9V
19,914992 -1,954481 J2III
-3,257106 -2,822198 Z4VII
-15,439481 8,664987 S0I
-4,993607 -15,397477 S7VII
3,799923 18,189435 Z1V
-17,275310 7,703149 S1II
24,714795 6,483556 S0II
-3,709108 -6,587619 S7II
-4,001634 -23,039550 J6V
-33,090230 -33,418350 Z8VI
16,765768 -2,390109 S8VII
-4,927740 7,108576 Y8VII
-3,096755 -4,717404 N9VII
-4,200750 -3,688461 L8III
-5,239418 6,858872 J6I
20,913281 -3,011447 Y2IV
3,640224 4,130661 N1V
-18,309628 6,883884 J5I
-6,844357 4,299972 J2IV
9,602399 -16,748454 N2IV
7,095806 -14,629083 N4II
36,964995 -18,233869 L2VII
-35,419817 13,673963 J0IV
8,954447 -13,299205 Y6V
-19,881869 -2,518510 Y8II
-4,699879 6,599268 Y6VI
18,056045 -1,455805 S0III
37,753190 -21,106507 J5VI
-32,649185 15,969949 Y2V
17,446778 -3,424115 N5V
8,739968 -16,404826 J7IV
6,102329 15,435344 N4II
22,589734 33,040166 Z6II
2,559075 15,286657 G7III
-4,771483 5,803338 G5I
-17,632084 5,775419 Y0VII
-4,638333 6,364982 J3VII
2,421629 31,078550 S6VI
-34,033308 -0,759434 L3V
1,352632 16,547291 N0III
-14,480950 6,609476 Z3III
24,861674 10,096688 J4I
13,447620 7,787762 J9IV
1,456341 16,071722 N1VII
17,567425 -1,434264 G0VI
-2,592376 -3,990446 G4IV
7,260391 -16,209587 Y8VII
31,482720 26,275261 J7VI
10,309861 -23,876703 L9VI
16,143021 -3,371285 L7V
-5,701262 6,195727 G6IV
34,493650 -9,458478 L2V
29,652721 11,181540 N4I
9,232570 -13,701311 J4IV
25,214069 6,365542 S8I
6,255164 -16,276602 S8VII
17,422400 -1,055461 J0V
10,456853 -16,011025 L1II
16,501772 -31,511677 N8III
-23,997101 28,566854 Z0II
17,492956 -4,345247 L7II
-26,554554 18,433922 J8V
-18,354493 6,610052 G5III
-17,622037 -23,356170 S8VI
16,572372 -2,461103 G7IV
-6,865420 3,096617 G9III
23,783697 8,999970 J8III
9,488606 -16,078534 L6II
-5,113479 5,556070 Y7VII
-7,121450 3,201222 N3V
3,883510 18,339756 G6I
3,778574 3,652415 G4IV
-2,735711 -5,333244 Y2III
-4,113209 5,259189 N1VI
-26,617146 6,421589 Y9II
-3,256053 -5,370309 Y6III
-6,210472 3,900091 Z9II
23,334027 7,924848 S7VII
-17,673095 8,657923 G1V
40,082269 -37,612689 J5I
26,010401 7,232444 Y9II
-17,960096 6,415698 N3V
-23,260981 -37,692471 J0V
1,399675 3,737802 Z6VII
2,270543 -38,064331 Y0III
4,418404 18,178464 J2IV
26,616459 7,753116 G8I
18,480792 -5,494734 J6I
-17,729909 6,514473 S9II
3,702394 1,654097 J5I
3,943174 2,808459 S4VI
25,412406 9,448448 J0I
-2,814349 -3,465927 J3V
26,199903 -33,251265 G8I
-14,630796 8,993620 G3III
15,829728 28,572582 Y6I
-2,181658 -2,522592 N2VII
4,714431 5,971175 N9III
22,740314 9,045389 N9I
6,520282 21,564293 Z9I
-5,050060 25,710321 N6III
8,348695 -16,387262 S6VI
8,257483 -15,320724 L7V
6,552036 3,590812 J7VI
-18,440729 9,590082 G1VI
27,979300 13,258223 J1VI
9,943008 -15,832068 J6II
20,067240 -3,114039 N0III
6,170084 17,070773 S8II
41,838271 34,777826 Z1III
17,752127 -3,179752 N3III
4,555610 6,479622 Z1II
9,423883 -17,138634 Z8IV
17,791308 -9,462271 J5VI
2,912831 3,568969 Z7I
-14,256358 7,417841 L5III
-16,298109 8,204835 G8V
-16,888060 6,403294 Y5I
8,745211 -16,605165 S0II
24,911652 5,757096 S3V
-6,885189 6,276334 Y3II
40,434923 27,647697 S2II
2,747071 15,112402 S7VI
8,720841 -16,907442 J9VII
5,521455 5,267217 L1VI
-3,006278 -6,759663 Z7III
16,925669 -3,361767 Z6VI
20,443884 -3,851171 S1II
-6,863719 7,136190 J6VII
-12,673151 -1,368095 J2VI
-4,448787 -3,367589 L4VII
6,976751 -15,497339 N6III
-15,026063 6,007144 Y2IV
20,573427 -4,767427 Z2IV
47,360953 -31,183416 L7II
26,231012 8,137853 J1V
-6,829207 3,279872 Y4VI
8,722149 -13,352931 Y8IV
9,363545 -14,743027 Z2VI
-4,264964 -6,525512 J1VII
42,758362 -32,562691 Z4II
19,335601 35,128533 Z7IV
47,236623 -20,719764 L9I
25,522879 9,564333 G4IV
23,979415 5,606086 N9VII
-3,025361 -6,819197 J4VI
6,525885 -15,380831 Y2VII
2,868334 18,075453 N6VII
2,659282 3,548494 G4VI
-2,552985 -2,781919 J7II
-32,976383 35,358703 L6VI
5,808007 15,458949 G6I
19,811583 -3,220177 L8VII
-5,105963 6,622730 J4V
-4,740959 6,592560 S8II
5,690134 -14,535962 Y8II
25,432174 9,108645 Y2IV
9,866393 -16,748226 Y5IV
-5,225467 -2,509491 Y6VII
-5,858526 -32,176407 Y5I
32,733970 -8,397692 Z2VI
-2,526852 -2,085342 J9IV
6,007744 -14,716044 Y9VI
20,704429 -3,102411 L9I
-37,084908 14,690040 Z0VI
2,159749 15,016391 G5IV
-15,269642 9,045851 G3V
-4,539240 5,125817 Z3VII
5,048582 14,295815 Y5V
-6,484657 3,967756 J1IV
25,103315 9,377609 Y6IV
19,420233 14,979324 S7III
4,706122 17,872303 S4IV
20,549071 -2,898437 J2I
1,756599 14,147114 N9IV
-2,815430 -6,518585 J6I
24,322625 8,633429 L2III
5,554140 16,684973 Z0III
-12,274831 -34,060883 L4I
5,510339 5,709367 L9III
-7,176961 4,053798 J9II
8,742142 -13,845205 J4III
4,935207 3,720726 Y8I
2,649021 16,744241 S5IV
25,122560 8,524182 L3I
26,984841 7,506725 Z2IV
4,980100 17,858470 Y8II
17,888111 -5,185328 Z2II
2,831223 4,119683 Z4VI
16,298736 -4,487651 J0V
-4,383668 4,194804 S7VII
1,490049 -18,875981 Y8IV
-3,344827 -1,963756 L6VII
9,484025 -13,260709 L2V
5,867582 5,225728 G7I
-4,585152 -4,766316 Z0IV
15,871966 25,642979 L9I
33,299943 -0,296359 G4III
-6,575110 4,360375 J6V
1,453479 16,465424 L6II
-6,617375 4,271135 Y7IV
2,517008 5,266025 S9V
4,224375 13,814570 J7V
-9,105621 -36,622324 G6V
16,844975 -3,674966 S5VII
23,537115 6,443145 J6VII
3,930266 2,936066 S8V
28,654873 -6,772155 G9VI
3,529588 16,779453 J5III
23,954978 8,552224 Z1I
3,653086 2,928386 G9V
5,068788 5,282716 J2I
3,778839 2,307967 N5VII
-19,369602 -17,604469 N1IV
-7,346801 4,261514 S1IV
26,547410 8,002124 S0VI
-19,456470 -3,776073 N7IV
-12,602820 -7,602442 S2I
7,369897 -17,598364 S5II
23,988114 6,451867 N1I
7,238330 -13,588618 N7V
24,148984 6,281353 L4I
-17,925800 5,577498 L0II
-16,929519 9,917014 L3III
5,427641 6,248983 J6VII
7,238282 -13,910878 Y6VI
-2,724465 -6,230117 S2III
19,113566 -4,003570 Y3III
-2,020865 -2,532712 G1I
-22,415946 6,913938 J7V
44,289150 -16,297029 G1III
-3,999940 6,013525 S1VII
9,539012 -17,244471 Z8VI
18,193448 -1,709274 N4II
17,952136 -3,328034 L1II
-37,829582 -37,054245 L8IV
7,034179 -13,707455 L9VII
2,426541 15,583387 L9V
5,583030 15,165853 S4VII
-17,887246 8,051542 Z8II
-34,489187 -37,944507 G9V
6,404199 4,647359 Z9VII
-4,184677 -6,057145 N8VI
39,718604 29,064622 L4VI
-6,049305 3,777195 L0II
20,417211 -2,521647 Y0III
2,538142 3,961812 L3I
8,092717 -13,942913 G0VI
-8,225254 3,929004 Z0II
19,026801 -3,121289 S3III
24,665263 5,163158 Z5II
10,660802 -16,074912 S9V
4,920705 17,004312 Z1VI
26,684580 6,480984 N1II
40,960025 3,076779 G5VI
2,680430 4,471206 L3VII
22,287392 24,643601 N4V
23,853838 9,834458 J4IV
18,020194 -4,229683 L1II
17,550272 -21,075081 G7V
-18,432859 8,556825 Y0VII
-6,180320 -5,070790 Y7VI
17,381221 -2,155058 L1VI
-2,948432 -4,771234 Z0VII
29,747058 11,077482 Y7V
-6,939790 4,032694 L6III
-2,924717 -2,881143 G6V
-3,476901 -3,316145 Y0V
21,134202 -3,971515 Z0VII
42,606128 25,720272 Y1V
-17,291248 7,763982 Z8IV
3,958638 16,569036 Z1VI
-18,076689 9,512520 G7VII
5,421172 16,654307 S4IV
18,485308 -2,980248 Z7III
6,625936 -15,444481 Y6VI
-24,939340 30,418766 N1III
25,399869 9,044030 L5VI
-18,724152 7,685091 G2V
-7,336950 6,688846 L0VI
18,247927 -3,318940 J2IV
18,211132 -4,858542 N9VI
25,211968 6,450439 G7VI
5,083215 15,936956 Z8VII
4,758754 17,269901 S3VII
-1,629420 -5,213318 N5V
-13,314533 -12,351041 L0I
-16,228476 -14,524764 N9VI
23,094893 9,160266 S3I
20,150855 -1,943304 Y7IV
-15,994687 7,538323 L9IV
-3,996544 6,325634 J0VI
-2,874502 -2,303664 L6I
-32,214534 34,433745 J4VII
4,021952 14,219174 L9VII
-4,291053 -6,554212 L9VI
-9,049621 -10,800949 Z0III
7,691708 -13,327227 Y6I
-3,886642 -2,536386 Z9V
1,736269 15,319283 Y5III
3,862651 14,891364 N3VI
26,660040 7,969186 Y7V
16,481559 -2,493980 N1II
42,972574 37,309863 N4VI
-3,496343 37,458359 G6VII
6,457117 -15,506735 S7I
5,074215 2,284272 G9I
-15,046910 5,876275 N6I
27,115527 7,578640 J7IV
22,835320 9,057207 G4VII
2,768264 14,170011 S2VII
8,586643 -15,258549 Z7VI
-15,526325 6,284781 L1VII
2,420844 5,791911 Y9II
-6,960281 3,555165 G4IV
-1,428861 -4,874463 N4IV
17,862899 -2,887153 G0II
-38,632514 31,328987 G3I
9,706186 -15,795868 N1V
3,878716 15,771518 Y3VI
-3,284451 -6,690896 Z0VI
-4,733047 -3,345404 G9VII
41,575552 -4,441024 Z8V
9,653171 -17,161836 Y8VI
-4,976761 3,878333 Y2V
-9,307190 13,663811 Y8I
3,304066 5,509426 G1V
-2,257779 -5,566724 J6II
24,048470 9,587178 Y0VII
32,268158 -30,353632 L0IV
6,232358 -14,477775 N7VI
3,119003 15,183963 L2V
15,113447 27,515559 Y6III
-29,262671 -3,047358 L5V
-2,722555 -3,125840 Y8IV
2,583033 5,838711 S3VI
18,879902 -1,704301 J8I
26,389102 6,356205 L5VII
20,405713 -2,884317 J7VII
-6,014234 6,290444 Y1VII
6,093117 14,929650 J1III
1,599237 4,767218 J0IV
24,549742 8,600510 G4VII
-14,649801 6,510142 Z2V
19,107074 -3,494679 S8I
19,142689 -31,946267 G0II
8,104647 -16,693244 Z7V
-36,564380 -14,748806 N9VI
9,588069 -13,410393 G0III
8,902753 -17,923820 L2I
24,466802 7,957803 L9II
1,858583 17,074653 Y3VI
2,428518 17,192488 N8I
38,006355 -29,356054 Y8I
3,983497 14,492559 G8VI
3,891656 18,404296 S7V
-31,778763 1,088960 S7V
20,098084 -2,438453 J2V
4,333762 15,197527 Y5V
40,897849 -21,001762 Z9VI
-23,900476 -14,453151 J1VI
19,358149 -4,950117 Z2II
18,847165 -5,953772 J2V
8,586631 -16,842589 J3II
-18,145325 9,679581 J5IV
16,458131 -3,750506 S1I
-6,239810 -3,941441 J5VI
-31,162770 25,108458 N3VII
23,380001 9,919661 S3II
18,000744 -5,659690 J2VI
31,607182 -25,694646 Y0VII
7,642685 -14,052720 Z7II
2,283168 17,505903 S7II
21,195890 -3,082305 J1II
-3,708923 5,100358 J3IV
-5,820583 -4,791377 S2II
19,150416 -1,280305 Z7IV
7,360464 -15,585672 G8V
24,283529 6,312948 L7VI
-13,383309 18,978140 J6III
9,993904 -15,269419 G9I
-18,002999 6,871121 G5VII
16,934406 -2,327736 S8II
4,845297 16,444424 S4I
-17,500644 7,373319 S2III
7,470065 -12,848705 S7II
33,109973 0,901019 Z7III
26,623305 8,786452 Z1VII
2,308931 4,608061 Y9IV
2,969903 2,947990 Y2I
-7,658912 3,528164 Z5VII
1,214761 16,073953 Z8III
23,560485 8,262716 L7VI
6,153652 3,937896 L0VII
38,842172 -8,411096 Z8I
4,829080 14,228600 L7VII
16,699954 -3,737004 G9V
-5,742069 2,801983 N7V
1,492972 15,205952 S2VII
-5,465293 -4,559092 J0III
-1,843053 -5,549746 Z6V
24,125928 9,149435 L1IV
45,244007 -21,222457 G9VI
-6,190185 3,459105 Z4III
-18,484944 6,526781 G3VII
3,662506 5,185549 J4IV
22,763995 8,754615 Y2VII
14,623740 5,973185 J6VI
4,136969 15,745774 J1V
-5,313975 -3,117667 L0VI
7,697239 -13,492327 J1V
7,190583 -14,195557 J9III
-6,054793 5,365488 L4IV
-18,933054 8,320979 L8I
23,399686 -27,469683 Y0IV
-18,901351 7,845135 L7III
-15,070379 -25,893902 Z8II
-6,795364 -31,793614 S3V
37,722728 9,740615 Y3VII
18,895252 -1,255036 S6I
-26,902849 -3,868589 N4IV
6,395750 -14,795647 Y5VII
3,588227 4,714874 N7VI
35,899056 -11,892089 J1V
-4,116474 6,183210 Z2I
-19,643928 2,114945 Z9I
23,340388 5,741087 L4V
17,678293 -1,648835 Z9V
-31,773851 21,073765 Z0VI
-15,384817 5,622459 S4I
-4,384859 5,284535 S8VI
-34,472567 -13,674465 J4VI
-4,490477 -29,510342 Y5III
26,262817 6,192464 L8II
9,379115 -13,991339 S0IV
5,281329 14,566108 G0VII
41,560098 -18,776963 G0III
-7,321308 5,508438 S3VII
-0,338517 -14,878936 L0VI
-4,177949 -4,763106 Z3III
8,984299 -17,366389 J3VII
-6,802554 4,133861 Y4III
-23,367347 4,174474 J3I
16,865395 -3,704894 L2VI
-7,059099 3,544559 J8IV
-17,161879 10,120756 G0VII
26,540189 -20,199820 J6V
26,504399 -4,443475 S5II
5,705663 14,368210 N8V
5,981131 -31,284429 N2VI
-24,103414 2,891473 J5III
17,242167 -2,231582 J3VI
4,271185 14,444820 Z6IV
32,712748 28,066797 Z9IV
4,824943 18,144899 Z6VI
17,428433 -4,801494 Y2VI
-7,306505 6,369202 L0I
3,532183 17,155430 Z5III
8,043753 -13,066605 L4V
5,163435 4,965597 Y7IV
-1,896980 -4,693114 N9VI
5,228092 2,905009 G9II
7,006384 -15,223269 Z6VII
3,079630 1,677147 G8VI
-5,418958 7,516444 S2VI
-7,416463 7,116501 Z5IV
3,464932 18,170317 N6IV
18,892050 -1,171970 L6I
24,449872 9,408801 Y3VII
2,837553 17,699059 N1II
25,212235 7,697844 L4II
-2,431090 -3,833593 S1I
-6,673505 17,065055 L1VII
-2,900064 -6,628446 Y6III
-4,622319 -4,978195 G6VII
-7,910440 26,211429 Z7VI
1,670523 15,890737 J8II
17,766276 -2,210013 Z5III
-15,768424 7,168478 G3V
-3,513643 -3,977841 L2VII
-2,191689 -2,667486 J0IV
-6,390767 3,812746 J6III
4,080412 3,412891 S3II
-15,423873 7,582983 S8I
20,375850 -4,131989 Y9III
-25,362022 -4,212870 S1III
5,539397 2,971155 Y5IV
17,453897 -23,260856 N5IV
6,235787 -16,513178 Z4VI
8,628631 -14,058458 L5II
11,662215 26,732911 G5VI
8,364239 -15,908213 G9VII
2,790352 5,174758 L4VII
-30,295153 30,169131 Z0VI
-1,921560 -6,290999 J8IV
21,364310 -29,671007 G1I
8,765040 -17,213971 N2I
20,968824 -2,335116 Z4III
23,263155 7,036396 Z4VI
3,203066 2,895209 L4VII
-5,842381 -5,491823 Z9III
5,657824 -15,878792 Y6VI
4,867861 5,665826 Z9VII
26,229724 8,667975 Y7VI
-3,620582 -5,813640 Y3V
41,322109 -21,884384 J5IV
-16,223776 7,290446 Y5VII
5,543341 4,298255 L6IV
28,752960 -1,345698 S4IV
-16,267957 5,178427 J7IV
30,367753 -36,599867 Y2II
25,461501 -10,439302 Y6II
5,821561 14,949084 N1VII
-7,063134 4,790737 J5VII
9,366713 -16,917853 N8VII
2,766070 14,832317 Y8V
3,892672 6,659566 S5IV
-7,236874 23,875989 G1I
28,150450 -18,391698 Y5IV
36,144797 22,048093 S9VII
6,901360 -16,913155 G4V
20,775336 -4,532055 G1VII
1,862506 3,245415 G4IV
24,017133 9,391572 N0III
-2,568730 -2,706274 Z8VII
3,496323 4,037144 Z5IV
20,832068 -4,622276 J8II
-18,324980 7,572869 J1IV
19,874402 -3,329782 Z6VI
25,713875 6,430573 N9VI
2,878535 5,219193 N7VI
17,892183 -30,280366 G7VII
-4,798097 -5,023582 Z4III
-16,649880 10,236216 S5IV
-18,559076 17,693720 N6III
-17,343565 10,259198 J1V
-5,921773 7,585487 L9V
5,772595 3,261743 J6V
24,068001 9,284946 N6II
18,319641 -4,310666 Z6I
-15,792557 5,651412 Z6III
-2,651782 -2,980256 G5III
5,840612 3,174994 L1III
-5,215361 -4,187900 Y6VII
-18,002284 7,110282 L7V
-4,171428 -6,417722 L6I
-15,672265 9,287622 N0VI
3,057880 2,519249 N8II
-15,530900 9,382118 G6I
25,104499 9,091986 J2I
29,317019 32,666547 L9VII
6,541119 -15,361736 Y6II
-16,016441 9,247176 Y0VI
27,160094 -23,534159 J2I
33,137003 -12,450410 J8III
3,199966 16,601011 Z3III
-4,361462 -4,878813 S5IV
-18,256324 7,446331 N1VII
-4,673011 -6,526233 Y0VII
26,337474 8,011701 Z9II
17,684160 -4,337957 J5III
-6,746541 2,933839 J9II
33,473078 35,395566 Y3VII
22,886654 9,518720 Z4III
-18,259869 7,596228 J2I
30,502196 24,623805 Y5V
9,559242 -16,037577 Y8V
6,260873 4,197098 G6IV
3,161046 5,738510 N9III
-10,199612 -34,867882 N6V
43,915921 16,268226 J6IV
-6,108396 3,636784 Z6II
47,167328 -30,592569 G8III
41,757793 38,095000 G8I
3,163757 13,457538 Y4VI
-6,774307 7,130449 L4IV
-5,052306 7,050658 N1VII
17,025245 24,881680 Y5V
26,602613 8,794075 N9IV
-4,806755 5,291559 J7VI
16,023333 -2,976123 Y7V
-26,877905 -8,273948 S3IV
-6,986721 6,883499 Z8IV
23,313033 5,618894 L2II
9,044280 -16,200420 Z0I
-35,879363 -37,460768 N2VII
40,020484 4,056528 Y4II
19,197803 -4,819671 L6I
25,158636 20,564777 J8II
13,189919 36,997989 N7III
17,183852 -5,040259 S3III
-6,161274 5,551805 Y1I
-17,119129 7,477174 N8I
-8,097558 5,286372 N8V
-2,782246 -5,827054 N2I
-23,176741 11,934913 Z5II
3,201321 3,400956 L2IV
7,071845 -14,050111 L8III
-23,806769 19,592688 G4V
19,901026 -2,008620 Z4V
18,398368 -3,821151 S0III
4,221621 15,768341 Y5II
-3,057169 -35,002620 J0III
-5,420946 7,589540 J5V
-9,263191 29,059099 N3III
26,210316 9,635369 N8I
20,499310 -2,263297 Y5VII
4,611348 15,048800 G3III
-4,941916 -2,377901 J4I
33,251719 -20,760905 G3VI
-4,917211 5,289869 Z6II
-16,961285 -2,890838 Y5II
45,076475 -8,428355 L0II
3,570159 27,788229 G2VII
-2,502838 -21,414489 Z8VI
1,722687 16,849014 L8IV
-8,511776 5,131038 S6IV
-1,499305 -3,867716 G0II
-5,944425 6,656670 N8IV
9,621377 -14,088668 G4I
-3,696768 -7,083378 Z0III
8,213624 -16,463770 Z6I
16,342621 -4,392335 S4III
-15,760982 6,373315 N4IV
38,155279 -33,915383 Z6VI
3,320327 17,210100 L8IV
-4,369176 -5,905676 N5VI
-18,287682 7,800832 Z9V
3,132298 2,712985 L3I
17,623163 -1,740694 Z0III
-5,325009 -2,439224 G6II
24,235356 8,435329 G3III
-3,561634 4,027148 J4VI
-10,261963 -13,454034 S1I
-4,142662 -13,071054 J5II
20,867477 -4,066505 Y2VII
17,669265 -5,942054 J9III
23,765822 5,657005 J6VI
-32,440222 33,066947 G9IV
-2,543089 -3,177251 N7IV
4,681599 13,985976 L1I
26,912356 8,966065 Y9II
-31,308169 -3,102194 J0II
2,740666 2,233205 G5VI
-4,389952 -5,570708 Z7VII
33,334108 35,434002 N2VI
-16,283061 5,970057 G9V
-5,526390 2,530395 N2II
19,031089 -5,671245 J0V
-6,953126 4,164744 L0I
35,571151 -24,313501 L6II
22,373056 -27,597235 S0VII
47,427805 -3,416805 L3II
31,188462 5,484445 G0I
24,087904 7,697648 J0III
-5,100338 -3,416796 G2VII
10,319564 -13,973969 J5V
2,786251 15,882967 N9VI
-15,209747 9,243692 G6V
-15,023059 7,004120 G7II
14,415989 -33,927069 Y2VII
37,784880 1,889183 G2III
31,695760 34,005802 S2VII
8,235802 -17,586076 S1IV
1,511184 4,563042 Y5I
4,089951 17,788357 G1II
31,659089 8,972646 G1II
5,791775 3,503704 Y8V
-2,896394 -2,611620 L5VI
4,366791 17,462423 J2III
3,216546 13,612339 J4IV
-3,868253 6,607374 Y1II
-14,813825 6,768857 G5III
-4,080134 10,968250 L4IV
34,121829 36,624531 L2VI
5,578787 5,495559 J9IV
1,401768 4,785646 L3VII
1,634443 16,411630 J5II
-4,028459 -3,597971 N5I
31,797650 -1,253720 N4VI
34,189292 1,478442 Z9IV
-24,641387 -13,298122 N1III
-5,033626 -3,978469 Y2VI
-5,782574 -3,872778 S8I
-15,253852 9,006985 G9III
21,553852 -19,666739 N4IV
2,870638 15,950493 Z6V
-5,345246 5,657448 L0V
3,707054 6,086810 G8VII
6,310670 4,733961 S5VII
20,208080 -5,107839 Z4III
-22,313613 0,228865 L1VI
-9,518572 -30,419200 Y7III
9,539963 -14,001853 N7VI
-4,465525 -5,515826 Y7I
-6,754451 7,621919 L6III
13,316091 28,277430 N5III
24,509752 6,089970 S6II
23,441805 6,684621 G5I
-17,606459 5,554230 N3V
-1,428645 -3,537880 Y6V
23,630480 9,512119 L5II
5,106222 1,904531 Z9VI
-8,099305 6,443786 N6II
5,213088 17,020197 Y6VI
-4,442038 4,444651 G7IV
4,609896 5,965950 N9III
-24,233417 25,054903 Y2VI
-35,450269 22,875721 S1V
12,755630 35,921748 Y7IV
38,149094 21,876969 G1VII
10,293032 17,491346 L7V
2,227957 13,994142 Z8V
-5,470870 5,595100 S5VI
-7,520876 6,491300 S0VII
5,870569 4,758744 J0II
3,970763 16,743779 L8VII
-5,062887 -6,631969 L3III
3,838624 3,509218 S4V
-4,580460 5,179100 L4VI
42,146235 5,619846 S6VI
-16,563695 6,986816 Y2II
-1,539055 -4,160972 Y4III
-4,507817 -6,030928 G2IV
24,544253 -6,718475 G3VI
25,510854 7,764941 Y2VI
-16,351220 7,010142 Y3I
26,214974 9,968767 N5V
-14,448089 7,071670 Y5VII
-2,612820 -5,709309 Y3IV
-5,563077 6,217562 Y8V
6,834180 -13,230277 S9VII
-3,875341 5,556529 Y6VI
-15,861534 6,552633 Z2III
8,891209 -13,347239 S3IV
7,948120 -14,803015 G1VII
30,949240 22,888242 J0VII
-16,538125 7,581745 Y1VI
41,829842 18,993233 Z0V
-3,861091 -5,970933 Y5V
4,880355 6,177620 Z1II
-4,899708 -6,127421 Y1VII
-0,996028 -30,259375 Z3IV
-23,109790 -35,906290 N2V
17,425805 -2,984097 Y2II
3,104321 4,074377 G0VII
15,146261 1,902971 Y7I
28,815321 -0,427237 N4IV
1,607168 14,592349 J0V
-18,799075 6,546853 N3IV
7,707213 -15,540616 S8VII
3,906833 15,684510 N0VII
3,858814 6,199328 G8I
24,717578 5,201306 S8III
-22,221957 0,743756 Y1IV
16,980676 -4,973288 J7VII
7,970369 -14,739682 N6VI
5,659696 4,292649 G5VI
-18,807946 7,418912 J9VII
17,672356 -5,254750 G8II
8,914010 -13,481474 S0II
3,509369 14,633964 L9V
-15,703034 8,468492 G1VI
26,076555 6,895156 Y9VII
23,120044 9,379522 L2VI
5,152828 16,466921 Z4II
17,179139 -1,657975 N8V
4,212325 2,101613 G0III
-15,640496 -5,309112 N2IV
-4,024678 3,218165 Z5II
2,277713 15,467045 S0IV
47,054441 29,527675 N5II
9,583394 -15,736863 Z0IV
26,380686 5,603746 L8V
3,036613 15,648232 S8VI
-34,889096 -13,073942 N0VI
-18,847588 8,358301 L5II
18,270992 -2,484870 L5I
22,766506 7,102099 J8V
4,993686 15,647579 Z3III
5,420069 4,353311 G2II
-5,767028 -3,328180 N8VII
-5,420872 -2,982878 G6II
19,609542 -2,933328 L9VII
-3,926743 6,355444 Y6III
3,532752 16,282637 S2I
3,635565 4,889189 L7VI
6,139242 14,365411 J1I
-2,031010 -4,964286 Z9II
-16,264211 5,166527 G8III
30,815251 -35,287317 J4IV
-17,129958 9,074078 Z0VI
-12,299807 34,919809 S5VI
5,069563 14,229942 Z1IV
-15,847958 8,371102 S4VII
5,470596 4,296631 Z8VII
-7,643036 4,954287 L2IV
8,729010 -14,684502 J4V
30,008968 -18,992506 N6I
25,785945 9,569832 J3I
-5,079375 -2,222455 S6V
20,153388 -2,758926 Z1VII
-15,131180 8,840803 Y4V
-7,329340 5,777062 Y4VII
31,656833 28,189637 Z6IV
-1,244523 -3,878003 Z8V
19,892084 -2,699584 L7VII
19,017251 -5,436491 L4I
17,285787 -4,703570 G9VII
38,334334 8,667744 J6VI
37,337261 33,186243 N5IV
-11,927960 31,901988 S3II
-2,225847 12,113597 Y3VII
-2,723890 -4,700025 Z0II
-29,483000 9,344698 J2II
12,867732 31,651165 L4VII
23,883110 9,647853 J2V
19,496770 -1,274731 Y7III
-24,247231 -25,202438 Z8II
2,143349 14,609867 L6I
16,873473 -2,575669 Z8I
-23,023686 -19,818214 Y7II
-3,142830 -3,086786 Z7VI
16,940118 -4,198602 G2VII
8,113444 -16,625276 S1VI
4,579816 5,787296 L3VII
-4,111076 3,438022 L1VII
-5,028779 -3,941004 Z6I
1,545114 15,620918 S8V
3,398888 16,253083 N6I
-6,362530 7,094070 G8I
-3,398589 -6,180796 S8III
-4,964361 2,833241 Z9II
2,747717 3,781633 S1I
-5,624139 -5,043356 S5III
4,219655 4,143733 G5IV
4,606391 2,711818 G8VII
-2,968297 -4,939776 G4VII
17,246657 -3,944057 S5VII
-15,145587 6,244739 N0I
-17,981782 8,596870 S5I
-5,254303 -6,467285 Z6II
8,467363 -16,764916 J8II
-3,743217 -6,472991 G8VI
6,615209 -17,297402 G2II
-3,629416 3,594756 Y4VI
-16,187911 9,398014 J9VI
-4,895793 -5,797391 J7V
20,043184 -4,789872 Z0I
26,583667 5,969319 S5I
35,769375 -24,171027 J4I
6,305520 -14,284745 Y8VII
43,319858 15,403265 J2I
4,381652 1,480368 N9VI
3,820080 13,630343 N7I
26,690511 8,565473 Z8V
-15,495753 8,286717 S6VI
30,258970 25,983743 S9VII
-5,608183 25,412482 N9VI
-26,683171 -23,163714 Y7V
-18,961941 -23,401571 G9II
17,025541 -5,329909 J4II
32,416867 37,928515 N0II
20,973316 -16,193291 J6VI
3,426351 3,325734 N0VII
-17,193438 8,618838 Z8III
18,578200 -4,273399 G7III
18,922166 -5,201550 Y8V
12,626014 18,395656 J9V
-16,452116 9,094974 L1VII
-13,042702 -27,893333 G0III
-15,715084 6,930608 Z1III
4,329596 -32,078528 Z9IV
18,218506 -2,375812 L0V
6,928580 -13,538202 Y9I
-37,405914 -4,787508 Z7VII
4,426319 15,919724 J4II
5,108214 6,488077 Z3III
1,356643 16,724726 L5VII
19,380403 -1,636201 Z3IV
22,762413 7,277583 N0V
28,257907 -3,830748 G4VI
27,249809 7,463407 Z1II
35,510842 3,047490 N9I
-34,273580 -2,683650 G1VI
25,406789 5,680169 Z3I
25,011151 7,180915 Z7IV
2,022371 4,251852 N7V
1,596075 5,317892 Z4VI
-25,593957 16,739158 L9VII
-7,990609 18,162652 S6III
-4,996535 -3,542558 Y2V
2,543374 3,959309 Z8IV
24,143575 6,509039 Y7V
20,312163 -2,921699 G8VI
9,950340 -29,695503 L5III
5,812625 17,266447 S3III
-2,043809 -3,961498 N7I
-28,919338 -21,326732 N9VII
-2,678653 -2,268942 G4VII
10,328614 -14,088675 J2II
26,244908 37,195905 L7I
-33,838486 -19,218754 N1VI
-4,448407 -5,111053 Y1II
-4,142709 -4,323437 N1II
21,565324 33,269592 J3VII
-38,223900 0,011628 S2VI
5,971575 5,847464 Z5VI
2,861075 14,682887 G7V
-7,242574 16,790033 G9IV
-3,042632 -4,588668 G9V
19,722873 -4,991072 Z0IV
19,237454 -2,335431 N1V
-22,253650 -24,373698 J8VII
-5,148810 -4,829952 Y7I
9,915047 -16,728082 S0IV
3,150027 5,828454 Z9V
27,107921 -35,278133 Z8VII
-16,483172 7,938207 S2I
-5,752021 -5,922602 Y6II
-1,694722 25,480060 G0VII
-2,968103 -4,783694 L4VII
-7,443398 4,276208 S0IV
46,486217 -20,726907 L5III
26,922837 7,761110 N0III
26,219152 9,201531 G1III
4,359440 16,942609 N9VII
5,021299 6,193711 N8I
-16,847183 6,573919 G7V
5,029775 15,294071 N1VII
6,116959 2,715535 L8I
10,477581 8,280160 Y2I
2,710089 2,855579 J3VII
-24,411989 1,070155 Y8I
-15,252513 9,458743 J1I
3,473031 13,278876 Y2VII
-3,025996 -6,236843 N4IV
18,101401 -3,970326 G4V
10,323891 -16,746859 L7VI
16,542470 -2,764798 S4VI
5,662566 -15,506508 N4III
10,405635 -16,807125 S4VI
-5,341796 3,350525 G4I
2,911103 4,374544 Y2IV
17,600342 -4,835882 N9IV
9,098792 -17,108244 Z6VI
6,226634 3,854331 Z1V
6,069528 14,758558 N2VII
-6,536646 7,689426 L3VI
25,813225 -2,069129 Z5VII
-18,950536 34,499282 Y7IV
-6,208231 5,846632 N5V
-5,218581 -6,509562 S1VII
10,737685 -15,499250 L0V
6,291452 16,797019 J5IV
-14,645947 7,821542 J7I
2,847528 1,843074 Z9IV
-21,454722 -14,736112 G4VII
-37,871887 -12,008114 Z2V
5,807228 15,463929 G5VII
23,752269 7,339018 S9II
22,824393 9,386011 G4III
3,854383 15,541833 J5V
9,572352 -14,903196 G2VI
-17,724524 5,917052 L8VI
3,009643 2,587805 G1VI
21,027108 -3,675739 L3V
-4,343971 4,401185 J4IV
23,624557 8,060555 J7I
-15,918544 7,037679 G3III
-5,021660 -2,235203 Y9V
2,670908 6,052391 J4I
-4,455800 -5,950393 J8IV
8,021078 -14,413052 S8III
4,486444 5,633425 N2I
28,712753 -19,062986 Y3VII
24,995627 10,246529 G5III
-10,754507 27,769378 S2V
9,487313 9,892305 N0VII
3,529933 1,795819 Y3VI
-4,078131 4,661311 G3V
-4,059482 4,232041 G0VI
-6,267727 -25,391963 N3I
-4,906916 -5,414951 J9VI
5,714818 5,765230 G3II
18,263308 -3,316859 S9VII
23,114613 7,588300 J5II
-16,140233 5,700193 G5VI
3,254974 5,826855 G9I
17,282746 -5,261443 S6IV
-15,575491 6,956913 J5II
16,110629 -32,434202 G5II
4,024822 14,899891 L7V
-2,637180 -4,184302 G8V
2,937921 3,172099 S6VI
7,935335 -16,578907 J5VII
2,871796 -10,437217 N0V
9,022819 -16,229570 S2IV
-6,319714 3,828193 G4I
2,952659 1,849508 G6I
2,567527 3,120634 L6V
-5,459017 6,415882 G7VI
-5,978044 -31,635208 L2II
10,064282 -15,415421 J3I
-5,915375 -4,972079 S6II
-1,779905 -6,119876 S8I
31,559897 25,833183 S9III
9,044245 -15,095598 J4VII
4,247668 15,180667 S6II
-5,462515 5,985549 J0II
19,047313 -31,412517 L4II
18,609824 -2,899716 J7IV
19,123373 -4,271409 Y6IV
-6,229558 -3,355208 J0V
-17,397994 9,879871 Z3VII
-12,834950 19,497032 J9I
1,751623 4,649168 Y8VII
-1,588043 -5,746653 L5VI
17,033629 -2,235224 S3VI
47,455626 -19,365259 G3I
4,905747 3,554567 Y0II
24,779809 6,951829 Y2II
3,715410 17,396971 S3V
4,593225 16,794219 Z3II
2,714506 15,112871 J0III
-24,465746 -27,478489 N2IV
18,261301 30,885344 N4VII
-5,363631 3,044554 G7VI
-27,480897 33,108414 L3VII
26,474678 8,170298 S8I
-3,388994 -3,845292 G3IV
17,109714 -1,881528 N7VI
31,664259 12,688224 L7II
17,970546 -3,533507 Y7II
16,426842 -3,400519 G8IV
1,762723 15,821762 Y7V
3,184472 14,800651 Z5VII
2,643583 1,817462 S3VI
-17,141307 9,385101 L7VII
3,636489 4,674851 Z1VI
5,614987 -15,270562 Y6I
-13,945905 8,455034 L2I
11,850720 31,343945 L7V
-6,315712 -37,908117 G7I
2,961925 6,165782 L3I
1,621829 25,720980 L2II
-32,420430 20,087412 G8IV
1,936938 3,615160 L8I
-23,304169 6,110859 Y7VII
25,675459 7,217708 N0VI
43,075450 -16,138596 Z6III
3,819282 17,567368 J3V
-4,509903 4,162374 J1VI
13,679792 -30,643474 L8VI
17,887522 -3,165365 S8I
3,807153 17,077806 L9II
3,999691 4,066977 G1VII
-6,888405 3,324447 J7II
19,717607 -3,693172 G2II
3,699162 14,597821 Z8VI
-18,027743 8,630805 L0VII
25,296400 9,791139 Y5IV
-14,588906 8,135507 L4V
16,935294 -5,316080 Y3III
-14,677633 7,334953 S5V
-5,347112 -4,952171 J1V
-2,527285 -5,762808 N4V
5,254912 17,859216 Y6VII
-18,092850 7,636486 G7VI
18,094227 -28,570618 N8III
2,450347 3,568362 N0II
21,207347 -17,922454 J7I
9,489338 -17,207130 S5III
19,553892 -1,773913 Y5VII
15,165400 -37,697502 Y7IV
-16,474555 -0,876114 Z2VI
32,761079 -6,301530 N4V
17,381761 -5,127079 N9III
8,487377 -16,687702 G5III
4,257054 16,942585 G6V
9,469984 -1,282598 S1V
-4,730763 -5,752444 Y7VII
-6,452675 3,678082 G4II
-1,491714 -3,700619 Y8II
-3,749811 5,066726 L0IV
4,942214 13,991905 Y6III
4,429423 3,766414 S7VII
45,054093 -9,937813 N6II
2,928924 5,954795 L1IV
-0,141257 -33,839939 G2V
18,707931 -6,122931 N1VII
20,296774 -4,111678 S8VII
7,580908 -13,625528 S5IV
10,193587 -13,741242 N6VII
19,828864 32,897245 N2V
17,151971 -4,546243 L7II
-6,430428 4,974973 G7IV
22,701326 8,626165 Y9VI
-6,220735 3,155653 L6IV
-17,297268 5,996931 N9VI
31,661112 8,715883 Z5I
-2,385978 21,178026 J9II
26,286303 6,428074 Z3III
-6,083055 4,540392 S1V
8,847917 -15,798433 L3VII
-9,595116 33,420414 J4VII
6,086743 34,122312 S4IV
-19,103623 -30,346493 J7I
-5,114658 6,875589 S0VII
18,089810 -5,417218 L2VI
19,547158 -1,169653 L9II
-10,702835 30,490055 Z7VII
6,306889 -17,360064 S9VI
17,881173 -4,517490 Y5IV
10,402490 -14,094578 Y9VI
46,311012 18,261259 N8VII
27,083625 -14,437652 Y9V
5,401272 2,298271 S7IV
37,016300 29,167583 N1II
18,055177 -4,510998 S8II
24,829275 9,329372 Z4V
-5,263067 6,625400 S0III
7,904046 -17,697507 Z6III
24,458151 8,507319 N7VII
39,393478 36,305747 Y3IV
9,681199 -16,288071 Y3I
17,598702 -2,333450 N7VI
4,970721 5,455018 Z2III
16,868222 -2,114433 N1II
6,421385 16,039480 Z7VI
-16,608833 5,853302 G8VI
39,864597 7,357447 G2VI
-3,118378 16,544830 L1V
-7,110974 6,729660 J0V
5,988016 14,126026 G0III
23,489712 8,102290 N0I
6,784464 -15,234500 J0V
-2,108919 31,077899 Y9VII
3,138577 15,709865 J7V
4,381647 6,270449 G5V
16,441469 -4,138196 Z9VI
5,668891 14,947302 Y4II
24,337968 5,644022 S6I
-15,782335 19,696218 G8I
-5,855284 3,377096 J2VII
34,268611 23,566619 J7IV
17,563976 -2,326671 S5II
17,731601 -2,885927 G9I
5,505414 14,961409 S7II
3,045593 6,477907 L9II
5,964281 -15,446709 S3VII
-4,272876 6,340887 Y3II
-18,527628 6,980377 J0VII
19,132088 -2,640144 N0VI
-2,608010 -2,181716 L4VI
-17,226666 6,578697 L0I
-5,162992 7,020806 Y6VII
15,143236 20,341434 N0VI
25,583302 9,022247 S5II
4,927457 18,063771 J8II
33,650154 38,357364 L3V
7,751641 -16,563951 G7V
-16,057021 9,862685 G7VII
-36,298069 38,170245 G0I
-17,660702 30,884362 G8VII
-3,131611 -5,246279 L3III
-17,973441 8,411945 L4IV
19,801014 -2,288991 G8V
6,146101 3,317153 Y2III
-36,082214 1,539062 S1III
20,465875 -1,669722 L1II
2,911733 14,872267 G4IV
-9,744256 -34,737007 J8VII
19,217144 -4,306001 J0V
42,834144 -25,929296 J5VI
4,264417 15,724709 S1IV
-3,631107 3,600739 L3V
4,729814 14,659036 S4V
-0,490698 19,969871 Z3I
4,029850 14,428835 G1V
-2,607577 -6,547324 Y3III
27,536905 -29,015563 Y0II
-5,892660 -3,848378 L0I
2,231192 4,584544 Z7VI
10,357836 -14,947532 Y6VII
17,524554 -5,175743 L6I
-2,090134 -3,395747 Z9V
47,134343 -21,231986 N4V
-6,272948 -26,546125 Y4I
-1,814219 -3,619848 J8III
-9,590760 -6,713548 L0III
10,362492 -27,051375 J4V
24,436164 7,514475 Y7V
6,584221 -14,553562 J9V
25,302710 6,139547 G4VII
5,062238 16,583188 J6II
19,057219 -5,103094 S4II
17,753484 -5,762733 L6I
5,347013 15,328851 L6III
-5,570442 -2,544491 J8III
3,464976 6,634111 S5II
6,191859 4,072662 Y1I
-16,370610 8,502037 G7I
-31,739014 18,160506 L8IV
22,272074 8,297383 S0II
-15,142365 7,793996 N7II
23,234389 -37,426468 G7VII
31,383041 0,989016 N8VI
5,950996 14,623202 G9V
-14,766311 7,438486 Y6I
26,514544 5,668194 L4III
-6,064938 4,895662 Y8IV
3,788491 15,854873 J9VI
-4,816879 -3,220946 Z1I
22,331120 7,730067 G6III
-16,790468 6,133342 J5I
-16,655705 5,431357 S0V
4,857006 6,249033 G9V
5,483400 -22,696830 L1IV
8,698080 -15,490123 N9V
-3,125999 -4,583428 S1I
18,835110 -2,349981 Z7VI
20,228152 -1,660809 L7V
1,934108 2,387323 J2II
-4,013320 -3,046720 Z2III
1,828114 5,281088 Y9I
-1,986341 -3,815122 S5VII
20,547228 -5,121560 S8III
-4,165287 -2,300299 Y0III
6,118414 4,959754 L2I
-17,331723 -28,923447 J6VI
20,531438 -5,180210 S0V
5,664515 16,619990 N7IV
-17,992764 8,698573 Y3III
3,286646 14,910439 N7II
-6,461183 -29,223545 L1I
3,582293 13,077914 S6IV
5,635821 -15,266699 Y7III
16,782396 -5,212912 G6VI
-35,432269 4,919197 S2VII
-23,968668 -23,697685 S6III
24,849321 10,104365 J2VI
7,969808 -13,036267 N5VI
5,335147 15,859268 N7III
-4,349144 -3,877991 Z7III
18,829681 -3,210226 L2IV
3,069930 6,476941 G4III
-38,451390 6,990511 Z9II
-28,966844 3,603142 G5VII
-5,854525 5,016758 Y4I
-7,012630 7,243477 J0I
-2,059590 -2,659346 L3VI
27,089158 9,277404 Z0V
10,577867 -14,645556 J4V
36,800715 -35,510854 S0V
3,231313 15,797665 Y4V
-6,386970 -4,495954 Z1V
-30,816509 -20,768316 G8VII
47,578045 25,151415 Z4VII
40,281432 -1,113345 G0II
-16,943588 5,592846 N2II
8,369743 -15,542172 Z6VII
-16,103377 5,941186 Y4I
5,802377 15,836597 N0III
5,944045 14,700980 G2V
20,498259 -2,967437 G6IV
3,273425 2,441993 N9I
26,936605 8,028279 J0III
2,075997 -1,488566 N7III
-26,362838 -7,891174 G6I
10,333436 -15,790589 L1I
-18,130092 9,265919 N3I
-13,779667 -5,696035 Y3V
4,921051 18,175719 L4II
-14,620298 7,191332 Y2V
1,852752 16,156859 S1III
5,889720 -14,331780 J1II
-14,271588 8,218309 J9V
6,069314 -15,811591 J1VII
-19,785858 36,770722 N7VI
19,656980 -3,556234 J1III
9,752446 -16,155526 S0II
9,228518 -13,051807 N3III
23,041513 7,193597 S0III
3,378963 15,615713 S7VI
25,860886 8,900805 N8III
19,598659 -1,128743 L3I
-31,931469 13,186912 Z0I
2,430336 1,959531 Z9II
-6,934733 6,711057 Z6IV
-7,215926 5,762519 Z2I
40,338336 -31,106739 Y7V
45,641700 15,849362 Y4III
-7,243244 6,784487 L4VI
18,892615 -1,833949 S9VI
19,524592 -3,609329 N2IV
-7,619555 6,981121 J2IV
2,805678 1,996298 G3I
2,580949 2,848725 Z4IV
-16,177725 7,578847 Y8II
-17,375898 8,831665 Z9IV
18,979843 -5,213569 L0IV
3,654762 16,252945 L0V
3,536581 1,870400 J4I
5,836632 2,178306 L6III
-1,828549 -4,138263 G8VI
26,415171 8,891221 L2II
8,977379 19,895088 G2VI
6,314740 2,885118 J2I
3,554775 4,155418 S1VII
7,284142 -13,474562 Y3V
16,131207 -2,794473 L3II
-18,310496 29,666549 Z1III
-15,113515 6,500541 N3III
-6,825169 5,636562 J4III
4,177394 6,640406 S1IV
19,825088 -1,334005 N4VI
-5,927965 -33,008818 Y1V
18,641172 -3,436913 Y4III
17,929691 -1,153806 J4IV
7,427738 -16,119953 J2II
7,985903 -15,043808 Y0I
6,441072 -14,104937 Y7II
-2,706895 -2,577128 G1IV
-16,973934 10,355737 N8III
2,579270 5,837585 G2IV
3,679844 15,445198 Z8II
10,092245 -14,644941 Y4VI
-5,853399 -5,537168 S1I
-16,433004 -0,705128 G9I
5,660432 16,754159 Z0V
4,909198 2,764435 S0IV
-16,214429 9,800214 Y7IV
-4,655859 7,469081 G1III
17,029153 -5,319841 N1VI
1,716856 4,646284 Y1VI
-23,987579 -7,521224 J2IV
6,357299 3,465777 J1I
1,854195 14,683870 J5I
5,103581 15,078881 J9V
7,695488 -16,470208 J5I
-16,023543 9,693430 G4I
3,725040 17,241282 L7IV
10,257080 23,336191 N6VI
-4,990759 -6,066353 N4III
-7,125495 34,999755 G4VII
-1,572284 -4,359883 N3VII
20,655393 -3,406199 N5I
1,922612 14,764509 N9I
5,328369 6,363188 S7VI
2,010297 2,917347 L8VI
17,721356 -4,761011 J0I
-37,072171 9,099023 G8IV
14,153788 -34,767269 Z3VI
3,422437 22,926419 Z9IV
7,989065 -13,061230 J2V
15,926566 -37,538373 L8VI
-4,366243 5,074574 L5V
-2,300462 26,669829 L6V
3,811815 14,302991 N0VII
3,235722 1,612245 N1VI
-16,937274 9,155559 L8IV
17,925318 -2,664180 Y6VI
-18,137066 7,370241 Y1III
5,335116 17,169714 G9III
5,466763 2,927550 J3II
7,043271 -14,872308 S7VII
-10,286300 -34,576849 L8V
-13,476483 16,234630 S0III
-23,472297 -14,788059 Y1VI
3,639946 15,926191 J2IV
-7,141410 6,175213 J1VII
-20,442525 30,994563 L9III
8,212997 -14,774169 S1VII
27,545211 -15,331489 N2II
-1,819348 -4,600218 J0VII
2,889770 3,427011 G6I
20,755445 -14,613682 Z9VII
7,208063 -15,998203 L4VI
26,884305 8,062761 J8III
6,393326 -16,178167 G5IV
2,466246 17,135255 J1V
20,050340 -5,534358 J4VI
4,187067 3,078393 L3II
-4,300154 5,055871 Z2V
-13,783838 -10,560569 N1VI
-4,437132 3,881418 L4V
-4,391134 -4,786362 N3IV
5,798643 37,491097 S6VI
5,501342 14,574078 J4II
-16,390772 9,274991 Z4III
17,692624 -4,425789 L7VI
2,244935 3,748159 G1I
19,838465 -1,887383 S1V
3,686362 3,189037 N6VII
-7,864423 25,028069 Y1V
-16,232544 10,306994 G8I
-25,930214 -25,546084 J0V
8,086861 -25,795966 G2VII
17,186945 -5,051650 Y7V
-33,223776 -33,076315 N4I
-4,283768 -4,778554 Y6I
6,220578 -15,344197 S6VI
25,183679 5,185027 L2VII
23,819868 -32,713336 N5III
8,818954 27,883454 Y8V
-6,777588 4,220380 J5VI
2,174973 30,513117 L1III
3,668455 13,955989 G2II
7,314119 -15,083788 L4IV
1,995459 14,790487 Y9III
3,171035 16,652269 L3I
22,898428 -30,467172 J9V
-22,300791 -17,178232 J8II
-20,165348 -33,162575 G1II
-7,235772 28,300581 G0III
22,610369 7,062021 Y5VII
2,323429 17,655017 G5II
-5,790866 -5,979314 S2VI
-37,338378 -1,264900 J5V
43,369764 -1,140980 Z7VI
3,090955 4,969245 G6III
16,235142 -2,469164 S0VII
-25,151752 15,979805 N5VI
25,808755 6,180646 G9V
24,133831 9,749140 G6I
18,824430 -3,662079 S2IV
-6,444824 3,608025 S5III
9,386641 -17,583867 G6VI
15,370529 -9,467710 N4IV
-33,331349 19,390166 L3II
-2,846343 -4,020084 Y5V
4,632539 4,229889 Y8III
3,769763 16,089988 L1IV
8,264790 -15,638740 Y7VI
15,923794 -3,270775 J0III
25,197146 -15,198369 N5III
-3,107824 -4,764287 J0II
-5,594133 3,233638 N5IV
-8,205199 19,776963 Y0IV
3,742788 4,270292 L5IV
-3,091021 -4,197968 Z5VII
23,012328 7,150085 G9I
20,008617 -1,341929 Y8IV
28,680810 0,298538 N4I
35,181426 -36,090095 L1VI
17,346497 -2,905916 G6IV
6,583379 -16,315188 J1IV
7,524136 -17,171466 Z7V
4,877836 14,713392 J6IV
-7,800689 4,970539 S9III
9,977318 -17,113584 N0VII
-7,515448 -33,403370 J5I
4,616885 13,889705 Z8VI
3,612132 16,498096 G5III
-20,364282 -24,647894 S9V
6,534933 4,391754 S2I
11,436017 -22,355514 N5III
30,495296 24,494114 S7II
31,726303 33,197288 Y1IV
-4,164637 -3,842904 L1V
24,296600 -6,454162 J2III
2,188962 14,757117 J3II
-15,252471 6,050346 Y4V
-6,048621 -2,982032 J4VII
20,039181 -10,370907 Y4VII
-14,080105 7,624679 J0VI
-16,093976 -10,959916 Y2III
2,941725 4,118008 G7I
18,485081 -3,541800 G3VII
23,724989 8,608452 N2VII
18,524547 -3,830981 N4VII
6,660948 -15,379744 L1IV
-6,986761 14,378773 N1VI
32,398180 20,865367 L4III
-33,812436 27,715015 L9IV
10,093291 -16,380456 L8VI
-5,377767 -6,265566 N2V
-32,286173 18,489026 N4I
19,585421 5,272189 N0IV
-6,077347 7,066666 N3IV
5,522776 -15,575115 L6I
6,680865 -16,104777 G9III
8,369366 -18,100275 S3II
-30,637975 35,926157 Y3II
-18,433960 6,351963 Y0VI
-3,527002 -5,564271 G2IV
-17,890414 9,202792 L4VI
-1,709681 -3,005829 S9VII
-18,250607 7,312507 G7VII
-17,998284 2,201229 J4IV
18,868312 -2,235534 L2I
3,518855 15,876360 S7I
24,363008 5,364747 J9V
10,167661 -14,726805 G5VI
10,055449 -15,708862 Z7I
27,221696 7,024185 N3VII
3,753210 16,394684 Y7IV
-3,789573 5,566032 S4VI
-3,313407 -3,580533 G5IV
-4,921110 -5,944848 Y1VII
8,358242 -15,002944 J1I
-6,539300 2,837137 Z7II
-16,271202 7,956478 G8II
17,516733 -5,789978 J4V
3,699597 3,096891 Y4II
2,311133 5,952373 J1VII
7,325273 -16,961467 S9II
6,155387 2,623796 S1III
-4,282321 -2,284804 J6II
27,242058 9,054016 Z1III
8,507936 -14,384630 L6VII
4,378448 3,371232 J5V
-3,489110 -6,574507 Y7II
-5,159239 4,351803 J0VII
-38,039712 37,373669 J0V
5,709431 -14,822124 L7V
18,833953 -2,983377 J0II
9,822949 -13,751294 N0VII
-17,944905 6,207999 Z0III
4,146958 16,204495 Z9VI
20,247116 -3,464177 Y1VI
5,102708 16,934230 Y4VI
33,570006 0,199519 G2VI
26,749962 -30,945594 G6VII
5,187257 1,922284 G1I
4,949694 15,462085 J9VII
-2,872887 -6,181503 G9VI
25,929061 9,523003 Z4VII
8,774221 -15,951610 S4II
0,933669 29,221375 J0V
37,379886 -14,771798 Z1III
6,653905 -17,043872 Z1II
-15,177936 8,444331 L8V
27,518838 -21,283433 S6I
-15,798327 9,642230 Y6VI
-15,445891 7,805321 S5VI
39,510836 21,959959 S9IV
1,844882 -27,728782 Y9I
24,170005 27,486989 Y9IV
-7,224136 3,451167 N9III
9,831489 -14,836414 S2IV
-17,281164 6,638306 Y4VII
-16,315877 8,723947 L2VII
44,068979 -11,775176 L1IV
-3,855006 5,081186 J5VI
24,243366 7,412864 S9V
25,752902 7,819179 Z1I
30,054567 -32,325067 Z2VI
-9,257967 -31,906641 N2III
22,642795 6,359373 G1III
4,439675 5,015513 L2IV
5,042270 3,771916 L5III
-1,391728 -4,329616 L7III
16,033527 -3,229061 Z1VI
21,070579 -3,366714 N0III
7,490225 -14,821127 J7V
5,578080 14,374461 S3VI
-5,812389 -3,476395 G1II
18,766728 -2,716517 Y4VII
-6,206902 -4,474400 Z5III
24,884577 10,158178 J4I
6,312592 15,407893 Z7I
-35,689672 -17,893718 S6VII
8,271884 -17,881154 J1VII
1,960873 17,437171 L1III
3,127312 5,086818 Z5I
6,265983 -14,573686 Z3I
2,778016 16,318927 L5VI
-3,988664 6,207855 Z0II
25,616134 10,264269 S5VI
-5,072200 -4,905771 N9V
-24,665154 21,442064 S9VII
-3,061817 -5,940996 J4V
41,380490 -22,910303 Y8III
6,274115 3,592686 Y0III
-14,767429 8,041744 G5VII
3,697012 17,311231 G3III
7,229644 -15,660972 J7I
25,897208 21,907294 S2I
19,865008 -21,630526 Y8IV
-3,887760 -5,540317 N8I
-4,579282 -2,009471 Y5V
18,112626 -0,844304 Y9IV
-7,058870 3,795074 Y9VI
-18,013235 8,680392 Z1II
-5,514344 3,990482 Z5VII
-18,376386 6,718397 Y3III
-14,599653 6,447849 S8VI
44,555656 20,738721 J7I
5,141323 3,249493 G7II
2,240580 14,228279 Z8VI
5,724662 -14,368437 Y8I
16,433212 -3,040285 S3VII
25,572322 6,848522 Y9V
8,207268 -14,084341 Z3VII
-5,407278 -4,386879 Y9V
1,687077 4,534931 J4VII
6,381897 -15,412309 N0VII
24,747516 8,236816 J7VI
38,509324 21,691705 J5I
-1,912048 -6,041208 S2VI
6,971552 -17,668275 L2II
3,077766 6,571737 Y8V
-1,587020 -3,964938 S2II
26,437664 7,444230 J6VII
8,384810 -16,121748 J0IV
16,146794 -3,984127 Y9II
-8,203344 18,123347 S5VII
-6,474576 3,042035 S8III
5,695067 -15,336816 S4V
-19,087432 7,875580 G9V
9,328886 -14,416778 N5VI
-37,835336 -23,844555 G0I
1,508950 15,374729 S1VII
44,878944 -27,967587 J7VI
19,648783 -3,382407 S0VI
-4,572295 4,414739 N3VI
16,593451 -4,429523 Y4II
8,223560 -12,909992 J5III
-17,387599 6,391494 J6VII
10,671484 -15,219430 G5I
-6,116323 -4,710503 Z0VII
5,418149 3,627389 J3IV
3,668703 4,757508 Z2V
25,806758 7,570039 Z5III
-36,108174 -18,203528 J6III
-4,007372 -3,154710 L7I
-4,353684 2,961261 Y4VII
-1,277387 -4,983490 Y0I
7,555417 8,902212 L6II
-3,723625 -6,447186 J6IV
10,716681 -15,997241 N4IV
4,571321 17,612564 L3II
4,983388 16,398715 Y2VI
24,808911 6,652558 N7VI
7,560747 -16,459232 Z9VII
41,114846 20,745527 S6VI
-3,407112 -33,431618 L8IV
-7,327681 14,770665 Z3VI
-4,088440 -5,575820 L0IV
26,533671 9,678798 S1II
16,100681 -4,058754 Z0V
-6,289737 -5,488234 J3II
-26,470540 -26,193853 G2V
7,176853 -13,451979 N8V
-6,571727 7,425375 J1IV
7,861892 -14,174937 L7V
2,160608 2,777551 Z8VII
3,470929 17,686972 J2VI
-16,042047 10,396684 Z7VII
-6,115545 3,003586 Z1VII
-37,149029 23,093899 G3VII
-4,006504 4,601416 Z1VII
-18,141752 -11,035677 G0VII
3,645070 2,683041 N1V
-17,328306 5,850850 J4II
-6,257058 4,168247 L2VII
9,644236 -13,269850 L5I
-5,087513 2,627028 N2V
-5,533287 7,144034 L5V
-23,898322 -4,177954 S2II
-4,418916 4,840186 S8III
24,550015 5,706677 Y1IV
-25,502621 37,739733 G8I
18,452406 -1,160517 Z3III
-24,233805 -23,737582 Y1V
-17,171802 5,992099 S7III
10,036146 -14,280605 L7III
23,338203 15,834105 Z8IV
-7,679676 5,138130 L7III
-16,065391 8,041506 Z0IV
5,680224 14,635494 N0III
-1,591674 -4,757930 J4I
-3,349245 -2,385749 J8VII
2,498180 5,961194 Y0VII
6,522838 -14,070781 L9II
-4,174322 -1,787820 Z4V
4,446631 3,645022 Y0V
3,219811 2,195038 L5IV
-6,598921 3,186337 N3II
-31,025247 -1,752340 G6VI
-4,935615 -4,200537 L6IV
3,090162 5,765202 J8III
17,932697 -5,759138 J2II
-5,422026 -4,122011 G6V
14,730086 2,591664 L5IV
6,977287 -13,630714 Z8V
19,683511 -4,139920 Z2IV
2,439345 17,751156 G6I
8,521845 -0,265780 L1VI
3,979774 14,827189 S8V
26,019967 5,414175 L2VII
23,556339 8,348290 Y0II
-24,951448 36,959681 S1III
-4,459759 4,347922 G3III
-38,862091 34,738251 Y6VII
-6,275450 2,930261 J8II
-4,771028 6,181352 Z3V
-5,090358 3,434407 Z1V
5,460662 5,377382 Y6VII
3,110805 15,108073 S7VI
-6,318854 3,820177 S2I
-17,055905 5,411308 J4V
3,400681 2,405358 Y9V
-14,749303 9,696847 L4I
3,380264 13,264242 G9I
6,154620 -16,644539 G6II
3,077566 4,176578 Z2I
9,093248 -13,014876 G9IV
-5,327373 -2,374604 G7IV
4,271126 4,428131 L4II
5,090712 5,582746 Z3I
19,164136 -1,740847 J2VII
2,577336 17,344510 G5IV
20,340914 -4,238621 G1IV
27,203330 8,192063 J9VII
32,753863 -34,226886 Y5IV
27,249427 6,617536 N6III
24,515711 9,313327 G8VII
9,934395 -16,089879 Z5VII
-6,477070 7,120911 L8I
5,726231 4,376933 S4I
31,360878 -31,361304 J8VII
-4,927697 23,339771 S2V
37,131584 24,714082 S1III
-4,978378 -4,277454 Z5V
17,939625 -4,591566 Y8II
5,877008 3,733510 N2IV
41,302571 17,518637 Y5III
25,375355 6,167411 J6I
45,259108 10,430862 Z5VI
18,990374 -2,526235 Z8VI
-4,235701 -2,088783 G8III
-6,108720 2,684289 J8III
5,253971 2,875953 Y5III
4,864871 13,597374 S8I
2,458231 17,603870 S3VI
-2,412333 -5,954551 J9VII
-20,978444 16,872685 N3III
6,610938 4,465472 L1III
8,689601 -15,258886 N8VI
2,045965 2,519899 N3III
8,480513 -17,935549 N0III
18,674024 -3,488513 J5VI
4,455402 6,590970 N9VI
1,905540 4,505419 Y7I
2,717486 15,306919 N5I
25,301145 9,255788 L2VI
-7,356501 30,728113 Z8V
25,893464 5,959703 N7IV
20,328410 -5,314220 S1III
-31,627415 -17,257858 G3IV
-2,129954 -4,622581 S2IV
24,184956 6,089967 J5VI
-4,649573 5,044218 J2III
18,031301 -3,525692 Z3IV
-5,554402 3,221284 S6I
-2,510036 -4,935107 Y3VII
-3,870793 -4,807588 Z6I
6,449500 3,289918 L5I
4,376723 18,353243 L1V
2,803643 4,929676 S2IV
-18,240420 32,477502 L4I
42,028018 -14,004938 L7V
26,470890 5,902442 Y6I
-5,230201 -5,852267 L7II
25,095710 8,021102 Z7II
23,931680 9,181747 Z1II
8,909586 -14,166322 Y0IV
-24,452767 18,345624 S7IV
-28,063518 -1,193953 J6III
5,066661 13,772055 Z9VII
6,525129 -16,042972 L9I
8,423652 -13,948579 N4VI
4,451382 6,548165 S5II
-5,363995 4,880314 N5V
-18,689523 7,975165 G8V
23,444033 9,752380 J9III
-11,308385 -27,274821 J5III
17,882883 -1,056069 G2I
9,373339 -16,451981 Z2II
0,656817 -37,193802 Y9IV
24,077195 7,229610 Z8III
17,548173 -4,448439 N7III
-5,124581 -6,155645 S0VII
-3,647278 -1,870830 Y5I
5,809898 3,301546 Z3IV
5,658995 -15,504648 L8II
39,837386 10,379633 N4V
24,371883 8,818102 J6IV
-3,852403 5,368950 G0III
-18,578746 -11,750333 N6VII
5,199093 16,062372 L4I
-3,942423 -6,212789 J1I
-5,084560 -6,309793 N6VII
-7,812490 4,655395 Y7I
-31,764397 -6,475518 J8II
9,851142 -15,677095 S3VII
-5,503822 -4,181584 Y0I
17,466081 -2,525277 G1VII
3,054536 16,626140 Y5V
6,230582 -15,168254 N0V
-4,555219 -2,039788 N6V
3,399798 1,652165 Z9VII
3,482658 1,434776 Z8VII
28,289832 -17,752776 L0V
-8,394700 4,454124 Y2IV
-15,782875 7,926064 S7VI
2,963792 5,684144 L2IV
26,459910 8,089382 Y6V
17,665908 -1,786656 L7III
-2,261057 -5,341838 G2II
16,346927 -4,042034 Y9I
40,705873 -25,840798 Y6IV
-16,262963 9,121245 Y7VII
4,987568 17,060942 Z1II
-6,248007 -5,063754 Y9VII
17,191704 -4,482962 S6IV
19,248121 -1,197185 N3I
24,138552 6,803734 Z5II
21,070190 -3,273638 G2III
1,789563 2,561715 Y3II
-2,927670 -5,582578 J7IV
-17,689600 -0,875911 Z7VII
11,416346 -27,324501 J1VII
5,411214 2,449824 N3IV
8,896958 -14,149923 N9II
9,055136 -16,783265 N2VII
4,634977 17,091048 L0IV
1,911786 23,285702 S3IV
4,185069 14,891610 Z0IV
26,297717 9,440768 Z0IV
2,582648 3,595720 L8II
43,600044 12,289872 Y1V
-5,208475 3,735658 N5I
5,666825 5,777617 S5V
-5,248709 -4,569631 Y3V
3,247448 14,265650 J6VII
-23,575654 23,500555 Y4VI
-14,611495 -19,694388 L7V
-16,138135 9,200073 Y1V
24,633075 -14,521108 N6III
-15,641828 7,879615 G8VII
15,450089 -20,272733 Y6VII
7,587128 -16,204799 L9VI
3,779938 14,807526 J2IV
4,567721 16,972266 Y4III
25,379138 9,713735 N7IV
-17,704024 10,238396 Z3III
41,174050 2,820803 S9IV
24,159828 9,014219 J5VI
42,832650 29,609135 N9I
-2,724723 -5,025354 L6V
5,365478 14,075629 G8IV
20,190539 -2,370736 Z6V
17,192174 -5,186616 G8III
27,229957 7,630564 G3I
-3,004135 -4,847422 N9III
-24,510144 -6,929936 Z8VI
45,568766 -2,263789 G7III
19,267564 16,305344 L7VI
7,709046 -14,463951 G0II
10,071603 -13,600977 Y0VII
-2,062992 -5,926120 Z3II
18,216093 -4,212671 Y0VII
37,567752 22,306475 Y7V
24,666863 8,663562 L5IV
18,777971 -3,257863 G6IV
-17,533643 8,985700 Z2III
-14,630999 9,069843 S2I
6,816707 -15,783368 Y3I
-2,491126 -5,992909 N2II
17,286322 -1,568749 Z5VI
-7,332149 4,156534 G3IV
-8,089113 4,196177 J1V
-4,326905 -7,017153 S3I
20,385174 37,034476 N4I
18,663765 -1,990617 N4V
9,509491 -16,736783 L3VII
-17,980811 6,595677 N7III
5,583307 17,794552 J0II
4,519098 4,277436 S0I
-6,311951 27,828214 N1II
-5,191212 -3,403404 Y9V
17,564345 -3,493669 N9II
-18,408126 9,534869 G6I
-33,139934 -23,736532 J1V
26,490529 6,050175 J8V
-17,426112 9,482698 Z4VII
23,573208 10,039956 J5IV
19,480638 -3,226965 Z0VI
18,042780 -3,092670 S1II
25,727155 5,412743 Y6IV
-12,818484 -14,614058 N0III
3,735903 2,294894 L1VII
6,357201 3,840469 Y4II
-4,151648 3,614952 S6VI
-5,890579 -5,759928 Y0IV
-1,565529 -5,480955 S5IV
8,474483 -16,469758 N7VII
-25,066530 15,960473 N4VII
23,382077 9,296389 S0IV
-5,788951 4,295442 N5V
19,214596 -3,951918 N4II
20,436486 -3,475513 N2VII
5,778947 -14,178930 N6III
-23,904097 -9,109160 J7VII
-5,622583 4,197418 S6VII
-14,078777 -18,676211 S8III
44,818817 25,125044 Y8III
-4,482721 3,802603 J6III
25,642781 5,888903 N1II
35,084954 -13,868478 S6VI
23,211728 7,025108 N0III
8,785819 -13,323218 N3II
26,040796 9,035548 Z8IV
8,987369 -13,756603 Y7IV
4,704960 6,277703 Z6III
26,929635 6,576534 N9V
2,168759 15,534196 S4V
-31,460630 31,854747 L3VII
-18,056839 7,480615 L7VI
23,078170 8,385779 L5VI
6,147208 -13,770039 Z5V
7,758462 -16,536575 G5II
24,304332 7,062448 S6VI
3,860949 2,076124 G5II
-7,156625 5,821804 N7VII
25,101788 5,927361 G0VI
-4,820329 -2,704733 J1IV
2,578475 17,346664 N2IV
-4,979884 -20,054077 N2V
24,555144 8,177542 Y4V
4,521338 5,622947 S8VII
3,173340 5,618955 L2I
-2,410172 -4,568043 J7IV
5,581740 2,607808 Z5I
-3,419438 18,425483 L7V
16,367225 -3,646796 Z2III
-15,557726 6,986507 Y2II
3,093253 15,932703 Y0I
5,907455 -15,186025 N7VII
25,017956 9,780031 Z6VI
-18,236017 6,816706 J1IV
19,580391 -2,161682 Z0II
-5,326143 6,667086 N4V
-0,471706 31,448598 G3IV
45,779939 29,693569 J8VI
7,750636 -14,304757 Y6V
5,026080 16,385195 Y2III
20,619820 -4,184079 Y6VI
-0,288919 23,526772 L9II
22,769601 8,510297 S6IV
17,120890 -4,557008 Z2V
12,936872 34,561341 S9VI
2,183655 2,669998 Z6I
29,963711 12,895315 Y2V
22,947472 7,136606 Z0IV
25,247962 6,403261 Y0III
20,961964 -2,655624 G6III
-17,760442 5,678609 S0III
34,731075 -1,737353 J8VI
13,177941 0,861401 Y4VII
9,898203 -14,861931 S2II
28,530779 25,490073 Z4I
3,377359 -6,962449 Y7VII
4,177948 15,771418 L4V
18,372260 -3,856739 J4V
2,421764 4,010037 S1III
4,300711 16,659071 G5IV
3,215611 2,470801 L2V
-5,077250 -3,969758 S1VI
18,125190 -5,264757 Z0III
3,348595 35,684305 Y4III
-2,266310 -3,890881 J0III
-7,956475 15,634255 J4III
24,811470 6,416562 G0VI
-15,050106 6,903333 S1VII
13,141579 -23,544457 S2VI
4,035622 2,811298 Y3IV
-7,525386 6,229871 J9V
25,262784 8,613405 G8II
-6,589623 5,133121 G1II
-34,484160 -23,132499 L6II
19,168856 -1,519325 N6II
-18,430373 6,799334 Z8V
4,960557 17,197852 Y7V
-1,964478 -5,723037 L1II
-14,841420 8,970277 N9II
-15,189629 5,925909 Y4II
-17,835727 8,708486 N7I
-7,479894 4,632662 G7II
-4,487001 2,890518 L9I
-32,264022 -36,832356 Y6VII
4,770654 16,409389 Y2IV
24,005170 8,978492 Z9IV
-22,745071 2,854633 Z2II
3,827332 15,000000 J6III
-6,492659 3,374978 Y4II
42,222580 30,960233 Y0I
6,070641 -16,088830 G6II
22,996325 8,388789 Y0VII
-8,964981 -36,476051 N2II
-3,842615 6,509745 J6VII
-5,342889 7,707868 S8VI
18,863035 -1,544589 Y4II
43,927710 3,668269 Y2I
26,794799 8,226640 Z3I
-4,566700 -4,326483 S2VII
-17,282378 6,648478 S6III
-34,692213 11,433343 L9V
25,646391 5,898227 Z8IV
-4,760555 5,609491 L8VI
-3,765217 -5,432601 G3VII
-15,719368 7,036964 N0VI
8,405553 -17,142724 N4II
5,290382 16,828568 Y2VI
-10,538504 -1,784209 Y6VII
32,755129 35,366080 N4IV
-15,670565 7,581061 Z9VI
22,717006 7,158396 N3VII
5,201318 4,595489 S3I
-20,910487 0,044566 G4VI
7,930880 -15,030159 Z9V
-4,015509 4,151863 N1VI
3,794409 3,888907 S7IV
3,907820 2,017647 Y9I
23,021790 8,800528 Y1VII
24,882662 9,324789 Y2I
44,915790 5,952224 N8III
18,114361 -27,249959 Z7I
-4,002291 -4,387158 S8IV
-17,297251 31,547599 J9V
35,243734 -5,119547 N0VII
-7,195716 6,015415 L2VII
3,090228 3,730080 Y2V
31,023497 -18,345692 N8I
7,280056 -14,890311 N5VII
9,351685 -13,863429 L9III
0,986414 -28,566171 Y6I
3,981292 2,222996 S5II
-4,573514 3,337394 N7VII
5,032084 33,402241 Y8II
-31,118029 22,945992 L8I
4,094770 16,293970 G5VII
-7,323699 6,685540 S7II
-5,089192 -6,439755 Z9VII
-3,126739 -2,968537 G9IV
22,459287 8,847002 G9IV
17,929004 -17,023158 Z6II
25,233360 7,334700 L0VI
25,572419 9,117277 N7VI
-27,745554 19,987562 Y4VII
5,329644 3,539499 J8III
-3,071817 -4,587752 L4VII
-5,061741 -3,639801 N8VII
-4,922238 6,146591 G0III
20,907539 -2,892363 Y9I
28,597969 -3,797681 J6IV
-7,838912 -31,883187 G1VI
6,763152 -34,346645 Y8VI
-7,087237 5,139754 G7II
2,456719 14,500181 L1I
-13,958730 13,632261 N3IV
20,982087 -3,527918 N2VII
-28,338433 10,576915 Z8VII
2,485559 5,627685 Z8V
9,467473 -31,405324 Y4VI
4,324316 5,614722 G7III
46,509386 -35,445015 Y6IV
-3,172611 -6,686719 L3VII
24,360575 8,583173 Y4V
19,584298 -1,751933 L7V
43,477041 -2,192185 L1III
9,418918 -17,037354 Y3V
6,195519 15,133689 G8III
17,499411 -5,741881 G2III
23,134419 9,023335 Y4VII
25,307691 10,248923 Y4VII
18,317190 -4,675198 Y8V
-4,200326 4,785405 J0II
2,769337 13,951455 N4V
-6,340366 2,672382 G0VI
19,445462 -5,231223 N6VI
16,453096 20,662660 N7I
9,853473 -15,194384 Y7VII
-5,459763 4,037195 N1VII
1,966460 4,116723 J5II
7,936633 -22,586192 Y2VI
20,085966 -4,603975 Y0IV
16,109151 -2,968038 Z4VI
17,849161 -4,456046 J6I
9,141575 -13,560586 Z1VII
-2,349761 -4,825999 G2III
-15,277865 -22,731409 N0VII
4,943582 1,805247 S5V
4,943125 17,887805 G9VI
6,128666 4,861877 J2VI
3,450827 16,623679 L5VI
-8,097430 3,741724 G0V
-26,983497 28,740028 N1VI
-16,740758 10,432926 J7IV
-15,425358 10,222004 Z1V
-1,872079 -4,159452 Y1II
28,649757 -12,106421 Y5VI
-5,635177 -5,994109 L5V
17,718478 -2,061138 L9IV
-5,584271 6,678769 Z3V
-17,482403 10,205025 L6IV
24,925162 -13,557157 Y4II
-19,065312 -7,915109 N2VI
-5,411255 2,597579 J6III
16,744304 -1,700987 J2I
18,757913 -3,175480 Y0IV
26,038095 -1,031463 N3IV
2,084635 4,764842 J8III
1,923004 4,073926 J4I
-5,440246 3,904256 Z2II
6,783243 -16,277259 Y3I
-31,267491 27,897344 Y2VII
8,204182 -15,864336 Z8I
27,235319 30,219212 G9IV
-6,097935 -4,228606 Y7VII
-15,141516 8,841068 N6VII
-37,189527 -34,786853 J6IV
-9,284280 13,386434 J8II
-14,122717 6,740940 Y9VII
-14,787224 5,910343 J4III
18,930213 -0,872944 S2II
6,742893 -17,705487 S4I
3,999508 5,505293 J3VI
4,758381 15,892202 L9II
32,882408 22,752250 Y4VII
6,463710 -14,764437 J6IV
-14,283263 -8,333153 S8II
4,010818 13,573489 N0VI
-15,212032 8,569909 Z2V
-8,025518 5,310569 Z1II
4,222330 14,876192 J9VI
1,269310 15,786953 S6I
24,300909 8,540428 S4V
2,285164 13,985731 J3I
19,035076 -3,180890 G5II
7,581243 -17,877260 Y9III
23,780146 8,430676 Z6VII
4,957119 3,445240 G6IV
-6,185123 5,592333 Z2III
4,800451 1,853748 L8II
-5,072213 -6,682026 L1I
-28,587385 5,955387 Z9VI
2,408278 14,573437 Z7VII
-3,558949 -17,619955 N9I
25,509705 6,211659 N2VII
4,806281 5,630445 S4VII
25,023301 5,351950 S2I
8,360942 -15,532130 S3IV
-18,586830 15,481916 N4III
44,405023 7,863853 Z5VI
8,000361 -14,370694 N6V
25,832174 7,357807 Z3IV
-6,695153 4,761027 L7IV
8,998475 -14,501477 Z8II
6,085041 16,002648 N0V
-6,565321 4,404225 N7III
-6,463009 -4,665085 Z1VII
11,456496 -28,349846 L2VII
25,496973 7,116685 L5V
-4,692862 -6,118047 N1IV
5,661780 3,415148 J0II
39,515436 0,654500 J1V
17,191951 -5,067876 G9II
-6,280500 3,026372 L4VII
6,753542 -16,093715 Z3V
6,174774 -13,860130 Z4I
7,774254 -17,414887 J1II
10,294170 -15,091477 S7V
-7,860568 3,335036 J9II
44,017170 -0,086908 Y0III
-7,092882 2,937361 N3II
3,016476 5,301709 G8I
-7,124286 34,252759 N9IV
11,897246 -34,394916 Z5VII
26,439048 9,370487 S1II
11,462783 -5,883739 L6I
17,260559 -5,108689 G9II
4,805405 17,321833 Y2II
1,846349 5,695579 G8III
5,594842 2,278735 N3V
18,809384 -1,766855 L4VI
-34,945479 -27,331312 S6II
-24,023723 -10,681552 N0I
23,187881 5,845207 N6I
2,608614 5,558518 N5V
3,494623 4,269322 G7II
-28,254832 -3,082273 Z2VI
-15,715824 5,921483 Y9II
21,623326 -18,772676 Z3V
-6,442160 -4,345315 L7VII
4,864661 5,387557 N1I
-16,431463 5,897153 G4IV
-6,569170 5,736624 G5I
-15,613862 8,757902 Z0II
3,995789 4,061255 Z3VI
-16,822614 9,748314 S9III
17,596470 -5,899000 J1III
2,447969 4,717341 J5III
-30,682936 -14,510091 L4II
-10,659202 37,626505 S3VII
2,762153 3,108809 J2II
-18,175653 5,764198 S0II
25,461317 9,370408 G8VI
3,267818 13,516846 J3II
23,743358 6,781976 Y4VII
3,140231 13,387010 S9I
4,635196 2,343047 N0V
15,994503 36,651292 J1IV
-31,441647 25,180107 Y3V
25,931668 7,960177 Z8I
19,259011 12,084048 L8V
2,436736 4,725591 Z3IV
-16,959426 7,411157 G4I
-17,582868 7,219249 G0IV
-16,216458 8,727382 L4III
9,410177 -16,220484 Z6I
35,443367 32,294088 J5V
-3,737854 -6,745727 Y7II
3,541528 4,781610 L6I
-5,241999 -2,946320 Z7VII
-2,229782 -3,336012 Y6VI
8,263627 -17,133672 S0VII
23,795501 6,730800 G9V
1,922529 14,810935 G0IV
5,307032 15,471018 G8V
-5,014020 5,123895 S4VII
1,442495 16,119819 G8IV
16,174917 1,744133 J6V
22,663930 9,155427 G0IV
3,244015 5,995942 N6IV
15,918883 -3,985092 G2II
4,582183 1,571293 J5VII
-3,714269 -2,326053 Z6III
8,339064 -24,676041 L6III
16,130609 -2,430965 Y9IV
-3,647767 -4,236018 N5VII
-29,447533 4,466253 Z7II
3,088323 2,082606 N7IV
-15,956898 7,510921 S9V
27,682962 -12,387637 L4V
2,071771 15,115105 N0I
5,728969 5,759859 Y3IV
16,600671 -4,396911 Z8I
6,039370 4,483019 J5VII
16,971922 -5,197762 N9III
3,503331 18,336239 Z6III
24,215201 5,451866 L4VI
20,793487 -4,638338 Z6VII
-13,910298 8,210950 L9VII
6,720824 -14,322365 J3IV
-18,136985 5,699925 N5IV
4,337653 4,361985 S7V
-14,810104 -11,178220 J4I
19,916545 -1,584402 Z5V
7,563616 -17,498638 Z7IV
6,512494 -17,513026 N5I
-2,507442 -2,313916 Y1V
-5,013237 6,471848 Z1I
9,241592 -15,503875 Z6I
4,835320 13,807595 L2IV
17,106468 -1,824933 G9V
1,345447 15,966166 Z9I
3,303139 2,330506 Z4I
-6,572929 6,357100 G0I
3,125894 2,780720 Z4I
-5,465016 -5,889052 S1II
-17,432631 8,977378 N0II
42,123061 34,386395 G0V
5,089784 15,351319 G5V
-25,773699 35,062193 G4VI
-6,396711 6,115971 Z8VII
-13,184095 -32,865392 J0VII
-0,037086 -36,143778 N6V
32,094997 2,062478 Y8I
20,841373 -4,174252 Z2VI
1,605888 16,879216 N4II
6,874869 -16,476960 G4VII
-5,567341 -3,421153 S8VI
-4,310562 6,576939 Z4VII
19,582504 24,458100 Z1VII
-7,915632 3,780369 S3III
40,838500 -28,834675 J3V
3,370033 1,622829 Y9VII
-16,048937 9,751353 Z1V
-24,659252 28,142268 J5I
17,962430 -3,028582 Y9VI
18,582506 -3,716849 N8III
17,448360 -5,718748 N8III
-20,995191 25,050601 L2III
37,273184 23,017053 N9I
-2,406578 -3,765149 L0II
6,567387 -17,327043 N7V
31,395172 21,314362 Z5VII
26,849727 6,141201 L5VI
2,371133 17,383332 G9IV
6,204771 2,618045 S1III
-15,900576 9,395882 L4IV
4,059421 15,538962 N2III
9,277304 -13,850778 J6III
4,865477 16,735482 J7III
-3,647610 5,122640 G9VII
7,428834 -15,483393 J9VII
1,679990 4,851575 G6VI
-22,038636 10,449990 L6II
-4,852966 7,075119 N7VI
-4,758847 4,677048 Z7V
20,273040 -2,231628 J7VII
19,545146 -5,875355 S2I
21,274317 -35,538220 S9IV
22,052614 35,404442 Z0III
23,379004 5,707481 S3II
5,314316 3,020039 L0VI
40,114244 27,954548 N9III
30,563710 1,413862 Z5II
5,303253 15,566505 Y9V
8,798460 -14,330758 N5IV
23,970877 8,422630 G8V
-17,553197 7,538384 Z6VII
5,660486 -15,758155 Z2III
7,181018 -15,108739 Y8V
7,508495 -14,901591 Y9V
3,833657 13,129509 Z0VII
-6,878604 -16,503385 S8II
-3,289412 -6,832297 J5II
6,192857 15,561758 J0IV
3,546691 15,912686 L4III
26,076783 6,195263 N0VI
8,858614 -15,155791 L0V
-18,220086 9,264251 N2VI
20,184969 -4,487237 G4IV
-2,581623 28,420857 Z7V
12,007787 -33,126409 Y8VII
18,133377 -2,224631 G3II
6,114620 4,551285 G5V
-3,594205 10,686513 S7VII
-7,936126 26,963952 Y6II
2,642105 13,903022 Y9II
16,811705 32,318220 S7IV
-4,187478 -3,259211 S7IV
-17,367761 7,530803 N7V
-4,610311 4,637648 Y3I
6,389139 -17,263236 Z7VII
2,419006 16,176528 S0IV
-1,038240 -30,254312 Z5VI
-6,148619 3,889813 N0VII
7,943514 -17,170233 S8IV
6,474356 3,058283 S3III
2,737928 16,727388 G5III
26,216909 18,123818 Z9V
18,838674 -3,697792 J3I
-3,727730 3,914922 G6I
-8,071048 4,523175 Z5III
-3,945249 -3,427266 L2V
16,475225 -4,485107 Y6V
6,033063 4,687681 S5III
-7,538436 5,977508 Z3III
-17,742803 8,962372 S7V
17,584753 -2,345635 J8I
-14,672677 5,872804 G1II
41,352727 29,452106 N0VII
-2,175517 -4,443026 G8III
17,870459 -4,812019 J1IV
-17,284848 8,005630 Z2I
3,787457 3,564711 S5III
4,731191 4,992328 G5II
-5,070993 -6,271927 J4VI
-14,310448 7,492850 S6V
7,258088 -8,602822 G0IV
25,805670 -16,612796 L7VI
-17,722503 6,566984 N8IV
2,706418 15,653132 Y7VI
17,040340 -2,621614 Y3II
17,701866 -2,489016 G4II
6,844549 -14,621876 G1V
-6,023142 -5,460550 Y7I
-20,926032 -4,568865 L6V
-5,440230 -31,954179 J6III
19,564391 -2,032057 N9III
5,499388 15,052776 Y8VII
-6,877339 -20,867403 J5I
4,719336 15,139959 Y2V
-13,880367 8,125427 N0IV
8,506750 -16,760526 N9II
19,125915 -1,743358 J9II
-17,163337 5,674465 G8VI
2,311200 -6,091964 J5II
2,082652 3,525703 L7VII
5,081754 2,796726 Y1II
18,653864 -3,383395 Y1V
-4,242171 -1,884110 Y5IV
17,519496 -4,376689 S3VII
-7,551171 5,678840 J2VI
-36,291608 -9,011084 Y1VI
-2,491354 -4,490458 Z2IV
5,540034 5,277827 S0VI
7,318557 25,655676 L6IV
8,045517 -17,966885 S3I
7,488059 -13,404394 G9VI
-4,427997 -2,794287 Y3VI
24,855702 8,233442 L4III
29,312142 26,656231 N9V
1,827382 17,424730 J3V
43,684943 4,561907 G1V
32,901103 -23,551186 L8I
9,686219 -16,797383 Y8III
-4,636213 -3,057842 Z4I
22,449754 6,655494 G0V
-4,886586 -5,220659 S1V
17,891946 -4,662762 J7VI
7,003497 -17,707680 J4I
8,827019 -14,487828 N1V
-16,291108 7,363136 G6IV
-31,984720 -27,540277 Y8V
-5,161714 -6,530786 G8I
-5,972517 7,174384 L6V
18,768992 -2,195743 G2V
4,265745 15,001068 S8V
-7,199320 6,907653 J3III
2,415797 17,007812 Z9V
33,687356 29,724636 L6II
-18,118654 6,544218 S5VII
-8,195007 6,460209 Z2VI
19,238780 -5,808287 Z8III
5,421325 -15,469995 Y6I
5,460201 15,399093 Y4VI
37,851310 -8,218328 J9II
27,273225 8,832746 Z3V
17,007962 -3,772354 N4IV
3,402041 -22,261719 Y2IV
-15,557669 5,321851 G1II
4,254281 16,533011 N3V
7,836656 -12,981183 Y5IV
5,142878 16,696014 Z1III
3,715271 6,533073 N1II
29,365195 2,376070 N5VI
26,664878 13,216469 Y5I
-36,646227 -27,409506 Y7III
-16,151304 6,259066 N5III
-4,923950 6,071789 J2II
10,281413 -14,764156 G5V
-13,887788 -9,270277 Z2VII
-18,286260 9,316478 L3II
13,831116 38,015169 J9III
-6,329831 6,107257 S0V
6,329525 -15,493627 J2I
2,273241 4,826247 G4V
20,077648 35,319196 G8VII
-9,829068 -24,371833 S6I
-19,937540 32,606602 N7IV
8,238500 -17,993206 N3VI
7,671665 -16,405443 L9VI
17,382214 -4,350948 Z3IV
31,445021 -34,921303 G6III
-31,769308 25,193200 Z7II
27,079415 8,907620 L6I
39,714215 -17,028999 L7IV
43,947104 -22,328684 N1I
-4,793888 -5,018147 Z3IV
20,021145 -1,719061 J3I
-6,370906 3,360301 Z0VI
8,786964 -14,315474 S5II
3,371235 13,952556 N3IV
3,575857 18,423661 G9III
2,865372 14,048989 N3II
-8,539991 -9,988494 G7II
6,780718 -14,684557 L3I
2,002730 4,402085 S6V
23,819187 8,155010 L5VI
5,739581 5,165610 Y6VI
1,694713 15,060005 S8VI
24,318396 9,807565 S7VI
6,305731 15,909087 S9V
19,049599 -5,115083 L1IV
-11,517204 30,956925 Y0II
-4,799525 3,087110 Y5II
29,263593 32,920780 Y5VII
-38,627817 11,389528 G4I
-24,402578 -37,407468 G4IV
20,314713 -5,225455 J3III
-29,505647 35,366733 Z6I
20,993171 -3,610629 Z6VI
3,431528 6,658942 Z5I
-19,190554 -30,338070 N1VI
-18,908746 7,013336 Z8III
-3,409913 5,014775 N0VI
19,092321 -2,425796 Z9II
5,502644 4,979860 L5I
-4,633922 30,528203 Y4I
-5,139922 5,165397 L3IV
19,238238 -2,533465 L2VI
35,548982 -35,767846 S6I
8,475616 -17,587711 N7IV
24,447257 13,733391 N3V
-0,028303 34,000761 N9VII
-14,530292 8,060965 S8IV
-13,840251 7,534163 L4VI
-7,672514 4,229586 L7II
27,139927 8,286969 L8I
7,099599 -17,081201 G2V
-5,517723 4,749063 G0V
26,392723 8,407728 L6IV
5,032543 4,823162 S4III
6,498386 4,328472 Z0VI
3,399854 15,300114 Z3I
4,578468 1,994415 Y8V
-15,431109 6,401959 S9I
-13,374005 18,281085 L0VI
1,775546 16,643773 G2V
-18,672036 8,016227 N0II
9,954478 -30,710328 Y3I
6,260888 4,765525 G7IV
10,365063 -16,328831 J3I
5,753451 -15,472072 S9I
10,051090 -17,150487 Z0VII
-5,593630 -3,459227 G7III
-24,737395 -1,468030 G3III
-5,915075 -2,944068 Y6I
-5,616015 2,443503 G3V
25,402756 7,426502 G0II
25,128376 9,481851 N4VII
-34,337086 33,778910 J5III
6,044170 -16,932689 Y9IV
-5,155548 -2,069122 J8I
-4,985568 4,895666 G8VII
23,803141 7,290732 L8I
26,135142 5,924048 Y8VII
-5,229853 -3,689796 J4I
-4,176217 -6,975187 G0V
4,352998 4,199159 Z3V
25,985787 8,063469 J0IV
-5,128246 6,742706 L0IV
16,686522 -2,727269 J5III
37,088270 34,613154 N1I
19,264428 -1,683724 S7VI
36,643417 -7,194020 N3III
-2,883282 -26,265970 S0V
19,213927 -5,061694 J5V
19,751141 -4,730721 S5IV
4,669699 6,642088 N3VII
4,352292 18,309953 J6IV
5,023850 18,126315 J3V
6,098777 15,241122 Z6II
-35,798176 22,072504 N8VII
26,402686 6,606652 Z9III
-38,601296 5,471440 N3VI
4,032529 32,727800 Z4II
4,238337 36,456485 L9III
27,253352 7,346884 J4IV
-4,742271 6,161770 L9V
-21,593984 -18,053602 S4VI
5,415809 6,160487 J0VII
38,069856 20,824145 L3VI
5,370247 14,596362 L8VI
-5,381065 4,928680 J6II
-17,364211 9,583525 N1V
35,696722 -22,285281 Z2V
4,040871 13,697055 S7VI
24,342127 -28,662620 S6I
-14,709301 8,728398 J9I
-4,101561 -6,655756 Z4II
-6,655229 3,524484 J2VII
3,852084 13,520288 S6VII
19,364756 -3,360274 Y3III
-4,195405 -3,986368 N5VII
-4,344714 -5,842020 Y9VII
19,457347 -1,495223 G3V
5,021041 14,921589 S6V
-4,615295 -6,288624 L8I
8,376617 -14,372537 Z7IV
4,386727 16,648063 Y3VII
3,577249 13,277833 J3V
-2,642998 -3,960404 J8III
-15,281399 5,902265 Y1I
25,853066 7,449732 S1VI
-36,354508 23,219322 Z0III
42,448340 26,584781 L0VII
2,531527 3,000148 J0III
3,404454 6,226111 N1V
20,622405 -4,713824 J9II
-27,385866 30,813462 L0VII
23,464693 9,057071 G6V
23,385864 9,830395 L0IV
-22,399446 9,101726 S5V
18,010475 -0,938964 J6V
24,526367 9,700173 Z9II
-3,464377 5,621086 Z6I
3,036701 4,150236 L5III
25,711489 9,466548 J1VI
-15,431811 38,104420 Y3VII
35,546750 20,670133 Y9I
25,861841 5,887304 S9VII
-16,270511 5,240315 Z4IV
-17,959385 5,959734 N0VII
3,858696 3,242997 G4VII
5,697286 17,602186 S1VI
15,584174 35,184669 S9V
-7,020437 2,867021 Y8IV
-18,817363 7,171612 L7II
23,071208 9,167272 L0II
31,430674 16,793532 Z8V
-3,627017 -6,292793 N6V
6,147151 3,012297 J6III
10,034831 -14,900155 L9VI
1,395893 14,768631 L9I
23,564960 9,468790 Y3II
-28,404309 32,531684 G7VII
-29,633424 -37,581957 J9II
23,193867 6,134650 Z7II
34,624961 35,701172 N2V
16,807879 -1,614977 Y2III
-1,822155 -3,700654 L6II
17,361711 -4,837765 N0IV
21,058656 -4,066324 Z4IV
-6,432217 2,688494 J4V
1,512320 3,233744 Y6I
20,025945 -1,882134 G6I
4,801348 14,512120 J1VII
23,462749 6,000655 Z1I
2,330968 -7,189755 S0III
7,757601 -14,031953 N4I
-14,175677 6,901241 N7III
28,533318 -36,757677 Y1III
3,212942 14,546686 Y7II
4,120656 6,596924 Z4VII
4,858516 14,791791 N8I
18,071915 -2,055998 Z8V
3,618739 13,490943 G9II
39,087640 20,558973 N2VI
-4,065748 -2,370857 Z1I
-7,414612 -29,944365 Y4VI
-1,388899 -5,421913 Y1IV
29,209475 -29,083941 Y1VI
2,373659 15,670062 Z0I
20,996342 -2,530391 J4I
20,176740 38,122263 G3VII
3,537687 6,313204 L3III
4,952427 15,099507 G1IV
26,438399 9,415569 L6V
11,648769 37,898068 G0VI
2,039318 2,814386 N0VI
-30,048699 18,887514 G4III
18,399441 -1,178819 J5IV
-4,123715 17,443664 L2I
16,421437 -2,755947 G4IV
45,845024 9,360254 S0IV
-15,619314 10,200675 J6II
19,656746 -2,690541 S9VII
6,537106 4,097333 G8VI
3,367041 4,254553 S4V
2,474036 2,836199 G8II
18,130746 -5,838630 Y8IV
-33,498796 29,237759 Z9V
4,515191 16,452470 N2VI
-6,158528 -4,561279 Y7V
20,734772 -4,915119 N2VI
18,581699 -4,625253 Z2III
29,642626 -20,733801 Z7II
9,077935 -17,093647 G5IV
-26,746634 -0,073800 L1II
-3,071291 -5,779602 S9VII
3,477742 15,353448 Y9V
-2,562449 -5,775685 Z3VII
8,782999 -15,515371 G1VII
28,946340 -36,148876 Z3III
-15,466892 5,862962 L4I
4,906764 15,210318 L9II
-19,034614 6,959856 G5IV
-2,274132 -2,758795 Z4III
-1,472452 -5,503027 N8V
17,158670 -5,605681 J8V
3,003206 16,647896 G8V
-18,462012 7,095179 G6V
16,850092 -1,593979 J3II
7,065576 -17,370212 S8I
-2,435473 -4,378228 N2II
-2,244812 -4,286778 Z4VI
3,654440 4,453074 L2VI
4,075201 14,387421 S9VI
22,154879 26,476418 L9VII
-4,612505 -2,182447 Z2I
6,202121 -21,517790 L4VI
10,363736 -16,652436 Y9IV
-15,965994 9,382329 G6V
-31,457832 3,944936 Z4III
-18,778282 8,213858 Y5V
-19,319247 -26,686905 J0VII
-1,550938 -3,377906 L2V
-8,000844 3,588133 N3III
-17,467694 9,131819 S4II
18,508855 -11,336605 N4I
19,679231 -19,205590 L5III
-4,595569 6,592061 Z6VI
18,231827 -5,887328 J5VII
10,105984 -15,477896 Y0VI
23,860260 10,180703 S5VII
-17,855366 8,451653 G0V
-17,049425 6,212180 N6VII
3,852606 2,879087 S5II
18,347258 -5,357708 L1III
6,775358 -14,813787 Z1VI
4,291205 18,050455 Z0VII
-6,076495 -2,957715 Z8I
-17,535823 22,946267 N5III
-1,776547 -3,298839 Z4V
4,457167 1,927735 Z0III
3,485210 14,293547 G1V
-17,431945 5,745186 S6VI
-17,349826 6,652932 L9III
-36,102841 37,409053 Z9VII
5,947878 5,885744 S0VII
25,285951 7,255046 Y5VI
-17,822726 7,905678 L5VI
6,298977 -16,267948 N1I
-14,570439 6,348849 L6I
6,621234 3,997267 N0VI
8,259112 -16,938120 L1III
-2,284231 -6,507853 S3IV
19,100995 -2,448361 G7IV
-4,355789 -3,057523 N1III
2,496186 13,449351 S4IV
-3,085805 -2,843258 Y9I
18,177401 -2,241626 J7IV
9,022274 -16,792084 Z1II
1,374645 4,469272 N4VI
-14,847012 7,386525 N9V
-25,556269 -18,203075 Z5III
-25,203710 0,156190 L4I
8,818710 -17,319179 Z8III
19,157437 -2,320845 N1II
0,047672 25,865256 Y5I
-34,351246 -23,417506 J6III
27,274271 7,236166 Z1III
5,645825 4,633104 S6VI
7,529345 -16,021096 G5IV
-9,306126 -36,398505 J3I
17,550835 -34,671823 J1VII
3,829388 16,193681 Z6I
-17,499314 8,100169 Z1II
5,791389 -15,444886 Y9VII
26,258281 9,859063 Z6V
9,700885 -13,498142 S8VII
-4,024829 3,325969 Y7I
3,344876 5,407093 G4IV
28,675659 2,350277 Y2V
25,050652 8,953609 J7I
24,518107 5,568509 L4V
-6,271189 7,515948 N4VII
8,370740 -18,119564 L5I
-17,751067 5,634101 L5III
13,354568 4,436648 Y7III
-6,129319 -5,306975 G2VII
-24,872404 -13,091795 Y0VI
24,699191 8,559948 L7III
23,071822 8,331491 Z6VI
-17,179641 7,243701 J0IV
9,035540 -16,674640 Z9III
37,475548 -9,943863 N6VII
-4,830871 6,991616 N1III
-37,884801 20,653662 S9VI
43,082912 -29,725652 S8II
5,326116 16,493902 J3V
2,442329 15,620235 G1IV
16,411773 -2,940134 N5IV
23,232312 7,927752 L4III
26,154549 5,690722 N5VII
-2,648107 -2,178035 L3II
-5,084009 -5,326131 L1VI
4,427239 14,763868 N8IV
-4,028804 -14,263425 Y2V
22,748995 6,462195 S2I
-5,954696 5,602873 G3V
-11,584417 28,027431 N1III
-6,913973 -32,477542 S4III
9,953367 -13,901159 J3VI
2,822252 14,557450 G3V
-6,747353 27,649215 J1V
8,633482 -17,928867 G5IV
-3,373730 4,795273 N8VII
26,670922 7,397506 G1I
-0,624381 -32,132351 N6V
18,507129 -3,932414 G1VII
4,565816 6,385617 L5II
23,089042 6,249810 Y8II
19,804400 -4,695849 N1IV
3,096686 3,138379 J8II
6,535445 4,458939 J4III
32,114497 -1,726616 G5III
7,999528 -17,271952 N2IV
1,346708 14,931130 J9I
-2,449271 -6,318217 Y6VI
5,233731 -3,648789 L6II
-4,344780 3,767593 S1V
2,524361 2,647200 N6I
27,039907 7,633835 N5IV
23,290988 8,229558 G5I
26,259871 9,680835 S4VI
16,252109 -2,264200 Z3IV
-16,681604 8,382486 N0VI
-29,652840 15,250545 Y7IV
1,831329 5,683532 L9V
-17,121210 10,283992 Z3II
39,789491 3,421541 L7IV
19,171568 -2,849837 Y9I
3,107473 17,852511 L2IV
7,732906 -13,607560 G8VII
1,731488 4,958942 J2III
-6,940052 5,141308 L2III
3,948665 16,554041 N8VI
23,423802 9,533002 J5IV
8,392724 -15,372250 S2I
17,109166 -5,213535 G1VII
-4,286749 3,234738 J5V
5,813442 15,955596 J2V
-5,478881 6,803777 J4IV
1,522237 3,880382 N7IV
-15,363623 7,013948 Y0VI
25,834343 28,514541 Z4VI
-4,359991 7,193204 N8IV
7,558590 -16,950928 S4I
6,261047 -16,460124 Z8II
5,404912 6,263955 Y1VII
25,806552 6,777624 J2II
-4,214046 -6,880898 Y3III
23,996272 6,847200 Y8I
24,183593 8,843989 L0I
18,128711 -1,870912 Y5IV
25,975483 -26,896615 J3VII
-5,394323 -3,409648 N5IV
11,312138 -9,510286 Z1III
17,026891 26,213764 N3VI
-18,580614 8,540848 L8I
-17,315642 8,053925 J6V
3,624118 14,541306 Z7VII
18,746452 -5,943717 N1V
21,097996 -4,091723 L2III
19,036715 -2,608501 Y8I
-15,847413 6,885878 N9IV
5,232003 18,021196 G2III
26,633594 -15,615500 G6I
-5,097115 -6,195717 J7VII
26,158231 5,831671 G4VII
15,195496 -14,548288 G0III
-4,208979 4,614585 Z1V
4,781205 15,657990 Z0I
24,589619 8,394954 L3VI
-16,291560 5,944319 G1VII
-7,085735 5,959686 N4III
-2,368584 -6,159088 J1VII
8,730506 -17,679260 N9VI
15,875029 -3,505200 G9IV
-36,574759 21,218518 S4III
-15,734133 8,484292 Y1II
-2,817034 -6,181633 S5I
-16,382671 9,208273 S5I
4,536458 13,650568 G5III
9,722104 -14,884006 N2VI
44,760938 -25,880206 Z0II
25,021373 7,941269 G6V
17,646313 -4,332143 S5I
6,086621 16,759579 Y3VI
6,230885 15,494497 G3I
3,143510 14,974459 N2II
5,652290 -15,725083 G5IV
-18,751910 8,209321 N3II
-16,749401 -24,723151 S0VII
9,571374 -17,011762 S5VII
-17,149113 26,185805 L2III
16,658628 -2,645965 G0IV
9,812818 27,518448 L5I
-4,004198 37,046455 Z4VI
4,268787 5,261579 L1III
1,268092 15,243278 S1III
8,540474 -13,073926 N9V
2,830714 17,282098 J7V
-5,409429 -5,325922 S2II
-4,752171 -6,018650 Y8V
35,462225 15,836177 S2I
26,843268 7,571132 L8IV
5,742341 4,004601 N8V
18,681523 -2,444987 J2VII
-6,215269 -4,136945 S7VI
20,264644 -4,843060 S1I
8,631676 -14,437065 S1VII
-15,944493 8,310307 Z9II
19,915289 -1,169500 Z1IV
9,442778 -14,198538 Z7VI
6,494260 3,104501 L8V
2,582336 14,817661 G9I
3,234609 1,596553 Y7V
-5,845319 3,364147 L7III
5,389862 4,147552 N0IV
4,819939 5,476606 J2VI
4,698058 13,216176 N8V
3,240818 17,951407 L7VI
41,583415 26,958944 Y1I
19,783154 -5,475627 J1V
2,931524 15,257080 L3V
-24,858207 -37,490038 Y7III
6,231912 -27,474822 Y2III
5,579952 5,529881 N7VII
8,867907 -13,722472 S9II
32,630066 35,188420 Z3VII
-11,224009 -3,987055 Z9III
-0,774788 -36,666284 G8II
-18,478171 7,174853 Y3VI
4,146905 -24,619049 L1VII
8,795449 -12,928677 N1I
26,712411 7,582298 L8VII
-33,325163 -31,672343 J6III
-4,735332 5,081030 Z2V
24,658919 7,348525 S1III
41,810964 14,540851 J0VI
-18,917224 8,668492 J0VI
17,989643 -5,980113 J8IV
11,208151 37,854283 Z4III
6,597954 3,730347 G3VI
-6,288588 21,206944 S0VI
-7,388485 3,920906 G0I
-7,801122 5,202312 S4II
17,481636 -1,710176 G9VII
3,876546 15,793846 N1IV
3,876755 15,637203 N4IV
6,377346 3,442720 Z5II
40,362401 -9,563860 J1VI
7,798590 -14,786512 J5II
-7,975512 5,819932 Z0I
12,929043 -31,979138 G8VI
-2,049895 -2,748491 J8VII
-7,228820 2,983349 L0V
23,464117 6,541293 Z1V
18,251228 -1,293288 G4III
6,141310 -14,399311 L8V
25,692524 6,407149 S4III
6,869035 -15,505000 L0III
-18,890661 33,831218 N0III
8,267169 -17,200318 G2IV
2,753145 4,118656 G6III
26,668795 8,940298 J7I
19,110852 -1,665953 Y5VII
7,477609 -14,299415 G9IV
24,233867 7,660665 N9II
-5,932756 -3,452804 Z9II
-19,787674 -37,742873 Y0III
3,306663 15,487656 G6II
2,076217 2,530806 G1VII
7,321037 -16,639582 Z0IV
3,421788 6,361014 N7VII
-6,038886 4,485076 N6VII
-1,680866 -3,266385 J5VII
-4,700975 -5,134879 S5IV
-14,422966 6,993208 Y3I
9,569880 -14,594590 Y2III
8,442657 -13,806725 Y8V
-32,169388 -25,154552 Y3VII
-15,746479 5,407041 J2VII
3,218359 18,111846 N7VI
19,231095 -3,289742 N8IV
26,161168 8,020955 L5VII
-3,756997 4,451665 Y2IV
9,000021 -14,771644 Y0VII
4,444585 3,847446 S1V
17,426837 -4,625618 Z9I
-7,113033 4,866272 Y6IV
-5,130860 3,512941 L6VI
-6,231494 5,103201 S4V
-18,400210 7,685179 Y8II
5,121420 16,043839 Y1IV
-1,907982 -5,449004 S3I
-5,043000 -3,743990 Z3I
4,147097 2,936224 N1VI
19,846494 -5,811028 L2III
9,678537 -15,387332 J6I
-5,444943 -2,682960 Z6V
-35,519403 -32,322650 Y3V
-4,854665 5,666090 L5V
44,555924 -3,639371 G4III
27,562645 -35,097897 L0VI
42,010558 12,821736 L7VII
18,924861 -2,930736 Y8III
-4,850756 7,505342 Z8I
27,571487 -23,451177 Y0IV
3,023868 15,836112 N7VI
-14,929523 8,357243 G8VII
-17,457956 5,802972 S4III
25,310236 9,546115 Z5III
-14,038247 7,619736 G9VII
3,471426 6,085141 N3III
46,405551 -10,386384 Y2IV
-7,246322 4,846660 N0VI
6,999330 -13,785539 G9V
-4,750950 -2,424969 S8III
44,813605 13,489308 S5V
2,318628 16,042837 N0VI
3,317501 2,029366 Y5III
5,174065 1,805995 N5IV
-7,257902 27,106726 Z7II
19,412772 -0,992259 N9V
-5,986890 -5,258359 Z8III
-8,112346 5,984643 N6IV
-19,080630 -25,689622 S7VII
17,961083 -3,372068 Y7III
19,620449 -1,410128 L5VII
-15,411685 8,166360 N5VI
41,022625 31,147349 Z1VII
-2,342355 -2,837929 Y9IV
-25,315414 33,336485 N6III
19,656500 -4,797458 L8VII
5,441430 4,500309 G6II
5,677371 5,992138 N8IV
6,294849 14,635569 S1VI
-7,202356 5,837921 L4VII
-6,020121 5,739001 Z8III
17,792805 -1,908187 G9VII
-35,157026 27,672343 Y5I
16,775364 -1,926157 L5I
-5,200511 3,162964 L8VI
24,500221 9,983486 J1I
17,925389 -5,062951 Y7I
35,943656 -2,041063 S5V
10,649666 -15,137225 N8V
35,074862 38,273425 N8II
1,585503 14,512773 N8VI
16,607787 -15,532100 L9V
25,373071 5,233059 L2I
18,869536 -1,907406 Z1VII
-6,818291 4,792254 S3III
3,635728 17,397157 S0II
-6,799112 3,547646 Z7II
10,144712 -15,923665 L3III
-4,971613 -3,035085 G9II
1,977537 15,402150 L4V
19,086314 -0,861392 J6IV
9,213726 -14,147698 S3III
18,265704 11,873461 S0V
5,935740 -15,342160 Y4I
23,403056 6,307416 N7IV
4,299180 16,344350 Z2III
23,662292 6,816339 Y4I
20,992027 31,326693 J6I
23,847440 7,623492 J9V
35,024413 -25,767889 S1II
8,627411 -17,557087 L7I
6,611515 -16,119219 G2V
4,949446 -25,957212 S3V
-24,728416 32,665438 L7I
24,468647 -6,124536 G5VII
-1,343373 -3,841364 J6VII
-16,696942 -3,812764 Y4II
-17,289052 1,160074 S6V
-4,089899 6,440303 Y6IV
7,624954 -15,459345 J1V
-17,020811 5,233527 Z8III
4,621228 5,028360 S1VI
-18,426421 9,332119 Z8IV
10,050330 -14,942347 S9IV
-7,471965 5,982401 L9IV
-38,780251 29,870517 L7II
-28,666196 31,186174 G8IV
18,351917 -1,823505 S5V
-31,495895 -5,209098 Z6II
11,637151 6,049285 Y1IV
-5,328205 5,031222 J4V
-2,096560 -5,466515 G4III
-16,969943 10,049423 G1V
-37,859905 -32,617074 L4IV
19,408474 26,008714 J3VII
19,480266 -1,052672 Z2III
8,678520 -13,600935 S4VI
8,115805 -22,094091 Y6VI
3,078946 3,877283 Z1VI
-16,905570 6,838909 Z2VII
4,757382 5,179998 J4VI
16,535003 -4,980877 N6V
-16,880290 10,290989 J8V
45,274618 29,740312 Z4II
-4,217545 3,505662 L9IV
7,784200 -16,945816 L9III
2,591951 3,530638 Z4VI
22,567078 -12,994946 S0V
-21,031914 -21,649965 L4V
-6,920487 4,571122 N0V
18,855915 -5,308317 Y9VI
19,537824 -1,684193 G9I
-5,431515 -20,306620 G7I
-7,185959 3,460716 J0VII
3,034163 6,446360 J4VI
-14,827441 6,100023 L1III
-13,502086 -21,178726 J7V
7,812104 -13,280078 L9III
4,670755 2,550092 N4VI
6,477092 16,220094 J3VII
-15,182595 7,464067 N5I
19,533802 -1,451629 N4V
-16,058270 5,789119 J8III
-17,852175 14,312202 J9IV
-20,150072 20,305350 G7IV
17,607589 -5,166480 J6I
4,278901 2,797900 S8VI
18,365127 37,699587 G5VII
-3,431311 -4,510076 S1II
3,876186 16,084673 Z6IV
-3,871546 -3,924768 G2I
16,577185 18,983207 Z2I
-12,115326 -36,911390 G3VI
-20,509184 -35,922413 N3IV
-10,006644 -15,080364 Y7I
-28,702181 -12,004758 N7VI
18,219781 -1,715867 L7II
-33,972107 -25,030480 G6VI
25,494995 8,949054 Y9IV
-7,895653 5,617260 G3III
5,688638 17,051575 L8IV
6,679558 -17,465664 G2IV
5,175836 15,512757 J5VII
8,916352 -13,161640 S6II
7,117123 -14,271167 Z9I
25,934003 8,424121 J8IV
-4,786771 -4,257000 Z1V
-5,238820 -5,051635 S2II
40,583655 4,563001 Y5V
3,026335 4,963062 Z6IV
5,272685 17,721826 L3I
23,766620 -10,245805 S0VII
4,598157 3,000702 J5VII
-18,143946 -9,820195 G5II
-4,180260 5,326773 Z5II
23,283112 5,653732 J0IV
-3,433333 -3,963574 N7VI
-5,159607 -2,187864 G9IV
8,914899 -16,039268 Y2V
8,660072 -17,064494 S0IV
-38,920101 17,446749 Y7IV
17,241667 -1,805643 Y8II
-3,510714 -4,577604 N7II
-5,396218 5,293400 L3I
7,989120 -17,618137 N9V
-17,975644 7,553932 Z6VI
-3,184374 -2,485195 J3I
25,753062 7,496303 L3VII
23,138771 6,214984 Z7I
8,589128 -16,734230 J4IV
2,294639 5,259185 Y8VI
24,311736 9,225804 S0V
-15,423858 5,525859 J7V
24,312950 -37,346754 Y0II
-17,953850 9,347874 Z0IV
-3,537341 -6,291026 Z5VII
5,343785 16,404920 Z0VII
3,110722 4,241381 G2IV
1,411656 16,727752 L2VII
20,654681 -29,228222 J1II
-17,078363 8,964019 Y6IV
-16,388673 9,179600 S2VI
-3,582049 -37,053564 N9IV
23,470117 5,799576 N7V
1,621612 15,383515 G4VII
0,939946 -22,505292 G3I
-4,966087 3,146936 N2II
-5,579073 -4,828106 Z9VI
19,634254 -4,224509 S9VI
-13,985677 8,308966 Z8III
5,123507 16,296951 Z7VII
-8,202692 4,476909 Z1IV
9,423447 -17,591160 S0I
23,845998 -37,356665 N9III
4,973429 3,797423 Y1V
26,828454 7,098010 S6I
4,640320 3,575420 Z5VI
-15,676135 6,859701 J3IV
6,104360 16,037777 G6V
-2,083396 -2,813167 L8V
17,550738 -2,474067 G6V
26,149098 6,634731 J5V
3,213928 3,180119 G9VI
24,368438 6,880087 J0II
3,499497 2,157890 N2II
18,544403 -3,837576 N4VI
4,271639 16,687923 N2III
-18,198178 6,328647 J7IV
5,560317 -15,734167 L3II
6,265198 3,844420 Z6V
26,183331 6,627589 S0I
25,672557 8,669910 J5III
-7,442117 3,244681 N6III
7,979143 -15,691457 J5VII
4,650391 3,944650 S4IV
2,180636 15,706551 L4VII
47,079419 -15,678905 G0I
-20,084728 26,123536 S7VII
6,139894 4,509859 S7III
5,989583 2,431878 L7VI
-29,275698 -5,721492 L8IV
2,306950 3,946163 S1VI
-4,227699 16,935135 N0V
-15,191043 6,859028 S5I
-17,686864 8,321604 S7V
6,097245 4,475133 G7I
19,977846 -3,153628 G8II
-13,940455 7,738507 L2III
-36,651666 3,588096 L7VI
9,022848 -15,149930 Z8II
6,510709 4,855300 G2VI
3,987866 1,867092 N1VI
13,070042 8,020137 L7III
22,548397 7,942862 L6VII
-11,353271 -31,833053 Z1II
20,054464 -5,672705 L0I
-5,448523 5,043147 Z9IV
16,369276 -32,488461 N1I
-30,455216 -16,327346 Z5VI
6,147049 23,540128 N3IV
-18,896915 8,490695 N4II
23,658273 8,922829 G4III
25,972470 6,031870 J6IV
-29,122655 -27,205636 N2VII
-4,378512 -4,065872 S0III
26,999037 14,602464 N8V
-25,398376 -36,234895 Y8I
-2,690847 -3,012909 L0I
17,064750 -5,638004 G0VI
20,544218 -1,817770 S8V
31,769081 24,951413 S5II
-6,098687 -3,563887 Y7IV
16,312360 -4,299497 L1III
1,474883 16,228598 G2III
-5,886048 7,504212 S2III
26,244388 6,701299 N6IV
23,055135 6,632254 L3V
6,118657 -16,521315 G5II
-16,640044 5,247452 Y4V
-4,243919 -5,995992 Z5III
-5,943401 -5,784355 Z8V
19,282125 -3,485907 J7IV
-5,348379 6,191270 G7VII
5,185174 2,286570 N0IV
17,670140 -2,968738 G8IV
-1,824480 -11,460399 G1VI
-4,631087 -6,448893 N9VII
-6,979313 -14,578289 N8III
3,535720 16,222712 N1V
-4,610161 -19,427971 S5IV
-2,140602 -6,165366 Y2I
-37,636652 0,971142 J9I
-6,242996 2,754265 L3II
-29,565846 22,859036 S5II
23,313434 22,853396 L8II
-2,699490 -2,952389 Z7VI
4,299288 5,113731 G0V
-6,675420 7,106989 L3IV
-16,674381 5,635022 G9VI
24,236911 6,159362 L1III
6,032630 2,463002 S0VII
-6,803306 5,488192 N1VI
26,637726 8,685915 S5II
6,919341 -16,876584 S7VII
-5,961395 -3,402876 G2II
3,666330 16,092947 Z6VI
22,346273 -24,215413 S7VII
-5,501452 3,173860 Z0VII
17,084017 -2,457311 G9VI
2,901929 17,567192 S4V
-5,948912 7,537480 S4I
-9,001724 -26,540558 L6V
25,961650 6,625172 Z3VI
-8,234069 5,139390 N3VI
41,492837 -14,750248 Z0VII
5,730257 2,795467 S8VI
2,982592 1,915372 N7VII
-36,895184 22,819416 L2I
-1,914549 -5,414113 S8V
25,210731 10,401776 S0I
-16,168130 9,494257 Z6II
8,605285 -16,532833 G3I
-5,804899 4,005413 N7VI
4,160380 3,695245 L1I
16,018455 33,146538 Z0II
5,538956 5,541580 S2V
-15,768937 6,291361 S6VII
-18,928862 8,866342 G9IV
45,512697 2,715974 S4IV
-10,526376 19,609052 S7VII
9,662654 -15,151786 Z8IV
17,097092 -1,556445 J1IV
1,414735 16,638861 N2V
3,178245 6,565383 L4VII
-16,241684 9,760039 N4III
-3,453824 -6,013108 Z8I
4,288959 13,585136 L1V
4,956609 6,023847 J9II
3,320394 15,968620 S9I
5,139717 13,801198 S6I
19,366149 -2,268952 L1VI
6,828306 -14,031643 Y3V
-16,589098 6,802135 L1II
1,903941 14,025444 Y7II
-15,528753 -21,281065 J9VI
25,398172 6,517564 L7IV
3,135549 2,010546 S2II
-17,013036 7,364265 Y1V
16,208996 -4,410877 Y3IV
-28,932063 -20,962894 Z7VI
4,455903 3,038402 J4VI
-6,419688 -3,920144 S4II
-2,605503 -4,893272 G8I
2,590565 3,357304 L2VI
19,995715 -2,163868 G4II
3,585963 5,970324 L6II
4,766401 14,796996 J8IV
3,648901 14,345820 Y9VI
-14,390509 7,881414 Y5II
-6,653407 7,383451 L8III
-26,502957 15,844012 N9II
2,071185 15,818821 S9I
14,208920 -26,716158 Y9VI
32,345917 -14,412710 J1II
-16,220203 5,549723 Y2IV
4,509037 -3,099846 J7VI
-16,724447 33,214578 Z7VII
-37,457622 -20,024401 S3VII
-3,794026 4,105818 J0I
23,429599 -26,398506 Y8II
17,930987 -5,565857 L1VII
-5,959377 5,756796 G0VII
6,676132 -15,826486 Z3IV
29,481934 27,478866 N2II
26,035404 10,164761 S5V
-19,050334 8,058515 N2VI
5,483828 13,741014 L7V
25,824024 6,259698 S5II
39,560223 3,492241 J9III
-15,037116 28,310899 Y7III
-5,859362 -4,934372 Z5IV
9,422209 -13,607808 Y0IV
-26,501581 -12,889448 J4V
22,651251 7,759830 Z4I
32,381944 -9,680690 Y6I
4,412391 4,655746 G4VII
6,751999 -17,545775 Y8I
-18,470807 23,390956 S9IV
6,122672 14,847489 N0V
16,100003 30,639119 J5VI
43,776215 -12,187449 Z4V
-2,557031 -4,431504 Z1VII
26,145404 9,247862 S6IV
-5,541106 6,125696 L7IV
-14,116443 8,360868 Y5I
-6,973762 6,499680 J5V
2,982841 4,050009 Z7II
-6,093613 -4,660819 Z7II
20,621726 -37,200327 Z5I
2,084062 2,358613 L8III
13,220738 9,709655 N1II
2,091691 3,646637 G7IV
-14,725462 7,199262 L8V
7,223796 -13,949315 Z2VI
-7,987002 6,491916 S1I
-4,916008 -6,447246 L2VI
-5,089852 -6,822464 N6II
6,263270 -14,089628 J8I
24,947505 9,075884 Z3VI
10,617238 -14,955609 Z6V
19,344026 -1,978846 Z1VII
5,710215 -15,661817 J1VI
4,542815 2,319705 L4IV
6,259250 -14,517466 Y3V
-33,414424 -11,052719 L5VII
2,864258 5,836252 S4VII
16,101321 38,139291 Z6IV
-13,976644 7,753291 Z4V
4,786663 13,839059 N9II
6,528317 -15,641536 G2IV
-18,103857 9,007329 L4I
-19,182090 -18,720067 Z2VII
9,911672 -16,888068 L7I
5,093153 4,322776 Y1IV
2,778387 17,596536 S4I
-4,234707 -6,734472 Z0III
5,261870 14,624827 Z6I
-32,012595 8,239784 L9III
-8,788073 24,759154 J7V
20,707517 -4,012243 G2III
5,477338 4,411634 S1I
16,854287 -4,867856 Y6IV
9,641505 -14,262883 G2VI
-11,029029 20,548147 S2IV
-30,209883 24,647061 N6II
-8,740468 -31,901790 S7VI
45,726269 4,094067 Z1II
4,201960 17,573355 L6VI
20,275639 -4,973775 Z8III
5,308588 17,747466 N4IV
-5,147919 4,202017 G1I
3,787206 18,403035 G9III
30,905427 37,126614 J3IV
8,055559 -16,696233 N7IV
-4,772326 5,537361 G1II
9,233857 -16,695179 G3I
-5,025129 4,531000 G8I
-3,972407 6,574398 S4VI
1,900203 4,870032 G9V
-7,931704 11,626369 G9VI
-28,007751 27,216841 L9V
-15,886653 10,223286 Z9II
9,885496 -25,725405 N6VII
18,041687 -0,949578 Y7I
22,791561 6,680843 Y3I
8,933910 -16,491678 S3III
-4,779739 -5,680678 N6I
18,922711 -1,192120 L9VII
24,368946 6,242506 L0II
1,975190 -18,372639 J3III
9,499483 -14,416937 L5III
-3,810206 -5,603668 G3IV
23,609446 9,167128 L5I
4,711653 25,153463 Y2VII
19,970476 -5,172318 L3III
-5,025115 5,457031 Z6IV
7,606227 -13,194997 G1IV
16,981031 -1,563262 L3VII
18,953081 -2,407459 J2VI
-2,818848 -3,679142 L8I
23,469740 8,553320 J9II
9,349901 -14,827501 J5VI
16,101893 -4,482532 L7V
-5,178400 -5,534268 L2VI
-6,141070 -3,499751 S8III
-5,562885 -5,299287 Z4VII
-4,100224 -6,376124 L8I
45,742497 -31,187080 Z9I
25,570943 9,278291 S6I
3,767597 16,865163 G7I
8,571970 -14,032186 Y4VI
-5,889524 -5,562860 J7II
-3,887536 5,635184 Z6IV
-4,847429 6,974649 J5VII
-13,979986 34,382349 L1I
19,370833 -3,773219 Z4V
19,471466 -28,303352 Y5II
0,874449 -23,777570 Y3V
-15,148683 6,858287 J9III
3,870200 18,243891 G5VI
-6,351515 -4,827417 J9IV
22,815514 7,154104 S3II
-5,894994 3,112608 N2VI
-5,851908 6,454940 J0III
-15,312910 6,554809 Y2VII
16,332109 -4,412616 N7III
6,255084 15,128312 G6VII
41,181027 9,317097 S0VII
3,569957 6,411622 G0IV
-15,023914 9,943324 Y9I
-16,483136 9,213166 Y1VI
-4,731605 5,858662 N7I
3,296272 6,409980 G9III
13,860170 23,481618 Z1V
-16,632774 5,527749 L5IV
-4,436755 6,796717 L9VII
16,022673 -4,352998 G8VI
-5,177327 -6,166012 L6IV
18,620766 -3,429447 G9I
5,783058 34,700578 J4V
9,141274 -16,352153 L1II
24,525386 6,136587 G7VI
5,434103 4,855691 Y2IV
1,641346 2,800986 N1V
18,760110 -2,181513 G7VII
-8,937054 38,294982 Y2IV
7,728923 -17,161732 G6I
-14,015904 6,798205 N4II
-13,877162 -17,423522 J6III
10,151953 -14,551034 N1IV
-24,124886 -18,494335 Z7IV
-24,396070 3,122223 J9VII
-5,456995 3,082125 Z8I
-21,232521 -33,164379 L3I
-3,542870 -2,079212 N9III
3,703684 5,978535 G2I
-22,635287 16,518328 N9I
25,614261 8,619256 Y7III
3,745113 13,499339 Y7VI
24,594741 7,709909 J6II
5,108847 -36,282228 Z5IV
25,641147 8,242867 L2I
-16,758752 5,265889 G9I
-6,063454 5,800482 L3II
38,380086 8,342632 G3III
6,307885 3,522442 N4V
-5,668387 -18,422802 Y9I
23,474586 17,857460 Z7IV
4,942179 16,690123 L3VII
16,654865 -4,162226 J7III
4,850721 15,628574 J6V
4,669573 3,254171 N3IV
-7,055198 3,800437 J9IV
20,535682 -5,148370 N3IV
-6,209938 2,586601 N8II
-5,687986 -6,037578 N5IV
19,739448 -1,818352 L0VII
5,542853 5,273537 J1VII
1,451389 -36,106428 S5II
-4,591883 5,158449 G9I
-2,598576 -6,590548 N1I
8,168427 -16,373991 Y4I
22,521459 6,777692 S9VII
5,572591 3,063903 Y9II
-2,052204 -6,145720 N4II
-5,628932 2,843761 G1VII
-7,199517 3,378723 G9I
-35,883545 20,953725 S6V
-3,116089 -4,457647 Z0IV
-5,450900 -4,013500 Z9III
2,884587 15,825716 S5III
6,985966 -15,977811 G3I
16,603005 -3,269131 S3VII
19,260857 -2,383937 G8II
10,191842 -14,631124 G4V
18,652059 -4,208560 J9I
6,035779 35,508494 N6V
-22,677240 6,023379 S0V
17,664820 -1,656054 N4V
9,612395 -14,267358 N7I
-9,558843 26,868291 J5IV
46,809231 -5,379828 S6V
-7,163111 7,024846 S8V
20,662319 -5,152649 Z6IV
-3,888363 5,676921 G8VII
24,677135 7,261925 J4VII
19,503330 -4,758884 N1V
20,675313 -4,538920 J1I
16,098846 34,880046 Y1III
7,805238 -13,808321 N0VII
10,084168 -16,138155 Z7III
3,368193 13,657517 Y7I
7,695402 -16,236548 J8III
18,575065 -4,475075 J3IV
18,678880 -2,137300 L9V
-27,307487 12,288423 N2II
31,299317 36,185063 N6IV
22,621263 8,462663 J3VI
14,907629 8,337276 G8I
2,281122 3,615367 S1VI
4,106207 5,397441 J3VI
24,796261 -2,807498 L3V
-2,764767 -3,846322 S4V
2,687245 2,949905 G7VII
9,600045 -14,654841 Y3VI
-17,918303 9,516137 Y3II
-13,187629 -32,306121 L2I
-6,568069 6,260806 G4VII
-5,343967 6,008961 Y5II
-7,393664 -21,450506 N2VI
-16,404135 8,115761 J5VI
42,261669 -30,717579 Z9V
20,379884 -29,188530 Z4I
18,480156 37,926946 Y7II
4,917589 -31,058043 G8VI
3,226186 13,663292 N3VI
-3,564647 5,425899 S1III
-5,109742 -5,931050 N6VII
33,263639 -21,671300 S4II
-2,509498 -6,599209 Z8V
-5,855710 4,592663 L4II
17,806636 -3,635695 N1I
21,135621 -22,377971 Y6VI
-6,714529 7,177065 S6VI
4,998956 15,203993 N8II
-17,569823 10,051976 S6III
9,138237 -17,921678 S9V
26,492124 8,689855 Z5V
-4,643264 -6,885697 S5IV
-4,596489 5,718228 Z5IV
-2,155912 -16,371139 Y1I
25,258296 9,525701 N1VI
17,412043 -4,904348 Y3VI
-19,494876 21,799994 L0VII
1,327425 15,017697 N6I
8,205406 -25,388440 L0II
-13,659622 20,760407 Z2IV
19,228672 -2,261743 Y1III
-6,552344 5,825570 S7V
3,063147 14,260238 S2VII
4,763138 5,661545 Y8IV
25,515696 6,659682 J8III
-31,326157 36,721182 N9III
7,551188 -13,979232 G4II
15,883545 -3,736476 J0VII
-27,568305 -2,334729 Y6IV
4,191581 16,603318 Y1IV
-20,656926 -1,762075 S3I
11,810138 -8,792983 Z9VII
29,972944 2,383240 Y1III
26,242371 9,253917 S7II
2,757113 15,121707 N1II
-5,331531 2,866826 Z1IV
31,198945 -13,082204 Z1IV
21,194872 -2,988842 Y4III
24,772064 9,798878 S4V
-7,578588 4,472647 G7III
-16,973822 -0,183126 Y7I
18,332754 -32,183369 S6VII
5,908003 14,824358 Z4IV
2,812914 6,430210 G7VI
-3,769054 -5,919049 S3V
-17,734280 6,083636 N5I
-3,463540 28,805663 S4II
-25,835386 3,005312 S2V
-19,259446 1,940618 J0IV
3,755415 15,680235 L4VII
3,989020 13,797898 N5II
-7,609658 38,100319 G0II
1,318397 16,433439 N7III
36,866173 27,553554 G3I
-2,625184 -37,775101 J9V
7,911172 -14,508992 N7III
-7,011885 5,507808 Z3IV
23,035417 -19,765539 L1V
5,560587 5,911350 L9I
16,418318 -4,403348 Y4III
3,352002 17,553215 N4IV
0,651437 -28,637053 Z9II
9,114430 -14,677170 L7I
-17,423793 9,012072 Z4IV
6,884590 -16,142263 S1VII
-5,595380 4,058692 G9VII
7,613499 -17,800536 N0VII
9,446941 -16,298376 Z1VI
1,596656 15,761684 S2I
-24,337193 27,312763 N3III
7,030338 -16,730469 L8I
4,336761 15,113309 Y1VI
-4,153301 3,130184 N2VI
35,588107 18,458841 Z8III
-5,157177 7,001383 J6IV
44,247099 11,876151 S9I
17,488532 -4,092776 J0III
-33,780887 -15,090748 J8I
9,121827 -16,507785 Y2IV
5,032422 16,646720 S2I
-4,056025 -6,703625 J9IV
-17,497271 8,160774 Z7VI
17,422890 -25,158982 L1VII
2,225837 17,241065 Y5VII
24,705213 8,083388 S6VI
24,687545 -5,733777 J0VII
-20,442471 -37,581231 N4VII
-5,657905 7,229298 G5II
20,434580 -3,138666 S7VI
8,351595 -15,700225 S0II
5,146123 16,235455 L9VII
1,157793 15,834706 Z5I
13,727466 6,372677 L3I
7,769228 -12,789643 Z2II
26,924100 8,832465 S9V
9,224576 -13,717939 N1II
-16,046402 8,183268 Y5IV
16,112474 -4,400034 L1II
26,516467 7,636265 N2VII
1,596739 14,732669 Z3I
-12,268320 35,875533 G3I
9,471505 -13,304630 J6II
4,401417 3,000405 N3V
-7,033432 4,733831 G6V
-37,955047 15,643778 Z2III
-14,961435 7,402259 N1II
31,030790 29,315528 J6VII
7,853977 -15,544786 N2II
5,806619 2,970287 J3IV
-39,181285 -22,320788 J5V
18,344375 -4,462887 L4VI
1,536607 3,536726 G8I
-12,042046 -4,520477 S7IV
4,571247 4,221347 S2VII
16,539048 -5,216182 S4I
28,993713 18,845981 S9VI
-6,497520 4,102723 J7I
19,315204 -5,695200 S8IV
19,193343 -26,066738 Y8V
5,740140 -15,590960 Y7VII
2,828261 -3,712266 J4V
5,403275 3,728645 G9VII
16,763047 -3,950962 G2V
-14,162270 -28,416830 L3V
19,271685 -4,997407 Y7IV
-15,671779 8,509634 J9VI
35,403686 -17,828022 G3I
25,541200 8,526746 G4VI
-5,167872 14,236901 N2VII
20,139963 26,511530 Y3I
20,372049 -4,461426 J5III
44,673428 3,565392 G0II
5,090625 15,116571 G4I
-22,794489 -33,417936 Z1II
-7,461334 -18,538742 N6II
19,175431 -4,859128 J7I
15,345475 -30,219531 N1V
17,203777 -5,033611 L0I
5,077259 13,978858 Z3VII
-16,103213 7,203316 J0I
20,110706 -1,410175 L2III
5,641897 15,341570 N5II
19,325071 -17,270762 N3V
21,345604 38,436308 Z1V
-5,404436 -5,948426 S5I
18,888578 -5,935638 N1I
26,047374 6,114627 L7VI
-4,131832 -3,870528 Y5VI
-0,983198 26,333489 J6VII
-17,591130 10,075213 L8VI
-8,291288 4,250333 Z3VI
6,809247 -14,465269 Y9III
-5,113453 6,035441 G8I
5,891374 3,864873 J4VI
-5,372894 5,197723 G4I
-33,811157 34,653430 N3VII
-4,138364 5,653140 S3V
19,241146 -3,027744 Y5IV
-23,004976 4,772891 G9VII
24,990732 35,212373 S3I
8,924299 -14,143854 L4III
23,847261 9,068341 N1III
0,477174 25,445258 Z4II
7,180356 -15,022318 L6V
6,348312 -16,593040 G7III
2,526989 17,972842 G8V
4,066119 16,565503 N8III
1,593998 3,683078 N7V
31,314184 -33,633515 J0VII
-18,753860 7,732101 Z8II
4,724178 17,609429 Y7VI
16,880018 -3,139326 G5III
4,856359 14,714974 J1VII
45,457427 -35,254947 N9V
3,516069 17,650248 J1IV
17,972595 -4,251246 G3II
3,311876 6,500938 L4V
6,337543 3,507079 L8VII
16,925409 -3,076069 Y5V
8,378328 -13,781989 S8I
-8,385021 5,196396 S6VII
24,627657 6,273887 G4I
18,893510 -3,726575 Y5I
-5,811788 -6,215980 Y1II
17,852606 -3,641214 G3I
-16,648438 33,473159 Z1III
-5,361725 -4,417725 N0V
9,064588 -12,945982 L0VII
25,875056 6,735102 Z8III
27,393607 7,853830 G7V
26,634013 9,286170 S0I
5,908685 -14,714120 N9I
19,850377 -4,046807 L5VII
20,806308 -4,323942 L9III
-6,710180 4,170607 S6VII
9,559690 -13,256517 J4I
2,103789 14,249886 Y1IV
3,710908 16,208916 G9VI
-16,299882 8,957280 N9VII
-5,744956 -4,644261 J1VI
23,449928 35,702383 L3II
-18,768676 6,396531 S5VII
24,027647 7,772292 Z4III
-4,726427 3,496692 J7VI
-17,150968 5,771822 Z3II
-1,193967 -31,860759 Y8VI
18,895713 9,478861 Y3IV
25,434275 32,738736 G3II
26,080875 5,485536 J4III
-16,541092 5,790717 S0V
19,868978 -5,372357 L9I
9,297750 -17,581080 Y6IV
-5,040137 -5,149270 G6V
8,567287 -13,088747 Z9III
19,625906 -1,654525 N5IV
1,574817 3,933292 G5V
20,139411 -4,127635 N7IV
-7,088070 2,728091 Z5V
23,781126 6,384626 J4IV
-14,262518 9,247173 G6IV
-1,173552 -4,184823 L5IV
9,489093 -16,236649 S1V
24,745188 9,626830 N5III
4,350621 4,035641 Y4VI
-19,730978 -19,927896 J2VII
19,603109 -4,795074 G2V
-15,754809 6,897821 G9IV
9,190714 -16,494751 Z7II
23,875388 8,703160 N0II
5,908606 14,313091 N4V
-7,593424 5,785120 S6VII
-3,168731 -26,315669 J4II
-4,902404 -19,982538 L7I
37,590177 -25,474128 L9VI
-6,238434 5,824994 N7VII
-15,850620 5,677483 L4VI
16,526417 -3,643210 S1VII
-8,481774 31,406893 J0I
23,794237 -18,806750 Z2V
8,053694 -16,599296 S5II
23,344252 7,162932 Y8I
5,728040 5,141579 Y4I
3,581841 2,718913 G0V
4,428778 1,772559 G7II
-24,075274 -23,434809 G0VII
20,365594 -1,870036 J1VI
18,178918 -2,076885 L2III
4,234859 14,638590 S9V
30,955147 38,202324 Y1VI
17,392769 -4,308617 Y0VII
7,912224 -13,849780 Y6IV
-8,530127 4,635501 S7II
-28,005526 -24,629902 Z2VII
-18,074394 8,380271 S6IV
-1,682905 -3,179207 S9II
-9,063298 -7,514336 J6II
18,944932 -5,301630 Y2VI
3,765835 17,824647 S8I
38,666403 24,438593 N8II
-3,404698 6,139627 Y6III
8,546477 -16,057152 J2VI
-18,530442 9,207763 Y8VI
-16,377450 9,515357 N5IV
-10,587145 15,797200 L0I
3,966629 6,645707 G6VI
-3,729229 -5,689895 G6III
6,924893 33,477048 G8V
-4,592156 3,154249 L5VII
5,519019 4,167332 L4III
2,812797 4,088101 G7II
5,110804 18,123173 N5II
-23,117170 13,030009 Y5II
23,927551 31,704790 G2VII
25,605735 8,244073 J0VI
22,716911 6,716406 J0I
4,305102 15,612679 J3II
-1,850554 -5,395166 Y2III
19,422195 -1,530123 L8II
-3,354897 -1,890091 N5I
35,441393 -15,358799 S4II
-5,002925 -5,679489 G4VII
17,122249 -2,481129 N4II
2,895212 4,212344 Y6IV
-4,851197 3,863818 Y9III
-15,171982 8,668079 J1VII
2,723339 -7,369574 Y7VI
17,160767 -2,126314 Y4IV
20,217057 -2,221062 N6I
-13,835807 -14,547548 S9II
-32,012826 13,905314 Y8II
-22,674008 33,143219 L3V
9,486436 -16,336115 G6I
4,275190 14,313811 Z9IV
1,826896 16,335414 L7III
-30,063002 6,760586 N6II
6,211248 34,555107 J0II
27,285883 8,461235 G2V
-5,708894 -3,150521 J1III
18,021445 -6,124841 J8II
2,745338 5,549089 L2II
23,009871 9,663170 L0III
2,165470 17,323064 N5IV
3,432974 16,587056 Y2I
3,063548 4,911438 Y4III
23,981097 5,956616 J0V
-17,544251 9,303879 J1III
8,718073 -14,342971 N7III
38,576811 31,070071 S9I
-5,608637 6,882770 Y2VI
-26,562074 22,792915 L6I
-17,443527 7,946244 J4III
4,190096 6,569889 L4II
29,566603 -10,367311 N8II
23,684848 9,786293 S8V
5,384106 5,866682 N9III
-2,012274 -4,987927 Z4V
24,859090 8,655493 Z8V
2,413341 22,054448 S5II
3,162179 3,376607 J8II
-5,947757 4,482216 Y2I
-6,284983 4,590436 S4III
19,373323 2,718573 Y3IV
16,475981 -4,804931 G8IV
6,966900 -17,702239 G3I
38,424123 -36,485220 Y3VII
-5,367369 2,795548 N1V
-6,691745 4,850433 N8IV
-14,108356 30,970156 Z8III
19,289777 23,263701 Y4V
1,604044 -24,248550 Z0V
5,070689 13,724293 J9I
7,839490 -17,592349 L4VI
9,285041 -16,422742 Y8I
5,119403 16,216920 Z9VII
-4,687270 -3,693667 G5I
18,310567 -3,780357 Z1I
5,581363 15,582413 L4IV
3,406830 16,452849 J7VII
-5,786922 -3,575657 Y2IV
17,371835 -5,254404 G8VI
22,421962 8,508713 Z8IV
29,875064 -31,621897 S4VI
1,589383 15,506371 S3IV
-4,409390 -23,078780 Y5VI
7,570964 -13,797608 S5IV
19,549216 36,009484 J6VII
-4,228945 -4,259627 L3VI
8,540482 -13,903974 Y0III
-6,114193 -5,784922 J2IV
-19,394649 -2,091964 Z9VI
-6,419506 7,697709 L2IV
-3,572779 -4,411900 L4V
-14,385799 -9,234856 J5VI
6,108058 4,029819 Y8I
5,634816 -29,155282 L9II
7,610689 -15,765208 Z8III
23,218239 9,844365 L0I
6,486817 15,484291 S3I
-5,776772 2,829249 Z9II
2,495569 6,062075 L8III
2,497665 14,954526 J6II
24,150902 9,360327 N2I
15,953956 -10,385752 G6III
-5,341246 -2,647650 N2VII
-17,098088 9,983452 S9III
5,030385 17,550538 N0II
-2,605013 -3,732354 Y6VI
43,363755 10,376240 J1V
-4,399808 -3,025286 L8II
-6,535894 3,264806 N3II
3,974027 5,335504 Y1I
8,892108 -13,612957 G4I
-25,281370 -1,096278 Z7IV
6,812636 -15,155481 J5VI
-3,880798 -4,696676 Z9IV
5,468764 16,689548 L3V
-28,969667 -24,906131 L8IV
3,369940 15,534759 S0V
-16,135248 8,382790 S0V
5,101006 5,375092 S7IV
19,293380 -2,663784 N7I
3,239868 15,900431 N0VII
8,678670 -15,013098 L6V
4,559790 6,119340 Z0II
-7,867501 -21,975451 S4III
-3,525149 -5,288960 J1II
24,171164 -30,565611 Y6I
24,002426 10,254467 Y4VI
10,203686 -16,282623 G1I
7,585637 -17,949873 G9VI
5,794115 34,960326 Z2I
-29,492678 -30,986846 N9VII
26,748581 37,907641 G4IV
19,938476 -4,216919 J1IV
5,645411 14,787971 G1VII
7,797511 -14,425209 Z5I
-8,172705 4,029277 L7II
5,658669 17,571044 N9II
18,411547 -2,201382 S4III
18,140172 -23,342630 Z6I
-22,881069 16,642783 G9III
-18,384257 8,528081 N6II
10,440089 -14,358033 G2V
18,650338 -0,792871 G5VI
-14,918401 5,744997 L0II
45,852038 27,859631 N8III
43,244203 -15,418584 Z6V
-4,765837 4,095115 L1I
3,572089 6,517204 G1VII
-16,296275 7,570014 Y4I
2,553902 -35,131922 J9III
-15,247225 6,544730 L0V
-3,623285 5,192012 L5III
1,590382 3,678454 S7VII
-2,189169 -2,780566 N4I
2,162777 -19,221866 L0II
4,753868 5,220892 G1I
-16,247000 8,751682 N8VI
-8,485827 37,525571 L0VI
-2,534112 -5,305547 Y7I
2,701849 17,575644 N7III
24,598370 8,769289 N3VII
2,858770 15,920740 L1I
26,587504 8,734325 N1VII
-9,670650 10,374361 S3VII
-17,208348 5,250208 Y9IV
-4,786633 -5,650651 J7VII
7,860384 -16,268330 L6III
-16,086039 5,447014 S1V
-17,304129 26,440015 Y7I
2,159281 17,359681 L1III
27,099485 8,749550 S5VI
5,799440 5,361712 Y9II
-5,085223 -6,009866 Y1VII
4,223606 5,576380 N9IV
3,269632 15,038861 Z2IV
-16,039109 9,976241 G7VII
2,089879 14,269265 N5V
2,134869 16,071724 G5III
-37,733059 -25,666260 L3IV
8,483854 -16,382744 Z0I
-26,670220 25,782746 Y7II
2,999745 5,349316 L7I
17,736845 -4,305165 J8I
19,941734 -1,914641 N0II
-28,133163 1,919483 J4IV
-20,777877 26,004618 J8III
-39,069714 22,033153 N3VII
19,096824 -1,843215 L0II
31,858040 -32,180046 S5V
2,293285 3,129569 Y6IV
-4,917263 -3,658269 Y7VI
-7,992572 3,441233 Z5III
-1,217148 -4,423233 G1VII
-10,551724 -24,158701 L4V
-15,745128 5,835091 Z4VII
4,065437 2,170359 L9V
39,805202 -17,562141 Z2VII
8,360100 -16,370549 S5I
32,926304 38,188025 Z7VII
40,066339 -34,546400 J1I
24,163039 7,510627 Z4VI
21,103267 -3,668484 Y1II
-24,583763 35,866906 G2III
7,675309 30,187671 G6I
-15,648018 5,915964 N3VI
46,229638 -34,920248 Y2I
-15,762765 -30,306678 Z7II
-4,560767 -3,727860 J1IV
5,137288 5,659477 G8III
-14,970592 7,693642 Y6IV
17,386638 -2,550075 L5I
18,050339 -2,829344 N5III
2,857120 5,663984 G0VII
29,275245 37,801360 L1VII
24,486222 7,642391 J8VII
19,023716 -1,225449 L7IV
-23,732550 5,731137 Y4II
18,553816 -1,219022 J6VI
23,211876 -11,056970 Z0VII
-5,972789 6,259899 G3VI
-7,448690 3,886755 L3VII
24,255764 10,227843 G7VII
11,656927 -28,837956 L1VII
6,400056 -16,282787 S8V
-6,525463 5,812961 Z8IV
-2,338762 -6,538050 Y4V
-7,865437 5,328861 N9V
28,051689 -37,202076 L1IV
-18,447463 -14,500231 N1III
5,640148 16,750598 Z8VI
5,795329 14,235888 J6III
7,184208 -16,577585 L2V
42,120375 28,481652 Z6II
2,325306 2,036836 S0V
-4,842614 2,618460 L9I
3,839592 5,839495 G8V
2,930778 16,571926 L8I
4,227880 17,439492 S4II
-2,078767 -5,876833 Z7II
-8,144018 5,816917 Z7V
-4,077458 4,012450 G4II
6,322637 14,867233 J3V
17,653040 -5,905411 N3IV
17,502075 -2,177313 S5V
-8,875788 -18,381381 Z2VII
-18,821568 6,891208 G0V
-16,230819 7,731968 L1IV
6,962814 -14,537992 L6VI
-23,572202 9,909600 Z4VII
26,523054 9,018875 S3II
2,519643 14,281468 Y7I
-24,548550 0,395404 N5V
46,629636 -36,471313 L2I
-8,002109 5,273593 Y5I
17,547309 -5,762308 Y2II
18,444692 -3,200002 Y9I
-38,828975 -21,386439 S1V
-16,903679 8,445527 Y0V
-8,249962 6,024269 L9IV
7,679386 -12,890721 S1V
2,745294 14,394428 J0VII
0,098523 -29,759636 L4I
4,309577 6,245434 S9VI
19,413472 -1,217947 J9II
8,350178 -15,281940 L0II
5,454552 3,639433 J3III
16,708751 -2,543136 Y8VII
-1,917396 15,647030 Y2VII
-5,228518 -4,837491 G7III
-15,838634 6,346199 Y8V
34,586008 9,187430 Z2V
5,305382 14,347220 G2IV
-5,089088 2,783548 N3III
-3,557603 -3,051598 J6VI
16,470283 -30,507589 G0I
-12,232792 29,271303 N1II
43,574022 -15,245219 Z4III
-7,186549 4,812185 S5VI
3,664365 13,088574 S4II
23,030878 8,709744 S3I
8,379824 -15,626517 Y3V
-15,040621 8,073148 S0III
37,830662 23,927867 J4I
2,040191 14,715940 G1I
8,437630 -13,256786 G2IV
-5,675510 23,868047 N4IV
10,041365 -16,064983 Z5VII
4,549111 2,031462 Y2II
3,053895 16,221399 N8VI
4,819143 5,891516 L3V
-6,428312 6,888508 G0V
5,247962 1,754962 Z9VII
-3,128365 -7,021828 J6I
-4,210771 4,611981 Z0VI
-3,216477 -3,244472 Z7VII
7,579730 -15,503119 N6IV
-6,167292 -4,900964 N1VII
-5,673867 6,168762 Z4V
-6,702397 38,167895 G4IV
17,543205 -1,181011 J8III
31,953434 8,090419 J1I
-12,856943 19,290176 S5VII
45,328419 -23,892823 Y3VII
-4,472915 2,877011 G4III
-0,563861 -17,624243 L9III
9,253092 -14,301822 N4IV
6,761975 -33,099148 L3V
-0,455889 27,215140 S1II
40,455175 36,645313 Y5IV
18,281704 -3,376855 N1V
1,978958 17,048357 Y6III
24,579351 34,667206 Y9I
20,422114 -5,347292 G1II
3,069814 2,334540 J5V
31,559325 4,661782 J6II
-24,273325 5,546012 Y5VII
17,339339 -4,780851 N0V
23,186605 7,861818 L1I
15,980082 4,212883 J0IV
6,078903 14,587168 J4IV
6,155465 3,792569 Y6VI
7,950808 -13,587886 N7I
-6,438603 6,866094 J7IV
2,192169 16,508628 S2III
-9,199450 -24,951812 L4I
-7,620165 5,461381 S3V
8,518795 -31,043033 G5III
-16,437067 6,547851 J3II
8,253684 -12,947648 S8IV
-2,167735 -4,435292 J2V
-3,406604 4,296472 S5V
17,888597 -4,522234 G1VI
17,962645 -3,184512 Z3III
5,181657 2,669589 N9VI
7,154323 -17,049916 S4IV
-8,254596 22,191073 Y5IV
-5,165610 -5,835076 N1II
25,071673 10,055134 G2VII
33,156012 30,812982 J8III
5,714862 4,832279 G7V
10,003135 -14,842184 S2VII
7,994913 -16,095167 N4II
5,787266 -15,410843 N2IV
-0,087834 -29,745803 Z4III
3,400596 2,801520 G6III
-30,354251 9,991397 G6VII
-6,752198 3,980370 N9VII
2,282316 4,497209 N3V
-5,770393 -2,610551 S6VII
5,999789 14,424670 Y9I
3,642053 15,379168 Z1VII
37,735697 20,852534 L1VII
-4,851871 6,905928 N6VI
-17,736566 6,951617 S6III
19,222836 -2,006657 Y9VI
-18,889782 9,062875 G7IV
18,161736 -6,138008 S7V
-4,402742 -6,505453 S4VI
2,785925 16,423998 Z3III
-6,070708 -5,547405 Z4II
-6,081175 -4,988947 G4VII
23,937000 8,669607 N5VII
8,949247 -13,918177 N8III
-6,246862 -3,611394 J3V
5,675692 37,073005 L1V
3,179467 15,974053 G3I
3,295810 -2,238191 G0II
28,730590 -10,247395 S2VII
24,328274 -33,455415 S6VI
4,040791 5,594835 G5V
-26,536142 19,987469 Z9VI
44,928927 14,911645 G4V
5,000046 17,874284 S8V
41,221382 -28,561205 N4II
22,988826 8,834893 Y1III
6,148051 -28,594299 G2I
36,470669 5,443761 L1VII
8,611179 -17,827569 N7V
4,030387 17,868421 J5II
-16,704011 6,049033 J9I
3,099958 18,245917 G6III
-24,924721 -7,692222 Z1IV
18,120190 -2,848457 G0I
-4,333323 -2,293024 N7II
-8,348118 4,502407 S5IV
6,277704 15,714048 L7VI
3,238014 15,703785 L7I
29,560887 12,464094 S4IV
6,029320 -16,470705 G6VI
2,673275 15,454309 N3VII
5,114806 15,312363 G6IV
24,729638 8,809563 Y8VI
-5,282076 2,666952 Y3IV
8,862909 -16,717273 S7I
5,746849 14,783624 S2V
-16,163904 8,428279 Y6VII
3,499814 13,782301 Z1V
24,085149 8,493457 G5VII
4,495323 3,427603 L8VII
9,021338 -16,975675 G8I
-16,656677 5,968301 J0I
19,883835 -15,098127 S7VII
-4,978329 3,654263 Y8IV
-11,380984 -4,044195 S0I
-5,730765 -19,041107 S4V
5,706606 3,826605 S8II
24,894728 8,379471 N8III
11,916198 -8,177340 J9V
-4,709952 3,851361 S1VI
-14,048441 -7,252500 Z5II
1,548976 16,435068 S4II
5,994261 2,350377 Y4VII
-4,902747 4,654458 S6VI
3,925286 4,141718 Z5I
25,476576 36,038826 G4III
-4,460079 33,544748 J6I
-16,806655 6,424143 S7II
20,492120 -2,017615 Z2V
20,211423 31,812078 J8IV
7,726050 -13,881636 S3II
30,515384 10,340820 Z1VII
6,457398 -16,973649 G0VI
-2,185603 -2,767836 N8II
1,217290 15,357669 Z6II
-6,133931 7,688615 N8I
3,975397 2,347081 Y1VI
10,732845 -15,124389 L0III
23,531894 9,219018 N9I
2,569528 6,143389 Z4II
4,792372 2,820629 N6IV
-5,297087 6,023044 N6I
41,669729 -35,307071 Y3VII
-2,386487 -5,728269 Z0II
22,856587 6,287734 N8IV
1,444565 4,843838 Z4II
-4,151668 -3,911880 S2V
4,653371 13,835692 J1VII
-2,767116 -3,432335 L5III
17,985247 -1,636492 J6III
47,225024 -16,428875 N3I
8,903786 -13,134610 N5I
23,542765 -29,663650 G6VII
1,968387 3,940145 J5V
25,797823 9,366910 J7IV
4,029999 17,892392 N3IV
-4,439636 4,492651 L4I
32,917008 35,274945 N9V
16,278390 -2,455447 L8VII
-14,187968 7,121620 N0VII
24,456819 -31,840284 S4VII
-5,200959 4,384530 Z5V
4,372027 14,634420 L0VI
24,392263 9,160729 Z6I
18,884272 -21,433526 L5II
-12,988881 21,679120 S3VII
18,352008 -1,523142 J1IV
6,467822 15,918200 N3VI
-22,405406 -4,890441 J8IV
-3,077887 -6,798862 J9I
-17,656898 7,412115 J3III
26,656934 8,867258 S5III
5,203909 14,901998 Z6III
-13,428959 -8,919838 J7I
20,910057 -4,166708 L6IV
-3,055266 -6,099554 S4I
2,302245 3,191553 Z8VII
16,683374 -4,761071 N4VI
4,956822 4,337976 G0I
7,204124 -16,327494 S1IV
30,232529 22,841210 J7IV
6,883123 -16,759959 S3VI
-15,339629 7,797718 G8VI
3,938022 1,954210 S6III
-17,163469 8,499179 Y1III
-20,535639 -8,171433 L1II
1,786511 15,743787 G5II
16,928981 -3,700291 G1III
-18,544525 7,765668 G2VI
20,469835 -5,360731 Z0II
3,400695 3,699749 G2V
-38,333861 16,942879 Z6IV
-5,077994 4,223806 Y5V
-3,383070 -2,045593 Y8III
-6,561158 2,938537 S3IV
24,999339 -8,928753 Y1I
1,803872 14,469625 G7VI
2,785240 15,652203 J1V
-36,338720 16,220403 N2VII
19,837100 17,998197 Y6VII
7,180040 -14,681994 S3III
19,677464 -5,235005 J9II
3,111523 6,557572 Y2II
20,922276 -4,386532 Z5IV
23,985555 7,306814 N7IV
8,522771 -16,117327 Z2II
-14,376819 6,746199 Y5IV
16,918911 -3,990955 G5II
16,952486 -2,728055 S8IV
16,772478 -2,539737 L4II
-18,416020 -9,424022 L7III
-15,100460 8,994582 Y3IV
-7,820311 5,908754 L9I
5,361011 13,803786 Y5V
2,460350 5,080347 Z3III
3,118346 16,858919 Z6I
-5,442266 4,929926 S4VI
4,972296 6,183675 N1II
3,262449 4,818223 L6II
45,738548 -33,846708 G7I
6,676587 -13,636479 Y3VII
-4,027571 -5,227991 Z4IV
18,140347 -4,695623 L3V
2,582264 16,442326 G2III
2,683719 5,181138 J9II
-18,070690 6,501025 N4I
17,290292 -3,022883 Z6V
6,518491 -14,747627 Z8IV
4,578631 13,918678 N4VI
-4,845941 2,857566 G2III
-6,528950 5,950866 N6VII
-4,453309 -3,338633 N7III
-1,917417 -4,000509 S9VII
-3,755301 4,139809 J5VI
-23,882666 -5,147970 S7VI
3,354815 6,638208 J8V
27,291568 8,283191 S9III
-14,876539 6,577397 Y4I
19,233081 -0,992839 Y0IV
-2,597345 -4,769383 Z9V
14,065514 -28,013231 J6VII
18,272920 -1,762785 Z7II
33,322439 10,016631 S0I
-18,766014 9,093156 G6III
-11,018342 -31,472200 L8III
3,871920 5,089461 Z6I
16,787580 -19,235731 J6II
17,803029 -2,276572 Y9I
-6,284925 4,554058 Y8I
-17,909907 6,906724 Z2IV
7,938060 -13,038653 J0II
-4,837867 5,102272 L1V
26,797147 -37,283226 Y6III
6,482862 -14,056971 Z4VI
8,300064 -14,335252 L5I
-5,551425 6,983447 S9VII
5,939740 -16,940364 Z4IV
19,857967 -5,510597 L7III
-2,345450 -4,887245 Z9III
-18,121049 8,404352 N4II
-4,715022 -2,111337 G4VII
-24,804926 -28,258769 Y6III
-6,647031 2,902065 G3VI
4,618726 17,799735 Y6I
3,015193 18,180491 Z5I
-3,464584 -3,699152 N0VI
17,990937 -2,449546 J6VII
-4,241582 6,392632 Z4V
5,108152 17,222061 Y5IV
11,975777 -5,155265 G8II
-16,136871 8,752831 Y8II
-18,104978 8,964130 G2III
-2,325579 15,152976 S3V
-3,177786 -4,627156 J1VI
6,099162 -15,207345 Y2VI
8,039216 -14,733312 S5III
19,336027 -1,787835 J3II
-8,056790 5,166030 Z6VI
-5,241690 -6,684306 J6VII
18,855807 -2,060525 Z8IV
-21,506302 -0,121182 J9V
-7,033042 3,799199 Z9VII
6,461053 3,481227 L8VI
7,453854 -16,548610 Z9VII
-3,012225 -5,064491 Y4V
29,751385 32,696535 G9I
-5,614582 -4,174818 Y1V
-4,940545 -2,859969 Z4II
18,516432 -1,933844 N1VII
-14,665487 8,541271 S5IV
-17,756868 5,639425 Y2V
4,834314 3,792658 S3II
4,701998 14,675260 J9V
-3,323960 5,610684 N2V
-5,756145 -4,609699 N8VII
-2,449415 -6,558449 L9VI
7,489696 -15,201543 N3III
-15,731531 8,828158 N1IV
-11,316015 35,201470 N5III
12,988673 -32,473150 J4I
-5,485590 -3,968172 L8VII
4,980592 15,471812 S5III
18,619253 -6,015394 N5VI
-4,029616 21,313647 G8I
25,252410 8,871930 Y7I
19,388339 -2,736599 G3III
16,198392 -3,761339 L4IV
24,416950 5,296213 Z5III
-32,526679 -10,509500 N3IV
-16,015747 6,864776 L8VII
-3,257477 -4,458916 N4VI
17,038081 -13,964273 Z3III
-1,226185 -4,629147 L0VII
19,572396 -1,515882 J8V
-5,202726 -35,098524 S2VI
-7,404605 6,109492 G3V
-4,334323 5,046845 J0I
6,616245 37,386931 S3VI
-9,285194 -2,188174 L3II
-2,372108 -3,437668 L1II
5,680012 16,808803 Z9III
6,235592 -17,095698 N5II
-36,303159 3,784782 G4V
-7,829647 3,810516 G6IV
-3,987029 -5,944292 N4VII
23,147307 6,955257 S5VI
3,902257 13,569724 Z2IV
4,823604 16,669295 Y3III
0,695392 36,925216 L9VI
3,606908 17,350139 S5VI
1,174798 15,737215 Y7IV
8,645077 -15,821392 Y3V
4,455377 1,515362 S9V
5,526155 16,096290 Z9V
3,908181 14,265620 L5IV
-4,248408 5,819507 Y1IV
4,548415 18,050415 Y0II
-7,396180 7,306715 S4V
7,505050 -14,034416 G1III
-16,203116 8,857727 L3I
6,278528 2,655178 Y4II
-2,654247 -4,361487 N8II
1,960764 17,547081 G8V
-8,034145 4,214464 N2V
-15,603724 7,751474 N7II
-26,910448 4,514842 Z6IV
5,917618 -14,120505 L6V
-4,865755 -5,450106 Y7VI
2,500807 3,473961 Z0I
19,791686 -4,939200 N4III
-11,126041 -19,337414 J2V
-36,250497 -6,717117 Z6II
-17,961492 8,131431 G2VII
8,029540 -15,862685 S5V
-3,577506 4,001793 N1V
-6,442983 6,408231 Z4III
3,252776 3,613957 J1IV
-7,606669 5,312504 G9I
-4,713157 -3,650646 J2VI
-4,845452 2,888160 S6I
22,944090 6,649065 G5II
10,693015 -14,860821 J8VII
3,157115 5,751658 L3III
24,859504 7,667570 Y3IV
-2,215173 -2,985650 Y4I
7,383512 -14,346868 Y5I
17,735140 -5,511052 Y0I
-21,478545 -13,160931 S3I
27,774379 29,939725 Z5VI
24,960735 7,764462 N3V
3,740412 15,185571 L9IV
19,426197 -1,799095 S8VI
7,970577 -16,763443 N6VI
5,529396 2,460661 N8VI
-4,367108 6,139070 J0II
6,278847 15,459936 L9VII
9,683090 -13,787584 S1I
2,795332 15,073812 G9VI
2,233582 3,448003 N0VI
-16,886401 5,388711 Z9IV
23,039027 32,768758 J4IV
7,245925 -14,726305 L9IV
19,658063 11,139836 G2III
-15,429641 5,935447 L3VII
-15,556651 7,717618 N4II
-1,873478 -3,795079 Y8VII
5,185504 4,005610 Z8VII
45,401475 8,199032 Z3VI
-18,302258 7,514161 L6II
4,002231 2,543714 Y3II
4,111859 16,433201 S9V
17,469005 -29,910515 Z4V
-7,483279 7,165305 G3V
3,291208 18,173632 L1VI
5,151268 3,820576 Y9IV
-7,353580 36,398035 J0IV
-2,417176 -5,892558 Z7VII
-14,607450 8,062016 S1I
17,149047 -36,698405 N1III
44,279455 -23,050682 J8III
7,034847 -13,499805 Z7VI
-12,218535 17,020769 Z0I
16,457228 -2,071104 J9V
3,487977 1,727989 N5V
9,577533 -14,077375 Y7III
21,060535 -2,576673 J9II
-16,613672 6,713175 Y0II
-7,654737 5,375372 Z3I
18,386717 -5,490580 J4VII
9,531976 -16,448494 N4I
4,467928 4,335821 N7VI
5,301818 1,933365 Y4III
5,259154 6,055811 L5V
23,781862 7,196120 Y0IV
-6,243957 -5,519256 J9I
-4,990103 6,863213 J0VII
-7,494372 3,346889 S8III
19,588909 30,622403 L8II
-14,809682 6,455378 J9V
4,955902 16,936711 J1II
-5,355788 -6,209801 S0VI
-24,551215 -32,864678 Z6I
17,137639 -10,641977 N4I
-1,432674 -34,659431 S4I
18,322289 -5,530452 J3II
-16,465641 9,898801 L5VII
8,829116 -15,988687 J8VI
-5,352377 26,474456 Y9III
-17,405382 -13,137260 Y6IV
7,009844 -13,259644 N2IV
35,950312 1,751712 N6VI
-7,368847 6,769629 Z2IV
-11,563783 17,449499 L4II
5,551381 4,649515 S1V
-3,687131 -1,989796 J2IV
33,055412 11,073720 Z4VII
-7,975315 4,023434 N3II
-24,059023 -0,456291 Y9III
-7,475330 4,452193 G5I
-5,603007 5,321772 L1I
17,741958 -1,754155 Y3VI
7,750973 -1,274899 S0II
-24,203692 -1,535427 S1IV
5,460389 5,872873 G0VI
28,869148 19,527898 Y0I
-5,200408 4,635231 G9VII
22,667647 8,093853 Z3VII
-17,335560 5,784853 J5I
-17,868001 6,571792 Z1III
-7,009695 6,073101 N5V
-5,971684 6,094025 N0V
5,374780 17,330963 Z1V
-4,382531 -3,030039 J2IV
-17,887869 8,050640 S4V
6,774764 -16,844309 Z1VI
20,029455 -3,899000 G7V
20,658031 -4,625422 L7V
-17,257691 9,512916 N4I
-10,284843 -29,289067 S5VII
35,356645 3,449840 N7II
2,951897 17,393489 J9VII
1,946407 15,227183 Y3III
27,332289 7,918073 J9VII
-27,895323 -33,103612 L0VII
34,276368 -15,961360 G5I
-19,046044 8,503769 J2I
32,748812 17,896258 J1V
17,398744 -26,042792 J7II
27,388211 7,436961 Z0V
41,212376 -4,143096 G5VII
16,779106 -2,051191 J8IV
4,296147 14,608021 S7VI
8,071056 -14,587853 L4VI
21,472216 -34,300521 Z1VI
1,603337 22,234525 L0II
23,993222 9,010672 Z5VII
-7,730882 6,785896 J3VII
3,349279 3,140914 G7VI
-11,881418 -3,807422 Y8VII
-5,190670 4,073319 Y9III
-25,207586 19,711588 Z3III
-3,157533 -4,820046 L9II
28,094324 36,368416 S7VII
-3,464300 -6,760767 Y1VI
4,004476 18,005253 G3III
31,791176 -5,039518 Z8VII
23,521366 7,397459 J8II
16,932062 -5,498941 J6II
9,573076 -15,916742 G8IV
-35,598238 -7,270011 Z4VII
-7,339123 5,423289 G5III
-5,929124 2,842789 S5IV
24,019696 6,385910 N7VI
-25,996770 8,824081 Y4VII
16,768243 -4,676404 Y9IV
-5,082723 4,905599 N2II
6,066128 4,439649 Z2VI
25,915734 9,952088 N3II
5,683965 -14,393121 Z2III
19,704003 -5,714303 J8III
9,261642 -13,493989 G8III
6,565637 -15,756218 Y7II
19,679310 -33,144238 J3III
-3,095651 -2,394898 L4V
26,484419 7,684447 L7II
25,422333 8,547461 J3VI
-14,701026 7,780154 S1V
-19,676529 31,799089 L0III
9,441925 -13,873082 S8IV
-6,364343 5,075240 Y8III
-2,278887 -20,881929 Z0IV
35,457564 36,814924 N0II
-5,632358 3,527695 J0V
-34,481853 23,599667 Z2II
30,006053 33,149364 N7VII
-4,962899 4,249116 S8III
-4,831118 -4,504534 L3III
-4,162790 5,389382 Y3III
9,232782 -15,992778 Y9I
-3,828331 3,729941 L0II
-14,634733 6,894658 J3V
22,676864 9,097156 J4III
-17,066654 21,370996 N0V
3,074946 1,774710 N3V
9,737901 -15,026790 L2II
17,696140 -2,064928 G5III
8,073271 -16,622844 L1VII
10,390939 -16,817345 L3IV
30,930259 4,489424 J4IV
9,228789 -14,782045 Y5IV
10,266931 -14,975874 Z7VII
46,022190 3,675752 S4IV
5,242685 2,588313 L1III
4,259417 4,693286 S4IV
-4,938813 -2,309999 J1VI
-10,137099 -21,721677 G2V
1,996784 15,886009 G7II
32,416131 -8,270816 L4V
19,041978 -1,970005 S6IV
2,826337 6,166231 L0III
2,411920 16,244797 L6II
-4,439633 6,327595 S7V
3,411649 14,843669 Z5IV
-16,434622 7,561192 N1I
39,022237 -35,720207 L0I
-21,374341 11,230370 Z0I
4,969381 13,464768 L3IV
9,099621 -16,451432 N4V
-17,689283 7,032198 J6III
-38,428236 -11,674875 J2I
1,364856 15,007650 G2IV
23,419508 5,821949 J7II
-8,368930 4,146902 N0VI
24,620359 8,838805 G1III
-26,607013 -27,123617 G9III
-2,927286 -3,094999 Y5IV
-6,526244 7,206000 L8IV
24,981394 7,619594 G1I
27,232683 8,725470 G0I
-23,046725 6,687940 Z6VI
-8,436392 5,293939 S8II
-16,939834 5,618851 L9VI
-4,997037 -6,858800 L3III
-1,406095 -3,579859 J9II
3,410487 1,905631 N7III
-0,358018 -18,734022 N9IV
-17,185306 5,603663 N5II
19,216269 -5,761634 J6III
8,490545 -15,214661 S0VI
8,651528 -15,933205 Z7I
18,317228 -2,909785 Y8VI
-16,724868 9,324155 Z4V
5,028051 1,766679 J5II
6,373645 -16,995772 Y6III
-6,534908 6,545259 Y4III
18,736852 -1,066957 N2VI
-17,884733 8,020328 L8VII
5,798962 2,268805 Z4IV
-5,754543 -3,559330 Y6VII
-4,252979 3,453840 G6V
-3,820654 5,320270 S9VII
-36,528566 27,085370 J5II
-7,395700 3,779328 L6III
5,164980 5,128182 J6IV
7,290485 -13,859586 G8I
-17,023194 -16,537697 G7V
-17,795690 8,223381 Z2II
17,332445 -5,007317 G6II
6,658669 -16,651478 L1III
-25,100724 35,244020 Y4VII
19,119651 -1,937641 Z1IV
6,310156 15,348092 G2I
26,263315 9,109963 L5III
-4,542287 -6,877650 Z4II
-3,162614 -2,040082 G2VII
26,356094 5,929384 Z5III
18,360378 -0,807435 S6IV
9,001059 -15,360858 Y7VII
2,025342 5,850531 S8V
-5,639756 5,778049 Y1VI
20,250723 -3,117543 G9II
-4,316658 -6,365036 S7IV
24,896619 8,251632 L2III
-2,024105 -4,257660 J6IV
20,381850 -1,897086 N1III
23,009951 6,462456 J6II
-5,839278 2,782856 L5I
7,106164 -33,418711 L5VI
0,650889 -36,055467 S3I
-3,674895 -2,991009 L6VI
-15,804562 8,483756 L7I
16,747821 -1,764573 G5I
-12,645427 -11,549496 N3VI
-35,095731 -8,062811 L4III
-4,016496 -29,542097 Z9I
-30,556321 27,873383 N8III
-14,878068 6,109390 J0III
6,536534 -16,920071 L5VI
19,439684 -4,416423 Z9II
7,016988 -15,508134 N3II
-6,056029 -21,818243 L8II
22,811509 7,799787 N9II
-3,649055 4,573646 G9II
-5,678207 -2,578774 Y4VII
8,006517 -13,699421 L5V
-4,798389 -6,752070 L3IV
41,542308 -34,624909 G6II
-5,856481 -4,463235 G4III
9,098521 -16,023829 S2II
-6,953677 3,926831 S6I
-16,466792 8,288552 G2IV
-17,778513 9,826238 Y6VI
18,551598 -1,460602 Z2III
-3,644403 4,569012 S5II
8,300718 -14,123538 N4I
17,645409 -4,083979 N3VII
-21,634732 1,844900 S9VI
6,375861 -16,482422 G5VII
17,187578 -1,729917 J2VI
-5,624913 -34,091218 Y5VII
-15,878962 18,727350 J5II
-5,172079 -2,222763 Z7II
-1,876988 -2,842185 Z2VI
7,090473 -17,228964 J6VII
-4,524179 -26,737143 Z4I
10,283139 -14,691719 G9II
-14,791857 6,871932 N1III
18,251906 -2,470634 S2VII
-8,028834 3,476765 Z1II
2,844274 15,490895 S5III
4,537004 2,247734 Y2I
6,248130 -14,127260 Z9III
16,436711 -4,970913 G0I
-15,778508 7,259200 Z4III
25,248485 -29,904861 J0I
-4,589143 3,678417 Z5II
-0,775654 19,710482 Z9II
-4,376816 -3,423845 L0I
-4,722833 3,500575 Z6IV
3,668114 3,490418 G8VII
7,329259 -16,405772 L1III
4,460188 13,358183 L3I
7,475745 -32,121899 S6I
-6,581012 7,060276 S3I
-4,687787 5,008309 J2VI
4,973247 4,234743 J5VII
-17,109436 8,329649 N8III
9,488191 -16,008658 G9III
26,369968 7,609008 Z4VII
-31,923490 -0,598562 N9IV
-15,903459 8,560252 N7IV
9,176350 -14,918342 S1V
22,928167 6,754177 Y2VI
-4,164229 -3,480199 Z1I
-22,862170 20,104032 L2VI
-15,107303 9,034883 S4IV
23,187412 7,963888 Z4V
17,777617 -3,353227 L1VI
19,829158 -4,969392 S1II
-33,457654 18,698301 L4VI
40,494094 -30,623052 Y6II
18,501825 -3,664424 G7VII
18,369264 -4,835710 Y1I
8,402288 -12,860091 G0VII
25,501423 8,304313 G9V
-4,244065 6,992832 J8VI
2,184065 17,671020 S9IV
8,427422 -14,902652 Y3I
-33,762346 -6,297284 Z7II
3,749157 17,560190 Z7V
2,678483 2,089408 J1VI
3,064884 14,303504 Z2II
-7,290575 4,303453 N3I
8,491632 -14,313228 N0I
-1,885543 -5,617552 N6II
-5,027708 -6,078395 L5III
-15,261638 -11,392193 Z5II
-2,696107 -5,139172 L4IV
-13,244462 -33,809792 L9VII
4,497858 3,162466 N8III
18,470840 -6,068460 L6VII
-34,039610 -4,276928 Z9V
-4,520849 -5,947184 Z0II
30,871898 -4,630412 Y6I
26,589075 6,225348 J7III
31,366898 23,411103 N0II
-15,926267 7,717975 N6VI
24,179098 6,831472 G3I
4,675849 13,809712 S3V
2,359236 5,469355 G5VI
6,474146 -14,697967 J9VII
-33,714206 8,201025 G5III
3,420727 6,046889 N0V
-3,351861 -3,894511 L9IV
32,155778 -10,278288 S9VII
-5,596345 4,146060 L4I
-16,625821 7,959371 S9III
4,069500 14,323057 J3III
4,626240 4,600706 J0III
-7,081872 6,367448 G9VI
23,497597 -33,180276 S2III
6,097299 15,600723 Z0I
24,484575 7,592650 S0II
18,863891 -5,253992 L3III
-6,711747 6,954905 Z8I
-6,042746 5,483227 Y8I
17,488638 -5,783345 Z0I
4,789608 13,761735 L6VII
-5,667628 -5,302153 G2V
-1,787755 -3,735091 L9I
23,800841 7,764912 G3VI
19,865566 -4,041404 Z9III
2,657459 2,563769 L5IV
18,266154 -6,077099 Z6IV
-17,457224 10,317514 J5II
-4,439904 4,634712 N3VII
1,708768 15,286836 J1II
26,070443 26,200861 G7VI
-5,535800 -6,018722 N6II
2,154519 5,868432 Y5III
8,967200 -15,560049 G3I
4,576663 15,614721 J2V
43,999663 -23,538514 N9I
1,854514 3,050774 N2VI
3,309907 16,443190 Y3IV
-4,183868 4,683609 J6VI
7,308822 -15,566838 Y3VII
17,737953 -3,572525 L4I
24,096204 18,457168 Z6III
23,912875 9,371853 Z5I
-6,035988 2,730385 J3II
7,841324 -17,974101 Y0III
-5,870394 -4,276473 N4VII
8,482182 -16,205378 L0I
25,781287 6,692971 N6IV
18,949791 22,890518 N6I
4,452219 3,001903 G6III
-16,378382 5,370854 J0V
17,645900 22,156647 J3VII
-7,506175 5,845962 S8II
2,972280 16,765955 Z7VII
4,399650 6,252421 Y9V
-5,665493 -3,351664 N0II
-4,197288 -5,679928 S0VII
42,751202 32,581355 J0VI
6,722282 33,694320 L1IV
24,121859 9,077308 N7V
18,410576 -3,555531 N5VII
2,468663 13,477444 G7VII
-2,623513 -4,233185 Z2III
-18,087827 9,194608 Y7III
25,093164 29,314670 L9II
9,945595 16,407031 N1III
8,169017 -14,006645 J0I
8,616366 -15,308648 Y0VI
2,667663 13,986547 Y0III
-5,674743 -5,947724 S1VI
29,252474 -16,528332 N6IV
-5,133529 4,282915 G9IV
16,793576 -5,334250 S8V
20,901318 -2,745208 N6V
5,128949 3,571740 S7V
17,318631 -5,517752 N8II
-5,786472 -2,639542 G0V
-22,750388 29,498094 G6III
36,802413 11,262465 Z7V
18,028422 -26,018333 L1III
3,033510 15,258974 L4I
24,797040 10,288982 J3I
10,216742 -15,760038 Z6III
-17,326515 7,866138 N6I
7,331234 -14,376556 Y0IV
5,439375 -15,124889 Y5II
19,114880 -2,882828 N7I
25,152119 -24,534227 Y5IV
6,197633 4,771480 L7III
26,509493 8,752910 N6I
-4,442060 6,930417 L2II
-16,853195 8,902778 Y0V
-15,178534 7,911142 L6I
16,412935 -3,641748 Z3I
-15,260145 6,685061 Y3II
12,076907 -8,381364 S0III
21,170928 -3,061773 Y9VII
2,184430 2,491589 N1II
-31,049227 -28,790278 G1IV
9,002271 -15,869104 L1IV
3,750456 16,235071 L3VII
-2,397782 -5,447443 G6IV
8,696754 -17,020341 J1VI
20,668693 -5,113714 Y6I
37,777669 -35,899226 L0I
18,424436 -4,220076 S9V
8,994290 -14,580385 L0VII
44,455812 28,023418 N7I
5,733710 -16,128919 L8I
16,517416 -2,762562 Z1II
-20,856329 3,053355 Z8II
9,485656 -17,123425 J8III
24,574153 8,815856 Z4II
-16,162725 6,669670 S5VII
-18,555196 6,349398 J7VII
7,137983 -16,659195 J1IV
-10,136016 15,105001 N0III
19,235807 -3,356116 G2IV
8,506681 -13,593945 G4VI
-11,095271 13,309892 L0VII
-17,264516 7,217549 N8V
-21,800760 31,711903 S0II
17,983098 -4,159783 S9I
24,814117 8,045151 G3II
3,525912 13,291211 J3VI
1,478525 16,451838 Y6I
-26,103139 19,448335 J4VI
10,536909 25,724710 N3V
17,617408 -3,831139 Y4VII
23,817108 7,110315 G3III
4,263913 17,734408 J6II
22,969502 7,978451 Y7V
18,274149 -1,234373 S8I
-19,112197 -16,091172 G5IV
6,145236 -15,999181 J6III
-5,919041 3,620848 Z1VI
26,111925 7,974362 J2VI
17,682424 -2,438249 N3VI
-5,061789 25,804180 J5III
4,659167 1,800318 J9I
9,554188 -16,862865 Z2IV
17,763190 -6,051333 G1I
-15,630436 9,967430 Y9VII
27,782731 -4,358270 L8VI
9,722041 -15,165454 L4V
3,336485 17,146652 Y4IV
2,784793 17,567253 L1VI
-3,190676 -4,074479 N3IV
24,068821 7,933436 G0VI
-17,750073 6,883174 L3III
-6,309038 -5,235078 Y8VII
36,374390 35,301017 N7I
-15,505389 9,688206 Z8IV
19,724195 -5,115291 L5V
-15,371391 6,244592 J4VI
9,092928 -13,248497 S4II
-26,017400 -34,327547 Y0IV
3,574645 14,222793 N1VI
18,074478 2,962292 G2II
-2,298488 -5,312081 Y2II
22,941038 6,223043 Y8V
23,595185 6,117637 Y2V
-4,626801 5,408321 N6VII
17,039519 -4,450335 J9I
-2,373966 -2,390112 Y6VII
8,748369 -15,786708 G8V
-4,362019 2,925078 S5V
18,772156 -0,851674 Y2VII
16,529387 -2,264608 L6V
2,533961 5,461496 Z8I
45,924504 -29,748393 J8III
-7,339355 3,096279 G4II
39,272515 0,219647 Z4VII
-14,528966 8,492394 Z9I
0,782959 37,205658 S7VI
3,171374 -4,129260 G8V
-33,390840 -11,805600 G3VI
-18,489992 8,708909 S7II
-16,551978 6,325269 J7VII
17,206749 -2,156332 Z2V
5,805583 -4,933844 L1IV
4,508516 15,237788 N0IV
6,030578 -13,774289 J8I
4,185015 13,169450 Y9IV
17,806117 -4,195261 G3VI
26,769100 7,531729 L1IV
2,106739 2,841131 N0II
-9,611098 -16,799244 L0VI
-3,078564 -3,333286 Y8VI
26,469358 9,250288 Y9III
16,984024 -2,643631 Y0VI
-6,816762 7,331171 N5VII
-13,793884 -21,401730 S0III
47,493962 7,384264 S9VI
7,116948 -14,553696 N5II
10,249712 -14,338896 N2I
-17,770224 6,074387 N7V
25,039544 8,802544 G6IV
18,905909 -5,628261 J9I
1,528908 14,891098 Z0VI
8,309557 -14,557392 G0III
-16,488124 23,090734 L1VI
8,945519 -15,489966 L3II
26,199683 9,784430 Y7I
-17,794691 5,927382 G5II
-14,687499 9,353377 J9III
6,334976 -14,420294 S5VI
26,087833 -6,274079 L2VI
4,224500 13,959185 Y6VII
18,592633 -5,139322 N1VI
20,236036 -4,665097 G7IV
5,715230 2,150631 Z5I
-3,544484 -3,359986 L6II
5,309288 2,319488 Y2III
-1,883415 -5,293928 L8II
-4,202433 6,211911 L7III
6,409299 16,094152 J2VII
-34,242837 24,104253 S5VI
17,477285 -3,882972 N4V
-1,323021 -5,323619 J6III
6,154586 -14,323622 G0IV
11,069210 29,708486 Y4VI
-15,357317 8,533191 Z9V
-3,602715 5,325248 N7I
22,994425 6,476911 Y6V
-4,810406 -4,563314 N1VI
-19,269194 -23,589338 J6III
-4,814996 -2,136624 Z1II
5,838772 5,678133 N9II
-3,010251 -3,191371 S1VI
4,338206 3,796923 S3II
-6,312621 5,801196 S0IV
-11,578917 -24,863588 G9VI
5,276603 5,201737 Y1VII
4,835897 6,594982 L5VII
-15,949515 7,763153 S2VII
7,631690 -15,215840 Y7II
-4,703249 -6,080500 J3VII
4,943913 4,301189 G0III
-4,791628 6,627297 G3I
10,387640 -15,306896 G3VI
9,763237 -15,780093 Y9IV
-30,962041 11,064026 L2II
-3,328055 4,364205 Y7II
9,553130 35,175640 Z3IV
-7,236641 3,054202 L6VII
-4,598536 -4,249754 Z0III
-11,893149 -22,436846 S6VI
42,722728 22,408352 Y1V
-22,532888 -19,442890 Z3VII
2,520972 17,692624 N4IV
-1,569333 -16,329885 S7II
-5,464388 7,437022 S9II
15,855466 -23,730906 N4VI
10,396685 8,194056 N7V
25,551685 7,644980 Z4III
16,851390 -5,022886 L7VI
-16,871332 -36,069612 L9II
3,073620 2,826303 G5IV
-7,413973 3,092653 L1I
-4,961310 2,875118 N6II
2,165103 17,336324 L4IV
18,163230 -5,985474 S2III
2,548930 17,750096 G4V
-19,139420 7,574462 Y4VI
19,152592 -4,005133 J4III
4,794869 15,842135 J3VI
25,601481 9,855963 N0VI
6,028012 14,527908 J8IV
24,232648 7,088673 N1II
-20,507700 -37,751607 N9I
-37,407745 -0,955164 L9VII
2,497697 3,677400 J7III
5,765934 -15,124551 N1VII
7,632746 -16,526923 L9II
20,756487 -3,894759 L6V
8,492407 -14,411261 N8VII
10,549512 -15,334009 G8IV
9,370694 -14,773864 S1VI
18,560200 -4,804910 N3VII
8,428713 -24,816271 J0V
-37,486499 -17,456417 Z9III
3,361111 5,485464 Z6VI
-17,792678 7,731061 Z1I
-14,279289 -37,730862 J2I
4,519617 17,505044 S4VI
5,118826 17,250346 Y3II
-5,584107 -5,306940 Z1I
25,680070 7,815071 J2II
24,649799 8,899051 Z1V
-16,181617 6,904232 Z3III
5,721171 2,121438 N2III
3,241766 13,222855 N9III
-1,651908 -3,398884 S0I
4,381413 5,006373 G4III
9,482740 -15,802459 Z2I
3,578975 1,726667 S7VI
-32,185909 -19,168489 S6VI
-15,634454 -8,971934 G6IV
12,176128 17,269435 L6IV
2,919809 14,506087 N3V
-6,940122 2,875292 Z1VII
6,936152 -6,736850 N7VII
7,165209 -14,030742 N9VII
-17,038449 7,993562 L1III
7,317611 -14,660744 J4V
-4,901462 3,167714 L8II
8,992555 -16,250026 J9V
7,711719 -17,546642 S1II
-3,751899 -6,709670 L0I
-4,029444 -5,472173 G8VII
-32,051565 20,855828 J1I
-1,298754 -17,216628 Y9II
-6,400698 5,560021 Y5VII
8,724756 -30,068784 G3VII
-5,447367 6,260230 S2VII
-2,452488 -3,022765 Z8VII
-25,990436 3,460842 N6I
1,785355 17,089878 Y5III
17,757286 -4,540634 Y4VI
-3,668359 4,340010 J5VI
7,601252 -17,380474 J0I
39,776705 -35,807241 G9II
3,063934 3,415206 J6IV
-6,661500 5,693105 Y6VII
16,241686 -4,106522 Z0VII
30,440840 -13,401443 G4VI
4,446952 3,128359 Z6V
4,507846 3,050076 Y3III
20,593344 30,366565 L6I
9,524638 -15,932289 J4VII
2,659544 13,686622 S9VII
2,424012 17,999937 Y4I
23,751039 6,566614 Y6I
5,432340 4,184610 N5II
30,294037 -14,815660 N2VII
2,409338 17,501777 N8III
17,236546 -3,422433 N7IV
4,598563 14,815587 J6III
17,855459 -2,608828 Y9VI
33,420410 25,182779 S3VII
32,752220 -15,294471 N8VII
17,168512 -2,547245 G4VII
24,071612 9,200128 G5V
4,370273 16,205850 N1I
-19,486379 -4,428025 Z7II
-5,300733 -16,927235 N0III
-3,659136 -3,169994 Z9VII
-5,020790 -3,424822 S0VII
25,648505 9,150751 J3I
-2,564122 -5,916410 S3VII
0,956456 22,171239 Z9I
-19,465655 31,030597 J5VI
17,457677 -2,499686 Z0III
16,959583 19,816254 L1I
18,778516 -4,473465 G2VI
9,398535 -15,909524 G4VI
3,399228 6,417816 Z1VII
3,476188 15,809639 Y2VI
4,630654 14,488888 Z4VI
17,070525 -2,703289 J1VII
-21,449515 -19,318498 N3I
24,190636 6,993319 Z6VII
14,685111 21,211849 S4II
-10,639744 21,186516 Z9I
-22,981815 14,076171 L9II
7,480579 -14,027271 S2VI
27,348071 6,728339 N2III
2,993451 3,897142 Z8VII
7,015750 -15,902897 Z0III
2,074079 3,634879 J5I
-5,544729 4,407861 S6V
9,592979 -15,823943 G4V
-3,663174 -6,181577 Y7III
26,487291 9,421552 L9V
-3,220762 5,083594 J5III
3,187187 13,960358 Z8I
-3,979087 4,335298 S7IV
38,799614 33,846359 G4II
24,969386 7,008796 L3VI
-18,043646 27,799682 J6II
19,246183 -4,885535 Z5I
-36,312950 -11,823705 G8V
3,429942 17,095681 S1I
-6,008870 5,057444 Z6II
33,584205 31,116609 J7VII
-5,598898 -6,453043 Y5VI
8,314210 -13,147337 J5I
25,645226 -12,206859 N9V
5,678323 16,404544 N7VII
-15,434552 34,456186 Y7VI
2,004964 16,350724 L1III
7,632499 -13,278443 L0II
2,992039 14,284018 G9II
-16,552843 8,463008 N2II
9,176623 35,173240 Y2II
-7,017393 4,505766 G0III
-21,526641 -25,023768 G6II
5,419192 -15,592808 Z4III
3,409114 3,119827 G5VI
9,923006 -17,149756 L9VII
-13,158977 -9,835206 S4I
-6,479837 3,263689 Z4VII
4,475286 17,766142 L7IV
45,600172 11,471180 J3VII
4,244667 14,410895 Z7VI
21,660507 2,312130 N2IV
-16,905554 6,712834 J8VII
7,610574 -17,058618 G6VII
23,092561 8,433880 G0I
4,283500 5,817276 N0VII
4,712313 14,162660 Y0V
-20,165517 -12,979523 G7VII
-15,220544 6,956455 N2V
32,041050 7,792444 L3II
1,991420 -33,263021 Y5I
-4,682390 3,564438 S6VI
-6,139444 -4,127757 G8VII
16,922284 -4,894828 G1VII
26,174642 7,979829 N8III
3,791991 17,559626 S5VII
3,719096 13,428036 S3I
25,371429 7,413627 Z1IV
29,546453 -1,746333 L1I
-11,436247 -18,233040 Z4I
20,489772 -4,971409 S3VI
22,722191 9,305932 S0VI
2,044858 14,631308 N7VII
3,958624 3,522657 Z9IV
4,348161 15,195273 G8VII
16,056922 12,631025 Z5V
-16,680369 5,632941 Y3V
-7,216110 5,616228 G7V
-2,637713 -3,095101 N1VI
4,856607 3,123957 J1V
25,863508 22,257907 S7I
36,482534 -9,336509 G5VI
2,551655 5,801819 G1I
-5,930701 -5,222404 G6V
18,422801 -4,247530 G0VI
16,247157 -4,030180 Y4VII
25,062810 8,903953 J4I
9,876801 -13,595584 Z3VII
20,826454 -3,133955 N0II
-6,059831 16,634789 G2VII
-4,309124 -2,538934 G9IV
3,228569 16,396910 G6V
5,274873 16,548760 Z0IV
-5,246066 6,175603 Z5I
25,636018 9,419224 Y5II
4,026030 3,215623 Y0V
4,774305 16,684205 J9VII
-29,437281 33,253878 J4VII
-6,528587 -4,174298 Y9III
4,566995 5,145347 G5I
-4,819551 -1,953951 L6I
16,486269 -4,089566 G9III
-4,788090 -5,626925 Y0VI
3,908383 17,601003 Z7I
-18,921404 7,627296 J6VI
4,427043 16,734219 G6III
9,347227 33,980356 Z8II
3,298469 15,701155 Z5IV
5,491634 6,238424 N7VII
-21,851372 -38,060215 L8III
3,192394 2,714399 G0III
-5,907496 2,765216 S0I
19,882196 -1,394060 N0III
-14,476209 8,689177 Y7III
1,792309 17,108287 Y5V
4,453602 18,333183 J3I
-8,092784 5,351488 L4III
9,623317 5,686424 Y2VII
2,665483 2,808654 Z9V
24,296252 6,702456 S6I
-15,597946 9,905034 J9VII
23,744341 7,339916 Y4II
-9,928052 15,385588 G8VII
18,140038 -23,798784 J9V
10,744601 -15,262417 Y2I
19,328585 -5,241576 N3I
-15,951802 9,128027 G2VI
-7,044973 6,086028 N3V
4,405434 14,512875 N8I
-16,810659 8,361410 G3V
4,281230 16,656629 S7V
2,341830 15,000758 J4VI
2,502486 15,812882 Y4V
9,248312 31,956961 S3IV
-16,024561 8,010390 G6VI
16,974720 -2,483788 N8IV
16,312403 -3,242998 G6VII
-18,542513 6,681209 J5III
15,959078 -3,689942 J3IV
20,886264 -4,618676 G6II
7,718345 -17,889011 J7VI
-7,751748 3,853256 Y0IV
0,282567 -26,065192 S3V
1,109731 -9,980070 Y1VII
8,548349 -14,098679 J1V
6,050376 15,665589 L2V
7,856166 -13,643255 Z1II
3,389069 4,481000 G6IV
17,818515 -1,460987 L9IV
18,514236 21,082183 N1I
-15,959315 9,257285 G7II
16,913949 -2,312150 J8V
40,847889 22,577552 L3VI
-3,523580 -1,956761 L6VI
-3,391945 -2,224059 J3III
19,690529 31,438869 N0VII
1,235920 16,422690 Z1VII
5,467670 3,222380 Z6I
3,263270 2,034057 Z8V
5,138390 14,943577 G7II
4,217280 6,092251 J5V
-4,116395 5,858330 L6IV
-17,071324 9,257847 J7II
5,409698 3,420097 Y3I
-26,391008 -4,116392 Y6II
-1,679473 -3,922042 N2II
3,657797 3,944892 J2III
38,940109 30,608241 Y7I
3,215466 18,384080 Z0V
5,567300 27,465723 L9III
5,641252 15,215578 Z4V
-5,120771 -2,367441 Y3IV
-10,288713 36,914159 Y0VI
-21,583702 -12,664522 G6VII
-6,849633 5,694491 Z7III
-4,285641 -6,630682 Z0II
7,944242 -13,457477 Y6III
-16,234263 6,154825 N3VII
-15,714370 8,748126 Y9IV
6,693492 -13,816416 G3I
23,787106 9,473397 J6IV
5,204720 15,314784 N0VI
5,833105 2,657185 G9I
3,020212 3,108224 L8III
3,634175 6,089869 N5III
-19,106627 7,373885 L3III
-25,209205 3,821307 G1VI
9,820011 -16,165788 J8III
-6,117114 4,967371 S6VI
24,964579 7,146935 N4III
-20,023095 32,533611 S3V
2,756021 6,219783 S5II
1,603628 16,661333 N5I
25,621595 7,396396 Y6VI
6,018267 15,625572 S1III
6,172637 4,527498 J7III
-7,888621 6,148727 L1I
2,998711 15,984508 S2I
-2,384321 -6,583606 G2I
30,978075 -22,237618 Y5VI
-23,138140 11,294011 L0VI
2,328316 17,593507 Y1I
18,864223 -4,760373 Y5III
18,562740 -5,091972 N1III
-1,118819 -19,913527 L2IV
-13,074841 -32,200937 N4III
7,427915 -17,083018 G3VII
-6,035945 7,348787 Y5I
-3,467375 -2,113468 Y7III
3,543666 4,077619 G5VII
9,273471 -15,296732 S9VII
-8,101985 5,814070 Y8III
3,516710 2,694287 Z5IV
16,806575 -3,699954 Z6VII
-33,396500 -26,438032 G7V
2,158394 14,081376 G2VII
26,334250 9,589219 J2II
-24,197697 6,163134 Y4IV
25,141855 8,327834 S2I
7,024597 -15,838058 L0II
25,514294 9,623937 J9III
20,931607 -4,312459 S5II
1,695882 16,066139 N9III
-5,228783 7,270468 N7V
7,051504 -13,198953 Z9VI
2,393056 14,716534 Z0I
25,203197 5,490747 N1II
24,805710 8,649919 Z8III
-17,881585 9,739641 Y8IV
-16,937797 10,252765 G4VII
18,502118 31,883090 L7II
5,420072 2,645005 N3V
-26,274849 -16,651732 Z3I
4,117219 16,994647 S1I
-3,036063 -36,918378 G3II
2,824496 3,181654 J1I
4,982491 13,540307 J2V
-26,930824 5,446414 L4III
-6,790986 6,052551 Y8VI
6,969947 -16,186818 N3V
-36,851260 9,129918 L9I
3,939251 17,105358 G3III
-16,837132 9,124056 G9V
-5,509776 6,109882 L7IV
23,052783 -30,136307 Y0VII
7,851962 -15,564909 J3II
-4,836967 -5,978283 L5III
-2,977713 -6,429800 Y3IV
-3,329539 -3,968781 N4III
-33,391102 -9,437257 J6II
-27,695392 -23,745838 Z6VI
-6,528469 2,927964 G4IV
25,489685 8,172765 J8V
30,741581 -28,592600 G6VI
5,132536 5,990587 J0IV
-2,900584 -6,023159 G5III
5,684234 14,089877 Z0II
19,575711 -5,130269 G5V
6,094415 5,387130 J1I
9,185231 -16,864293 N1III
37,892066 -23,993479 G4V
-29,222699 27,423681 N6IV
29,725071 -13,362142 L6V
22,973206 9,223516 G9I
4,372445 13,549205 J3V
-6,407928 5,745050 J7III
44,912422 1,265628 Y6VII
2,029337 14,357400 G2VI
-16,034044 7,198047 Y8V
20,727227 -3,965568 L2I
-18,989028 -10,621858 N9VI
19,724245 -4,557906 Z0V
9,113254 8,730973 S8VI
-16,716356 8,053081 Y0IV
-2,524450 -6,206506 N0I
26,228841 9,570090 Y2II
19,391848 -3,743669 J9IV
-2,405231 -5,804830 N5IV
-23,918625 -28,018812 G6VII
-9,768546 35,216445 J2I
22,767322 8,637334 Y7VI
3,428911 1,516727 G3II
25,178964 6,853402 S2VII
5,289825 13,783212 L6I
-17,501523 8,306820 Z1IV
27,171113 8,977526 Z3VII
-6,952958 6,846680 Y5V
3,755473 17,584836 G1V
20,130025 -5,319956 L2II
6,153588 14,698124 L5VI
1,983971 15,489773 Z5VII
9,554350 -16,738145 L6IV
-5,740973 3,823174 Y6VII
2,954752 4,150639 Z3V
-17,554298 9,601938 G1II
9,488009 6,022821 Z0V
19,492530 -5,948523 Z7I
4,491134 17,769991 Z1I
9,995532 15,664408 J2VII
1,812555 4,759335 N6VI
9,607521 -14,497850 L5V
4,626229 6,288994 Y2I
8,346581 -14,990716 Z6VII
-35,176962 30,252064 N1II
-1,921158 -2,752468 S2III
-3,432973 -6,543899 J9VI
9,557451 -14,114696 J4II
16,907395 -5,487483 Z0I
-14,378869 -28,590054 G2I
-6,429557 6,780771 L6VII
5,874199 -16,291866 G4III
30,750576 17,977827 S7V
-16,507390 8,195868 G5III
10,246285 -16,483684 Y5VI
1,674104 16,986656 L3VII
14,998040 9,421819 N2III
30,087657 -14,631976 N8IV
16,381581 -34,659271 G5III
27,180752 7,231523 L5II
18,603029 -3,833492 S4V
18,035972 -3,167182 L8VII
-32,872365 -19,416900 Y2IV
-28,570907 25,690971 S2VI
2,930893 14,441568 N6II
-0,323889 34,977211 G7II
25,980104 5,935572 G4IV
2,160172 5,801966 Z7I
36,907798 2,258988 N2VII
22,633579 8,816844 L2I
-3,634027 13,072062 Z2VII
-6,185928 3,439903 Y8VI
26,632784 6,602327 Y0III
21,790588 -21,113651 Y4III
27,661060 -31,341353 Z3I
-5,664715 -5,664415 J5III
25,776111 8,294449 S6V
3,807804 3,270953 G6I
17,087701 -4,733720 N5II
-4,408188 -1,847166 G8III
5,915714 -14,991452 Z9VI
4,631039 5,094130 G7VII
16,550271 -3,714113 J8IV
-2,373661 -4,773988 G5VII
16,673723 -2,948248 Y6IV
2,279050 4,445515 Z9IV
17,872557 -1,391216 N2VII
-3,144667 -5,055569 Y5VII
36,129493 -3,084041 J2III
19,783320 -1,903092 N0VII
7,793434 -15,706731 J4VI
16,207403 21,547417 S1V
10,527691 -14,935542 S2V
-1,730861 -4,104418 J4VII
4,073480 13,972167 Z7IV
16,172014 -4,278783 N4IV
2,117983 3,176821 G7III
-3,504072 -5,682120 G2I
-35,762691 26,450964 N2II
34,053567 21,613493 S8II
-3,290110 4,543457 N4V
24,159148 6,258805 Y4V
20,215533 -4,197746 N0II
1,590485 15,792951 J3VI
2,505340 3,074659 S4I
-4,376840 6,076645 L5V
15,179945 14,943424 G0I
7,279920 -16,715368 G2VI
-3,707247 -4,801069 N6IV
-5,266046 -4,450890 G8V
32,858829 -1,797925 S1II
19,881191 -1,372271 L8VII
7,619893 -16,716952 S9VI
-17,455985 6,623384 L9VI
-10,909879 37,698612 Z0V
39,797891 -8,704906 N5I
4,677694 18,098099 Y3I
-4,512424 -3,755975 Y8IV
8,393485 -17,952377 J6VI
-5,815568 -4,726933 S1I
-34,065610 24,034245 J0III
5,211105 -28,378851 L5VI
5,876814 -15,687542 J0I
-35,971011 -7,063304 Y9IV
6,604697 -17,607346 N5IV
-18,782212 8,167687 N0II
-6,546222 -12,635311 J6III
9,048887 -16,978841 N7V
11,482631 35,029562 J8VI
-2,427089 -2,856892 L2IV
1,706901 4,094298 J7VI
3,153168 17,175055 Z0VI
-2,132769 -2,692793 N1VI
16,630875 -3,208772 Z4II
-6,771733 7,406611 S4I
-18,632446 8,838675 Y9IV
4,749538 25,268249 Y5V
31,059792 -27,994631 G5V
7,570261 -15,234979 L1IV
5,421744 14,802421 G5VII
2,254583 4,180414 Y4VI
-4,409468 6,884592 S2V
27,486660 6,940326 Z2VII
24,480567 6,458140 S2II
-11,664132 -30,498693 N0II
3,733718 -22,576184 Z1V
8,735080 -16,961387 Z3II
4,157012 1,833239 S0V
1,831367 3,382468 Y7VI
7,819133 -15,885934 G2III
33,230702 10,109460 Y9VI
16,796184 -4,664171 G5III
1,714005 15,840691 Y6VII
-2,106423 -3,353595 L5VI
-20,545735 14,955782 Z5V
3,892738 3,552558 Y4I
-5,791611 -6,152238 N9VII
5,412899 15,777962 Z2III
-16,741739 5,884627 L7V
3,672664 4,430335 G9V
-33,124422 1,375761 N6V
-17,245952 6,399014 N0IV
-35,771128 -24,174543 N4II
6,787264 -13,176291 G5IV
-35,621319 -14,138929 J6II
26,657445 7,547089 G2II
5,956399 4,106259 G7VII
7,273862 -17,959941 S8II
-6,690598 6,218748 S0VI
-4,194204 -2,327629 L0V
3,033555 16,173461 G7V
26,708260 20,058277 L9IV
-30,401906 11,159232 Z9VI
23,891440 7,182474 J7V
9,224974 -15,650810 L9VII
-5,809273 4,826922 G1VI
-28,756760 -25,176006 Y6V
2,842047 6,380979 Y6VI
-13,969093 6,951785 S2III
-21,157063 -29,939968 G6VI
23,707725 -19,726150 S0III
31,306792 -9,255540 Y2III
25,543609 10,231848 J5IV
45,392335 -10,848559 L2II
-5,408482 25,979490 Z9III
-10,226481 -17,782505 S7VI
4,588900 14,305228 G5II
46,059070 -29,574902 Z4V
5,277002 1,745987 Y3II
5,682923 16,360187 S6VI
18,929093 -3,523942 G6VII
1,882329 3,219812 S0IV
-5,091374 -2,134052 G1III
5,004633 5,853905 Y0VI
26,877354 7,318835 N3VII
3,563878 13,392336 S3VI
37,856656 9,748533 G5I
27,268408 8,988743 J6I
20,161187 -2,429962 G0VII
-17,347101 28,094148 N0III
6,003840 -14,204204 Y1VI
3,421437 5,605969 Y9I
-8,051040 4,966910 G8V
-1,876586 -2,746234 S7VII
-3,390771 4,429736 Z0IV
-0,736698 -10,008305 L5I
20,729002 -3,157446 N6II
-4,086177 -6,556030 L2I
18,338883 -3,135040 Z9VII
-4,191140 6,926487 J3II
17,031353 -3,724708 L9IV
2,529995 16,015244 Z9I
19,681585 36,477236 L9II
9,596480 -6,529452 S3VI
-28,240297 -19,770759 L6V
-1,989939 -5,201883 G4I
-17,709789 -12,596305 J1V
-21,659353 34,262166 J1II
-2,514160 -5,448922 N0V
-6,335001 -4,537493 S8VII
41,979383 9,223343 Z9IV
5,634118 -14,545559 S5I
7,129589 -14,700636 S2II
24,556213 5,977606 N5VII
-2,150549 -3,775651 J8IV
41,766557 -1,514497 Z9IV
6,274181 -14,226287 J6V
25,374691 7,574728 S0I
-17,920294 7,531245 J1VII
5,755455 15,809790 L5VII
8,842210 -13,611401 S4II
4,617732 15,621989 Z7III
-2,131760 -5,519347 S8VI
-3,928934 -6,942748 S0I
-7,367779 5,056453 N5IV
-4,596191 -4,669125 L1II
-28,673247 18,935884 Z8III
19,808754 -3,855733 N0I
2,965481 13,529574 Y7II
-38,923768 -10,812269 J5III
1,516992 15,358632 G2IV
-4,489547 -5,374817 S9II
2,913740 6,474474 Y4VI
8,727829 -14,483636 L5II
-4,913377 -2,857287 S2II
9,084516 -15,756452 G6VI
-2,968539 -4,718246 Z4II
16,134553 -3,822201 L0VII
1,749809 5,326511 G9VI
-14,724264 9,652410 L9III
-6,022294 5,189806 Z1I
24,071893 21,812834 Z9II
6,640986 -15,285439 N9III
17,370639 -2,233108 J9VII
7,622524 -16,171364 G2V
-18,578052 6,721183 Z9III
25,374665 5,778118 J2I
25,332799 5,770568 S9IV
-16,484835 8,902524 N4III
23,085310 8,668990 Z6III
7,042116 -28,548585 J0II
40,556873 14,094252 J7IV
5,777380 -16,382445 Z4II
-5,868591 -3,073702 N7III
34,572388 -32,250019 L8III
4,232974 6,688802 G2V
-33,582952 9,065707 S5IV
-3,042157 -4,961087 Z3VII
-7,051699 5,596874 Z3VII
29,190785 -33,008353 Y5II
10,033627 -17,056330 N9II
4,858489 2,192054 G9V
7,784379 -14,757794 N5III
38,480913 -0,131666 S5IV
-1,446386 -5,426021 J6IV
17,523958 -5,707585 J8III
20,783951 26,921067 Z7VI
-37,896504 4,055945 Y4IV
11,097907 10,340751 S4I
9,191935 -17,024278 N8V
3,091494 16,542786 L7IV
17,518691 -5,657473 Z2IV
22,318430 8,404420 Z7IV
25,381574 6,753128 Y0I
6,825032 -16,360003 J2III
21,506882 -20,154471 N6IV
34,328123 -28,039669 G5II
7,549399 -15,013763 J4VI
3,998230 5,883386 J0I
33,874721 -27,942455 S8II
23,787391 8,270408 Z2II
16,813185 -3,396681 N1VI
22,141182 23,251875 L1I
-18,162167 7,655821 G2VI
20,551435 -4,764109 L7IV
23,614467 9,429855 G0II
13,884292 -25,535027 Z4I
32,137771 3,522483 L2II
-14,386926 8,356761 N8VI
24,514389 8,249506 N2I
-20,147446 -18,597772 L2III
16,205411 16,497675 G4II
3,150969 16,606325 Z2IV
9,095522 -16,957139 N1VI
26,931952 7,530244 L5III
2,880216 4,123725 L5VI
20,589226 -2,785602 Z7III
16,068019 32,285926 L8IV
13,773232 15,318731 Z2VI
-34,339086 7,575684 Z3VII
-35,667728 21,279863 Z1V
5,612855 15,169566 G8III
20,191928 -2,525924 N9V
35,455501 -23,216751 G0VII
41,402981 23,214361 Z2III
3,965106 16,267065 N3I
25,692259 9,201819 N3VII
-7,882935 5,022208 N2V
17,470081 -3,944172 J7IV
3,452041 14,485227 Y7II
3,727464 5,694237 S0VI
-6,092453 3,448238 L4VI
5,244725 16,658441 Y1I
19,556160 -5,718744 L6VI
4,916997 14,155135 G4VI
23,151208 8,494123 S7II
6,917232 -13,515078 J5IV
-3,150280 -4,282626 Y0III
-3,428666 -3,457289 L3VI
24,299769 28,631776 J6I
-5,156836 -4,791980 N2VI
-3,694163 -3,263668 G1III
14,107087 17,891762 N3VI
5,618131 15,152355 N1II
26,726636 8,300455 S9I
-14,739906 9,002979 L7III
3,384587 14,078160 L6III
7,356843 -16,817437 L8III
23,472912 7,476208 N3I
-18,524436 8,925511 S8II
-18,117020 7,753667 G5III
1,482575 4,291733 Z1VI
4,616261 16,347675 S3I
9,261434 -17,809745 S5VI
-17,230590 6,308610 N7III
1,365830 15,679205 Y1II
4,791448 16,857335 J9I
27,050526 6,122577 G9IV
-15,564432 8,203187 L0VII
-1,963588 -6,293593 Z3I
9,633047 -14,495668 Y4IV
19,946401 -2,229074 L4VII
20,766221 -2,623541 G2IV
-32,962582 13,677921 L1III
18,560702 -2,462639 J0I
26,676563 8,650088 L9III
-16,725201 6,984557 S8VII
-18,917010 2,595661 S9III
-26,263194 -9,846280 S2IV
-4,136197 4,159590 G8III
-20,529725 20,762189 G8IV
4,393698 15,134267 N4VII
-17,690183 6,218047 N8I
-6,379532 31,347601 J2II
5,921810 34,824256 G0I
-4,493012 6,856254 J8I
-25,098368 -10,074822 G0V
36,549112 18,450613 N4V
17,135999 -3,243810 J4VI
-5,335646 -4,321188 L3VI
9,415003 -13,790922 L7VI
20,345543 31,017660 G1I
-5,408907 -4,205797 G0VII
17,738287 -28,550260 J7VII
24,762306 5,472691 J4IV
-4,198345 -4,084608 S0III
-27,216846 -22,780933 Y5II
24,409879 -9,887137 G1V
18,641428 19,743216 Y1V
8,178226 -12,915840 S2II
5,259405 16,443801 S4VII
23,929396 7,682665 S3I
-34,495655 -35,982570 L0VII
18,040447 -2,201170 N2VII
-4,769191 -6,708464 Z3V
24,630907 9,657109 S3III
-3,458427 4,496724 S8III
3,815910 13,302177 Y6III
36,367734 2,673852 N6VI
26,332553 7,363266 G3III
14,359521 17,712935 Z2V
-16,312322 7,138414 G2II
2,657898 5,701779 Y7III
4,052028 15,752989 Z5VII
-4,824161 -5,907207 Y4IV
6,599871 -15,709614 Z9V
-3,642437 -6,570556 N7V
-28,381171 -36,825220 Y7I
6,400212 15,315306 L8III
6,209776 -17,246639 G3II
12,349818 0,322550 Y7III
5,809796 16,492560 L4I
2,872227 3,492073 G1I
-6,025867 -3,317472 S4V
26,373845 -12,552775 G0II
-38,640888 22,131288 Y4II
26,327207 6,668699 N0VII
-16,987440 9,069202 S1V
29,015202 -5,831487 Y8VI
-5,867977 6,819899 N3II
-8,470179 4,686961 Z8VI
-17,541337 9,125784 Y9I
18,140729 -4,035299 Y1V
3,135473 18,290407 J1IV
23,418736 5,532975 G6III
23,255184 22,374939 J9VI
-12,449547 -1,179070 L9I
-2,507588 -2,771485 Z8VII
-4,103902 5,228790 J5IV
-6,599052 3,831692 G6V
-26,254211 11,372156 Y2V
7,722913 -13,079859 G7II
20,320450 -2,047597 G3I
-1,505700 -3,803621 N0VII
6,976281 -14,833210 J9IV
-16,829139 8,722834 S0V
16,830563 -2,100028 J5III
-2,936455 -3,041195 G6III
17,522683 -1,057432 G0I
5,030083 1,709997 N2IV
45,542712 4,624161 Y6III
18,888316 -2,180955 G9VI
-2,338067 -4,266774 J5VI
9,253358 -13,167240 J0II
7,359319 -13,976246 N8II
2,734968 5,102618 L2VII
1,991538 16,654369 G1VII
25,540566 9,210533 L7VI
19,044833 -1,036301 G2II
-37,995055 29,813914 Y5IV
-5,069385 3,794456 N0II
3,820758 15,780112 G4VII
-22,023253 20,257845 J7II
3,426203 13,409252 J4V
16,811830 -5,111860 J1I
-6,537746 -4,144228 N9II
-8,799299 -34,362855 G2IV
3,564940 2,695083 Z6V
-7,170878 6,258741 S7II
39,657147 36,940314 S1V
-5,284973 -3,572961 J2IV
39,449522 -2,788368 Y1III
-5,156752 -4,132015 S3VI
-6,266228 3,346716 L9VII
44,754648 27,895933 Z3VI
10,211492 15,547437 Z2II
26,292599 9,495475 J0II
37,952155 13,832037 G0III
-1,417521 -3,667870 S7IV
1,477315 16,028863 G7IV
7,097536 27,300732 S8I
7,786197 20,987771 Y6III
35,419583 -34,677980 Y0II
3,844640 2,833646 Y9V
-15,936365 7,386609 G9V
3,166190 16,853518 G0III
24,190517 7,065805 L6III
9,751477 -15,574650 L7VII
3,487529 2,279312 Y3IV
7,984552 -14,238639 S5IV
-36,607947 -12,939678 Z9V
9,134005 -13,476074 L9IV
42,972671 37,933810 G7VII
-15,207044 -10,793175 L5I
-4,834279 -6,074428 J9V
15,937337 -3,662478 J1II
9,818337 -16,206971 Z8III
-6,352077 2,628824 G2IV
23,112589 8,905230 Y1III
-12,352147 -30,640475 G8IV
41,144134 -14,954066 G3V
3,678274 14,670970 N5III
39,115719 19,154102 Z8IV
24,062016 14,321757 G7VII
31,709868 -16,683918 G3II
-4,757805 -4,988244 S4I
41,847811 -11,169695 S6III
16,820694 -2,962629 S8VI
5,581356 17,798955 Y8VI
-38,717558 18,256712 Y8VI
22,969024 8,136150 L2III
-5,264787 3,395171 N7V
18,891740 -4,860952 Y7VI
9,592376 -17,009517 Z1I
-4,485439 -3,771490 Y5III
2,068166 3,181308 Z3VII
-14,821409 8,746857 N2I
6,250290 15,313593 G6VII
-4,816977 -6,405912 L7II
-3,443839 -6,307281 J7VI
4,276742 5,255357 Z5VI
-14,309454 9,096527 J9VII
-4,598380 6,282566 L6V
-23,788235 -3,970017 Y9I
-32,657234 7,654281 N6III
-34,422343 22,004465 G1V
8,968193 -13,576394 S2V
-5,340365 2,704121 G8VI
-23,437863 -14,801305 G6III
-15,686014 7,387833 G9IV
2,880705 3,400874 J5V
22,936699 8,604976 L4VI
5,451494 16,892311 N0III
0,078539 24,930262 S8VII
-17,607612 6,285363 S6V
-16,405443 9,387944 Y0I
5,889273 15,740662 G6I
-24,220604 24,918807 Y5VII
-5,374063 4,527753 Y8IV
26,840845 8,727008 Y7III
6,793245 -15,302284 G9IV
-7,372965 6,372413 S0II
8,733948 -15,142200 N8III
18,517140 -5,187296 Y2VI
31,213425 25,882368 J0V
26,765588 9,352583 Y1I
3,625889 -29,547245 L2IV
6,218255 -14,497350 Y9VI
9,591487 -15,822091 S4VI
25,042788 7,602149 G8V
-4,328445 -6,162736 J3VII
-16,872995 8,863224 L5III
-4,059149 -5,972577 J1I
20,361613 -3,771465 G9IV
4,085273 3,704554 S9V
18,589833 -2,085331 G7III
3,810791 14,839126 Z4III
-4,482083 -6,140698 Y3I
5,106781 3,373793 J4III
4,311268 13,728990 G9III
-32,181219 -36,763622 N5III
25,215530 6,535641 L7I
24,109208 7,872615 J9VI
-28,714046 33,317389 Y6IV
-6,243377 -4,081217 G0V
26,733876 5,829457 Y6III
-13,873117 8,193659 Y7VI
27,480176 8,592423 L3III
-6,139059 3,552742 Y6V
5,860278 -15,590909 N8VI
7,900472 -13,014971 N0VII
35,981241 -9,710196 Y6IV
-25,874664 37,202787 S6IV
-5,983175 6,281222 G3VI
3,314171 2,201514 N4I
-18,730063 9,249768 Z9VI
22,915946 7,166336 Y7VI
3,266169 4,473653 Y7I
6,223060 -14,957729 N3VI
18,157214 -2,602305 Y8VII
8,409506 -14,805404 L2I
25,433278 8,796891 Y8V
27,194868 7,086515 N2III
-14,724952 9,795448 Y0II
4,247770 6,744217 N6V
9,090977 -16,203217 S3V
19,857716 -5,245691 J7VI
-39,117637 21,893673 N6III
-10,411295 -13,236390 J9III
-10,908028 -17,331369 Z0II
5,219069 17,480236 G5VI
25,050606 8,067198 G8VII
2,166520 2,390653 Z9IV
18,155031 -1,284482 N9IV
-24,904815 18,473509 L5V
3,025378 14,393132 G7II
4,789904 17,758459 G7IV
22,790386 -31,242844 G8VI
-6,048761 5,098843 J6VI
-15,415984 6,088496 N2I
3,688293 15,540485 Z1I
-4,080530 -3,610915 Y5I
-9,219811 -31,749067 Z7IV
16,709428 -2,260215 N2IV
2,167666 14,823416 J3VII
-35,251545 6,897928 N9I
5,125894 4,001634 Z9I
-6,278701 -3,622438 N3II
3,729614 13,803826 S8IV
46,248324 -5,890311 N3I
1,627644 4,657067 S3III
19,601677 -1,666739 S2VII
2,492183 13,848939 Z5II
26,554028 7,753678 Z5VII
43,199559 26,913892 G6II
18,630244 -3,860705 Y9IV
21,163073 -3,488275 Z9V
-10,707083 -19,250079 S6IV
30,305559 30,740835 N1I
4,286638 2,308807 J2I
-13,155566 -3,903697 J0II
7,926701 -16,484850 L8VII
17,960706 -0,951353 G5VI
-7,434463 4,693912 Z5VI
-3,805807 -4,481833 Z8II
41,764979 25,653281 Z7IV
2,734162 5,475795 Z2V
-15,170930 7,514915 N4II
-5,253261 3,650188 S2I
8,232501 -16,529466 Y2II
13,071751 29,650425 G8VII
-16,106339 -32,657012 L6IV
-28,635869 32,716492 L8III
-31,444163 26,510371 N7VI
-33,821365 -24,178784 Z1V
2,219226 15,643418 S8III
6,541502 -15,456329 J2I
-27,338140 -21,952795 N2I
10,124447 -14,820938 S3V
20,275091 -4,525556 N6IV
-20,074932 -29,766203 J8II
-5,343372 -3,776815 Z9VII
20,143527 -4,693929 Z1II
-3,963804 -2,707932 Z9VII
6,306408 14,721489 L6I
18,617754 -2,344117 Z5I
9,544022 -16,723563 Z1VI
-17,686841 5,950108 Z0IV
23,842658 6,624430 L8VII
4,356536 6,383956 J4VI
-30,543867 37,042842 J0V
24,324538 7,146435 J7IV
-4,358593 3,789665 N1VII
8,556033 -37,652274 Z1III
6,256127 16,496516 J5V
-4,987964 -5,916734 Y1VII
18,075885 -3,017681 L2IV
-19,680210 13,094806 Y0II
-6,079326 5,341233 J9VII
9,453431 12,664212 S5III
-5,218629 -2,753668 Z1IV
46,424625 -24,848508 J1VI
19,578419 -3,705545 Y9I
-4,621140 -32,185845 G2IV
4,212593 6,600889 N7III
-16,635990 8,749416 Y3I
-8,500037 5,479771 N2I
2,010749 16,219851 S8V
26,953450 9,240333 N7II
25,607994 10,146719 N3I
14,122127 21,754993 N1III
1,855146 17,178936 N2II
-33,820467 1,962699 G2I
-33,823962 36,621814 S8IV
-6,113311 -4,769731 J1VII
47,298215 -25,362956 L3III
23,385416 6,100812 G3III
-2,221130 -4,944415 J4I
2,914868 17,005002 J6VII
8,510839 -16,059914 Z0III
-24,377805 -30,813296 Y2V
2,472179 6,163578 N7VII
-4,706475 -6,727598 J8VI
-34,284450 1,288849 S9III
3,994608 13,919950 Y4I
-9,078997 17,660762 N2II
18,674263 -2,676767 Y0III
23,276556 8,472191 G8VI
5,971873 -15,019039 S5III
3,134817 18,045077 Z9VI
-7,064786 6,334205 S3V
18,108521 -2,358791 Y0I
5,675531 16,405202 G3V
4,049037 15,369399 L4II
-26,843840 29,780898 S9III
45,955680 37,709047 S2VII
-0,718232 26,288132 J2VII
17,968723 -4,138227 Y7I
-2,717453 -4,024768 L1II
-16,407167 5,353614 L5II
8,200257 -14,966287 S1VII
7,739577 -13,834203 L4II
5,801741 3,501704 Z1VI
26,547812 6,521035 Y2II
-1,804435 -4,612499 J4V
7,472242 -13,843232 Y4VII
22,825176 8,275746 S4VI
5,975533 14,893024 Y4I
-18,227939 6,624789 L8V
16,942824 -3,573426 N2V
-6,323830 -4,834638 G9II
2,007563 3,705883 L3VII
9,761763 -34,934422 J0VI
25,047378 5,498316 L5VII
-6,441629 -5,209752 Z8V
-2,723297 -10,051446 Y8VI
18,163351 -5,626398 N7VI
-16,827000 -19,437660 J3VI
-16,199930 6,238627 S4VI
2,343632 16,486345 G1VI
13,615420 -12,664865 G8III
3,559172 13,378418 L0I
2,962487 17,030887 S6II
-2,385696 -6,604754 N5II
-1,810989 -4,215225 G2VII
27,531301 7,110098 S6V
38,862425 -5,894665 Z3VI
30,136947 38,430499 L3IV
19,551578 -3,217280 G6III
8,363994 -17,723684 Y9IV
6,880879 -15,930923 G1I
10,365313 30,234475 S0VI
-5,615019 -3,973387 Z8V
11,866502 26,381309 J0VI
3,581576 2,296830 G8IV
18,561157 -4,546858 G5I
-7,727121 17,911319 L6I
3,449182 18,168733 S6VII
23,227851 8,405382 J5V
-30,704296 35,727017 J4I
41,565695 16,061984 J8VI
4,008765 2,892651 J3IV
-6,189402 4,743713 Z7V
3,032715 13,853077 Y7I
-1,660316 -5,847402 L6VI
-17,152336 8,375570 G3VII
9,614136 -16,115939 G4I
5,568701 17,143703 Z3I
17,158310 -3,580638 S5I
19,265615 -3,787312 Y7II
24,133498 5,787466 Z6II
23,199367 7,109598 L6II
-3,158149 -6,819301 Z4II
-4,871889 6,624154 G1V
-11,880383 0,363312 S9VI
3,490422 5,496464 S3IV
3,937503 14,816831 N5II
8,855150 -16,257265 L7I
-15,004787 5,874333 G6VII
-3,216461 -2,873617 G6III
-36,090165 23,276126 Z9VI
-6,206313 7,346163 Y2IV
-7,554491 5,666449 Z7III
-7,442588 -25,560425 S2VII
-5,682437 -4,322397 S4V
-15,386852 8,943344 Z1III
4,664837 3,741380 L9II
1,867351 36,907940 Y6I
-15,896728 8,103300 Y6IV
-21,305100 -26,055939 G5I
12,317408 2,791364 J6II
31,669844 31,609533 Z0VI
-14,457405 9,531388 L2I
-4,910511 6,904365 Y1II
17,657782 -1,518789 Y5VI
9,019896 -13,998673 G8IV
4,370534 5,574431 L4VI
-5,026553 5,269522 N8VII
-31,141923 -13,436502 Z4VII
7,698130 -13,875286 J2IV
-21,251889 -20,840118 L9VI
-21,956793 28,779009 Z8VII
25,486935 7,268887 L1II
19,534207 -1,503265 G6III
-3,609541 -5,710777 S0VII
9,792382 -17,524256 Y9IV
1,918664 16,973223 Y9III
-8,817307 25,322902 G4IV
18,805763 -3,125563 S6IV
4,641177 5,245440 S3IV
-4,299802 -3,127704 L0I
-6,012150 -3,416649 N9I
17,305682 -5,227600 N7VI
6,318782 2,895775 Z6VI
-16,433252 14,029885 L8VII
16,795979 -4,384660 Z9II
-6,123979 5,785539 S7III
-3,933490 6,133743 Z0VII
-0,376220 -36,855991 Z7II
5,522516 4,795082 J8I
1,899069 -21,524615 N8VI
-4,776982 3,061054 Z6I
1,605176 2,945432 S8II
8,346895 -12,914724 G1III
-18,955023 6,995251 G0VI
9,060058 -17,069748 S9III
23,614566 28,285451 J6IV
-5,962720 4,743613 N4I
-16,805656 6,609275 L3VII
-19,079226 29,985480 L4VI
19,876987 -1,520955 G8II
24,000872 6,771025 Z3V
22,999239 6,100582 L3II
23,026695 6,757018 Z2VI
-28,833821 -8,527425 G3II
-5,716826 7,356573 G8II
-4,269125 4,853100 G0V
6,900164 -16,576263 S9III
22,482448 -33,068946 Z4V
-20,786858 12,929978 N8V
-7,543562 3,049996 J6VII
8,610285 34,269334 Y3IV
-5,664167 -4,459939 Z7VI
23,276435 9,450224 Z9VI
-5,990246 -5,990886 Z2I
23,039415 7,465789 L3II
24,467911 8,913625 Z1V
23,234471 5,997231 G6V
-1,133480 -20,228150 S5IV
3,577168 4,274667 L4I
-2,366161 -5,622707 Y2VII
-15,093782 9,200405 Z1I
-16,584931 -7,753546 N2V
5,981563 -13,959399 Z0VII
18,423674 -1,898777 J3V
-3,532828 -3,524027 S5VI
4,410543 6,381333 G1I
3,065164 4,601878 J4VI
4,403771 16,084202 N0IV
4,910684 15,300043 J5IV
20,663816 -3,227441 Y6IV
4,044398 15,912815 Y2II
1,548127 15,369060 Z7II
5,265678 3,144660 J5III
17,560123 -2,631987 G9III
-17,925686 35,064813 L1II
24,867375 7,978980 Y4IV
-17,109319 7,525520 N5IV
-7,356859 4,187920 S8III
-16,753961 6,197418 S8III
26,437990 6,954240 Z3V
9,727589 -16,613724 G9II
-16,196824 10,478889 J0II
17,998096 -3,290115 Z6IV
-2,385800 -5,039122 G1I
-27,270872 -19,653024 Z8II
-4,936825 -2,296038 N7III
-5,449077 6,415496 G1I
-4,308102 -6,746321 J6II
-17,051699 9,978625 S6VII
-5,866033 2,885850 S6V
6,213641 -15,368299 Y1VII
2,865791 6,376322 Z2V
3,805071 3,569692 Y7V
25,960683 7,120205 J1III
-4,465315 5,286857 Z1V
19,560739 -4,273513 J3IV
4,996347 16,824849 N0II
-4,804268 3,224155 Y2IV
15,243390 -24,203441 J8IV
18,538793 -3,284013 N0IV
17,636044 -1,194448 Z8II
-26,549320 -28,782865 G0VII
-4,685534 -6,143874 Z6VII
-16,364464 7,783328 Y1I
-1,905667 17,054205 J0I
-22,773322 -24,132250 Y0II
9,329437 -13,176067 Y0III
-3,966555 6,093292 Y7V
-6,710252 3,293779 L6I
15,230804 18,902054 L9VII
26,117412 7,186634 Y3V
-5,326958 -3,594298 L3III
4,001178 1,371682 Y3V
-1,906523 -4,616845 N3VI
9,870264 -17,443428 L0VII
5,113140 2,757284 G3II
-5,543017 5,083481 L6VI
26,874856 9,146366 J1VII
41,480520 -0,826127 L1I
9,086649 21,339691 S0VI
-6,205192 -4,163511 Y3II
-6,358038 6,006292 S7III
5,182965 5,879965 J0VII
-5,174148 2,921329 Z7II
2,509877 13,841907 G8VI
1,521952 16,359510 Z5III
-15,311441 8,649608 L2III
-5,012575 4,384463 Z5II
-14,972079 9,652596 S9VI
-3,036735 -3,375281 S0II
37,933077 36,738889 N2V
25,733711 -12,554061 S6VI
6,004833 14,416292 Z7III
9,684296 -13,934815 G5I
-3,642253 -5,372726 L3I
-3,755609 4,916924 J2VII
-1,431143 -10,088521 N7IV
-4,261025 5,208114 G5VII
1,705370 3,849678 J2VII
19,031776 -4,093358 S4III
9,797392 -16,860258 G3VI
8,168548 -16,195519 L1IV
21,091810 -3,770558 S4II
3,798663 17,545221 L3I
6,035722 3,313072 J2VII
19,155466 -2,866329 G6VII
23,480600 8,228809 Z9V
27,325057 8,642908 Y2I
-6,872791 2,978169 Y1III
7,104152 -16,044190 L4VI
1,919954 5,626006 S2IV
10,179056 -16,791852 Y5I
41,507538 -13,617513 L2IV
-16,912628 9,751928 Y9VII
19,595127 -1,688723 Y7III
-3,594026 5,311310 S9II
9,656513 -4,188832 Z6II
20,990315 -22,860873 N3VII
4,974737 5,011229 N3IV
17,680200 -5,240124 N6IV
20,239636 -1,853971 Y6VI
46,730158 -12,707919 Z5VII
-22,650776 34,183033 L0IV
6,311516 5,002439 Z5VII
-3,422548 -2,071560 Z4IV
20,304490 -5,094367 N3VII
23,879280 9,435774 L5VII
-2,994736 -5,144101 L7II
2,651351 14,316275 Z7II
32,620759 -20,845492 Y5II
4,670191 14,645511 Z7VI
24,470427 6,715885 Y2I
36,985655 -37,662146 N5III
8,343877 -16,905828 G1V
8,873333 -17,736548 L5I
4,382205 6,159251 L7V
25,826982 -34,159125 S2II
6,230813 2,863406 L4V
-2,510585 -5,235164 S6VI
5,561202 13,907825 N4V
-4,928004 -3,040854 L0V
-4,554759 3,285965 S3VI
18,687338 -4,269499 S4VII
-13,985502 29,161651 N2IV
-27,431572 -19,196619 G8VI
-7,056420 3,470589 L3VI
35,174960 -30,231021 N0I
25,074961 6,369528 Z9I
2,214860 4,095133 N4III
4,205279 5,888903 N0IV
-4,533188 5,206808 Y6IV
15,834812 25,376520 N1V
-3,300310 -6,909671 J4IV
19,653832 -5,702569 N3II
-4,992073 -5,116034 Y4III
26,234293 5,425800 J0I
-2,662921 -4,600399 N1VI
-6,966887 2,712408 J9VI
7,299980 -17,487845 Y7II
8,273137 -17,812712 N4III
9,979054 -14,654652 N7II
2,953164 15,874881 J2II
20,653952 -2,814634 Y7IV
6,852577 -14,293447 Z2VI
-8,575512 -24,890793 S3VI
-3,271974 -4,552129 Y5IV
-11,088224 20,296959 Z1VII
25,642582 10,315950 L9IV
24,416473 8,222112 N8II
-19,578476 -30,309642 Z6V
-0,609773 -10,317774 Y0VI
2,641212 16,166348 N6III
42,272066 -10,373489 J1IV
-18,265946 38,399261 Y4V
24,328964 8,119070 S6VII
8,826304 -15,461529 G4VII
5,930747 15,510212 G3II
-15,799095 5,769767 S5VI
3,778137 2,083065 Z4VI
27,232491 6,626480 Z9I
-2,257621 -3,694236 N9I
-8,226364 4,780342 S5IV
16,518306 -4,271389 L5IV
-25,583388 -33,143783 Y3I
17,146712 -5,322142 N7VI
-14,817194 5,834039 L6V
-7,746460 3,243897 S0IV
-12,559134 -2,456498 Y3VI
5,745534 -14,421780 S0VI
-17,673287 6,925022 N2V
23,615013 6,637523 J0IV
4,039103 17,779953 S2II
-15,773403 29,105059 J8VII
-20,307071 -31,754985 L4IV
-6,963646 -36,652029 N0III
40,690692 24,643635 L3I
1,970242 17,641950 N1I
25,504050 8,872987 L4VI
1,699014 3,517627 S1II
5,764183 14,315868 N5IV
23,100527 -27,147115 Z1I
-1,414741 -5,012356 J8VII
5,381857 4,628702 Y0I
-15,259928 9,144908 Z2II
-3,656507 6,521848 L0III
6,545097 4,651197 L4III
-3,374325 4,115095 L4II
16,721698 -2,990129 Z6V
-17,640623 6,224318 L1VI
-3,217344 -4,315325 L8II
-4,253572 -4,760629 S9VI
2,619511 16,660365 J0IV
-13,423858 -34,788669 Y8VI
4,791828 5,070951 L0I
-4,798096 -4,260331 Y3III
18,419155 -4,377924 Z2III
-7,056901 3,228092 N8II
4,472196 13,591202 Z0VII
24,080791 6,669484 Z7VII
-15,829769 7,577276 Z6I
1,617752 4,352478 S0III
46,706248 32,354200 J1III
6,763397 -16,984610 Y9III
9,019338 -5,196500 Z0I
5,376016 4,024788 N6I
22,950853 7,686238 N0I
5,453001 5,361419 S4VI
-4,110845 -3,694958 L5VII
19,256231 -2,069554 J2IV
-7,360334 4,064073 N3I
19,121331 -5,581883 Z6V
8,236140 -16,760174 N1VII
25,280843 8,364740 S3II
16,521794 -4,480306 Y3VI
8,895684 -16,038986 S9III
2,796658 17,964903 Y4I
18,741070 -3,863472 J1III
17,269126 -3,198579 Z1II
-1,386369 -3,508563 Z4I
-17,943091 5,660923 G5III
-3,433755 -6,065331 Y9VI
-13,970118 8,071481 S6V
17,035193 -18,099140 J0VI
-5,073530 6,064291 N1VII
16,078572 -3,890974 Z1IV
26,759887 -16,102547 J0III
46,762012 -4,950740 N2IV
19,053663 -1,849363 N4V
4,557355 4,468446 N4III
-33,062511 32,000519 Z1VII
-18,248245 8,344418 L2IV
-5,031403 -2,376402 Y9I
-38,130110 7,201537 G4III
19,234887 -5,155310 J5VII
32,573269 19,222328 L4II
26,555489 8,817442 L4IV
26,187802 28,625757 G2II
17,309256 -25,092377 J2VII
28,701715 35,020884 G1VI
3,184333 13,808530 J3V
-14,935870 9,121601 L2V
19,038925 21,282374 J5III
5,340647 17,063420 S5I
36,518927 2,382307 Z4I
-2,392859 -4,622112 Z4V
31,221350 3,780350 J4VII
25,312262 8,597060 S7VI
-10,114386 -13,500207 J5VI
8,199560 -13,700245 G8II
1,971548 4,323876 S7VII
5,762460 14,182682 N9IV
24,600487 5,569232 N3VI
7,857749 -13,496324 S5V
3,912768 3,063916 Z6I
9,206229 -13,707861 Y5VII
-2,013676 -3,263401 J7VI
-16,286697 5,966290 G7VII
-6,778553 4,493225 J5IV
3,640050 4,313681 S6I
25,858161 8,082298 J3II
-3,768461 5,644793 L3III
18,365877 -5,629907 J4VI
3,738633 2,613553 Z0VII
-7,407244 6,506891 L0IV
26,514395 6,315545 Y2VI
-5,604003 -3,995592 Z4V
4,070691 17,718436 N4IV
21,186036 -4,006935 N5VI
2,764866 16,438557 L9IV
41,594765 30,468412 G4III
6,087660 -14,353163 L1V
16,951399 -3,450494 J1IV
10,623930 -23,789287 Z8II
9,930894 -14,118882 J4II
-8,533226 4,836148 G4IV
5,509354 3,025103 G0III
8,640546 -16,790147 S0I
9,613615 -16,942734 J5V
-27,005374 -5,046292 L4IV
32,270399 -14,099428 G9III
26,522038 9,442303 S0VII
6,279091 -16,655057 J8I
26,922854 6,846609 G6IV
8,108257 -14,187082 N4II
-17,498965 8,150879 J0IV
3,552759 4,454849 S1IV
-31,997024 32,475865 N4IV
8,642068 -17,994933 Z1IV
-4,243536 -3,640528 Z9VII
3,117932 1,695524 N0II
1,214264 15,422340 Y1VI
-2,343204 -5,804142 N0II
-7,264586 2,765043 G5IV
-6,606979 3,558147 L0VI
4,155585 3,250292 J8I
8,135897 -16,782368 L5VI
4,346020 3,851894 Z9VII
-5,664580 -5,800838 Y6VII
3,076930 17,444159 Y2II
2,880583 18,087967 S8IV
3,046595 17,424380 L6III
26,296813 7,699541 G8IV
21,211608 -3,759488 L4I
-7,492600 12,212110 Y3III
42,970214 -21,189654 L2I
-16,942466 10,086866 J7VII
-27,046498 20,433337 L5IV
-4,565064 -4,429440 N2VI
23,290273 -17,769660 N1V
7,365878 -16,794160 L1III
-2,145071 29,507400 G8IV
-2,770247 -6,560881 L1IV
5,240300 5,971740 J7V
-6,064984 -3,438989 Z2V
-7,126741 4,368496 N2VII
-3,420835 -2,706660 S8I
24,283415 5,524748 N6I
9,407567 -32,683928 Z3IV
19,605163 -4,210675 S3IV
28,826349 17,780414 J0II
-30,529490 -6,489058 L4IV
2,872127 2,872273 N0III
-25,515328 28,277564 N1I
-36,308157 2,299526 N3III
-22,181674 -5,733796 L2V
-6,229735 2,870227 J3I
-18,742107 8,650168 Z8IV
40,028152 30,135474 Z0II
39,731923 -34,886204 N3IV
20,448176 -2,907015 J2I
26,030798 7,912566 G9VI
37,558082 -3,741698 L7I
-12,130749 14,638852 L9VII
4,579032 16,351450 J7II
7,829909 -15,714633 G1III
5,140232 15,480588 G0II
4,846805 5,860422 Y3IV
-1,281003 12,923792 Z1IV
25,764080 8,207243 S7V
-4,902030 5,126167 L4VI
41,664758 28,693942 N2III
-16,314528 -36,874610 Y2VI
23,037700 6,514813 Z4V
-6,180092 -3,620644 Z4II
-33,692225 2,105527 G7II
2,244525 15,029681 Y0III
18,826258 -5,899892 L4III
35,062873 -28,088366 Y7VII
1,441368 16,564588 Z9VI
16,398341 -2,965001 J2III
32,196263 37,333205 L1IV
-4,434626 -3,909240 N1VI
1,768187 3,340357 G2V
-16,630011 6,135006 L2III
3,362520 14,297493 J4II
9,089503 -15,977182 N4VI
2,539807 13,641627 S4I
-1,426895 -5,506164 G4IV
-6,850649 5,814203 N0I
-15,627588 7,554550 S1VII
8,934650 -16,367752 Z5VI
4,998430 15,166994 Z9I
2,981361 16,999640 N1VI
5,526643 17,829816 L7V
5,772189 17,171558 L5VI
20,678222 -4,399983 Z8VII
-5,441319 5,325633 G0III
6,990926 -14,333401 G4II
4,424318 2,576181 L2I
27,178723 28,009928 L7III
22,561294 7,514700 Y6VI
-3,989589 5,052428 Z9I
6,499204 -15,431903 L9I
2,542185 13,998793 Y1II
21,587827 -26,147503 J0IV
-3,697966 -3,158033 N0IV
11,770613 25,830491 J9V
-3,354748 -3,593649 Y0VI
16,718052 -2,644117 G8II
4,033703 13,124516 N3IV
-4,685595 -6,262044 Y1V
1,970669 5,145206 L8I
24,445430 8,427405 J8IV
-5,219779 -4,176809 Z1II
47,595199 -14,036147 N3VI
20,004451 -3,015903 G9VI
25,278217 5,367552 G6III
8,206890 -16,419399 S6III
-6,150670 -19,825068 Z0IV
23,009254 8,573765 N2VI
-4,519414 -6,339948 G2IV
5,045485 3,742033 N8III
36,632937 20,454615 G6VII
-3,813841 -5,944343 S5V
17,752142 -3,202868 L4V
-2,573990 -2,072027 S1II
-7,969856 20,702120 Z8I
-3,550182 -3,547960 Z4III
-35,837490 -19,976338 N2VII
1,770481 5,543839 Y7V
41,365028 -33,408728 G9V
25,664794 7,120506 N4V
4,674064 17,445164 Y2VII
3,416364 17,778965 Y7VI
-35,617983 8,804158 G2III
4,401157 6,506137 Y1V
18,256648 -6,008885 J9II
31,088982 -20,414062 N1VII
-19,378715 1,852341 Z9II
3,993399 2,979173 G0VI
-16,183180 5,560660 S5IV
38,369614 -16,033723 N2I
-5,495051 5,300056 Z4II
-18,023241 8,728878 N3V
20,431999 -5,079122 L9IV
5,997297 36,595934 Z5V
2,436105 13,883325 Y0IV
4,859631 16,186195 J3IV
2,855365 14,351990 Z0I
30,170971 -14,692748 Z3II
-6,058949 3,992724 Z6VII
26,075077 7,896151 L9V
-1,267098 -4,656536 N0VI
-20,882620 -23,980640 N6IV
-2,845217 -2,544237 J2I
-17,799061 9,518519 L9IV
2,876339 1,896812 Y5I
23,638212 5,510600 Z7III
-28,561638 -16,407247 N6II
-5,951764 5,039650 S8III
32,766939 30,527761 G8I
-3,527269 5,056062 L2III
1,363053 15,208456 N6VI
2,181102 5,205109 Z2II
-5,489598 -2,474145 G0VII
-8,445106 -13,636751 S8I
35,202163 -27,428010 L3VII
1,505760 16,837872 N5V
-32,353886 14,855106 Y1VII
17,371105 -2,027922 N8III
39,716147 26,322694 N1VII
9,580935 -17,408063 S0VII
18,670549 -1,720335 L0V
4,559027 17,520723 S1VII
17,567206 -1,475664 G5I
8,150151 -14,421372 J2I
3,220530 3,547480 S9VII
-2,462404 -2,627167 Z8IV
41,679914 34,623786 J4IV
6,286223 -17,182628 Z8III
-6,671851 6,576622 L2VII
26,885881 7,838113 Z3VII
4,939400 16,648757 J4VI
4,834923 5,493054 J4IV
45,375664 -18,398662 L2VII
3,070717 6,230769 L2IV
23,176066 9,591498 J1IV
-15,406333 7,398996 J2VI
17,807476 -4,182513 S9III
26,997901 6,712137 L4I
-1,845612 -3,184710 N5II
-15,889543 5,364365 Z8V
-4,985101 6,526609 G4III
7,561353 -12,969224 G5VII
21,632705 -27,756479 Y5I
-2,824078 -6,455314 G4II
-16,301033 5,946678 S5II
-4,708135 3,674040 Y8IV
41,502967 2,017341 N9II
-5,494174 22,675133 L3VII
2,046454 16,874608 N2II
-27,703128 11,060985 S8III
-8,143622 3,725035 L8V
-5,635995 31,783614 G8IV
22,978698 6,448884 Y7II
-5,218835 -2,179064 G1IV
4,469181 1,721204 N5II
-35,356276 24,561907 J0VII
1,463083 16,174456 Y1VI
-27,487101 -13,597950 N6VII
-3,700891 -4,289985 S8I
-6,207652 -4,214707 G8IV
18,997543 -2,052985 Z4I
8,866770 -17,179106 G1II
16,841871 -3,679512 L0VI
-4,022100 -2,099262 J5I
24,929767 9,667243 S0III
2,090108 15,170075 S6VI
8,963862 -17,816195 Y6I
18,894969 -2,589849 Z6VII
5,689532 2,502712 Y8V
2,369467 4,675225 Z1I
18,624051 -1,910570 S6VII
-2,233930 -5,133513 G2II
-19,053356 7,162560 N0II
-5,231364 7,401388 G1V
31,647607 0,102193 Z3II
-4,823339 -12,516538 G6VII
-6,796577 4,651414 G0IV
-6,720206 2,836865 J0VII
3,448619 1,719080 J6I
-16,357401 8,831943 J2I
-15,240355 6,321138 Z0V
23,313662 9,278340 Z8I
5,989299 30,199226 S4VI
26,880116 7,372814 Y2VII
-5,024343 3,475691 S6IV
-3,651069 5,780256 S2VII
3,447848 16,896425 Z6IV
15,668708 -30,062777 L3V
-6,258011 3,389950 Y5VI
9,584341 -13,838830 Y1IV
-38,846781 -33,967972 L9VI
-5,849008 3,358495 S0VII
5,074011 3,518529 J0III
16,215479 -3,265669 J5V
26,533458 7,769020 L7VII
-39,191498 -20,628499 J1IV
19,620755 -5,306531 G3V
8,205631 -16,237440 J0III
-14,132056 7,918845 Z2I
7,365364 -13,539429 J4I
2,167049 17,623899 J8I
-28,941727 3,987619 Y7VII
-4,333726 6,860817 G1II
-5,279759 2,539909 N2VI
26,910567 9,383737 J6II
24,010863 5,628778 S0V
25,050703 6,827945 G2IV
-5,399834 -2,517779 N7I
17,386396 -1,141174 N0VII
23,438518 9,256060 J8VI
-7,123796 -36,348434 G0VII
22,892856 7,917615 L1III
3,786719 13,772104 J2I
-7,112385 -11,270779 N7III
-5,240647 5,148824 G6I
19,587427 -5,711833 S3IV
5,157664 2,451663 Z6VI
-2,963309 -3,972509 J2VII
16,242484 16,996986 J2II
-8,403377 -25,207481 J6II
16,597536 15,076432 Z7V
-2,115907 -3,558706 L8VII
3,397612 4,073197 Z6I
-3,767196 -6,041964 N3I
-3,344897 -5,053516 Z7III
1,924625 15,878305 Y6VII
2,397920 4,883311 N3I
6,548091 -17,170307 J6III
7,955356 -14,422759 L4III
3,353441 2,818560 L4IV
4,190528 15,733611 G1III
1,703391 33,510559 Z6I
-14,668265 9,790359 J7II
8,195555 -13,945672 L2IV
34,961821 16,813630 L5III
-2,141858 11,404201 N1IV
24,414077 -15,850415 L7III
-15,211676 6,410131 L5I
33,797722 10,200975 N2V
-2,135600 -3,434638 G8I
10,089424 -14,981832 L4III
-5,202906 4,243257 G5V
24,080828 10,163313 Z3VI
-18,676657 8,231483 S0IV
16,507485 37,277179 N9V
4,309535 2,166492 N4IV
-1,237145 -4,077707 Z9V
5,260809 17,603241 S8V
0,657825 -16,884346 S7IV
34,989482 -6,752686 L4V
-3,859990 -2,140943 L4I
6,364887 2,969974 Y8VII
8,304707 -16,059205 Z5III
9,308582 35,424430 Z1I
7,164570 -15,894418 Z7VI
-3,530622 -5,264381 J3IV
-6,155229 -4,095832 J1III
19,702198 -1,406762 N2II
4,001955 5,134883 S6III
-16,908943 7,368848 G0IV
-33,221586 38,292394 J1II
-6,447311 7,555510 G2VII
6,593662 -16,412135 L5II
16,355600 28,812994 N6I
2,897842 3,795543 Y0V
17,076275 -5,528920 Y8IV
6,655272 -16,634158 Y4VI
18,312050 -4,353532 Y3V
41,442241 -24,036279 G1III
-17,984129 7,991432 S4I
-8,278682 3,909791 Z4VII
9,948537 -15,825859 G8IV
-3,906395 4,205933 J9III
16,963493 -2,451800 Y6II
-17,936589 5,806477 S8III
3,614922 13,396782 L3VI
5,377884 5,852941 Y1II
-4,098787 -6,327303 S7V
16,842559 -3,401767 L0I
-16,051035 8,343682 N4VI
-4,008485 -6,964396 S5I
24,611578 6,570966 G6IV
9,723672 -17,000405 G3V
-6,322840 3,231993 S0V
38,652540 5,820569 N1V
-6,145998 -4,868396 G9VI
3,898243 5,788187 N5VII
-17,058130 10,028533 S8III
8,566927 -24,812217 L2VI
20,086752 -4,282832 Z1I
-3,263147 -4,949204 L0IV
-4,504293 -5,417047 G6III
4,089614 4,930428 G4II
-21,714308 32,847781 Y5VII
-2,145787 -3,062727 Z6II
20,672270 -4,891117 Z2VI
-8,040403 6,483286 Y5I
25,744618 7,971128 S4IV
-2,613612 -2,642255 G0II
1,628005 16,588261 G0V
-10,177058 18,673656 S4IV
-34,085369 -11,277769 G0VII
4,306605 1,732229 G7III
45,088488 8,489875 N2II
-7,232400 7,394807 L0V
4,225808 3,532848 S6VI
-17,470359 9,528326 N4IV
3,782367 6,012002 L3VII
5,258733 3,466290 G0V
26,124810 27,703534 L6VII
-5,575189 5,285364 Z4I
20,453312 -3,540848 Z2VI
-25,746313 18,428195 N2VII
3,005984 14,343033 L1III
-16,123708 9,614638 G6III
-7,101160 4,189936 S0IV
-2,079209 -6,423566 S4II
7,591165 -13,733916 Z0II
24,268628 8,713736 S1I
17,403364 -3,033051 Z8II
-21,663405 26,312410 N6III
-30,294451 20,942596 S6IV
2,937915 1,890913 Y6I
-6,010803 -5,352121 Z1V
3,771682 1,679344 N2I
-6,386105 3,684183 N0VII
8,008965 -17,820536 Y1I
7,244188 -17,877324 Z5VII
-5,130033 -4,559005 Z2I
-7,502330 5,134124 G4V
10,068925 -14,924153 N2I
4,569942 2,809901 G4IV
19,215296 -5,785477 G9V
4,185367 15,156748 Z6VI
25,055214 6,757081 J4IV
3,348052 2,453458 G2IV
-1,298216 -4,457135 J7VI
-30,481460 -7,560471 Y6II
26,505504 8,962837 S2VI
-16,393770 8,151739 S9II
-1,022324 0,966045 L7III
29,617229 -24,739460 N4I
-26,929621 24,171428 N2VII
18,038135 -1,503523 L6VII
-28,087663 12,863774 N4V
5,730617 4,915458 N1II
32,309061 -24,511281 L2V
-11,884017 -23,000282 N9VI
25,143484 5,247760 L4III
1,661414 36,178959 N7II
-4,989199 3,409150 Y4VI
23,054876 8,159925 Z8II
-6,068042 4,043804 N0VII
6,168199 -17,238512 Z5V
31,640467 15,853686 Y9III
17,642680 -1,557710 L4V
5,665461 2,090119 L0VII
-14,663312 7,593645 N3III
25,836780 5,805670 N4VII
2,189835 -19,481331 N8VII
-18,457973 7,877068 N2III
-2,837630 -5,355252 Y5VII
-6,237489 -4,215158 Z3VII
18,162755 -2,422712 N6VI
19,527828 -10,628369 J5II
4,871481 17,184811 N7III
8,907600 -17,943006 G8IV
-7,488776 7,186018 N0V
-5,085237 -2,932576 Y6VII
4,785559 2,118718 J5VI
25,683340 7,245670 S4V
1,844322 17,322567 G2II
3,410425 3,202710 J4III
3,966398 13,135234 N8I
7,429709 -15,781505 G8III
-2,308704 -4,956364 Y6V
9,305155 -16,838126 J3II
-5,340112 -5,853305 N2IV
8,819465 -12,977874 S1VII
-15,873231 5,783202 Y1II
37,701799 5,757885 S2III
-3,853075 5,172821 J9II
-5,800609 -31,695930 G3III
-36,142509 19,910400 Z2V
5,876987 14,893204 J9VII
21,591860 -23,424517 S7I
3,586109 16,202096 J4V
36,402155 3,599016 N1VII
3,312356 4,379973 S0VI
2,232872 17,700398 S8VII
-15,187249 6,354709 J4V
4,409028 5,736697 L9V
-26,748099 16,661822 J7IV
-0,051846 32,699664 S1IV
20,594885 -4,773807 G7II
9,127926 -1,950055 L6II
4,305218 1,859511 Z0VI
25,075421 -6,493011 L9VI
-6,500153 2,464242 G4IV
-38,211779 16,766674 Y7IV
1,653449 4,927827 Z2II
1,856397 2,917123 N3V
39,220056 19,788304 G9I
40,540344 -2,165997 N8VI
17,934743 -2,102524 L4V
4,684190 15,638866 N2IV
19,200719 -2,787608 Z5VII
-7,491696 6,561353 S2III
25,688866 -36,753169 S3VII
40,219144 8,129241 G4II
-6,104927 -3,098389 Z4II
-5,283499 -5,814899 G9III
4,882271 15,669784 Z9V
4,661022 14,786373 S3III
-38,302907 0,113450 G4II
16,121366 -4,279371 N5V
-31,313664 24,157380 S9I
-4,821854 6,670795 N3II
34,163234 -30,705339 N5I
43,776596 -5,077819 N0VI
4,326216 4,834396 N7I
3,488102 6,063329 L4II
17,910055 -3,889831 J8I
-4,386132 -6,097383 S2II
-21,030418 19,916506 L8VII
-32,808684 25,946873 N2II
32,527193 -26,968379 Y2V
-18,627940 9,335297 G0VII
-18,146738 7,366250 N7VI
5,313095 15,219687 Z9VII
3,756685 16,790794 S6VI
-1,942693 -27,873343 N1II
-3,656038 -3,569221 L0II
6,813129 -13,882826 S0II
-18,751273 8,838825 G0IV
8,738403 -13,449585 L2VI
-33,602621 -35,852231 N2VI
1,834318 14,952710 Y6III
3,028475 16,582149 Z6IV
6,845209 -17,168557 J8V
7,181388 -17,841245 Z9V
17,049536 -3,904407 L2VII
-3,965792 -3,114468 N6II
24,476666 10,368362 Y9I
16,649285 28,209487 Z9I
-27,283850 -18,539953 S1III
20,383130 -2,083937 L1V
16,171926 13,119156 L5II
-6,125732 4,250235 N2II
-16,393276 5,179272 G1II
-6,088297 -5,754577 G5V
36,989466 25,602918 J4VI
20,489850 -4,289925 Z7VII
2,920766 14,908318 Z9II
-14,631514 7,435023 Z8IV
-30,497576 17,855910 S3IV
-15,119275 8,351319 G4III
-15,948035 -6,970369 G5I
16,363917 -4,624052 N4VI
-17,742609 7,512193 L9V
19,836152 -2,400513 Y3I
-19,010385 33,988774 G2VII
-5,492156 -6,069137 Y4II
2,353737 15,427303 S6VI
19,941495 -13,675213 J6VII
-13,451220 19,300946 S3I
-4,285494 -6,925764 L8VII
1,919952 14,886125 G9II
22,591318 8,349244 S5VII
-6,600875 3,778697 Z7VII
9,764374 -15,731621 N2VI
4,113774 14,175362 Y1IV
43,312186 -16,305177 Z8I
40,611090 29,583571 S5IV
-5,673903 4,290193 L8VI
-17,244341 9,907424 L0III
17,210176 -1,645704 G5III
-13,848165 7,957362 G3VI
-6,426445 7,600580 G4IV
-33,221695 23,253082 N7I
-3,566857 -6,241039 S6III
4,063432 14,528804 G9VI
23,763461 20,647807 S0VI
30,370144 -28,072063 G1I
2,920464 5,100435 G5VI
25,502969 5,901134 Y3I
27,611173 -32,906520 G7IV
-38,990659 19,322654 N8II
2,286015 4,669216 Y8VI
-7,423980 6,528843 N7V
-26,676320 -7,870178 Y5IV
1,655828 3,576115 Z4I
20,200479 -2,777400 Y9V
-15,341309 8,448902 S0VII
-5,459533 4,267608 S1I
3,888028 16,637368 Y2I
20,321507 -3,991856 N2VII
-19,074137 -2,685865 S9V
4,253057 6,315113 Y3VI
-7,784256 5,055466 Z8IV
-5,565550 -4,364683 Y5V
16,775013 -2,762989 G2III
5,153939 -2,386089 J9II
-1,979502 -6,244263 S9I
24,927998 5,739503 G1I
6,834021 -14,021635 Y6III
-5,709897 5,499503 L1IV
16,748859 -3,365418 N0VI
18,883565 -0,923506 Y3VI
-26,359181 8,577765 Y2VII
3,699152 16,342758 Z0IV
33,896144 -19,646441 Z1III
2,307318 2,050199 J5III
-14,456508 8,840297 N6II
10,331262 -14,093101 Y2II
-33,751070 18,124079 J8II
18,809330 17,504093 N5III
9,639757 -17,412819 S4I
-4,771328 6,447827 G5VII
-6,126176 6,477283 N7V
-7,949207 5,874934 L1VII
3,063095 5,236893 Z9VI
-32,788096 -13,913751 S1VI
-17,274639 7,778639 L1VI
-4,486757 -4,145288 G6IV
-1,986546 -3,507127 N3III
-21,380358 -4,456351 Y7V
6,343801 3,458164 Y4IV
18,073450 -3,262768 G3I
4,363803 16,841626 Z5V
-4,489459 -7,019443 Y9VI
25,854012 -13,984845 Y6II
39,148931 1,165355 G2III
17,137471 -4,552895 Z2V
-11,263514 -11,281610 J2VI
-15,715060 6,052499 S6IV
-28,802989 -9,344231 J4I
-5,555613 6,267904 N7IV
-7,409215 12,471129 J7IV
-4,264415 -5,610626 S2VII
26,646694 -12,285210 G2VII
5,856732 -15,771294 N2III
-3,859041 -3,180694 Y7III
4,817328 1,968398 Z2III
5,622134 14,916452 L8VII
-3,929897 -4,827405 J9V
-12,057431 16,960817 N7VII
-26,309535 5,219565 J4II
18,805210 -5,053449 Z5IV
45,899924 -25,502364 L0VI
-3,554576 -4,513138 G0VII
-4,866350 -6,780348 Y4IV
3,550483 6,548053 N8V
23,177181 -32,379498 L8V
24,899805 7,090708 J4VI
-14,827701 6,597410 L4V
-1,373673 -5,464183 L5III
5,204769 3,957822 J5VI
20,527653 -5,131618 Z8I
17,944863 -1,663650 L8II
17,306250 -2,383928 L3I
9,254816 -15,884264 S2V
9,027308 -23,854123 Y5III
18,140725 -5,341706 S7IV
18,267373 -2,863313 Z9VII
6,468025 15,265838 S0VI
-16,166095 8,428257 Y1VII
22,601295 9,060468 J3VII
1,855126 5,503154 J2III
-7,985874 6,101871 Y4VII
24,530404 5,976360 G5VI
-3,551607 -4,407593 L0VII
1,523477 3,704554 S9VI
25,049696 9,131482 N4V
-14,993662 9,626233 S6I
-14,521394 -20,772281 Y7II
-4,366936 -22,636344 Z6VII
6,044566 14,671635 J0VII
4,449878 2,521573 L5VI
25,841870 10,253443 N5VII
-3,847636 -6,272616 N6IV
-6,634844 6,163028 G1VI
-8,081958 5,065514 N6V
21,163170 -3,815974 Y9VII
10,424275 36,088967 Z9VI
-4,116660 5,626163 L8V
5,724091 4,763517 Z6II
8,988247 -16,681758 L5V
7,590719 -12,860814 Y3II
3,729091 16,394289 N2V
3,029961 4,582345 J3V
9,142393 -15,526939 Z8I
18,136194 -1,018601 S7IV
17,638177 -5,166418 N4II
-17,003147 8,040886 J7IV
9,625947 -17,482375 Z2V
6,909820 -14,784111 S1VII
-13,902895 7,846318 Z2IV
19,325752 -5,288904 L8III
3,199132 17,825716 J4VII
42,360842 -14,612400 J2II
10,295976 -15,968511 L3I
6,069461 -16,340171 S9V
-17,023019 5,871682 L3IV
-23,975054 4,373490 J5III
-16,102095 5,575456 Z5VI
22,236992 -21,530040 N8V
-15,942986 8,194695 G3V
-1,912331 -2,574464 Y1III
9,219660 -15,179764 G2VII
2,896249 17,063246 Z1VI
-36,827347 8,387133 Z7I
13,112718 18,268834 Y2III
3,776227 3,648761 S1IV
23,211895 9,714406 G9VII
-6,161231 5,848356 N0V
16,190880 -2,426748 Z2III
-14,954952 7,527139 G7V
-21,359437 -11,300343 Y7III
4,819325 3,258353 Y6V
46,654071 15,595073 J2III
29,886852 -13,726698 J5VII
-4,437704 5,629698 J1VI
5,858924 -14,106807 S9VII
34,071002 -6,589983 S6II
-16,918642 6,100295 Y0I
-17,644925 33,174765 L8IV
16,942924 -4,885458 N9III
-15,150876 5,781953 L6II
7,974277 -14,165210 Y5VI
8,431252 -16,313975 Y0I
7,598688 -17,722233 J0I
-4,350648 3,572684 N9VI
5,000226 15,918314 L4I
18,114418 -6,115110 G1IV
-31,657806 -27,574183 G8IV
19,886388 -11,024922 Z4VI
7,349566 -16,638424 L3IV
25,153828 7,149742 Y5I
-7,252612 3,674623 G0III
-24,651307 4,704231 G0II
7,133969 -16,258712 Z6I
22,568017 8,320921 Z2I
19,633973 -2,295605 G1VII
-3,300469 -3,572697 G6III
35,702064 6,496822 N8VII
6,435216 -15,094116 J6II
5,457161 16,172687 S5II
4,276643 17,685102 G8I
3,870909 5,439529 S4VII
-17,490270 5,547203 Z1VII
17,657847 -3,954417 L1I
-3,565368 -3,497608 L5VI
8,869606 -16,432711 J8IV
24,539615 8,561314 Z6VII
24,291985 6,391207 Y0I
20,165893 -13,866724 Z0VI
-7,503763 6,634898 G6IV
4,127151 17,411828 L6IV
-19,069366 8,202329 G1IV
23,225396 5,732194 L4IV
-1,371450 -3,406419 L5VII
23,718107 6,576821 N9I
-18,644587 6,682198 G9III
17,549581 -3,568466 Z2IV
-16,874500 6,661500 N7V
17,658888 -3,983744 Y8III
45,467264 9,503167 Z8VI
-4,135743 -6,459558 Y7VII
-2,826426 -3,891722 S5I
17,120015 -5,451495 L4I
32,095401 -28,870863 Y2VI
3,896287 13,136421 Y0VII
-5,052597 7,077456 J0V
-14,264590 8,607184 N2IV
-24,524332 -11,335928 L6II
9,665366 -13,644302 S4I
6,558118 -15,010755 G1VI
-7,742394 5,429815 S0I
4,749791 5,349502 N5I
-4,763836 -5,860678 G2VII
1,883090 14,436599 N3VI
1,896987 17,241060 G1VII
-25,785527 -1,250385 Z2II
5,016955 5,824348 Z5I
5,743217 -15,907934 G1III
7,695208 -16,448796 S6II
23,924071 8,451592 L3VI
2,766086 14,944193 J2IV
6,127973 2,432391 Y5III
3,893272 6,297087 L8III
-7,866097 4,035586 J1I
4,578306 6,197653 N5VII
-3,797745 -6,204087 Z6I
1,888879 17,111980 Z8IV
6,444450 4,711605 N1III
7,333812 -14,155692 S8IV
-18,948060 0,787808 Z9VII
-16,307750 8,382009 G2VII
-16,832429 9,260592 Y9VI
-2,496020 -4,154558 L0VII
4,496914 15,807068 G3II
10,329703 -16,013349 Y5VI
-37,164385 30,175106 Z0I
-6,001618 35,528355 N9I
-17,230009 9,477765 S7I
9,090172 -17,234722 J7VII
-4,453717 26,421361 G9IV
-3,876518 5,494901 L3IV
-17,261764 7,053082 Y4VII
-3,793912 4,713352 Z4VI
4,249103 17,848654 J5II
4,251225 4,972731 G4VI
3,404799 4,087746 G0III
-17,938558 5,928723 N4VI
-4,353815 5,091613 J4III
8,811090 -16,390594 S9I
5,664913 14,262175 L7IV
-4,186212 6,661208 Z3I
33,604657 34,861328 G7VI
19,457652 -5,608749 Z8V
3,404662 18,416926 L7II
25,993265 9,146957 L6V
32,731131 -6,414772 J6II
-15,045217 9,947094 S1VI
27,367928 7,635845 Z3VII
16,026465 -35,581576 Z0VII
27,440411 -9,600054 Y3I
25,497589 6,722848 G7IV
-0,125037 -31,120671 G7V
26,221949 7,518475 G7II
-27,148576 32,054661 J9VI
13,867855 12,642891 N5VII
8,547476 -14,876258 N6I
17,042909 -1,387086 L9III
19,595629 -32,858107 Z7II
-18,962943 8,003910 Z1IV
2,931052 17,837124 L7III
41,131755 -7,672711 G4V
-37,104535 31,782438 Y0IV
4,161683 5,858416 Z5I
21,168317 -3,058779 Y3VII
-16,147525 27,125681 L4IV
-34,667671 -5,582368 Z2III
4,687432 3,702820 J8V
2,740293 15,413158 Z9I
-37,395360 17,641071 S1III
-15,679852 7,253321 G4III
26,502677 8,125431 Z6II
4,075306 5,344803 J7VI
-37,355244 -34,411598 S1VI
-6,058647 6,177722 L1I
6,425299 -13,537706 G2VI
17,592433 -6,002176 Y1VI
18,160064 -2,074910 L6IV
25,756792 10,116345 Y9III
24,741134 8,905641 Z4V
-29,025135 33,289800 Z8III
2,834566 14,963312 Z9III
2,400486 4,292974 S4V
-16,198170 9,359702 Z5I
23,522210 6,852212 S0I
-28,544192 -30,349823 L7VI
-18,571015 6,566783 L7I
5,008879 15,574447 L8VI
20,825108 -3,401504 L7III
-17,168415 9,396113 S9I
10,241868 -16,170036 G3VI
-3,590163 3,717305 Y5IV
-6,426752 6,107612 N8II
-3,850451 -4,156911 J3I
5,987738 -14,731780 Z4VII
2,118892 17,325322 Z4I
-5,081090 6,880132 L2II
8,252812 -13,380645 Y3V
8,005177 -12,869679 Y2VI
1,850305 16,577203 Y8II
-1,761081 -32,494936 Z0VII
8,289150 -17,662954 J6III
9,329158 -14,265262 J0I
14,588421 25,978855 S2IV
-17,605243 7,973828 N4IV
8,949007 -17,262094 Z7IV
-21,947278 -29,564173 L2VI
-6,067579 5,182933 Y8V
20,118326 -5,362232 J8I
-31,944446 -2,158158 G8IV
31,732218 22,591601 S9IV
1,325402 4,453169 G0I
1,589316 3,639595 N2III
16,919538 -3,423588 Y9V
46,009611 -26,232249 J2V
12,374497 15,356771 Z2V
26,062289 9,135926 L6II
4,567708 15,540107 J2IV
1,742442 3,654563 J3II
5,591740 6,133981 J6VI
1,884048 2,383822 L4III
25,968133 8,223114 J7IV
-7,917589 3,964954 S0VI
6,150510 16,601007 Z2I
-6,465297 -26,186625 N4III
7,091368 -17,450178 L0IV
8,765341 -16,821046 L9IV
6,735831 -16,062150 Z0VI
-14,151146 6,998790 Y4II
4,534238 1,570484 N1II
2,286554 16,566116 Z4VI
22,769602 6,505058 L2III
-5,053087 -3,860650 Y0III
-6,744702 2,702713 J0II
3,903763 5,605598 Z8I
25,389810 10,396343 Z7I
26,036467 5,962097 Y8V
27,023049 9,321209 L9VI
5,282535 5,567402 Y4II
-5,161646 -4,807081 S0IV
-10,275245 -30,975983 J0V
-22,576865 -26,854175 J1VII
25,855006 9,210274 Y5V
-3,798195 -5,716211 J3II
18,217412 -2,887727 L7IV
4,534937 16,597230 J1VI
-18,391197 38,413693 L2VII
1,937616 16,889726 Z0II
-2,660882 -5,729161 G1VI
2,181077 6,016297 S2VII
-10,367848 -9,355058 S0I
2,397066 5,443115 Y9I
8,124263 -16,849204 Y0VII
4,621816 18,042815 S8IV
9,231684 -15,179480 L5I
-4,925558 -3,178793 G3VII
26,084614 10,112875 S1I
16,324311 -4,392805 S6I
10,218733 -14,216991 J9II
38,290651 -14,598906 Y5I
1,486464 4,171946 Y4IV
-36,420723 -24,911456 Z9II
-15,642573 -24,333283 Z3III
19,333414 -5,324886 Z8I
25,507384 6,334290 N1VI
44,867543 -0,616899 S7III
4,608760 -20,220990 S9VI
-29,129008 9,098954 G3IV
26,123036 9,092732 N7VI
-20,898336 -6,562634 S3V
5,212517 1,970044 Z8II
16,767095 -3,268214 S7V
-39,188442 -24,375942 J8VI
3,965412 14,934313 L2VI
18,268023 -3,356890 Z3II
18,322125 -5,390353 L9I
3,812518 14,493703 J6V
22,549040 8,109639 N0V
-4,677720 3,274814 J0VII
-1,677775 -3,857329 Y7IV
20,353861 -3,997178 J9V
15,470297 -21,195825 G3VI
5,353747 21,520000 Y4VII
17,294909 -3,669799 G7III
-5,537585 -5,900476 Z6V
2,985506 1,994091 N6I
16,712349 -4,114437 N8IV
-5,780828 5,686041 L1VI
18,619482 -0,913859 Y3IV
29,198664 0,234942 L1VI
4,483747 2,833607 Z9I
10,107620 -13,675594 N0VII
24,729205 10,344874 J3IV
20,241183 34,075795 G6VI
-5,815450 5,499710 N7VI
-3,033708 -14,723453 N1III
-6,043500 3,171270 N1III
6,557038 -34,115142 N4VII
-5,187413 -4,838199 L1VII
4,934355 17,140989 L0IV
7,400186 -14,769539 L1VII
-5,864514 5,249569 N8II
24,636598 7,315330 S9V
25,520731 5,354057 Z9III
25,630317 10,100597 Y2VII
20,598718 -1,753355 L9V
2,771935 17,138486 Z0II
9,571776 -13,966079 G5III
6,507478 -13,835033 Z7VII
6,143403 2,679081 S3IV
7,593485 -14,295501 J2VII
38,179456 -0,806889 S8VII
-6,997977 3,716427 S2IV
23,561724 9,004375 G0VI
-4,679216 -3,904698 L8VI
-16,667310 8,897294 S0VI
3,630851 6,463155 Z3IV
5,061725 1,708669 J9VI
5,545016 5,967005 G0I
-32,012363 -14,625969 Z9II
-29,005369 -5,462807 Y2VII
4,705804 16,638297 G9V
-5,095413 4,281257 N7VI
-15,855420 9,980252 Y1I
4,829599 3,825212 S7III
4,650637 6,344436 Z6II
26,591523 9,754821 J2II
39,770442 -24,019487 S4V
-1,559768 -3,373640 L2II
23,826533 -37,453814 L1VI
2,324879 2,971536 N5I
-19,799207 -23,318763 Z0II
15,138796 -11,863348 N2VI
21,460248 -15,829300 G2II
-4,865790 -4,216060 L4IV
-16,471348 10,497493 G9II
16,637514 29,496300 Z7II
-22,891835 7,621510 G6II
-1,982130 -3,170585 G4III
-12,071825 -29,636390 Z9III
6,930923 -14,173982 G1VI
-11,886029 -10,582989 Y0VII
-4,130712 3,667813 G2III
6,005024 17,242929 L6VII
1,458839 3,176991 J8VI
16,612826 -37,651980 S5VI
-16,931755 6,137882 G5II
1,549442 16,211564 N7I
18,548151 -5,422213 G9VII
19,133787 28,800146 Z3IV
10,054784 -14,455510 S0VI
24,502172 9,100833 Z6V
6,313117 3,054513 Z2II
20,403048 -11,745746 N5III
17,536085 -2,843725 J4V
5,402730 17,261426 J9V
1,955808 4,512491 Z7VI
-7,105602 3,163340 J8III
23,014538 6,935257 L3VII
-23,281411 -22,293654 Z2V
2,551735 5,339277 Y4V
-4,183325 -4,334348 J9VI
4,985491 15,587501 L7IV
10,664817 28,317631 S4IV
6,650860 -13,667373 S4VI
-37,228393 -6,103566 N7III
24,090539 6,011333 S1III
-5,080765 4,130383 S6II
-7,941554 4,656673 L6VI
9,044438 -17,851849 G6I
18,064982 -2,206284 L3VI
3,157718 14,117491 J8III
-17,887732 9,963741 N0I
19,898549 -4,085671 L6II
2,126331 3,457637 Z7IV
-30,769456 -15,095607 L8II
3,789803 17,525674 N0VI
-27,011701 -30,166496 Y7VI
30,010374 -30,294112 Z1VII
4,944168 1,825243 S6I
7,201107 -16,362148 Y3I
7,409800 -15,861546 Z7II
-1,533322 -4,784346 Y1III
3,067576 13,726891 S1V
-3,796696 5,997319 Y2VI
23,345704 9,935294 Z1III
-17,581044 7,396412 Z7VII
27,263308 7,496249 Z0III
8,766706 -15,348386 Y5I
5,271010 3,288563 Y1IV
5,788027 -15,005220 S4VII
-36,759743 -32,884505 Z3II
9,601567 -17,143077 J6VII
-4,512181 -3,602016 J0V
31,083721 8,842227 Z3IV
-10,137529 -26,955587 Y0IV
23,569229 8,651324 Z4III
-3,479762 -3,609720 Z8II
6,828985 -14,913802 Y4II
30,192184 -11,302636 J7V
44,138663 2,995825 J9V
22,775241 9,152662 Y8II
16,141617 33,984355 Y4IV
4,796449 6,295473 G1V
3,820434 16,793659 G8I
1,404961 16,115038 G6I
-16,699211 6,989151 L8II
-16,998216 6,182622 N3II
19,726653 -2,971520 J9I
24,647886 7,052164 Z2II
-5,788745 4,654912 L3IV
1,716594 14,621224 Z4III
24,474173 6,239610 L5V
-3,519227 -3,573736 N1VII
-4,183189 -3,991341 J4II
-5,603745 3,099626 L5IV
-1,745226 -6,065728 Z0V
2,116084 5,838112 Y3II
-16,743493 6,081065 J6VI
23,500330 -19,431419 N3III
17,111546 -2,807932 Z8VII
7,687994 -17,098373 J1VII
8,264128 -15,872163 N6IV
44,486015 -6,153446 N4VI
1,472763 15,081200 N9V
-15,976194 7,313380 G8VI
24,119193 10,170220 G9II
23,994905 6,309245 Y3III
8,536598 -12,795720 Z2VII
-6,106565 -3,784721 Z3VII
8,384015 -15,244776 S5III
-14,644385 8,925330 J6VI
16,609455 -3,288014 Y5VI
19,932436 -5,202195 J2I
3,663262 6,039895 N6IV
27,031262 8,071966 J0V
3,673877 5,350970 S1II
5,769655 -16,421194 Y9II
10,201676 32,635889 J7VI
-4,010708 3,777459 J3I
26,441367 8,179376 Z1V
5,636335 14,924517 J9VI
34,825063 -34,382957 G4III
-6,523832 3,646270 Y6III
-25,494395 -16,682548 G8II
4,074792 14,996776 Y4VI
5,002204 15,823592 L3I
-6,556377 6,582529 Y5I
-7,362907 29,406521 J5IV
3,052111 16,577627 J3VII
-5,512352 -6,500569 L0V
-28,427034 21,440791 J0I
4,890822 6,125298 Y7VII
19,465872 -20,747448 G3VII
24,991660 8,953262 Z3IV
20,649541 28,108747 S7VI
-16,210710 8,540152 G1VII
23,386983 6,561394 N0VII
9,003922 -17,193054 S8I
24,076950 8,068823 G3V
6,811439 -15,177962 L4II
17,225789 -2,960216 N5I
5,135006 31,079491 Z9I
25,226922 -17,041367 N2I
18,246070 -1,975302 S6VI
-8,099068 6,601073 L2VII
8,815038 -12,866747 G4VII
-7,209156 5,667960 J1V
17,845713 -5,776954 J2VII
-31,369859 31,993049 N9II
3,099081 5,883394 Y8VII
3,573689 3,505550 J8VII
-6,387059 7,088410 G2I
17,721137 -4,336175 L1I
23,409626 6,501647 Z1VII
-3,711116 -5,506902 G7II
-4,251999 -2,382199 L3II
38,619930 26,547333 S5V
-18,265536 8,696704 Z7VI
4,339326 5,866151 N9VII
14,092102 6,334279 Y2II
-8,375453 4,876606 N0III
9,894462 -16,532638 N1V
9,714117 -15,852469 G8V
-3,646608 -1,894760 J1V
33,916929 -19,964175 J9II
8,043072 -17,957430 N1I
9,155042 -14,366807 G6II
-7,822083 6,329644 J3VII
-2,996481 -2,922776 G3VI
23,282872 6,236529 G0II
-17,353200 5,802626 Z6VII
4,949451 5,871077 L1V
4,973902 2,727334 L8VI
-5,135882 -2,318515 S0IV
18,893193 -5,881929 L5IV
17,272096 -2,297249 J2II
-22,300111 -3,080234 J1III
40,096059 -0,065177 G5VI
4,475013 -27,217983 G5VI
-5,777561 -6,068817 J6IV
26,949698 7,418717 G3I
5,413672 -25,543332 L4III
2,732372 16,814578 J4III
-18,335340 8,890223 S6VI
-7,466213 5,999195 N8VII
-6,351721 4,579214 Z6III
16,656337 -3,553539 L0III
2,861775 18,157986 L1IV
24,266446 8,226574 J6VII
-7,145757 14,352005 L7III
26,926034 6,353863 G6IV
-16,712235 5,814879 G6VI
16,974135 -5,239685 L3I
-5,356628 -4,913897 L7II
6,577357 4,560908 S0IV
-7,993016 5,619874 J1VII
3,001545 -33,834421 L4III
29,823154 -6,365504 S5II
3,199640 16,529760 G8V
3,324880 4,121954 N7V
-0,675288 -22,534376 N5VII
42,728483 5,674913 S0I
-14,492073 9,366605 N4V
-3,607911 -5,911399 G9VI
3,104348 3,039932 L9V
20,651158 12,979896 Z9VI
-5,758647 -5,368139 Y0II
10,056229 3,301623 J5VII
10,070187 -15,339978 G6I
-8,704300 -17,010492 S4I
5,654215 3,077056 Z2IV
4,670723 3,311930 N7IV
19,924999 17,237477 G2IV
23,503063 5,473034 J5I
16,199337 -4,508882 G6V
5,315896 4,291806 Z1VII
-5,821515 -3,742374 S2IV
19,349723 -4,408324 N0V
-6,054512 -4,843518 L4VII
19,132080 14,772678 N0V
-2,353993 -3,601070 G1III
4,075609 15,273486 N6II
0,443047 31,698827 Z6IV
-3,643439 -6,330382 Y0II
-18,683037 7,077879 Y5VII
-11,787505 22,520157 J9VII
6,275074 -13,775714 Y8I
5,372012 5,629163 Z5VII
1,274283 15,575061 J3VI
-18,122681 9,731016 Z5II
-4,669839 14,612710 Z7VI
-3,619773 -4,618255 J2II
7,106653 -13,461932 S3II
3,515173 -22,563808 Z4V
20,011274 -5,024371 Y0II
9,209006 -14,534176 N0I
-4,603212 -4,357368 G8II
2,532698 5,579533 J2VI
10,759795 -15,891714 Z7II
-11,579643 -17,073859 Z8I
14,920913 -16,361268 Z0VI
26,124681 7,892896 S7II
20,128585 -3,375492 Z5VI
1,220222 -27,325142 G4III
7,070717 -17,126455 Z4VII
17,985523 -2,302099 J3I
5,550611 14,659222 L6III
-16,743463 5,895148 J9V
-4,004893 4,926291 L4III
3,090920 3,366986 J3I
14,135947 -10,707600 Y5V
5,606926 16,449981 G2V
10,462707 -16,530531 S8VII
25,196087 7,603347 L9VI
-6,492488 6,898851 J6VII
8,618518 -14,039125 S9III
42,036352 35,276934 J4IV
3,737157 15,183465 S3IV
-26,658995 32,664352 L8VI
-16,376998 10,217154 G5VI
0,280995 -25,147596 G9IV
10,425805 -16,067727 J2VII
5,792209 4,406953 G8II
13,216234 13,862880 Z2VII
1,974565 4,718325 J5II
17,112745 -5,046454 J0V
-6,300592 6,920784 N4VI
10,171213 -13,910222 S8VII
9,586286 -16,542126 N4III
-32,488610 8,979140 Z4II
41,458501 -10,748892 J5V
8,936027 -17,022151 G5V
5,178823 4,240209 J7II
45,171460 23,508445 N8VII
-7,218797 5,080205 N1VI
23,191979 9,090123 Y3I
-4,454450 2,850393 S3I
-5,844622 -4,362050 G8VI
3,945363 14,481116 S4III
-4,197855 -5,832002 N2III
-6,055408 2,933939 S5VI
23,839331 9,706656 Y3I
26,932252 9,337838 Y1II
-18,085307 7,459692 J2VI
-17,377733 6,313573 J2I
-4,394247 -7,076286 N3III
-4,233040 -2,833204 G0III
1,487384 16,993234 G8II
-5,978047 -4,941312 Z0II
1,942905 14,778916 N2III
2,057113 2,607607 Z7V
23,671476 6,352586 J6III
8,761855 -15,446912 Y2II
5,570446 4,908018 L7IV
3,033611 17,385046 L1VII
-5,882171 3,502413 Y8II
-15,572617 6,615298 S1I
2,063297 17,093982 L0IV
6,872619 -17,510005 L4III
22,833695 8,996462 J3VI
9,492127 -15,224238 L0III
-3,798580 5,558977 S6II
40,705169 33,956799 L5IV
-6,819064 3,375980 S6II
47,142121 -37,622574 Y5III
47,103630 -9,593079 G8III
-5,844001 6,699228 L5VI
-17,758147 6,748900 J3II
-28,229510 -3,826926 L1VII
5,674174 17,076105 N9I
-5,901916 -3,022127 J9V
3,910260 4,752240 G2I
3,708872 14,812637 Y7I
20,032823 -3,422190 L0I
19,345074 -20,898592 L4IV
-12,095285 -3,010412 Y4I
-6,064735 6,818314 L0I
-6,124218 -4,497480 L0IV
23,844507 6,412411 G5V
10,612722 -15,333224 G4V
6,098910 5,586367 L2II
-4,058201 -2,829182 N4VII
1,764413 2,905918 S2VI
23,521913 33,416730 L2IV
2,543369 18,102343 Z8V
17,277301 -3,760671 Z1II
20,072235 -3,853727 S9III
37,127382 13,022253 G5III
3,446004 16,826624 S6IV
42,444460 12,560712 G7II
39,198363 29,766521 Z2II
21,612538 25,782691 Y2IV
5,879016 3,170756 L5II
-8,742969 32,082790 Z4VII
-4,523249 4,801419 L1I
3,777041 17,364950 G8IV
5,131610 17,756589 Y0III
5,663388 3,080097 Y4II
1,930498 5,034994 S1VI
-15,386894 -4,369995 G5I
4,987662 14,765437 Z9VII
6,177036 5,451609 J4III
-5,765634 3,404420 Z5VII
-18,437041 7,612646 L9VII
18,930320 -5,173194 L9IV
2,388889 15,537880 Y0I
-7,187479 5,859837 S6III
-7,560191 6,213982 Y6V
40,040571 -2,120907 J6V
45,792429 -20,646553 J5I
4,831216 15,275737 L0IV
9,608861 -15,386748 G5IV
17,646597 -3,372597 L8IV
6,078438 14,757582 Y5V
4,375267 5,569216 Y7V
-10,595245 -14,627505 G8III
17,487835 -4,575727 J4VI
2,602115 4,367117 Z9I
5,806497 14,001924 L6V
-17,227951 10,427132 N9IV
-3,117041 -4,751962 N5II
-30,278657 -20,766932 Z0I
-4,022892 -2,633887 L1VII
-15,192284 6,382206 L8VII
-18,501698 -23,975900 Z5VI
26,113300 6,280152 L4III
4,091459 4,698172 S3IV
-37,546813 33,831821 G1I
2,306637 2,681350 J0II
3,934237 17,962635 G7VII
-15,602741 7,315057 S0IV
22,881641 7,198741 Y6VI
38,391836 -15,993704 Z0VI
4,562264 17,664667 L4VII
5,473182 15,671829 L1I
25,858154 1,480419 L8IV
11,458746 17,527844 J0IV
37,400152 -21,183903 G6VII
-3,968311 -3,196777 G2IV
31,515721 24,016651 Y8VII
8,179359 -17,426887 Z3V
-18,463167 21,669788 S7II
8,678111 -15,507989 L9IV
6,239288 3,301111 Y8IV
-33,377559 3,201268 S4III
7,847266 -16,155608 S2V
2,603897 -36,460735 Y5IV
-33,695720 7,637622 S7III
25,685203 19,592095 J3III
25,602250 6,400504 S8VI
2,262638 17,106611 N1VII
18,578888 13,908428 Y8VI
2,212027 2,180828 Y4V
19,140654 -3,995022 N9VII
25,576610 9,991757 G4IV
5,279226 14,543635 L6II
-38,490277 14,958277 G6I
-4,851395 -4,326699 S7I
-2,517521 -3,981677 N0VI
3,345199 2,576212 S4V
6,204950 16,749379 S3VII
-33,742756 31,464383 Z7V
-18,131996 7,219431 N3IV
38,255925 13,343904 N6VII
26,617996 7,034752 Y2VI
7,212196 -16,271790 J0III
21,826140 -27,610108 N9VII
3,430323 2,673983 G4VII
-8,364641 10,686572 Z4VII
5,558349 14,526322 S2VI
23,992291 7,468679 S1VII
21,129191 -3,735049 G0III
-4,530982 3,097988 G1VI
31,591469 -24,828080 N0IV
-3,029074 -5,132299 J2II
-6,678509 3,811561 L5VI
8,948988 -15,379316 Y7II
0,839197 -15,187842 S9I
3,363459 13,204988 Z9I
-9,308102 -24,488673 G7IV
-16,081214 9,953247 G4IV
44,950012 4,890542 S2III
-18,048239 7,130099 J5IV
25,862939 5,728262 L0III
28,334596 -20,834366 Y9V
40,578089 16,687954 L9VII
7,690515 -13,907642 L1I
-5,670803 -5,980899 N1V
-2,438916 -4,149679 L5II
7,797426 -33,461920 L7III
-4,533898 -24,585912 J0I
24,840788 8,036672 S1III
20,491937 -4,276250 L6I
-17,650300 -14,550436 G6IV
22,426485 8,062884 J8VI
6,840016 -15,530110 G9III
5,484099 17,032919 N1II
-23,278474 26,632305 N0II
2,623900 17,915372 S2V
5,176171 14,432955 G2I
46,814777 14,482342 Z3II
4,222788 3,524267 L8VII
-6,295806 7,470646 Z7I
3,790556 1,580304 N1VI
-9,174882 -9,506021 J7II
37,297578 -0,668063 Z3V
-14,218085 7,470143 Z6I
5,029067 14,601197 G5IV
6,350426 -13,613841 S3IV
-11,554313 -11,648106 J1V
23,449626 7,614837 N8IV
20,748063 13,156799 L2VI
4,694019 6,209661 Z1I
-5,307292 -5,391414 G0I
46,783607 -23,966307 L7VII
25,673888 -13,865647 S0I
25,060222 6,945450 Z0VII
-7,828135 4,083215 G1II
28,767786 -35,268574 Y7VII
-25,144476 4,525858 S2I
-3,848315 -6,300608 L4III
2,220638 2,849723 S6III
-6,300028 7,723471 Y5III
-5,664021 7,227509 L9I
2,403503 17,312420 S4II
6,798047 -17,448450 Y9II
18,139860 -6,113822 Y1I
1,931804 3,387772 G5VI
25,690261 7,602924 Z7III
-14,602227 7,598341 L5IV
-33,127679 24,349843 G7VI
-15,150820 6,615949 L1I
-5,189656 5,054726 Z8VI
10,323937 -14,988611 J4V
-5,315422 -2,588664 G8I
-6,535013 7,019666 Y0I
14,092934 -14,003530 Z1III
4,835293 14,117618 Z7V
2,410766 2,645359 G8VII
-4,696124 -2,574298 G2II
14,870203 4,614206 Z9VII
-22,905432 -7,581482 S8I
19,256803 -2,773342 Z5VI
46,211896 -4,157992 S1III
-3,980550 -5,762177 Z7VI
-7,863868 6,774654 Z1VI
9,758512 -14,312088 S9V
4,054587 17,242265 J6III
1,846909 5,044104 S7VI
-14,744370 6,216023 G2VII
7,140225 -16,529457 J1IV
25,119769 6,886723 Z2IV
-4,499432 2,910290 L5IV
4,990749 13,458559 J4VII
1,841291 4,414550 Y0V
3,434656 5,641738 N2III
3,190805 5,289639 J8VI
16,534387 -1,939137 J6VII
4,346621 18,069418 J7IV
-5,878035 5,034485 J9VII
-2,477814 -3,255262 L0IV
19,346248 -4,145484 N0VII
5,701347 13,966286 Y9VII
11,213435 -27,427451 N8III
20,688306 -4,471650 G9VII
7,732769 -38,126269 S2V
25,693683 9,977656 G6III
-2,807095 -6,261865 Y5II
-17,081189 5,797748 L9III
17,706523 -20,030951 N5II
-4,768808 -6,579175 L3II
6,393502 -15,558191 S5I
7,002665 -13,211702 Y6V
-15,574666 -4,434186 J8III
40,179403 22,937913 Y9V
8,382332 -14,891378 N7VI
4,591641 2,768267 Y2VI
17,740272 -4,911303 L9VII
-2,362467 -4,016152 S3III
-6,141202 -3,125626 L7VII
44,564573 -35,416753 J9IV
21,871032 16,931517 G3IV
5,924323 3,583588 Y4V
2,645672 3,255399 G6VII
3,424423 2,251495 S2V
24,730564 5,394317 J4V
-32,300905 -27,895775 L8V
23,290008 -29,569876 G0VII
-2,790289 32,992166 S5IV
17,746767 -26,933801 J5VI
7,229135 -15,218601 Z3VI
20,013123 -3,258659 N7I
2,941203 4,392744 N0VI
22,765488 8,257797 Z1IV
-13,860148 35,516275 S0VI
3,570658 17,476969 J8V
-37,981751 -30,371344 J0II
-1,625180 -36,160383 Z9VI
10,146918 -13,860432 S6V
-1,794709 -5,089170 J9VII
-0,561916 -12,226286 Y4VII
9,334741 -16,565080 G8VI
-6,906423 3,494054 G9VI
25,712121 8,131902 G1III
6,133648 15,918489 L7VI
-34,113707 13,035904 J4II
5,035834 14,777713 G1II
26,646447 8,257807 Z5III
7,219101 -34,375982 Y6III
-8,343996 5,867032 J8II
6,708833 -15,085911 N7V
-3,905931 6,248909 G6I
40,938972 29,585390 S3IV
-6,292729 -5,355892 N2V
-6,245018 -4,950586 S7VII
-16,313728 9,413390 L5VII
4,148375 13,803628 N4IV
27,620531 22,014420 S3II
-31,170502 25,459863 Z9IV
25,114048 9,385194 S9II
5,203856 3,385149 Z8IV
10,555654 -16,486033 L8IV
3,330599 3,111186 N7IV
-3,525817 3,770258 Z8III
3,134535 16,325290 J9VI
-7,505154 5,743255 N7VII
-16,526533 5,986130 Z1II
-20,789427 22,366070 S5VII
27,414639 7,232290 G7VII
-4,693334 4,757670 J9II
5,643553 5,475193 G3III
2,254729 6,032908 Z8VI
26,558743 7,508349 S7VII
8,430118 -18,017570 G5VII
18,755580 -1,520716 Y1VI
39,961432 34,725993 Z9IV
6,082606 2,619816 N6V
-5,085390 -4,174850 G7II
2,597938 4,722697 G7V
-7,066808 5,904792 G7VI
3,300967 5,931301 Z1V
-33,216755 24,184746 Y3II
-5,361741 -4,640428 Z7I
6,012510 14,751962 Y1II
-8,058690 5,274277 J5III
-5,898657 -4,093010 Y8II
8,457821 -14,008778 J5III
5,881227 15,065793 G9V
5,963830 4,439017 G3VI
19,150042 -2,816272 J3IV
-3,816184 -18,170672 S9VII
-7,340049 4,419443 Y3II
14,955102 3,214916 G4V
18,028545 -2,413352 Z0V
1,656489 15,424727 L2III
6,086303 -9,584812 Z2I
-2,364820 -4,252083 L2V
-34,639417 25,084081 G8I
8,196203 -12,828702 G1V
-4,361796 -4,660865 Z8III
-16,316280 7,761264 G6V
20,818758 -2,315138 S7I
39,030009 -11,823573 Y5I
27,317325 8,482914 N9V
-3,268780 -5,771380 N7I
2,514673 2,004241 L3VII
2,190419 14,117510 Y6III
3,567180 2,736375 N8IV
5,710318 2,059346 L5IV
-5,750522 7,419783 G0I
-27,585037 2,940802 S2V
-3,243703 4,955556 S4VII
31,188763 -12,303956 Z6V
-8,162403 4,182419 L4V
-32,285172 -24,322831 Z6VII
2,194771 16,574223 N1V
42,533791 33,719406 L8V
39,377563 -21,346147 S7I
6,296296 4,503146 Z6VII
-5,391531 5,326825 N8I
1,857175 5,646192 J8III
-16,564318 -21,552860 Y8II
-5,101416 5,583544 Y7IV
4,616128 15,200181 J4V
-28,065903 -24,857160 J9II
-3,880720 -5,089354 L0III
2,927693 16,594851 N0V
-5,437634 -5,570134 Y0VI
-4,572298 -3,919760 Z2VI
-25,090098 17,805662 G5II
6,552371 3,868997 J7III
2,190162 16,144495 L2VII
18,624950 -1,656912 Z4III
10,260188 -15,589497 S2V
36,485102 17,291767 S9IV
1,812484 5,297829 L4I
2,579186 5,400107 S3V
-16,994551 8,969173 N7VI
3,574906 13,269016 S1VII
4,469868 14,131962 G7III
-4,168454 6,060796 J3II
5,015974 17,759963 S1VII
-10,936835 -24,118849 Z4VII
25,010931 -15,661644 Y0VII
20,417399 -4,027305 S7II
10,130478 -16,604071 Y8V
8,808092 -17,934434 Z0I
4,550895 16,856427 S1II
-5,185317 4,650295 L3VII
17,186302 -3,328551 J1I
6,580717 -16,219865 N9I
-17,738310 -9,790969 G0I
-7,709424 6,549684 L2VII
-28,938028 -21,759342 Z2V
24,971737 7,660501 Y0V
-5,243574 5,559212 Y8VII
32,618449 20,078083 N6IV
26,716191 9,463464 J3V
-32,483582 -37,890016 Z6I
-15,880502 7,202326 Y6I
-1,824929 -3,801553 S5VI
-17,135503 6,230766 G3VI
4,593555 17,311939 J5VI
13,290049 13,929039 L8II
-4,441560 -2,288230 Y8V
3,666842 5,546988 G7V
18,799882 -4,258892 J5III
-29,400879 -16,869789 L6III
-10,501664 24,424946 L6VII
5,482845 -14,927255 Z6IV
-3,718623 6,273505 L7II
25,869382 9,970347 L6VII
9,031195 -15,647747 G6VI
31,497569 33,192175 G9V
2,633917 6,101163 S6I
-24,662704 -26,703091 Y7IV
5,671202 -15,798073 L8VII
-4,703114 3,730540 N4VII
9,542515 -15,541488 N9II
25,364783 -7,337116 N4I
17,547947 -4,203295 Z6IV
-18,168432 8,500991 N7IV
-4,308491 4,313151 S1III
4,930414 18,043325 G9III
-16,749174 -25,965741 S9III
3,293134 18,122543 S4VI
-37,775211 35,511360 J4IV
5,905950 -14,700066 N5VI
-5,168242 -6,764033 S5I
6,910584 -14,089159 J8VII
-19,973385 15,036778 Z8I
24,077147 8,629871 L4VII
5,820970 -16,206593 S3III
1,185572 -25,171650 N1IV
24,660911 8,366785 G6I
-16,644291 9,034823 Y0VII
-16,034688 7,767269 N1VI
1,718784 16,685473 Y5VII
-2,032649 -3,146342 Z3I
-8,285819 5,096408 S4VI
-28,467782 -27,530671 Y4III
1,549083 16,299317 S7VII
4,738420 3,212485 S1IV
-16,396754 10,412406 Y1I
5,034388 2,559984 G0IV
2,778501 17,774420 S5VI
3,289696 2,958926 L9V
3,776111 18,373979 G8II
-2,859538 -5,288068 G0II
-5,595003 6,119134 S3VI
5,674939 5,590100 L4IV
-6,877859 5,470506 N2IV
-5,247836 7,197824 G7III
-2,673617 -2,022176 N2I
-11,270358 -32,516764 G4II
4,916668 16,897053 J1III
16,883058 -3,971570 J3IV
24,255455 6,305144 Z3I
9,143334 -13,743730 G0V
0,639896 -14,195945 L1III
22,356305 -22,161682 G0III
8,367932 -23,842333 J4II
17,670028 -1,077287 J0IV
7,708958 -17,427293 L5VII
22,344891 26,860437 L7VII
-1,941002 -5,834865 G5V
25,317527 -0,190150 S3VII
26,494342 9,151013 Y0V
-3,748380 -1,844710 Z1II
14,898225 35,644391 Z7V
19,966572 -2,971082 Z2IV
3,758352 2,515109 G4IV
-17,449912 31,045812 G3VII
4,361670 -5,242130 N3V
-3,618760 11,163199 N0VI
8,765014 -16,103908 Z0VII
-8,271002 4,721847 J4IV
-7,307349 4,288707 N6III
-4,590227 3,171016 G8I
-2,379131 -6,247987 G2VII
-2,724821 -6,164292 Y7VII
7,353478 -17,687512 Z0V
23,371640 8,150130 L7II
-18,653922 9,036850 J9V
-33,300739 -15,097854 Z5IV
30,500467 25,785589 Y1VI
27,866458 24,164798 N9VII
9,409218 -15,891875 N0VI
-16,310547 15,199796 G8II
9,927514 -16,698058 S2III
10,561367 -14,549902 G3VI
41,328722 -34,917588 L4III
8,749169 -14,374221 S4VI
-17,684184 6,207834 N6IV
-7,215351 6,219807 Y6II
2,608701 15,645310 L0I
-17,287475 10,354371 L6VII
-7,750891 -10,611234 G5III
-5,176244 7,050400 Y6III
-29,216374 -20,896407 Y2VI
19,660219 -2,412793 N9III
26,627739 6,061701 N7VI
26,910522 6,729096 S8I
-3,640421 -6,614210 G9V
16,765783 -2,667124 Z8IV
-13,668965 -4,849208 S1VII
9,565768 -17,612934 N9VII
2,445443 36,668454 S4VI
6,615115 -17,439229 Y1II
7,007351 -14,288097 L4II
-15,772317 9,373413 J0I
5,380139 17,299264 Y9V
20,675863 -1,860490 G7VI
-15,844612 6,159766 N1III
-14,094275 7,142615 J9V
20,931051 -29,625837 Z5IV
1,913737 17,203773 L6II
1,633608 4,063967 L3VII
35,748929 -1,805818 N0III
-5,351091 -5,779480 Y1VI
-35,692751 27,844833 J5IV
46,916918 17,465018 S2IV
-8,099592 -28,003828 G8VII
3,995496 13,330139 N4VII
17,745441 -1,290078 S1III
2,817718 2,473746 Z3V
26,293492 8,723492 S9VI
3,062275 15,009581 J3V
9,289154 -15,896850 N4VI
5,636055 -14,907835 Z8I
-2,477075 -4,853090 Y1VII
42,559733 -24,871565 N8II
-16,510390 8,489491 G6I
-3,950231 -2,736030 Z6V
32,121207 -26,079376 G7II
8,069439 -14,534986 L1III
19,700553 -3,323550 Y9VI
8,036458 -13,506824 Y7VI
-14,729129 6,993227 Z3VII
10,146836 -14,319036 J1II
-7,395332 7,205652 G2VII
8,189003 -23,432973 J2I
4,974361 3,277337 S4VI
19,989356 -2,314535 L0VII
-5,079522 -3,154973 Y3II
-7,256221 3,326822 Y7VI
23,791568 5,908512 J0II
-6,206271 6,723010 Z7II
-7,224325 3,973685 G5V
-15,449214 5,629384 Y5IV
29,127847 2,504074 L0II
-18,594254 7,886186 J3V
25,097483 -35,978097 J9VI
-12,860999 -5,796207 J1III
18,470719 -5,172740 L2VI
4,477386 16,768403 N5VI
40,842660 -1,430130 L7VII
-3,874347 -1,736996 J3II
20,274980 -3,081376 Z5I
-14,354867 7,966787 Z8V
4,351112 2,351687 Y0III
4,722637 16,360345 G3VII
-2,633646 -2,119884 Y9IV
1,599503 3,262791 G8II
-25,894525 -16,393766 Z0II
-3,406524 -4,563194 N6IV
3,463217 17,929664 L3IV
1,861808 4,697088 J3II
-16,409797 10,070397 Y6III
-15,069874 6,180989 Y0IV
-2,941636 -1,916106 L5II
26,254983 9,496276 Z4V
8,079768 -13,864830 L7II
6,879605 -17,744312 L4VI
-5,580558 -4,069862 S3II
37,564595 38,070114 Z6IV
34,204893 -20,209318 J2III
2,736768 4,242804 G6II
10,461207 -15,940437 N5III
-4,750981 4,257339 G5V
1,961506 16,086544 Y9VII
8,086712 -14,679132 Y3II
-5,405534 6,100115 S8II
-17,041174 9,538976 G0I
41,666082 -17,198378 Y6V
37,660593 -35,332024 Z4II
25,026545 8,440262 Y4VI
22,928103 6,523676 J9II
23,490826 9,925830 G1I
-13,818385 -17,800998 Z5VI
7,131058 -34,914335 N5I
18,725185 -1,626029 J9VI
-6,912601 7,412760 S6II
-14,982814 7,159777 G4V
-5,444445 4,444165 S7VII
-2,845789 -5,126844 N3II
2,808928 16,149581 Z0III
-10,337239 -5,953738 S4V
2,869547 5,921283 S1VI
43,376539 14,829534 G9III
3,377280 14,541228 S7V
2,834397 3,774410 S6IV
3,960248 6,719781 J8IV
-3,631507 4,470408 G1V
10,135007 -17,197315 G1V
-24,036244 -12,743325 Z6VI
-2,929034 -3,000797 Z7IV
-33,034357 -12,732498 L2IV
40,584289 -22,175879 Z8V
25,096912 9,414452 G0VI
3,742344 16,365136 L5V
-7,570348 3,338011 J4VI
14,323203 34,244962 L5VII
1,582240 17,127324 Z4VII
-29,834787 1,606787 Y4III
9,601064 -14,871534 S5IV
-19,063488 8,160224 L4III
4,062077 2,776520 Z0I
20,343517 -3,710600 Y9VII
5,440367 15,473769 G3III
-16,068917 8,236313 N4VI
40,544634 -4,103813 Y3III
27,160816 6,539370 S1VI
3,042841 16,414764 Z9I
1,856410 3,593579 N8VI
20,320184 -1,752333 G9VII
7,321040 -16,180195 L8II
-4,528018 -6,298482 N7II
38,837666 33,994102 Y9V
8,185809 -14,859215 J5I
25,828182 6,749239 Y8IV
40,631857 -19,066485 J9VI
4,608434 6,097438 N9V
-24,042090 -24,123787 Y4III
8,723401 -14,641541 J6III
-6,055761 3,818473 N2VII
25,836052 -25,398958 Z1IV
5,136575 3,517834 G0VI
-5,865913 -4,054606 Z3V
46,927706 27,660959 L1VI
25,065261 8,119153 J5III
-4,773137 -2,846409 J9IV
3,625692 5,836489 G2VI
18,980789 -2,673706 J3VI
18,221348 -4,024210 Y0V
5,729191 -16,050563 Z6VII
-38,612199 7,822626 L0V
2,681416 15,154084 G6I
16,731483 -3,225828 J0IV
5,891747 3,944361 N7V
5,851063 -16,444580 L6V
4,175920 15,757856 N3IV
-9,804199 32,478733 G0I
-15,428423 5,799411 Y2III
25,147397 8,614571 Y8VII
-7,400130 4,685744 N3I
-6,519493 5,260370 L9VI
1,592742 3,507705 J3IV
16,849536 -4,699296 L2II
24,741848 5,868468 J5V
25,752872 7,622223 N3VI
3,021239 5,611432 N6II
27,412560 7,125280 N1VII
22,838950 7,046079 J7I
25,399888 9,730429 J1II
4,964865 13,602888 L3VII
-4,226555 6,101180 S2II
4,788730 2,182451 S1I
-7,495176 5,896966 N7I
-1,757531 -4,658275 N2VI
24,888293 7,341380 L7VII
26,231738 7,416843 Y8V
-1,835565 33,309827 J0VII
-16,828213 8,541317 S7II
-4,336669 -5,830794 Z9VII
8,333081 -17,946331 J7I
2,176039 5,374902 Y5III
-3,221874 -5,928672 S2IV
10,068631 -33,796702 N1III
3,130488 13,393534 S9V
-7,664253 3,371574 G2VII
5,808549 16,914142 Z8VI
2,769181 17,210482 G5VI
18,998033 -3,180582 G4II
16,388890 32,586185 Z4VI
2,533836 3,815423 G4II
-6,213013 4,091418 L9VII
18,370200 -2,623233 L9V
18,282811 -5,585497 S9III
26,963500 8,487422 Z2II
-2,424597 -5,224972 L6VI
-18,162699 5,876538 S5III
19,445109 -3,056982 Y7V
-18,486624 35,133925 N0III
3,867407 4,269566 J0VII
17,049360 -1,403944 S7V
-16,992519 6,632043 G8III
-10,510274 -27,606388 Y2V
5,862232 3,706665 N2VI
-6,590203 5,728541 G9III
3,845966 16,631072 S0VII
3,993407 14,723897 Y7III
6,189218 3,853250 L9VI
3,003161 15,469006 S9V
-3,179879 -2,732466 Y9I
43,585751 21,208802 Y1V
-3,272561 -5,832148 Z0IV
10,176091 -14,983898 Y1I
-13,145324 -34,623788 G7VI
-4,550913 -4,653479 S7IV
5,948385 16,622303 S7VII
25,170682 9,866185 Y6VI
20,166128 -4,715108 L1III
43,320700 6,618077 L4III
3,524111 4,732923 Y0IV
20,202339 -5,540138 G0VII
4,163004 17,857448 Y3II
-4,849156 -2,437602 Z0V
4,010505 3,428659 Z1VII
-15,471312 6,780111 G4VI
4,176754 3,925816 Y1III
10,242579 -16,789686 S0VI
27,119569 6,536459 S0VII
8,499717 -13,345604 N1IV
6,494574 -14,404407 N5II
40,664923 32,716882 N0VII
26,950437 8,954190 G6VII
18,165170 -1,430945 L2I
7,304352 -14,184524 S6IV
-17,239882 10,198579 L8III
-7,753120 4,092418 G5VI
4,575734 15,329484 Y5V
-3,321013 -4,717497 G3IV
-15,596324 7,753964 N5I
-15,484793 7,059486 G3V
3,655359 14,947393 Y2III
-5,114649 3,759879 N7II
-16,328405 7,606866 J5I
1,534835 5,119972 Y6VI
6,475515 -13,810802 J3III
19,635026 -5,770060 L7IV
10,480726 -16,280716 S7IV
24,765702 9,959588 Y4II
-15,565335 9,909814 N1VII
46,496379 7,077083 Y5VI
5,706176 16,829229 J5I
-16,389367 8,589836 Y6IV
17,679312 -2,955715 G4VI
-2,315252 -4,435425 L0II
-6,096362 -5,047083 Y9II
4,401152 6,392357 S7IV
21,071328 -19,677254 L2IV
-6,186945 5,857856 S0II
31,000885 -5,409082 N8I
0,607616 31,104491 J8II
35,354911 -7,548852 L2IV
26,565874 9,088924 S6VII
19,504027 -5,489696 G1II
18,671282 -3,755148 Z2VII
6,317724 -16,224617 J1III
-14,564636 6,187942 S0I
-4,084785 -4,904504 Z0VI
-24,792474 17,722262 L8IV
-6,409342 -3,765213 S1I
25,804615 8,341898 Z5III
-5,502869 3,511566 N3II
25,860288 10,174192 Y8VI
47,088771 -3,670451 G1I
5,643561 5,699407 N8I
3,246044 6,415786 N9VI
2,696221 3,484114 L5VII
36,529756 -9,243406 Y6IV
3,730917 1,748882 G7IV
-3,587588 -3,091322 S1IV
16,753604 -3,017585 J8IV
5,508133 3,087995 G3V
3,479434 16,303050 S4II
4,137906 13,956319 G7VI
-3,254828 -6,923545 G8V
-2,956290 -3,396949 L6V
-5,923301 -2,943308 G6V
31,806202 -31,338443 Y6V
23,028659 6,385046 N6IV
3,026740 13,443833 G8VI
7,970422 -17,747751 Z2II
4,078770 4,144913 L1III
-2,677803 -3,349743 N0VII
-5,393513 3,712139 Y6VII
25,511389 8,693625 L9II
26,819647 -33,664583 Y2VII
24,013364 10,257722 G1IV
-6,164820 -3,064159 N5VI
4,448226 32,123309 Z9VII
1,253311 16,494590 Z9IV
3,058206 5,462165 Y0III
25,492963 -31,439436 J0III
20,112724 -3,928613 J7VII
-18,668596 6,704232 J0VII
2,842786 3,043425 S8I
25,094562 5,748433 L9III
16,776982 -4,107506 Y5I
-18,772432 8,760861 Y2V
5,542218 5,014422 Y7III
17,859410 -5,300051 Z8I
7,404704 -15,253740 Y9I
-5,739159 5,183377 J8VII
-0,308098 -9,186374 J9II
18,418193 -3,752211 S4V
37,383490 -28,313957 G9III
2,806787 18,118402 J4VI
9,281610 -16,891455 Z9IV
-17,344489 29,010201 Y0I
-22,272973 -37,434385 S3IV
7,731754 37,670827 G9V
-16,278948 10,243079 S5I
45,877846 17,278482 Y1I
-8,278675 5,859693 N7VI
19,917481 -1,521863 L4VI
5,803905 3,865699 Y0V
9,428730 -13,647262 L5II
6,588069 -13,389982 N3II
2,399935 17,848959 S9II
-5,828277 4,672954 L6I
5,058116 15,071278 N2III
24,665017 6,935861 Z1VII
-15,624688 6,917141 J8II
1,938460 3,653147 L2V
-5,116679 -3,368064 S2III
-6,753774 3,820765 G2I
5,670721 15,667438 Y5II
4,012138 14,088270 Z1IV
-38,940894 -1,275142 Z5III
-5,553206 6,912981 G4VII
-4,390656 6,848616 J7I
8,983814 -16,875652 Z5V
16,387356 -2,742198 Z2II
22,951072 6,544032 N9III
3,695127 6,480138 L5V
-2,956749 -5,696826 J1III
13,965492 -14,525993 G2I
-16,549548 9,419437 L2III
-21,753033 -18,040686 Y9VI
5,764182 2,333340 G5VII
-15,154049 7,844112 S0II
-17,938698 8,678531 G4V
-2,582498 -3,099337 S1VII
4,091588 14,694330 N2V
-6,828779 5,048832 G2VI
18,837275 -5,203977 J0II
8,306029 26,961594 Z9V
25,110669 10,126128 J2V
5,119855 5,406136 L2IV
-0,553916 29,913001 L5VI
10,167616 -21,752543 Y5VII
17,341216 -5,553805 G7II
-38,570248 -10,181343 Z1II
1,738357 5,463153 G4V
6,620445 -15,503441 L8V
4,721207 2,479651 L3II
7,308461 -3,741669 S8III
-23,662583 -28,731922 J5VII
3,237760 22,002341 S6IV
3,021023 25,004400 J5IV
23,659692 6,097184 Z8II
-6,229901 30,772074 N4III
-1,857369 -4,782849 Y0VII
3,056243 18,077503 J4IV
-15,498574 8,177498 G2IV
6,478078 -13,718284 L5II
4,220201 16,706032 J0V
20,618048 -3,310561 Z5VI
43,736282 -22,113924 S4VII
16,650120 -2,358796 S6VI
24,729464 7,572141 N8I
5,467845 2,099953 S2VII
24,729985 -9,235298 S1II
-7,772083 6,727778 J1IV
-15,922462 8,341709 J1IV
9,887969 -15,962793 G0V
-6,087907 -4,900571 L8II
22,897274 6,165280 L2V
4,344956 1,709061 L0III
-15,809597 7,364091 G5V
7,855210 -33,943811 S8II
2,781749 15,988888 G3III
-2,742335 37,024623 Y1II
-2,655358 -26,744797 N9III
5,069557 2,879684 G2VII
-11,915958 -9,677489 Y3V
-21,369116 33,507170 Y9II
26,011082 9,411842 Z2V
3,225636 17,708092 S8V
-4,289104 -3,404120 Z9I
1,843910 15,272585 N0I
26,533131 6,180283 Z9VII
22,380193 8,193079 N3II
17,474096 -1,449848 N1VI
3,191825 3,300479 L4VI
-5,335280 -3,804209 J3III
14,667416 12,799352 L7IV
17,087090 -4,328144 G7VII
2,350842 13,918442 L6V
25,765944 7,320035 J0I
7,417426 -16,395855 S2VI
-1,977484 -3,806364 S7V
3,674418 13,344767 N8VI
7,218675 -17,609081 G7VII
7,587989 -17,055630 L1IV
-7,355187 4,342980 S3V
46,794895 -18,614661 L5VI
23,338255 31,153868 Z7VI
5,201001 4,764211 Y4VI
1,820039 14,838911 N4VI
-35,066942 -26,368662 N1VI
-33,008707 -20,423025 S1III
-4,734000 -5,623363 S9IV
22,727459 8,026234 S0IV
2,698582 5,298232 L3III
-5,723808 -4,388017 J5IV
3,392550 3,935586 S6III
9,190618 -16,958875 J7V
27,045540 27,572936 J9V
5,785482 3,750456 J0V
3,365582 6,330057 S6I
3,656536 14,497763 S9VII
20,608149 -3,363238 Z5IV
38,523360 11,702896 S7III
-34,549771 28,164050 N7VII
-5,680979 33,823331 S9V
22,774636 24,619844 J9IV
26,451786 8,316055 S1VI
9,034674 -16,673470 Z3VI
3,241661 13,637599 S9V
43,779104 0,927232 L4III
4,486311 14,893256 S0VII
24,433968 9,494602 L7IV
25,797789 -31,539181 G1VI
-3,933936 -6,198533 N5II
-6,524590 3,147639 J7I
8,896096 -14,210342 Y6V
10,046471 -16,687823 L3III
25,515440 6,410242 N8III
5,129908 4,335942 G8V
-15,048752 6,003936 G0VII
2,011897 4,730075 L3VI
6,758287 -14,122029 G7I
8,232367 -15,751980 N6I
-14,242125 6,533695 Z4VI
19,409502 -2,603844 N2VII
23,740891 9,393838 G4II
2,395121 16,937489 N3VI
19,002547 -0,887614 N5I
2,911723 2,638416 Y8VI
-37,085608 30,407109 S2VI
20,145711 12,588133 Y9VI
-3,218564 -5,704234 J2VII
3,404595 4,183563 N6VI
1,655239 3,978095 N0II
-13,685974 -14,356813 L5III
7,364032 -15,308652 Y4II
2,974096 15,629727 S8V
4,202151 5,139323 Z5II
-17,403871 7,645036 Y5VI
-35,233620 -26,206811 J0II
5,099035 4,138928 N1V
25,899319 6,290091 Y4III
-5,801622 -2,888414 Z3I
-5,694868 -5,792521 Z7II
18,648353 -2,891257 Z4IV
15,072287 -33,519810 Y6I
-5,388840 4,221225 Y8I
18,986080 -1,413581 J5V
-18,933104 22,577910 N4I
20,970671 -2,678315 N6V
20,515477 -3,685156 Y6VI
25,314936 5,794173 Z6IV
3,824273 1,695599 Z6V
-17,606250 6,881778 Z4III
-6,963195 29,061839 J8V
26,219713 -37,498470 Y3VI
8,002458 -15,981004 G9I
8,791465 -17,115485 Z6IV
31,588736 -30,061537 Z3VII
20,294740 -4,276711 Y7II
3,732519 6,389353 G0III
4,360667 17,913713 Z8VI
4,546123 14,368606 S3VI
-10,688046 -1,439532 S5II
13,961940 -28,198411 Y6III
-6,892861 6,119976 Y4VI
-16,979194 7,844708 L0V
-4,370307 -3,320023 L3III
5,104973 5,323027 Z5II
6,401004 15,466350 S4I
3,150704 1,692044 S6III
4,917051 3,156963 G6VI
4,036475 13,246137 Z5V
-17,247678 7,216920 Y8III
2,929126 18,266366 Z7VII
-6,372687 3,455519 N1VII
-5,601108 4,709613 N7VII
4,062742 14,662429 N3IV
5,039489 32,194201 S1IV
40,099821 -35,402033 L8III
24,322520 9,513329 J5V
1,613903 15,141455 G7I
8,536853 -14,231291 G1V
4,218040 15,507739 S7I
38,212704 35,593484 G4VI
2,433525 15,747693 Z1IV
16,231431 -4,757830 J1III
5,672433 -14,977636 S4I
2,151655 4,124909 L3I
19,741856 -1,215088 J2I
29,428612 12,036844 L0II
-17,631933 9,892295 S8VII
-16,897630 10,484734 N3I
3,626932 17,966609 G5III
41,757916 -19,981365 N0IV
-2,332200 -3,181784 G5IV
-3,407400 -3,420940 S6VII
-5,252437 5,846344 Z8III
-30,997975 -32,124899 L2IV
3,969912 1,998258 J2V
9,659833 -17,181554 L3IV
5,217264 17,661539 L9VI
17,671022 -5,895476 G8IV
19,630818 -5,785779 G3VI
2,697975 16,956656 Y5IV
0,308803 -12,022926 N3V
20,049824 -3,432023 S0VII
5,758339 4,186965 S2II
3,909049 6,657289 S3I
7,729518 -16,404224 Z2VII
-13,955611 8,680545 N6IV
23,271511 -22,081981 Y0VI
6,085175 3,025622 Y0III
-4,207263 3,003500 N8VI
4,800168 2,751166 N2VI
44,395488 15,928755 Y0I
-15,381124 8,994455 S4I
-23,833438 -3,986258 J9I
-6,968885 -32,522385 L8I
20,503070 -3,057806 Z5VII
38,398012 -16,178784 J9II
7,748403 -15,217990 N5IV
-4,730406 5,491441 S1VII
-6,354327 6,030403 J5VII
8,498849 -15,364988 J9VII
20,463749 -2,711826 L0II
6,093058 2,454594 L9I
17,133663 -4,455595 G2VII
-14,787326 8,048394 J0II
4,092933 13,919181 S4VI
19,709576 -1,136491 L9VII
-1,903261 -2,573657 G7III
-6,250556 -4,283231 N7II
5,062788 2,128467 N9V
18,069161 -9,891664 Z8VII
10,158260 -16,663674 S4IV
-7,849253 4,722315 S9VII
-36,146549 28,642613 Y5III
18,265615 -0,918029 G9III
23,747955 -37,374113 L8VII
4,531410 5,946827 N9I
-4,354789 -3,301272 Z2IV
-4,103428 4,277130 G1VII
-17,166043 9,010731 Z7VI
3,062255 17,960623 Z2III
-14,170542 6,721434 N9V
36,226442 -6,523157 J3III
-18,407750 7,852148 Z4II
8,280572 -9,228386 L4V
4,564176 2,864048 L2V
18,713266 -3,473984 N9II
-39,048775 -19,411229 Y9VII
-3,245024 -17,086247 L2III
3,132669 16,631169 Y3VII
19,393378 -0,975699 Z0III
-14,759399 6,212526 S7I
18,084758 -1,431499 Z2V
10,109329 -15,816278 J0III
25,031955 5,915113 N4VI
5,832327 14,325978 S5V
-4,024751 5,554390 N9I
16,525291 -25,706484 G0VII
22,515639 -8,966260 Y6IV
26,659192 6,264257 G5V
2,341995 3,556998 Z0VII
1,964617 14,993365 G2IV
-5,336832 5,306816 S5I
4,588387 13,746017 Z9VII
19,595613 -5,030263 G0III
22,684744 8,108228 S7I
25,373863 9,660171 G6III
27,258949 7,821188 Y5VII
23,299803 7,606299 G7III
18,159031 -3,302490 L2II
5,115045 3,548278 N1IV
-2,856483 -2,242232 G3IV
11,658506 -2,564889 Y1IV
5,068848 17,239975 S5VII
4,898384 4,435584 Y0VI
-16,833899 8,950548 L7III
-4,370041 -20,473913 J2VI
4,266401 6,743955 Z9III
4,173508 2,487371 J4I
17,621872 -2,179129 Y9III
2,712941 3,389865 Y9VI
-5,743149 -3,223139 Y3IV
26,051652 5,598989 Z8III
18,398900 -5,261512 L1VII
-5,522913 -4,681176 J0I
6,116589 -16,923640 N6V
9,546510 -14,093619 Y1II
-4,254495 5,597290 Y2III
-5,920925 -5,206797 G4VII
3,647730 26,935316 J0VI
-4,767618 -4,564512 J3II
-24,993146 -18,247367 Z6VII
3,151425 4,893369 Z7IV
6,214895 -13,776175 S6IV
-5,854565 -3,536693 N1II
24,703975 5,598314 J3V
19,774224 -2,517489 S4VII
-35,534013 29,634527 Z4VI
-5,722741 -3,060082 J2III
-3,822420 -5,194981 Y0IV
25,102051 8,888511 J2I
28,029313 -14,165867 Y3IV
26,519335 -33,552240 L7V
-2,012264 -3,564842 L2VI
9,359141 -15,942612 J8III
-3,272075 4,643538 N9II
6,451516 3,523831 N5III
20,359437 -2,110463 Z2V
-3,817391 6,490719 Z7VII
10,710414 -15,973681 G0VII
-13,939885 28,954353 S2V
26,727948 6,103185 L3IV
-2,157086 -2,347699 Z8VI
20,170445 -30,548033 S4IV
7,815888 -16,216556 N9VI
5,191113 14,908758 G3I
4,370596 4,838398 J4IV
9,507597 -13,396801 N5V
8,390055 -16,589983 S5I
10,121427 -14,964691 J7IV
35,654871 -11,111100 L6II
20,420584 -4,963263 Z1III
7,215456 -16,789698 G1I
4,376864 3,757607 J7III
14,829898 27,355622 Y0VI
-6,102635 5,427506 N5VII
3,608649 13,505171 Y9VII
25,340913 6,866694 N7VI
-14,419558 7,293943 S9V
-5,066101 -2,625867 G9VII
18,966010 -1,287146 N8III
7,726843 -13,280403 Z0I
46,600109 -21,536196 S2VII
-1,474369 -5,162881 Z0I
5,785889 3,567661 S9V
19,157000 -4,134804 G3II
-38,508860 -11,938112 L5I
40,854571 15,624805 Z6VI
2,263774 14,615680 Z0IV
4,999906 18,026455 S0IV
-5,809786 -2,967642 L3VI
-7,138927 5,523817 J9V
-2,400211 -3,539278 N7VII
4,985828 13,717008 Y5VI
1,215054 15,865292 N6III
25,711285 7,149963 G6I
18,431789 -1,809371 N3IV
-3,772555 3,889469 N9VII
2,017584 -7,132854 S8V
23,088399 6,652649 L1VI
-2,329601 -6,280350 Y9V
6,156321 15,025242 J0VI
-15,823990 8,450587 Y5VII
4,592841 3,184274 S5II
8,121753 -16,863967 L9I
3,824872 14,125152 Z1VII
17,572339 -4,853463 N3III
5,987345 5,852894 Z0I
43,959344 -4,209786 G5I
-18,012373 7,556926 Y9IV
16,461830 -4,465192 L6V
6,252289 -16,438431 Y2VII
-2,798434 -6,328078 S8II
20,290895 -5,530637 J0VII
7,018250 -14,971500 S4V
19,751206 -3,828644 S0IV
-6,449989 2,479643 L9I
2,801850 14,114414 Y2II
18,104459 -37,054819 N0V
36,024395 28,313606 L1II
4,176941 13,300087 S2III
1,364984 16,063955 J3VII
7,149499 -13,890749 L7I
3,153467 2,323585 G5III
22,662414 -23,852851 Z7V
25,933483 7,410796 G7VI
2,590334 33,087941 N0II
-17,481749 6,382655 G4VI
-3,141671 -3,662679 L1II
17,134090 35,493570 N5II
4,799084 13,447845 G1IV
-35,894191 -22,740583 S1V
-18,297411 -4,495600 Y7II
3,301697 4,123881 G3VI
16,598607 -4,144275 Z3II
23,505372 7,116722 G4IV
16,511387 -2,336594 G6VI
1,618930 14,793947 G0III
27,497849 7,970193 L2VI
-17,849654 7,786197 Y2III
24,980105 9,858930 G9III
-3,003111 -4,759891 J8III
21,172622 -3,414108 Z5IV
-28,690966 19,706598 N9III
6,385211 15,071872 Y5VII
-1,893908 15,385299 N6V
-29,584064 -31,872436 J0III
24,103752 9,420828 S4IV
-9,107422 17,379625 Z0IV
5,566183 6,113951 N8VII
-36,293499 -36,256929 N7II
-16,795006 9,667828 N5VII
-4,586748 -6,965500 G9V
2,764814 3,855942 Y5VII
24,090580 18,932335 G1I
-3,316657 4,337962 G9IV
24,707234 7,321310 G2IV
2,585706 4,295506 J8V
28,571727 -27,001989 G4VI
-5,409104 -6,165147 N2VI
-5,873328 4,209171 Z0I
19,532338 -5,347754 N1V
4,270095 4,225561 N8V
25,726830 8,417057 L3I
2,918532 2,701457 G7VI
-36,745187 13,411818 S9III
16,788469 -4,428526 S1II
-14,554712 8,465477 G9VII
3,024191 15,114798 Z3II
-3,681259 4,487337 J9III
2,314189 15,434273 S7VI
-12,680767 27,237349 L6I
3,365184 14,168580 L2II
40,828158 -34,343983 G1VI
7,113433 -15,020854 N8VII
-4,289769 3,255023 J8VII
4,017173 3,960679 G7IV
14,981314 29,643890 G6VI
25,786970 16,182324 N8VII
5,768236 16,818829 L2IV
-34,420876 -15,127235 Y9VI
42,602012 -3,354175 S0VI
-3,351689 -6,995447 Y9VI
-16,444498 6,088390 Z1VII
-5,056273 22,611010 L7VII
-17,943705 6,692487 J4I
-5,687617 7,572623 G5I
19,295648 30,922075 N6II
9,051024 -17,295953 J7I
23,352489 8,363625 Z4VII
23,826366 -12,204044 J1V
-17,492607 23,674173 S4VI
-6,543125 3,611441 G2V
36,295083 36,847891 S6VII
-3,931012 33,728790 Z2VII
34,236859 2,408047 J2VII
25,956622 8,590671 Z2VI
-6,296220 6,217637 G4II
-5,649264 4,804431 L2IV
21,248460 -22,753578 Y8III
2,348775 14,986842 N2V
-33,819338 35,796963 G9VII
-18,217334 33,052879 S6VII
-2,506677 -5,446925 S5VI
10,369598 -15,024650 Z6VI
26,237647 7,406780 J3I
-2,683652 -6,766451 Z8VII
9,904903 -17,299048 Z7VII
-22,700346 24,942789 G3V
6,157274 -14,089507 G9I
8,861534 -14,882798 S2V
2,427687 16,873277 Y0IV
-4,052878 -6,354265 S9V
-5,245286 -6,116979 J6I
1,853669 4,403112 G0VI
7,639656 -14,408069 Z2VI
8,698083 -16,277573 L3V
5,024275 16,692413 J4II
8,166132 9,367626 S4V
3,680263 13,668341 N3VII
24,970957 8,327902 N6IV
19,375927 -1,213736 N2V
-8,312540 5,154070 G1III
24,696879 10,381882 L1VII
-17,931148 5,622663 S0IV
-23,975933 -27,873280 S3III
-14,219286 6,941095 L3VI
-5,466097 4,070034 J9II
-24,032622 11,411011 J6I
3,877929 17,763682 G7VI
4,635954 2,413550 Z2V
27,036944 8,064758 Z4II
-16,050935 9,204353 Y8VII
-17,174882 8,805266 N0II
-37,884977 -10,621761 S6IV
-16,491416 -27,600855 S9I
3,984011 4,110506 G3I
20,930399 -3,395704 Y2V
24,984272 8,662000 S3VII
2,335424 16,304933 S8V
4,758789 4,185682 N3III
13,542795 36,912327 G2III
-2,045295 -2,984815 S2II
-6,643618 5,072474 Y1VII
16,636031 7,133516 G8V
25,691839 10,199610 N0IV
-15,109452 6,130630 S6III
-18,404747 7,801532 Z5VII
-17,352922 10,098267 L5I
21,044859 -3,346631 G7VI
2,769242 18,123247 L1VI
21,923937 -30,479855 Y6IV
-8,118335 5,188821 L2VII
-4,347229 -6,175446 Y5I
-13,303119 21,176730 Z4III
23,070975 7,614122 L2VI
-1,641479 -5,094938 G4IV
-2,725459 -5,936492 L7III
5,366494 13,545614 J8V
-5,601999 6,657096 G7VII
4,171220 3,443147 Y7I
8,493952 -16,597401 S2VII
-23,981681 -22,367016 J2II
2,201953 14,750854 Y2VI
3,145563 13,908440 Y0VI
-6,885439 18,314307 N4II
20,202212 -5,261463 N3V
9,518463 -15,724060 G6V
-4,301684 6,030609 G3I
-15,512300 5,370931 Z3III
-7,222845 3,149647 N3III
8,610727 -14,693435 S9IV
23,983967 9,784886 Y4IV
21,123061 -3,761431 J1VII
-3,118691 -2,819689 N0III
-2,162884 -2,591910 N2II
17,038087 -2,745061 L0I
10,680032 -14,770807 N3I
17,682777 -11,348549 L7IV
26,169610 6,758784 S7VII
18,646213 -2,960637 G0IV
20,011717 -3,008969 S7III
3,076969 5,568317 G8III
25,268264 9,366997 Y5V
4,728665 2,126960 J8V
18,751545 -2,575080 L1V
-17,272132 6,837909 N8VI
-4,049906 -6,877167 L6VII
4,872153 17,660832 N5V
-16,979311 7,364544 G5II
-5,648004 6,459678 N2VII
-30,064045 19,981736 S5V
5,337367 5,123368 Y3I
19,755192 -19,284204 G6I
16,054091 -2,708696 S8II
-5,167321 -16,549588 Y1III
5,282307 5,553116 G2III
20,159425 -4,435439 G2VI
7,821033 -14,647143 Y6IV
-17,018862 10,361127 Z3II
20,282943 -3,936159 J2V
-3,083237 -6,523432 J3V
-3,658489 -6,525152 S9I
-3,722220 -28,455315 S6III
-7,902223 3,395181 N2V
17,806139 -1,925647 Z3II
-3,891360 6,642037 Y6III
-3,812164 -4,539107 Z6IV
9,517205 -15,809068 J7V
-33,782987 24,767404 Z6II
4,909646 3,309042 G8I
18,663871 -1,633436 Z1III
5,046496 17,685707 Z0VI
2,702775 13,932788 G2III
6,502931 -15,967544 G2VII
-5,525079 7,389063 L5VII
43,387825 36,505385 Y8V
-3,584930 -4,583659 L9IV
2,006407 2,529048 J0VI
-8,141998 4,441401 Y8VI
-17,669582 9,254075 J6III
17,383864 -3,252656 G9I
-2,462545 -3,642058 L3VII
25,526836 7,420144 Y3VI
3,024964 2,577323 J5IV
-2,301782 -3,143591 J9V
-5,067344 36,388258 J8V
-20,370743 35,304819 N9II
-17,889383 -17,408171 N7I
6,127207 -14,268339 L2IV
17,987925 -2,800806 Z5VI
19,724158 -5,893588 L6VI
6,454528 -13,884896 G6III
20,271715 -2,071607 J8VII
7,940644 -13,315749 J4II
21,367008 -19,567952 L1IV
2,363824 15,572341 G6I
-24,454214 32,638198 Y6VI
19,846482 -4,294295 J3II
-6,616501 7,637228 Y2II
-35,842426 35,125224 G7IV
3,087059 14,253770 L6II
2,494399 14,570058 L2III
6,470434 15,253537 G4II
35,840319 -1,781354 J5IV
16,800076 -5,483968 S2IV
-18,995768 -21,578067 G2VII
-19,847488 -1,828818 Y2V
23,566971 8,155471 S4VII
3,507545 18,134035 L1I
-7,996240 5,580047 Z8III
9,322151 -13,568622 N5I
25,278811 6,182696 L9II
1,353815 4,158880 Y2IV
2,462523 4,477184 G5III
-6,495270 5,182103 Z0II
4,036825 5,265922 J3VII
-4,026126 -3,439563 Z3IV
3,792730 14,148224 L4V
-5,733032 2,424739 L7III
9,235286 -15,791427 S3VI
2,566797 14,924974 S7VI
-8,865470 29,010974 N3VII
42,053170 -18,901114 J8VII
-13,860208 8,380387 Y1VII
20,050456 -3,900032 G8VII
19,891183 -3,278739 J1V
20,332879 -2,804458 Z5III
3,975278 16,477818 N1VI
-1,663266 -30,195701 S9II
26,087562 9,677326 J4III
2,111871 5,201056 Y0VII
7,068956 -16,336657 Z6III
23,331618 9,753913 Z2VII
2,429656 15,496533 G4I
-1,643211 -4,007375 Z9V
28,263594 37,135438 N9VII
33,342207 7,703073 Z9III
19,913476 -4,605307 S4IV
25,616579 7,795552 Y7III
5,921809 17,082600 L2III
23,820387 7,454129 Z6I
18,267050 -3,770920 Z3VI
1,896105 14,227018 Y8III
40,993111 -18,538649 S1III
16,687195 -1,707532 Z0I
-2,665578 -2,666835 J8II
-16,366389 7,706320 J8III
5,585255 4,933779 S3V
46,047871 -19,663319 N0I
18,467623 -3,984488 Z7III
27,233194 6,712216 S6VI
-5,609646 -6,234741 Y5V
0,696973 27,185984 L1III
6,565215 -17,572036 N4II
-5,351223 -2,848774 J0VII
-16,660775 9,746791 G0IV
45,535925 8,311633 J8V
7,239795 -16,000397 N4VII
-18,394433 7,411654 Y1VII
5,411214 13,698995 S5VI
1,903245 15,946264 Z0VII
16,605907 -2,330503 Y0IV
-14,400033 8,446641 L4III
-35,243905 -20,663461 Z9III
17,229811 -2,396887 Y4I
-27,921635 -1,090634 J8III
-4,601568 3,387764 J2V
-3,077139 -5,973635 N9II
-3,038586 -32,700349 J6I
-6,975056 5,786242 S5V
-18,901011 6,674459 L0V
17,451886 -5,733945 Y8VI
2,633014 4,556818 Z2I
-6,006957 4,121761 N4II
17,963892 2,707284 G3II
-6,641235 3,325752 Z9IV
-16,761366 6,709119 G3III
2,735115 16,481236 S9V
6,388703 -15,541497 J2II
5,874012 -16,495672 Y9II
-6,384352 5,404556 Z2IV
20,526412 21,788595 Y1V
7,906382 -15,339618 L9III
5,243651 14,579328 Y0VII
-5,912633 5,541958 S9V
3,797590 15,389842 J1III
-23,896874 -17,462527 S8II
24,408386 6,279613 J0IV
7,040911 -15,385438 J2VII
4,820405 17,341310 Z7VII
-16,548862 6,764756 J1IV
8,660148 -14,810302 S6VII
-33,470198 -33,269977 J7VI
-20,008703 0,634002 S5II
5,316091 16,686943 Y2VII
-17,955696 16,188807 Y0VII
24,081979 -28,547764 L4VI
6,255834 4,277552 J2V
8,328355 -12,994926 G0II
-5,455620 6,180239 L4VII
7,048430 -17,434888 L2V
-12,866710 2,808839 Y9II
17,315315 -19,606821 G6V
-5,058849 -6,048623 N4II
-5,808092 2,867772 J5III
-2,986361 -5,034278 Z5II
-6,501674 4,823187 S9V
5,033167 5,853209 S9III
1,724546 5,248170 G3II
4,274334 15,112291 Z0III
9,421687 -14,672641 J6V
16,818556 -16,462170 N2III
-14,700540 -27,186439 J1VII
-21,590960 -6,760872 S8V
18,097293 -5,643712 L9VII
2,283241 4,981704 Y4III
4,517069 5,117255 G6IV
4,259770 13,504261 Y6V
4,840669 15,961579 J7III
0,801196 28,959129 Z6V
35,071386 3,937400 L1I
5,783246 4,504664 J0VI
-4,329119 -6,009230 G5VI
41,203700 5,090398 S0VI
6,467883 -15,612186 Y5VII
-16,235558 5,622364 S7III
21,192669 -3,845294 L4VI
4,056862 1,692260 J9VII
9,415484 -17,040458 N1V
-5,330210 3,733037 L9VI
25,115377 -13,980365 N6III
-4,741282 4,193753 L0IV
-35,505943 5,084285 Y4II
-15,419617 6,866435 J9IV
23,895002 8,360642 Y5VII
-14,869124 8,512846 J8IV
-7,791317 5,327460 Z2VI
4,053730 15,553288 L5III
-6,823841 7,076952 L2VII
-4,330944 -1,863168 Z6VI
20,371933 -5,230746 S8II
9,441113 -17,370947 Y2IV
30,582962 -0,452020 S3III
2,816076 4,410485 L4V
21,429811 21,118447 N1II
-4,663735 -3,763167 L1V
-7,516081 5,483611 L0V
23,132969 6,587852 G0II
9,138737 -14,439239 N1II
8,847550 -15,332560 N7II
27,336858 7,818045 L8II
37,014422 -25,141706 N2II
17,485897 -2,723476 N0VII
-14,946764 8,109999 S5VI
-4,759303 -5,038890 L4VII
6,575571 4,724005 Z8VII
10,135474 27,257478 Y2I
-5,750781 -6,166364 G5III
43,768872 20,031079 G7VI
-22,222625 -15,543628 L8IV
2,516445 17,341138 G2VI
4,979018 -10,273619 J6II
24,585495 5,374572 Y1VI
6,091000 4,322824 S7VII
-1,960363 -5,481955 G4III
-16,993877 -13,533064 L6VI
39,455845 -1,413898 N4II
22,830790 6,850675 Z7V
-4,223196 -10,416985 G4I
27,090736 6,375105 S8VI
7,049124 -15,007941 Y0IV
-14,005179 25,751871 J1VI
-16,969489 9,076327 N3II
-7,642730 5,361279 Z8IV
3,870174 17,104227 N1VI
47,073704 37,979228 G3IV
19,815186 -3,774781 S5V
-4,001510 -2,567455 N6I
20,047055 -2,769633 S5VII
-5,522481 -4,760464 L8V
5,837888 14,727531 Y2VI
3,553709 18,247138 J5VI
3,461164 6,679669 J9VI
18,119159 -2,910222 S5II
-17,806518 7,534663 G9VII
-4,680025 5,692090 Z4V
22,614433 8,329979 Y2V
-2,079738 -4,151218 L2IV
5,660163 -15,788075 J6VI
-3,874284 -4,029023 Y7VII
1,701145 15,702046 Y6VII
4,612740 6,506170 N4VI
9,450532 -16,318306 N7II
26,921329 8,548337 J3VI
-4,135324 -3,654948 G7IV
10,716450 -15,021806 N3VII
-5,152124 -3,905128 L4V
4,932714 17,333143 J1VI
4,938953 5,031986 Y0I
-1,585451 -5,789949 S3II
-34,677930 -0,257585 L7II
-2,855358 -4,809140 G5V
6,312992 -16,421823 L8V
-7,658341 3,462356 N2III
-4,233362 -2,453576 L2V
-1,548555 -5,332069 J4IV
0,750045 25,761283 Z6V
-3,355870 5,725889 Y7VI
4,665246 6,119183 Y9III
23,698774 5,514796 Z2V
3,438461 14,290531 Y3III
5,764708 5,624820 J8I
11,975484 7,428421 S7IV
9,206282 -17,753162 L4V
-3,712223 -5,630275 G5VI
7,334221 -15,062476 L3II
6,007179 -17,006980 N5VII
19,732380 -2,353491 Z4V
-6,985092 4,278117 L7V
37,200703 -18,282675 L6III
16,302294 -9,891394 Z2VII
20,093675 -2,930705 G1V
-7,732902 -21,032674 J8IV
1,695459 16,193648 Y1VI
5,160701 14,384066 Y1II
27,000217 6,849413 L7VI
16,416444 -3,822371 Y5I
19,070084 -4,233119 G7VI
5,744926 3,563336 N8V
10,940355 -24,976772 G5II
-4,736305 5,424989 S9I
10,379963 -21,737167 S6IV
-4,369670 6,647120 L0IV
28,620155 -9,790065 N3IV
35,361354 -30,889362 Y6IV
-25,218471 -20,930168 Y6I
2,256788 14,596785 Z6II
4,636472 5,507299 L4III
5,691226 2,104203 Y8VII
17,048848 -1,553581 Y8II
-5,466882 -3,911726 S7VI
13,658646 -21,132290 N6VI
10,416667 -14,643120 Z5VI
24,303682 8,975792 L0V
10,201292 4,184349 L4VII
-24,212005 -16,698762 N1II
17,083406 -1,864089 L2I
22,864682 6,446986 S2I
-16,708336 9,770015 Z7I
-4,294516 -5,672097 N8IV
3,497828 5,217084 S5I
-3,672126 -6,599081 G7II
-4,458877 2,896659 J1I
6,437535 15,278049 G7VII
7,927300 -16,756886 J3V
41,868064 13,516163 G6IV
9,611358 -15,741626 J7V
24,475920 10,262690 Y3II
-4,339747 -3,586785 J5II
-37,796860 -2,828245 G3V
20,470169 -2,948494 N9VII
-28,729898 17,878906 L1III
4,569238 4,229873 G9III
27,059823 35,984317 Z2VII
4,467545 16,035715 G1V
32,014081 -32,276573 J2IV
-16,429562 5,899815 S0V
3,972981 3,278567 J4III
-3,578309 -6,903262 Y1II
-5,436966 7,320659 G4VII
-19,111399 7,700037 J5III
2,320752 4,794979 Y7VI
10,010231 -13,812649 J2I
16,891239 -1,379812 Y6VII
44,631378 -3,779796 L3VI
9,313690 -15,189029 N5I
16,382913 -4,964310 G3IV
4,223604 17,475742 S7III
6,482931 -16,391961 L6III
-21,547518 28,509211 J3II
-3,669813 6,413453 Y0IV
-4,391468 5,491031 Y8VI
6,906835 -13,100411 Z5I
-6,385799 3,376509 N3IV
-16,741006 7,183836 Y5VII
42,717522 0,734610 S5VII
24,259148 9,745986 Z7II
18,897853 -4,164292 G1V
25,685825 9,591215 L7IV
-4,401484 -5,433375 J9VII
-15,919539 26,791043 S8I
10,683152 25,341866 N0II
2,938870 2,478941 Z8V
6,956065 -16,199134 S5III
9,688962 -15,805542 L6IV
-3,524635 -5,881722 G4V
-19,951324 -25,157921 G1III
25,363044 5,713896 S2VII
8,019360 -14,280387 L3V
2,552796 14,637646 G1IV
-17,043737 5,353137 Y4II
-16,944051 9,818931 N1VI
15,440057 -23,311175 Z6VII
-3,885905 3,850380 L1V
-2,632453 -3,990529 Y8VI
16,326635 28,522255 J6I
-15,232473 8,502805 N0IV
2,988391 4,538639 S6III
18,894096 -4,910464 L4V
-17,246242 9,091152 J4I
-8,103463 5,774907 Z7VII
42,908210 34,837778 S9I
36,655342 2,506619 Y1VI
4,927635 2,194558 G1V
3,237903 18,363822 N0III
4,203327 17,306947 G6V
7,185859 -14,480148 L0VII
-4,766593 6,964783 J2VI
-5,317963 5,865281 S3IV
2,682521 13,361258 Y9VII
-16,694739 7,083270 Z0IV
5,386776 3,966131 Y7VI
17,781207 -3,627253 Z5III
26,164934 6,586768 N8IV
-18,544909 -6,547201 Z4VI
4,940580 5,244070 S0VI
19,481399 -4,481822 Y9VII
9,020077 -15,037838 G9VII
-14,634605 6,189935 Z0VI
-5,423183 7,307977 L2I
17,463467 -4,238947 J7IV
26,799936 5,938896 S3V
8,180633 -17,025984 J8V
4,541850 5,215337 L8VI
-16,797535 8,319148 N7I
-20,388453 19,012774 S0II
23,788271 6,095732 G4III
12,477431 -3,413087 Y2VII
19,138508 -4,366240 L4VI
17,710971 -5,785024 G1IV
9,424113 -14,629859 N4III
-15,064776 9,964464 Z7V
5,900624 14,278465 N3III
9,808114 -14,432220 G2V
7,215158 -17,806130 N0IV
-4,245993 3,037374 S6II
26,606936 9,443531 J9II
3,030827 2,435995 Z5VI
6,302666 5,427272 S7II
5,852578 15,251713 S2II
4,937469 14,965601 Y5I
-19,161192 -21,972545 S9VII
19,667155 -3,211216 J1VII
6,956503 -15,986453 S4V
26,661506 5,876026 J6VII
4,704441 14,945543 J6VII
6,355510 -17,447883 S2V
-3,409941 -4,925519 J7II
17,523519 -1,877450 G3VII
4,263000 -31,312355 G9I
-4,733248 -2,887152 Y3I
1,745731 15,949185 N1I
6,677362 -15,379055 S6III
4,510841 1,552565 J4II
23,177387 7,591878 G3I
7,999787 -15,929137 Z5II
-6,295743 4,250987 S4V
21,541266 -33,674633 Y1IV
-4,665189 -6,956427 Z3V
4,977124 16,775149 Y0VI
-32,030542 24,476828 N6VII
26,670527 6,037179 G6VI
5,160999 15,162849 Y5VII
-1,670736 -4,877508 J4I
-7,779725 -15,714933 Y9I
24,185626 7,448746 S3VII
24,008544 9,475429 S9IV
2,855374 5,197112 Z1III
2,781940 16,814431 Y7V
3,023385 16,035021 Z8V
-4,468228 -6,494413 G1II
22,367851 7,796513 Z5VII
7,230583 -16,332005 Y3I
-7,431407 2,931737 L4III
-18,833757 13,475728 N5IV
2,543066 3,820636 S7VII
-7,334394 6,726778 L2VI
2,730528 3,957279 Z5I
6,787349 -15,056416 J8V
3,659672 1,897350 L7VI
-6,738577 5,235481 G6V
35,581485 21,521222 Y9VII
5,800524 15,282364 G6I
24,600343 9,842035 G4VI
-15,770365 7,419182 S4II
25,651820 5,943849 S1IV
-17,568751 5,879394 J3II
2,603422 3,024758 Z5III
15,491170 -10,091748 L0VI
9,248849 -37,125364 S3II
39,181607 -37,242125 Y4V
-4,335284 -2,426936 S4I
-4,824951 6,984515 J9III
-7,419660 4,785181 N9VI
-7,642073 5,113638 G8I
10,119178 -16,788526 Y1VI
-6,811079 2,736559 L9VI
-4,882828 -5,359038 J3VI
5,899142 -15,631165 Y7I
-4,745844 4,836509 J6I
-3,621041 -4,758461 Z5IV
8,747503 -14,102460 J0III
23,875369 9,689357 L1IV
-3,384873 -6,896387 S5III
-14,699322 9,735516 J4IV
-3,531535 6,024974 Y7IV
23,062585 8,872911 Y3I
2,785468 4,165018 L6VII
5,105744 14,807193 Z1II
38,057510 -26,771903 S6IV
19,523370 -2,634261 Z4III
-25,651486 30,158825 G0V
25,661723 8,198891 Z9V
-15,022100 25,490352 L2III
4,274883 3,680362 L3II
-8,182089 4,692049 Y7V
-26,369753 -15,818821 J7II
-7,022250 6,143611 L8III
-9,776955 -33,580279 G3IV
7,665543 -15,109228 Y8II
-18,925062 13,598532 G7III
33,644275 -20,960709 L0V
-26,522315 -30,073684 Y6III
6,017281 14,972916 N4V
6,806464 -15,676534 N8I
19,054755 -1,339608 G0V
41,263603 -5,109424 Z0II
23,679599 6,216281 G5V
-2,617959 -5,271912 J8I
28,627580 -36,695738 Y8IV
-16,462342 6,721798 Z6IV
-14,655980 8,108959 Y6III
31,082738 14,718963 J9VI
-15,393213 5,433439 G8III
-7,020898 5,965666 S5I
31,050069 2,444165 L3II
-27,626345 27,431544 G6II
4,032277 13,924721 Z3I
4,749617 14,738102 Y3II
-15,012270 6,086971 N5IV
16,632612 30,793896 S0II
2,188473 4,451863 Z1VII
-5,170998 -4,273750 N6V
-3,189660 -2,257717 G3V
20,722743 -1,953303 G1V
36,163116 -11,245812 G4V
24,209827 9,242374 Y2V
44,031641 -26,214804 Y3V
-6,063385 7,688955 Y0V
22,730853 34,989304 Z2III
27,289725 8,182893 J7IV
-39,184423 -34,614337 L1VI
5,277984 5,913203 J5II
20,049473 -3,324890 L2VI
23,674304 9,098257 Z6VI
8,624623 -15,083621 J2VI
-1,851208 -4,328232 L2V
18,085556 -5,427025 S4VI
-4,395063 -5,393750 L4II
6,119124 4,331402 Y5V
3,865052 4,533418 N0IV
-15,479459 9,447699 Y4VI
9,534734 -14,069829 S8VI
7,945201 -13,299862 N1II
41,637842 -14,867161 Y3IV
18,188248 -4,500987 L2VII
-37,780035 34,917401 G1IV
17,242916 -3,730065 Y2V
26,582839 9,869230 G6III
-16,017221 8,223473 J6III
-22,861093 35,032633 Y2VII
2,706726 13,344608 J1V
-4,420467 4,919325 N2V
3,137276 2,658351 Z1I
3,292943 14,425565 J5III
19,813897 -1,840686 L2IV
27,320989 28,125686 N2V
7,555022 -16,448849 Z4VII
-7,773715 5,884018 G0VII
-7,966278 6,722467 Z9VI
25,032131 9,190103 J2III
19,373514 -4,796157 Y7VI
3,488723 3,619052 L0I
4,089172 2,099351 J3I
19,793558 -1,609957 L2VI
4,049871 6,409253 J4VI
-6,036042 -3,347275 N2IV
7,162430 -14,824283 Z3III
-12,435445 -33,079940 Z9IV
10,003442 -16,254019 G4V
9,852486 -15,153908 L3IV
-5,454958 7,272995 S7IV
-4,746691 5,870928 L2I
-31,352875 0,638780 N7IV
4,191714 18,398428 J1II
3,132886 14,036637 G0VI
16,671908 -1,588511 G5I
45,448058 18,184600 J4V
-36,099444 8,123215 L3V
-4,468975 -3,312755 Y5IV
38,498793 -12,713820 N3IV
26,980230 8,850433 G5IV
3,998976 3,251195 Z5V
20,630663 -3,216190 S7I
-4,944677 -6,690030 N8VI
3,670001 2,806401 G3I
-2,146773 -5,441279 N1VII
5,598629 16,770127 L2III
17,732769 -4,292985 N6III
8,926966 -17,169366 Z6IV
3,935010 2,141718 Z1I
-3,212422 -2,804720 L3V
6,076080 -14,842602 G9I
-3,937838 -4,186809 Y3V
-16,655665 7,255530 J0VII
-3,388143 4,402628 S0VI
-34,787837 -25,090245 J5I
19,231110 -2,851594 G5III
24,326629 10,254561 J0V
-4,463811 -3,193574 Z3VI
24,554883 5,974604 Z7VI
2,360275 2,397839 S3V
5,429885 4,288814 L8VI
-15,644152 5,716309 G4VI
23,883256 6,084722 L6I
7,515320 -14,884084 J8IV
20,379059 -1,761114 J1III
-28,849078 16,927277 Z0I
3,673560 13,829489 N6II
25,579049 -37,514509 S4VII
18,298504 -5,754523 Z1III
2,697785 3,087584 S4II
45,672990 -12,048709 Z7VI
2,880157 17,621884 Z7III
35,806626 -21,337408 J2IV
-5,431086 -3,159625 L4III
-6,237111 3,428248 S1I
16,029242 -3,436306 Y6IV
23,456222 8,832779 N8III
10,539455 -14,536348 J1I
6,421084 16,120146 G0IV
-4,325304 -6,233280 L4II
-3,331488 -3,893578 Y1VII
-6,095835 6,459527 Z8III
25,863407 6,820211 Y8II
3,902123 3,137311 L9VII
10,595393 -16,427233 Z4VI
19,989618 -1,223010 L6IV
40,875570 -16,440782 J4VI
2,536839 17,208053 S7V
-34,537892 -23,001677 J4V
3,063572 5,266890 Y7I
8,548500 -16,282211 L9V
7,733616 -14,449335 N6V
-5,219492 3,764662 Z8VI
3,943320 16,065006 G8I
2,105706 2,225054 N6II
7,742703 20,127844 N1II
14,613568 -36,964277 N5II
-2,173349 -34,409950 J5VII
2,558833 4,929242 Y0VII
9,754013 -13,414181 Y4II
4,542371 17,945801 S2I
-3,061440 -2,397468 J4II
2,914000 15,268813 Y2I
18,860420 -5,045925 Y8II
-22,411400 11,760099 J7VI
3,599775 17,495341 G7I
-15,896302 5,373173 G7III
-9,704555 10,540025 N3III
9,595609 -13,581853 J3II
-4,758011 6,294638 Y0VII
-5,123196 3,357260 N4IV
4,549026 15,532481 L5III
25,422910 5,666678 Y8VI
25,290796 27,943277 N8IV
-7,870932 -14,058836 G0III
2,441366 15,282752 G3IV
8,598278 -14,626749 L5I
-4,355194 -4,128949 Y8III
-5,596274 2,796055 Y4II
25,696762 7,562277 G7III
16,959674 -1,689225 L4VII
-5,530945 -6,417206 N3V
11,177857 -30,895316 L9VI
-36,683661 34,814677 J3III
18,222920 -2,538700 Z5V
4,471633 14,825885 N4III
34,602605 -21,162451 N0VII
-33,404931 -28,337146 S0II
-14,773972 8,454205 L8I
-6,006010 5,506289 S4II
-14,949156 6,864804 J3III
29,109720 25,742300 Y5VI
18,486014 -2,418610 L5III
18,613189 -2,626402 G3VI
-17,716920 0,881845 N5I
-6,723581 4,506769 J3IV
19,552950 -2,068418 G8V
-26,670135 11,612923 S7III
-7,414263 5,072032 N7IV
5,013380 15,207376 J7VI
17,802867 -1,457474 S0IV
4,330455 3,004051 Y5V
-25,467828 36,170898 G6VI
-2,663694 -6,692022 S1VI
35,178161 2,246048 Y1V
-4,736733 5,739995 Y2VII
-8,135960 6,505138 S4IV
6,031798 14,472385 G9VI
-17,666804 -9,707583 J5II
20,421329 -5,136178 Z7IV
6,319908 -16,232341 Y5III
2,669577 16,561693 L0IV
7,633786 -16,176503 G7V
-15,544610 7,666809 Y5III
-16,717068 6,512081 Z6IV
19,611153 -4,403093 Z6I
-7,364232 6,744624 Z7I
25,463171 5,191995 J0V
16,064683 -3,861387 L4III
23,498170 9,038102 J5III
3,349277 15,633426 Z9V
18,382377 -3,489246 L9VII
-16,240714 9,137357 N7III
2,726695 4,510376 Z8VI
4,182357 16,210190 Z0VII
22,584419 33,039641 N4I
-7,044995 -11,327658 J8I
5,706833 14,075991 Y2VI
6,908416 -17,364611 Z5IV
16,254735 -2,972640 Y5IV
0,647555 10,088765 Z6II
9,361828 -16,266316 Z4I
19,394682 -1,867567 G6VI
-4,333876 6,798481 S2IV
-32,027142 -15,678562 G5III
7,309330 -17,844142 Y9VII
18,120981 -1,095106 N6VI
-5,287804 -2,303603 Z3III
-7,587607 4,469454 G9II
8,918452 -17,767585 G3I
26,202924 8,364211 L5II
-34,421471 26,293117 Y5II
20,315340 -2,833154 J7V
9,300781 -15,726000 S3III
16,575132 -3,771857 N6V
31,708985 12,721852 S3II
9,828830 -15,513654 Y2II
-15,911566 10,461444 G7VI
5,515678 16,829273 J3II
3,132139 4,970923 N0II
6,413011 5,062110 Y3VII
-2,830758 -6,875660 Y5IV
45,816497 -7,964376 Y3II
24,968404 7,952705 G3IV
19,048984 -1,495876 L5IV
8,416544 -15,455473 N6VI
20,642142 -3,481242 S6VI
-14,895976 8,087436 L8I
22,510444 8,381923 S9VII
-15,486873 8,912376 S5III
41,030231 -21,878122 Z3II
-5,951645 5,660491 Y1V
-18,489645 6,649848 J3III
-2,007749 -6,135173 J8III
-37,437066 23,037775 G8I
16,003410 -3,044312 S4VII
7,020812 -15,135611 L9VI
17,143794 -3,424649 Z3IV
2,271134 -18,652605 Z1IV
-2,625725 -5,188406 G3VII
-5,124510 4,615435 L5I
-6,395816 -3,981005 G4III
9,822987 -16,726790 Y9VI
-19,164371 -35,837638 L4I
23,527368 5,876233 Z8V
18,351375 -4,640477 S3III
-26,595018 -3,497755 L3VII
16,612033 -4,192893 Z5VII
20,627035 -3,519908 Y5VII
-3,505501 5,206274 N7V
39,598807 -9,503378 Z2V
19,930665 12,039596 G8V
11,824027 12,763099 Z0V
-5,814434 -3,080116 G6III
26,982486 8,389770 J4I
-6,289997 4,694602 Y0IV
17,561765 -1,582448 Z3VI
16,985173 -1,503979 L5V
16,054839 -35,160254 Y8II
-5,410988 5,174275 S5II
39,228263 26,699932 N7VII
-2,021472 -6,176744 J9III
19,087577 30,378350 G1I
-3,725213 5,620805 Z8II
-4,881359 6,635434 L8II
38,363369 -19,825256 Y5VII
21,183276 -3,344931 J7V
-7,072874 7,240333 N3VI
-2,878617 -6,221915 G0I
2,228478 17,149094 S6II
4,783018 18,029349 S5I
19,462661 -5,700152 L8VI
-7,862723 4,282576 N5III
45,194543 38,348369 N6VI
-13,878192 7,396443 Z0I
1,695264 16,401791 L4VII
4,768376 17,618623 Y3VII
9,853064 -16,280322 L9VI
6,026696 -15,813472 J7VI
10,444829 -14,201814 Z9V
-4,240509 -4,718066 N9I
7,973929 -17,573849 Y6VI
2,050707 13,862885 L1II
-38,048467 -3,227641 G8I
5,693756 15,096700 Y3VII
-4,652136 4,057101 J5I
5,307124 14,962086 G9III
9,704089 -16,981151 G2IV
-17,706662 8,816488 S8II
18,694619 -1,630470 L5III
-4,406683 -1,893257 N2II
16,557472 -3,369154 S7IV
-7,013192 7,244380 N7VII
7,283563 -16,879151 G1V
4,541062 6,446707 S3V
-26,192098 -34,127027 J9II
34,739301 -1,198805 Y5I
-2,172481 -4,879072 S1II
-16,477880 7,863957 Z6IV
23,880568 8,335380 J4VI
-5,832865 4,869519 Y4IV
-1,154364 -37,286379 N6VII
-9,519206 26,007492 N8V
-11,542857 22,375806 Z4III
7,961761 -14,859277 L0I
2,447364 -24,865858 Z1I
2,666327 3,449521 N8VII
-2,033059 -3,980215 J2VI
19,568058 -0,986413 Y4I
-6,771330 7,402135 S9III
-3,405263 -31,908196 Y7VII
24,222981 8,405669 Z2V
25,384028 9,721124 Z1VII
4,439638 14,653212 Y1VI
3,906573 13,458692 S5I
43,672190 -7,658502 Z5III
4,452421 5,638292 G2IV
25,326317 10,063579 Y5VI
-6,186656 5,628431 Z9IV
-15,527378 7,596294 Y2II
29,340823 32,640775 Z1I
5,350538 17,245596 S0II
7,736774 -15,628194 Y2VI
19,133547 19,840176 L5V
19,627928 -2,368132 G1VI
2,894821 3,760371 J5II
-3,757342 -6,977141 G7II
16,490452 -2,339719 Z3VII
-16,853124 10,179714 N6VII
25,434946 8,687861 G7VI
9,677334 -16,630294 Y3VII
-6,373592 -5,037962 N6V
16,212061 20,506432 J9V
4,640952 6,427719 N5II
17,241763 -2,234102 N0VI
3,173731 13,232053 S3VII
-28,095574 19,281181 Z8III
9,059791 -15,030214 J8I
19,378264 -9,472799 J6III
8,891206 -14,805969 Z4VII
19,279110 -5,965990 G5IV
32,840122 6,529269 S8II
-6,650723 3,168953 J1V
23,618326 6,989832 Y8VI
3,806212 14,637830 S3IV
8,255446 31,811052 Z0III
4,090292 3,638569 Z9IV
17,980402 -5,750484 S9III
25,339319 5,336341 N9VI
24,923227 5,888573 L6II
17,660399 -5,494734 G1I
-4,919137 -5,198176 L8V
22,055214 18,335631 Y2II
18,002175 -5,228324 G4III
-14,273066 14,244550 Y4III
-0,804012 -20,213537 Z9III
3,711688 4,670619 S1I
6,664066 -15,847309 Y0III
4,766733 17,217815 N2VI
5,320855 5,924937 J1VII
-3,552211 -3,281304 N8I
10,549600 -14,856804 J9III
-4,836119 2,754720 N4II
19,036722 32,975895 Y4I
-16,980079 8,347431 Z1IV
3,101079 2,039700 G9IV
1,675159 4,601485 N6VII
-18,815277 8,673601 Y2I
-23,906075 -31,346082 Y6IV
6,046730 15,876723 J3VI
3,904591 13,323104 J7IV
6,016678 -14,472212 J9V
7,585016 -13,991338 S1IV
-7,056969 2,669180 S1II
-2,871066 -2,988791 S4II
2,784894 17,543016 N3I
-1,950341 -4,956605 L1III
17,281133 13,924750 J2IV
8,448382 -17,032216 Y6III
5,557250 6,247036 Y7VII
5,042652 13,652945 J4IV
2,207979 3,532514 L0IV
15,668570 20,748691 Y5I
-6,487764 3,423858 L5I
-2,530097 -6,202350 G4VII
4,916532 4,634006 L4II
-16,691416 10,387433 N4VI
-38,651970 -27,064604 S3V
-3,465343 -3,337209 L8III
16,994574 -5,133003 L7IV
25,742131 9,202586 L2V
-6,484083 7,536498 J1II
-5,277568 5,187825 Z6IV
5,931199 4,991548 Z6I
-24,206513 6,223646 J8IV
-5,691320 7,086792 Y9III
27,551251 -14,868988 G9V
5,488742 5,602326 L0III
4,228100 4,750148 J2V
-6,094700 -4,150100 L9I
26,368537 7,337442 Y8II
-4,933609 -5,758552 Z8VI
-1,812701 -2,837518 N4I
4,024667 15,059790 G8VI
-17,291188 9,597122 Z9VII
5,475185 15,757499 S3IV
24,015010 7,836169 N2III
7,556635 -13,425660 G2I
-18,079487 9,667021 G6V
19,380525 -4,384252 L3I
4,251489 15,702781 Y9V
-32,740444 6,642771 Z2VI
-18,321865 8,989408 J8I
-28,529367 10,716907 S4II
-7,698603 4,939263 L3IV
-9,608650 -0,154516 Y6V
8,456607 -16,958217 J8VII
6,935944 -14,299579 J6II
25,811077 7,578196 Y1VI
4,732630 14,315488 N7III
-15,764434 -10,510849 S8II
17,925719 13,985243 Z1I
5,241682 17,306113 Y4I
33,082531 7,772509 N5VI
-5,264147 7,520744 N7VII
2,705970 2,940345 Y9VI
37,054752 12,974436 Y6I
37,681740 -8,612486 L2VII
2,816356 4,250610 L7V
19,453952 -4,861205 Z7VI
-3,160263 -2,308623 S0I
3,378331 14,795769 Y9VI
9,404932 -15,550548 L5II
-5,112528 -3,809557 J3II
16,713246 -2,586589 L2II
-29,849242 2,980670 Z8V
20,305330 2,020577 J0I
4,201519 2,812012 J1I
26,837344 9,630922 G7II
5,915362 16,951663 N2VI
10,346537 30,737606 G3VII
2,440521 15,108888 N4IV
-16,549486 6,003081 S7V
2,649966 18,061113 Y7VII
-15,853719 10,235004 Z3IV
9,946087 -15,489758 L2VII
-25,144245 29,892942 G6VII
4,141918 17,165538 Y8VI
25,158586 5,483782 S0I
19,393658 -2,297639 N7IV
6,355240 4,535218 J8I
-20,835841 -23,036160 J7I
4,728471 2,719220 J4IV
1,228229 15,580302 J3IV
22,994751 7,907031 N1VI
5,724195 -15,100662 L3VII
-17,447983 5,762687 L4II
-17,837194 6,019920 S4VI
5,996408 -16,177239 J5V
5,050478 1,720865 S9VI
5,230381 5,065836 Y6IV
7,396353 -16,310188 Y8I
-4,497687 -4,336371 J3I
-17,535458 5,855360 G9III
17,588023 -18,301305 J8II
38,095214 9,053874 L6II
6,192692 2,544152 Y0III
-5,838552 2,602580 Y6III
5,468032 15,775579 Z6VI
4,851622 17,651727 L9I
-5,693092 5,039991 L5VI
12,204351 -5,215566 G3II
30,022726 25,474189 Z4IV
19,235973 -3,825171 N4IV
7,161234 -17,745728 S8VI
-5,158834 -2,704825 S2I
29,906825 15,814709 N2VII
-17,743638 -9,806872 Y3II
18,112981 -5,059037 J3V
-5,987230 4,848845 Z5V
23,722260 8,300285 Z1VII
25,787936 9,896331 N0VII
24,626277 6,916261 Y5VII
5,344437 2,164631 S0III
-36,530468 13,476960 G9V
23,357258 6,084125 N7IV
18,386957 -3,234330 Y2VI
16,702471 -2,247330 Z3IV
-6,263130 -4,568174 S2VII
-3,083967 -5,286536 N9III
-18,099758 9,422086 N7I
-24,992867 -37,303035 S9II
-34,403006 -14,745614 J0VII
-4,885124 4,290385 S4II
17,349884 23,285648 L5II
-3,921087 -4,318672 Y3V
-16,292279 9,609362 G1I
4,625259 4,368489 Z2VII
-15,376447 7,216530 Z2III
-11,539608 -28,840576 G2III
31,520597 -37,557792 N7III
6,076085 -13,708268 S8VII
-11,319170 -37,895790 Z7II
3,373203 1,980834 N5VI
6,891317 -14,787807 Y0IV
-9,482471 17,189779 G0V
-6,870032 5,151134 S0I
4,188444 17,250170 Y1VII
6,367070 3,720373 G1IV
17,280506 -5,398943 L9VII
-6,252412 5,538677 Y1VI
-16,051924 9,295310 Y0III
1,296799 15,012920 Z4III
20,436796 -4,668950 Y3II
27,489622 7,626832 N5IV
-22,352212 -37,067648 Z1I
-4,196119 5,787715 N8VI
5,081653 13,545332 S5II
24,534422 9,381928 G1VI
3,332661 6,567532 Y2VI
26,520642 7,856178 Y1V
5,551248 4,445712 J1V
-14,757416 8,439855 G7IV
35,634967 -7,912646 Y6VI
-6,922544 3,930158 L8V
8,501564 -15,532007 S2I
-17,141644 7,659948 L1III
24,393386 7,104697 Z1VI
2,079291 16,488276 Z9VI
5,147022 2,496775 Y2III
7,976716 -14,488044 J3II
16,553159 -4,087789 G4VII
17,704758 -4,903041 Z4IV
7,726510 -16,999555 J9V
-16,802528 9,938932 J3VII
5,060381 2,054115 L0VI
-6,772458 2,802447 G1IV
5,354665 3,273229 G4V
1,942235 4,238595 S6VI
17,458572 -2,182080 N9I
2,612737 2,001481 L0I
7,464074 -13,003123 G2V
-4,049173 6,495422 G0III
-5,228066 -3,965674 Z0III
-26,760752 16,105369 N4VII
-4,116762 4,154160 L6IV
24,006048 -5,332312 J3IV
9,600855 -16,102554 N5I
9,568021 7,425694 S2II
-0,206072 -25,915058 G7IV
31,029342 6,018410 Y9IV
6,289831 -14,616078 J4IV
-3,042843 -5,027654 G9VII
-14,648542 -28,104978 J1VII
3,025844 16,045885 S2VI
-16,639712 5,889603 Z9V
-15,435994 8,260371 J4II
1,975775 15,568676 Y7IV
10,491105 -15,106161 J6VII
18,763063 -2,318617 S1V
5,569197 16,869608 Y6VII
17,890665 -4,165227 Z9III
38,704699 -16,332987 Y1II
16,150403 -4,661267 J5III
18,814045 21,984949 S6VI
-19,252408 -3,431484 G3V
-27,598951 -17,752943 Y4VI
-5,147159 4,166626 J1VII
-7,965264 -27,700909 S4II
0,386414 -37,178173 L8I
-19,778233 32,258684 Z8II
24,453677 10,121143 J8VII
-23,849626 -24,086542 J4I
24,127235 9,286480 Z2VI
-4,846293 7,291992 J0VII
6,327266 -16,275735 J5IV
-14,745095 -10,493803 G8III
8,014522 -17,449318 G5III
11,263270 13,142023 N6IV
5,862596 4,662634 J2III
-15,323103 7,220920 L7IV
26,372887 9,362291 L6VI
-4,017748 3,719954 L3VI
-35,104295 4,541904 Z3III
8,626559 -14,383008 S2VII
-5,583613 7,088535 Z4III
9,257531 -15,020685 J3II
2,115259 5,892487 G6V
16,576366 -1,942093 N4I
-34,048513 21,350576 Y8II
8,215995 -14,626635 G4VII
-7,395012 5,884410 S4II
20,565605 -2,050576 L3VII
6,415045 16,279598 S0V
-18,002042 20,273061 S7IV
-5,099797 26,887791 Y7V
6,129729 -7,401322 L7VI
41,230947 -8,725221 J6I
17,371668 -1,295497 N0VII
42,829410 -32,168778 J8I
24,744636 6,444945 Y6V
5,495898 17,846501 J7I
-15,466791 9,101876 G3I
-16,440815 30,204613 N0III
5,986668 14,337038 L1III
16,041232 -3,082104 Z3I
7,939437 -14,760058 Y6IV
4,614513 15,331732 N3III
4,198470 5,144122 Z6VII
-16,689383 7,313042 N2VI
-4,244076 4,608322 Z4VI
-3,555774 -7,008525 L1I
2,865691 17,764052 Y5III
5,179835 14,331598 G7VII
-5,798698 -2,715804 Y7III
18,018451 -1,020308 G5IV
-6,511514 -4,071951 Y4VI
1,829950 3,709743 G7VII
-1,866479 -4,804456 S9VI
-7,249844 5,680017 S1II
2,636641 15,653061 G1IV
3,003908 31,993672 G4VII
16,939179 -2,593545 L6I
2,799336 16,435253 S0IV
10,354083 -15,392580 Y2V
2,638228 14,173290 Z2IV
3,537219 17,686722 Z0V
16,345974 -3,715676 G8VII
24,209843 6,574292 Y9II
-16,963352 8,028537 J1V
-32,878609 -29,999553 N5VI
-3,587366 -6,324961 Z5III
17,435032 -5,103066 Y5V
-2,548500 -5,869761 G5VII
23,917523 8,633270 L6II
18,980977 -2,984586 S7II
8,374339 -17,614965 N4II
-3,236641 -5,434578 J7V
-23,383345 -24,023910 Y0II
6,966079 -16,317438 J0VII
18,801545 -4,866580 L4V
24,938814 5,519030 N2VI
3,988403 16,086547 N1VII
18,174870 -3,639752 Z8IV
-18,038660 6,327781 S1VII
5,626859 -16,130403 L2V
9,715007 -13,770851 Z5VII
-34,930684 35,763568 L7I
-22,960905 11,043750 Y0VII
18,787937 -5,754907 S1II
24,066082 8,572309 S2II
-3,387234 -4,107184 L6VI
24,830281 7,614527 Z0IV
-14,363847 6,949365 Z3III
-4,443146 -6,800304 Y3V
18,854018 -1,246412 J1III
-18,552100 -37,422890 Y7II
5,077065 2,144242 J6III
-6,440601 2,647106 N5II
8,452975 -17,793480 N3II
24,919836 8,067293 N0VI
26,571121 6,828161 Z4I
23,212409 8,296471 G5II
16,775547 -3,855995 N0III
39,424235 -17,567469 L8V
18,384585 -1,208160 J5V
3,145806 14,705857 Z2IV
-20,314936 30,915447 G5IV
-5,173597 6,160843 G1V
16,723580 -4,283096 N6IV
20,622188 -3,663690 Y1II
-22,052642 -25,114522 N3V
-3,777056 6,390841 N0IV
10,411994 -15,295742 J7VII
6,355762 3,085904 S1II
4,804313 17,818500 J5III
7,835927 -17,314323 S7VI
3,502573 15,630768 L4VI
28,883598 30,103121 J0IV
-3,910532 20,974102 Z8I
-5,538544 -3,766533 N0VII
-4,913431 -6,464293 S0V
19,027271 -1,515089 G5II
17,861934 -1,031201 Y1VI
6,201800 4,706601 G5I
14,370136 28,182305 J5VII
-4,345531 -3,290208 L5IV
1,645252 -28,900887 L2I
6,818564 -16,636220 Y8II
27,491940 7,409166 L2III
26,836960 6,739051 Y7V
26,427181 9,202680 Z4II
1,357725 16,090421 N5III
6,417869 32,862725 N5VI
3,554173 16,327688 G1V
-5,303159 7,108517 J1VI
25,585668 6,367948 S5VII
3,481582 1,898929 J4IV
-5,076857 25,255596 S9VII
41,072579 4,911441 S4V
35,298212 -35,934164 Y9IV
5,640670 13,814872 G8II
-3,746895 5,482336 Y5III
18,948169 -4,692967 Z7II
-29,725648 28,956028 J6VII
5,190925 13,532752 N1I
8,480052 -14,684526 Y5VII
2,701382 3,362568 S7II
-19,028435 -32,898250 G2III
-18,473648 37,522059 Z7VII
8,805776 -16,996077 L0VII
-2,754935 -6,146554 J5VI
9,686352 -15,653455 G2II
7,758264 -15,385580 J0III
-18,039914 7,157183 Z8IV
44,704961 2,787100 N5V
19,887711 -5,549636 G4VI
4,895943 14,826991 N4VI
-7,675804 5,865701 J1V
-18,226465 9,186670 L0III
17,880336 -5,779107 G3IV
23,732243 -11,732545 S7II
6,284816 15,372755 L0IV
6,152511 5,103386 Y4III
-2,344241 -2,351282 G5I
-1,494330 -4,681847 Z9III
10,716621 -15,711906 Z2I
-15,155354 8,298148 J7II
-6,960232 5,490255 S9I
18,552902 4,786666 Y2VII
1,818660 4,137317 S7III
-22,411405 -3,665836 Z8I
-16,040908 5,299194 Y9III
6,147642 3,769963 L9VII
-12,052344 -12,734723 G8IV
18,276053 -2,504547 J4III
-4,853512 -2,208630 G1VII
2,045882 16,625489 L2VI
5,864102 14,927177 L9III
20,465055 -2,327693 G3IV
7,537959 27,601504 N4I
7,714795 -17,339271 J5I
-17,363135 8,494879 Z1VII
26,513380 5,997102 Z6IV
-38,053012 -32,315504 Z3II
5,501580 -25,315486 S1VI
-6,023110 4,667602 G9VI
5,792268 14,652918 G0I
45,477955 -13,732324 L0VI
10,353186 -15,853480 Z7IV
9,119262 -14,895969 Y6III
-8,047558 -27,063948 Y1III
4,255365 6,655227 Y7VII
21,639879 -28,847248 S4V
-15,230239 1,443052 G5VII
16,747521 -2,460483 G3I
-7,848850 6,719369 N8VII
23,761162 10,001053 N2V
38,840052 33,930176 S5VII
-6,980131 4,616379 L7I
-6,464867 -3,781858 J3VII
24,536101 9,482026 S2V
18,737590 -2,140734 J5III
-16,040887 8,445697 S6VI
24,234558 -35,313112 L6V
29,907285 19,069343 J2VII
19,402803 -5,515383 Y6I
17,268235 -4,443377 Z3V
-5,418294 4,769908 J0I
17,049838 -3,081933 S0I
6,184992 -16,275156 J6VI
-16,979175 8,125995 N9VII
-3,711843 -5,638784 J3IV
6,566996 4,002990 S7IV
-16,410747 7,293962 N0VII
-17,865608 6,060034 S2II
2,659620 13,714992 L2V
5,872800 -20,715726 N8I
1,497415 3,614626 J7II
-16,276683 9,905622 Y7VI
17,586929 -1,739642 J7VII
39,101330 32,187830 G2I
6,373629 -16,932917 J0I
-18,660187 6,846623 Y2VI
-17,684079 8,417584 Y7VII
-8,268463 6,247838 N7VII
24,126246 7,906995 Y0III
7,191632 29,378707 N7V
-11,873671 3,225382 N9VII
9,959373 -16,900502 G6V
3,299978 14,918341 Y6I
21,959163 -13,025780 Z6VI
32,090004 -28,295574 L1I
2,322524 13,650318 J4II
2,622327 4,498719 S8IV
-5,996325 -5,978744 L5II
-18,962806 -5,836700 G2IV
-16,032410 6,471995 S4VII
4,508198 16,193323 S7II
-24,254905 4,952800 S4I
19,928190 -16,856887 N9III
25,773382 6,871561 Z0VII
-2,980859 -3,251741 G3VII
-34,206652 -2,093454 S2II
5,885250 -16,673210 Y5III
3,611395 17,435191 S7III
-5,633464 4,364913 S5I
-5,059830 -2,880409 J6II
-5,618920 -4,659943 N6II
12,756467 35,355635 J1I
-16,078865 9,602324 G6IV
-7,762377 3,235050 J1VI
-29,640761 35,988074 Y7VII
7,858155 -14,717936 L3VII
0,257401 22,377391 S8VII
24,466661 8,883171 J1II
-11,615634 -29,714834 G3II
26,858778 7,616389 S5I
26,480630 9,260108 J4VI
2,367228 15,929138 Y3III
-7,461398 2,974347 J2V
-17,030886 7,572593 N5II
10,273469 -15,435659 S7VII
5,776800 17,247838 G3I
5,509088 4,668884 G3I
9,478720 -15,862559 G8IV
3,225848 17,918462 L4VII
23,931148 -31,936009 Z4V
-5,600718 -4,881040 Y0II
26,479176 7,020962 L7I
17,815519 10,300489 J3VII
-8,433897 -18,465676 Y1III
6,305779 -17,202639 L8II
20,100695 -22,058777 N9I
-32,728409 -9,814809 N2IV
-3,589191 -5,794014 G4IV
-14,478027 9,194922 G3IV
17,269000 -1,629163 G6II
9,089070 -17,887071 Z7VII
6,721816 -15,953874 S4III
4,326423 22,902011 Z3I
-30,360048 -6,902555 J9VII
14,619368 12,031084 L6III
-2,697924 -3,086936 Y1IV
4,109610 13,733250 S8V
5,257079 5,550930 N9V
4,931736 4,694200 Y0I
-7,878865 3,647707 Y9VII
31,411691 16,218670 S6II
1,782412 5,605364 S9II
14,110195 26,539759 J8IV
-3,882140 5,634001 S7VI
6,394522 16,369784 G3VI
-5,530538 -5,247369 L1VI
26,810037 6,928954 Y0IV
-15,166205 -4,082888 L8II
-15,989397 6,728632 S7VII
17,944051 -5,155423 J2VII
15,701193 -19,619834 Z9VII
8,498143 -13,306192 Y2VI
-7,678588 6,405365 S7V
3,460220 17,016936 Z6VII
44,002577 22,689451 Y1III
-16,211327 9,330907 Z6III
39,822508 14,466961 L4IV
-16,533483 5,593871 J7III
3,380755 17,907698 J1V
12,286478 14,312137 N7IV
3,139161 1,968928 L5I
7,792962 -14,977442 G8II
20,661136 23,609847 G1V
2,683083 16,246917 G8VII
5,866044 4,132228 J5IV
1,868900 17,298869 J3IV
7,079817 -17,266248 J1III
-4,285368 6,566294 N0IV
-5,683771 3,540328 J9VII
-4,144475 3,917608 Y2IV
25,879838 7,349625 S6V
6,425255 -16,878254 S2IV
-7,593269 4,920219 L2VI
-14,799465 22,836065 Y9VI
23,526182 7,327246 N7III
-5,837965 5,857351 Y4II
12,384428 9,584091 Y4II
26,358584 23,543002 L4VII
17,992912 -1,924827 N1VII
9,749678 -16,116625 Z5II
-7,635923 6,945400 L9VII
-4,875420 2,742383 J2IV
21,046313 -4,178410 G5VI
7,951460 -15,501379 G7I
-16,901879 7,399104 Y9V
19,505619 -1,446855 Z4I
-4,961059 -3,919409 G8VI
7,328325 -15,093936 Z3II
24,416423 5,824061 L4IV
19,828536 18,708639 N8VI
-22,691475 14,402955 Y2IV
3,115386 5,841556 J5VI
3,163984 17,341849 Y8II
9,100396 -15,682530 Z2II
18,423496 -1,592570 Z4IV
-3,860629 -2,497117 J8VI
24,318864 7,789094 G2VII
19,328340 -5,191540 S4I
-27,450575 9,460583 G4VII
-4,403535 -3,408431 Y5IV
2,915042 15,019958 Z1III
-17,540326 8,570632 Y8III
-5,297103 -5,565040 Y2IV
9,322542 -13,688234 Z0V
13,311434 31,300770 S9IV
5,027940 17,627471 G5III
23,154288 9,616996 S6VI
2,179839 17,388910 Z0IV
2,293358 13,837955 S3II
-16,454110 10,296237 N3VII
24,886257 8,955423 S5IV
3,455640 14,757981 Y3I
-17,383382 8,254637 Z8I
-3,661694 6,441313 G3III
28,584573 -0,302296 N0IV
2,009469 16,891933 N7V
3,708091 16,307486 Y5III
46,885381 -17,542815 S2VI
6,073005 -15,632633 G6III
3,406645 5,327509 S7I
0,630241 -15,855845 S3V
19,323603 -3,617544 S4I
2,612048 15,897834 Z9IV
9,210093 -15,418239 L2II
20,303020 -3,401630 N7VI
-4,021028 -4,583003 S4V
26,328563 8,425529 S0V
-17,270506 6,059156 N6VI
-3,798984 -6,723521 G2VII
-6,820431 3,024601 G2VII
14,558043 30,663620 L0I
2,611873 4,301779 N7I
25,074660 8,465901 Y9V
5,391962 14,250665 J2II
8,902642 -14,875476 N1II
16,249327 -4,749876 Z5V
11,698321 18,058390 N1VII
5,518863 17,822997 Z4V
-18,453790 7,253790 Y2II
-16,019709 5,891879 Y6IV
42,876425 11,122759 G9II
19,775326 -1,802414 S4II
9,728433 -16,942224 L3VI
19,649016 -3,822229 Z1III
2,408824 2,106050 J8VII
-6,323126 3,498354 G3V
-4,705748 4,167740 N3V
-4,877304 -6,498068 Z8II
21,198844 -3,110262 N7II
5,382934 13,638295 L7III
-6,567045 3,906819 G7III
2,144581 14,063767 N0V
2,049761 16,456347 S1VII
23,062994 5,825569 L0I
22,902863 9,162339 J5VI
5,830921 -16,504341 G9IV
10,721234 -15,895489 J6VII
-4,869428 4,100269 J0III
-7,819600 5,229519 Z8III
18,289952 -3,087000 S2III
5,745009 4,512433 G5V
-13,898518 22,935265 Y1VII
2,892642 16,303858 S9IV
6,720843 -17,757991 Z3III
24,912719 7,110060 Y2I
-1,611954 -5,377325 J5III
-8,449855 5,683693 Z0IV
9,053870 -13,667927 L1VI
5,880650 -16,047638 L9III
24,579919 9,649106 G2IV
5,979445 -16,932369 Z6VI
-16,086614 38,404712 Z8I
3,476420 13,163232 L7VI
19,243072 -2,401667 G3I
-3,403410 -4,772328 Y3VI
-39,040490 28,502131 S9V
-2,366171 -4,936630 J1IV
25,095632 7,030800 Z9V
9,514589 -15,586389 Z5III
3,289775 13,380907 Y2III
5,077337 2,964563 S2VII
-7,889590 4,737698 Y2V
-5,909312 3,313541 Z9IV
-5,615160 -5,442482 Y0I
1,966380 17,588525 J8V
-12,688435 1,271446 N0III
-28,299190 5,942460 G5I
-17,025006 5,267611 S8V
5,886587 3,813880 S1III
8,705330 -2,276754 N2VI
4,741376 4,893640 G3III
5,118880 13,845962 Z5I
37,603639 -3,510854 Z4II
-1,902626 -2,706089 Z8IV
-5,571927 -3,776827 S9VI
-15,513195 6,954090 G4VII
-16,229558 5,446401 Z5IV
23,047480 9,263780 S7I
2,700256 17,378369 J0VII
9,603219 -13,520716 J0V
42,436425 0,109367 S7II
-17,706664 9,759388 N2I
9,248734 -13,598875 S3II
4,534781 3,391171 N3II
-7,300295 6,871688 N8III
20,695656 -3,058435 G6I
-5,222986 -3,176326 Y2V
-15,834496 36,003009 L0VII
17,771082 -2,326747 S3V
-22,059392 -5,308278 N7II
27,141148 7,595902 Y9V
27,309238 8,129165 N0III
-5,526978 2,542185 Y3I
-4,592631 -32,048128 J8I
-5,652548 -3,497562 J5V
-0,271882 -16,389943 Z4III
5,438234 17,318013 L4VI
9,616508 -14,737383 S8I
3,360074 5,523970 L7VI
-7,440456 3,097558 J2VII
20,136135 12,619058 N4VI
-7,767268 3,956624 L1IV
5,335613 2,304646 N4VII
2,754827 15,500504 Y9VI
9,857528 -14,867516 L6III
2,862462 3,884099 J1III
8,374042 -12,803593 G5II
-4,301417 6,010005 Y2III
43,207889 18,413706 L1IV
36,166064 7,239709 N1V
40,828379 28,865626 G6IV
2,223036 15,622838 S2III
5,664915 4,778610 N9IV
5,722775 36,538373 Y9VII
-14,591904 9,410440 S1III
-2,032601 -5,114997 S5VI
19,889593 -3,533356 J6VII
-34,015323 -35,511112 Z7IV
27,038810 7,393743 N6III
-31,183272 23,733728 Z9IV
25,834255 7,120023 Y0III
-5,273882 3,723900 Y7VII
17,743687 -3,841392 N8V
-13,957771 -12,073116 J5VI
-35,253806 -19,260049 Y4I
19,902659 -2,084049 S2IV
4,063164 15,220348 N3II
4,230527 2,588377 J1V
-16,317441 7,687900 S6IV
8,151962 -14,415577 N9III
24,988502 10,232532 J1I
8,868881 -14,025178 L5III
-3,288615 -6,550925 G9V
12,002564 10,548987 J7II
4,820837 14,956378 J5VI
7,470144 -17,237323 L2I
-7,977113 4,381510 S9VI
-3,827303 4,408246 L5VI
36,002068 29,318391 N0III
16,506668 32,838988 J8III
-15,819412 7,911257 Z1I
-2,473078 -3,618173 N4IV
30,574421 -18,591921 Z1III
19,638381 -5,478866 Z9III
16,706095 -4,445220 N2VII
-15,308716 7,677032 J8VII
-2,485127 -5,638357 Y8III
20,161459 -5,525996 Y0II
-7,149057 3,305845 Z2IV
19,022709 -2,049587 G8VI
7,822784 -15,671753 N2IV
20,635168 -3,936708 N0IV
18,366642 -5,967472 L1IV
-3,598252 4,806847 L1VII
-17,695778 8,417789 N1II
5,198207 13,673246 Y7VII
7,346147 -16,616239 Z6I
-8,355334 5,233183 J6II
18,699275 -4,674492 Y1II
3,108411 15,609864 N1VI
-17,406023 7,213819 Y5VII
4,823125 4,384563 N2IV
-3,101996 -2,538843 Z2VI
42,917970 -9,822148 G2VII
-3,702393 4,206605 Y7III
-5,960505 -4,692614 N4I
26,373412 7,560668 Z3VII
26,910017 6,534449 J8IV
5,828724 4,949840 S6VI
6,345562 -16,398568 J5III
1,877717 3,729074 G3VII
37,979144 22,574797 G3VII
1,973815 5,260053 J6III
23,476541 6,112991 G4IV
4,459981 5,460324 N1III
6,940876 -15,303267 J7II
6,321045 15,527937 J0V
22,794226 6,767072 J2I
7,641804 -14,465275 S5IV
-6,921007 24,397248 L8I
3,631224 15,940866 J2VII
17,014323 -3,919520 J3VI
19,646354 -5,633042 S6VI
7,369040 -17,030699 J2II
-18,231051 6,962001 S3III
3,314849 15,580074 N1III
-6,385009 6,358761 Y4I
20,653605 -3,058949 G6VI
26,484767 8,404578 N1VI
-16,850605 7,999074 Y4I
27,130550 17,181744 Y5IV
-32,889525 -7,018659 L0V
45,847472 6,412771 L5VII
28,164726 21,022726 J2IV
6,949891 -14,435495 S7V
1,496746 14,630734 J6II
37,982811 -6,372954 N1VI
25,966604 6,335251 L4V
-3,333287 -3,997860 N2V
4,210366 2,889202 J0II
-36,861664 38,247773 G5IV
19,528412 -26,210086 Y3V
23,519643 7,872670 Y9I
2,112418 14,374349 Y3III
6,760757 -15,604821 Z7VI
10,055521 -13,604739 L7I
9,194184 -17,771271 G1III
4,985080 13,637970 Y5I
18,985344 -6,022910 L3I
16,138005 -4,395856 J8IV
-15,529935 9,645103 G6I
6,561485 4,058809 N9III
-7,633923 4,796777 S7II
5,067039 13,647216 J2VI
19,563468 -5,252218 S6VI
3,450918 17,738849 S2VI
5,353995 16,207719 Z7II
31,944631 23,012056 Z2VI
-37,439821 -12,279756 S7I
-6,035991 -4,945142 S2VII
25,868242 8,715338 G7I
4,297221 3,197931 S3III
-23,931596 18,250663 L8III
-7,999737 6,385641 G3VI
8,167359 -15,949478 Y0VI
-6,348927 7,055879 G0VI
8,225686 -13,080578 Y1V
21,019074 -3,737760 S7III
5,732195 -16,107081 Y3VII
9,103164 -13,946529 Y5II
19,898984 -3,326062 G2V
19,419936 -4,845504 L3V
4,619464 14,112567 L8V
13,482258 -24,237979 N3VI
-17,509960 8,269796 S6IV
-5,595795 4,629035 J8V
24,110806 6,128229 G5V
26,822997 21,463377 Z3VII
-22,318051 -32,156296 G2II
-18,971710 7,304929 L4VI
-5,095725 -4,113041 N6VII
-8,265446 5,879641 Y2IV
5,823857 -28,730540 G4III
11,884625 29,437832 S1V
18,107343 -3,462354 Y3II
-2,888476 -3,814885 Z8IV
-5,499374 -5,377060 L5VII
25,021834 5,816164 S9III
19,578583 -2,453444 G6III
25,382343 6,725434 N6II
-6,831753 5,424531 S6VI
-4,864435 -3,193213 G6II
-16,632400 7,750005 Z6I
4,818546 16,510143 J6VI
9,694635 -17,363154 N1IV
41,089899 31,610141 G5VII
26,528645 5,627310 Y4I
8,931378 -16,408103 S7V
-4,620666 -2,986914 N4VI
-6,355775 4,444470 Z3V
5,997408 -15,565393 J1IV
23,029650 6,908935 L2V
17,757491 -3,225127 Y3V
17,673945 -3,573908 Z0VII
17,754527 -4,933117 G1V
-14,298651 6,837559 Z0VI
17,528514 -4,596615 N7IV
-19,107858 7,388134 N2II
18,368598 -2,127190 S8I
-15,420325 8,928812 S8VI
-14,971711 8,115738 N3III
9,019172 -16,356287 Z0II
-31,994727 -34,554558 L0VII
23,676487 5,619435 Z0V
20,663851 -3,655119 G0II
2,063040 16,226192 Z5II
-2,066024 -4,614257 N1IV
-17,210179 9,490740 L6VII
4,749941 3,039988 L3I
20,015170 -4,816898 S3VI
25,564033 7,474368 Z0VII
-5,909940 -5,302730 J9I
7,019433 -12,995052 L2IV
18,070933 -1,725488 S0VII
9,066139 -14,590655 L3VII
-7,360087 4,287237 G8V
17,639600 -5,734642 G9IV
-14,170940 6,864310 J8V
30,575620 1,526217 N8II
-2,750056 -4,483436 G2IV
9,722569 -17,438091 L6I
-5,585612 3,994857 Y7III
18,062163 -4,594554 Y7I
9,521100 -13,353689 N4II
12,579058 22,498029 N7VI
19,186132 -6,100126 S2III
8,142710 -14,434401 N8II
-18,400273 9,126798 J0V
2,949104 14,959220 G5V
-2,895451 -2,130184 G1V
5,334527 4,929877 J4IV
2,997511 2,915786 S8VI
3,557452 5,115834 Y4I
19,107196 -4,845118 G0VII
-4,172809 3,114179 J7II
2,501181 4,656760 Y6VII
17,197744 -3,382149 Y5III
18,291490 -3,651732 Z7VII
2,119958 3,750034 G6II
2,061125 5,307902 S0VII
18,425127 -4,381108 Y3II
-7,537855 5,802344 Y1I
-7,200265 3,096913 L1III
24,648572 7,783007 Z5III
-3,255598 -2,423550 L1III
-14,727590 6,906212 L9V
-4,357387 4,267933 Y0II
16,229171 -2,854168 G3VI
-7,880485 3,858616 J7I
25,871724 8,305624 Z9V
-6,774656 6,559224 Y2III
17,043594 -3,822448 Y3III
3,690513 3,145830 J9IV
21,131751 -25,862690 L1I
25,327582 -27,375053 Z1II
3,916254 3,212744 G2II
1,890582 14,505030 N3VI
16,666759 -3,695609 J2III
-8,337696 5,918678 N8II
4,940838 16,267288 Y6VI
5,617579 2,693233 L8IV
-16,418446 6,149777 J8VI
-36,236568 -34,599795 Z0III
-7,950229 -11,881703 L0IV
18,784107 -4,894061 L0VI
-17,000690 -13,447038 J7V
9,013205 -16,001726 Z8III
2,313747 3,104553 L1II
-1,892595 -5,647110 Y6I
26,931536 6,986425 Z4I
35,882130 30,372556 L9V
10,557926 -15,832786 J8IV
-6,047604 34,830462 L2V
-17,080138 7,788974 S3VI
-15,248006 5,532483 Z3V
-20,156408 23,864083 J1I
4,421140 15,051347 J5II
5,990384 14,258350 G9V
-4,267138 6,505426 Z1V
24,558948 6,482739 Y0V
20,180269 -1,524544 S5VII
25,018383 9,022802 L9VI
12,490554 -23,174220 J5VII
3,042870 4,086679 G4I
-5,352352 3,848428 L3II
17,154859 -1,286588 N3I
-15,138707 7,014372 L8II
5,661058 1,966843 G9V
-3,116041 -4,100236 S0III
-2,370230 -4,121233 J5II
28,625973 -35,756169 N6IV
-5,578688 -6,024228 Y8I
-34,087481 24,845411 L6IV
-3,281518 -2,814757 N3V
10,638189 -14,685329 J2II
8,694986 -13,275963 J4II
4,392193 5,559052 Y0II
-14,838039 7,637254 G0II
17,021304 -3,847523 Z0VI
-16,855211 5,758369 N8V
24,623438 5,596263 G5VII
9,938920 -16,715711 S1V
2,988145 17,689521 S0IV
28,445271 -28,692903 S3I
-14,513712 8,072741 J0VII
7,737381 -13,081606 S3IV
20,403334 -3,113033 Y5V
-4,168987 3,535136 L7V
18,320683 -2,081646 Y4VII
10,098359 -14,320819 G7IV
-6,705642 6,933612 L6III
3,160405 5,644233 G5III
20,477504 -4,313489 L9I
20,018222 -4,516805 N7VI
-34,751220 21,178742 S5VI
-5,911668 36,627556 G9VII
-13,513095 13,846852 J0VII
1,641379 4,418275 S5I
6,299259 15,210854 G2IV
6,397853 -17,293812 Z5VI
23,447124 9,492413 S6IV
-5,091778 -5,057324 N9VI
-14,185738 30,867202 Z2V
2,300966 16,031221 S1II
19,661028 -2,703150 G2III
13,687022 -22,329724 G4VII
16,676463 -3,038669 S8VI
-36,055655 -33,692980 S1I
6,634198 4,322798 Z2II
-26,446571 -15,490228 J9VI
6,358293 31,380279 N5IV
25,187060 6,965327 G6VI
-4,999076 26,858976 Z7V
-18,098491 8,410619 Y6I
-2,243482 -2,932197 Y4IV
6,641399 28,295468 Y5II
10,227672 -14,964542 Y9II
-18,405793 6,087014 Z5VI
5,768577 5,475044 L7IV
-15,530400 6,679237 Y7VII
24,069356 5,786884 Y9I
10,385801 25,156872 S4III
19,175019 -5,143320 L6IV
4,662006 17,637600 S6III
24,070660 5,490902 Y6IV
24,466399 6,921402 Z4II
1,437088 4,660330 N6VII
5,891126 14,857238 J8IV
2,492981 36,121279 S2II
-2,440652 -6,703621 Y2VII
-2,218044 -6,135621 G4IV
1,897338 14,741218 J0I
24,688299 6,247047 J5I
3,156335 14,952748 J6II
-4,059180 5,069125 N8I
14,905047 14,479886 L7III
19,745687 -5,658587 J6IV
5,650455 16,869167 J8I
19,323651 -4,581832 L1V
46,837174 31,503819 Z8VII
-21,231060 -16,883460 L8VI
28,604911 14,051566 L9V
18,868062 -3,611380 G0I
1,655460 16,346715 N2III
1,667434 4,799377 S6IV
23,523492 8,360869 Y1IV
19,005288 -4,202098 N4IV
-26,148109 -27,813813 Y7II
6,145637 15,015066 G5I
-3,617951 5,271995 G5VII
9,001832 -14,859192 Y6V
-11,404544 -9,293515 J7VI
-16,669022 6,402918 S5IV
-2,275370 -4,617217 J2IV
3,228040 -6,882127 Z1VII
19,846798 -5,053034 J7VI
20,230789 -4,851629 Y0IV
26,166214 35,307266 Z5II
-17,552167 6,428110 S1VI
-4,537930 -5,992689 J2VI
-16,813940 5,784107 J0VI
6,410487 -17,025662 Z9III
-13,714520 15,448537 J5VI
-22,240734 8,197138 G3IV
6,281536 15,256887 J8III
1,523673 15,441877 N4VI
8,362618 -13,676547 Z4I
-19,111286 -6,563323 J1II
-5,700061 7,630543 G6III
3,061547 3,715747 J0III
8,080931 -17,383090 N3I
22,401156 8,090224 N8II
-16,787601 7,802100 G7II
19,079710 -5,333281 Z9IV
-4,688862 -2,946704 J2I
5,471364 2,005159 Z9I
-6,306213 4,323720 S8III
41,274483 -20,058081 G0VII
20,070995 -2,078373 Y8IV
6,236417 -14,891099 Y4III
5,874051 14,715542 Z8III
-14,431431 8,956422 G4IV
2,550050 16,686755 L9VI
-27,981047 14,681592 S8IV
4,342878 13,550266 G6VI
-4,686010 -6,806879 S8IV
2,660905 17,935217 S2V
-3,295185 -1,988399 S6V
6,381325 -13,837412 L1I
9,900147 -13,458653 N6II
-25,972593 -17,290432 G2VII
8,448831 0,474639 Y3VII
-4,199639 6,843613 N0III
26,714799 8,089337 G8VI
3,280342 16,238887 J0VII
-18,425438 8,072301 G3III
22,529639 7,947130 J1VI
1,717434 16,989034 Y4VI
4,604379 13,782555 Z7II
27,102381 6,783423 Y1II
6,412741 15,439419 G0V
-3,891509 5,566889 J7V
16,147432 -4,230660 Z1VII
2,224143 16,184746 G4I
3,721733 3,208404 S1I
24,012605 8,169075 Z6III
18,741644 -11,187561 Y1I
4,108771 -11,332596 G1II
-3,685548 -6,498512 J2III
16,568327 -1,725270 N9III
4,220176 16,098403 S8V
17,617235 -5,964683 S4VII
-15,748501 9,642638 L2VI
2,635606 4,904078 G6V
1,353493 -23,501213 L2VI
-4,587425 -2,977223 Y9V
24,744125 5,930913 G3II
4,445072 16,445827 Z8VI
-6,851492 22,041243 L4IV
-15,242903 6,088421 N3V
5,485066 14,965173 J0IV
22,768336 6,335171 G7VI
-2,558758 -3,815474 G0I
5,335651 16,043083 L7VI
10,125845 -16,699191 Y3V
-2,663231 -2,544622 N4VI
9,176817 -14,845443 Z3I
24,740324 8,469338 N0I
-17,110339 5,542715 J5I
-7,706799 -32,772752 Z4II
-21,705618 -7,615006 J8V
-8,308623 -37,313867 N2II
-5,829267 -3,922229 L1VII
5,141097 27,873251 Y1IV
3,536563 3,054593 L2VII
23,225316 7,072820 G4IV
25,101857 5,462832 Z2VI
7,125645 -14,742029 L3V
-22,709273 -24,333044 L6IV
20,445562 -3,199357 N8II
-16,097896 8,170268 G1III
-16,009516 5,869191 N7V
-3,072858 -3,961612 Y0V
38,516463 16,347186 N8II
5,376287 14,903802 L3III
40,090748 -7,875079 J1II
7,188888 -14,915079 G5IV
-3,576584 4,885471 L5V
5,652786 15,944833 N9VI
-19,072115 -33,257686 S7II
-4,002516 4,442042 G7VII
-4,364345 6,367021 L8VII
-16,715779 -28,951557 J4VII
22,773316 6,802935 J8VII
33,854669 -25,318385 G4V
17,592575 -3,890715 G8VII
18,119398 -3,493575 L3III
-28,212057 32,271675 N3V
-3,649615 -6,182305 J8V
6,253635 14,670860 Z0I
9,500029 -13,849335 S4I
28,625366 14,550640 N7II
15,612719 3,813444 N1IV
18,075946 -5,062560 Y0VII
-6,599933 4,542154 J2III
24,047887 8,369905 L1III
4,402767 16,976766 G7VI
4,544968 14,255079 L4III
34,415957 -35,832430 N8VII
4,557760 5,722028 Z6I
-6,122027 5,051308 Y6VII
-1,713251 -5,017213 Y9III
-5,923717 -4,925642 Z2V
-16,780164 5,740433 Z2II
-15,659776 6,567482 G8IV
5,811726 3,237869 G5IV
23,760208 20,516060 N6IV
1,890880 4,585849 L8V
7,317023 -15,492493 G8I
-1,144917 -11,190977 Z4V
-25,342392 16,940563 S4II
17,872042 -11,059297 L8VI
1,220215 16,142581 J8II
3,617042 6,333031 S7III
19,231411 -5,099426 Z3I
22,878703 6,808216 S5V
-8,226188 4,440886 Z9II
5,271258 16,360270 N5I
-5,923739 -2,763396 L8VII
-2,079015 -6,173165 G4VII
-5,293413 -6,231354 J4VII
-15,481761 9,980275 S1IV
-17,482405 10,094626 L9VII
-4,949625 5,817243 S7II
5,266064 2,185863 Z8I
20,857563 -3,411220 N1I
24,584691 6,187250 Z2IV
6,229551 2,926296 J9VI
26,226334 7,007934 N6VII
-12,256297 -25,190700 Y4I
19,410840 -4,065974 S3IV
-5,124217 5,256644 L6VI
1,605040 3,553084 Z8IV
-3,662750 -2,544778 S6VII
-4,646553 15,940237 Y8III
-3,794964 -5,164064 L7II
-2,450835 -4,594489 S6V
6,416958 15,821236 L2III
2,811579 16,232231 G6V
-13,924451 7,968235 G9III
23,208581 9,262932 S8I
-5,209011 -2,143864 S4II
-18,671323 7,715728 L1VII
-37,838986 5,237333 Y3II
18,198064 -5,133827 G9V
4,209147 15,410627 J1I
-3,787328 -6,430059 G1III
3,551698 15,760639 L8VII
-14,963707 6,358011 J3IV
26,000744 6,213424 L6IV
16,627331 -2,463767 N4VI
13,787712 30,317557 S7III
-8,617321 36,992690 N8VII
-6,188497 -3,955168 Y2III
25,846247 10,173449 L6IV
5,467127 4,765859 Y3VII
-8,134132 5,529496 G4II
46,453566 -28,056543 J8V
7,775131 -13,121364 S0I
20,601705 -2,925119 Z9II
16,584378 -2,655463 N0II
5,231769 16,617566 G9VII
2,734271 3,744174 N6VII
7,298014 -18,015231 N2I
-22,707222 -17,724280 Z3IV
16,982280 -1,857026 Y4VII
-3,523491 -4,580883 G8VI
-26,764004 6,042013 J0VII
-2,787197 -2,627422 J0I
-38,385371 -1,087457 Z9III
-4,858340 4,101439 N8II
-17,671102 7,089987 G1I
-16,905900 8,567470 S1V
1,990327 16,622363 G5IV
-10,864665 -20,617025 S5II
6,068688 5,643500 Y6I
7,836496 -15,272803 Y3IV
-5,334648 -5,487480 L8II
4,788100 14,887924 G9II
15,061911 -10,257217 N8II
-35,825206 -17,317368 S3I
-18,333775 7,105051 N5II
-16,791288 8,151277 Y4II
-34,343471 2,828427 G6I
4,979546 14,462264 Z1IV
-14,926587 7,582716 L2III
-2,305595 -5,836063 S9VII
6,172688 -17,244506 Y9I
-31,139136 16,427913 Y5IV
-5,280629 -3,604417 J8I
-2,195419 -4,545627 S4VII
9,316166 -16,158941 L4V
-4,455080 -6,145862 Z9VI
23,182010 -8,734339 L7VI
-5,109921 6,771927 J0II
-2,174687 -5,896574 Z6VII
22,876757 7,610705 N6II
-5,313491 5,175027 G7I
-18,500616 23,078833 J4IV
-11,878446 32,252442 N2I
-5,506759 -3,094057 N0I
9,321259 -14,064938 J4VI
-5,099072 -3,318108 L7VI
5,816134 15,905608 Y0IV
-4,747825 -3,653900 Y0III
20,751322 -4,687491 Z7VI
5,843870 3,573259 G9II
18,848016 -2,050776 J1III
2,573802 14,108710 Y7II
-15,001644 9,162324 Z0V
4,084317 3,195882 L2IV
25,090469 10,280482 S9VI
26,217589 8,405233 N9VI
-4,926325 6,262676 L4IV
3,732356 17,998354 S3I
19,272369 -5,055713 N2V
-3,597547 -6,330029 L3I
-16,900211 5,810772 J4V
-5,956432 6,064106 J5II
-5,197310 2,496118 N5I
7,891779 -7,352735 S6V
5,838663 34,553991 J8II
18,028313 -4,955068 L1IV
25,337788 5,910290 N9IV
-17,991513 7,480519 G1IV
-1,856415 -2,803250 Y7III
-36,751044 6,353676 G3VI
9,279931 -17,141941 J0III
10,474805 -15,531089 J2II
18,394412 -5,705821 G8III
-5,395989 -3,965744 S0II
6,885016 -14,896198 Y2III
-14,535571 6,757195 S3III
19,448071 -4,562366 N6I
-11,128411 -28,190208 S3V
-22,473181 9,643076 L8III
-6,432163 5,462612 N9II
26,758151 -7,144043 S5IV
-4,531921 -1,967961 Z4VII
-18,247590 7,279318 N0V
-7,110637 6,485604 L9VI
7,179540 -16,808733 L1VI
-7,336873 5,653230 Y2VI
22,344022 30,678989 J1VII
-21,965431 4,613711 S4II
6,182203 -14,763885 Y7IV
-27,239942 14,116355 J0I
16,675335 -5,068103 S0VII
9,391567 -13,462743 S9II
10,414749 -15,914871 S0I
6,312662 -26,045388 Z6V
3,679400 -30,688022 N0I
17,403884 -4,324964 J2IV
46,631085 -31,502918 S6II
23,189781 7,099424 S0III
19,941555 -1,908310 J6V
-4,155146 4,256424 Z3V
-17,018056 6,936726 N2I
19,680957 -2,035992 N8II
6,093069 -16,924060 G0VI
3,728697 1,881196 S8VI
-26,104416 34,196127 L4V
5,510442 3,190135 G4IV
8,998193 -15,589841 N7I
3,797997 13,983250 J2IV
-27,825342 -10,298766 Y4III
-14,874874 24,629989 G0I
-6,435232 5,447442 Z0VII
9,500014 -15,855333 S8III
-32,325179 17,157708 N6IV
-33,184757 -3,957694 S1IV
20,169911 -2,138758 J4II
20,487644 -3,434017 G1VII
19,977986 -2,436195 Z7IV
19,434035 -1,314254 Y9II
24,288417 6,730000 L2I
2,335987 5,811598 L7IV
-14,875736 -7,472652 Y5IV
-13,951229 7,221520 Z9VI
-16,618387 8,525734 Y8III
-4,727102 6,876269 Z4IV
25,260063 9,832036 S4III
3,720702 1,614029 J3V
-4,453684 -4,014092 Y4V
8,241668 -16,250037 N0VI
20,111785 -1,857186 G5I
18,538900 -5,292791 J4VII
3,640883 3,576015 Z3V
-6,244439 -3,463587 N6II
-17,278397 5,285557 Z9V
-15,987916 8,013976 G8II
-5,931494 -2,780450 Z9VII
7,385163 -13,250041 Y2II
4,259185 6,432344 S2I
1,642490 17,104457 J2VII
-24,963524 18,607034 G3I
2,678235 17,782748 Z1II
6,605096 -13,362128 Y9II
-18,979213 8,214425 S4IV
2,758800 2,098422 Y0II
-20,583656 0,619583 L6V
2,996470 15,786158 G4V
2,469188 14,112323 Y9III
-16,198238 6,405692 Y9I
-24,210010 -29,958549 J4III
18,602506 -1,794460 Y1IV
3,624774 3,280550 Y8III
16,703646 -4,165168 J5II
-4,404312 7,245538 G6III
5,931111 15,907668 S4III
-18,219376 6,312066 Y8II
3,350291 17,292057 Z3III
-3,029071 -6,017180 J0VII
6,760061 -17,509845 G4VII
-7,458629 5,056169 L7V
-15,182983 6,696503 Z0IV
9,173414 -16,735217 G6VII
20,995530 -13,641843 Z1VII
-17,317065 -36,338203 Y3I
6,100409 14,960687 L9III
-14,195169 8,252689 L5I
7,807994 -16,963686 Y5VII
-7,958965 5,574069 S3VI
5,254700 15,077309 J7VI
-5,867904 4,141693 J3VI
2,336723 17,174650 Z1I
-5,888778 2,959885 S9VI
40,289882 15,807253 Z3II
23,912360 6,760519 L7VII
-36,943003 -18,858642 G2IV
-5,447771 -2,339500 Y7VI
-5,638324 -6,193473 Y4II
-7,624277 3,132666 N5IV
-3,208348 16,078305 G8IV
-3,652125 6,125752 J6I
18,953070 -5,902129 Z3III
-3,693570 -5,324818 G2I
4,278653 16,883915 G6I
46,448631 -6,180115 L5VI
7,081985 -17,287015 Y0VI
8,706782 -15,411020 Y0VII
16,290742 -4,358603 L6III
-5,145309 6,600173 J6IV
-7,268934 6,921311 Z7III
-5,856715 -2,679722 Y5VII
-3,372691 -3,081704 N4I
-18,895884 6,880635 J2VII
3,325174 15,380301 S8IV
2,919791 4,842070 S0III
18,630029 -2,834890 L6V
-22,323788 10,441733 G8IV
0,200092 37,100863 Z7IV
-6,175203 -3,683348 G7VII
19,638217 -2,593930 S4II
26,068245 7,250095 G2VI
10,641086 -15,136959 J3I
-30,616211 34,899746 N8VI
39,178049 28,460278 Y8II
7,471570 -14,110573 Z6VI
4,051429 17,429862 L2V
-18,003818 7,629112 S8V
-30,473480 -36,455404 J3II
25,026874 6,263523 S9VII
20,026256 -3,057755 N6III
-17,247339 -6,054197 G2IV
14,097683 3,490909 S7VI
18,603181 -4,196470 Y4VII
-18,270864 -33,736405 J2III
15,947932 -3,813064 Y5III
-6,150407 2,531184 S4VI
47,447039 34,914409 Y8IV
-5,447093 3,337486 N6III
-15,786602 8,887815 G3II
-7,721239 6,956510 L5III
23,893215 7,460824 J7I
3,630332 6,609479 G7VI
16,136831 -3,687069 Y2III
-20,463396 -11,295203 Y4VI
-5,864566 5,230283 S6VII
18,241089 -4,994913 J8VI
4,570824 4,588026 Y7VI
9,481748 36,614140 Z9I
-34,857501 -13,720792 S6V
-3,707750 -3,634662 Y6III
3,078014 1,765598 N9III
15,823842 37,999292 Z5VII
-18,322807 19,208494 G0VI
-17,475579 -34,821855 Z2VII
-3,323508 -3,581582 Y9III
-15,740045 5,686276 Y0V
7,616750 -14,865219 L4VI
10,582513 -14,444489 L6III
37,487547 30,686861 S1II
-5,011377 4,002451 N5IV
18,704223 -4,081701 J3VI
6,861702 -17,767315 G3VII
-4,737231 -5,204063 N3III
9,690196 -14,579250 Z8VII
8,969077 -16,900641 Y1III
-11,898216 35,883164 G3VII
17,598007 34,580896 S6VI
36,850524 5,575739 Y7IV
-17,746227 7,637391 S2I
-12,251372 23,247767 Y1V
1,614390 16,908664 Y3V
8,410446 -14,007531 J7III
18,471988 -4,168300 S7VII
5,553949 16,752554 N8IV
-15,381833 -16,660596 Y9VI
29,453602 -0,690021 S5IV
2,711238 16,266651 Y5III
7,289173 -13,993966 N4V
16,423515 -4,652326 N5II
-16,610376 -7,688384 Y1V
33,362802 -5,833853 J5VII
6,816006 -16,966350 S7VII
23,449198 -37,728687 Y5VII
3,813698 2,873683 Z9V
-4,152796 6,556471 L9I
23,714166 9,536569 Z0IV
-6,276186 6,307182 L2II
2,767599 15,443240 S4IV
2,914203 16,979321 J9VI
10,675581 -26,212203 L9III
22,279538 7,497505 G8III
-38,874540 25,701881 L5III
-2,778874 -4,055825 S4VI
3,554736 5,251571 Y6II
24,460628 5,523392 Z6V
-5,306007 4,353453 G2VII
-7,896474 6,556767 Y9V
17,943245 -5,875255 Y3V
-4,695401 -2,024517 S2I
-7,188986 4,913390 L4VII
24,764469 5,533591 Y8III
-5,563090 4,428273 N4I
5,203623 14,278901 S2VII
-4,897349 -3,030983 N8V
17,876539 -1,365517 Z3VII
3,024929 17,233713 Z3II
19,611528 -2,922061 J5VII
1,859164 5,507636 Z4II
-15,097755 5,717715 Z6II
-34,739156 37,440332 N5II
-26,336386 -8,327452 Y2VI
8,014676 -16,799220 G8IV
4,400928 2,292713 L6VI
-2,575344 22,179408 N2V
47,493053 6,245952 Z0VI
5,337422 2,757253 Z9II
18,188699 -1,330956 Y2II
20,986146 -9,152939 G8IV
27,307071 8,650772 N6VI
42,692830 -27,386676 G0VII
7,331305 -14,421229 Y7V
3,117615 3,798687 J2VI
10,740678 -15,843181 Y2VI
24,045955 -20,114608 Y9IV
8,484581 -15,007540 L2VII
26,875781 -23,281787 N7VII
-6,573375 5,221703 Z4IV
-31,701439 -6,830189 J0V
-2,996261 -3,700002 N7II
1,976049 16,866037 S6III
7,067349 -14,572455 Y9VII
20,712690 -3,255962 Y1IV
-18,074542 5,840112 S2III
4,539995 4,189535 G9V
30,450563 2,908206 Z5III
24,218701 8,412263 L8I
-6,941686 6,036231 N2I
2,385987 4,825316 S3III
-5,436683 -3,535724 Z3IV
9,252228 -14,771804 Y5II
2,056698 2,657317 S1III
-6,883211 4,480736 L1V
3,903892 14,145651 G9II
6,536832 -15,669703 G8V
-4,469185 7,082521 J6VII
-1,972580 -3,923828 L7VII
3,520590 1,893631 J3III
39,885367 24,982609 G6I
-3,554928 -3,928183 S2VI
7,487956 -17,777145 J1I
3,387920 5,563507 J0I
-4,984871 5,957433 Z7VII
-30,295435 7,465711 G0I
-4,858195 2,710895 L9II
-6,198974 -5,118275 Z4IV
7,207438 -15,864250 J4III
-23,086817 -16,154430 S1VII
25,277379 7,405444 G5III
-28,389401 -33,841271 G9V
-4,383350 6,076322 N8IV
18,545704 -5,250350 Y6V
-5,698454 -2,566132 J3V
-3,884761 6,210924 Y7II
3,168268 13,193733 Z0V
2,489470 2,401405 G1III
-24,575351 -20,218982 G6IV
31,532159 -28,562065 J1VII
9,886906 -16,727272 Y2IV
25,252916 5,840358 N4II
7,825351 -14,716209 J1I
35,636621 -5,732446 L6VII
-6,904591 4,418317 J5V
7,694479 -14,858305 S8V
-4,399077 -18,196414 N3I
33,811845 -30,649432 N0V
-5,807995 4,904710 N4IV
-17,569233 5,729038 N1VI
4,887295 15,205390 J3VII
4,773623 2,441030 J9IV
17,726433 -5,108280 N3III
23,307631 8,709600 N2IV
-5,495610 -4,216634 N7II
-2,931489 -6,404997 S0VI
3,406923 1,855236 J7IV
2,034467 14,974680 N9III
-17,027069 9,776764 J6II
8,821392 -13,268004 N7I
17,409722 -1,554845 S4VII
20,734743 -22,442272 S0II
-17,483568 6,754332 Z4II
6,475553 4,941697 S0VII
-17,737241 15,064028 G0III
4,274964 5,983749 N8V
45,333224 18,880141 L6VII
-3,935744 -5,869799 S4II
3,418856 14,904052 N1V
-32,251513 -29,228461 S2V
-3,413357 -5,300700 N3II
-14,307474 8,812993 Z6VII
-32,992783 12,922270 Z4II
-5,237819 -4,229315 G6V
4,520208 17,136201 J3II
5,002266 4,526255 J9III
20,129718 -1,438053 Z2II
16,235176 -11,338055 N7I
20,783470 -3,643673 G6VII
1,491877 4,506157 G1III
-16,808899 -18,909341 N8II
3,842521 1,618184 L3VII
13,675483 -6,999617 S6VII
5,231163 14,095211 Z0VII
19,160094 -20,119112 N8III
7,286628 -15,578888 Y8III
5,204187 16,312561 G7IV
-2,669514 -3,693203 J8VI
-4,580485 -5,381126 Z3I
2,424162 14,855657 S3IV
-16,982802 9,586269 Y1VI
5,271963 13,690017 N9IV
-36,495746 -11,285672 S4IV
2,292991 -18,698523 Y0V
20,597532 29,435344 Z2VII
-2,039991 24,557132 N7V
-38,265322 -34,631193 Z0II
46,298247 -30,599949 N4VI
-35,261409 5,515522 Y6V
4,105357 17,294068 Z1VII
7,336083 -15,083936 N6II
4,662474 5,793795 L2III
-3,368988 -5,028215 N4III
-31,643965 -8,750840 L7VI
-1,827080 -2,959835 L5VII
-28,672776 -7,838379 S5I
10,314871 -14,475469 G4IV
8,222513 -15,265635 G2VI
5,096990 16,228817 S1II
37,976395 20,162888 N9III
-15,938109 5,680399 G4III
6,995520 -29,433268 Y6VII
3,391443 14,665076 Y9II
-6,072108 -23,791932 N1VII
24,637971 6,821533 Z5I
2,725515 4,650119 L7III
15,522258 6,584446 J2VII
19,975061 -3,556535 L6II
24,808280 7,213331 G9V
-15,726788 5,526290 L0VII
-4,529115 4,798027 Z8VII
2,727685 16,391834 Z0VII
-4,462375 -4,497115 N3V
4,021207 6,556355 Z8VI
8,681513 21,666549 G1I
19,205567 -1,303633 S2VII
13,987546 36,836692 N6VII
-0,065939 9,456410 J9III
-18,437295 9,701995 L9VII
-5,480043 -3,377786 G5VII
-6,888332 4,410476 Y7VI
25,515728 9,845219 S2IV
15,646638 -31,236373 Z1IV
19,009746 -4,772856 Y6IV
15,266592 -34,896160 N2III
-5,020784 -5,267425 N9IV
8,660344 -7,211839 N7II
26,069985 6,532501 Z7III
-12,034051 -16,959545 Y8II
24,964257 6,518000 Y7II
25,164307 9,663020 Z6II
-30,653715 -26,697694 J9II
20,050990 -4,400449 G3VI
-5,735436 19,991368 G1I
5,555084 -16,173264 N5VII
-5,345506 -4,314449 G2VII
4,971502 14,211125 G6IV
-3,189705 -3,144317 G4V
-17,906535 7,952027 Y1III
3,603455 15,260136 Z0V
-8,131509 5,727501 L9III
4,076871 14,666008 N4IV
-17,289796 9,778577 G3III
10,043324 -17,043662 Y8II
19,416622 -2,288148 J9VII
25,023640 10,322685 G0I
2,614238 4,279706 L6III
24,503793 9,000206 Y6IV
2,797129 16,026500 L7I
19,313286 -3,382180 G9V
5,582502 -15,250699 S8II
-2,507943 -2,780405 Y9V
-14,912277 8,458528 N7III
22,246541 -18,987286 L0IV
-15,279039 6,376499 G6III
-32,495055 -13,304060 N1III
3,029196 18,241978 S4III
35,122311 9,186224 N0II
9,957547 -15,363768 N3VI
5,675208 14,040484 L0VII
3,597290 17,042759 S8II
-17,733421 7,355885 Y7III
-7,158271 26,569953 Z4II
17,768400 -2,474773 S2I
2,970707 15,540237 N0VII
9,187067 -13,916352 J7VI
23,865713 9,688111 L6VI
20,265025 -2,198318 J8II
-2,081082 -4,590506 Y8III
-4,452767 3,373568 Y6III
3,895347 14,086999 S6II
16,167725 -3,998378 S4VII
23,940655 7,499653 Z1III
3,387065 4,769271 N5I
4,355967 14,961323 J3V
-9,240670 30,506949 J4I
26,349093 6,865292 N1VII
-3,369024 5,084334 G8IV
-6,051562 7,366834 N6III
-20,982267 26,656824 J4VI
-3,534895 -5,898945 Y1III
6,355617 3,438056 Y7II
16,872567 -2,212345 Y8I
23,292577 21,467011 N7III
27,227926 23,926789 J7II
46,343812 37,559414 G8III
1,730307 15,297256 G9VI
18,833518 -3,932947 L9VI
29,103199 30,760726 N9I
-10,984551 -36,970935 Y1II
5,911020 2,859313 N9I
7,747768 -14,280755 N9II
-5,106127 -4,238863 S2III
27,104991 6,304424 J0V
25,922652 9,114683 J3I
-8,550862 5,107868 L2I
-20,054270 -24,582396 N7III
-21,441384 -2,806042 J9IV
4,833616 5,700124 Z8VII
-22,485138 1,314469 Z0VI
-4,298540 -6,607621 L8VI
