X Y C
23,441361 -9,075574 M4VI
-2,995456 13,119251 M2IV
28,389426 20,916968 O2IV
-10,686362 5,581898 O6II
30,259941 23,234533 K7VI
-12,247270 5,780603 M5III
-7,088161 -6,837411 B4IV
-11,506418 7,513344 G2III
-3,503119 12,738402 M6II
28,953853 25,363353 M3III
-5,535258 13,908665 A4II
-8,373853 -6,354931 G4III
21,832318 -7,065351 M8IV
-6,349327 14,838880 M3IV
-6,840061 -7,891655 F1I
-13,811773 6,446251 K0VI
-12,869999 6,311926 G5IV
-10,356146 8,344692 B0V
-11,536549 9,704904 M7II
-4,843072 -5,814801 A0III
20,829934 -7,851741 M8VI
-11,703929 8,145560 K2III
-10,157985 7,897924 B7I
-13,601273 9,354532 A2IV
-3,591869 11,573720 F3VI
-9,676820 -6,838838 G3I
-9,093951 -5,897590 M6VI
-12,560440 7,840580 O9V
-6,945190 -4,554604 K1IV
-12,218031 5,739148 O5VI
23,384768 -5,680784 B0IV
-5,681798 -5,035242 O3VI
-5,476612 12,757047 B9V
27,412427 20,787821 G3III
-7,555087 -7,241237 K4V
-12,793752 6,935614 A3V
-14,069515 7,277471 F4VI
23,449708 -6,255782 M0VI
21,444783 -9,400877 M4II
-10,360635 6,767371 B1IV
-6,249641 -6,683430 B1II
-5,827635 12,434075 B9IV
-4,937186 -4,594527 A2III
-6,695531 12,053731 K6III
29,135762 20,443009 G0III
-7,902102 -5,961429 B9III
-8,877844 -5,897217 G9III
-6,159334 14,502637 M6V
27,246572 23,609871 B1II
-10,047399 -5,165893 M8II
27,786723 21,686040 O0V
20,598616 -5,229862 M7V
-7,078360 -2,974964 M7VI
-10,482257 7,821559 M4III
-6,230292 14,684628 O7II
-8,710055 -7,789591 K7V
-14,456692 6,553067 G5I
21,377626 -6,748969 O3I
28,633579 25,442468 A5VI
-5,099273 14,517121 K2I
23,764800 -6,862850 G3III
-6,159261 -5,046800 K4VI
-11,513467 8,244380 O5II
-8,103670 -5,731716 M6I
21,668286 -9,706725 O3IV
28,886059 23,280047 O3III
-5,383593 -3,922135 A9VI
-8,038892 -5,897898 A0V
-8,491328 -4,389883 G5VI
-11,138673 9,147185 M6VI
-5,565408 -3,867943 B0VI
30,059622 22,173262 G3V
22,318453 -5,142394 B4III
28,657297 20,978015 B8IV
-5,271826 11,640649 B7III
19,929399 -5,539252 M5III
-12,138158 6,706156 K8VI
22,764850 -7,219254 F5I
27,558898 22,137873 G1III
-12,667124 9,676451 A7V
-11,872796 8,288013 O8IV
22,305192 -5,351188 A9I
-12,315805 8,912958 B2IV
-6,829136 12,288676 F9I
-9,645242 -5,426497 B5I
22,077324 -4,621376 M6IV
-13,348438 6,056914 F4VI
-5,714497 15,119158 G8III
-8,738324 -3,427199 B5IV
-7,380808 -4,141447 B6III
26,624054 20,822798 O2I
-4,250496 13,025467 F4V
27,144284 21,199961 F2VI
-6,676379 10,734550 F3I
-10,542952 6,520865 K1III
-4,319735 11,755134 K7I
-13,793917 7,077875 M8VI
-6,797264 13,268038 B8II
-5,119264 11,525549 M3I
-10,028189 7,024470 M2I
27,922654 23,106473 O1III
-4,413717 12,656101 O0IV
29,282408 24,695024 G5III
25,470231 22,135828 F8I
-9,207151 -3,885935 B9II
27,858688 20,715850 M8VI
29,766170 23,348838 F7V
-9,017722 -4,143423 M1II
26,333622 22,949530 M9I
20,187975 -7,577804 B2I
-7,481124 13,031996 G0I
19,910029 -6,114293 A2VI
22,181271 -8,642986 B4VI
-3,615096 10,834422 B3IV
28,459636 24,465777 O4IV
22,246057 -6,213133 F5III
-12,745499 6,602591 G2III
-6,343826 12,786059 K1VI
-4,982091 11,900477 K3VI
21,823265 -9,199077 A5VI
22,537974 -5,254824 O1VI
-12,017914 6,750777 G7II
-5,602071 11,423886 K5VI
-11,581143 6,445752 O7II
-5,721953 13,333681 O7I
27,947295 24,221496 G9V
-3,176966 12,957751 M2V
-5,031315 10,652420 G7V
-6,195272 -6,452973 O6VI
-12,589296 8,031322 F6III
29,220771 21,793323 K4VI
28,935253 24,375229 K4IV
-11,050702 7,858737 B5II
-7,817203 12,165377 G7V
-11,713837 5,670187 B7IV
-3,172766 12,764479 G2V
26,374340 22,930518 G2V
20,318220 -6,258770 A2III
28,470180 24,479562 F3V
23,895277 -7,919423 B0I
19,697537 -7,507934 K7II
-12,796095 9,487878 G5IV
-12,301061 8,059707 F0I
-9,523035 -4,288763 M4II
-6,076354 14,323275 A3IV
-8,926754 -3,990574 B6III
-11,120516 5,463855 M9II
-6,761588 12,693904 B0VI
-9,828454 -4,769484 F5VI
28,838900 22,913131 M5I
-7,579268 12,443847 G9II
-4,459365 10,045504 B4III
-7,932558 -3,092926 M2II
27,898069 22,608124 B2I
-12,318334 9,670220 F0I
27,958486 21,815353 F5II
-7,873254 -4,527702 F6V
-8,080648 -4,947294 K1III
-3,405538 12,588299 O5IV
25,884648 22,368406 B6II
-9,046242 -4,261655 M6II
-5,960057 14,349475 K3III
27,758015 23,593746 F5IV
-12,866628 8,969656 G2I
-5,875969 12,828642 B3III
-6,538880 12,504693 M4IV
23,468014 -7,332976 O4III
29,826539 22,503748 O8V
-7,832853 -3,965393 M4V
-13,267440 5,038702 B8VI
28,620802 23,539127 A8I
23,345192 -6,075428 B6I
-14,227037 8,185085 F4III
-12,705670 4,886659 B3I
20,491721 -5,293617 K4III
22,084375 -9,334636 M1I
-3,540681 13,882151 M5VI
-11,671137 9,845645 B5II
-6,998179 -3,913288 B9II
28,094503 25,517830 O6II
23,056513 -6,314983 A3VI
28,007940 23,809640 M6V
-13,178960 5,319795 O4II
20,162924 -8,508869 G0III
-12,283732 5,067014 G9I
21,156158 -4,917803 A3I
20,522831 -5,548648 O9V
23,378800 -6,664767 A9II
-3,281149 12,086189 K5V
19,939264 -7,078355 F7II
-6,679370 10,480963 G0I
26,588928 24,535759 O2VI
22,461477 -4,466473 O6II
-5,677108 -3,590353 G7III
-5,656245 -6,476390 M4IV
-7,428330 10,827937 A5VI
-6,838492 -4,579327 O2IV
27,074185 21,663035 F3II
-7,155055 13,743323 G0VI
-6,853780 11,976229 G8II
21,730210 -6,286331 K4III
-10,425479 7,297661 O2II
20,210043 -5,163817 O5VI
-7,516268 -7,665817 A1IV
-6,994086 10,548710 K6II
-7,268863 11,555623 F6II
-7,366817 -3,717336 A1II
28,045658 20,997887 M2II
25,675085 23,181791 M3III
-9,216572 -4,099789 M2III
21,721239 -6,006320 K2III
-11,333248 8,310732 A9I
-5,479792 -3,886910 K7I
-3,809953 10,863175 G4I
-6,579793 13,921232 K4III
-4,414263 11,392486 G9IV
-5,706308 -5,500555 B9I
-6,506196 -6,171747 O7II
-3,001224 13,605553 K2III
-12,315467 7,948627 A7V
-12,810653 7,477301 O8VI
29,812154 22,552675 K7IV
-5,795996 -4,106908 F4III
29,199051 23,932573 F1III
28,461657 20,755823 A9III
-12,137120 9,155223 B2I
-4,554057 13,060295 A5VI
-7,508325 -3,285953 B1V
28,823340 23,885544 O2I
-12,696066 6,085705 M6II
-6,549637 13,580380 F8VI
-8,861671 -7,408626 F7V
-6,229965 -7,570235 O9IV
20,450302 -9,076143 O0IV
-14,558731 7,109343 O9II
-6,066849 12,985708 B0I
-12,861700 6,395828 K4III
-9,757367 8,102118 B1VI
21,898353 -6,867181 B3II
-7,767650 -6,012564 K1IV
-12,772277 6,447068 G6I
-4,489168 10,462574 F1II
22,248206 -8,478072 A4III
-6,220128 -3,501712 G6V
27,228929 24,811506 A3III
-11,691340 9,199702 F0V
-3,909130 13,326503 A9IV
-14,084655 8,685569 M7V
-5,742686 -4,007206 G6VI
-6,569065 14,207894 M9V
-13,280522 8,404524 M1III
21,016632 -8,833961 G5IV
-11,871473 8,164344 K5VI
25,861016 21,504556 M1III
23,171707 -7,796127 K3VI
20,886985 -6,109425 K5II
29,715977 22,938209 B1IV
-5,364430 -7,007444 A3II
-5,249680 10,776558 G2V
-13,652792 7,959145 M2V
20,356876 -5,740776 A6III
-8,061256 -5,809187 B9III
19,922730 -6,352214 M9VI
25,514684 23,140010 B4V
23,193307 -9,122830 M4V
-7,958134 -7,212164 G8I
20,732096 -6,376611 A0II
-7,884713 12,679183 G0III
27,195868 22,978206 O9III
29,376429 21,944807 M7IV
30,047490 21,960656 M6III
26,101532 21,680736 K0III
-7,536698 -5,797705 G3I
-3,730810 10,744887 O8IV
-14,510924 7,675922 F0I
23,389566 -8,332311 A8V
-12,657003 5,971187 O9I
-4,509110 12,355009 F0III
23,279924 -7,002371 K8VI
20,110839 -5,985797 G8V
-4,617948 13,304133 K4I
-14,804085 6,842510 B9IV
23,383494 -7,532096 O0III
22,500454 -6,201699 O2VI
-6,337374 12,821420 F4V
21,239418 -7,343473 F0VI
22,559935 -5,019478 K3VI
27,696146 21,539088 K4IV
-9,860283 -4,208917 F6III
27,026529 20,934947 K8I
30,119295 22,360347 K5I
23,889175 -7,806479 M8III
-5,720020 10,567189 B1III
-9,200651 -4,893668 F6V
23,143557 -7,860559 G0IV
-7,765481 -5,770303 F6IV
22,734787 -5,365246 M2I
-4,486624 14,172856 G9III
-9,714063 6,800398 G8VI
22,041218 -5,889189 O5III
23,076300 -5,770574 F3II
20,283863 -7,802329 G2VI
30,292768 23,035996 M6III
28,386486 22,922532 B8III
-7,614434 -7,474351 G5VI
20,179797 -8,600371 K3V
-13,974531 6,081619 M3I
27,901548 23,405054 G1III
27,906766 23,088657 F8IV
-9,314801 -5,729746 O6VI
28,179680 25,265262 F8IV
-11,360677 5,426582 B5III
-7,081719 -4,102799 G6V
-9,318941 -5,868651 G0I
-13,388166 9,593816 O5V
-13,521878 8,302312 F0IV
28,628734 23,809505 O3IV
20,099858 -5,976544 O0V
29,396393 23,127575 A2V
-13,125262 5,806757 G8II
-8,137249 -7,816538 F2V
-6,946033 11,937855 K6IV
28,888301 24,334665 F3III
28,114930 24,657840 F2I
23,080533 -5,608537 O6IV
-11,754612 9,877735 O6IV
-2,645798 12,383364 F0VI
29,609874 23,735182 F8IV
-13,492446 8,467241 F5VI
22,662504 -6,889621 A6V
20,192882 -5,443927 K6III
-6,046705 -6,874365 O2VI
26,478525 22,603885 B9V
-9,883284 7,600530 A7V
22,602610 -8,838149 G4III
-6,454474 -4,646658 O4II
23,559546 -7,381099 M4V
-6,484342 -7,091743 F7II
-4,681312 11,419844 B9II
-4,855196 11,913608 M0IV
-10,773462 5,586901 B5III
-6,887704 12,020731 O1IV
-6,838866 -7,526322 K9II
26,738894 22,779178 F0I
22,473534 -8,470587 F8III
-9,646113 -5,255038 M3I
19,765225 -7,921018 G4III
-14,295065 6,394965 K5VI
23,309173 -5,482122 O3I
27,851204 22,505648 F4I
21,785950 -9,059954 B5III
21,526863 -7,057408 A4IV
27,665180 23,053867 B6V
30,326501 21,724866 F5III
-6,195390 13,022846 O5III
-5,201440 13,808471 F4I
28,842250 22,706386 B8V
-14,081845 7,417840 O6VI
-10,745805 6,743850 M2IV
25,908849 24,451360 F1III
-6,430796 14,709082 M7I
-7,615010 -6,225073 A8II
20,945523 -4,999972 F3III
23,469388 -5,255252 O3II
-12,100893 5,793924 B0VI
26,256234 22,875182 G4IV
26,716008 21,485391 A0V
-6,232434 -3,863913 B7II
-5,222012 10,826308 G8III
-10,951901 7,756137 M9II
21,316934 -5,298931 O8III
-5,441487 -5,449999 G7II
29,815967 23,352629 O4IV
19,980511 -6,684180 F3VI
-5,205127 10,023247 O8II
-7,195199 -5,898591 B0III
20,240476 -7,463232 O0II
-5,649254 12,641088 G5V
-6,478555 14,633742 K3II
22,440313 -9,275092 M9II
-4,885683 11,647238 B6I
28,635844 22,560393 K8III
24,058978 -6,318467 F6I
-13,458056 7,755581 M1V
-5,102456 12,289716 K7III
30,359350 23,215885 O6VI
28,535865 20,949621 K4V
-5,258346 10,424333 F0V
-5,620179 11,797792 K4I
-13,701323 5,476763 O2VI
22,825033 -8,767735 F4I
27,781244 21,178859 G7I
-11,915780 8,013219 K7II
27,028976 20,421720 B0III
19,469203 -5,999636 O9III
20,619267 -5,776320 F8I
-11,797630 9,132048 M5III
-4,362373 12,523453 A3I
-10,280295 6,527282 B5II
-6,137449 -5,790336 B8I
27,430475 24,594443 K4VI
21,083908 -4,926964 M3III
21,821713 -9,695305 M6III
-9,033767 -4,028049 M2IV
-7,308471 11,704366 F5VI
-6,986523 13,306354 B9VI
27,369354 21,815401 O4V
23,780365 -7,995343 B5V
-9,777950 -6,496718 K0II
-5,840669 9,890946 B3V
-7,146710 12,909946 O7I
19,448101 -6,291456 G8II
21,722982 -7,327707 A5II
21,603719 -6,140006 O9IV
-4,871004 -5,258720 K8III
25,742528 23,794235 A7I
20,142720 -5,749384 O2II
29,089399 21,403045 F3VI
-3,875754 10,811211 M9IV
-2,959079 13,072565 G8II
-6,364525 -7,391958 K9II
-5,378645 14,797013 G6V
26,160911 23,377003 G4VI
-4,311158 10,740225 A5III
26,764581 20,766497 B7IV
-9,257935 -6,329199 O9I
-8,252560 -7,341937 A7I
28,097057 25,116677 B8V
-6,193779 -5,781913 B3I
-4,087224 13,458974 B5I
-14,876017 7,149038 F6III
-11,645633 6,650834 K3I
-9,052776 -5,195805 O2II
-8,003457 -5,338835 F4II
29,821262 24,326176 F3III
28,210577 21,107121 O5VI
-8,964213 -3,235185 B5I
-4,414946 10,839215 K5V
-7,065706 -6,017174 G4V
-11,123871 8,649950 M6VI
28,526458 23,514691 M1III
27,298235 23,324539 G0VI
19,513851 -7,176436 F5VI
-5,425597 -4,080398 O5I
-7,774890 -2,740195 K8I
-8,394044 -7,182253 B0IV
-6,204649 10,654741 K6II
-8,413267 -4,721017 B5I
-11,288562 6,382845 F4V
28,935294 21,373343 O2I
-8,560525 -5,821140 F0VI
-5,202716 -5,157002 M5V
-13,405198 8,805603 A3VI
-8,259958 -4,927637 M6I
-4,528857 13,015781 O2II
-5,421040 11,576963 K6II
29,253033 21,550821 F7III
-13,340176 8,046231 B1II
29,025932 20,641077 G0V
-14,361703 6,337351 G2I
-7,464104 13,010939 A1III
-3,984099 14,670169 O6VI
27,546291 24,583148 O6III
22,783859 -8,441763 M4IV
21,451174 -7,387867 B7II
-9,618125 -6,631953 M4III
26,560608 22,559775 G3IV
-11,469402 6,225748 F3III
-4,312291 10,518612 K2I
21,551390 -7,902937 K5II
-6,080016 11,897895 A4VI
21,018821 -4,511126 B1IV
28,454361 22,079435 K1II
-6,326350 -4,029722 K3II
-13,160164 8,036134 B6V
22,326839 -8,496319 B1V
23,733241 -5,244432 O6VI
24,130794 -6,029369 F8IV
21,562584 -6,536321 G8VI
-8,605937 -5,419730 O6II
-6,641115 -5,048444 A9V
20,242155 -6,778606 G6VI
20,378956 -5,387236 M3IV
-9,921384 8,097645 B8I
27,976154 21,580530 A2VI
19,523792 -6,177509 O2V
-5,650628 -5,434382 O2IV
28,276413 22,373897 M9II
-9,760222 -5,315195 G4V
-3,847388 13,568175 G6II
-12,418400 8,884134 K5II
-5,311302 10,229422 O5IV
-3,136636 12,771107 A3VI
-4,568112 11,557755 F1IV
23,112010 -4,924355 A5VI
21,985500 -5,839038 F2I
30,018215 22,929085 G2III
-10,962156 7,769519 G6II
-12,453683 5,127174 M0I
26,524761 21,666861 A9I
-6,716669 -4,757841 A2VI
-5,418417 -6,732391 O9I
26,256764 24,233947 B0I
-5,577461 -4,068310 B1V
27,873814 24,041796 M6I
-11,256978 6,859257 O2V
-5,467928 10,527906 O2V
-6,584910 13,350425 G4IV
-10,299755 7,343270 G7III
25,959448 23,459930 G5III
-7,546399 -7,006101 G2II
21,435388 -7,464410 B4II
19,406311 -6,954737 K2I
21,782920 -8,906617 G1IV
20,066074 -6,165112 O7VI
26,725250 25,184455 O1III
-8,135476 -5,325069 B3VI
28,718242 23,047578 F2IV
23,410016 -4,985965 B0II
23,756495 -8,023332 K0IV
27,342148 23,619318 G2IV
23,421228 -6,457420 M6III
-7,180413 13,179210 O5VI
27,923743 22,911610 F6VI
-14,305041 6,205322 A3V
22,209670 -8,782671 A5III
-13,101664 8,744350 F5I
23,793993 -5,674624 G6V
-7,425785 11,960899 O9I
21,145343 -5,509265 G6V
28,141702 22,654302 G2III
-8,748537 -7,654014 M2I
-13,359153 8,411552 A7II
-7,185015 12,788921 B0I
-6,335710 11,047110 G5II
26,729375 25,009768 M3III
-3,076337 11,501350 B6III
-6,736472 11,820758 G7I
-14,397675 6,582645 M4I
-9,709432 7,682574 K3II
-7,799483 -6,501095 A9I
27,116429 22,887970 F0I
-6,989424 -7,590570 B2V
-4,756577 13,350592 M5IV
19,886651 -7,179867 B2VI
-12,377130 7,076286 F7IV
-4,202034 14,637299 O4I
28,584841 23,678740 B5III
29,579654 22,771818 G2V
-13,008439 5,681219 M4III
-5,511978 -5,407845 B2VI
-10,569572 6,741154 M8IV
20,939886 -9,320981 A0II
23,779247 -8,599315 M4II
23,551897 -6,488580 M7III
23,779316 -5,450560 F6I
-3,441968 13,136879 B3V
-9,169035 -5,861100 M6IV
-5,499579 -4,148930 A5II
28,106893 25,484474 O4IV
-8,014515 -5,319645 M6VI
-6,733324 -4,127031 O2III
23,542914 -8,820825 O7I
-9,882526 8,532870 O2II
-5,906883 -7,154740 B0I
20,639452 -8,477594 O9VI
-2,822912 12,065777 K2II
26,307826 21,693420 M4II
23,369585 -7,801251 A8I
-12,734778 5,842553 O1I
22,574040 -5,493565 A5V
29,170666 24,219089 A3VI
-5,253723 15,076095 O4IV
-7,632508 -3,087957 F4IV
-10,873131 8,442802 O3II
-3,785259 11,185064 A1I
-6,197516 10,390122 K1VI
30,578741 22,390284 F6II
26,781212 21,465423 B1VI
-5,371337 12,356010 B8I
-12,189397 5,372184 G2IV
-11,255096 7,844346 F7II
-14,489787 8,104741 O6VI
26,084706 24,205907 B3II
-11,193523 8,255860 M9V
21,856576 -5,033052 K4II
21,703788 -9,192724 G1II
-7,370282 -7,509390 O0II
-8,649236 -4,809133 K0VI
-4,870317 10,241545 B5III
-3,546510 12,865202 B6II
29,054402 23,356020 O8III
22,258968 -6,109472 B7I
29,969299 24,599892 M2III
22,439710 -5,883540 B4I
-4,027587 13,294049 K3III
-6,796581 -7,958775 K8III
-9,356825 -4,201085 K4V
27,749142 22,183775 K9V
-4,850976 14,181697 O8III
-9,020297 -6,969704 F4V
29,545037 21,155059 K2III
-5,112314 14,838377 B9IV
-11,021405 7,094877 G5II
-10,425450 7,047613 G6IV
-4,484411 11,396862 K7IV
27,264422 24,944335 A0I
-11,084889 9,494559 K4IV
22,389556 -5,874623 M0V
-9,539917 -3,670630 G0VI
-5,436830 12,275623 K7VI
26,935218 23,460820 M3III
-5,240827 14,838207 K0VI
21,786168 -9,587193 A3IV
-6,665855 11,520912 K4III
-3,342255 11,037209 M8III
-7,401929 10,985381 K8VI
-8,343116 -3,386496 K7I
21,414989 -5,459597 O2VI
-3,332168 13,314063 K4I
-3,038303 12,337903 B0VI
-9,553441 -3,914571 M7IV
26,451472 24,868613 M3VI
22,127694 -4,624850 M8II
-3,723577 12,451176 O3I
26,555432 24,988526 K5III
-12,617331 9,325709 B4II
-6,061466 11,480732 M9III
-8,418781 -4,095805 M1III
21,887140 -9,371467 A8V
27,405126 22,187428 G2VI
-4,386173 11,402270 F2VI
28,151457 23,592898 O5V
-4,391916 13,957853 G3VI
-11,555966 5,751080 F9VI
-7,362687 -7,058681 A6IV
-11,037747 5,869031 O5III
-2,695427 12,812337 G5V
19,234171 -7,418491 F0V
22,776459 -8,511872 K8VI
-4,282588 12,242987 M6II
29,823862 21,531579 F2I
-6,190562 -6,573711 G6I
-9,994356 -6,346576 M7IV
-12,188522 7,498681 G0II
23,943118 -7,234688 G1III
27,439873 23,680742 O7VI
29,986334 23,251500 A4IV
-3,865309 14,636535 G0I
23,392872 -7,866619 F4VI
22,772988 -5,891944 M5VI
25,588333 22,861892 G1VI
26,265310 22,105190 M8II
-6,568482 -4,152502 A1V
-5,851665 13,276188 F4VI
-5,050539 14,245969 F8III
-2,936581 12,357145 M6II
-7,229393 -6,958686 G9II
-12,344568 5,900217 B4II
20,954536 -7,851849 G7I
-5,941883 -3,508488 K7VI
-5,320033 11,774784 B8I
29,177171 22,938881 F9II
-4,990968 14,572688 A4IV
-7,249071 -5,549400 O4V
-5,633123 11,112202 K9III
-13,237563 7,118348 M9III
-8,030326 -5,729434 K4III
21,444318 -8,891506 B9V
-6,231370 -5,743930 B7II
-4,038162 12,038701 K0III
-5,429280 -6,900002 A6II
-13,451086 9,394322 O7II
23,054774 -7,597283 O3IV
22,999057 -8,841744 K2I
-8,029988 -6,712497 F1IV
27,142042 21,317418 F0IV
-6,680070 -3,790801 K3V
20,134641 -8,001209 G4I
-10,885380 8,822816 F8VI
-6,730147 10,328875 B3III
-5,668842 13,258371 O4III
27,852491 20,443899 O0I
27,117806 21,040693 A4VI
23,314889 -7,924930 M5IV
-9,980782 6,698601 G9IV
-5,974696 11,813029 M3IV
30,507646 22,081911 F7II
26,191336 20,909607 G3V
-6,538496 -4,188445 G4V
-13,334894 8,659956 B2II
-5,786997 -5,357712 B6II
20,300385 -8,366755 M8III
-6,092136 9,965957 F5I
23,390264 -5,953536 K1II
21,005927 -6,766132 M0V
-5,136097 12,176033 F2I
27,702854 25,075009 B4II
20,943183 -5,532382 O3V
19,976758 -6,296006 M9V
-13,946371 9,303274 O6IV
-10,444087 5,939406 M6V
-12,578458 6,257263 M0VI
23,376798 -8,763682 M8IV
30,102308 22,338224 B6II
-5,253236 14,393132 G0VI
-4,063615 14,273535 M7VI
28,767483 24,525880 K0V
29,904500 23,029012 F6II
-6,568670 -3,030186 G6VI
30,317552 22,395390 K6IV
28,475017 20,741671 K9II
-12,494030 6,830809 K2VI
25,647569 23,953573 B6IV
23,246935 -4,840110 M3V
21,044528 -6,480422 A2I
29,759015 22,169678 G0I
24,201064 -6,119980 M7IV
23,311194 -8,358291 F6II
-8,647029 -3,311076 M6VI
-12,945943 7,269452 B7VI
28,825794 23,614557 O4V
22,890786 -9,173014 K2II
-7,316333 -2,790490 M6III
-5,073137 12,144942 A9I
22,167238 -8,143540 K6IV
-9,290899 -4,376047 F1I
22,131350 -8,249927 K9I
-6,648838 -7,391371 B5III
-12,169604 9,914546 O2V
-8,253524 -4,189611 M7III
-12,532342 5,316780 B0II
19,896151 -5,106095 A6IV
-4,150212 13,638430 B2VI
-9,015214 -3,856406 G5I
-10,121356 8,301350 A0V
29,125218 24,902782 A3VI
20,050655 -8,697244 K6V
29,132357 23,839596 B4VI
-8,278483 -4,996216 B9II
-6,970342 -4,880809 F5I
-7,007329 -3,823749 A1I
-4,168753 11,864198 G7I
-5,759321 -6,204532 F5IV
-14,586750 7,011404 K8VI
30,216795 23,371365 O3V
20,067637 -4,915335 K1VI
-14,825456 7,926246 M7I
27,752796 21,172365 O4V
22,625065 -8,546607 B0IV
-8,403597 -7,551644 F6IV
19,893161 -6,670316 M8II
26,498696 24,082260 M6III
-12,885174 8,692500 B3III
-11,538680 7,459446 K2III
19,733470 -5,639651 F2IV
-10,209236 6,712639 O9III
-10,108215 8,574652 M4VI
22,542188 -7,204806 G8V
29,740014 21,404079 K8III
28,556075 25,164520 F8I
-4,052800 11,397292 K2III
-10,306344 5,471651 B8IV
22,255323 -7,718924 F7III
-8,466682 -6,139824 M0VI
-4,369955 12,992747 M4VI
-7,164769 -4,811890 F9II
22,197757 -5,529870 M8I
19,362739 -7,071610 F5II
-5,101914 10,912451 O6II
-8,800338 -5,870795 F8II
-6,094650 12,363877 K1I
-5,073006 -5,299665 K4I
-6,654610 -7,776012 O7V
21,581208 -9,237135 A0IV
-6,257553 -4,774211 F1I
19,699430 -7,850567 G5I
-11,117154 7,119076 B3IV
-6,182005 -4,625155 O2IV
-4,688358 12,856843 B6VI
-14,310458 5,695250 F8III
-5,916005 -5,987104 M4VI
-9,321179 -5,296820 K2II
-12,484996 5,761753 K4VI
23,413142 -8,753271 G1III
25,853199 23,868200 O2IV
-5,838013 -7,457346 F3V
-3,447132 12,924645 G9VI
-11,519653 6,862060 B5IV
-10,479826 8,739813 A0VI
-6,673540 10,911442 M8IV
-6,631530 12,268703 O1V
-8,356577 -4,674093 F9III
-12,166350 5,859190 B0III
-6,517860 -6,948958 O1I
-3,954971 12,293056 O2IV
-12,361136 5,816644 M2III
-12,827571 9,280516 F3IV
-8,069676 -4,090133 B7II
28,627195 23,337571 F6I
-13,119081 4,947094 K1IV
-5,329786 10,266879 B8III
-13,192802 5,580505 G4V
25,460086 22,229080 F0III
-6,213644 10,970836 M3III
-12,776386 8,573151 K1III
-14,572081 6,546215 K0V
-8,120788 -3,989436 O8IV
22,956309 -7,268137 G3V
22,906455 -6,919997 G1V
20,619061 -7,772362 F2III
-5,585488 13,677584 K8IV
20,347990 -5,940502 A2II
21,687522 -5,939112 B5III
-10,193594 8,353571 A1II
28,924922 24,847584 A3VI
-5,285691 -5,627420 B6IV
-10,368568 6,251106 A1II
-8,845390 -3,130370 K8I
28,250980 20,698084 F8VI
23,165992 -4,862393 F6II
27,667393 25,145385 A3III
-14,098546 9,059700 G8I
-4,713632 13,658475 B6II
-13,503933 5,556051 B3I
-7,957136 -3,723022 B1VI
21,287787 -5,105774 F3VI
-6,425675 13,421773 K4I
-9,582253 -4,110366 G7VI
-9,378550 -5,882068 F0III
23,268917 -5,055201 G8IV
23,000410 -6,438834 O3II
22,059805 -8,042928 G7II
21,107571 -8,722681 K4VI
-7,477115 12,337361 M6IV
-6,662485 12,424191 A4VI
-10,469814 6,713974 A5V
27,768199 22,241824 K5III
28,913364 24,623991 G5III
-7,280463 -5,701887 F4VI
20,327646 -6,486720 A8VI
-13,272544 9,122617 G3V
-7,082085 -6,539847 M8II
20,299328 -6,400555 F5I
-12,999711 7,618610 A8VI
-5,662443 13,638141 M8III
25,552782 23,570821 B0VI
-6,426441 14,603858 B1V
-8,255348 -6,013370 F7IV
-6,556008 -6,263580 K8VI
-6,442234 12,649639 G5II
23,524080 -8,193014 O9II
-5,625295 10,432524 M6II
-3,534442 12,329094 K5V
-6,745504 -5,045821 O9III
-9,918162 7,843225 G3II
-9,393477 -5,916146 F4II
-12,782159 5,878634 F5VI
-14,304207 6,497665 B7I
24,003718 -5,846101 O3III
24,240388 -6,270263 G4VI
-5,815774 11,999096 G8I
22,425834 -6,649679 O1I
20,783813 -5,158147 M6II
-7,102794 10,460515 K3IV
-10,079088 8,389305 O6V
-10,224975 7,180853 A7I
23,195315 -6,090304 B7II
29,704025 23,600127 B8II
29,960192 22,851986 B5VI
-5,792623 11,529751 A1III
-3,025638 13,117405 G9II
28,744128 24,529290 F8V
-3,155001 12,472654 G2V
-9,649981 6,674436 O5II
-6,056953 -4,445503 A0I
26,542729 21,760223 O1V
20,693940 -5,881555 G1VI
-12,918759 9,526647 B7I
-7,991863 12,740961 O2III
22,023882 -4,476302 F8III
-12,037058 8,768705 F6V
21,152932 -6,490840 G9II
20,185627 -5,127009 B0V
27,760779 25,091087 A0II
-6,012013 10,546667 M9III
-11,452132 5,823850 M2III
28,985934 21,429702 F6III
-4,201833 13,195761 O8IV
20,013761 -8,214730 B6II
28,329018 23,666861 O7I
-5,728063 -3,908492 G4II
25,609929 21,776024 G0I
22,815954 -9,338161 A6IV
-6,878934 -5,572377 O0VI
21,402142 -4,998681 F8I
-7,708060 11,794507 A3VI
24,129643 -6,469965 G7VI
-5,178498 -4,616756 O8I
29,817718 20,900595 M0V
23,513008 -6,295608 F3VI
26,447031 22,124329 B5VI
21,304372 -8,534973 G4V
-13,628084 6,400255 M1VI
-14,530486 6,936691 G7I
-6,736483 14,507723 O3III
20,703687 -5,592406 G7III
-4,809370 14,277399 B8I
-7,644601 -8,080291 F8V
-6,323214 -3,178968 G7VI
19,482223 -6,161702 F7IV
-5,694609 13,870910 G4IV
-11,573082 6,771033 F5IV
27,266601 22,156824 G0V
22,691812 -6,642002 O1VI
-7,602305 -7,858963 A2VI
-6,856201 10,276725 M1I
-9,730487 -4,116904 G8I
27,852027 25,496686 K2II
-6,621025 14,213422 A3II
-13,446600 6,733812 A0I
21,263029 -5,784910 O7II
28,713103 24,521994 B8I
20,193064 -6,054921 F7III
-4,095564 12,827763 K3II
26,537860 23,921501 B0III
-5,721597 -6,351605 K2V
-7,399843 -6,452964 K9VI
22,020973 -5,366319 M6IV
29,019184 20,819855 K9I
-12,184937 6,148029 M1II
-5,610150 14,308275 B3II
-7,315771 -7,184919 K2V
-13,054460 6,423387 M1II
-8,247498 -6,218854 F3V
-7,980103 -4,082160 B7III
28,250485 25,101455 M4I
-4,738540 10,455848 F3III
-7,158366 13,650700 F4II
-8,922542 -3,162435 A4II
-5,197860 -4,123193 K8V
-5,431788 -4,127441 F5III
29,763668 22,720245 M5V
-7,385638 13,785847 A7VI
25,561245 23,110427 A1III
20,213497 -8,382195 M6V
19,408304 -5,663443 A0III
27,965918 20,675190 B4II
-3,965203 11,094543 B3II
-6,239019 -6,810574 M2III
-3,817339 14,617958 B1I
-9,632651 7,795257 G2III
-5,387809 14,195608 A5I
21,332078 -7,538059 G1II
-10,878329 5,979288 F4IV
-6,278777 -4,453416 M5VI
-9,715298 -6,434641 K0V
29,656201 24,336136 A3II
22,333690 -9,078284 G8II
-12,594333 6,266915 O7IV
-13,659885 6,568032 O3II
-9,087441 -4,404366 B6II
21,380250 -9,458417 G8I
-12,967461 9,727969 B1V
-4,705049 14,520431 K2IV
-6,437246 11,675788 A0II
23,006873 -7,807219 B5I
28,366973 23,321470 B8VI
-6,883626 12,710647 B1VI
28,121658 22,365721 F0II
-8,125173 -5,493561 F2II
-5,493444 11,491074 M3II
20,049001 -5,115041 M2V
22,562836 -7,805569 K4VI
-11,766465 7,360019 F7V
-6,854852 -4,038138 F4VI
-4,384399 11,374657 M3IV
-14,091059 6,479297 O6I
21,676860 -5,902272 A3V
-12,649467 7,334876 A4I
-5,995843 -6,436426 K7III
27,137328 21,482663 M6I
-7,105749 -7,656809 B1V
-9,501612 -6,126731 F2V
-12,336836 8,268179 K2IV
20,055996 -7,312985 F3IV
-7,742793 -4,317709 O1II
-6,763836 12,796326 B9II
29,872498 21,382798 G1I
29,994903 21,161845 B5IV
-4,835635 12,628585 M4I
29,636966 23,581743 F2IV
29,651179 21,814733 O3I
-7,444709 13,450940 A1V
-13,236824 7,600284 K2III
-10,975664 5,980543 O3II
-3,452799 13,295411 G0IV
28,852574 22,275802 F4VI
-5,866712 11,196533 O8III
-4,445643 12,690870 F8II
-10,658285 5,337951 B7I
21,168968 -9,207286 O9I
-5,717990 14,439848 O8I
27,181935 21,379998 M0IV
-8,973893 -4,716897 G9IV
20,633145 -8,884214 F7II
28,010852 23,102851 F5I
-14,211445 7,493315 B6I
-13,017869 5,933613 M6III
29,998121 22,099674 G9III
-9,869177 -6,388788 K8V
26,202325 23,339328 K9V
27,430670 21,282311 K9V
-4,391410 13,022997 A8V
-4,960846 15,076077 O8IV
24,106658 -6,126915 O7III
-6,557003 -4,692128 G1III
29,012640 20,829964 A3IV
20,741867 -6,173805 M3III
-8,087321 -6,119799 M5V
-13,293628 5,917131 B6VI
-11,799673 6,010726 O2III
28,071079 24,000391 A9V
-10,755113 8,847665 M0VI
-12,076465 8,102212 K0I
21,739382 -5,355140 A0V
-8,636578 -3,746536 G9IV
26,673287 23,064612 B1IV
23,313697 -8,306718 O9IV
20,767789 -7,355684 A5III
-9,345362 -4,177824 O2III
20,963319 -5,939865 O3IV
-12,115707 7,514276 G6IV
-4,797364 13,421595 G1II
-8,262743 -5,898981 A8III
-5,094061 -4,744984 A2VI
-4,685699 14,761515 G2II
22,583438 -5,182552 M0III
-13,671296 7,504350 B2III
-14,433482 7,746282 O3II
29,730831 22,778412 F3V
-10,462226 7,448102 O1V
-7,102409 -3,376342 O2IV
-11,533953 8,559278 G9III
-12,628435 5,485720 O1V
-5,882835 14,992332 F8VI
-13,181281 7,317299 A5I
-3,502075 12,894836 M5II
-10,858073 7,047887 F8II
19,937320 -6,382281 O7III
-7,330241 -5,417988 B9II
-12,049414 9,924679 O4IV
-8,059357 -4,444957 B9III
26,328516 20,990068 F5IV
23,104341 -8,311801 G8I
-9,084028 -5,413020 M9III
27,892729 23,669225 G6V
-5,463032 -7,121161 O4II
-3,775525 13,620248 A1III
21,881414 -5,929960 A1I
21,056949 -6,668692 G5III
-4,571440 10,091222 M3IV
-10,916683 6,386756 A8I
20,867678 -8,651930 M1II
26,782109 22,704799 O5III
29,734422 21,912138 O6V
28,401028 25,395281 M3VI
20,769060 -7,602854 O0V
21,098330 -6,159651 K2V
-4,985368 11,539214 B2III
23,470473 -9,026809 G0II
29,973138 23,999329 O2VI
-10,653733 6,863773 O3II
-4,682294 10,378543 O9VI
-8,696376 -6,746187 O8III
21,315539 -6,352950 O6II
-6,508963 -5,082849 O1IV
26,857695 24,509570 G0III
-10,197793 7,567227 G2I
29,522179 23,074236 K2V
22,774492 -7,510031 B4I
29,635941 22,207256 F7V
-6,052181 10,763754 F6V
-9,757474 -6,556542 F8II
-7,952063 12,390057 A8III
-10,016796 8,747118 B4I
-7,253828 11,956943 M8III
-12,469959 7,443419 F0III
29,755045 24,378535 O5II
-10,626204 9,480300 K8II
-3,108950 11,596435 K0VI
27,616710 23,071200 A2II
-6,571501 -3,327193 B1V
28,005322 24,298117 K3IV
-12,937723 6,399875 F0IV
-13,853920 7,704384 A2V
-5,816372 -4,668137 B6III
-4,230951 10,221815 K7V
-5,648028 -5,136965 K0II
-7,892317 -6,537868 B3VI
20,057888 -5,942422 M9I
-4,571903 14,214779 G0IV
22,658034 -4,540552 G7VI
-11,176677 7,801779 G5VI
-7,272565 -3,847368 F9V
-5,366679 -4,741271 G7V
19,693642 -6,224725 A9IV
-9,104850 -3,884060 G5V
20,496792 -5,335125 F7V
22,294537 -5,052605 O5VI
21,398007 -5,623792 F3I
-6,726145 -2,869255 F4VI
27,102773 24,847854 A3IV
23,373762 -5,675024 O1IV
-14,489071 8,419746 A9V
20,906578 -6,225665 M1IV
-13,291530 9,450593 M2I
-3,748909 12,131679 K6IV
-6,722230 -7,464645 F5II
-9,225098 -3,364204 A0IV
-5,854904 13,190622 O3V
-6,354730 10,497781 B2III
-5,418468 -5,306743 G1II
29,214381 23,671099 A6VI
21,369372 -9,279317 F5II
-8,976524 -3,747058 M1I
-6,773541 13,809762 B4V
28,660076 21,811089 M4II
-3,794274 10,482942 G6IV
21,891631 -9,103552 K5V
28,055205 23,948385 M1I
-13,358094 8,381883 A6III
-14,280480 8,391468 O5V
-11,116729 8,236294 F4VI
21,326354 -8,953901 B0I
-13,766464 7,317756 F3II
21,571800 -8,176827 G9V
-14,842273 7,681040 M3I
-12,133705 7,539377 O7II
-5,492026 10,766768 A7II
30,604299 22,744320 O9VI
21,459079 -5,942658 M4VI
-5,549521 12,330695 M2VI
26,679882 24,677785 A1II
-6,396372 -5,712734 F8III
-8,706052 -7,653119 K5I
-10,988094 5,802776 B2II
-12,507264 7,860465 K9VI
26,970312 21,269141 F2VI
-9,458061 -6,611310 G8I
-10,811589 8,437594 K5I
25,981327 21,858073 G2I
-12,085250 7,447795 F9IV
19,320949 -7,631899 G6I
-4,779603 11,511294 B4I
28,087932 20,409882 O9IV
27,874127 21,042277 A7IV
26,357107 21,189914 B5VI
-13,914136 8,180129 M5III
-11,874056 5,307386 O3IV
28,563603 21,034187 A3IV
19,098689 -6,811902 G3III
21,105954 -4,727506 K2VI
-12,690621 5,626656 A7IV
-14,193081 6,273995 G8VI
-7,362856 11,097800 F5II
-4,576055 12,445740 F8II
-2,923907 13,689086 O4II
21,778103 -4,667359 G0I
-6,937294 -3,218494 B9IV
20,050642 -5,923287 A6I
-7,225893 13,371410 O4II
-7,167124 14,099339 B0IV
22,392810 -9,437489 O6VI
-14,303921 7,808583 B2V
23,348751 -7,921187 A2V
26,039119 22,068227 O6I
28,800652 25,118142 B3II
-6,792235 -6,044752 M6IV
-8,094798 -3,160374 G4III
-12,524445 8,967943 G6V
22,211993 -7,745770 O6VI
21,839943 -7,389978 A3II
-6,456335 10,675286 B1V
-10,668695 5,696934 B9III
-14,196053 7,437298 B2VI
-5,582788 -6,652425 A3V
-2,758748 11,674942 A2VI
-11,927629 6,221885 O4II
-9,497005 -5,773606 F8I
-7,537106 -7,261381 G6IV
-7,950118 11,920557 B3III
28,903598 21,991205 A3II
21,742084 -9,009617 O1I
-9,833799 7,333539 K0III
-5,255426 9,778228 O3IV
-6,048839 -5,811392 F0V
-7,501332 11,145143 G3IV
-11,841435 8,429807 O9I
21,742204 -8,253028 B1V
-3,495399 12,487472 B2VI
21,679595 -9,066723 A7VI
-9,147210 -4,005633 K6I
23,530912 -7,608147 B4I
28,255670 22,170515 F9I
19,094902 -6,971950 M2II
-9,042805 -5,370562 K9VI
28,776062 24,835603 F2III
27,271303 20,333502 B7V
23,755672 -7,562013 G1II
-6,438536 10,137793 K4II
-7,533857 11,172107 G6V
29,415876 23,639614 B2VI
-4,945618 13,893768 A6V
19,807031 -7,717515 O9I
27,922321 24,188647 K4II
25,791461 24,092179 A0IV
-12,177532 9,175417 M0II
-7,646654 -7,567579 F6IV
28,402709 21,036490 K5III
-13,482761 9,177817 A1I
-3,798757 10,634745 B6III
-5,844283 -5,980488 A5I
30,009292 21,432255 B4V
-7,160004 12,257147 G2I
-7,418770 -2,727016 B5VI
-11,989731 9,506339 B2II
29,852133 21,294661 F2V
-8,527812 -5,803340 B4IV
-9,376125 -4,261620 K8II
20,570943 -8,765559 B6V
29,092996 23,015107 F7IV
23,659353 -5,129845 G0III
-3,871795 14,510040 K7IV
19,910978 -7,311079 F4III
26,636449 24,872419 B2VI
21,206923 -7,537821 K0V
22,997113 -6,977646 O0IV
20,660972 -6,154305 O8II
-4,351514 10,801968 O6II
23,379900 -5,516040 O6I
-8,079196 -7,036175 M0V
-4,233271 11,477019 O3IV
-6,915614 -5,684825 B1III
21,263662 -5,308419 K2V
29,940436 22,232912 O5III
26,937492 22,475801 A5VI
-3,080305 12,071075 O5II
22,426740 -7,453848 A0II
-6,841024 -4,285926 B8I
-5,046705 -4,480012 K8II
-12,223118 6,098386 B0II
-6,003224 -6,249295 K1IV
-6,706245 13,174589 K6VI
26,077236 24,082717 K3III
-6,234805 10,645109 F0V
-7,709597 11,398118 G7V
21,851243 -8,474726 B8IV
-7,216947 14,207711 O0VI
-7,199786 -3,181365 O4VI
25,838472 22,617744 A1III
-5,854946 14,818658 O5VI
-4,434976 12,590876 B2VI
-4,880698 13,141878 A1V
27,639609 22,002834 B5II
22,814224 -5,536324 A1IV
-5,771304 12,827882 G8I
-7,765708 -6,963672 G3I
24,148785 -7,916969 B9IV
22,544218 -5,459476 O3VI
-7,448544 -2,950518 K1V
-3,299386 13,501151 K0II
-11,665174 5,639589 M8V
-7,621820 12,811836 O1V
29,106162 21,292226 A5IV
-7,032858 11,094281 A4III
-12,804566 9,368825 O4III
-12,129928 9,601052 K4III
-3,460217 12,232152 B9IV
22,120940 -8,772280 M9V
29,060534 24,736910 M1III
23,827799 -6,606815 B6II
-4,680587 14,688507 M9VI
29,631762 22,506590 F6III
-3,817656 11,361966 M9I
29,190953 21,105346 A6III
22,819748 -6,354003 G8II
-5,251619 11,678246 F1IV
27,152982 21,051056 K6III
-6,529657 10,867650 G4III
27,566104 25,110232 K9III
-6,689955 -4,832389 K5III
21,309851 -9,131084 A2I
-4,299581 12,678068 F7VI
19,685283 -6,895517 B2VI
-6,920287 14,069515 F2IV
-6,487584 -6,908120 A8III
-6,341041 13,457856 M1V
23,318036 -4,993226 A4III
27,851185 25,505726 A9V
27,387647 21,255816 G5II
28,241043 22,194152 M5VI
-10,833654 9,571233 G7VI
26,632819 22,287151 A7VI
-6,786083 -5,081563 M6II
-7,171223 14,356466 O1IV
-5,012477 10,599284 M0II
-10,492919 5,861602 G6VI
-9,606653 -4,020002 B0VI
-12,794131 6,765270 F2V
-5,698536 -7,407069 B1V
28,343704 21,639726 G7IV
-2,699457 12,078840 M0IV
-9,317989 -5,295420 G2II
-11,832337 6,377379 O5III
24,271355 -6,704075 A1III
-3,700999 10,725107 B7V
-5,463511 13,135786 M1I
20,705160 -5,897861 K9I
29,071932 21,844703 A5VI
-4,199589 14,299567 M2VI
-4,565970 13,230028 M8I
-6,949208 -5,099131 O7VI
-8,054697 -3,470699 A0V
19,459000 -6,670988 F1III
-6,031112 9,957172 M1II
20,719886 -5,024246 B1IV
-14,004315 6,997258 B0III
-3,340648 12,885871 F1IV
-13,583492 5,243527 O6V
-13,435391 7,268194 K1IV
21,579343 -6,106293 F3V
-12,999230 7,487973 G5VI
-8,887205 -3,794189 K3VI
-8,669731 -4,518500 K3V
-7,840293 -8,035978 B1I
28,198294 23,880042 B4II
27,715843 23,842957 G4II
-11,279569 7,591678 B7I
28,569999 22,002214 A2V
-5,705597 -4,311656 B0III
27,019396 24,814449 K0VI
-6,815675 -5,382104 B0I
-10,018312 6,580327 B5V
20,914782 -8,928156 O4III
29,129572 22,098304 F2I
-12,907281 5,263455 A0II
-12,141899 8,606481 B8IV
-3,556718 13,336460 B5VI
23,388755 -7,512839 M6V
-10,341261 7,986430 M3IV
22,961466 -7,938854 O7I
-5,930919 -5,467876 F9V
-10,972225 8,593568 O8VI
-5,669525 14,404464 K7I
-5,502826 11,819685 A2V
-9,814653 6,526561 K9VI
28,955398 22,867552 O5V
-7,200920 13,318928 A2IV
-6,938285 -4,745213 G7I
23,952897 -5,926341 B5VI
-11,557705 6,264280 B9V
-13,721685 7,820332 M4VI
28,037569 22,432382 G7I
26,741586 21,477482 K0V
-3,829617 11,401529 F4V
-4,313721 11,488297 B6IV
-4,956941 11,838618 M4III
21,886764 -8,103535 G5III
28,630944 22,317928 F0IV
20,648713 -8,627864 G7IV
-9,977847 -5,652319 M4II
23,733593 -5,866224 G5IV
-7,191050 -3,582736 O8VI
26,556929 22,080443 B2I
21,659795 -8,483719 F1II
28,186124 20,236611 F9I
24,365925 -7,574129 A6I
22,392514 -6,755717 K0VI
-10,453901 8,876644 A9III
28,242373 23,757155 A7VI
-9,709397 -5,409210 M3I
-13,482320 6,728326 G3VI
22,229239 -7,201813 F2VI
-8,614968 -6,891637 G5VI
23,251074 -6,323103 M6VI
-8,117243 -6,607938 B3VI
-11,062794 5,854331 M0III
26,433984 24,224578 M3III
21,897200 -5,411803 F0II
-11,453253 6,361135 M8IV
23,542265 -8,081450 F2III
-4,515644 13,243181 M1VI
26,647931 23,825684 G0III
-5,970377 10,419356 A8III
-6,148544 10,708280 F1I
28,613478 21,330810 F6I
-5,528492 10,685987 A7V
-10,856990 7,439528 F2I
-12,819245 5,588371 M8III
28,479897 21,800484 G1I
-8,934430 -4,087269 B8III
-10,591709 6,276120 F2IV
21,918080 -6,068923 O6IV
19,630679 -7,140418 F3III
-5,453500 12,270744 B3VI
-12,355385 6,189682 K5I
-4,525651 13,459643 M9VI
-8,389009 -5,887745 M0II
28,620469 22,249690 F5II
-7,545705 -3,301389 K4II
-11,735610 8,471774 G0II
21,721269 -6,227231 F7III
-12,987640 6,747000 B0I
-4,894865 13,625192 F6I
-6,762344 -4,800077 M6IV
20,208559 -7,688924 K4V
-10,203700 6,093919 F0II
-13,140233 8,621395 B5III
28,736287 25,203076 G4I
-8,404983 -4,043414 G3III
-7,552404 -6,807260 B0III
26,208330 22,759726 B0III
-9,535979 -5,051467 G4IV
20,837166 -5,459856 O7VI
-7,950762 -5,730901 F9VI
28,615231 24,745456 K5I
20,199488 -6,927368 A8VI
-5,003583 -5,636687 K2V
-7,425503 -4,891051 A2I
-11,593275 7,496046 F3V
-13,227526 6,375439 G5I
-5,450071 11,389043 O6II
-5,978391 14,195418 A9III
22,692894 -4,679659 M0V
-6,088413 11,835995 O7III
-7,264094 -3,709926 K8IV
-6,591499 12,028582 G9IV
23,450855 -7,356336 O0V
-11,096200 9,483226 A8II
23,178554 -6,449921 F4V
-8,012231 -7,254374 M2II
23,524284 -8,079806 K0VI
-11,985674 5,585732 B5V
-5,123213 13,081741 K3III
20,548489 -7,839728 F2III
-6,859340 11,948888 B7II
24,217052 -7,869784 B9VI
29,081630 20,794576 M2III
29,855522 22,724744 B3II
-7,104314 10,999342 B8III
21,511114 -8,007598 F7III
-7,392758 14,165738 K0V
-6,085126 -6,567236 K3VI
29,458882 23,009824 F9IV
22,578569 -6,433279 F9IV
-7,478031 13,699182 K8I
-7,386680 -6,442373 M7IV
-12,253602 4,983609 F7III
-6,873069 11,125945 A2IV
-3,453733 11,747107 A5IV
-12,780561 7,224676 F8VI
-9,650649 -4,872201 A1IV
-13,950252 5,378698 B7V
-8,146399 -3,961541 G6I
-4,318875 9,991997 K7VI
27,836424 20,403135 F5IV
19,462850 -8,346866 O9II
22,509377 -7,390870 M5V
20,480150 -8,624866 G7I
-12,022858 5,238089 M0III
20,736135 -5,393005 G8IV
21,983737 -8,555448 G6III
19,254318 -7,111638 K4VI
27,977538 24,014459 K8V
-6,046027 10,278643 B8III
26,326769 24,440963 F6III
28,414649 23,407132 B9II
-6,751638 12,827988 O9III
-5,379257 -5,494590 F1III
-12,807359 6,440569 G6V
-7,873996 12,557845 G3V
-8,394264 -6,721519 O6V
23,329735 -6,233268 O9I
28,533721 25,122614 A7V
-5,794944 -6,327529 M3IV
19,779431 -6,375283 M6VI
-10,515945 8,863373 O0VI
23,477643 -5,687176 O3I
26,196052 23,550540 K3V
-5,242415 10,934168 A0IV
-5,516934 -6,900160 O3IV
28,995260 22,862217 B0V
21,690673 -5,012223 A6I
21,657587 -9,081033 F5IV
20,973643 -4,665801 K9III
22,914800 -7,793507 O8IV
29,981647 21,457062 F0V
-2,799638 12,175878 K1IV
-11,463060 9,490940 G4II
-9,732065 -5,335436 A8I
-9,531525 -4,226903 B6V
30,558667 23,127873 B8I
-4,625201 10,618218 K0IV
-10,292133 8,043567 M0VI
-6,985657 13,284384 F6V
-14,757973 8,003058 G7I
27,570402 23,561884 G8IV
-9,841172 7,435965 K5I
29,518749 23,484812 B5III
-3,334787 14,150746 A0II
-6,921301 -5,918224 A4V
27,694679 21,548592 A6IV
-12,661693 5,533109 K5II
21,349071 -8,480993 A7II
27,946661 25,042269 M8II
25,479086 23,495355 B6II
30,513440 22,770570 K1III
28,271739 24,602314 K8IV
22,136537 -6,373694 B5II
-7,331099 -5,994958 M9VI
-5,758075 -3,916499 F7II
-3,097314 13,713828 O4III
22,293617 -7,786227 K2I
-3,556508 13,122377 B3II
28,184141 23,982499 K8VI
26,201753 23,859892 B3VI
-6,816360 -4,811228 F6IV
21,369750 -7,637007 A3VI
-4,630342 10,941982 K4IV
-10,684887 6,674603 M1VI
26,781234 20,933449 G7IV
-9,498268 7,288936 M3I
26,881705 23,812420 O7VI
-12,663596 8,124439 B9IV
-6,780508 12,618634 M6V
-6,276584 12,686306 M9III
-6,598053 11,793104 O0IV
-9,221753 -5,197500 O9I
23,171551 -5,174526 K8V
-12,523954 8,468897 G4IV
-2,955287 11,227818 G3III
-5,399251 12,320411 G0V
27,063943 22,762784 A1VI
-14,456991 6,160175 G8II
-12,678051 4,911745 B8V
25,402393 23,002326 B5III
20,437842 -5,394804 A2III
-9,146223 -7,121008 A0II
30,653745 22,839061 A3IV
-6,238119 -7,271761 O9IV
-13,356860 5,536313 B2II
-9,648040 6,692142 F0V
-4,100896 14,623754 B6VI
26,472787 20,715498 A8III
21,130760 -7,979761 A8III
-13,393649 8,114112 M1V
-7,236984 12,227587 F8VI
-7,474659 12,837294 G5V
-10,314870 7,405520 B6II
-10,674832 9,454300 F8VI
-12,123717 6,539958 M8II
-13,944785 5,971202 G3V
-13,935267 7,784833 B1III
28,249544 24,776555 A5III
29,286736 23,594866 K1II
25,875032 23,493367 B2I
-11,697758 7,097052 K2I
-10,091797 -4,918409 B3VI
26,140773 23,674214 K5V
28,499782 20,929154 A5III
29,357137 25,121634 K7II
24,141157 -7,641453 K4II
29,252711 22,386517 A5I
29,602345 22,792936 M2I
-2,940262 11,787581 O1II
-4,509877 13,173604 K9V
29,429218 23,338565 F8VI
27,255965 23,376999 F5VI
21,959060 -9,209178 A1V
-12,156903 5,214996 A0IV
-6,267687 12,232624 O4III
27,039286 20,546898 O9VI
-12,353534 9,781014 M8VI
-12,316234 5,673071 B2IV
23,939543 -8,174889 O9IV
21,266373 -5,744464 B4II
-5,131860 9,798682 F9III
28,042654 24,769132 G3VI
23,504130 -5,879474 O5III
-9,852851 -4,337895 F9II
-6,472263 -3,773125 A2VI
-7,901656 12,473535 M3III
26,002428 22,958783 M1V
20,212035 -6,130857 A9II
27,532826 21,551585 O7VI
-4,141550 10,060073 G5I
-8,716038 -6,887811 O3III
27,820879 21,185792 O4III
21,427312 -6,919969 M5IV
28,761924 20,392477 M1VI
19,535023 -6,715253 G2IV
-4,785641 11,913651 B5I
26,382740 20,753968 O4IV
-9,341084 -3,733256 G3VI
19,953812 -6,117714 O9I
-7,112430 13,498002 O1IV
23,392591 -5,617463 M7IV
-11,126589 7,042964 B9II
-8,417140 -3,935132 B7V
-6,385812 11,445070 G7V
23,624197 -8,096492 M3VI
-7,487044 -3,456282 F1I
20,273088 -8,482964 G4IV
30,216404 23,481078 O2II
-6,542716 11,186599 B9VI
-8,100431 -7,369324 G0V
27,889714 21,250048 M4IV
27,798239 25,261991 M8II
21,708234 -8,288240 F4V
-10,952699 7,626377 G9V
-3,038843 11,759351 O1I
30,661774 22,432303 M3VI
19,751873 -8,414486 M8IV
-12,427723 7,122406 F4VI
22,975706 -5,838506 F9VI
28,303760 25,042360 G2IV
27,534835 23,198394 B3I
26,070619 22,365948 K8II
-2,815227 12,522900 A3V
-14,208204 6,858524 K4II
-13,751697 5,375540 O9IV
-12,556703 5,741119 G9II
-7,949840 -7,712950 K8II
-13,491945 7,735078 B8III
-13,065089 5,939921 G6I
20,835079 -8,492894 K8VI
-4,662481 12,733892 B7II
-7,061968 14,522891 F3VI
-11,574704 6,985298 A2II
-7,236802 -5,218794 O0II
-13,140517 8,828431 O1II
28,929740 23,965613 G2III
28,594395 22,496875 B0VI
-14,749417 7,838433 G1II
-6,103796 11,173887 O2V
20,569636 -5,633267 K4II
19,804405 -7,115023 F8VI
22,511463 -8,497190 G1IV
-14,461760 6,715357 B9VI
-4,806683 13,543740 M4IV
-12,336599 5,880123 B1VI
-4,963579 14,233308 G5III
22,949724 -4,995866 G9V
20,623610 -7,237571 O0II
-9,276371 -6,177946 F1V
-5,405346 11,532637 F5I
-4,752847 12,319164 O2III
-7,315155 12,318909 B8III
26,263983 24,723638 F9II
-11,605701 6,293451 F4I
21,515080 -6,656065 M8VI
20,960361 -7,708738 M9II
-5,958086 12,431933 K3VI
-14,479051 8,483214 M5VI
23,062991 -9,086870 G4IV
22,720146 -5,092143 B4VI
-5,622451 11,409874 G2IV
28,991069 25,254733 B9VI
29,195801 24,184258 M6V
-12,366502 8,408879 B5IV
21,846478 -9,675070 B0I
-7,691709 11,593742 O4VI
21,642209 -9,394172 G7I
-7,002961 -3,148189 M5I
21,946247 -7,954649 B8VI
-6,606956 13,491715 M7IV
21,312299 -9,426741 B9I
-7,354226 13,682605 A0IV
-12,323645 6,842373 K9II
22,929464 -6,094885 K3V
27,236547 25,414650 A5III
-10,760229 7,083305 O2V
-7,615450 -4,169607 G9I
-10,791467 9,263491 A5I
22,914507 -8,096531 G9II
-12,132384 6,619960 B3II
-10,703218 8,246517 F8II
27,935930 23,407520 M8V
22,796471 -9,390538 A7IV
-3,403960 12,715589 A3II
-6,452698 -5,473833 F0V
21,672112 -5,376399 O0IV
-9,585525 7,598352 O3V
-6,254118 14,096731 M6II
-11,581543 5,090885 F4III
-4,721836 12,083322 B9IV
19,605886 -8,309879 O5II
21,462322 -5,007165 A2V
-5,946422 -7,399626 A2VI
24,180303 -6,845941 K0I
-10,682588 8,282712 K4VI
-5,952602 -4,910537 O4IV
27,112919 23,825233 K5V
21,036394 -4,912915 F7III
23,791652 -5,350552 M7II
19,867805 -8,608271 B5IV
-6,275170 13,095891 B1V
26,434038 23,717028 M5IV
-5,805683 -6,393977 K3V
-14,432875 7,633227 F8VI
21,772371 -6,969749 O4IV
-9,942063 8,256465 G1V
-7,938540 -4,436026 B6VI
30,207122 21,427447 A8II
-10,136725 8,071340 B5II
22,447114 -5,047566 A7I
21,024182 -4,967221 B1III
-10,409974 8,607764 O3VI
-3,303285 12,318732 A9V
-10,353339 6,560530 O5III
-10,087207 6,023205 F3IV
25,959293 23,256866 O0II
-5,705755 -5,253819 F1III
-11,779330 7,807067 M5III
21,545291 -8,054240 F0III
-12,951033 7,318662 K3V
-6,377485 13,265124 K9III
24,285250 -7,337093 A1V
-5,210911 10,813203 M5VI
-3,371469 11,708399 A8II
-7,613836 11,526430 B3VI
-7,016975 12,969617 O3V
-7,821093 -3,955435 B8V
28,333184 22,440905 G7II
-12,673096 7,187027 G6I
-3,925693 13,576779 O6V
27,944141 21,264625 K0I
-7,324279 13,756597 F5I
-4,848382 -5,473956 K5VI
20,899602 -7,896193 B1III
-3,835610 13,324259 A6IV
-8,939136 -3,565079 K0V
-14,691851 7,419239 A7V
-4,318228 14,488675 F9V
29,015122 24,070854 K4V
-11,515541 8,856248 G3IV
-2,806901 13,364179 M5II
-6,394512 -4,489470 M6VI
20,659884 -9,101430 K1II
-5,780223 -5,337416 F2III
-13,297370 6,638415 G2II
19,381341 -8,182483 G7VI
-6,584243 13,859152 M8VI
-7,496527 13,294614 M6IV
21,227889 -7,071912 A9IV
28,033260 23,414286 O3III
-9,268896 -7,422032 M6II
-4,631481 14,639747 A6V
23,124635 -6,261293 F5IV
-7,886149 12,234007 A8I
21,866009 -8,631757 A7II
-14,604390 7,371664 A6II
-5,225581 -6,286551 F2IV
-13,135404 8,416705 B7IV
28,089824 25,061340 G0II
-12,668941 7,060098 B0VI
19,482483 -6,494560 G3II
-6,085563 -7,381737 G2III
26,278178 22,026289 B9IV
-3,157922 11,170181 O4I
27,457242 25,132261 K9II
28,100566 24,627755 B5VI
21,480937 -8,455999 A0I
-11,545561 5,286563 O3II
23,842361 -7,324812 B8V
28,737033 21,516398 K9III
23,762039 -7,612419 F1IV
-8,058364 -7,719759 K1I
-10,235367 5,891537 A6I
-6,474033 -4,439742 K1IV
30,635469 23,053486 F9V
29,157810 23,555436 B5I
-6,402045 11,273578 G7V
27,627885 21,025338 B4I
-14,806522 6,989381 K6V
-3,612852 11,809187 G2II
-7,663846 13,624417 M5VI
-5,218639 -5,871319 B6II
28,970494 21,017296 F2I
-13,611239 5,864878 O8III
-7,876030 -3,931622 F3II
19,891498 -8,229513 K4V
-5,985385 11,373038 B9VI
-10,653633 9,461988 O6I
-12,198872 9,414293 F2V
-8,188843 -5,340374 A7VI
-6,383717 13,867476 B5I
26,080704 21,882003 G2III
-4,939448 13,262824 A5I
19,444424 -8,031979 A1V
22,269579 -7,323356 B1V
29,052085 25,049029 M6II
-13,145012 6,522665 G5I
-5,581627 10,546660 K2V
29,499152 23,094713 A1III
-6,436484 13,138002 K8V
19,209251 -6,435420 A5VI
21,004377 -9,259319 B3III
-13,997928 8,631485 O3III
26,379364 21,971968 M8II
-6,337603 -6,643791 G7V
-8,443274 -7,784075 F8II
27,100929 23,657329 F1II
24,085786 -7,004648 B1V
-8,543346 -5,331032 B0III
-6,869256 -3,829826 K5I
-12,786972 7,200494 A9III
-4,329737 13,694924 M7III
-10,640652 7,115984 M1IV
28,586033 23,841005 O9II
-4,457746 11,839451 K9II
-5,930076 -7,042543 A2III
26,091856 21,183518 K2II
-13,118210 9,296533 M6I
21,195217 -5,246089 F4VI
-7,700178 12,091789 G0IV
-8,665170 -6,307173 O9IV
-5,879812 14,406239 O0IV
-11,060440 5,469709 B0II
-8,035652 -7,115909 M2II
19,398260 -7,203201 A4VI
-12,660229 4,732777 K1VI
-11,664873 5,745738 B4VI
-2,913798 13,361334 B4IV
21,568972 -7,503699 M0III
-12,842860 6,864644 B3III
19,143182 -6,968804 A9VI
26,968499 21,946774 G6III
22,571186 -5,657675 K1III
-5,904552 10,898880 G7V
20,069311 -6,670457 A6II
-5,747935 13,852765 F5II
30,028095 24,066201 M3II
-10,228230 6,670025 A8V
27,995784 21,299309 O2III
20,419971 -5,629197 K6V
-5,358701 10,767908 O4IV
-9,690066 7,343660 G7II
22,276178 -4,972235 M2I
27,198174 23,524381 K6V
-10,709036 5,282954 F2II
-3,907514 14,752077 A1II
24,221956 -8,039283 A2IV
-9,593251 -6,270973 F4V
27,732941 20,295095 O9IV
21,649724 -8,430297 B4II
-10,828643 8,451291 O2VI
-5,410543 14,493274 B2VI
-8,118350 -5,249061 F0VI
-6,835949 12,521799 A5IV
19,256061 -7,404082 A7VI
-4,897520 10,321442 G4III
-11,797073 6,046146 A5V
22,952233 -5,161136 M2VI
21,849140 -7,414811 O0IV
-11,270209 5,245459 K3I
25,864847 24,374276 M0I
27,957550 23,091020 M8I
-4,967151 13,255629 M9VI
-9,143376 -7,099961 O1I
-12,944222 7,861484 A5I
-7,695662 -3,356453 G9VI
-14,081078 8,477144 B1V
22,325434 -7,904296 F7I
22,752906 -5,485302 F4IV
-4,066506 10,640755 F4V
-5,733133 11,252540 B7III
-5,350126 -4,392415 K3III
23,963943 -7,171413 B0VI
-5,873726 11,181614 K6II
23,464141 -6,222405 O6I
-12,921011 9,022640 A2V
-5,287073 12,105419 M7I
-12,591437 5,124195 A1VI
21,930521 -9,042938 A4V
29,183560 22,839101 G9VI
21,366235 -6,250712 K3IV
-12,444487 4,791776 B0V
-9,213145 -4,793314 B3II
19,926930 -6,229265 B1III
20,149048 -7,157262 M4III
-5,498263 -6,634747 B9V
29,980952 22,667803 A2VI
-13,158696 5,178800 O8III
21,926095 -5,436093 A5I
-5,523492 13,797741 F7V
-5,531365 13,251828 O9VI
-13,377063 5,849104 A2II
-4,304138 14,333857 F5II
28,792770 21,081418 B5III
-4,691580 13,281973 O9I
-4,382871 13,203244 G1VI
-6,409648 -4,823697 F4I
28,066331 21,597197 K7II
20,770090 -6,571614 O6III
22,101505 -6,176809 G9I
-7,102530 10,748519 F9V
27,522837 24,869872 M2V
20,187753 -9,191228 A5I
19,364179 -7,029522 A1IV
-12,844465 6,619925 O1I
-5,104044 -6,039980 B6II
-10,565734 6,894664 B8III
29,653695 24,385667 O8I
-7,922213 11,895594 O6VI
21,072694 -4,573598 K8II
26,121429 22,229657 K4I
-8,438199 -5,793786 F9II
30,025957 22,145700 G5I
28,999816 21,278275 O9III
-3,254966 11,700939 G4V
-13,149561 9,114014 K4II
-7,326805 13,295586 G9VI
-6,349755 12,129147 A3V
23,439742 -5,017976 M2I
-6,847607 -6,877506 A7VI
26,858895 21,756299 B3V
-4,564351 13,399756 M4V
28,039557 24,143887 O1VI
-6,405564 10,117438 M5VI
-12,114278 9,490010 K4IV
-14,191851 8,502140 M9VI
22,102615 -7,793981 M0VI
21,224909 -6,011105 B7I
22,102036 -7,837071 G8IV
-8,775151 -5,802336 G7V
-6,394761 -5,771017 O9II
23,749365 -8,761595 B9I
27,285237 20,811511 A5II
-5,989296 -6,617223 M9VI
-10,759876 5,092957 G3II
24,072455 -7,923301 K5III
-4,029174 12,170820 A1IV
-5,359012 11,239195 M8I
27,291546 22,439663 G0V
-13,761841 8,731348 F2I
28,971497 24,367691 F4IV
29,795019 22,688535 K3III
24,026354 -6,048119 B9III
-6,250037 13,073998 O6I
-6,841113 12,956017 A7I
-13,035992 7,795023 M2II
-4,566061 11,286692 O0VI
29,587892 21,674819 M9III
-12,714076 7,036108 B5VI
-9,870558 8,236359 K1IV
22,821428 -5,453296 A2II
-13,105198 5,285265 K3V
22,710267 -6,588996 B1IV
23,201723 -7,238281 K9VI
20,968059 -5,875693 B3VI
-14,419397 8,104997 O6V
29,665961 21,934619 F3V
-13,569449 6,524676 K0I
-5,195459 14,302055 G8III
22,093084 -6,148680 M1VI
-7,119870 -7,717792 O9III
-11,949107 9,040149 B3III
23,285999 -6,339221 M5V
22,527771 -7,623640 B0VI
-13,212934 6,268073 A4VI
-13,998168 5,717130 G2II
-8,117071 -5,880915 A2V
-4,970075 10,281900 G8I
-5,832537 14,014087 M8II
-10,629373 8,283506 A8IV
28,614242 20,529585 F6I
25,701993 23,316839 B9V
-6,269594 11,609434 F0V
-7,548425 -2,734328 O0IV
-11,899823 6,408656 B6IV
23,036460 -8,992162 A7I
30,077713 22,394330 K3II
-7,105361 12,054810 O5VI
19,876499 -6,665501 F0IV
-6,399043 11,267617 B7IV
-12,670276 9,960223 G1II
-13,818189 7,894881 O1VI
27,697317 24,062999 M9III
-14,163022 5,901133 K4I
-10,504047 8,729830 K3III
28,605742 21,401060 G5V
22,215809 -6,682076 B5VI
28,538834 22,965691 K5VI
25,408825 23,211238 F3II
-6,244022 11,385009 K7II
-10,129744 5,849381 O5V
-12,303603 5,482066 M5V
-13,554811 6,947734 F6I
28,099234 24,048655 O8II
21,795514 -5,017516 G1II
28,555620 21,892894 M4II
28,039481 24,461538 M0VI
21,766830 -9,701460 F3IV
27,098102 23,371287 F7I
20,629957 -4,737709 O7VI
30,486693 23,439943 M2I
-3,149753 13,262906 G6III
-12,415409 6,103237 G7IV
-12,417357 7,029684 M1IV
-11,617403 7,222842 A1V
30,513811 23,822283 G7II
-13,482792 7,001982 K5III
29,305600 24,057712 M9IV
21,308649 -5,265858 B0II
21,137170 -4,683981 A0VI
25,613072 23,864346 G3I
-3,275673 13,216883 F8V
22,070417 -5,764351 G8V
23,127209 -5,378981 K6III
-8,373327 -5,543358 K0III
-3,294587 13,661688 F6V
-3,864368 10,550375 F0I
-7,705676 13,505884 A6III
-11,088545 7,823891 K7V
-9,103180 -5,182261 O8IV
20,913433 -6,138633 F0I
-6,868890 13,135832 A2I
19,434037 -7,895706 B2V
-11,472657 5,543909 G8VI
-9,198161 -6,768798 M9I
30,018070 22,149212 M5IV
-4,436821 13,465671 K6IV
-8,341974 -5,521415 G4II
-7,400237 13,946640 B7VI
-12,044895 6,074668 K1I
-7,183024 -3,775666 G7II
-9,789072 6,408865 G9IV
-4,699169 11,805402 F5II
22,608645 -5,673154 B2III
21,292422 -5,298588 K7IV
-8,036801 -3,867086 M8I
20,394192 -7,845294 B4III
21,486180 -7,531903 M4V
-5,579154 13,382745 K5III
-7,001595 11,535276 O6IV
-4,703443 10,983757 A6IV
-7,046311 11,415998 A6V
-6,267112 -3,074128 B7I
28,615967 25,505828 K4V
25,895624 23,777214 O5III
-10,851349 9,351697 O9III
-3,800040 13,959296 F3II
-12,745338 5,131457 M3IV
-8,630757 -6,098841 M7I
-13,092908 6,758713 O2IV
-5,395834 -6,409396 B7IV
-11,695618 6,715009 O7II
-3,751437 12,933350 G5II
22,872413 -5,628245 F5IV
29,774825 22,562428 G9IV
21,919394 -8,703317 K5III
-10,102640 7,713861 B7IV
21,086412 -5,540618 G9II
-7,040875 -7,908734 B3II
-13,328904 5,319687 K6IV
-8,421045 -4,473454 F3VI
-5,690552 12,462128 M3I
28,761222 25,254861 F1II
-6,469652 -3,691589 A4III
28,850131 20,618280 G4IV
28,619433 20,585146 O7III
-5,378184 -5,318535 G8I
21,609104 -7,280476 F8VI
21,925702 -6,301983 G4I
-3,389608 12,823340 M2V
19,181891 -7,614261 M3II
-4,210595 12,559681 B6IV
-4,872449 -5,696518 G9III
-12,678339 5,286951 K5II
-10,011714 6,829122 O4IV
29,999493 23,903230 O2III
-7,588790 -6,829908 M9I
-9,605589 -6,495371 A6V
-6,611448 10,200974 K3II
-7,331470 11,404848 B1IV
26,309270 21,502957 G5VI
-10,779098 7,609326 F5I
-13,351853 8,543236 M5II
-3,208443 13,474906 O2VI
26,444289 23,232976 A2II
21,587117 -8,632176 K3V
20,599650 -8,109169 B2IV
28,532457 22,245968 A3V
-4,324820 10,331411 G5II
-7,301504 -7,792166 B7II
-12,296929 6,639482 F3II
-10,262294 8,528912 A4IV
28,461525 22,912199 F1IV
-5,912269 10,523062 O5V
21,158978 -8,963807 G5VI
-8,289276 -6,033483 A9I
-12,956863 9,498382 A4V
-6,782662 -7,205377 F1IV
21,572883 -7,767853 A0I
-7,214691 -3,642314 M1VI
30,664009 23,084573 B6IV
21,417590 -7,086761 B4I
-9,818298 -4,508120 M9V
-14,632063 8,494959 G5III
25,978713 21,844030 O8I
-5,925508 -3,854623 F8VI
-12,888421 5,780891 F8V
27,575756 24,569466 B4VI
-13,557936 7,789993 O5I
-9,593397 7,567838 A4V
-12,532338 6,794746 M5III
26,315429 23,392028 A4VI
-10,051023 8,758608 A1II
-12,031494 9,444963 K0II
-14,804487 7,196497 B0IV
-3,089316 12,915361 G4V
23,643920 -7,746320 G5I
-14,218224 5,971360 O4III
22,718283 -6,971684 M7III
21,042683 -7,319256 M5I
21,341814 -5,950369 A8III
-12,284890 5,165356 G8V
23,491705 -7,469406 G6II
20,726605 -7,228209 K1II
-4,269627 11,847437 K0V
-5,199810 9,801585 B5III
-7,770258 -5,764821 B1IV
-5,368586 10,379384 F5VI
-9,609581 -6,502320 G8III
29,093822 23,659706 K7III
-7,322249 -5,447752 K2I
23,521469 -6,088747 O1VI
-5,090395 13,980355 B3I
-6,454585 -3,280055 G8V
26,060114 21,865883 G7I
-8,199027 -4,558935 G2IV
-5,092928 10,775398 F6I
-5,937645 12,919774 F6III
23,184089 -8,436535 A7IV
27,388453 20,625376 A5III
-5,981623 14,767350 B0I
-4,722808 12,196620 G2VI
-11,161802 8,338863 A6III
20,293621 -6,607803 A1VI
-9,825956 7,997406 A4IV
-7,825021 -7,653275 O9II
-13,714509 9,241716 G6VI
29,479565 22,965456 G5V
-5,385388 12,458748 B5II
-6,416813 -4,273568 G8II
-10,060024 -4,721159 B9VI
-5,712397 15,130828 F3IV
-5,862858 13,051131 M2V
23,082843 -5,374751 G3VI
-5,085036 13,316638 F8IV
21,700703 -5,327710 K0VI
22,118595 -7,900134 M9V
-6,892321 10,775394 K0II
-8,229843 -3,818905 G2VI
-12,018031 8,373644 F9III
27,206653 24,381483 A8II
-12,740210 5,754945 B4II
-9,843499 7,495591 G6V
-3,899115 12,797724 A0III
21,035920 -9,239272 G7VI
27,531036 20,235308 B2II
19,179742 -7,616164 K8II
19,631655 -7,441185 A7IV
-10,920579 6,245727 M3III
-5,746487 11,788396 O8II
-12,674884 7,900321 B4I
-12,808309 6,826257 A0VI
-12,506286 7,213835 B9I
19,142863 -7,448075 M5VI
23,231987 -5,035786 G7V
-9,656888 -3,985603 F1VI
-9,121858 -3,359676 K8V
-5,115848 12,995261 F5I
-5,926967 14,331458 B1V
-13,103682 6,891931 F4IV
-10,889348 6,379702 A6VI
-13,328660 6,276757 M4III
20,887164 -4,883825 F4IV
-6,515187 11,236450 A7II
-11,596856 8,340008 A6III
-13,288849 6,124755 F1VI
-10,686170 5,970753 M2I
-12,179807 7,564225 G4III
27,281393 21,480913 K8III
-13,655030 7,074369 G0II
26,447297 22,147709 K7VI
-11,834505 5,177455 B1III
23,943938 -7,547489 M7V
-8,874654 -5,025536 A6II
22,104510 -5,645253 G8IV
-8,162090 -7,896895 F3VI
-5,617932 13,644208 B0II
22,656834 -8,316690 G8I
21,497717 -8,236158 F5V
27,914307 23,362582 A6I
20,867458 -4,662431 K8III
-5,576536 -4,095898 A5V
-6,873769 -7,050396 F0VI
20,357377 -6,406777 A2V
-6,015809 -7,632651 F0III
22,881397 -5,190892 G4IV
23,068468 -8,451553 F6I
-5,548057 -5,228606 B1VI
23,702421 -6,782492 K8I
-12,743784 6,754822 B4II
27,454302 23,640160 B1IV
-4,696825 11,344881 B4III
-13,944625 5,344516 G6II
-12,222858 9,696763 F9III
-7,546548 -7,483867 K9V
-8,516828 -5,574592 B7III
-12,646720 5,146309 O4I
-12,054488 6,506997 F7III
-12,520943 6,468985 M6VI
19,677262 -6,511426 F6V
-10,805600 5,537811 K0V
-13,557497 8,179510 B5IV
-5,346798 -5,677297 M6I
-6,331887 14,493245 M8I
-7,108599 -8,079492 O1VI
-11,214222 6,226796 B0I
-7,125098 -7,222359 K9II
-6,230716 13,660324 B4I
22,044278 -7,045254 K6II
-2,901321 13,509652 F1III
-8,488078 -5,119428 M2III
27,374011 23,278309 B0V
27,302764 20,449230 A3IV
20,720664 -5,208415 M6III
28,982154 25,254701 K2V
29,520571 21,250633 A0I
-7,733345 -6,029790 K1III
-3,311523 13,309014 K5V
-8,194945 -4,948291 B9III
22,096086 -9,371838 M5VI
-9,830253 7,136011 K1VI
-7,299640 13,525990 G7V
-5,006771 -5,717405 F2III
-3,655260 13,115691 A3VI
23,208416 -6,426040 G1VI
-6,292975 13,606889 B7II
-7,489611 -6,920685 A0VI
-3,208265 13,178181 A3V
-13,124217 8,885003 K5IV
27,887906 25,328468 O9II
-12,909670 5,740775 O2IV
26,861125 20,675578 A4VI
-6,435488 -3,306731 K2II
25,703416 23,377498 M9V
-14,794225 7,688711 O4V
-12,881034 9,774715 B2V
-7,759307 -5,902849 O8VI
-9,324560 -5,229888 M8II
-5,823851 -3,777316 M7I
21,815305 -8,384617 F6II
-5,348401 13,255675 O1I
-7,134278 14,406605 G9III
19,508282 -8,415424 G8III
-12,854125 5,913797 F4V
21,351410 -6,504469 K7IV
19,315446 -6,985764 K3I
-2,992463 11,713672 M4I
-12,666791 9,370520 O9III
28,492275 23,406572 M4III
20,778450 -7,622194 G9III
26,240569 24,579119 B3V
21,164998 -8,878797 M4V
-12,858422 9,391967 M9IV
21,417763 -4,690194 O5I
24,429495 -6,891549 O9VI
-8,214017 -5,787190 G5VI
28,091430 25,331493 B9I
21,776736 -4,502214 G6IV
-5,813861 11,549614 O4IV
19,810702 -5,230868 G3II
-7,788184 -4,459216 G8III
-5,020257 13,044267 G2VI
-13,275685 9,202395 F6VI
-9,063268 -4,019619 O8II
-5,574200 11,135210 M2III
-5,654651 11,922311 F1VI
-3,435694 13,407238 A1III
-5,294090 -4,708463 F6V
28,148452 21,338531 A8I
28,700559 21,751840 K7I
-3,650747 11,689662 O7III
-3,734469 14,350844 O2IV
-10,195987 7,233082 A1V
-6,965960 11,956975 B0III
-14,044514 8,086895 A9IV
-3,799848 13,836102 K5IV
-11,067607 8,840668 F1III
-6,613395 -5,627479 F2V
26,703475 24,939263 M0IV
28,485724 20,621588 B4VI
-13,845856 7,998455 O4I
-4,603914 11,924328 B6I
21,609987 -9,486236 B9III
-9,900744 7,233610 B9II
-6,272941 11,719951 K7III
-14,557466 7,644535 K1I
-6,657339 12,963715 F9V
-6,390126 -3,770374 A8II
-9,630059 -5,460933 G4IV
30,166218 24,059584 B2I
-6,989890 -6,399761 O6I
-5,615505 -4,260139 F6V
-6,247000 12,268415 A6II
20,946859 -5,414134 O1III
21,620366 -9,692233 M9I
20,421617 -9,322150 K8V
-10,003310 -4,574270 A7IV
20,368623 -7,963266 B9III
-12,948323 9,234228 A9III
-9,065635 -5,036112 F7VI
19,728499 -6,496552 K8III
21,197546 -7,149631 O8II
-7,677342 11,987679 A4V
-14,433995 6,535137 F5I
-4,544954 14,705708 O4V
29,968959 22,219608 O1VI
-7,329767 -5,243691 K0V
-8,006644 -4,105155 M7VI
-10,490680 7,223372 G5II
-10,915476 8,242828 A4VI
20,869157 -5,025782 A5IV
19,800489 -8,710891 K4I
29,408805 21,619760 B6V
-11,133762 7,534620 K0I
27,580361 24,970757 A7II
-7,142499 -4,249817 F7III
-12,386989 7,275254 B9IV
-4,781085 11,272989 G4IV
-5,140245 11,812682 K6II
26,056776 21,191865 B4I
-8,702026 -3,825520 B1IV
-6,160502 14,768406 K2IV
-13,941237 5,813400 B5IV
-6,416534 12,071503 M5I
21,742474 -5,362637 O5V
21,399086 -6,736469 F6VI
-5,711271 -3,608139 G3I
-5,872628 -3,927032 G9VI
-9,163775 -7,289637 A8I
-11,899329 6,968067 F1V
-8,208117 -7,715161 O0VI
24,070976 -7,285122 K7V
-13,191765 8,445502 G6V
29,498469 24,618991 G1IV
-13,769560 8,689286 F7II
-3,812482 14,487248 B3IV
-11,945669 6,315208 M5I
-5,984231 14,387563 M6V
-6,751234 10,309650 O5III
-5,648539 10,966392 O4IV
-5,982456 -7,116879 M4IV
-8,192379 -3,902948 F3IV
-6,699182 -4,504121 M7V
28,877457 21,252959 G3III
-11,347064 8,363413 M7I
-4,129799 14,569811 O4IV
-5,968677 -3,288983 B3VI
-5,646763 11,387718 F0I
-5,709622 -7,399857 O6IV
-7,177689 11,824094 G6VI
-7,329239 -4,636048 A1III
-5,829291 11,318443 A6VI
26,807458 21,105738 F7VI
-4,179751 10,576936 B5II
-6,284756 10,412107 A0VI
-13,526279 7,202530 B9III
-9,230284 -3,371120 K1VI
-6,112149 -3,418701 B5I
-13,935387 9,034031 K0I
-6,117274 -4,385388 K2IV
26,670008 21,621786 K3V
-6,555354 13,497557 K1III
30,371223 23,557228 M8III
30,138391 21,777404 F0II
-7,066150 13,124771 B7VI
-4,707110 14,428737 A7VI
-5,178398 12,547405 G5VI
29,703103 24,982233 O6I
22,582577 -7,293433 M4V
29,524409 20,772458 K9I
-11,928259 10,011853 A3I
-7,108485 11,015901 F2V
-12,887181 5,559026 M5I
22,145182 -9,626105 G0II
30,380359 22,210417 K8VI
22,571431 -8,132405 G5II
22,347870 -9,502346 M6V
29,419915 23,671043 K2VI
27,992714 25,534656 F9III
24,257403 -6,644488 O8V
28,596407 24,072947 M9VI
21,292438 -7,861899 K2IV
-5,466892 10,411256 G3IV
-3,791179 13,690028 B9V
-7,047700 -7,768082 G8VI
28,168681 22,693678 M5III
19,096903 -6,522063 G0V
20,512489 -9,291279 K8VI
23,220412 -7,191484 B2V
-13,964918 9,005233 F6II
21,447326 -4,849529 B2II
23,112282 -6,088715 M7III
26,754258 24,202677 B9IV
-13,676878 8,515072 F5III
-4,481385 12,771930 M8V
30,103905 21,907380 G6IV
27,652437 21,665236 A7V
-7,654302 -7,131719 A3III
-3,135302 13,209324 B2II
-14,540543 6,584475 F1VI
22,249485 -6,298093 B3III
29,668211 24,872283 F7III
-13,162477 9,197240 G5V
-11,606332 5,745685 A8I
-4,484531 13,946638 A8V
-13,894441 7,992077 B5I
20,828806 -9,170607 M8I
-8,584672 -3,069879 G3II
22,153902 -7,307276 B0II
-12,808798 7,519925 F1V
-12,900639 9,434448 K5I
-8,011500 -6,265368 A1I
-3,510265 11,131361 A7II
22,484431 -6,973139 F8I
21,113172 -4,831195 A6IV
28,220848 25,510624 K8IV
-8,749530 -4,192779 A3IV
-10,019255 8,626882 O3V
21,701510 -7,902222 F7III
29,662186 23,152589 F7VI
-7,369179 13,563899 O5I
-8,763600 -6,681771 A7II
-7,900161 12,922942 G4II
-11,089042 6,568564 M8VI
-8,840216 -7,399867 O3V
26,011842 21,211337 M0VI
-7,029803 10,530615 O7IV
-8,857074 -5,140003 K1III
-6,897864 13,664129 B6V
-12,077138 5,253981 G1V
-5,442548 -7,166161 B1I
-8,332674 -5,828133 B1IV
29,803818 21,328157 G4II
28,016196 23,652244 K2V
-10,342017 6,380031 B8V
-4,910370 14,106540 O9IV
23,253799 -7,559759 F7III
29,927899 23,974718 G7I
-4,347611 11,778096 F0V
25,713647 22,965774 M4II
29,177351 24,743182 F4IV
-10,596688 6,295070 F0I
-6,345755 11,862944 O6II
22,360830 -9,366397 A8IV
-6,703623 -7,156626 K2III
19,528665 -8,472353 M7III
28,352083 25,351275 B3VI
-14,216772 6,716274 G6IV
19,759049 -6,113013 F7IV
-5,154620 14,443943 K3V
26,893550 25,107064 B3III
26,199701 22,201856 B0IV
-7,423075 13,022920 F9II
-12,488798 5,281826 O4VI
22,898071 -7,228009 G8IV
27,505278 22,365697 A4II
19,721050 -8,312863 O2VI
-5,762793 14,880896 O7II
20,870396 -6,444089 B6III
-4,854792 10,504313 B4III
-6,783157 13,630191 K6IV
21,163194 -7,132433 A1V
-6,047821 14,869588 B8IV
-4,173071 14,499887 M3IV
-13,174577 8,739786 F8VI
-5,821706 -6,277556 F6V
-11,506987 9,019439 M3IV
-11,806077 5,447082 A7II
27,798651 23,520581 G9I
21,262350 -6,528156 K2VI
22,879883 -8,104792 F0IV
21,825807 -7,269468 A9II
-6,229904 10,835130 G3VI
-9,509393 -4,909395 G8II
22,848160 -7,130576 B0I
23,705923 -8,500849 M2VI
-5,115907 14,591600 G6I
23,775638 -8,027583 K7VI
-11,191011 5,459525 M7VI
26,490997 24,177774 G1V
28,104204 24,437179 F8II
-12,530734 8,096626 G9V
-3,763925 10,483693 B0II
-6,438462 12,134760 F1I
-5,802660 -6,174829 F2III
21,064021 -7,406690 A5II
-14,291997 8,863327 O0I
29,139500 23,443572 A8I
-7,889903 -7,212165 A3VI
-10,919057 5,432215 F4II
-4,509731 12,003967 F1II
27,755571 24,277406 F8IV
-6,916561 -3,279414 A6III
-6,901553 -4,521627 O2V
22,208438 -9,219697 G9II
-5,785540 -6,919652 B6III
-11,728377 6,176658 F5II
21,354147 -8,470330 A4III
-8,915244 -4,881879 K9II
21,387946 -9,634281 M4II
-4,160190 14,206980 F3I
26,177074 24,835014 K5IV
22,041496 -8,251335 G8V
-3,679278 12,785850 M2II
27,082621 23,814336 O4IV
-5,613442 -7,180847 K9VI
26,534727 23,000457 A3V
-8,026032 -7,689580 G8I
25,714194 22,133893 K7V
-13,280744 8,589799 M5I
-8,725691 -3,119645 M3IV
25,608438 22,710898 O9I
22,679731 -8,845015 B0V
28,862412 23,252222 F0III
26,540759 24,721645 F6I
-6,588824 -7,180556 F7IV
-6,805103 -3,052313 G2II
-7,602860 -4,988757 G0VI
-11,502918 5,243867 M3V
21,581006 -8,058069 K3III
-13,976107 7,308597 G1III
-8,476947 -7,240702 O5VI
22,812348 -6,209990 A5II
21,989579 -7,513158 O7VI
-4,212857 14,147604 F7I
22,666391 -5,937989 B3V
-10,317829 7,360828 A7II
-12,944527 7,694970 M9V
-7,543972 13,837393 K3V
-10,710088 8,771930 F9IV
22,292345 -6,522857 A5IV
27,105785 21,018012 A8II
26,854587 21,428509 A8V
-10,259389 6,777956 A9III
21,635448 -7,038420 B1I
-7,119608 12,676869 A8VI
19,845364 -7,114095 F0VI
-5,956311 11,761291 K4III
21,400111 -6,459146 M7VI
23,309570 -8,113395 G1VI
21,482927 -4,517321 G7V
-9,643696 -3,838129 K9VI
28,331360 21,481231 F2I
28,119435 23,398529 M3III
22,945250 -4,793126 K8IV
-12,308609 7,779990 M5V
29,143454 22,122189 M7VI
-13,661293 9,129454 O9III
23,958342 -6,040913 F1VI
-11,581678 5,110409 G6III
-6,683815 -4,677050 K3V
20,366116 -6,238564 O0I
-8,272104 -6,742774 M7V
19,542595 -7,219473 F6III
-13,275402 4,971284 G5I
-4,644939 15,064014 M1I
-7,831242 -3,831176 B8III
-11,120385 9,479674 K8V
-11,250370 7,017190 A3III
21,491614 -8,266436 G9VI
-5,533837 -5,725017 G5I
-5,615231 10,033235 G6V
27,461008 23,020262 O8II
27,739767 24,491804 O1II
-5,169172 -6,041044 A3V
-4,475318 14,590523 O4I
-6,808832 -7,578624 F5II
-6,495752 -7,566188 A8III
29,016731 24,007277 K5II
-6,063731 13,409879 K5I
-7,572437 12,065760 O9I
-11,420847 8,001079 G4II
-11,727526 8,704809 F5III
30,319490 21,629244 M8VI
29,060026 24,658847 A0I
28,816695 23,420042 B4VI
-4,577473 11,873844 G3II
-5,482019 11,572024 A9VI
-6,162402 14,894232 M2I
-10,890616 8,250953 O2V
-7,769920 12,975011 O3V
-4,501968 13,989760 F1III
22,872208 -4,828810 M9IV
28,109088 22,833271 G2IV
-7,909446 -5,038903 G5V
-7,373804 -6,100994 A0I
-7,925649 12,331702 B3VI
27,204603 23,702776 M2VI
29,474775 23,252422 B1VI
28,808855 23,704857 M1V
-12,549771 5,941793 G1II
20,509924 -8,279867 A9I
24,005239 -7,724018 O2IV
27,591388 21,291955 B2III
22,201190 -5,541634 M1III
-2,755379 13,012337 M2VI
27,036063 23,448784 K2I
-7,410300 -6,640825 A8III
-9,414227 -4,089272 B4III
25,460455 22,804780 B3II
22,429993 -7,764565 F1I
-6,845771 -3,330670 M6VI
-12,768682 6,810454 M4III
-13,515791 6,082681 F9III
-3,980511 13,453600 A5VI
-4,544150 11,133233 K4III
-14,351137 7,279560 F3II
19,089517 -6,736929 A6VI
-7,450245 -3,687501 G3V
-10,647319 7,222968 O2V
26,322325 22,700994 O6VI
-7,679207 -6,456816 K4II
-5,181243 12,361568 F1I
28,047783 20,871491 K2II
-4,746479 10,445633 G3III
-7,497620 -4,798340 B7VI
22,987512 -9,003967 O5II
-11,670892 6,305996 O2III
-4,255157 13,292272 F3IV
-5,083544 13,607849 K8IV
26,125555 23,459056 F2VI
22,911900 -5,925108 K5V
28,846419 24,006733 F0II
-14,155008 6,454951 K8IV
23,160207 -7,027492 K1I
29,637352 21,786007 G1IV
28,800372 25,432752 K7V
-4,197667 14,251427 M7II
29,280889 21,896792 A8IV
29,399037 24,132734 G6VI
-11,063252 6,000609 G5I
-8,327911 -6,077447 F1III
-7,845903 13,292122 K1VI
22,278108 -5,076270 B3V
20,851292 -7,005718 G0IV
-5,753466 11,131787 K2V
-5,136647 13,328012 G3II
-4,190337 10,608028 O7II
-7,564470 13,764122 M5I
23,347508 -8,188813 B0III
-6,379247 -6,439813 B5VI
27,752356 20,916838 M8VI
21,796027 -7,515521 O1I
22,976560 -8,455093 M7III
-5,146725 -4,671547 A0I
-6,991836 10,558014 K4V
28,080174 25,443853 G2V
29,285572 21,233084 B9III
-10,630775 6,472442 A7VI
-4,397450 14,303332 B3V
-11,799956 5,827704 K3VI
21,593501 -8,383594 B0V
23,275188 -6,072557 G8II
-3,427246 13,934362 K6VI
-5,609329 13,786629 F3III
28,786397 23,350353 O3III
-3,043688 11,781757 K1IV
-12,012662 9,552272 G1I
-5,380148 12,213688 A9V
23,176446 -8,010818 G7II
27,117675 21,518779 O9VI
-14,387339 7,208176 G6II
-7,847647 12,341496 A8VI
-12,431484 6,906578 K9II
-4,790649 13,252089 O0IV
-13,435642 6,841575 G0V
-3,900590 12,561217 K6III
-6,316648 13,181001 A7VI
-7,437781 -5,056440 F4IV
30,179068 23,157353 M6V
-7,076627 12,583570 K1IV
-3,285985 11,269814 B9II
-13,473593 8,001835 A0II
24,144572 -7,346861 O8I
-10,790620 6,362845 K3II
19,950215 -6,343858 B5IV
-7,887186 -5,989010 O4V
-5,685270 14,618627 O4V
-3,216471 11,301332 K3III
-4,902380 9,888442 G4VI
-6,599697 14,813621 B7II
-3,137000 13,466386 A4IV
22,215772 -5,455231 O7V
21,812642 -7,410454 K5IV
-8,862319 -4,834284 F2V
23,103269 -6,374090 F1I
-6,524836 10,094744 G6V
-7,984731 -4,223087 A2I
-7,034160 -4,516474 K4II
26,827327 24,877350 A0I
-9,621481 -4,181020 G6V
29,782833 22,977299 G2VI
-6,181668 13,796537 G0I
-6,594118 14,833708 M0I
-5,949736 11,082348 F3III
-7,931069 13,112029 B3II
-10,521843 6,938988 G9IV
-6,756378 -7,255028 B2I
28,089444 23,259466 B2V
-7,662001 -7,747718 M8II
-7,468964 -6,026255 O1V
-7,749202 11,909233 B7V
29,972047 21,417695 F1III
27,331460 21,348221 M3IV
-6,853951 10,345925 G6IV
20,618092 -6,880466 G8IV
26,127921 24,169125 G6III
-14,266933 6,086078 G6V
22,419712 -4,580294 O0V
-6,995005 12,380873 F0V
27,953842 22,593856 A2VI
26,765739 24,760679 K2IV
-5,351036 -4,203050 F1III
-6,196943 -6,393467 M2I
-6,651629 12,036080 A2V
23,351884 -4,907365 G2VI
27,288635 23,931837 O2III
22,917287 -8,155079 K2VI
29,503021 22,537382 K3III
-13,541937 5,409091 O6I
19,326192 -6,536844 M7V
20,953269 -9,177729 G8VI
-8,673798 -5,775785 F4II
-9,825385 -6,405583 K3II
-5,775112 -3,622158 F4II
-8,952767 -5,837368 M1IV
-4,619515 14,059894 A7II
28,193330 24,498488 G3VI
-6,825157 -3,609437 O9II
-4,880414 12,743843 G9IV
-8,021624 -6,117331 G6I
-5,794817 10,933327 B0III
-6,114932 -3,238757 O3V
19,663518 -6,352881 K7V
29,753047 21,990340 B5IV
-7,795944 13,541547 B3IV
-10,609395 6,728169 O6V
22,259854 -7,478451 G1I
-3,338127 13,325702 O2II
-11,777708 7,819029 O2VI
-3,981305 11,657880 M3I
-6,744017 14,353963 A7II
20,032217 -8,217152 F4IV
-7,477850 12,983645 A9VI
-6,509643 13,839550 K6IV
-9,889276 7,948077 O8VI
-11,279417 8,045081 M3VI
30,192803 22,896837 M8I
27,721161 21,265251 F4V
-5,502974 -4,763577 A2II
-11,046887 8,697856 M5V
-3,783435 13,619804 M4II
-7,293316 -6,924035 F9IV
21,174262 -4,910322 F5V
27,507516 22,713837 A6IV
-4,516242 11,882253 G3III
-5,670587 14,397668 K9VI
-3,502121 13,870203 O4III
-14,519026 7,754377 K8VI
-7,113203 -5,594813 K6I
19,737323 -5,511373 B6I
-7,586890 -7,032346 A9V
23,011433 -8,924567 F5II
23,601554 -5,168994 F4II
27,129879 20,482063 B0I
-9,639236 -5,604407 K5II
-12,844813 6,952298 B9II
27,041402 20,894976 O8III
19,335150 -6,844169 F2IV
25,895549 24,458728 M3VI
25,360820 22,538722 G0II
-14,184833 7,171321 A9IV
21,373479 -7,142191 G6VI
-12,678507 6,350640 K7V
-4,150050 12,221897 K8V
-3,055593 12,193129 F7III
-7,136660 12,735895 K9VI
20,962634 -4,595817 F1I
-3,184480 12,129134 K0II
-3,540054 13,306514 B8V
22,465621 -8,665786 A3II
-6,565861 14,053954 M9II
-3,888647 11,245115 G0I
-4,089039 10,268991 B0II
-6,553963 -5,735809 O6VI
27,628295 22,305423 A2I
-12,546231 8,943458 B5III
-9,239324 -6,353017 O3III
-11,288705 4,877017 B3IV
-9,898134 7,765107 M9VI
25,875585 24,468823 O3V
-6,021728 10,585898 A3III
29,435023 21,298371 A8IV
22,623942 -8,188410 F7VI
-4,336007 12,303021 O0V
29,022766 23,326891 M3V
26,085007 23,035986 M5VI
-12,172000 8,286089 A2V
28,553382 23,371556 M7III
25,878931 23,949988 B6III
-13,370764 8,171929 O3V
-12,158522 10,048245 O6IV
20,680920 -7,307907 G6IV
-5,540401 9,995155 F3IV
29,525908 22,061365 F5IV
-5,056981 -5,389111 A2V
20,560692 -5,208788 A6V
29,922483 23,166780 A5IV
-13,799905 8,141153 A6IV
-13,907458 8,631932 F3III
28,870998 20,916255 B2VI
25,564062 23,935776 A9V
-3,941225 12,183757 B1IV
22,530704 -8,124886 G1VI
-4,652218 10,096845 O9VI
-6,826525 10,326590 G9I
-9,662532 -5,274052 K4IV
20,800166 -7,669110 B3IV
28,128206 24,570230 K3VI
-13,833368 9,150776 B9V
-4,264373 14,886064 O3II
19,707877 -7,649886 K6III
-7,414571 -3,117532 G8V
20,653925 -7,307320 B5VI
-6,737917 11,620936 M0VI
28,926715 21,854484 F4II
-6,034267 13,276143 O2VI
-7,585291 11,190109 G7IV
30,288754 23,661376 O4VI
-8,304249 -3,487010 B6I
30,399784 23,020372 A5III
29,042990 21,434837 B2II
-4,969566 12,129125 B2I
28,076843 21,869847 M8II
-6,799613 -4,829356 A2II
-8,776428 -6,560440 O4V
22,224571 -4,409191 K7I
20,519692 -4,643494 O2III
-5,250336 13,620435 K5VI
24,126325 -6,131643 K5II
22,591963 -7,139279 G9I
19,634143 -8,123727 M0V
-5,033439 10,766354 F1IV
19,651830 -7,294507 F5IV
-13,711215 8,924262 B2I
22,788794 -7,163555 O8III
-12,527321 5,698673 G2VI
21,459840 -9,223957 M8V
25,923364 24,105155 O0I
-10,057092 7,581107 F6VI
20,805593 -5,449267 G9III
-6,494080 14,352288 F1IV
25,577857 23,652057 F4IV
29,544899 20,917016 F2I
-5,057758 -5,218773 A1III
-10,210217 7,188257 A9II
29,390092 22,013118 M2III
-7,309221 -4,723143 O5III
25,651925 22,603967 F7VI
-5,898607 12,488829 B2IV
-5,743957 -3,983444 M8V
-10,124967 -5,798170 O1I
21,990924 -7,771291 B7VI
21,054308 -8,718454 M1III
30,052842 21,682814 F8II
-6,828333 11,534776 K9V
22,064942 -8,920063 G4I
-4,689216 10,061143 F5II
-5,574610 12,374040 F0VI
-9,168014 -4,411323 K3III
29,487159 23,655203 A4II
-11,844487 9,343150 O2IV
-5,544324 12,801670 M2IV
-4,077699 10,669632 B0IV
-14,645487 6,482575 F6III
22,266674 -7,006224 B1I
21,389659 -8,282598 G0VI
-12,906602 8,677252 G3I
-12,927390 6,779368 M8IV
-7,791286 11,599096 K3II
-9,930969 7,196194 M7IV
22,417447 -9,022689 B4VI
-8,656820 -4,563156 K5VI
28,116497 23,971977 B3I
-7,405966 -7,460227 A9I
29,208947 22,849707 B8III
-6,394850 -5,959744 A5III
22,399712 -4,964091 G3III
-13,856569 8,662553 F3VI
27,906582 24,424742 F0VI
-11,335403 7,895810 B5VI
21,867141 -4,864885 G4IV
19,941614 -6,373368 O5VI
21,860884 -9,633007 F5III
22,970327 -5,599863 O5VI
-3,211805 11,731091 M6III
-13,811353 6,414289 O8IV
-7,316910 11,158941 B5IV
21,768445 -7,027242 O2V
-7,221511 -4,904631 M9I
22,347962 -8,335345 B2V
-13,364105 8,695870 O3VI
-5,553954 12,836906 F9IV
-5,977878 11,083938 M0IV
-12,822696 7,690923 K4IV
-7,191308 -3,291035 O2IV
-14,138992 6,448608 G6IV
-11,027670 8,837965 M0III
-6,194290 -3,885550 G0III
20,894493 -6,646474 G5II
-11,396401 6,476922 K5III
27,950029 21,182345 B0V
28,067681 20,328089 M2V
-10,322048 9,030165 F6VI
-12,122917 6,760499 K0III
27,517678 25,404453 G2II
-12,288714 7,533360 O7IV
30,309900 21,952330 B1IV
22,352182 -7,673972 A1VI
-7,133232 -4,324712 K0VI
21,067088 -8,851970 G5V
-7,755831 -4,704258 K9V
-14,700487 8,301914 F9I
25,839442 21,516427 B2V
-9,670700 -6,552280 A5VI
20,251087 -5,889252 A6I
26,864522 24,021786 M1II
-7,968678 -4,419515 A2III
29,867995 22,241102 K4VI
-5,340499 -6,257059 K4V
-9,405851 -5,163455 K3II
-10,539757 7,392764 A4I
-8,570276 -3,816900 B8II
28,630324 25,341280 K1I
-9,534127 -4,763846 O8I
-8,512504 -6,427276 F2II
-4,729384 10,659802 A2IV
26,251291 24,109915 G4V
-9,601912 -4,089915 F9III
22,641062 -6,820748 A6III
-14,250708 7,188157 M8VI
-4,310643 14,422089 O1II
22,634841 -6,450592 A7IV
20,203593 -4,855918 B7VI
-4,194489 11,628986 B8I
24,199793 -6,211726 B0I
23,935330 -5,463772 K1I
21,191903 -8,137250 B0II
-9,965753 8,647255 O7VI
22,536798 -6,888983 F4VI
19,533786 -5,947883 M0IV
-3,447024 11,173346 K9IV
23,467773 -6,649314 K4IV
-3,376476 11,120557 G2III
-7,451879 -5,058498 G8I
-6,597858 11,415417 G2III
21,470752 -7,963464 G8V
19,933090 -6,926126 A6V
-7,998155 -4,156299 O4V
-2,825488 11,754832 B7IV
-7,178320 -4,530878 O5III
-3,213270 13,501893 A8V
-10,523188 7,944234 G4VI
-5,179475 12,703701 B2II
-12,238127 5,882203 M8V
-14,663247 7,189953 A9I
29,922083 21,066463 G5II
23,111799 -6,064244 B3VI
19,466345 -6,895680 K9IV
-6,133427 11,348524 O6I
-5,239705 11,804646 F5II
-3,443186 10,666954 G0IV
-13,123214 8,053619 A4II
-7,931218 -7,206007 A2VI
23,080564 -8,813740 B6IV
20,667930 -4,851386 F3II
-14,322087 7,342001 K7I
27,076953 24,153019 K6V
-10,611397 6,797064 F6IV
-10,834648 8,661306 M3VI
21,427255 -6,925800 B7III
-6,829843 -3,578617 B0VI
-10,763893 5,959152 O7I
-9,614464 -6,605667 F7I
-7,847801 12,055119 M4IV
-14,738580 6,781287 B3IV
-13,311986 7,586478 G8II
26,920601 24,200057 M5II
-9,946296 -6,174466 A6II
-9,925947 7,312087 K2VI
-5,884294 -6,028922 F3III
30,274467 22,067961 F9V
-5,665277 10,653735 M0III
-13,130037 8,920687 G2VI
24,333738 -6,689556 A9II
-7,318238 13,927342 F2VI
-6,238463 -6,559870 K8VI
-5,293288 14,913263 G7I
-5,316179 15,045106 M1IV
-5,359316 -6,327706 G7I
27,559533 21,251998 M2I
-14,568158 6,872169 M1II
-8,137111 -3,763707 O6IV
21,435129 -7,837115 M1VI
28,131672 25,021352 F0VI
-10,510059 8,823255 A0III
-6,655148 -4,767505 K8III
-5,570789 13,802646 G3VI
-11,284771 6,773023 A1VI
23,718501 -5,226385 K2V
-9,059727 -6,718543 K3III
26,065274 22,966674 M7II
23,898211 -6,078217 K0I
-7,664827 -5,917384 A3III
-8,782055 -5,108865 O5I
27,350170 24,496854 K8I
-4,045934 11,846335 F9II
28,863982 24,411832 F1II
22,241625 -6,713502 K0V
22,486608 -4,789583 K1VI
27,437166 23,123662 F4VI
21,922360 -7,741352 A6V
-7,732889 12,606293 B5III
-3,412658 14,243672 A1IV
28,961197 24,541287 M7V
-8,393264 -4,083929 K4I
26,747316 23,821685 F3III
-9,757628 -5,732760 O1VI
-4,571214 13,448163 B0V
-3,089586 12,859219 K0VI
27,140652 20,693266 B2II
-8,575729 -3,500302 M0I
-10,594145 9,010703 A2III
-12,567840 5,746872 F1V
-3,942401 14,026385 F8II
27,869809 21,041324 O7IV
-6,168778 13,585150 O6III
-13,721404 8,800689 B9IV
-9,747666 -5,513551 M5IV
-12,206624 6,409737 G9III
-5,975257 12,919647 M5IV
-5,860121 12,900825 K2IV
19,689684 -7,130763 K8VI
22,394003 -9,401140 M1I
-7,203288 -3,638101 B0III
-4,451184 13,766626 B4I
-6,344190 -7,656863 G4I
-9,330722 -4,545674 B2I
-6,245591 -4,563458 M9IV
26,707852 24,457926 B3III
-4,803522 12,987466 G7II
-12,696053 7,987218 K7I
-4,664720 9,964986 B8V
21,583892 -8,197263 A1V
20,315961 -8,825428 K5VI
-14,745396 7,288609 F6II
-3,792127 11,755844 O4VI
-10,007648 8,495645 O1V
-3,427684 10,995504 M0I
19,770982 -6,066455 M9V
27,782082 22,269345 B6V
-11,277637 9,176659 G5V
-11,948751 5,867884 A5IV
-12,978989 6,980304 K2III
-5,877331 -5,298508 B1I
28,834076 21,091217 A8VI
22,329513 -8,029373 O1IV
22,328942 -5,751407 A5VI
22,715421 -6,593179 G3I
-14,702433 6,896613 F1VI
-5,700593 -5,831504 M2III
-3,542337 12,312079 K7IV
-12,884881 6,392929 O6V
-13,569579 6,184940 A5III
24,145155 -7,222000 F9IV
26,766111 22,787506 O9VI
22,824779 -7,875472 B9IV
22,174694 -9,134166 M6III
19,921775 -7,933009 F0II
-4,536584 11,053399 M5III
29,108380 23,925892 B5VI
-6,477371 -7,435678 M4III
26,296812 23,061040 B5V
28,170698 22,384670 A6IV
-12,572234 8,686070 A1II
-11,358945 6,028953 B4II
-7,544795 13,083202 K3V
-3,706700 13,612181 O8III
-14,347410 8,366006 A5VI
-9,077801 -3,878382 F2IV
20,934908 -4,524484 B5III
-5,808573 14,007545 F6III
27,638391 21,720168 O7I
-3,134439 11,553822 O8I
-5,043569 14,030903 O7V
22,479489 -6,073790 M9V
-8,123199 -5,574057 F1VI
-7,563249 -7,397428 G5IV
-5,962554 -5,016529 M5II
20,445269 -7,655610 O8VI
-6,624840 11,918230 G1VI
23,577789 -6,898629 M9V
-6,609703 11,753311 A8IV
27,097205 22,429897 A8IV
-7,121751 11,289109 M3II
-8,248710 -7,593039 A7I
26,544742 20,744652 F2V
-11,024938 5,902130 F7I
22,540780 -4,672480 F5II
-14,001472 8,303965 B3V
21,499384 -5,938098 A9V
22,074489 -5,401610 A8VI
-6,189844 14,591091 G8IV
28,839605 23,390990 F5V
-3,122613 12,820866 F1V
-11,381241 9,203287 G4VI
25,867246 22,023812 O3V
20,451471 -5,684394 B6III
-9,329018 -4,153170 O2IV
-9,380647 -3,783286 M5V
28,916249 24,746881 G2III
19,390736 -6,010082 F6I
-13,312674 4,912388 K0III
-6,670308 -3,373603 A3I
28,774278 24,944998 G0III
-7,078388 -7,551306 B0VI
-12,498499 8,526544 M4IV
-8,493140 -4,286359 O9VI
27,515714 22,394351 A1I
-6,406228 -3,067265 B0I
-13,130964 5,608813 G8I
-6,255451 10,750676 A7V
28,872036 21,662598 G0VI
-9,068836 -4,782997 M1IV
25,627956 23,706555 O7VI
-7,830386 -7,494021 G3II
21,506410 -5,729189 O0IV
-9,904013 7,548315 A4VI
27,972647 22,650533 M3II
21,045651 -5,498524 B7VI
23,115753 -7,781359 A5VI
-3,689515 11,977484 B5V
-6,657153 11,857749 G2V
-14,651563 7,683684 A8II
-7,243567 -6,992212 A3V
-5,583581 13,433949 O6III
20,696987 -8,679344 M2IV
-9,589332 6,992978 M8III
22,355391 -7,705883 F2IV
26,771050 24,499287 M1II
-3,633883 10,856194 M2II
28,053391 20,598874 K2V
23,057522 -8,017314 G3VI
19,902486 -8,074385 K4VI
22,800749 -5,246967 M9II
-3,893734 13,489273 F4II
-14,502827 7,042558 F4VI
23,264120 -6,596971 G1IV
-11,438116 6,254138 M3V
-5,776360 -4,892648 K4VI
-4,072922 12,762285 M3I
23,472584 -5,258551 A8VI
-6,080375 14,166452 A8V
-5,989630 -3,653928 O1II
21,919546 -4,933640 O5III
-4,860965 -5,228938 F7III
-7,462784 -6,529058 F2IV
27,116153 22,512426 A6VI
27,732280 21,780610 A3V
23,691539 -6,841517 K4II
24,038985 -7,023883 B5III
-5,596515 -6,469846 M4II
24,093241 -7,632792 F7III
29,508669 23,321878 K8III
21,647740 -6,621257 M5V
-13,057165 8,563493 K1IV
-6,578720 -6,181101 B4IV
-5,558882 -4,516687 M3V
-8,069602 -3,215588 G4IV
-13,937593 8,815178 K8II
-10,524637 9,387744 A2IV
-4,693480 11,889455 B6VI
28,105389 23,618087 M1IV
-9,169480 -7,081527 F5IV
-5,541547 12,601196 A9II
-6,599525 12,200323 O9III
27,294935 21,207960 M8III
28,632903 23,951526 A7III
-7,570462 -5,854841 F7I
-9,902608 -5,611108 B9III
-6,786367 -4,958368 O7VI
-8,142929 -3,197530 B8IV
-12,639536 9,535076 M9VI
-4,140847 12,164300 A1I
22,988287 -8,863366 B1V
20,500525 -9,047837 B8VI
-7,653975 11,441981 M8III
30,249381 23,616818 F7VI
22,956894 -6,354812 G7II
-7,579854 -4,115478 B7II
-4,325581 10,623276 G0V
-5,083513 11,063018 M5II
23,131164 -5,765564 B3I
28,776054 24,938881 A6VI
30,021819 23,972264 G3II
-7,734408 -3,804021 G4VI
-6,255976 11,356076 K4III
28,246616 24,636751 K2I
19,986426 -7,409318 O9II
26,488766 22,499736 B3II
-7,505128 -6,745341 O7V
22,232378 -6,575141 A2IV
20,225148 -6,610975 O3II
-5,264917 -4,349378 G8IV
-13,049728 5,746849 K5VI
-5,920999 -7,275328 B8III
23,202122 -7,553654 G4V
28,771072 24,768016 A4V
20,649501 -5,523476 B5II
-11,751506 9,944945 K4V
-8,521447 -6,803749 B1I
-3,984498 10,904254 M2I
21,896754 -5,846464 G3III
-7,635258 -5,074796 M3VI
-5,818696 13,422521 G5V
-5,203740 -6,065560 B4V
-6,614490 -3,966885 G4VI
27,338969 24,565980 G0V
-5,422046 11,712739 O4II
-12,992266 6,486809 K9III
30,434332 23,182446 A3I
28,109271 20,451125 B2IV
-12,268723 8,876765 B0III
24,220127 -6,733363 F5II
-14,186923 7,292449 K7IV
-11,840298 8,976537 F1II
-9,619757 -6,081684 K2III
-5,343782 12,538601 M0III
20,021878 -9,049730 F7I
21,969981 -6,675804 O7V
-14,238500 5,759137 A2I
-5,165644 14,779880 B1I
27,173199 22,299381 G4VI
-12,504703 8,178088 M0III
-13,751513 5,670404 G7II
23,430584 -6,488307 B7V
-5,880604 -4,793861 F1IV
-4,493091 12,479005 B8II
-12,826285 9,832973 M5II
29,347250 21,146160 M9III
-8,290249 -3,066125 M0V
23,008727 -6,702437 G3I
-13,616120 6,564573 G8IV
-5,484662 13,490486 O8I
21,088978 -6,855573 O7I
-4,070891 13,233059 B6II
-4,930208 12,793127 A1II
23,850784 -6,763614 B8IV
28,140633 24,107402 F2V
25,770465 22,940627 A0I
-6,960719 -3,329412 G7III
-5,446754 11,945501 B7I
27,726648 21,314263 A3V
27,257357 20,381890 F5III
-11,569873 7,673100 G8III
-4,890803 14,474107 B9V
-7,537872 -6,720621 B2II
28,254538 24,592173 O9II
26,920508 23,146392 O4I
-10,902276 5,177716 M7V
29,594806 24,876529 M3I
-14,636739 7,346151 F1V
28,983537 20,524926 O4VI
23,270106 -6,429657 K7II
21,860390 -6,884050 M7III
21,323978 -5,625778 M2III
19,786927 -8,842288 G9II
-4,981773 14,050772 F3I
-8,955575 -6,825364 A6IV
-10,179734 7,549156 K5V
-5,040134 11,194990 M1IV
-4,931039 12,291395 O1III
25,788511 23,182793 K7V
-14,274454 6,731781 B2VI
-13,731590 8,552730 K8III
21,115825 -7,727597 B1IV
-4,626693 13,038302 G7IV
-3,286711 14,230539 F0II
-12,214360 9,557526 F0V
-8,136631 -4,551430 O7I
29,337651 24,305092 G3I
-9,713287 7,965234 K4VI
-10,039446 7,389657 A5V
21,532596 -4,609705 B7V
-9,533621 -5,504470 M0V
-4,689706 12,144612 K1VI
22,282144 -7,252129 M0IV
-4,426787 13,340841 A5I
26,426828 22,857317 K5IV
-7,401456 -5,365818 K2V
-9,439846 -5,157697 G0I
-11,171344 8,936439 B1VI
-4,812934 10,848171 K9V
20,598264 -8,004533 K1IV
28,345825 20,722417 B5IV
22,050105 -5,812908 A2VI
-4,520977 11,719410 M6IV
-14,353375 8,035924 M4V
-9,918149 6,508241 M4VI
-12,867050 4,816913 G6II
-14,460520 6,371354 A1V
-7,943149 -5,788982 K8V
-12,377693 5,809427 M1I
-4,269063 11,005726 G8VI
-7,093055 -7,852000 B2IV
26,452026 24,066544 G1VI
19,738471 -6,779768 K5I
27,798182 21,131608 B0III
22,367749 -5,901356 O3IV
-11,490770 5,232809 A8I
-10,950434 6,964152 K2IV
22,575804 -6,803928 K6I
-11,100906 5,681040 A8III
21,498140 -6,253581 B6IV
-3,754373 12,999289 A7III
-11,861162 10,008325 O5V
-5,468292 11,585906 G8V
22,528405 -5,089101 A2II
-4,013904 14,666444 K7I
-9,621532 -6,783308 F1I
-12,830905 9,062985 K1IV
-7,112640 -7,940012 G9III
-5,507906 11,363472 K9VI
21,537167 -8,331071 G7V
-12,910315 9,568131 F8IV
-7,833524 -3,029815 M0V
20,652262 -5,856381 B7V
-4,125750 12,501602 F9V
-4,185669 12,716309 K4I
-6,639585 11,377506 M5III
22,171169 -5,144676 B9III
-7,254362 -6,438038 A3II
23,703922 -5,385920 K5V
-7,798744 -6,495926 K3IV
26,303342 22,318910 O4III
25,960732 23,835267 B3I
-10,432931 9,046504 O2IV
20,728915 -8,234443 F8III
-6,680151 12,368559 A1IV
-13,531077 5,858792 K2IV
-9,587837 7,653794 B6III
-8,842677 -5,580163 O6I
28,630598 25,402305 F3I
-4,567105 11,209970 O6III
-8,115984 -5,662937 M1VI
28,435463 20,981529 M7III
-10,258569 8,813825 F4I
-12,532501 8,562234 A3I
28,788936 25,211418 K0I
22,091851 -4,937302 G8V
-5,531308 -4,767850 F7IV
-5,499883 12,689471 A1II
-7,043738 -6,742953 F4V
-7,626590 -7,475314 G5III
22,200607 -4,618729 F6VI
-9,770187 -6,802224 K5IV
-4,880803 12,180862 B4I
-7,413227 -7,990370 B0IV
20,838306 -8,056890 G1III
-12,405337 9,265031 K9I
-6,168704 14,371104 O5I
-3,538014 13,915261 A8IV
28,008877 22,671784 M5II
-11,730714 8,411411 G7III
-9,265736 -5,106128 A0VI
20,056083 -9,081731 M4V
-5,540263 15,027476 O2II
-5,042592 12,321202 O4IV
-6,413693 12,562597 M1V
21,833820 -7,000521 A9III
-5,429411 15,112194 F3III
21,021369 -6,991133 F8I
-8,160631 -3,381861 M0V
-11,723357 7,880721 F1V
-14,045585 5,639008 G6III
-12,551676 7,323438 B8I
-10,676269 8,005744 F0II
-14,402081 8,410972 G4V
-7,403722 -2,847957 F7VI
28,772276 22,222432 F0I
-7,332491 10,982990 G6II
-10,020803 7,018450 M4V
-6,787116 -3,272933 G9V
21,614274 -9,007706 B2V
-9,633009 8,048689 G3I
-7,685996 -7,598189 O5VI
-11,438438 7,056540 B8I
22,196670 -7,924604 M0V
-10,953633 7,018374 K3V
19,373546 -7,876172 G3I
-6,498041 12,362764 F1VI
-13,488982 7,925101 A9I
-5,971564 10,734046 K7VI
-12,236080 5,444601 O0I
19,583204 -5,635699 G3II
-7,072601 12,853598 O4II
-11,442451 9,364447 O7II
30,434420 23,724254 O8I
-2,776551 12,524661 M4V
-9,364145 -6,877505 B0II
24,065884 -5,903426 G6VI
-6,726838 10,589802 B9IV
19,468382 -8,155254 F1IV
21,982774 -9,674645 B8III
-9,873509 -6,090618 O0VI
-6,123194 -6,787013 A2III
27,849747 24,102047 G5VI
-5,932925 -5,132894 B8II
29,989491 22,965612 A2V
28,853035 22,294771 O9II
-12,799337 7,903756 G7V
-14,568108 6,929514 K2III
-6,435840 -4,515274 F7III
19,921164 -7,500095 B0II
22,917698 -5,211862 B6III
-7,309553 -2,850015 K9IV
-5,662667 -7,305495 A1II
28,833917 24,391514 B7III
-11,539580 6,550679 K3VI
-7,680805 13,590138 A7V
28,032902 25,153383 F8V
-6,491471 -3,822027 M2I
26,121732 22,980683 M5V
-11,249703 9,189595 O3I
-12,465496 9,255327 F9III
-7,948459 12,780902 M5III
-12,433496 6,415758 A0III
-13,453150 7,981949 B3IV
-4,676337 13,580428 B7VI
-6,174301 10,443457 O1II
23,122729 -7,330636 K1III
-10,891484 6,242183 G0II
-3,152580 11,727624 M8VI
-7,069606 11,476649 M9VI
-12,534659 8,596742 K4II
29,409332 24,376266 F6I
27,766633 21,010949 K8VI
22,640351 -9,456047 K6IV
-3,771285 11,651126 F4I
21,193624 -5,163461 K6V
23,288358 -6,301944 B5V
27,230248 21,556340 F4V
-12,099476 5,659614 B6III
-8,960483 -4,012330 K5III
27,781619 22,370816 O4II
20,551251 -4,716604 O8II
26,050234 22,510131 G5V
21,521322 -7,201070 B4II
-3,760686 11,537731 M5IV
26,448241 21,224062 O1VI
-4,685872 13,065257 G9I
-7,053704 -5,641076 F9I
-11,243596 9,878205 A2IV
22,268060 -7,414151 O1IV
26,873575 22,919416 A5III
28,639846 21,743078 K4I
-14,029638 7,902175 G7V
-3,943622 11,346197 B3IV
-4,080187 11,706971 F0II
-5,875525 10,310299 K4III
-13,666400 8,744824 A3III
21,854041 -6,828100 B6I
21,039663 -4,545217 K4V
19,559695 -5,460142 B1I
-5,847270 -4,743383 F9II
-12,114492 8,749625 K0II
27,815450 24,414215 G5II
-5,136351 11,121983 O9V
19,412508 -8,286565 A6II
22,007271 -6,157684 A1II
20,694111 -4,996379 M2I
-5,267349 11,090382 M1I
20,230842 -5,579714 F0VI
20,549396 -7,437676 B4III
-5,799840 -3,644672 K8IV
26,430933 24,740368 K8VI
21,319339 -5,279815 B6II
-10,166117 7,658897 M2V
-5,946360 -6,497976 G0V
-7,068604 -7,534126 O7IV
28,650405 24,597804 O1II
-3,624541 11,137516 B9I
-11,259774 6,499848 M7I
-5,026937 11,091113 M1I
-11,514920 5,613874 A0IV
-4,839668 14,306828 B2I
26,323892 22,964846 O2IV
27,975250 24,785761 G4IV
29,396641 25,173394 O2V
-12,163211 5,929458 O5VI
23,807778 -6,533327 F4II
-10,422285 5,907414 G5II
19,134831 -7,000360 B8V
29,472696 22,293530 A6IV
23,049371 -7,847918 M7I
-3,929519 13,189729 K6I
-6,098797 -5,386097 A0IV
28,465165 23,778715 O1II
-12,691579 7,036105 A2IV
-13,346703 8,271678 G0VI
-12,560616 8,173352 O5III
-5,717828 -4,122906 K8IV
30,059415 24,611930 B0V
29,613275 22,378601 A6VI
21,093016 -8,685496 A4III
23,120442 -6,328167 K1I
-12,608032 6,226427 B5III
-12,889461 4,819480 F9VI
25,655108 21,959271 G6V
-8,624767 -3,194047 K8IV
-12,590417 6,459492 B9I
-14,102982 9,252360 O7VI
-7,133055 -7,619094 G4VI
-12,893611 5,750266 M5I
28,568171 23,437204 K4IV
-14,607689 6,955948 F2I
-5,100145 10,520421 A6III
19,773424 -6,960188 O1V
19,991806 -5,459656 K1III
21,351814 -7,824013 O4II
20,753347 -6,719284 G8IV
-3,716340 13,637128 G8I
22,742933 -5,402419 A2IV
20,460319 -4,895632 A4VI
-4,979358 14,115158 M7III
-7,567936 -7,240903 K9I
23,053344 -5,679490 G7I
-7,107868 -3,346351 K2I
-3,656261 10,868299 M0V
-9,547176 -7,152209 F5VI
30,363026 22,427536 G5II
-5,985273 13,505133 G6I
-7,768969 -4,310461 O5II
-6,847175 -6,282277 O5III
-5,177802 11,973689 B6V
-7,297152 -4,419611 G3V
-14,299623 6,847625 G2II
22,656218 -8,362816 B5VI
24,337576 -6,753504 O7III
-13,695641 8,902131 B7V
-10,871977 6,382701 K0IV
-6,522870 12,927993 F1IV
29,146674 24,844149 B3VI
-7,990328 -4,016532 M3V
-7,545743 -3,516685 A2IV
-6,582322 12,260973 M7II
-13,797222 8,835227 F6IV
28,711454 20,400330 K1V
-5,299021 -6,341675 M5V
23,063421 -5,618504 F2III
28,166764 25,036389 G9III
22,969146 -4,671830 O7IV
21,017568 -4,854114 A4V
-13,467885 6,613307 F2III
-11,592184 8,830335 M5IV
-9,750516 8,333274 O9I
-3,411171 11,905515 F3I
-13,109138 5,076475 G2I
28,998553 24,610478 O8III
-4,817107 14,238924 O2V
-8,011671 -6,753755 B4V
-7,425427 -4,879975 M6II
-9,024056 -4,027099 F6II
-14,802520 7,380429 O7I
-12,085696 6,032322 F7III
-6,825262 -4,118891 A4IV
27,796578 21,545457 G2IV
26,959185 21,937525 O7III
27,055133 25,117362 A1V
-6,690691 12,379691 K4II
28,975421 24,723585 B8IV
23,105693 -8,820624 O6VI
23,115900 -7,974642 O4V
-4,354859 14,231923 F6II
25,515612 22,309020 O3VI
28,560282 22,893047 F9III
23,552216 -5,574408 F6V
-5,263882 -6,869044 O6V
28,722886 20,483908 A2V
-7,434371 12,349766 M3V
-3,331334 14,131252 M8III
-11,537322 9,126943 B5VI
-7,852290 -4,595385 G1II
22,962250 -8,138033 A3III
-14,600314 6,934530 A2II
-9,742067 -5,332310 M3II
-3,235696 12,171379 M1VI
26,623926 24,147024 K6V
-12,510368 8,424713 M3II
-13,646587 7,098288 K7IV
-4,221520 13,924607 K3V
-10,998392 5,178103 G9III
22,042763 -8,958660 G0V
-6,668028 -7,095612 G2VI
27,310490 24,368251 K0IV
-5,641792 12,816371 K8V
-3,113018 13,621067 K6VI
-7,844868 -7,948785 K8IV
19,952095 -7,881403 B3III
-3,182363 11,784319 K3III
-7,183882 -2,902384 B2IV
-7,096813 -2,816156 O6V
27,802600 20,519111 B9II
21,026059 -7,093718 A6II
-3,689292 11,037796 F4I
29,027603 20,619251 M4II
-12,458984 9,856838 K2IV
26,354672 21,257337 M1II
28,225075 21,811973 A2V
-7,541520 -4,032765 G1V
-14,535333 7,954499 K2V
-13,589801 8,213429 F7II
-6,161600 -4,109420 G7I
-8,601752 -7,262063 A1II
23,805116 -8,515500 F2VI
20,850405 -5,325904 G7II
23,313803 -5,438474 G7III
-7,701754 -4,414827 K0I
-8,046481 -3,506570 B0IV
-4,737941 11,726084 O4I
22,138032 -7,995364 O3I
-7,963475 -4,551285 K6II
20,709311 -6,427494 O0IV
29,955513 21,480629 K5V
-11,947494 5,836147 G0VI
21,656747 -4,941649 K4I
23,951615 -5,758074 O2V
28,853065 22,258493 K2VI
28,411185 20,994183 M8V
-12,208103 6,844893 B2II
27,631851 21,842114 F2I
21,306720 -7,589364 K3III
22,468449 -8,861554 O7I
-14,427653 8,759358 K3II
-10,265402 6,346896 F7III
20,213351 -7,521294 A6IV
-3,569564 12,792816 A6III
-4,129959 12,606131 M8II
-5,612369 -6,607664 G9I
21,170973 -9,537376 O8II
-4,573787 14,466562 M5V
26,683953 22,445855 A0I
20,751373 -6,946749 B2VI
-7,886030 -6,377242 O5II
-6,966125 -5,883771 G2I
-3,060883 11,868719 F5I
21,305975 -9,004732 M3III
29,995494 22,782503 F8V
25,855499 24,409623 G3II
-11,127253 8,401903 F6I
-6,272490 -5,166128 M0III
23,009434 -7,551363 A8V
-3,159401 10,970454 M0V
-11,817965 4,703094 O5I
-13,707884 7,733503 F6II
22,147291 -8,943915 B3VI
-5,754835 -4,486282 K9II
26,081007 21,439372 K8V
20,346890 -6,146388 K5II
28,812477 22,933814 B5IV
-8,521615 -6,663774 B9I
20,493354 -7,560262 G6II
27,976204 21,262125 M6IV
-8,846055 -4,023561 F5VI
-3,091019 12,679060 G4IV
27,886695 22,406528 K4II
23,672541 -6,493699 G1I
-5,535468 14,147182 O4I
-8,053749 -6,678916 K3V
-7,663508 -4,255283 G3III
-6,118847 14,866443 O0V
-8,078847 -7,007258 K6IV
25,980722 21,766439 O0III
-7,352519 -5,698985 F0I
20,105566 -6,478999 K2II
21,695640 -7,112472 K8V
-11,677666 8,576154 G6IV
30,389571 24,017369 K9II
-4,802167 14,339636 M1II
-7,649107 12,018746 O0III
28,982528 25,301401 G6I
-3,343029 14,179938 M5V
20,914582 -9,058707 O8III
-7,277958 -7,407363 A3IV
-11,618363 4,757620 M0IV
-5,856435 9,873872 G2V
-11,601579 6,199287 G9I
24,006313 -7,974978 K7III
29,146473 22,456905 K3IV
21,685110 -6,025000 M4IV
-5,188285 13,921940 K1II
26,769945 22,161243 K0I
26,553634 23,787660 G1V
22,441024 -9,080997 G7III
-3,453238 12,522631 G8I
24,270080 -6,164301 A1VI
21,486980 -7,277664 O7I
-6,390246 13,202449 F1I
29,294495 22,356983 O9VI
-7,730953 -7,277905 O0V
29,541743 24,737461 F2VI
-9,320384 -5,089218 F7VI
-6,444245 14,008604 K3IV
-10,639570 6,415108 G7III
28,202162 21,997639 O5II
22,982571 -7,090830 G7I
25,715064 23,487423 M1I
22,511306 -6,230096 M6III
-4,199534 14,203901 O3III
-7,782794 -7,991262 O7VI
-13,858173 7,657339 M0II
21,932431 -5,817820 G5V
-8,907789 -4,892192 B7IV
22,183221 -6,940029 B7V
-7,386400 -4,646130 O3III
20,247903 -8,939750 G2VI
-13,484705 5,813617 O2V
-9,571284 -4,507780 K6V
-12,995687 9,590720 F1I
-12,457565 4,826943 F4I
-5,516528 14,389799 O3II
-6,878726 14,100802 K2IV
-5,742677 -3,942202 B1II
-6,707505 -7,879065 K9V
-5,735166 14,968940 M2IV
21,341085 -7,672119 M4I
21,207849 -9,507332 A5I
-12,249838 6,901074 K0III
-6,604318 14,607458 A9V
-3,888451 11,084247 F3I
-4,357046 10,030742 O3V
20,282768 -6,170147 G0IV
-5,978914 13,963131 F7VI
20,680740 -9,092757 A9II
21,445776 -4,926952 M2IV
-14,643584 6,459236 G2IV
-7,349063 -6,627960 F5IV
-7,820242 -4,851464 F6III
-3,788190 13,925875 M2V
28,762284 21,540904 O9II
-3,028678 13,117367 F7II
-9,208759 -5,448066 G6IV
-14,118297 5,501834 F7III
-5,422854 -5,077055 G1I
28,569707 23,652051 M1V
-6,857861 11,993816 A3I
-8,616345 -5,856740 A0I
-9,647304 -4,004294 O1II
-10,306276 9,166705 M4VI
29,112978 21,679677 F4III
-8,478919 -7,469107 K9I
19,501912 -8,372881 B4III
-11,641333 6,676290 A9I
-7,287434 11,160445 F4VI
-12,881884 8,966820 O9III
23,434574 -8,022073 K6IV
-4,633978 12,728137 M2VI
-6,390681 -7,662554 B8VI
-11,908510 8,007727 G8I
20,354898 -5,841301 O9VI
-11,760926 7,778560 K0III
30,359005 24,224289 M1II
30,151253 24,134028 M2I
-8,200166 -3,956557 A3III
20,748521 -4,757408 F2I
26,300326 24,865340 B8VI
23,276505 -8,787656 F2IV
-7,915826 -7,673421 A0V
-10,905617 5,364216 K9II
-9,683004 7,321802 K7III
-7,904392 -7,467622 K2VI
-6,720378 -5,117523 K3VI
-14,345507 6,957311 G0I
22,016117 -4,879613 K6II
-10,111619 6,838626 B1II
-10,666016 5,185119 M6I
29,610409 25,037896 M3II
-13,139712 6,088861 B8III
25,495674 23,527666 B7VI
27,565376 23,920453 G4IV
29,559064 21,447533 K3IV
19,947813 -7,360567 M2III
-7,529470 -4,215405 B5IV
-12,266051 9,686381 K2VI
-9,713537 -5,755498 A1IV
28,694441 20,268274 B9IV
-3,873750 12,608523 A1V
28,563784 24,314773 G0III
-11,180639 6,766442 A9VI
-9,389817 -6,216842 K5II
-6,766861 11,384955 M2VI
-12,925451 6,839620 A0I
-5,626050 11,017902 B6IV
-6,523580 11,596681 A4VI
-6,413692 -5,069891 B7VI
-3,281864 11,100049 G7I
29,279173 21,470129 A5VI
25,766157 23,529438 O6III
-4,957954 12,625552 K8II
22,172409 -7,925736 O7V
-6,610204 11,343064 O5I
-14,215769 7,349329 M5I
23,000235 -8,665011 M6II
29,877382 23,013789 G6V
-5,350547 -4,187141 A4III
-11,225300 9,226812 A0VI
21,060212 -7,431425 O8II
-12,624472 7,816072 A5I
-4,882162 14,231366 B2II
-10,103321 6,416517 B7IV
22,013073 -6,690475 O8IV
26,663364 22,248463 F9V
-5,522141 -6,282686 M5IV
-12,725252 8,977262 F0VI
28,807313 21,110824 O0VI
-3,061831 13,125620 O4II
-7,725163 13,327598 K2III
-7,299684 13,123864 O1IV
27,918690 25,559039 K4VI
23,835774 -7,535505 O5III
30,325352 22,821085 B3II
-4,046486 12,780260 F5I
-6,270590 -6,713081 K0VI
-10,254185 8,139537 A1II
28,343141 22,911818 B3IV
25,887357 22,694920 M5I
21,390254 -6,374120 B1II
27,436424 23,767577 O3V
21,382884 -7,466884 M3V
-8,824303 -6,531198 G4VI
28,339008 22,978708 F8IV
-8,508937 -5,893754 B7IV
-7,959307 -7,829542 O4IV
20,871199 -7,025503 G6I
-8,567253 -5,367597 M7I
-7,952457 -4,764994 B3IV
-12,086922 5,586920 F7V
-6,927533 14,022522 O2I
-2,841719 12,422397 O0IV
-5,875066 12,431346 M7III
28,250418 25,350034 A4IV
-7,787388 -7,870334 B3V
-6,680705 11,463956 F0VI
-5,695726 11,483699 M9V
21,257316 -9,147040 M1V
-10,868753 7,787093 A6V
-5,344070 13,677501 A1IV
23,457814 -8,410285 G2II
-5,217522 11,929476 O5III
22,851637 -7,516404 O0VI
22,032488 -7,783230 M7IV
28,161104 21,387670 F0VI
28,018004 22,093378 M7IV
23,486409 -7,846487 K2I
26,175245 22,649995 A6V
-7,466819 -3,773451 A4II
-12,431647 7,771833 K4III
-11,837348 6,849926 O5IV
-13,356235 5,341971 F6I
-4,080473 11,868948 G0II
28,531494 24,908415 F5I
-7,085598 11,094977 M8II
21,847111 -8,018057 F6IV
-12,640523 7,075693 O2I
20,600749 -5,473968 A9VI
-7,116187 13,357562 G4III
20,563119 -9,280883 G3V
19,927320 -5,033912 G5VI
26,923580 21,362474 K4IV
-10,882102 6,824321 K1VI
-7,958211 12,261015 B2I
30,313298 23,221810 K5V
-4,778710 11,110180 B0I
-10,682740 8,662799 B5V
-8,064993 -2,959386 K4III
-7,687546 -3,229129 O5IV
-5,725866 14,537598 G3IV
22,476483 -7,410894 O4VI
26,863004 24,399505 O3VI
19,987274 -6,772919 A1VI
-8,014818 -3,237068 K6V
-11,668655 5,055301 A5IV
-8,485544 -7,851609 F8V
-6,840691 -5,930519 O2IV
-6,222357 11,699032 K0I
-7,329921 -3,626026 M3I
-7,494221 -2,937201 B9II
-4,158910 11,668050 O7III
-6,382402 13,564888 K9I
22,301992 -8,544254 B9IV
-10,666979 6,829535 M5VI
22,297269 -8,081641 K2II
-6,008855 -4,322887 F7II
-3,786328 13,868882 G1IV
-10,009418 7,853757 K2III
-5,910729 -4,930291 G8IV
27,728032 23,997226 G4II
29,053000 21,472277 A2VI
-4,893705 12,514215 B9VI
-3,883829 11,786107 A0I
30,471636 23,051763 B1IV
27,012468 23,257399 B9III
-7,339969 11,527612 O3IV
21,951465 -8,126032 M1III
-6,072571 14,496538 A1III
29,455104 20,997978 A8III
-8,200144 -4,753864 K3IV
-5,727655 -4,079329 K3II
-6,630582 14,655315 O0II
26,384683 21,788161 G7IV
29,093530 20,879925 B0V
-9,276867 -5,028664 O2V
21,781565 -7,146535 O7III
-9,598445 -3,876950 F6V
-8,244691 -5,040186 A7V
-7,679459 -7,980248 K2II
23,692348 -5,347099 G6V
-10,053069 5,868667 G3VI
-2,953349 11,669037 B2II
21,932746 -5,429563 A1V
23,610826 -7,445037 M3V
22,541601 -5,562684 G1IV
-9,997904 -4,761973 M2V
-4,058791 12,991633 M7I
-13,117946 5,057770 K5III
-5,506927 11,792836 F8III
19,396777 -6,998856 M3IV
-4,211694 10,827483 B6IV
28,518550 22,485358 K1I
25,587879 22,728209 K6III
-12,249352 9,499427 G0V
22,463833 -5,531925 G4V
29,278209 24,151196 K6II
28,714001 24,209156 K2III
19,130817 -7,612087 A0I
-12,689781 5,146453 G9V
22,867527 -8,922441 O0IV
20,545257 -4,600861 A3II
-5,912310 -4,228338 M5IV
-13,241311 7,553768 A2I
-6,290713 10,006687 F9I
22,825348 -7,130851 G5IV
-13,544926 9,199174 M5VI
-4,819795 12,331198 A7I
-3,446571 12,021511 B8III
27,954884 22,806104 G3I
20,495213 -7,254981 O6III
21,190768 -5,439111 G1III
-4,719156 13,313460 F4II
-6,271679 10,704211 F9III
-13,817131 7,993367 A9IV
26,952406 21,538874 K5V
28,398884 20,987027 G6III
-10,667507 7,610001 G1V
27,722714 25,389329 M2VI
27,858478 20,730502 K7II
23,062632 -8,408635 K1VI
21,390956 -5,830166 M5I
-6,157554 -7,309924 A9IV
-6,633166 -4,990988 O1I
-13,351213 8,242414 K4III
27,242824 24,972454 F5II
21,930040 -5,475791 B2III
19,577155 -7,696963 F0I
-7,216685 -6,324550 M4V
-10,233085 7,665219 O9I
22,316718 -5,836021 G8VI
-12,161335 9,696572 B0I
20,170693 -7,978540 A1III
-5,911161 -6,761709 B4III
27,262472 25,297862 B7III
-7,156039 13,469843 G7IV
-5,924693 14,560380 O3III
-6,262212 10,988842 M1IV
23,389956 -8,487907 B2IV
-10,034298 6,801734 K3VI
21,303278 -7,254969 F1IV
-13,734086 5,386318 M3VI
-5,906911 14,362207 M5V
-5,285882 13,367755 B9I
-13,447588 7,557438 M9IV
20,094087 -5,186676 O4II
25,683245 22,405556 O3VI
-11,679585 6,501660 F6III
-9,747623 7,199731 G0I
-5,055330 11,378881 G2IV
21,959017 -8,365271 K8I
-12,940529 8,864805 M4IV
-11,587457 6,031743 G2IV
-3,786692 12,238148 K8I
30,288275 23,273521 O9IV
-6,209175 10,767731 G8V
-8,018645 -4,956804 A5IV
20,390483 -8,242370 K2III
-7,158609 10,801134 K3VI
28,946271 24,676596 B2I
-6,779351 -7,884601 M7II
20,855004 -6,176684 A3II
-13,955981 8,583553 K3VI
-7,491227 -7,508424 A4VI
19,250572 -6,692526 F4V
19,212469 -6,883809 K8II
21,638404 -5,941733 A3II
-6,410222 -3,759319 A4I
-7,715666 12,807704 M0I
20,964064 -8,632781 M8I
-6,165646 14,031864 K4I
-10,003725 -5,947337 M7IV
19,670409 -5,416346 K2VI
25,828662 24,384818 B2IV
23,803756 -6,492436 O4I
-4,209613 12,690803 K7V
-3,897473 12,509484 B4VI
-12,811815 7,212409 G2VI
-10,832656 8,022198 K6IV
20,383678 -5,771494 O1VI
-10,229417 6,295741 F6III
-14,173805 8,926325 K0VI
27,007924 23,380849 O0IV
-6,694369 13,065449 A8V
-6,172292 -5,794347 A1IV
-3,685374 11,059945 M2II
-13,659475 7,806098 F4II
21,527850 -5,027519 F0IV
29,540424 24,799153 M9VI
21,693476 -9,606530 F6IV
28,766229 21,768524 F6II
21,408511 -8,472721 F3I
-11,268833 9,710579 K3III
-4,939255 -4,904818 K6III
-9,162579 -4,567512 B4V
-12,386422 9,324240 F4II
27,798119 21,976328 O6VI
27,232804 21,447937 O2II
-12,344280 6,084265 K7I
-4,702110 11,468391 O8VI
-11,596846 8,792449 K2I
-11,936472 5,794647 O4VI
-5,261864 -4,816675 G6II
-13,438276 8,364360 A1II
-9,085017 -5,792914 G6I
-5,878890 -3,558443 K9III
-5,216527 -5,344220 B1IV
-8,987055 -5,406537 G6IV
29,937557 23,722893 F5I
27,453701 21,453978 K3I
27,632417 21,022810 F2IV
21,137286 -8,866012 B4III
-9,602575 8,113623 O4II
-12,093517 6,124741 O2III
-13,764699 6,103903 M9II
-12,143590 10,047691 M9III
20,759509 -8,859182 O2III
21,321960 -4,424846 K6VI
27,363322 24,447697 B9III
29,931050 21,584960 G6IV
-2,792790 13,016430 B8I
-8,864789 -5,847227 G7IV
-5,894429 -3,483409 A0IV
26,617330 20,723808 M2III
-11,307836 8,280629 O4V
-10,368482 5,518908 M3IV
-6,240660 14,666313 A1III
25,940434 23,632969 K4II
21,763564 -4,449027 F5II
-5,982482 -4,465688 K7II
27,499927 24,368040 F7III
-6,586059 -3,204094 F8III
30,272384 21,578749 M1III
-7,147908 13,932826 F9VI
-5,467143 -4,890358 M4I
-4,009121 13,441368 B4II
-2,934492 12,215362 F6III
-7,389333 13,358135 B4VI
20,798547 -5,451069 B4VI
-6,110572 -3,871162 K1I
-13,755026 8,035278 B9IV
26,802579 24,767943 M3III
-6,712755 10,181750 O8VI
-6,986360 -8,058604 M1II
28,436904 21,018816 F8II
29,280187 23,072877 A0I
-7,108771 -4,796262 F1V
-14,487284 8,413997 B4VI
29,881829 24,037150 F2VI
-8,660951 -5,355851 B4V
-7,965223 -3,560271 G8II
-5,673966 13,246354 G9IV
24,058876 -6,465585 B0I
-3,962086 10,882041 O4I
23,722991 -5,274308 A9V
-4,363004 12,079481 G8I
-6,197859 11,354535 G3V
-6,600754 14,218120 K2II
25,369710 22,439976 G9V
28,322348 21,387228 A9V
-14,350020 6,043583 M5VI
-9,730504 8,127357 F8I
26,378469 24,850130 B9V
29,857647 22,402505 F6IV
26,777902 21,262220 K1II
-13,206953 6,048120 G1VI
-5,280768 -4,802917 O8III
-11,198835 8,093947 F8II
26,446112 23,965243 A2V
27,814731 24,170035 F6III
26,980466 22,261240 F7I
-10,219557 9,152098 F4V
-7,547379 -4,943338 B2VI
27,597441 24,735830 F7VI
-11,011635 9,033352 K7II
22,352881 -8,097561 K2IV
-9,840599 -5,901844 M7III
-12,381622 5,042630 O0II
-3,187103 10,859752 G6VI
-9,688504 7,914317 A1II
-12,089483 4,962179 B9I
27,223814 20,475196 G3IV
26,283581 21,675037 G2III
-8,747327 -7,443705 B0VI
-10,353443 7,313191 K1I
-7,079494 11,517240 K6III
-3,735877 14,081781 M7V
-5,115088 15,053754 A5III
-6,237335 12,391881 O4IV
-4,561363 12,684533 O4I
-10,697580 8,436716 G2IV
-6,526195 12,339432 M9IV
23,995922 -5,986916 M4IV
22,426579 -7,943640 K0VI
28,256543 20,376336 G0IV
22,061437 -8,656810 B7V
-10,002875 8,487452 B2IV
28,547706 21,940421 B3I
20,589074 -5,864829 G8III
-5,402278 11,899308 A7V
27,556806 22,761813 O6II
-10,815011 6,663693 A0V
-7,102635 13,392866 B0IV
-4,639338 10,025183 M0V
-4,925756 10,513915 O9IV
-14,687742 6,526277 B1IV
25,963813 24,266195 B7I
-14,204801 6,571731 O8III
-4,875429 10,619094 F1V
-9,241882 -4,136594 G7IV
20,971385 -5,251535 A2I
-11,528108 5,905931 F3III
-8,610932 -7,792082 B9V
-7,536779 -4,568429 K2I
-7,963925 -4,990556 A2VI
22,365004 -4,450402 K9III
-13,172600 7,333313 O4II
-13,987031 6,876413 O5V
22,906672 -5,440620 K3V
28,648744 25,318017 K0IV
28,910277 23,362818 G1IV
22,578964 -9,082106 M3I
-11,662589 7,564414 B8II
-7,320153 -5,408074 F6V
27,510543 23,652451 M0V
-4,302601 14,350331 F0I
26,041409 24,496306 K2V
19,995026 -8,236308 O2V
22,423506 -7,144269 K3VI
22,022391 -4,657341 K3VI
-7,716670 11,371488 G7IV
-9,761441 -6,827193 F2V
-2,896959 11,721069 F9II
26,459140 24,114294 B2VI
-10,258193 6,869539 M9II
-8,433268 -7,456761 O5IV
-11,905433 9,721774 O4III
22,273836 -6,563110 F9III
-5,828217 13,021036 G6III
-6,117333 -5,202053 G3II
-3,850467 14,451787 O7III
-6,615257 -5,168509 K1VI
29,611239 25,019075 K9I
23,396311 -5,949775 F0III
-6,674804 -4,941104 B6II
-6,173617 -4,040770 G6IV
21,488093 -5,399508 F0III
-4,976908 -4,504993 K2II
-13,998360 5,806314 K8I
22,282716 -7,080110 F9II
-6,510900 12,940603 M8I
-4,094830 10,068629 G8I
22,486935 -6,106666 G4IV
-5,658951 10,308556 F2IV
-7,973057 -4,793326 K0IV
22,266179 -7,168404 F6II
21,230672 -7,722829 K6IV
-5,379694 -6,354365 K8V
22,045694 -8,225025 K5VI
-11,371126 9,603897 M1I
22,742741 -8,455992 A1VI
23,489081 -8,351858 B0V
23,645701 -8,722415 B0V
28,306330 20,540751 B2IV
-4,167139 12,233904 F4I
-11,368418 7,661715 M3VI
-8,007771 -5,405794 M2I
-4,274146 11,975829 G6I
22,843063 -5,275659 M2IV
-5,317746 -4,489367 G8II
19,831275 -6,597388 A1III
28,176027 20,265738 K0III
-7,873618 12,900481 G9I
-9,489111 -3,744358 K3II
25,652021 24,062730 F8IV
-14,698300 7,407250 A4II
22,777632 -6,008409 O7III
23,299017 -5,420573 K8I
-12,492876 9,482293 F5III
-10,296126 7,878788 G2II
27,664845 23,215486 O4III
28,073376 22,366027 K4V
-3,529067 12,353404 K4VI
-4,218464 12,965486 G3IV
-8,653716 -7,391455 K5V
-4,046688 13,181142 O9IV
-7,093349 11,911067 A3III
-7,348025 11,291617 A0V
-9,189834 -6,338092 K5VI
-6,425199 -4,427658 G3VI
-8,735367 -5,679462 M3III
-9,354019 -6,931936 O0VI
-7,514987 -6,959620 G9IV
22,498293 -5,656316 O2III
19,479137 -7,919609 A0IV
-6,007908 12,067026 F5III
25,768034 22,523479 A6II
-8,225249 -6,805589 M1I
20,026649 -8,724117 A0III
-3,961548 13,117625 G9I
23,929835 -6,309958 M8V
21,574927 -6,251468 O6III
20,887487 -5,467496 B2VI
-6,021867 10,494366 G9III
27,007561 25,297721 A9V
-11,477776 6,815240 F1IV
-13,447533 6,326431 B7V
20,167159 -8,215875 K6II
-13,797092 7,963950 B6III
26,976598 23,988084 O0II
20,975408 -9,229060 M3I
-5,915083 13,057197 A2IV
-10,120905 7,587282 B3V
23,059237 -7,974494 K4I
21,581675 -5,476941 G2I
-13,336331 7,854578 O8III
29,059509 24,509007 A7III
29,132911 23,246807 O8I
20,431171 -8,382295 B9V
-12,655242 9,294061 A1V
27,623600 24,851725 O9II
23,455721 -7,057802 K2V
-5,106756 14,476630 F1IV
-10,795303 9,136674 G5III
-6,190405 -6,373455 O4II
26,888380 21,659986 A0V
-9,436756 -5,430798 K1VI
-4,237833 14,774040 B5III
-8,503487 -3,212966 K9III
22,476401 -7,943350 B6V
-6,871023 13,064306 G5V
21,408099 -5,078617 F4II
28,066665 20,730537 K1I
-5,708996 -4,138747 F6I
-10,598333 5,346912 F4I
-14,069726 7,268264 F9I
28,772114 21,697678 G1VI
23,061630 -6,462741 G9VI
-12,193650 5,930134 K1IV
-4,495082 12,689285 A1II
-7,148138 -7,080716 K7II
-12,188070 5,629107 G6VI
-5,842571 14,612854 O6III
23,856192 -6,354549 M8I
29,933834 23,401206 G1I
-3,254422 14,141583 G0IV
-6,993289 -5,311433 B4VI
-5,694061 -5,374595 M7IV
23,234344 -8,653979 F8III
28,534717 23,462389 K8III
21,967423 -7,407779 K5IV
26,465958 22,199243 G1VI
28,713421 21,940988 K7III
-4,501559 14,008873 F3VI
22,625328 -5,980463 F3I
-3,770540 10,588739 O2VI
-3,893548 11,162883 A8V
-6,376520 12,379192 M1V
-13,486035 6,802686 B2IV
-11,359088 5,513077 F7III
-6,910293 12,617994 A7II
-7,446050 -5,987298 O6II
26,814003 24,881175 F6I
-12,611410 6,331608 A0II
-6,561024 -6,845414 B0I
-5,029620 14,014371 K8II
-6,836773 10,495047 F9II
-4,672486 13,587328 A9IV
21,835497 -5,203013 M4IV
22,828896 -9,013099 M5I
-5,412608 15,133387 M0V
26,844043 20,679196 K7I
-2,996785 13,494530 G5IV
-9,504043 7,419900 K7II
19,940714 -6,189082 F5V
-7,172051 12,359851 G7IV
-6,181710 -7,053364 B7I
-12,349921 5,982706 M0V
-3,498193 12,317602 G8II
-5,639056 -5,266275 B9IV
-5,717403 -3,413683 B5V
22,626313 -4,707215 M5V
29,633531 23,655370 A9V
19,818350 -5,471663 G7IV
-6,752140 10,880408 G4V
-6,634615 -6,030352 F5IV
23,373141 -5,428739 G9II
-3,984572 10,560027 M6VI
27,745695 21,231215 G7IV
-11,602608 8,305661 A8I
22,367419 -5,979037 K1IV
-13,422001 8,735380 A1VI
20,079094 -7,699694 G0VI
23,505371 -8,238633 B6III
-7,865749 13,101159 A2VI
26,472419 22,359428 A6V
23,348707 -5,906361 O2III
-5,447907 12,422152 B0V
20,570971 -7,224774 F6VI
21,146048 -8,492433 K8IV
-9,012883 -5,766347 A3IV
-12,437627 6,627412 G9VI
27,233530 23,078792 O5V
24,088502 -6,816042 G2V
27,777325 23,956546 A8III
-6,085766 14,283447 A0VI
22,984173 -9,164143 B5IV
-13,090850 6,702328 G1II
-9,559517 -6,459615 K3II
26,046455 24,137562 O3I
19,709843 -5,567180 F8I
-7,359987 -3,991170 B8III
-12,960109 7,262224 G6II
-3,528011 12,919882 F5III
29,543071 23,517971 O1IV
-5,544622 -5,621321 M7II
21,591029 -9,402440 M0II
-10,447258 7,397304 G5III
27,642801 23,149515 A3I
27,717475 25,385247 F8I
-5,848647 10,626173 M1VI
-7,127118 11,097654 O0III
29,222116 23,282079 B3II
-4,935356 9,887762 A5I
29,276567 24,765564 O0V
29,953842 22,971524 M7I
-7,236761 -6,366059 A4III
20,239009 -6,736199 M7V
-6,363184 11,615487 K5I
-6,130917 13,435224 A5VI
29,285379 20,644422 A8V
-10,231772 5,983153 G6II
23,023919 -5,461062 K5I
26,737132 23,157258 G7V
27,066180 24,222876 F3III
30,113706 21,917709 F3I
29,039802 24,840866 A2III
-13,651037 7,185937 O1II
28,704758 22,903550 B5VI
-9,996449 -4,491701 K4VI
-5,767042 14,934159 F1VI
-10,970527 9,031330 A2III
25,805878 23,218068 K9IV
24,089023 -6,602744 B8II
-7,333109 -4,908222 F0VI
-7,654572 12,898467 A5VI
-13,806920 7,707699 K2V
19,648121 -8,584066 O8IV
21,238777 -7,582646 G1I
-5,736684 -5,071325 O3V
-13,568825 5,788315 M7III
-14,242126 8,346879 F0IV
-11,950544 8,797052 F9I
-11,339698 9,347135 B7II
28,343475 23,547848 G5V
-5,707681 12,554886 M1V
20,833862 -6,843962 B9V
-11,863124 5,403586 O5III
23,716082 -5,888820 A3IV
-13,256483 8,008788 B3I
27,151595 20,639433 M6III
22,421999 -6,008294 A2IV
28,357813 23,081705 B3I
-12,303113 6,325901 A3II
21,869551 -7,137410 A6I
22,054048 -9,301812 O8I
28,303062 24,321501 A9IV
-11,583501 4,948172 B3VI
25,828096 22,743494 F4III
26,927848 21,748288 F7IV
-6,582186 13,253380 A5II
-8,256936 -5,880206 F0VI
-6,701200 13,305477 B9V
19,719025 -6,045020 O8IV
27,813913 23,369035 K4VI
-10,304045 8,646657 B0II
-9,049682 -7,275864 M9IV
28,639882 24,799885 B5IV
27,747023 20,828844 A9VI
26,199790 21,452306 B6II
22,951196 -5,520105 O5IV
-9,777199 -4,076529 K5III
-9,154428 -4,022828 M6V
-8,432070 -3,452125 F8V
-12,449838 7,503996 M1III
-9,927909 7,435016 A3III
-5,001357 -4,568367 F6III
-4,143826 10,166769 A9V
22,325679 -7,314772 O1V
19,405475 -6,930363 M6III
-11,220795 5,040890 G1II
29,004131 23,893236 O5VI
-6,944634 11,001528 B7V
-6,548374 -3,196701 B7I
21,003596 -9,342686 F5II
22,169674 -6,373044 M1I
29,797417 23,145815 G1IV
-7,468604 -6,109569 K6IV
-7,857519 -3,501855 M5V
23,099874 -4,701640 F0I
-6,917722 10,905522 F1II
-5,081648 11,554997 F1VI
-4,981436 11,465669 M0III
-5,089020 -4,405388 K9I
29,843825 23,649314 A2VI
-3,657074 12,054969 O9V
-11,932522 5,427169 A0VI
-5,596457 14,181149 A5I
-14,489023 8,389689 G2I
-11,975868 5,518461 A3II
-7,159299 -6,427952 F9V
23,351676 -8,690018 A4V
-4,944841 11,928723 F0I
22,118809 -8,847690 B5VI
-11,197922 9,501837 K8V
-5,642272 -3,570747 F8III
22,588986 -8,305692 K9III
-11,005542 5,701799 G7III
27,763588 24,379458 A5II
-3,601306 13,733898 O3V
19,264319 -7,094351 B4III
-11,408628 7,814633 O0IV
-4,248021 14,901221 B3III
-4,909067 12,538751 F7I
-12,175304 9,475870 G1I
-3,026465 11,571234 A5I
-3,671599 11,073045 A1I
-5,758013 10,013884 K8III
-5,774036 12,826682 G7VI
28,153514 25,485715 M3I
-13,449568 9,244027 G1I
-7,731362 -6,422973 A5VI
26,055044 21,116587 O4III
-8,113688 -6,267279 M2VI
-3,938654 12,620700 G9V
-8,100795 -6,174324 K3II
-6,764049 -7,181468 O9II
23,959289 -6,085883 K2V
30,194653 21,944436 B7III
26,116563 23,146401 A3V
-12,805411 8,412537 B6IV
-6,265445 -7,146384 F4IV
-5,709204 -6,958367 F3VI
-12,167229 5,985089 K4VI
-14,227424 8,385427 F9I
19,952073 -7,785661 G3III
-4,956494 10,003644 G6II
26,475369 22,369461 K3I
-4,833879 12,694521 M2I
-14,604374 7,873099 M1III
-7,410795 -2,917817 A2III
-5,753828 14,855984 B3I
-9,570429 -4,342471 O1I
21,528546 -4,910241 G8I
27,477258 20,508007 F2V
-4,772131 9,903324 M6V
22,394160 -4,960668 B1IV
22,255686 -5,824531 G9IV
26,872402 23,310491 B5III
-6,142164 -4,188759 O8II
-8,903203 -4,204268 A1II
23,154573 -6,647250 K4I
-5,438511 10,142157 K0II
26,464083 23,439431 M2VI
-7,429174 11,160834 B0V
23,773811 -8,111944 M4IV
28,024459 25,447107 O6III
20,382371 -4,999252 O5I
-7,675035 11,458325 F3I
24,343298 -7,267491 M8VI
-5,483761 13,238092 M7II
29,343729 22,437760 K7IV
19,525461 -6,212476 G3II
-7,995258 -6,894412 G6III
22,464782 -6,172563 B4IV
29,327142 23,952021 B1III
21,543215 -7,036195 M3V
-5,387502 -4,181180 F6II
-5,292167 10,894876 F5V
-10,273424 6,228726 B4VI
29,305057 22,717647 B2V
22,102065 -9,064909 A7III
-3,316945 13,668936 M7IV
21,791542 -5,126429 K9I
-4,719412 14,238217 K8IV
27,864443 24,445359 B0IV
23,004180 -6,969828 G9IV
29,930308 22,662764 B4I
-10,169863 7,203271 K7II
22,111471 -7,572571 F7III
-6,504332 12,651656 B0VI
29,443693 21,048942 M1VI
-12,795692 5,644698 K3I
-6,561480 -3,853415 B7III
-6,985670 -6,640939 K4III
-5,375375 12,511494 F0IV
-11,663905 5,351786 F1III
-5,243168 12,097651 G1VI
-8,565706 -4,328654 F1VI
-6,729251 13,441267 G0II
-9,008434 -5,610930 B0I
-6,401683 10,848065 O9V
21,081714 -8,388054 A0VI
-5,235715 12,419145 K7I
22,969865 -9,203395 K2I
21,593281 -6,785395 O7V
19,801742 -8,578822 G4VI
-6,607229 10,955613 A0IV
27,795988 21,117972 G5IV
-5,813861 -5,142132 F8VI
27,860882 23,912116 K1IV
-12,407375 8,933468 G8I
-4,821477 13,952440 A4IV
27,116073 20,544550 G3VI
21,099158 -6,988191 A7II
25,508594 22,398494 G3IV
29,236698 22,118709 B5II
-7,403404 -5,838842 O3III
-13,817831 8,698034 G7VI
-8,891909 -5,219685 B5V
22,134374 -6,433132 A8III
-5,415386 12,908751 G2IV
21,530308 -9,680051 F0I
-8,736345 -5,176857 K5III
20,339557 -6,279577 M1VI
28,440759 20,906066 G9II
-3,808046 11,252030 G8II
-9,881331 7,617782 B8II
19,292950 -6,956296 F9V
22,410806 -6,608982 O7VI
27,717384 20,534398 O6II
20,842359 -8,460766 M4III
28,381338 23,528497 A9IV
19,565592 -8,440841 O5V
22,322285 -7,486517 F7I
19,800236 -6,462553 A4V
22,225534 -9,313761 O2IV
21,222064 -7,450803 G7V
-12,229653 5,297125 B1V
-9,200870 -6,221505 M3IV
-12,816559 7,002725 B0V
21,993547 -4,725070 O0III
22,544365 -9,146075 F9II
-6,531188 -7,100131 F2VI
24,185299 -6,891999 K1IV
19,514174 -8,415798 K1III
-5,785619 -4,881634 G9I
-12,051935 5,879989 O3IV
21,887366 -7,781541 A1III
-9,440615 -4,416740 F1II
-11,930240 6,411051 F3VI
30,576630 22,926714 M2II
-8,253196 -6,796307 K4IV
-7,838303 12,809349 B0IV
-11,670419 6,271387 M5I
-12,919739 8,997887 O6VI
28,139251 25,249317 A1II
-8,378398 -5,175172 K3II
-13,861634 7,838943 B2I
-11,134448 7,068151 G6III
-13,563372 5,291426 K1III
-4,915280 10,405787 M6V
-9,666129 7,755411 A5III
30,287416 22,924720 G5II
-9,702365 7,576428 F3V
-11,903233 6,518936 F5IV
28,052623 25,093039 K6I
-11,401975 6,045122 M7VI
-14,700703 6,429123 O9III
19,463306 -5,581432 B7III
22,555766 -7,001654 B0II
29,870625 23,713578 G3I
20,617586 -5,489917 O2VI
23,145168 -6,359496 A1III
-7,690519 -7,390568 F7III
22,141882 -9,551771 M5III
-5,853214 14,522374 A2III
28,557384 23,202150 O0V
27,802239 21,419340 A1IV
28,023831 21,452065 B0I
-5,471805 -6,747895 A5I
23,543344 -7,376780 A0V
30,126761 22,242930 B8II
-2,744288 12,984628 K4V
-5,947798 11,904999 B8II
-3,860007 14,271649 O4V
20,468452 -7,271995 O8II
20,713829 -4,936259 O0V
22,959749 -5,572490 O4VI
23,949572 -6,427848 M5IV
19,837442 -5,955971 G7IV
-13,624156 6,965967 A8VI
-6,729639 -7,688181 O6IV
-3,778734 13,015702 M6III
29,157799 23,912894 A3I
26,693715 21,195275 M7VI
21,742653 -5,337262 A3III
-13,741933 6,355910 K8IV
-7,934029 -6,842703 A0I
-6,221325 -4,969373 K7VI
-4,315803 12,927483 F0III
20,090352 -6,151894 O4II
-11,622636 7,278889 A7II
-6,415850 -6,441549 K0VI
22,831690 -4,751068 A4V
23,080681 -8,890812 B3II
-4,873634 15,084774 A1IV
21,958403 -5,577893 B0V
21,999909 -7,520933 F4VI
22,125127 -4,364223 F0III
21,770236 -6,860218 K9VI
-7,446937 11,536620 A6VI
-13,474491 7,326961 G2VI
-6,456034 10,581080 F1I
-2,814057 12,450482 K7VI
22,458206 -4,720825 M0VI
27,079723 23,406166 A6VI
-4,755045 11,769000 O8V
21,203137 -7,128824 G4I
-6,559797 12,171221 G4II
-7,528150 -4,640140 G5V
23,122267 -5,742157 O8II
-8,838641 -4,506083 M6III
-14,659260 7,979306 G0VI
-7,075178 14,089173 O6V
-13,163178 6,272959 F8IV
22,714163 -8,138120 G5I
-7,544050 -5,940216 G8VI
21,413437 -8,894923 B3V
20,957108 -6,742447 O2I
-13,427252 8,208737 O1III
-4,746187 13,581666 O4III
-11,020864 5,862328 F2VI
-7,269622 12,490736 B3I
-7,269854 -4,510659 F5IV
-4,224460 14,635617 O6I
23,217545 -5,511768 M2III
-4,006646 13,826253 M6VI
29,756938 22,040386 A7III
-12,286170 9,608718 K3V
-5,737787 13,628101 M1III
-6,031365 -5,040135 G6IV
26,806508 22,870472 A8I
-3,065734 12,993625 M1III
-7,101880 11,509504 F7V
-7,284714 10,964860 O2I
20,417636 -7,107282 O6V
-12,304232 8,221678 K9I
-12,505054 7,997742 K5I
27,324320 23,666361 K3V
22,249318 -5,641426 K7V
-5,815266 10,781536 A7II
30,273873 23,524497 A6II
20,738126 -6,772344 O9IV
-9,887644 -5,670620 K1I
27,200706 21,589490 B2V
-12,253843 8,621181 K5VI
-5,732505 11,022395 G3III
28,671894 24,463817 O6VI
-6,372799 13,507517 F6IV
-8,512324 -4,218479 F1IV
-4,360285 12,066737 F7III
20,855818 -8,664034 O2V
21,983637 -6,236738 F1I
21,775842 -9,385955 B9V
20,376250 -8,439672 B2VI
-13,418131 9,708882 B8IV
26,634000 22,490672 M2V
-7,282113 -3,750322 G7VI
-7,441114 11,425141 O8VI
-7,302820 -4,603240 A4III
30,321923 23,860939 A4I
26,333175 21,045498 F2III
-5,229994 10,758609 O0IV
27,733144 23,924238 F9V
23,608984 -8,841694 B4VI
30,053837 24,133017 B0IV
21,590138 -6,173780 O6V
-6,401491 12,496753 M5I
25,454970 23,212472 B3V
20,066203 -7,170606 B1III
-13,022270 7,111413 F8III
-13,956656 8,148191 G8V
19,985359 -5,013280 K9II
-6,081139 -5,650256 G3I
-10,755112 9,081580 A6I
23,193657 -7,988525 B7III
26,199190 24,609968 A8VI
-6,715130 12,629605 F3IV
27,139147 20,470256 O1V
-7,288885 13,973530 O9II
-4,065016 13,586956 G3III
-4,557183 10,629452 A7IV
20,240655 -6,415341 F1I
25,688100 23,896462 G7VI
27,538848 23,083422 A5VI
20,350775 -8,885986 A0VI
29,149253 20,936446 G8II
24,263646 -6,716693 B6II
27,248116 21,247888 A1I
-7,600249 12,141124 F3III
29,752166 23,956672 M5V
-9,687998 -6,126578 K6V
-11,621025 7,590106 A8I
-10,119150 8,851073 O4V
29,086868 23,521352 M6VI
-10,725482 5,385074 A6V
-3,737551 11,721539 F6VI
22,162522 -7,450977 F0V
23,819477 -8,434799 M8IV
-9,720116 -6,438114 B6IV
27,254425 21,080205 F1II
-12,885246 8,742148 B8I
-6,858845 -4,716376 K7II
22,153203 -8,793789 F5II
21,974255 -6,544382 A8VI
-7,495813 -6,621794 A9I
26,669929 23,544427 A0I
29,382695 21,629849 A5IV
-6,205245 10,682893 F9VI
26,321452 22,356190 K4VI
25,608844 22,046461 F5VI
-14,682381 7,959126 G9II
-5,363333 -5,775383 O1IV
-11,845150 5,087448 O4VI
-10,437296 9,269574 B6V
-5,682861 9,958357 K1I
-6,134418 10,444476 A7IV
-5,943950 14,549990 G3III
-9,304034 -3,960775 O9VI
-7,066143 10,965301 K6IV
-6,806862 13,115271 M4V
-13,606800 7,635859 O2III
21,449496 -5,812898 F2IV
-6,925209 -7,690767 A6I
-4,889910 10,483405 A2II
-5,890132 10,114797 G9V
27,199079 21,374726 G9IV
-14,098830 7,196064 M5II
29,131133 21,326202 K8II
-8,830098 -4,928398 F8I
-10,670033 8,498024 B1II
-3,619862 13,452136 M8IV
30,032401 23,660159 F4III
30,490833 22,549798 B0IV
23,241775 -8,631835 G4IV
23,011790 -7,974265 B1I
22,501197 -5,250555 O1VI
26,125950 21,257249 G5I
20,872151 -8,606525 O5IV
-13,738397 8,203333 O3V
30,000707 23,542293 A6V
-12,756458 8,921457 O1V
27,867261 20,732066 F0I
29,812968 23,893909 K2V
27,412457 24,852466 K9III
-7,212915 -5,497298 G6II
-6,802915 -5,257576 O5VI
-9,923530 -6,585211 O4V
-13,626049 9,411715 B7I
21,810890 -9,252964 O1III
20,651135 -5,974793 M8VI
-12,852676 6,154088 B4I
26,102077 24,516533 M8V
-7,309219 -5,602736 A4V
-4,450349 9,941501 K4V
-6,215255 -6,555855 G5II
-3,423179 12,183937 F2IV
-6,446325 12,798349 G8IV
-10,405376 9,297749 G4IV
21,472917 -6,423280 G8I
-12,757003 6,935459 A3IV
27,526469 22,608637 O4IV
21,980188 -5,157095 F9II
21,166799 -6,002527 A1V
-5,833237 -7,513372 G4I
28,723721 24,784881 K7IV
-5,262628 -4,959305 M7IV
-11,572621 6,709613 M8VI
19,767942 -7,159279 A4III
22,240779 -7,429389 M4II
-8,949946 -3,516762 B2III
-5,549056 11,521844 F8III
26,598336 21,314469 B2I
26,012018 23,490747 A3IV
21,033662 -5,674488 K1II
-12,698551 7,644762 A8IV
28,537117 23,639479 A8I
-5,963037 -3,368068 A8VI
23,810527 -5,386809 F1I
26,883588 24,092237 O8IV
22,021959 -4,716417 M7IV
-11,841248 5,567766 M8I
-11,730605 6,302923 A0III
-5,463130 12,148855 O1IV
-6,887264 11,458721 O3IV
-13,962070 5,971515 O0V
26,633399 24,448771 M2II
-7,845081 11,749498 A5II
20,122044 -8,744266 F1V
20,532271 -6,907069 F8III
27,424501 20,757539 B1II
-12,477277 8,306337 O0VI
-12,304337 9,161914 K8III
-8,169905 -8,010368 B8V
-7,952208 12,249105 B1I
-11,925575 6,194007 G5I
29,309507 24,983084 M0V
-6,136743 12,792949 A0I
25,537217 22,047928 A2VI
22,378134 -7,531886 A9III
-6,750723 -4,020931 A2I
-9,467469 -7,241813 M2VI
21,451210 -5,039257 A4III
-10,302633 6,422661 O9VI
23,376343 -8,605304 A3III
-14,259460 8,477728 O4II
-7,668731 -7,940498 O1V
-7,754177 -5,452859 G6III
-5,631727 -5,587810 B5VI
-4,047338 13,572601 G3III
20,643620 -8,639297 K5III
29,959884 21,909159 M8IV
21,572278 -7,089676 K3V
29,506688 21,418618 G8III
-9,616894 -5,265376 O4I
25,679875 22,385311 B2III
-6,960078 14,106333 G1VI
-8,526486 -7,147679 O5V
-5,233414 11,121275 F7VI
-8,240535 -2,870959 F9I
-9,025739 -4,921659 M4III
-10,221613 6,403973 G6III
23,596587 -6,857259 B1I
-5,065664 12,897811 B8I
23,350220 -7,633565 M3I
26,738461 21,763021 K1IV
-6,938154 11,382522 G9II
-5,183569 10,593970 B4I
29,410187 23,751311 B2V
22,441429 -5,490882 M5V
-8,888613 -5,648254 O9II
-6,458051 -4,708398 O9III
25,721610 23,864168 A4III
-12,779796 6,415573 B3II
-14,625519 7,277658 B7I
-11,787173 9,415791 K9II
-13,726611 6,299678 G6VI
22,384642 -8,569141 B5II
27,589150 22,457601 M5VI
20,969889 -6,546395 G6I
22,489877 -4,979584 O1VI
-14,492590 6,564003 G7IV
-3,007525 11,970576 F4IV
-5,938472 -5,269131 M1III
24,321896 -7,770700 G0VI
30,078307 22,936212 K7I
19,800562 -7,399941 B7III
-10,945879 6,775168 M5II
-9,954059 6,270062 F1IV
23,227185 -4,946936 M4VI
-2,957410 13,424471 A0V
-7,486947 -7,828440 G4VI
-10,517940 5,782337 F3II
21,562850 -7,046149 O9V
21,622725 -5,013444 B1II
-6,592148 14,127557 G5III
30,551618 22,058498 A3II
20,376793 -8,905482 O6III
27,590346 22,837623 K1IV
30,651348 22,883216 F1IV
20,957949 -4,493145 G7V
-12,221184 7,915346 M6II
-7,411002 -6,039363 K3VI
20,512947 -7,064827 F9VI
-9,784014 -4,442828 G6VI
-5,110694 -6,421345 B2I
28,012051 20,353468 G9V
-2,747938 12,086176 B8III
26,274975 22,716743 A6IV
21,063163 -9,466310 G8IV
-4,052286 13,994613 F7VI
27,817236 24,102188 M8I
-12,217652 6,426075 M1II
-10,410029 8,695645 F9VI
22,244591 -8,785018 F4V
-6,508725 -7,469289 K9I
-14,173108 7,731942 A9I
29,990815 21,991517 M2VI
-7,504072 -7,469943 K9III
24,211161 -7,330092 F8VI
-4,661297 12,316183 K4III
-7,611787 -6,438948 B2I
30,003866 21,845771 F2I
20,191381 -9,207016 F5I
23,863812 -7,736587 G8III
-6,287325 -6,704938 G1I
-7,049046 14,010215 A8I
-6,894416 -4,506411 G8VI
-8,793046 -7,573073 K6I
23,091945 -5,168018 A1III
27,053298 24,967956 O5VI
-4,093573 11,004207 F8I
-5,334599 -6,623750 A6V
23,041262 -7,404279 M7VI
19,550841 -6,977409 G6II
21,740092 -8,960030 K9V
-10,881401 6,587584 G0VI
22,157519 -8,702666 M4I
19,945355 -6,191516 M2IV
27,624714 20,984152 F7II
-4,301681 10,099394 O5V
-8,963946 -6,074404 F9V
20,139225 -8,550577 O7III
22,598085 -9,316024 M4I
19,864870 -7,817900 O8IV
-6,649253 11,759469 M3VI
28,344690 22,159396 B4I
-2,866078 11,991298 F3VI
-9,662120 7,725173 K2II
28,363105 22,917335 M3II
-7,818773 -6,335841 K5VI
28,719481 23,903084 M9V
-8,225881 -7,724029 F3II
-13,118352 8,387328 F4IV
-13,867075 7,689632 K9II
26,651737 21,571804 K1V
-7,762016 -3,172383 A5II
-6,972433 14,387883 B5VI
28,624086 22,604470 B4II
25,759018 22,607998 A4I
-6,037381 -6,897177 K0VI
-13,951125 9,390961 F8II
-5,793133 14,816532 G0II
-4,281729 14,200216 F8III
22,345960 -6,659937 G1I
-6,255050 13,826358 O3I
-9,696875 -6,341142 A3IV
-9,587559 -3,743353 K7III
-10,434459 8,206122 O2VI
29,128646 25,122460 G3II
-5,402907 12,152948 F3IV
-12,699900 4,847564 B3V
-13,897371 7,507565 K7I
-4,779732 13,847900 O9V
21,899160 -5,403590 A5VI
19,408868 -6,574381 F2VI
28,724963 20,412806 F8VI
-11,563286 8,225359 M5IV
-5,683949 12,504424 G7IV
21,588572 -4,592502 G8II
28,238474 21,710972 O0III
19,723302 -8,314714 K2I
22,432306 -7,443155 M1II
-8,248454 -6,746700 K8III
26,149216 21,266967 B6IV
-4,847349 14,900706 A3I
-6,914099 -6,245966 K1IV
-5,404341 10,345581 B8I
-12,844992 6,088687 F5II
-10,490505 8,751397 O3V
20,109193 -6,934493 K0III
-6,764058 -5,371779 M2IV
22,588828 -7,047555 F9VI
-6,160353 12,996075 M0III
25,852818 23,734155 M4V
27,966491 21,379141 O2IV
20,536622 -8,047090 M3I
-13,524757 7,309743 O5V
-6,369307 -4,874641 K0II
28,365472 21,906982 F1V
-10,168784 7,598129 F7IV
-12,204282 5,529638 G8III
-5,227353 -4,267261 F6V
21,503659 -9,621442 M6V
22,301298 -9,177637 F2IV
21,656144 -4,562376 G8I
-6,514372 10,891966 B1II
-13,338789 6,459620 F3I
-9,963184 7,964649 K7III
-7,769951 -5,052176 O4II
-9,893160 -5,952797 K4I
-11,675523 5,254369 M5V
29,273519 24,827593 K1I
-5,669218 -6,666202 F6III
-11,107278 9,642303 F9I
28,010109 21,564593 O9IV
-3,073426 11,379128 M5II
30,645997 22,843124 M3I
22,247578 -5,348656 B3VI
-12,369490 7,699489 B5IV
-8,962699 -5,857998 F5III
-5,656898 -7,165964 M0I
27,426551 25,415747 A5I
21,690835 -7,471051 A2I
20,272603 -8,121439 M9II
29,519417 23,956344 G1VI
-12,670572 8,375673 F8II
-6,794656 10,931670 A3I
28,003598 22,604049 K4II
30,006922 22,090946 G4VI
-7,205575 -2,819388 B4III
-5,342592 13,757840 F4I
-7,029615 -5,275051 M8V
-5,620097 -6,013233 G9II
-11,084638 9,411027 A2II
22,879770 -6,553579 M8IV
-7,197436 -7,009975 O0IV
28,523657 25,207898 A6VI
-6,343786 12,134641 B7V
23,203833 -8,632139 M4I
-5,964528 -5,363669 G1III
29,116381 22,486228 G4V
-8,987673 -3,422788 B2VI
-12,342259 9,556054 B8IV
-5,899338 11,210424 G1III
-12,229865 7,356732 F2V
28,530712 21,955946 K0VI
-6,129063 12,178859 B1II
22,975288 -8,029718 G2II
20,736734 -8,825542 F8V
-6,568076 13,092848 A2I
-7,146229 12,681229 F5V
23,056831 -7,765024 K7VI
-11,109252 5,522710 M9IV
-8,478606 -4,480647 A5III
-7,490063 -4,780762 F5IV
-7,276686 -5,752886 G7V
22,489777 -6,827429 B1VI
-10,296311 8,103818 M9VI
-5,292051 10,337686 O6I
21,737075 -8,766487 K9II
-6,009865 14,703104 A4VI
-6,817140 -6,136343 F0III
22,114889 -6,643166 G6VI
-11,111202 6,662023 K5VI
22,481655 -4,728214 K3III
-3,219669 12,627267 G3II
28,365959 20,713424 O4VI
20,736726 -4,777080 K6IV
24,312591 -7,141428 G5V
20,941575 -5,482212 A2III
29,178098 23,335495 B2I
23,924148 -7,756480 G8III
-11,604334 7,742719 A5III
-13,044798 5,682619 B9VI
29,730218 24,392521 G5V
-7,543536 12,382441 O3VI
27,390059 22,458448 A3V
-6,505338 -6,949316 B3VI
-3,579492 12,282519 G2II
29,392382 24,709751 G6VI
23,394801 -6,464522 O7I
21,969648 -5,013024 K0III
-8,838485 -7,332284 F6I
23,118433 -5,766898 B0V
-6,469739 -5,063176 K4V
-12,731663 6,382211 A1IV
-6,788698 11,361949 K1I
-3,629723 14,085105 M5IV
-6,952746 10,739237 K4II
-6,021590 -7,451276 F5VI
-6,704187 12,305830 B5VI
25,827070 22,319555 O5II
-4,372780 12,986412 K0I
-7,929458 -3,096664 G8III
-3,952952 11,610402 A4V
21,136486 -6,373285 B7I
22,381016 -6,347636 K5VI
-6,030961 -4,642146 F3I
-6,425094 -7,212947 F9I
28,513882 22,627197 B8VI
-10,213815 6,812127 O1II
26,188324 22,958912 B0I
28,585699 23,259010 A3V
-6,826120 13,559008 O2I
26,704767 21,921957 A2I
26,493938 22,978942 A7V
-7,625178 12,875038 A2I
-5,636846 10,163433 F4I
-7,664571 -5,526493 M2II
-5,476567 -6,953828 G8II
23,211982 -7,220924 F9V
-4,998744 12,727536 O2I
27,532626 22,638678 O3III
-14,113023 7,573448 F1V
-4,177072 10,304890 A8VI
-6,300244 11,876910 A8I
-6,779151 -5,004172 G4I
30,194419 22,762756 B0I
-3,297523 11,209012 A3VI
20,271915 -7,705750 B2I
23,414998 -8,594590 K4III
29,080216 22,657650 G7IV
-8,315873 -4,157833 B9I
-7,137529 11,001750 B7I
-7,271044 -7,322753 M3I
-3,336275 10,840710 B9VI
-8,422373 -7,027609 M6V
21,812295 -4,711793 B9I
-4,998549 13,246487 K7V
-7,115195 13,994113 K4V
27,748873 20,380846 A9IV
26,165735 24,352396 B6VI
27,514146 21,094366 F2V
-6,104713 11,130876 B0III
-5,676385 11,889740 A6VI
-8,281367 -6,677910 F6V
23,893116 -8,017662 B8VI
-5,768554 -5,626085 O2III
28,072960 21,470311 F1I
-13,101559 9,304134 O7V
-5,952768 10,758969 K9I
-6,552087 -3,500661 B0I
-4,875154 14,483465 A9V
28,618372 23,746111 A5II
28,045281 21,649950 F9V
-7,660349 -5,844450 A8VI
-6,601624 -4,465863 O0VI
-4,644455 14,034621 G2III
24,384293 -7,016924 G6VI
20,204808 -7,690384 G9IV
26,853190 20,625303 G4II
-6,218777 10,356502 O1VI
-5,441856 -5,191564 G2IV
19,427894 -5,701032 B4II
-2,890526 11,695889 K7III
-6,588752 -4,176258 A1II
-5,761147 11,288437 B2III
-6,570776 10,143466 K6I
-13,738045 6,807864 G8IV
-5,763951 -4,474794 O9IV
-3,237545 11,197952 M9IV
26,885775 24,044361 A9III
-11,619175 6,479474 A8I
-4,623059 11,702238 M9V
27,646269 20,357894 A5I
-5,211097 12,514557 M6III
-7,155867 -4,781375 G1II
-3,798788 12,136071 F3II
-5,048470 10,046087 K1I
-5,247199 9,777393 G1VI
21,692323 -6,073579 G1IV
22,076043 -8,843433 O1VI
-7,779016 -7,831199 B8V
-6,516173 -6,632666 M8IV
27,744990 20,387843 K3I
22,264349 -6,354929 A2I
-5,827469 14,362646 F5V
20,711293 -8,542908 M5II
27,360998 25,059688 B4IV
23,518740 -6,280540 B8VI
-4,922318 -5,605459 B8III
-13,373375 8,971423 A2I
29,596099 24,397006 F7VI
-6,203968 -5,392398 M9III
-9,449075 -6,326455 O6I
-9,528101 -4,910889 A4II
30,518032 22,370002 O7II
-12,639733 7,641846 B5II
20,907269 -8,403386 B3I
29,757589 23,647719 M1II
-7,100817 11,344608 B4VI
26,268933 21,667118 A7VI
23,541121 -8,148474 F3II
-10,419255 6,163291 F3II
-13,970664 5,614897 B2III
-3,437944 13,407360 O4IV
22,597754 -8,130301 K0II
30,211164 23,596071 B1I
-8,851279 -5,241366 F9I
22,048077 -4,378576 M6II
-8,286734 -7,203419 F9III
-13,297222 6,592008 O8V
26,065134 23,710948 K3II
-8,906837 -5,007347 O3V
-13,719295 9,320740 B1VI
19,932317 -8,722932 K6I
-8,618820 -3,160416 O8VI
28,874531 21,315403 O7I
28,825984 23,984704 M0I
-5,528681 11,203391 F0VI
28,186762 21,105673 M3I
-5,897897 10,947552 M5V
-12,432597 8,489913 K2I
-4,086882 10,183353 B2IV
21,316013 -6,169210 A8I
-6,707497 12,907277 F6II
-13,505319 5,373383 A3II
-5,046984 -4,453192 A8I
21,309976 -8,308848 G4VI
-5,712382 -3,695634 G3VI
-8,088528 -6,627601 G2II
27,061981 23,837662 A6VI
28,080484 25,230613 A7I
-12,727949 6,073268 G9V
-6,293772 14,769780 M2I
-8,960344 -6,524577 M3IV
28,254255 24,821029 K8V
-7,310452 -3,259117 G6V
-12,374870 7,602321 G4II
-14,831012 7,636927 G3V
-3,182453 11,487478 M7VI
22,636988 -7,100706 K0III
-10,947731 7,974720 B5II
22,071986 -8,439865 K9III
-4,768961 13,859730 F9IV
-8,823284 -7,461992 G9II
-6,751464 12,579240 M6III
23,967463 -6,915789 B6V
-8,596255 -6,393428 B3V
21,477388 -7,649531 B0I
28,271320 23,430888 M5III
-6,603577 13,464479 G9III
-5,902452 -5,234350 M0II
21,748295 -4,989508 G3IV
-11,863482 5,836803 G7I
26,703659 23,490487 O1VI
28,852591 22,617979 G6I
-8,955592 -5,566256 M2IV
22,454987 -5,990260 A1V
-13,263161 9,037693 F6VI
26,760361 23,160094 F7V
28,430516 22,492931 M6V
-5,958993 -7,354558 O9V
28,230537 22,680323 B9II
22,233639 -5,483639 O2I
-4,740969 10,696605 B4VI
-6,161107 12,360197 A4V
-9,368303 -4,251680 A9I
-7,972529 -4,532126 F3I
-8,617064 -3,885500 A8VI
-7,163351 -6,554710 A3II
27,960138 22,864156 A6IV
27,283640 24,195435 B9V
22,341957 -6,467485 F4IV
-13,183873 5,580378 K0II
-7,994172 -3,388242 O6I
20,719766 -8,717822 F3IV
20,357250 -6,330250 F1III
30,326374 22,081420 A0V
-6,966493 -7,316056 F7V
27,434627 25,000487 M3I
26,696749 20,817577 A2V
-13,216513 7,757362 K5V
22,982504 -6,652468 O2II
19,909962 -7,008953 O8I
-6,105489 11,597895 M2VI
-2,810257 12,052256 A1IV
29,893628 24,332265 F9I
30,069443 24,596822 B3I
-5,072511 -5,020731 O2III
22,511645 -6,430510 M5IV
25,867532 22,157673 F4II
29,169292 25,194488 M3VI
20,796074 -7,310897 M3IV
-12,603827 9,584212 K8II
-13,613697 5,678996 F4III
-13,049017 6,832686 O9IV
-6,917928 13,213854 M6IV
-12,155557 5,810219 O9V
-7,350025 -3,026199 A0I
-4,562467 12,086584 A4V
29,754139 21,917897 A1V
-7,441773 11,461074 G5VI
21,037022 -4,434235 G0IV
-6,350034 -7,099197 A1IV
-13,751076 7,926732 G5VI
29,303819 21,115134 K4V
-5,981147 -7,079927 O6VI
24,217024 -6,814083 O9V
-12,361179 9,402436 O0II
-5,663145 14,848759 F9VI
-12,988944 7,434665 F6V
-5,431479 11,023357 K0V
21,789886 -9,234536 F5I
-10,867532 9,436907 A9I
-5,519677 13,252025 A9II
-7,012627 13,230052 A3II
-7,714534 -6,220464 B7III
-7,043749 -6,820571 F1I
22,609448 -9,362632 F1VI
-9,144511 -5,225039 B0III
-8,802290 -4,963289 K6II
-13,829000 7,558342 A3V
-5,284342 -5,257070 O1III
-4,315129 10,775845 M8I
29,604049 20,820479 O5II
-6,979722 10,638350 O8V
-9,708852 6,320146 G4III
-4,268487 11,856251 M4VI
25,505138 22,352565 B9II
-4,438070 12,100404 G5I
29,441118 24,315356 A0I
-10,834546 9,662564 O0III
22,186573 -8,964932 M8II
19,537426 -7,326959 A6III
21,832692 -5,295521 M6IV
-12,576224 6,347124 B7V
21,882442 -6,814404 A6I
-14,615292 6,964345 B0I
22,572680 -6,450666 A4VI
29,545127 20,705821 G4V
-14,439294 6,423344 B6III
22,655118 -6,439756 K2V
28,209361 21,978913 F4III
28,091826 21,410132 K0IV
27,569855 24,640455 B7I
-6,615138 11,174813 G9V
28,348583 22,623467 O7VI
-3,862569 11,529780 A0VI
20,642373 -9,203754 M7II
-8,465215 -6,603670 G5V
23,134753 -7,473255 M0III
26,732462 20,508151 A3V
-9,369930 -5,716569 A6III
21,197372 -6,481637 F5I
-11,497004 6,523155 F6IV
-7,541708 -3,227493 M7II
27,875343 22,795423 M3VI
28,544707 20,551919 G5VI
-4,419583 11,146261 F7II
-12,844042 5,809917 F0III
-5,927301 -5,431650 F3III
-9,796124 7,778465 G5II
-5,876540 -4,778809 M4I
21,404488 -7,375763 A9IV
23,637443 -5,601080 K2II
-5,256832 13,795705 M9V
-13,085951 9,806963 O1II
30,434099 23,629671 O6V
-7,859958 -5,989659 B9III
23,534416 -8,588346 F5I
-3,012358 12,064429 M6II
-12,142846 8,909033 K6I
26,479147 25,039320 G7IV
-4,043471 14,239497 K8VI
23,005257 -5,225382 O3V
-5,096603 9,984738 M9IV
-4,914218 14,604897 M2II
-3,158254 12,243654 B2I
-11,952030 6,452891 M3VI
-6,100135 -4,964229 A7VI
23,522253 -5,853733 G3II
21,040582 -8,551788 A0VI
19,649233 -8,063725 M6V
-9,598404 -4,562788 B5I
-11,499028 5,458590 B0I
24,178159 -7,626801 G9V
-5,025131 11,586591 O5IV
-4,395180 14,045095 G8III
28,566622 22,444383 K1II
22,023476 -8,236846 G8VI
28,814196 25,001428 B9VI
-11,101662 9,374266 B3VI
-3,864338 10,564620 K8II
30,423474 23,852077 F6VI
27,162256 25,055429 F8I
28,731032 20,854652 M6IV
22,415094 -8,025375 F1III
-10,471849 6,359292 O1II
20,861643 -6,845052 A1III
28,985875 23,439285 F6II
21,498071 -5,265750 K9VI
-4,316334 12,118742 M0III
-6,784199 -4,116795 M2VI
-6,627130 -6,265533 F4III
-10,095538 7,069104 G7II
-9,505632 -6,990606 B9VI
-13,496969 5,130352 M5V
-4,355578 13,450103 K1II
-12,806171 8,922027 A5IV
-4,437376 11,703300 O8V
22,573265 -6,927746 M1VI
-13,213592 7,447706 O9V
20,391860 -6,531859 M9V
-5,807488 11,266173 F2III
-11,339573 4,804409 B6II
-9,565372 -3,723778 K5II
-5,893198 10,467208 B9II
21,102036 -4,855586 B6VI
-8,645428 -7,222983 F0IV
-7,198454 -6,440440 B7III
29,508318 21,150536 O9II
-7,679213 12,955239 K3V
-5,632455 13,988388 A3VI
-6,001306 14,975077 M4V
-4,941032 -5,572948 A4II
-3,868016 12,327084 M1VI
-11,662493 9,243364 G3III
26,989441 22,881511 M7II
27,030504 20,994478 A7IV
23,983345 -5,540019 O9V
-5,657410 12,273316 A3I
30,406549 23,659129 O2III
-7,196000 11,155930 K2V
-13,398665 9,569810 F9VI
-4,500970 14,817633 M1VI
27,842327 23,997722 O6II
-7,390590 12,157890 A9II
27,183342 20,332542 M8III
-14,638084 6,873504 B6IV
-5,029192 -4,632819 F1II
-5,895064 10,318892 O7I
-5,541620 15,128400 O2II
19,816993 -7,665187 G9VI
-7,860504 12,727981 B9I
-11,128216 9,814191 G7I
22,006939 -6,331958 M9I
22,171877 -6,701980 A0VI
26,364679 21,257746 G6VI
-12,749216 6,452303 B0II
24,251668 -7,646790 A9IV
-14,303733 8,411844 M4VI
-5,773913 -6,392717 F7IV
-6,061577 12,532667 G1II
-4,831248 11,886155 K4IV
23,519905 -5,497176 G6I
28,557822 24,571054 M4IV
20,399501 -8,990116 G4I
24,146155 -5,811129 K1III
22,594108 -7,795365 K8II
-5,099385 15,032013 F4IV
28,097389 23,162957 O0V
-13,483529 7,133751 G7III
-6,584718 -6,872287 F1IV
-5,100918 14,082523 O5IV
-12,792137 7,198741 B9V
-11,267717 4,956961 B6VI
-9,268991 -6,744284 K9I
-9,300186 -7,190100 B9III
28,112913 25,066575 F3V
-7,191091 13,278336 B4II
30,529564 23,576763 K0II
26,432218 24,430629 G8IV
-5,996811 -7,103473 O2III
-5,908187 10,018639 M6IV
-2,955314 11,238415 G2II
-3,801293 13,996899 K3V
-8,754187 -6,502830 F7III
26,771688 23,689367 G5V
-6,730911 10,560135 M3V
-8,516558 -5,000993 O7VI
-12,135452 7,331521 A2III
21,410779 -9,463889 A2V
-6,348681 10,041917 F9III
-5,709241 13,280925 A6VI
-12,060532 4,747212 M8IV
26,876056 21,734952 O9III
-11,107571 5,103550 G8I
-7,535997 -2,835575 B7VI
22,059309 -5,219939 G8III
29,574774 22,660408 K7I
27,034336 23,624594 G1I
-11,784618 6,335322 K5V
-14,569225 6,542925 B7IV
29,617542 24,942469 K6IV
-3,687881 13,258071 M7V
-3,623523 11,135970 G9I
-9,510716 -5,837583 B1V
28,281730 20,653616 M9IV
27,915811 20,496949 F7IV
-13,534526 5,843482 K8III
-11,905701 5,076879 K0V
20,930836 -9,501222 A7IV
26,212831 24,822705 F1IV
-3,711718 10,898788 K3VI
-5,085744 -5,447878 A6V
21,449807 -8,142517 K8VI
-14,059618 7,693527 B6VI
20,708394 -6,499752 B0VI
25,744761 24,088232 A3V
21,072350 -7,244284 B5V
29,352727 24,466353 F5I
19,906769 -7,308997 B6IV
-3,053294 12,829122 F6VI
27,417030 21,645643 G7IV
-6,588159 13,546128 B0VI
-7,752185 13,479025 B3IV
21,283331 -6,688012 K0I
-3,669193 11,111113 O2VI
20,470922 -6,038002 A9V
-6,882768 12,825366 B9III
27,192036 23,513869 B3I
21,797262 -6,584327 G5II
-7,534617 11,235618 M0III
27,873846 20,379537 K6III
-5,617477 14,720983 F6II
-12,412339 6,810427 K3IV
26,998494 23,119513 F7II
27,029614 23,165323 G8I
-11,887048 10,018331 A6II
20,375446 -8,144306 G9II
-4,088136 10,148384 F4IV
-10,751178 9,182986 F7II
22,724014 -7,821704 O6III
-12,667614 9,184824 K6I
-6,875403 11,674483 K0VI
-12,162150 7,748742 B8III
-6,549005 10,323559 B3II
-5,018045 14,343475 M6VI
28,495007 22,971978 O4VI
-5,665254 10,810064 A5III
-5,181366 -4,514464 F8VI
-5,027896 -5,577270 F1IV
-12,358938 5,626591 M3I
28,172355 25,527557 F0III
-10,016719 7,218284 F0I
-6,880519 -6,232512 O0VI
-12,902441 5,018722 O9IV
27,402427 23,362255 M5III
-5,410725 -5,690876 M0I
-4,239641 14,096472 G4IV
30,576986 22,031502 K4I
-4,337601 13,318522 B6I
22,887158 -6,572889 O4II
-4,680664 12,399008 K4II
27,286222 24,711977 G9VI
23,154615 -6,289888 F8V
22,947398 -8,579927 O0IV
28,220336 24,780818 A7VI
-12,668606 9,083655 G5V
-5,834462 10,965157 M1II
-4,267027 11,186421 K1II
-11,572889 8,659113 M0I
-7,376150 -5,372432 O7III
-5,433417 -5,682840 B5I
-14,256921 6,055494 B2VI
-6,240656 11,133546 K1II
25,884710 21,661362 G9I
-5,191042 13,417897 G8I
-7,810569 -7,882608 K3VI
-7,133617 -4,896597 G6III
21,968194 -4,732675 F4VI
-6,653839 11,160575 G3V
-8,121236 -3,127048 M3V
20,667440 -5,234521 O9V
29,753820 22,471501 G1III
-11,421399 6,985468 O6V
19,777486 -7,442024 B9V
-14,095612 7,662525 M4III
-10,330894 7,397526 A4II
21,492220 -5,522105 M5II
-11,015572 9,772255 M3V
-6,524610 11,841464 B4II
28,761952 24,933410 G1VI
20,112202 -8,735913 B0III
-6,838170 -6,633576 B3III
-9,666307 -5,498870 B8V
-4,635270 11,497614 F2V
-8,934393 -3,527095 F8II
-8,347717 -7,509874 G7IV
21,396384 -5,408728 K7II
-3,744122 11,703759 G4I
27,995704 22,722467 G4I
27,187946 23,714471 G5VI
-6,524233 10,619054 G1VI
-5,368111 10,358752 M2VI
-7,410967 -6,075784 K3I
30,153651 22,589441 O8V
-12,066329 8,820376 A1IV
-6,497683 -7,145535 G7III
-4,968826 11,156150 M8II
-10,604910 6,215719 G6I
-5,825517 14,413470 G0IV
21,280840 -6,006398 K4I
23,504429 -8,708949 G4II
27,683190 21,218818 B2VI
-11,893136 7,167759 O4II
-10,166227 7,238412 O0III
26,794407 21,756738 M7IV
-7,939437 12,518543 F9II
23,686700 -7,485882 M7V
-14,227359 6,825737 B7VI
-2,716266 12,276218 A3VI
20,962946 -7,122310 O4IV
-7,587920 -4,278605 B4III
-4,800955 14,674078 M3II
27,418886 21,740532 F0III
-9,641375 7,121605 F9II
-6,001756 10,465550 F5II
29,275467 21,160668 B1III
-11,135948 6,358015 B8VI
26,868824 21,411910 F7IV
-6,938820 13,620197 O0III
20,104648 -4,965651 F1II
-6,216422 -7,090259 G6VI
-5,776666 10,121409 O3I
-4,033429 13,583337 O9III
25,965500 21,358762 M0I
21,028663 -5,205347 A1III
-5,077437 11,475648 O9II
28,097027 21,188198 K4II
-11,763198 8,183168 M2II
-10,346332 6,298700 M9II
-7,920135 12,175718 G8II
21,058356 -5,433214 O9IV
22,232052 -8,160799 G7IV
29,298152 20,913067 O9I
-2,939237 11,268633 F3I
19,479195 -6,553405 B0I
20,381249 -5,682860 G7II
-11,206804 9,272115 M3VI
27,818265 21,380432 F8VI
-13,811735 8,187263 A7VI
-11,139724 7,990949 A3VI
26,843851 23,961513 B2I
-3,103968 12,897693 M0VI
-8,253034 -6,129331 K4I
24,312538 -7,221192 G6IV
-11,282333 6,027043 O3III
-13,042933 4,871455 K1II
-11,623070 6,781934 G6II
-5,405726 -4,311490 G5I
-8,152263 -4,743694 M3II
21,567854 -5,735979 A3V
27,940895 23,772847 F8II
26,440399 23,159285 A6V
-9,679296 7,257876 F4VI
21,870092 -5,196485 B8II
-6,239959 13,809414 M8III
28,547020 23,432896 M0I
20,135119 -5,404787 O6III
-6,274491 -7,323445 G2VI
-4,428486 13,559224 G4V
-5,632669 10,377563 M3I
26,452572 22,781494 G7I
-3,513141 12,658758 O3I
26,333736 21,765888 K8II
28,456753 23,241990 O2V
-6,344230 14,242983 M3I
22,056071 -8,739986 A4IV
-9,223271 -5,897029 O6II
-7,897214 13,065566 M6VI
-6,434978 -7,254059 O1II
-7,026978 14,065859 M5II
22,804646 -7,907359 O5I
-8,174517 -6,771333 G0II
-8,432798 -6,088777 A0VI
-4,218396 10,641215 B5VI
-12,529395 7,406585 B4VI
21,787527 -8,189104 K8I
-6,157123 14,545746 B8V
-4,701515 14,826765 G0IV
-13,819606 6,894616 B9V
28,305035 20,619587 G9I
27,053450 23,317781 O6I
22,138447 -5,791955 A7IV
23,167350 -7,528803 M8V
-8,552090 -5,323993 O0II
21,193623 -8,176754 G4V
28,221145 21,793305 K3II
21,844745 -7,056479 B1V
-8,882290 -3,390772 F5V
-13,327718 6,592421 G7VI
22,573090 -5,506572 O2V
-12,612344 5,739748 G1I
-7,414396 -5,071335 M1III
-7,066384 -3,344761 O7VI
22,665693 -5,062422 F8II
-12,529316 5,950311 A0III
30,561077 22,322949 F9IV
23,086445 -4,926432 G3V
-12,882399 7,481019 B5VI
-5,784942 11,048982 F3V
-11,913048 8,127577 F0VI
-5,947510 -4,994372 O0IV
29,374163 25,090280 O2IV
23,380681 -8,105883 G9III
-3,763757 10,974554 G8VI
20,019193 -5,881120 B7III
25,429865 23,532673 F9IV
-7,080562 10,714565 K9VI
-8,884097 -6,714741 F2I
-3,896607 12,270848 F0III
22,036751 -8,554346 O1VI
-13,868618 7,759086 G3VI
-8,244619 -6,523478 G9I
-2,926882 11,719345 O9I
19,724531 -7,790490 O8VI
21,752239 -5,117237 G6II
-5,277850 12,001531 F6II
22,097476 -7,107848 O6IV
-5,536297 10,844314 M8V
19,897674 -5,557421 G6II
-3,826589 13,516538 M1IV
23,700329 -8,323948 O0III
20,861799 -6,710906 M4III
23,118423 -4,920416 K7VI
-4,916646 -5,160181 F7VI
-6,109900 -4,911504 B1III
-3,825068 11,391459 O1III
-13,343366 9,351432 F0I
-5,702686 9,932162 K4I
-7,195174 -3,816231 K0V
-11,568291 8,993343 O6IV
19,927593 -8,094845 B1I
-13,941865 8,005366 G3V
28,196665 20,638992 K8I
-6,989895 13,861630 K3IV
28,397866 20,297536 A8VI
-3,865383 11,465349 G2VI
-7,110218 14,376451 A5VI
-13,175913 9,289665 K7IV
21,583252 -5,524995 M1IV
26,404323 23,661319 B6II
21,651973 -8,380427 M2III
-10,410071 9,252058 M0II
20,438744 -6,920565 G5I
27,862012 22,537985 A8V
-12,270974 7,597955 O9II
23,363319 -8,220358 O0VI
29,346080 23,036315 A7V
19,281502 -6,450911 K9III
28,021497 25,471176 K9V
-6,952800 -3,781774 O1IV
-10,144939 -5,640888 G7II
26,701529 24,711013 F1VI
-5,582788 -3,683241 B7III
19,559350 -7,496146 G7VI
-12,373417 7,919962 B0IV
-5,853633 13,138064 K8IV
30,062533 21,287639 G9I
19,711120 -8,072652 F9VI
-4,574642 9,954065 M0VI
20,198934 -7,398735 F2II
-14,259904 7,125056 M3IV
20,912959 -6,515171 O4III
19,812311 -5,859001 M7V
29,466824 21,217763 B9II
21,167501 -8,722598 K1I
-4,321381 13,644327 O3II
20,966228 -4,527136 A9I
29,596001 23,473787 G9IV
-7,563497 -6,450333 A4II
-5,090915 -4,828679 A3I
-7,324746 -5,323249 O7IV
29,764821 24,043918 B1I
21,046710 -7,758560 F7I
-7,231099 -7,333102 F5II
19,410101 -7,096778 A6I
-10,174401 8,778413 M9V
19,678049 -7,185153 G3III
21,673823 -4,857059 B8II
23,632891 -6,814014 G0I
-5,219749 14,446220 G5III
-10,072692 7,776844 A5IV
-5,739701 12,074806 O1III
-10,303046 6,127199 K4IV
20,799271 -8,514263 K1VI
-5,060703 11,578479 K4I
-7,732966 -7,493929 A6I
-3,589553 13,893304 B6III
-7,418671 -2,846143 O8III
-12,793518 7,596997 F9VI
-8,160515 -7,253188 B7II
-8,780089 -6,184320 B5III
26,852339 24,607196 O0VI
30,020242 23,504895 O9II
-6,733837 -2,995595 G6IV
-8,924217 -5,212580 A2VI
-7,621028 -5,525086 M7I
27,692694 21,904505 M1VI
29,666194 24,262290 F1V
26,538516 22,446569 A4VI
-14,186618 8,961291 K4II
-12,847304 6,623222 F1I
-7,258117 -5,576913 K9VI
20,830141 -5,826931 G1II
23,084678 -7,555415 M6IV
-4,390578 13,085003 F5I
26,188825 22,448015 M4III
-8,134654 -6,329125 A8III
-6,356598 11,353931 M1I
-7,815842 -4,540895 G1I
-11,609824 5,013771 K1VI
22,214995 -7,714330 M8V
-12,172679 5,555042 O3VI
-13,739095 5,236629 G6IV
-7,658521 11,498412 F9VI
21,680069 -4,545825 F3V
-6,348060 -7,313750 M0III
-5,005370 13,570055 A9II
23,687461 -7,254029 G5II
29,901757 21,738451 K6V
-12,819750 8,174015 O3VI
-11,855314 5,486528 O8II
28,657578 25,041919 A6III
-12,178113 9,877905 K7II
-3,210945 11,906777 B1V
-12,341076 7,003746 G9V
22,058164 -5,193901 O1II
28,267521 21,003916 A3II
29,366639 23,414017 M4V
24,323380 -7,052255 K1I
20,109924 -5,931134 B3VI
-5,311853 -4,861153 F4II
19,608530 -6,614982 B5IV
-7,208289 12,757990 A3III
-8,516507 -3,580779 B0III
19,930534 -7,195752 A8I
-9,901417 8,636856 M5IV
28,181303 21,496618 A6V
26,888630 22,122829 B7V
22,061100 -5,371547 K3V
27,069092 24,310064 F4IV
-3,527475 11,621455 F6V
-10,088597 7,937380 O2V
-4,364677 11,810474 B3I
27,197158 20,625168 G7IV
20,266568 -5,535323 K0II
-8,532789 -5,382254 A4I
-8,284362 -3,907999 B4V
-11,759766 9,819694 B7I
22,111104 -6,701574 K4IV
26,543830 20,891256 M8II
-8,274797 -4,021998 O1VI
-3,654725 12,472241 B4III
-4,272780 10,348900 B2IV
19,827828 -5,984121 G2VI
21,208401 -7,235034 B0III
-10,083027 7,170456 A8III
-5,742588 -6,850464 F6V
-13,255287 5,289203 K9I
-3,008548 13,209918 F1I
-9,668979 6,631425 A4I
22,391598 -7,241171 O1III
22,944898 -6,202946 B3III
20,486070 -8,838228 M7IV
29,166040 22,041766 K7III
-7,671205 -3,702540 F4I
20,373258 -5,550762 O9IV
28,797643 20,641335 G5III
27,658873 24,935178 A8I
-5,265875 -6,332344 F7II
-7,960509 -5,860301 G4IV
-7,095273 13,313552 K2IV
26,341833 22,954867 O8III
20,322140 -7,879822 A3IV
-12,055872 6,170770 F5III
-8,677413 -3,568473 O3III
21,084364 -7,519325 B0V
-6,627478 -7,381263 G2II
-8,377740 -7,522472 A1I
-14,199486 6,352494 K3II
26,072849 22,748823 M7V
-9,635642 6,560723 M1VI
-6,532147 -6,506813 O3III
19,130012 -7,040759 M4VI
-6,370890 10,697853 F2V
-14,873370 7,492462 M4III
-5,665995 10,767214 O3I
-6,503629 -7,613291 B8IV
23,876120 -5,877129 M2I
-6,157534 13,670655 B5III
-5,879243 -3,789932 A1VI
-14,097561 8,559709 F8V
-10,564594 8,328196 K3V
-6,918919 11,397724 B9III
-7,397331 -7,207474 K8V
29,273324 24,578936 M6IV
-3,292326 12,780110 F5III
-4,925422 13,512472 K0IV
26,267755 24,198988 B7IV
-7,650492 -7,505973 F3I
-7,974736 -6,349383 M1III
26,251510 20,908025 G3V
21,762574 -6,704674 G3IV
-6,296801 11,108834 O2I
21,159553 -8,393483 O2II
29,749538 24,679213 F1II
-6,867004 -3,467035 F5VI
20,729718 -5,713640 O2I
-10,423983 8,990637 M4III
-9,262845 -6,738020 K7II
27,642037 21,280512 O7IV
-9,372981 -4,352337 O4V
-14,312067 6,291554 F8I
21,355681 -5,564257 F9IV
23,635567 -8,679532 B8I
-6,488699 -4,474757 G5II
25,691574 22,877949 A3III
20,644762 -7,936098 B1IV
-14,518505 6,036113 M0V
-4,289724 13,224411 O0II
-14,370022 8,089752 F4I
-9,365124 -7,310833 M6VI
-13,300271 7,620756 B9II
26,900858 21,317281 G2II
-8,625610 -7,286666 O2VI
-8,366413 -4,854158 G8I
-11,478647 5,558748 F6VI
22,900812 -8,556877 M4V
23,918388 -7,960770 K3II
-6,590757 -6,862084 A3IV
-11,581920 8,017190 K0IV
-13,144818 9,621648 B5I
28,702516 21,137133 M4IV
-6,857802 12,700654 F0V
29,167860 23,223218 B1I
-9,046026 -6,009515 B2III
23,028358 -6,561497 G3IV
22,332436 -4,798583 K7III
-11,550009 9,426046 F6III
-9,987062 -5,544056 B5IV
28,874770 24,308148 M8IV
-8,031781 -3,710174 F8II
-10,559309 6,335998 M4II
29,864561 21,671943 B9III
-11,296290 7,013995 K1II
-10,741865 8,670905 A7V
-8,135746 -4,437138 G5VI
-7,117467 -6,487168 O6VI
20,101607 -7,193473 B3V
-7,319889 -5,953854 K5I
-12,507035 5,291287 B2V
-4,149459 10,273894 K2V
-12,290643 4,850083 B4II
-10,939570 8,704607 G7III
-6,041211 -6,450940 O9I
-8,754556 -3,423159 O2II
20,579135 -5,546732 B6I
29,192422 20,524429 G7II
28,327774 23,149453 O8IV
-7,365899 11,882123 G6II
-7,159194 12,926611 M3III
-8,172672 -7,428061 O8VI
-13,192150 9,409444 A8I
29,004339 20,397727 O5I
-6,188362 12,708264 B8III
22,040185 -6,140290 A7II
28,046054 24,877379 K7I
-5,909478 -3,584376 F8VI
20,672378 -7,201661 G3I
27,530166 22,053632 M5I
-8,913703 -5,161022 M8IV
-5,318235 -5,860278 O2VI
28,782718 21,665501 O3IV
-13,012303 8,895624 O4I
-11,984843 5,288746 A1II
26,473056 22,674277 A8III
28,401413 22,511776 F9IV
29,761488 22,258412 A9V
27,252355 21,863738 A9V
-10,415432 5,381499 G7VI
-13,910032 9,024921 F8I
-10,605215 8,812653 A0III
-6,381365 11,904928 M9I
-13,818578 6,999141 M5VI
26,938169 20,848954 B7IV
22,694078 -4,771238 A4V
23,071656 -8,657956 M9II
-7,628352 12,700679 A9II
-6,201377 11,570670 O8I
28,355807 21,570587 G1V
-13,866648 9,350217 B5IV
30,474455 23,280740 O0IV
23,611950 -8,487610 K1VI
22,809503 -7,410689 M5V
21,368993 -6,894513 O9V
-10,432261 5,579701 G7I
-7,980741 12,373637 O8III
-7,422040 -3,002355 O0I
-7,627954 -8,076207 F1V
25,674077 22,232435 F5I
30,124830 21,266882 G3V
-12,376044 4,703015 M4II
-3,945325 12,195537 K8V
-14,294889 8,828789 G7I
-4,796161 13,738710 B6III
-5,406461 12,202749 F9V
-5,105177 15,000566 G6III
-7,101261 -5,505515 A7III
-12,651784 9,707514 O9VI
-6,283205 -5,282122 M1V
-9,167241 -6,895970 K5IV
-3,446768 11,127783 O8II
22,510887 -6,157155 K0IV
24,349157 -7,642603 B1II
22,375565 -7,561893 A1VI
-14,802131 8,035402 F4IV
28,066195 21,396719 F5V
-13,045824 5,196603 B2VI
-6,616844 12,153916 O9VI
20,683350 -5,723495 K5I
21,028904 -8,343580 G3VI
-9,896323 -6,206031 A6VI
29,693419 24,789696 K2V
21,909540 -5,863952 K2V
21,430153 -6,249692 M3II
-7,298673 13,846734 B7III
-6,056780 -4,638189 A8IV
-9,112789 -5,809729 B1IV
23,239878 -7,469471 K5VI
-4,650465 13,768145 K2V
26,311789 23,913204 O3III
24,378458 -7,064161 G6VI
19,098499 -7,030147 G4VI
-13,003602 9,026235 B9I
19,908318 -6,345813 A3III
27,267341 25,047894 B7I
27,601442 20,444693 B5IV
-3,296592 14,213266 K8IV
21,875073 -8,827229 F0VI
21,530035 -6,981812 K1III
-9,322248 -6,694940 K1VI
-8,588917 -5,283409 B1II
-7,493559 -5,954296 K1IV
22,714477 -8,276050 K8VI
-14,562162 6,342967 O0VI
-7,715829 12,327611 F2IV
-3,696394 11,193737 K4IV
-8,095957 -6,316453 O0IV
-14,608949 7,703829 K6VI
-10,563236 7,383140 F6I
23,931792 -6,576721 M0IV
-7,192202 12,137358 O5V
25,915234 22,776667 M6V
-5,410150 -7,121780 G4IV
21,716363 -6,464715 O1II
-3,062407 12,617397 M5II
-14,354728 6,311405 K7III
19,420558 -5,754966 F3IV
25,513070 21,978840 A8III
-6,587448 12,773369 O7III
-6,973878 -5,655627 B8IV
-9,824621 7,635664 G4III
29,551122 21,004776 M7III
-8,563458 -4,994844 A4I
-7,450974 13,363772 M9V
-6,950940 -4,076708 K4I
-4,960822 -4,778447 G7III
-7,444761 12,612486 M2II
27,870574 21,102250 F5I
-7,002406 -3,381617 G3I
-7,772952 12,977198 G7V
-5,411949 9,996242 O5III
-3,885919 11,147912 B6VI
-12,042231 5,313525 K4I
23,796328 -5,971984 M5III
21,838797 -5,107742 B6V
-3,336956 14,211534 B0V
-9,309921 -3,542185 G5VI
-8,639809 -5,817398 K7V
22,327439 -5,574061 G8II
-5,650915 -4,515594 G7II
-5,260629 14,389003 G7IV
21,939048 -6,417738 O3IV
23,318911 -5,247846 A2II
-9,337582 -5,306372 M8VI
-11,091289 5,185431 O5III
26,208732 23,393888 K1I
20,200685 -7,503959 K1V
25,707687 22,534830 G5II
-13,963853 8,757299 F4III
-5,021918 12,800948 K6I
21,865254 -8,693067 G6VI
-11,153797 7,440983 G0IV
22,189488 -7,554723 F7II
21,191710 -6,697119 F7V
20,463892 -6,571230 G4III
22,422315 -5,301491 G2II
-6,775060 -3,288505 A3I
-7,719093 -7,167404 B4I
-9,987025 -5,855610 A0III
-4,319004 12,268963 M0II
-6,722558 -4,574205 A0II
-6,936795 -5,718814 G2II
-5,569240 11,436489 G5V
-7,203214 -4,349949 M0VI
21,237148 -7,729957 F6I
23,864234 -7,686196 M5III
-12,427947 7,363574 F6VI
27,436173 25,429781 A1V
-5,693403 -5,471786 K9VI
-9,871638 7,167373 M0II
-6,279593 -5,548972 B6III
-11,355739 7,907655 M8V
-5,902259 -4,247803 A3III
22,858142 -5,064057 F0I
21,611939 -7,518566 M1V
28,945447 23,389854 B7V
21,674640 -7,036994 G1IV
-5,239817 13,519166 K1VI
-12,952411 9,061493 A1III
28,542141 23,329432 F0III
-8,322680 -3,542448 G2III
-11,737048 6,048864 K2I
23,450852 -4,920626 B0I
-7,066901 14,508402 A3IV
-6,561801 12,288595 A2IV
23,874672 -5,962952 M8II
20,738748 -4,847215 M2I
27,065624 20,992136 B7I
-11,259585 9,233361 F1III
22,324453 -5,665867 F7III
-8,870087 -5,716960 A8II
-10,037393 7,584711 G6III
-10,565967 6,737140 F7III
28,225990 25,310607 F7III
28,106803 25,168955 O8II
-8,422296 -4,466905 M7III
-9,384515 -4,006402 F6I
24,326273 -6,980989 B2VI
-6,952656 12,725166 O5V
-5,485424 -5,386320 B8IV
-14,156975 6,179568 B8I
27,207074 21,837457 K9III
22,692775 -5,354724 F0V
28,113222 23,457318 A0V
-5,171649 14,931446 M6III
-13,267191 5,298281 O6V
-3,433049 14,291439 G8VI
21,275219 -6,130522 F7II
-10,081177 7,483231 M1II
-11,341657 8,030584 A7VI
-5,039484 11,997138 O4III
20,114491 -7,269340 A8V
-5,824345 10,654401 K7VI
-5,609364 11,969610 B7III
-10,080693 -5,041219 O2II
-10,599210 9,218276 O5VI
29,063515 22,533702 O5VI
29,557467 24,396570 O9III
-3,729767 13,041493 B5IV
-10,614261 5,972628 K6I
-7,007047 10,544244 B1V
-7,752683 12,873273 A2III
-7,663159 -6,801897 O5IV
19,268523 -5,990339 O5I
-13,750021 6,322264 F5I
-7,351039 11,151825 M3VI
-13,677202 6,467543 K3III
22,855954 -9,317772 B4V
-12,563198 9,471470 B8V
20,767832 -7,546454 K5III
-6,088118 12,902942 K3IV
-7,337252 -6,865151 A4II
-7,222529 -4,732693 O6II
19,822521 -7,793069 B7I
22,064259 -8,230128 G7III
-6,193524 13,067484 O8II
-13,838833 6,493950 M3VI
20,293351 -5,541007 B4I
-11,374406 9,913546 A9II
-5,646220 13,540421 M9V
-6,098827 14,594196 G8IV
-5,357450 14,378821 A0V
-5,694282 14,910607 G8III
20,097681 -6,122105 B0I
-7,177168 -7,104545 K5III
-7,812190 -3,041168 O4IV
29,398962 24,062079 G3III
20,695865 -6,791947 O0V
-7,230847 -3,922040 M0II
-6,047683 9,970510 M3I
-8,428287 -3,971588 M0III
-6,910315 12,566948 F9VI
-10,094833 5,812285 K0VI
-2,853001 12,870506 B2IV
-13,080190 5,305606 K7VI
19,855792 -8,587548 K7IV
-12,094616 9,396489 B7VI
-4,637502 13,321242 M6IV
-6,513581 12,133144 A0II
-7,195949 11,669181 B7V
-11,150901 9,494721 F3III
27,004466 20,473382 F4III
27,406399 24,815999 G1II
28,229770 23,942195 G3IV
-3,598000 10,993327 B4IV
19,993405 -6,155357 M8IV
-8,363880 -5,557467 B4II
-11,228951 6,093885 G8V
27,431535 22,696226 F2I
27,695628 25,445311 M7IV
20,268154 -6,897314 G0IV
-9,844656 -6,348798 O8IV
-6,015596 13,284976 B3II
-8,283515 -5,513454 K2II
22,397966 -9,351278 A4I
-10,008398 8,613424 O4VI
30,234587 23,438729 G2II
-4,356340 13,938892 A5I
20,242548 -5,506778 K8V
-12,183055 9,162313 K5III
-7,847681 -4,372182 A2VI
-12,902272 8,315141 A5VI
-12,088129 9,226587 G0IV
-4,712300 14,660435 F7VI
-14,667982 7,736232 B9III
-13,313907 7,575102 O5VI
25,780596 21,453030 A6II
20,913758 -7,839933 K9VI
-7,180162 10,839923 A6III
-7,505162 -6,750335 F2IV
21,023074 -5,379362 M2VI
-7,185088 -4,095488 K0I
-11,381874 9,318528 F4IV
27,113858 23,936548 B4IV
23,196455 -6,044799 M0I
21,180247 -4,907680 A0VI
-6,594774 13,731308 B6VI
-5,628644 13,058481 O5I
26,585378 24,992934 A4I
19,737053 -7,306391 G4VI
22,081138 -6,549186 F2IV
-13,708293 7,051478 B9V
-13,199132 5,567683 O1V
-4,566233 10,755204 A6I
-10,294967 9,233127 B1IV
-11,415392 5,251417 F1I
-4,167945 12,963701 G6V
22,008731 -4,329564 M4IV
-12,121061 8,112739 B7II
-6,517234 10,910055 B5IV
-7,317023 -7,687432 B0VI
30,712075 22,911767 A1VI
-3,807897 11,896190 K3V
-9,303632 -3,437901 O9III
-5,348791 11,777284 F0IV
-8,554716 -3,066301 F3III
-11,699973 6,579765 K2I
-7,418942 -3,408980 G4VI
-14,079700 9,262887 F3I
-14,110463 9,165506 K8IV
-6,360952 12,560260 B4V
26,282387 24,390025 K3I
20,891140 -5,775300 F6II
27,944114 23,413016 G0VI
-6,393674 14,557482 B2I
19,653961 -7,751256 O5II
-5,203518 14,296590 B4V
-6,426439 13,441000 F7III
-6,942315 -5,121069 F5III
-9,925523 8,669817 G8VI
-5,965029 -7,013239 G1IV
-4,603581 10,532691 K0VI
-7,608973 -4,972124 K6I
-5,943993 -6,494829 F2V
23,754288 -5,734441 B0VI
26,926436 22,025754 K6III
28,413489 23,127392 A3V
-5,557256 10,663266 A6II
-5,089710 -4,737484 K8II
-5,338588 14,477691 M2I
23,122858 -6,124879 M0VI
-3,121079 12,718240 O8V
-11,525694 9,312984 O3IV
-8,205329 -7,880035 A9II
-7,917478 -2,762252 K4I
21,513506 -6,958240 O6V
-7,055128 13,883157 F2II
23,149062 -8,461836 O9I
28,879525 22,410490 A3IV
22,572331 -8,144586 A6V
21,197851 -6,492335 G8III
-6,299212 14,576887 K7IV
26,931154 25,097442 O9VI
-8,177636 -4,222438 A9II
-13,643179 8,180163 M7III
22,268552 -4,409667 B9VI
29,497938 21,825751 F6V
-4,330697 10,607901 A7III
-6,819808 13,653823 K3II
-9,801550 -6,079184 K1VI
21,306474 -6,129519 K4I
29,548905 25,086267 B5III
-5,897097 12,820585 A1II
-7,412969 12,734175 A8V
-14,210321 8,792245 G4I
-12,882914 8,203486 M9IV
-7,244497 13,194203 G3VI
27,336968 24,423334 M6I
21,648599 -9,246012 G8I
20,556050 -4,791193 G3VI
21,261783 -5,533940 F2I
23,804898 -8,288984 M3IV
27,938546 24,708653 M6I
-4,611421 12,081327 B4V
-8,981410 -7,453496 B6II
-7,688004 -6,072451 G7VI
-9,798430 -5,778608 K4IV
-11,346249 4,962821 F1IV
23,291073 -7,165513 O5II
20,508741 -4,640741 O0I
-4,928967 10,095373 G4III
-7,411666 -4,938640 M8II
-12,434800 8,227959 M3II
-6,688991 12,602021 K7III
-5,827251 14,645536 F4V
-2,979119 13,125805 G9IV
-5,344817 12,626322 G6I
-11,993057 8,812541 B8VI
28,134495 20,198038 G3I
-4,261312 12,464225 B5V
20,024364 -8,808530 A4VI
21,149727 -9,222098 B9I
-8,174224 -7,274331 B0II
-3,862020 14,110113 G9I
-7,501873 11,451635 K2II
22,300856 -6,624472 A2II
30,626352 22,202442 K0III
-5,948990 12,297469 A9IV
-9,745424 -5,493548 O6II
19,468702 -5,796843 K3I
-9,101543 -5,918931 K1III
30,063256 22,001570 O4IV
-4,428211 10,309473 O7V
-6,869948 -6,574728 O2V
-3,370597 10,660147 A8III
-5,030170 -5,183438 B9I
-4,386395 14,786839 K7I
-3,348145 13,918129 K1V
21,016781 -7,422967 K1V
-5,404602 -6,744489 B5III
-12,166259 7,199246 G4II
23,414762 -8,749202 K8IV
21,763284 -7,518355 O3IV
-14,000919 8,790509 B4III
-12,915532 5,332362 O3V
-13,925538 9,168237 M4VI
25,537826 23,258150 F9III
29,730245 23,815994 F1IV
-9,980236 7,337633 A9V
-7,498407 -4,448684 B7II
21,857397 -9,160445 B7VI
-5,240754 -5,101649 F4I
29,804735 21,015129 O5I
-11,691489 7,998231 O3II
-11,952097 6,959672 K2III
-5,191957 12,461668 M0II
-8,330475 -4,999080 F1VI
22,535345 -7,338513 B4IV
29,099339 21,866822 A4I
23,215435 -8,256637 K7I
-12,421593 7,226826 K3IV
22,087698 -6,438262 M5I
-2,995102 13,757915 F8VI
21,417264 -8,219804 G1VI
-5,848321 -6,052924 O0VI
-3,951942 10,551618 B3II
23,097581 -7,609067 G2VI
26,005592 21,458175 B1III
21,804486 -5,064527 G2IV
25,921456 22,945092 F6II
-2,645396 12,584183 F6V
-8,681962 -5,408536 K7III
-7,948429 -6,750144 K7V
20,337876 -5,787054 O8III
29,088090 21,457874 K2I
-13,847976 8,703045 O3III
-4,303503 14,643330 G7VI
-7,392170 -6,729831 M0II
22,390306 -6,525612 O7III
27,090872 24,428828 G7II
29,473705 23,387185 G5II
29,421586 24,372752 O6III
28,668088 24,460029 B9III
-12,642234 8,816881 M4VI
26,102195 23,573059 G3III
21,660647 -6,143593 A9II
28,362228 21,366309 K0I
-11,381324 6,874320 F0III
-14,187710 7,300197 O0VI
-8,982386 -5,496176 K6VI
-7,046176 -7,746170 G4I
-12,100167 7,417204 M9II
20,497704 -7,147399 O6IV
30,659831 23,452140 A3VI
21,531102 -5,224565 M1II
-7,464563 -8,089856 O3II
22,521680 -4,826505 M1I
-10,781095 7,691770 O2IV
20,219005 -5,022919 A2II
-3,393083 14,214463 M1I
27,434758 21,273156 F4IV
21,682905 -9,606517 O4VI
19,743613 -8,535170 G1I
20,816009 -9,503495 M2IV
-4,377653 14,930320 A0IV
20,467282 -8,970475 F8III
27,855016 20,792689 A6II
21,851505 -6,793845 B9IV
20,852626 -7,073319 M2IV
-10,014832 8,302144 M1I
-3,377839 11,470763 A5VI
-9,311665 -5,730648 K6II
23,677709 -8,134617 G9III
26,702488 23,807286 M7IV
-11,637012 7,931784 K1V
-13,138561 8,016914 B8I
20,457964 -7,639709 O7I
-14,107124 8,712697 O3I
20,702839 -6,166966 G2V
-13,410630 6,148742 F1I
27,137575 23,059378 G7IV
21,055150 -5,417308 M0III
-9,687453 -6,633658 G3III
22,933085 -6,492911 B8II
-8,937924 -3,748986 K7III
21,980672 -9,504509 O8II
-8,044808 -5,580190 F8I
-6,985014 11,509230 O9IV
-12,693975 6,856497 M7V
30,283078 23,898579 O0VI
20,181080 -5,334144 G0III
-12,114283 9,603857 M7VI
21,213385 -7,318329 G8IV
-6,705406 -3,643324 M3II
29,039996 20,441152 A0II
20,975723 -7,297945 M3III
26,808912 21,897463 M3III
26,401109 21,426664 G5II
-13,681929 8,519599 K0II
-10,437880 7,429919 F7I
-8,065219 -5,346538 B0II
-6,053497 14,324727 A3V
27,720807 25,456847 B8IV
25,650610 23,795840 O2III
-6,172668 -7,393978 M2II
-9,927045 -5,272399 F2III
-12,328325 5,676519 B2V
25,798806 23,004152 B0VI
22,817798 -8,030805 O4III
-11,385705 9,487084 F2VI
21,039201 -8,399879 M9IV
20,420661 -6,987500 M8VI
-6,550143 -7,225125 G1I
26,529471 22,107446 B2II
-6,781165 13,741665 M1I
20,800006 -8,224171 A3V
21,985351 -4,843303 M8V
-4,570913 13,750426 F8VI
-9,968675 7,472926 G7VI
-3,790693 12,932349 A2VI
-9,193576 -4,503998 O8III
-5,365674 11,403477 A6I
-4,644293 14,112162 K1III
29,694436 23,650008 G2I
19,111703 -6,952876 M7V
24,392895 -7,529544 A0V
-7,492036 -3,201606 A0V
27,424263 20,337925 B1VI
28,613369 22,791315 M6VI
19,928778 -5,724003 M3VI
-5,772501 14,927493 K4III
21,443776 -6,566440 M8VI
19,904864 -7,911932 M0IV
-7,568601 12,432145 G9I
-6,368981 14,395898 G7IV
-4,490873 11,894796 F3III
-4,030123 13,100669 G4I
-7,879929 12,836538 K4IV
-6,201892 13,666677 O3IV
-5,740040 -6,482932 F7II
22,860174 -5,533143 F7VI
21,194760 -5,863370 B8VI
-6,657598 11,381413 O0III
-8,260205 -6,461018 K9II
19,622440 -8,266788 O2IV
23,065930 -7,027086 K9VI
20,760936 -6,467707 F9VI
21,120255 -7,899629 F8IV
20,391241 -5,542577 A1VI
28,419962 24,774175 K6IV
23,715499 -6,677988 K3II
-5,412655 14,282359 K7V
-11,799022 5,858251 M1V
-5,504047 10,172363 M2VI
19,765353 -8,204089 G5IV
-6,685504 -4,718946 B7III
26,163156 20,970974 G1IV
-5,811148 13,079342 G6VI
-14,108568 8,726265 B3III
-7,057823 -4,639842 K6IV
-13,841348 9,411884 K6IV
20,980127 -9,099338 M3III
-11,215220 9,412753 F2I
-10,112626 6,491517 O8V
-6,843909 14,421434 B8III
24,159077 -5,973763 K7V
-6,837483 -5,845217 A7I
-5,591090 11,480358 K8IV
28,068278 23,740612 K0III
23,630530 -5,640079 K0V
27,141878 24,330888 G5VI
26,634047 23,343258 K4VI
-12,253928 4,946604 K5IV
29,519106 25,015155 F9II
-5,113853 -6,347606 O8V
-8,912357 -6,850565 M2VI
28,511666 22,457939 K3II
28,688329 24,321801 F0I
22,071803 -8,124148 G5IV
27,388205 24,777025 B5IV
21,426744 -5,447781 B4VI
-10,017316 -5,770845 A3IV
-5,588825 13,158501 A2V
28,422974 24,327646 M2V
22,863089 -8,534288 K9II
-8,773036 -6,203528 O5I
-2,739993 13,090679 K4III
27,402340 22,870207 A1II
-5,916915 11,585036 K6III
24,124275 -6,116832 O9VI
25,577348 22,066872 A4III
-5,243634 12,868006 M6III
-11,575230 9,958826 B0V
-9,503352 7,450064 B1III
27,762424 25,400807 A9I
-12,659002 8,783533 M1V
23,150002 -5,185850 M2VI
-5,697021 9,926844 M4III
-12,806163 7,604347 A3VI
21,911743 -9,385371 B3V
27,360819 20,361943 F0II
-4,607247 12,686389 M6VI
-10,228330 7,135773 K1III
-5,634408 -7,266958 K1III
20,705770 -5,536226 K4IV
-3,874866 10,858868 O5I
-12,596301 5,260035 F9I
-14,013346 9,108198 O6IV
21,334880 -8,654918 M9II
23,842245 -6,491356 K7III
-10,183253 6,769079 A4II
28,084645 23,478384 O6VI
-11,186687 5,598165 K0V
-7,948982 12,401554 O1III
20,027183 -6,280470 K1III
22,226624 -8,413768 O6VI
20,209765 -6,007177 M3V
-12,833430 7,371896 M1I
28,245707 24,868931 M8I
-14,200043 7,293021 B3V
-4,122235 14,115282 K5I
-9,785923 -4,066551 G8VI
-6,641722 14,713953 A6VI
19,766679 -6,922091 F8VI
-11,926042 9,852252 A2V
-6,852868 12,989833 O3IV
27,133227 23,695434 A1VI
-11,813932 9,297681 B8VI
20,982277 -9,384885 B9II
-7,170817 -7,600252 A7V
-9,079938 -7,359710 K0VI
-4,933744 -5,289102 O7IV
-7,157193 10,873454 A1I
-8,491537 -2,974853 O6V
26,295655 24,839351 B0I
-14,225974 7,307668 K4IV
22,527435 -4,710983 B4I
-6,942583 -4,053518 F6III
-3,978352 11,117646 F7IV
21,286003 -4,855773 G4II
-5,641792 -4,231125 O2I
29,479105 25,117318 G7II
20,924356 -7,854410 B5IV
-12,098371 6,961441 K3II
-13,244931 6,721075 K0III
21,318514 -5,449439 B1V
23,448997 -8,572222 B1V
22,190217 -7,201078 O1VI
-14,208010 7,652556 A8III
-9,263723 -4,018153 M3IV
20,617448 -8,811428 F0I
28,837267 22,650900 F7VI
21,150782 -6,637710 F1VI
-6,046620 -6,943238 G6III
-4,951509 12,007196 B2VI
19,424675 -7,614116 B0VI
25,835647 24,179675 K0I
-12,286632 6,383738 B3I
-5,475505 12,576211 G9IV
-4,285138 11,772496 K7III
-5,724357 -6,703694 A0II
-5,064785 15,050487 O7II
-10,830517 7,804956 K6IV
-7,120427 12,404088 M3V
21,017947 -9,283057 G9I
20,553457 -8,045194 A3VI
30,119457 21,201071 O4II
22,383910 -5,762926 M4VI
20,418291 -5,146669 F6VI
-9,990691 -5,506045 F0I
28,173081 22,835651 G5II
-10,270809 5,520840 A7V
29,493272 22,078892 K1V
25,587122 22,412995 K8II
19,646569 -7,964825 G9III
-9,338294 -5,504696 F7II
29,071399 22,053979 G2I
-13,950253 9,280290 O3II
-12,077303 9,535352 F8III
-12,067011 5,157527 B4III
22,623884 -5,585200 B6V
-9,675748 -6,854422 F5IV
27,486301 23,953523 M4II
-4,676552 13,748052 K5V
-2,927170 13,492107 A5II
-4,363626 14,577758 A0V
-5,665947 14,019820 O7IV
22,103350 -7,505346 B3II
-9,049596 -6,645575 M7VI
20,832690 -7,404013 M2IV
-6,717774 11,853265 B9III
-13,057513 5,883626 B9V
-7,355001 -4,448514 B2V
-3,886355 14,277496 G4IV
-10,085076 8,111337 O9V
-7,870210 -8,030146 K2VI
22,281873 -5,168543 A3II
21,729468 -9,022092 G4VI
-8,720517 -3,842844 K4VI
23,952373 -7,146931 K1V
24,020659 -6,795414 G5I
-5,862635 9,941803 A8I
-6,128620 10,207627 A3II
-3,240049 12,809522 B3I
25,848643 23,701417 M0III
-14,145911 6,578319 B8II
23,320155 -5,180891 B1II
22,989345 -8,512454 G7VI
-14,709726 6,970950 M0I
-9,952112 6,987395 K4III
-5,233236 13,914841 O0IV
-11,388339 8,106837 O5IV
-13,972633 7,226088 M0IV
25,991822 23,266380 G5VI
-7,023808 12,237806 F9II
21,299851 -9,199665 A2III
28,522827 24,429188 B3IV
30,397596 22,909431 A6II
-5,852415 14,682616 F1II
20,911029 -5,445170 A6IV
25,983330 22,858424 K7III
-12,881220 9,073836 O1VI
26,615873 25,076624 O5I
29,845934 23,531657 K0III
-5,845237 10,596429 B1VI
-11,089574 9,197207 B5II
-3,829531 13,513766 K5I
23,994389 -6,270265 M5V
22,609976 -7,097044 G1VI
-7,648469 -5,066651 F8III
-5,889230 -5,186137 O2V
23,559633 -6,743105 G1I
-8,037222 -4,719427 O6VI
-6,052486 -5,901455 M0V
-9,348043 -5,426229 K7VI
-13,546399 9,579358 B1II
26,662223 24,700327 A2III
26,225527 23,300263 A2III
19,710495 -6,684175 B2I
-5,724373 12,408238 O1IV
-4,262716 11,574508 K8II
-6,249212 10,548096 B2II
-10,766879 5,329748 K6I
-5,474792 11,081437 G4I
27,786683 25,322832 A1VI
-5,463965 12,509689 F8II
19,210982 -6,511744 B2V
20,216848 -9,032085 M4I
-6,952029 -3,445436 M9II
29,613160 24,495252 K6IV
23,446906 -5,130202 B0IV
-6,437425 -3,253167 G6IV
-8,564397 -5,177200 M0I
-7,034911 12,546745 K3III
-8,557975 -4,960083 K5V
22,464209 -7,365188 F1III
-8,649999 -7,407947 G7VI
-5,381232 10,020158 K1V
21,288782 -7,157426 O7II
-6,215572 -6,654294 F0VI
-9,754820 6,240215 F2I
27,886848 20,909228 O3V
-8,527283 -6,198830 B6VI
29,563060 21,792858 B7II
-11,633685 6,303889 A6III
-5,731698 11,477883 K4II
27,763808 25,531004 F6IV
20,438983 -5,214938 M6III
-11,543759 7,535698 F9I
22,833495 -5,858858 K3IV
-5,830612 14,722982 M5I
22,904883 -5,549177 F4IV
-7,211830 -4,581188 M9V
-7,116887 13,219573 O3IV
-6,111583 14,813213 M9IV
-5,505365 -5,481950 K4II
23,253784 -7,735857 M4VI
-14,303797 6,128776 K5VI
-9,758108 -5,217469 B0III
-6,458419 13,795476 M3III
-14,712795 6,463484 G6III
27,054337 23,439617 B5IV
-11,177097 7,807627 F8III
-13,017981 7,154584 K5I
-5,558753 -5,650254 B8V
-8,046280 -7,660350 G3III
27,192979 22,299220 A2IV
-7,077629 -7,267428 A8I
27,335861 24,471607 A8III
-9,463134 -7,026501 F2II
-11,691236 7,927323 F5V
22,889366 -6,537607 F7II
-14,448893 6,153221 B1IV
-8,481974 -3,815893 A2IV
-4,281056 10,002894 A4III
22,914911 -6,817408 M7II
26,415462 22,369962 O9IV
-10,706426 8,537648 B2II
-2,648229 12,370718 K2III
-14,566530 6,816894 G5I
29,455402 22,694779 A7I
29,152783 24,477622 K6III
-7,222356 -6,978863 B9II
28,975401 24,171830 M2I
-3,137218 14,008524 F1I
19,140974 -7,141112 F2II
29,363410 23,096721 K9IV
21,748783 -7,893614 M3VI
22,749996 -4,745112 G4II
25,911067 22,230561 F2IV
25,859550 22,089563 F5I
21,391173 -9,335560 M8III
-5,778113 -5,203692 G4IV
27,788633 21,767903 B0II
-7,152084 11,847414 M8I
-4,259749 12,240812 A4III
-5,342133 12,746547 M4III
19,426929 -8,353061 A7VI
29,543698 20,660702 K1IV
29,049335 23,184736 K4III
-12,558788 8,622733 O3IV
22,638749 -6,403024 M0I
-8,162392 -5,039197 B0V
-3,071106 12,472837 O0IV
-4,379334 14,342586 G3III
-9,665402 6,920197 K2III
-13,179819 7,967296 B2V
-5,264552 10,336175 O5V
27,824080 24,496076 G2V
29,095486 21,089345 F8VI
21,070196 -8,077030 O1V
-11,516773 9,953091 O0IV
21,437898 -9,365498 M2II
25,531221 22,287496 O1I
21,512257 -4,325027 F7I
20,124273 -8,635450 A8II
19,918903 -6,248733 A8III
-3,271485 11,528890 M7V
22,134745 -5,902555 O7I
-7,163059 11,951931 B7IV
-12,127646 8,277077 O9I
28,269974 22,276406 F1III
19,940969 -6,073311 G9VI
-4,906875 -4,907521 B5V
22,241499 -5,333352 A5VI
21,912725 -9,365552 G5IV
-5,149499 14,677503 K8IV
29,000353 24,182467 G7I
-6,988324 14,143966 B3IV
30,660324 22,516673 M9III
-7,273483 13,933581 A2I
21,243890 -5,750236 O6IV
23,501883 -5,391042 B0III
-6,203602 -7,420077 K8III
-9,441850 -4,325517 F7IV
22,530746 -4,529932 K5III
28,099816 21,936109 F4I
30,130782 21,769591 K6IV
-4,750358 11,679229 M9I
26,182147 21,768458 K0I
-13,628665 6,105196 F0V
-5,568661 -7,222602 O9V
27,987688 24,217205 F8IV
29,670998 20,743842 G0III
-9,214661 -6,383454 O7II
-11,673332 7,966060 O3VI
22,620016 -4,780487 K2I
-12,079309 7,702910 O4VI
20,499482 -5,984310 K0IV
21,998545 -7,274316 G7V
-3,198870 12,703688 A7IV
29,192955 24,605239 G4VI
-7,372957 -2,809825 B0VI
23,921701 -6,916556 O9V
21,566523 -8,123447 G1II
22,344804 -5,089466 K1VI
-6,611769 10,308484 K0III
-6,333201 10,278405 F6III
-4,097742 14,719943 O1I
30,156440 23,417587 F9III
-4,419804 11,159704 F2IV
22,882782 -4,659167 A7I
-7,073991 -3,364386 O3II
21,583512 -5,371648 M1IV
28,860676 21,986711 A2II
22,735644 -5,008943 G0I
-4,004380 14,271027 G3I
-4,693770 11,255511 B2V
-6,118295 13,799782 F3IV
-11,044255 9,277099 G4IV
-4,344049 13,640662 A8VI
28,132009 22,516947 F3VI
20,576124 -5,869167 M9III
-9,486782 -5,135449 F6IV
-5,515444 -6,888424 O3III
-6,848465 -4,946798 B8VI
-11,816688 6,091191 K5VI
30,226900 22,052114 A7III
23,468729 -7,492260 O6V
-6,958300 -5,721421 F2III
-2,780543 13,013448 K9VI
20,256224 -5,025273 K9VI
-5,318615 10,711559 B4I
-11,594667 9,001167 K8II
28,170823 25,508534 K8V
28,099362 22,362302 F5V
-9,220950 -3,985343 M1III
-11,839954 6,478818 M8III
-11,805360 8,356611 G7III
19,550486 -6,080205 F4II
-12,534789 8,746922 M4III
-12,752455 6,209703 F2VI
-12,952077 4,929061 F1I
-11,545585 7,546664 O9III
23,400475 -7,833159 O7IV
-5,095933 -6,435428 M6VI
21,466745 -4,916161 M8VI
27,973217 20,276518 M4III
-6,180273 14,832295 O0V
-9,015163 -3,710984 B7II
-9,106144 -5,300916 B9V
-13,352706 5,737467 O9V
22,784622 -7,603482 B9VI
26,862725 23,580591 M7VI
27,330440 25,258207 O7II
28,376789 20,732228 M0IV
-5,037957 13,931486 O3I
26,602720 21,060764 A6I
-6,482429 10,333165 M9III
-7,679175 13,310402 K3V
-6,406329 -5,909820 A1V
-12,242471 8,085461 F1V
-13,341786 7,829368 M5I
23,396165 -5,142345 K5VI
28,395667 23,973916 G1VI
-12,779471 8,128603 K3III
-10,178685 5,689400 M2VI
28,220397 24,840153 A7III
-7,230118 -4,424978 A7V
26,404918 21,898623 G1VI
-2,936575 13,669571 A6VI
26,871522 24,158733 M4III
23,750386 -6,475458 A2VI
29,268194 23,133542 K6II
-6,531889 10,719499 O4V
26,773492 20,813523 G5II
-7,108912 -6,901918 G6VI
-12,101044 5,392932 A0III
-4,464833 14,494905 B8III
-5,842317 -5,892843 G8III
-4,783346 12,991764 F4III
26,719456 21,251036 K5V
23,319064 -5,640721 A0V
19,346560 -7,998772 K4IV
-13,301771 8,338822 B1II
-4,005664 12,974445 O7IV
21,418718 -5,743410 B9VI
19,204216 -7,730411 F1I
22,262165 -4,433633 B4I
19,909928 -5,404726 A2III
-7,928529 -5,553783 K7VI
29,053959 22,949370 O7IV
-5,378692 14,567775 B7III
-10,273659 6,401889 K8I
-5,020693 13,631840 K6III
28,449474 21,835146 A3II
-3,813502 11,812431 M4VI
19,537716 -6,460972 A3III
-6,033127 -3,437344 F2II
-7,049998 11,947986 F6III
-6,889294 13,246455 M7V
20,450998 -7,948052 B9VI
28,034286 25,494336 G7VI
30,180766 21,428442 O2I
-2,635554 12,385206 F0III
-10,690322 7,471307 M4III
-3,594764 12,137326 A7II
29,778586 22,079600 B0IV
28,609377 24,687284 O1III
-7,466957 -2,739137 M0II
-8,558981 -6,691145 A5III
-11,392665 8,843340 B1II
-10,611150 9,404887 B1V
-6,126311 -5,898175 B4V
-7,259859 -5,072813 M5V
-4,835160 13,516243 B4I
-11,443891 5,506728 B8I
-5,631170 11,455405 A3III
22,908386 -5,261840 B5III
-13,897880 8,980713 B2V
22,434066 -4,919452 B3I
-5,228038 13,575620 K8III
-5,976320 12,422645 G2V
-7,854308 -6,196180 B0VI
-7,121239 10,585393 A2V
-11,609507 5,586088 M1I
29,720854 21,715865 M1IV
-6,046311 14,581774 A6VI
20,665486 -8,729058 O9III
22,654220 -4,628166 K6III
-12,196954 7,894537 M5IV
-9,346244 -5,561165 B3II
-11,272296 9,667485 K9II
-12,583686 9,940672 O1V
28,672325 23,847302 F1III
-10,973072 7,644755 B8I
-8,394433 -4,788589 O4I
-13,278463 5,854678 G4IV
-3,842955 11,973034 A6II
21,580239 -5,252806 F7III
21,492272 -8,649251 M3III
-6,874342 11,846595 B7II
-13,868734 6,769103 K2IV
23,805937 -8,317360 G7IV
28,687833 23,946519 A2V
28,825630 21,588821 O6II
27,520508 22,070531 B9VI
-4,639001 14,193267 M0IV
22,473038 -7,327761 F2III
-7,659876 12,023499 F5I
27,978209 25,353421 O8VI
-11,144653 7,794154 K9VI
27,460002 23,859239 O3III
-7,013266 13,101259 M5III
23,873555 -8,132475 A6II
20,796830 -6,563741 O0IV
-6,586975 -3,443734 G7II
26,681798 22,475804 B9III
-10,702095 9,424147 M3I
-3,000500 11,278079 A7I
26,453739 24,585112 F8II
-8,536662 -5,486246 B4II
-9,262527 -5,057206 F3III
-8,693593 -3,617965 G1III
28,057212 22,013300 G5III
-9,938490 -4,979655 O7II
19,572195 -5,922795 O2IV
-6,741032 13,665223 O1III
-6,003165 -6,998560 M3I
-4,963132 12,722853 B8V
-7,864718 -2,973340 M3V
-4,090918 11,427125 K8II
-13,488259 5,769423 A6III
-4,672082 14,980925 B7I
-7,135613 11,333724 B2II
19,480263 -5,842886 A3IV
-5,961814 -6,332913 O5II
-7,932597 -5,011817 K8II
-2,771118 11,679774 G4IV
21,040651 -5,915282 B5I
-14,738353 7,158766 G4VI
-9,045365 -7,179940 M3V
-11,493765 6,098905 K3IV
-5,892914 15,096057 K9II
-8,726630 -7,382612 F9IV
28,168453 22,372808 F5IV
-3,965589 14,678193 K0III
25,944405 23,005409 A3V
-6,307555 -7,210673 B3II
23,383772 -5,443706 F7I
29,950836 21,894797 F0IV
-8,176663 -5,754477 F0IV
22,087972 -8,401610 B3II
29,299775 22,031902 G1II
28,892888 25,297461 M0III
-8,916940 -3,743809 M9II
-8,091365 -4,259181 G2III
29,541828 24,369750 F6III
26,493432 20,754127 G8I
-9,109293 -7,360796 K8V
-6,601926 13,881577 M1V
-12,311100 6,512420 F3III
-12,316778 8,840617 K1II
20,762048 -7,406484 B1III
-7,550560 12,777246 B7I
-12,540033 6,261284 M9VI
-9,484345 -5,357525 K7I
-7,967128 -3,480210 F6VI
24,077291 -5,738566 B2I
-13,537716 8,747195 O2V
-6,810566 14,282102 G8III
-2,952651 13,554368 B1I
27,945366 22,137279 F2VI
-5,498501 11,609286 G5I
29,338077 21,748969 B6II
27,833870 21,562384 K8II
23,223271 -7,896700 G1I
28,493872 22,750651 F2VI
22,557896 -8,923114 F0IV
-9,013961 -4,590506 F5V
20,517069 -7,454471 B6III
-5,546031 -6,186151 B0III
-12,913153 9,171147 M4II
-5,241139 14,075834 F0VI
22,679201 -4,598358 G3V
26,398342 21,774250 G8I
-7,852656 -4,496981 M9VI
-12,423675 5,755826 A9II
26,854575 24,147361 F2VI
-7,636605 11,741257 F1VI
-7,848217 -7,478538 F9V
23,761612 -6,674158 B1VI
20,491826 -5,334401 G7IV
-8,502595 -6,365244 A1I
-4,923038 10,082871 O9I
25,929590 23,091040 A6VI
-13,257421 7,131057 F9VI
-4,013896 14,780364 O7I
26,322362 23,028211 K2V
-10,700558 8,934849 G7I
21,093020 -8,949206 M1IV
23,329915 -5,187178 F7II
22,130092 -5,086504 M8VI
-8,712235 -7,802569 O4V
-9,016126 -4,421339 F9VI
-13,784007 8,882980 K8III
-5,765115 -3,909550 F5II
-3,791333 10,873759 F7V
-5,576455 14,360400 F4I
-7,712371 -6,959343 F3IV
22,530706 -7,842758 B1VI
27,674279 21,302226 B0VI
19,443890 -7,427793 O1III
21,032023 -7,859774 K6IV
29,153381 22,354032 G0IV
-7,617010 -4,188256 A1IV
-4,033362 11,013349 B3IV
-11,390064 5,044231 G6IV
-6,690960 -6,334468 M4I
-14,337366 8,669884 O1III
-13,619054 5,527547 M7II
-2,933371 11,631305 K5I
21,719533 -9,069511 G5I
-5,420839 -6,826587 F4V
28,910563 24,875557 O7III
-7,414449 11,668643 K6III
-5,866417 14,961488 A4V
-5,158124 10,622078 O7II
29,938474 21,107790 M9VI
20,149019 -6,752043 M9VI
-13,341694 8,992291 A0VI
26,246708 22,892468 M5I
-14,353520 6,867350 K2II
-11,617746 8,532888 B6I
27,459839 20,497127 K1IV
-6,112785 11,454375 G8III
22,779279 -9,500967 A7V
23,192219 -7,923437 O9I
27,347075 21,000440 M7IV
22,029184 -4,767920 M2VI
20,090022 -5,458889 F4III
27,252656 21,719412 A5III
26,603253 25,121979 B0IV
29,105465 25,209490 B8V
26,835194 24,869312 G4III
27,861555 23,482783 M5VI
-3,212691 10,948826 O9IV
23,626079 -7,354712 F2VI
-10,049734 -5,901741 O2II
28,429796 23,892354 A0V
-10,213504 5,801069 B3V
28,333519 20,559161 K4V
-6,144722 -5,022444 M2IV
-6,499638 -6,186691 O5IV
-12,673446 6,794273 M6I
-7,151173 -3,096688 F5VI
-9,039069 -3,890793 O0V
-9,863063 -5,718363 M1IV
-4,410750 12,222688 O6III
-5,298331 13,682869 B7IV
-3,603186 11,401531 F1III
-5,217406 15,148792 O7V
-5,261041 12,750582 A6I
28,637899 21,973236 K8IV
-7,729499 12,998534 G9IV
21,639685 -9,634969 B2II
23,257116 -9,085522 A1VI
-5,481573 -3,650761 K9VI
20,816620 -5,387886 B6IV
-7,112731 10,872432 F3VI
-7,227236 11,891422 A1VI
21,113538 -4,710980 K4I
-13,525549 5,526372 K3IV
-3,696530 14,160141 K1I
22,598547 -7,430619 B3II
29,217849 21,194517 M7III
23,488841 -8,067602 B8I
-11,799825 9,244417 B6VI
-3,515866 10,705548 M5III
-11,771493 5,340301 O2IV
25,744910 23,827728 F0IV
-5,934433 12,615521 A9VI
-7,773726 -3,658380 B1IV
28,562951 22,125434 G5I
-6,837964 10,582249 G4III
-5,671047 -5,368243 K0IV
-6,123127 -5,272834 F0I
-14,417624 7,161323 K0V
29,708253 21,861692 A3IV
20,795097 -7,153499 A5VI
-6,776380 -5,201076 O7IV
22,074963 -6,607904 G9IV
21,138151 -4,509172 F7I
-8,170964 -6,463504 M9II
25,812246 23,322145 K1I
-14,076119 7,465122 G3I
20,076473 -5,914050 B5VI
-3,879627 10,414669 O9VI
-10,266783 7,326975 F2I
-5,333253 -5,583688 F3I
-7,853655 11,624061 M3IV
19,424691 -5,702051 K2III
-12,354404 5,738326 O2V
24,133137 -7,403198 A3II
-7,816023 12,851491 O6III
-11,596859 6,177034 B6III
19,901262 -5,190106 K9III
23,626567 -6,291183 O1III
23,486131 -5,765600 K9VI
-6,485743 -3,841592 K8I
26,135954 21,266883 B1III
-11,416336 7,469426 B0V
23,475968 -5,711259 O4I
-8,313869 -4,861517 G4IV
28,587712 22,959012 F9V
20,641368 -8,285455 B1VI
-10,045809 8,901646 K3I
-6,158350 -7,059795 B6I
-2,815035 12,481108 G6III
-13,250761 4,981319 G3II
-9,691058 6,768343 O8V
-5,119929 -5,410249 G8VI
24,309141 -7,678100 O2VI
-3,808335 11,061208 M9III
-9,968786 7,214959 M8IV
-3,354563 11,574666 B2II
27,671223 23,070593 F9VI
-8,657699 -6,519615 G5II
-9,444514 -4,603369 A4II
-5,725467 -6,122203 G7III
22,684725 -7,866812 G8V
19,643568 -6,212553 M7I
19,299068 -6,870539 M7II
-5,797163 -3,583151 M4IV
-4,480615 12,180744 F4V
-6,586309 -3,109420 K4II
-6,033553 -6,532800 A2I
22,621223 -6,938389 A0III
-6,366793 14,085822 O7III
-10,401473 8,354934 G1II
-13,448693 6,057936 M1V
29,416579 24,836221 B6II
29,447818 24,526339 F2IV
29,835926 23,578100 A5VI
-4,899639 14,461113 F5II
-9,294481 -5,026759 G5I
-6,775212 -6,296390 O1II
25,956880 24,474898 M5II
-5,034182 12,145439 F4II
30,342365 22,465751 G2III
-8,837309 -4,682477 G6I
-14,231665 8,388094 B1V
-5,809606 -7,072855 G4IV
-9,867778 6,449638 A6II
-7,249072 -3,686464 G7VI
-3,124567 13,776732 K7III
-4,228056 14,752335 F3V
-11,988586 9,820981 B3VI
-5,185974 14,930234 G9II
27,423641 24,639009 G5V
-8,856311 -6,426328 M1VI
22,661515 -9,311959 O3IV
27,263459 21,813988 B4VI
-13,301716 4,944309 G5II
20,163270 -5,992777 K9I
22,041801 -9,295034 M7V
29,949254 22,441380 M2VI
-8,869954 -3,593249 G4I
-5,952795 13,363573 K1I
26,921469 22,258921 O6III
22,883221 -6,644118 F4II
22,827813 -6,698305 M7IV
-13,336783 9,651340 B8I
28,665297 24,410592 M9I
-5,301145 10,027745 K1III
19,553156 -8,551785 O2V
-8,088665 -7,373240 A9II
27,279971 21,094952 F7II
21,112942 -9,243853 G9IV
-7,868773 -4,689500 M4V
23,026448 -5,475851 F1VI
27,253890 25,354197 B3V
-7,531407 11,084168 F6I
24,043306 -7,175887 K2IV
-6,654795 11,513525 F4I
28,665320 20,792831 M6III
21,233950 -5,079046 K9I
25,411531 22,696691 F2V
22,502960 -4,978301 O8I
-9,147902 -6,110542 M1II
22,027237 -8,213525 B3I
-6,592221 -5,589194 G2V
23,011854 -5,862355 O7VI
-12,586821 9,677057 G6III
-6,590461 -5,694616 B8IV
29,514701 23,432484 B7I
-6,992040 12,764121 K8VI
21,215034 -7,823749 M9II
-5,302707 13,053782 O5I
-6,375524 12,165396 F8III
29,210702 21,632674 K5III
-7,784010 11,497506 A4VI
21,643397 -7,371125 B7I
29,415394 24,243546 O9VI
-13,039378 7,982910 F3I
-9,258332 -4,198612 O0IV
25,845026 21,844559 B9I
26,539346 22,479171 M3V
-5,559858 12,710193 A8III
-11,695764 5,301256 F7III
21,201276 -7,602377 K3I
-7,231628 -3,815496 K9VI
-6,457970 13,386005 A7IV
-13,899499 6,338199 G1III
-7,792857 -3,616094 O7III
-12,722607 7,108609 F0V
22,659439 -5,111715 G9IV
-7,230097 -3,275822 M4I
-7,112945 -4,841846 G3VI
-9,426689 -5,359190 O3VI
-3,530135 13,509500 B5IV
-3,747990 14,092361 O0I
-6,325651 -3,425816 G8V
-10,303408 6,754011 A5II
-5,244241 -6,303224 O8IV
-5,701243 -3,548353 K0V
-9,794456 -6,374345 K8VI
-6,048920 14,992001 B0II
27,505665 20,813623 M4I
28,537402 20,968442 K6I
22,263545 -7,797094 O5V
28,365419 25,022395 M0V
-14,490286 8,467012 A3V
22,497462 -8,650789 M9IV
22,132070 -7,480895 B7VI
20,012293 -8,920763 K0III
21,234563 -7,076586 O0II
-13,052728 6,172137 F6VI
27,131303 21,565619 O3IV
-7,502856 11,716828 F4I
27,292663 25,233279 K6I
-5,269318 13,153337 K3V
30,340390 22,804426 O8III
-5,918168 -3,529434 B6II
-4,358446 12,561754 F1I
-5,633770 -4,972572 A7I
-6,330592 13,435591 O7IV
29,214803 23,517371 M4IV
30,059010 22,123299 K2I
-8,842066 -7,171827 K0III
-13,402444 9,692941 B8VI
-5,895597 -7,360100 B7IV
27,581056 20,440059 A8V
-4,261332 12,179465 B3V
-6,329102 10,527919 O8I
27,407267 21,579589 K6V
-9,044280 -6,776552 A8V
22,342215 -9,085022 K7V
-5,167555 10,721757 A5III
22,409642 -6,948394 B8V
-7,495662 -4,905477 O7V
20,368506 -5,024757 K1III
30,533887 22,179459 K3I
28,973526 21,965355 M1III
21,069944 -4,403531 O6III
-6,660098 -6,464396 F8II
-6,956932 13,968451 B8I
-6,253852 10,142939 O4IV
-13,641975 5,854327 G3V
-5,606689 -6,083040 M6VI
-7,160642 12,576273 K2I
-10,606390 5,544682 K0I
-12,554590 6,868775 O3IV
-5,450870 11,085450 A3III
20,496203 -7,937722 K0VI
28,252615 24,185387 B9IV
-4,406361 13,926168 O6V
-5,613630 -4,989459 F6V
20,611913 -7,468961 B9V
20,674036 -8,893407 O5III
-13,386737 6,939795 F1V
-3,660489 12,455213 G2IV
22,476023 -7,926641 M5V
-4,935992 -5,478670 F6I
27,322340 25,405900 A5IV
19,888626 -5,412504 G7V
-9,129837 -6,044348 K8VI
-3,162931 12,871242 B3V
-14,006267 7,651468 B9II
-12,051249 4,942301 O2V
-7,582482 -6,680511 M9III
-5,872843 15,022122 A3IV
-5,187057 14,285690 O2II
-6,351879 12,478944 A7V
29,179690 24,220818 M7III
-11,707457 8,962365 B8V
-14,156041 6,899493 F1V
-11,872221 8,546880 F4III
-14,213072 8,081483 K0II
28,336714 22,993679 F7I
-4,147708 12,825844 F1I
-8,489987 -4,840650 A2II
-7,137991 -7,291537 F5VI
-5,999891 14,441961 M6VI
-8,561555 -6,881895 O1IV
-7,631816 -7,916373 O1I
22,854462 -8,531140 F4IV
-10,423488 7,724493 B2I
-11,223683 7,526630 M0VI
26,458046 22,969492 M3IV
20,964277 -6,539068 G7VI
-14,005572 5,413025 G5V
22,015147 -7,477545 A7III
-12,972890 6,374648 G6III
-7,789874 -6,821615 O1VI
23,994149 -7,537813 B5I
30,428588 22,122677 A3I
-10,648245 7,418813 M6VI
-8,186591 -6,248195 B7V
22,960098 -4,982987 M3IV
21,984568 -7,292529 K0III
21,854786 -6,805462 O8III
22,406912 -4,870941 B7IV
-12,841544 7,757231 M5V
-10,172420 6,345212 F4V
-9,950586 6,083813 M3VI
-12,558675 9,374566 G4II
21,234188 -5,133893 K3III
29,677158 22,853685 O4V
-11,702385 8,024046 B6II
-5,691510 10,601034 O2III
26,117106 22,616729 G4V
-11,170805 6,085522 B8III
27,623694 22,295654 G0I
-6,470305 -5,146733 G5V
-5,756482 -4,099588 F6II
-12,706644 6,296950 M1I
-5,937965 13,503994 A1V
-9,697840 8,169783 F2II
26,997476 23,703117 K9I
-12,020224 6,987882 K6III
-12,358377 7,588419 G3V
-5,471865 12,590729 B1V
-4,883182 14,020531 K9II
-13,113617 6,720600 B0IV
-6,551672 11,031246 M6IV
-7,458021 -4,768111 B4IV
-5,757279 10,735492 B3III
-13,463335 7,690088 K8II
-8,599991 -6,779630 K1I
-5,160190 -6,186446 B4IV
-11,782053 5,214275 A3V
19,978384 -7,087698 B7I
27,475282 20,545086 O3IV
-8,395853 -5,497844 F1V
22,907582 -5,632566 B9II
22,955498 -7,736403 M1I
-7,208062 12,111339 M3I
23,028169 -6,479122 O4II
-5,195835 -6,412307 O3III
-7,329442 11,380519 A4V
-3,747551 14,575851 F0I
-8,174266 -6,687236 O2I
27,541864 23,987515 K4III
-4,490445 11,871609 O6II
-13,820901 9,155351 K0I
28,638906 21,905616 F1I
21,413863 -8,161614 K3III
-6,113901 -6,583813 A2VI
-2,965923 11,783623 B8IV
19,341910 -7,844331 O2V
28,157917 21,405726 O8I
-12,944846 7,304862 G3VI
-8,508592 -6,276949 K0IV
-7,615662 -7,378190 F9V
-4,278730 10,883404 O4I
23,155682 -8,626271 M5I
-4,696708 11,049887 K7IV
-5,922574 -4,588077 G4I
-8,711834 -5,039278 F3VI
-7,024320 -5,168466 A0II
-13,461011 8,056900 K1IV
27,607425 22,874820 O6V
-3,455856 13,204093 G0II
-5,125459 14,927841 B7V
-13,623387 7,682447 K1V
-7,412427 -7,118286 G8III
-10,677935 6,285152 K8IV
-3,561606 12,717199 B0IV
27,169827 22,797349 B0V
-9,667852 -4,764529 B6IV
28,302774 23,419485 B2III
-8,406093 -6,325163 A5II
-11,972442 7,948923 O9III
22,422401 -8,319041 B1I
20,370598 -5,483758 A2II
22,973345 -4,743389 O6II
20,713333 -7,664923 K0III
-8,406000 -4,033248 O2IV
-11,567921 9,380279 G6V
-8,711292 -3,135488 K0I
-3,343435 14,088793 O4VI
-8,715692 -7,281866 B8I
26,644843 25,091707 A4IV
-7,493150 11,295248 G9III
-13,294832 6,019010 G5VI
-10,021423 -5,310039 G6II
27,496994 23,922580 A0II
-9,542263 -5,514186 G7III
-3,597810 14,338644 A5II
-6,770458 11,055367 A7IV
26,296638 23,542385 A6I
24,254614 -6,217706 F9IV
-5,967139 12,545190 F2IV
-6,178350 11,901461 O3IV
21,493159 -8,528336 O6I
-6,590801 -4,667023 A2V
-7,962974 -4,436888 F0IV
-14,244623 6,880464 M6III
28,871909 24,791182 B2I
20,289028 -7,819599 A6IV
-4,008630 14,677512 B2III
27,189461 21,016317 B0VI
22,473552 -8,203609 M7IV
-10,408261 6,188214 F9V
22,591207 -5,625468 M9V
-3,304304 14,217901 F5II
30,680379 22,926287 F1III
29,277084 21,449341 A3VI
-13,015900 6,022770 O8IV
-5,509761 9,969418 M3I
27,561329 21,843485 B5IV
25,653336 23,378294 M8III
22,262462 -7,485489 K6II
-11,631236 7,251109 G5II
-7,422579 12,065632 B9VI
-6,025308 -4,057480 A8IV
-12,072826 9,784805 O5V
21,229028 -4,797078 A4III
22,216440 -8,464702 F8II
28,399034 22,715091 F5V
28,327285 22,842619 O4I
29,180296 23,712388 G8III
26,356941 22,228484 M3IV
-12,110862 8,701795 A2II
19,568005 -6,976549 F6VI
-8,316030 -7,421290 K0V
-8,000190 -3,055148 B0V
27,735033 22,157900 G4V
19,937373 -7,281430 A3VI
-3,340167 13,793094 A7VI
20,006401 -6,009572 B9I
30,328099 23,884342 M1I
-3,122915 12,559226 M5I
-4,350972 10,513141 F8IV
-3,619920 12,852914 G7I
-13,262343 8,727553 A0III
-5,586793 -4,558087 B3IV
27,235182 25,285980 O6III
-4,962149 12,567850 F2III
20,650077 -6,774074 K5VI
-9,591971 -3,792242 K4IV
-10,020858 6,042697 A4V
-11,923371 8,952963 M8V
-11,018807 6,072440 G1I
-9,072494 -3,939675 K3I
25,875530 24,203891 F7II
24,323636 -6,972743 O8III
26,033187 23,719901 O3III
23,561969 -8,313314 B9VI
-3,623675 11,019818 F0IV
-5,307264 12,780243 G3I
-5,327227 -4,356142 A4VI
19,849933 -5,266229 A7IV
-4,873945 14,999494 G9III
-7,728811 11,776317 F1VI
-8,206386 -7,562859 K0IV
-5,509649 12,615908 G5I
-8,156175 -3,100334 K5II
28,203867 21,940526 F9V
21,112015 -8,958293 F1II
20,523989 -7,329776 G2IV
29,494763 22,247134 G3III
-4,008048 14,225137 K6VI
27,500620 20,625819 M6V
27,799118 20,380342 K2III
-7,005806 -3,979731 B3I
-13,195750 5,625268 F1V
28,067508 21,957157 K4III
-4,615758 12,881331 K4III
-9,871975 7,686815 G5II
25,844732 24,260842 F2II
-2,943514 12,402054 B9III
-11,010843 9,553969 F8I
-4,176027 11,714063 G5IV
28,814463 21,548172 M6III
29,210564 21,468004 B8V
-5,258014 13,902423 F8V
-6,578233 -6,139994 G9V
20,595294 -7,730941 M7II
-13,643907 9,501767 A8II
-9,457032 -4,811062 O5III
-7,705952 -4,882906 A9VI
-10,965190 8,641894 F4IV
-4,571769 11,472924 M6I
26,842555 23,066879 K6III
22,640964 -6,234577 K7IV
20,598968 -5,687037 M1IV
-5,149288 -6,207495 A4I
-7,504285 -6,666451 F5V
30,237967 22,675300 G4V
-12,378130 5,272552 K5IV
-5,488291 -6,526272 O4IV
-6,877101 14,191111 K6VI
-5,032392 -5,198754 K9IV
-10,527064 5,853216 G6II
-7,257121 12,418917 G9IV
-7,377766 13,801307 F5V
28,302870 25,208917 A5V
-14,271622 6,940600 B5III
-11,425065 5,187385 A8V
21,872019 -5,333574 M1VI
-8,437113 -7,171427 O2VI
28,361089 22,837877 M4I
-13,787956 6,209301 A6VI
-7,021892 11,228109 M9II
-11,485210 9,651151 F9IV
26,347042 21,589976 F9VI
-4,353760 13,942148 A1IV
21,671635 -5,017122 F7I
23,231404 -7,848004 O0II
23,065729 -6,852454 F5II
-6,487106 11,769892 K9IV
27,702950 21,129282 A8VI
-7,355973 11,178122 O2I
-6,381594 12,637232 F8IV
-4,906591 -5,902020 K8III
-13,457887 5,050022 O9IV
-6,356446 11,641931 B7II
27,176760 21,314955 B9II
-11,068680 6,857590 K1I
-7,565216 11,807361 A4V
-11,776795 8,909002 B2V
-6,169286 11,290329 G4VI
21,568085 -9,488219 K2VI
-7,302379 -7,392108 K6II
-6,608855 -4,990515 A6I
27,888846 22,879630 K2I
26,998892 21,857265 B1II
-10,990068 9,444502 M1II
27,955682 24,824137 B6I
-5,655153 10,293096 A6II
-6,729048 -6,348756 B3VI
-8,600177 -4,952046 O4I
28,005349 21,917842 M9IV
-12,655356 8,254856 O0I
23,815137 -8,110745 O7VI
-12,611193 5,525495 O8I
28,104023 25,428533 F5VI
-6,705423 12,273477 B2II
-7,173880 13,396397 A6III
-5,852842 10,402408 B3II
23,079454 -5,194228 O6IV
-6,050483 11,055218 M7II
-8,546973 -4,040214 F8VI
-12,493452 7,579327 K1II
20,363648 -5,385722 A0I
-5,897846 11,960462 M8V
23,423966 -7,070051 M6V
-5,185978 -6,074404 K9II
-5,956287 13,155796 F2I
-7,360472 11,401393 B9IV
-8,361072 -4,020263 B4V
-12,937177 6,611445 B7IV
-6,925273 13,823389 A8VI
-8,237501 -5,666382 G7III
-6,810906 -7,502311 K3III
-2,823992 13,228014 B2IV
21,463992 -8,397342 A5V
28,472368 22,120406 G8III
-5,906247 -5,323378 M6III
-5,372149 -4,416482 F9V
-3,437321 13,911199 A1I
28,201643 20,977306 K7II
20,497724 -6,830270 B5III
-14,514328 6,807046 A7I
26,225290 22,118900 K6VI
24,019763 -7,199805 M3IV
-4,340429 13,273722 G6III
-6,786540 12,794270 B9VI
21,491347 -4,567670 A5IV
-7,480805 -3,623604 O6V
-11,633463 7,871688 F7V
-12,255615 9,232805 F1I
-6,148748 13,486643 M0I
-12,437055 7,900456 K4V
23,998700 -7,940231 O9I
28,404089 25,329517 F2V
-9,860619 8,092933 F5V
23,578984 -8,748708 O5III
-8,430538 -5,994458 G1III
-6,022962 -4,250951 A4III
29,347224 22,737493 B0I
-6,816798 13,194296 F5IV
22,246615 -5,222806 K9I
23,216110 -7,013831 A6II
22,338227 -8,591015 B9II
-3,415145 12,916377 B9I
27,849759 20,205945 A3II
23,796161 -8,000379 M3III
-6,405235 14,720165 F4VI
-6,495022 -6,770655 G4III
-9,418889 -4,537988 M3VI
-9,977933 -5,871187 A9V
-12,797251 5,944708 G1I
21,926917 -8,254864 K1III
-5,950711 -4,853420 O2III
-14,788535 6,650444 M3III
-5,628741 -6,632963 B6II
30,027275 22,909549 K6II
20,679743 -7,083364 A7II
23,089064 -7,390800 G8IV
30,467578 22,305635 O9I
27,394257 21,630067 B8IV
-9,098075 -5,689319 K1VI
-3,318661 11,794855 K5IV
30,384783 23,925448 F3VI
27,108011 24,520319 F3I
22,996141 -6,631590 F3II
27,439019 21,881952 O6III
-6,007403 11,286655 O3V
27,468171 23,210462 A1I
21,524098 -8,578089 A2V
-5,665649 -3,869287 K4IV
27,347093 24,996664 F1I
23,028331 -7,178307 F0VI
29,277184 24,887685 F1I
-13,890222 7,472667 F0III
25,644016 22,825991 A6I
20,922982 -5,718397 G0VI
22,131549 -9,250122 O3VI
-3,729901 13,604314 O1II
-6,891646 -7,313973 G4I
-5,116365 10,233408 K4II
27,355021 23,607164 G7II
27,752515 20,853817 M0V
-13,784214 5,699360 B0IV
-4,113147 12,469306 A5V
-3,584854 13,661929 M3I
23,376904 -7,130356 O8V
-7,535678 -6,593037 K6V
-3,152670 12,000304 F1II
-3,473352 14,253713 B6IV
23,676354 -8,657215 A6IV
26,175273 21,440885 O0III
-5,931129 10,772885 F9IV
-6,564563 -6,996595 G2IV
27,905452 21,412550 K9I
28,134677 23,959337 G4V
29,084656 23,255884 M8II
19,653274 -8,554673 F4II
21,151290 -6,715825 M0II
-4,593559 14,233308 A9IV
21,706539 -5,725702 A8I
-9,746425 6,417573 A8I
-11,468321 4,905324 G6V
-6,765570 11,776276 K0II
-11,592826 7,193287 G2III
20,994750 -7,832771 O5I
22,910923 -9,425041 B4III
28,846395 24,019796 F4V
-4,307369 11,949389 K3VI
-3,960205 10,385909 K4I
-9,631787 -4,304657 M3III
19,560126 -7,975259 F6III
-13,019411 9,585820 K8V
-7,910525 -7,837753 G3I
30,211984 23,436137 G2III
22,759580 -8,434163 F2II
22,903005 -8,868643 F2I
23,374175 -7,256401 F7IV
-5,936655 -3,561268 O1VI
-2,950753 11,734495 G2I
20,498480 -8,460601 K8V
26,918820 23,079290 G2V
-9,128235 -4,275506 G4IV
-5,987170 -5,601662 F3V
-14,216798 5,673921 G1V
28,682193 24,016857 A4I
21,794482 -9,077393 F9III
-6,014606 -6,795035 B1I
26,203444 22,730310 K1V
-6,699305 12,226034 M6III
-7,821724 -6,722409 A0IV
-6,037063 -3,676382 G1I
21,722708 -9,442051 B3III
29,218975 22,866451 A3V
26,016202 24,272848 M4VI
-6,478406 -5,822729 F7IV
-4,597111 10,219838 B2II
-5,343912 -5,967334 F3III
-5,591483 10,777181 M4V
-11,588086 7,016082 G5I
-13,612555 9,516417 M0II
-9,093021 -7,049894 F0III
-4,763967 13,043836 K1III
-6,972651 12,082465 A1II
-4,805364 10,115369 G1VI
21,423401 -8,566996 M9V
-6,164662 -6,479048 K3II
27,493675 22,297579 O9VI
-6,452966 -3,111319 O4II
21,044343 -6,681253 A4IV
-5,343740 14,899193 M7VI
22,002549 -9,675535 F3VI
21,781088 -5,717276 F2V
23,903676 -7,639494 G2III
-9,254403 -5,647314 A8I
30,476467 23,689805 G5I
-7,103240 -6,126679 B2II
-6,011429 -4,896597 M6III
-6,980891 -7,766168 M8III
24,135003 -8,202780 O9V
27,946976 24,402975 A6VI
-4,402442 11,257988 A7VI
22,858328 -6,124022 F9VI
22,851603 -6,885360 B0V
20,680468 -7,869422 A5V
29,564725 22,734419 K2III
-14,451032 5,912549 A3III
22,891676 -6,388689 B0III
-6,755226 -3,316570 O7I
29,907121 23,351006 B7VI
29,854820 21,855034 A1I
-6,256382 13,623932 M7V
26,146964 22,395171 O7II
26,258675 23,901794 A5II
28,973529 25,296450 B3IV
26,130342 21,376182 K9I
-8,237782 -7,113502 K3V
-12,081947 8,495135 F0V
26,940609 22,574231 F3V
-12,974195 6,089392 F7V
-4,920902 12,563129 A8I
-7,271936 -2,729140 K4IV
-5,795846 14,858836 M3V
26,257101 23,754518 G0IV
-13,655409 5,690648 B3I
23,321783 -5,874200 B4II
-13,674382 5,476187 F5III
-9,708205 -6,343735 G3II
21,228424 -6,516603 F0II
-12,773381 6,450234 M5I
-5,388118 12,895537 B1V
21,847479 -6,422602 A0II
-5,385103 12,769904 K1II
-12,415592 8,090560 A6III
-6,893879 13,561642 G1IV
-5,918930 10,579101 F6V
22,605551 -9,452579 F7II
-3,371543 10,642265 M7II
-5,706699 -6,122121 K6I
24,091702 -7,475148 M7V
-6,128102 -4,002754 K3IV
20,452321 -8,914519 G4VI
29,866875 23,342391 F5IV
-6,833256 13,748440 G0III
-3,437048 12,124225 A4I
25,723997 24,281384 O8VI
21,311151 -5,562745 G5III
-12,685408 7,233136 M5IV
23,554701 -6,950168 O8V
-5,736576 -6,653864 B0III
-13,773986 7,581863 G5II
23,924081 -7,501599 O1VI
-4,953480 -6,041792 G0VI
29,492259 22,574031 G4IV
28,249218 20,548475 B9III
-5,697888 14,039811 O9VI
29,288166 21,479299 O3II
29,093833 22,352001 G4I
20,052052 -5,457150 G1V
-5,994640 12,149918 F2II
-10,308615 5,940061 B5V
29,131925 21,409676 G1V
28,424104 21,426919 M2VI
19,214131 -6,995380 A2IV
19,314754 -7,488397 F3I
21,748515 -6,222997 B1VI
-3,600968 13,434928 F1IV
-11,954387 8,937351 B8II
27,078872 25,272202 B4V
-7,791299 -7,771353 G2I
-7,579532 -5,455098 B7II
26,246061 23,055633 F7V
-8,424221 -7,143105 A0VI
22,502915 -7,557420 M1VI
-7,499715 -7,683555 B4V
30,056497 24,400637 G6III
28,006980 21,900093 O8V
26,287743 22,662817 K1II
-7,972664 12,682196 O8V
-3,043795 12,766281 O6III
-4,210927 13,004775 O2I
21,777827 -5,409364 B4III
29,966171 22,157686 M8VI
22,002709 -6,570897 M0II
19,416569 -6,286876 M9IV
29,229721 21,989834 K7VI
25,553237 21,960455 F5IV
-7,079532 -6,233734 G3VI
-11,707557 8,387377 A2II
-12,171889 5,639150 F9I
-14,172215 8,559455 K9II
-5,749059 -5,924460 B2VI
21,835187 -6,852970 F2III
-6,985245 10,725745 O8IV
-11,092287 9,745415 A7III
19,905381 -6,062458 O7V
-11,601333 9,210187 B1II
24,197157 -6,987176 G4IV
-6,423903 -3,056056 F1IV
-11,402122 5,520163 B7IV
-6,219022 -6,255824 F0I
-10,252662 5,924999 F2III
22,397454 -6,076256 M0IV
-12,520940 8,636791 F6VI
29,304115 25,113085 F3V
23,881671 -6,217103 B5III
21,738148 -6,813418 M5II
-6,109258 -5,610889 K5II
-4,864162 10,607024 F7III
29,045748 20,617938 G6VI
-7,820693 -3,541786 F5V
26,517035 21,644271 O2III
-12,465593 8,056837 M8V
28,984779 21,564414 A1II
-6,920389 13,340477 B2I
26,647103 23,245451 K5V
28,916810 22,988329 K7I
-6,886792 -3,358278 K7IV
-8,105365 -7,797317 M8V
-8,665303 -5,441297 A7I
-8,702452 -3,269067 O7III
-5,820000 -6,453869 B4II
-12,104572 5,386053 F7II
-7,214472 -5,180236 F1VI
-9,880571 -5,308615 B7II
-3,628180 14,536729 B5V
24,050424 -5,787034 M6V
-7,054925 -7,177544 F7VI
-5,701783 14,565554 F3III
-3,916539 11,185566 M2I
-3,797120 11,376177 A0II
28,587024 21,820945 B8III
28,779515 23,252886 O1III
21,108567 -7,439138 F2IV
-8,113435 -3,935152 M7VI
-5,261162 11,584997 G3IV
21,777467 -6,822518 O5II
22,033222 -5,997516 G1I
23,847859 -6,438053 O6I
-12,476747 8,761723 F8II
20,769093 -6,045474 F0I
-13,092866 8,794687 A6IV
-13,206263 6,696888 B0VI
-10,082323 9,040695 F3III
28,580324 22,846289 O6V
27,652860 24,905662 F5V
29,878882 24,354015 F1V
-10,009833 7,053270 G7II
-5,683069 12,899567 M4II
-5,572309 13,032630 G6III
26,249028 22,988666 G0IV
-7,838259 -4,807714 G5II
-5,120671 11,129121 O5V
-7,750873 12,044459 A7II
-3,473930 11,546356 M0III
-2,915881 11,556204 B8V
-8,776674 -5,146689 K9III
-5,468407 -6,661994 K0I
-4,958924 -4,862151 B9VI
22,284394 -7,496310 O3VI
21,643335 -5,644201 B0II
21,972943 -7,978308 O9III
-8,210540 -7,440496 B2I
-7,021877 11,634795 K7II
-10,512610 5,422865 O0I
29,669755 22,582751 M5I
-7,546386 -7,376070 F0II
26,105778 24,528925 A5II
-12,485077 5,579893 O6I
-8,042057 -3,680256 O4II
20,876425 -5,572777 K8III
-7,426909 -5,806807 F7II
23,229252 -5,757017 G8V
-4,493449 12,835139 K5V
-7,029542 -5,989028 B8I
23,191481 -8,130230 F0I
24,301472 -6,825642 A0VI
20,530728 -7,044971 G2VI
-3,807101 11,429904 G9III
29,613820 24,959124 K9I
-6,492503 14,177372 M1IV
-14,474585 7,850345 G7VI
-7,720718 12,635526 G3VI
-7,572035 11,904719 F6VI
-5,642991 -4,421589 O1IV
27,595998 23,806506 G5I
-9,177598 -4,489159 K5IV
-4,796921 11,352939 B8I
22,786040 -9,008872 O4I
-6,532269 -4,082828 O8VI
23,475041 -9,043014 O0VI
-13,074548 5,852334 G3V
-14,261059 8,600854 A6II
25,641442 23,235438 G5III
23,416223 -6,033019 M9I
21,209330 -4,688037 M7V
-13,470469 8,484935 A7I
22,073914 -4,682680 G5IV
-6,044740 12,378482 B2I
-12,208127 6,363088 K3II
-5,174824 12,489208 G7I
-13,283151 6,037858 F4V
27,946906 21,867513 O1III
25,689397 21,622390 A6III
-7,102773 -4,079797 M4I
21,103202 -8,354706 F7VI
-6,987798 -7,809569 A4III
22,291089 -6,904757 A5II
-5,708570 13,908494 M6II
-14,336713 6,356826 K7V
-10,308899 6,697670 M0I
29,943938 22,034565 A6III
-2,900386 11,891715 A6I
-7,080196 -5,039685 A1II
20,211081 -6,035115 B2II
20,666725 -9,385759 A8I
-5,838560 13,555905 O4III
19,772070 -5,711820 F4VI
-6,514219 11,734157 B6V
-6,408921 11,889082 G2III
-4,062931 13,944061 B9I
-4,802824 12,897403 M1I
-13,279671 9,675914 F6I
-6,948160 13,679630 K4III
28,910005 21,930785 K3VI
27,268130 22,822369 O6II
22,351301 -7,444933 M0IV
27,712388 25,090476 F6III
-5,614766 13,277257 K8IV
-8,915192 -6,114095 M4III
-9,827500 -5,316474 G0VI
-11,356328 6,788666 F1V
21,688304 -5,804973 G1V
28,929336 24,153191 O6I
26,303866 21,619871 G8IV
-6,624023 -5,558501 O2VI
-5,136763 10,460000 F9I
19,995818 -6,567760 B0II
-11,324528 5,813139 B1IV
22,956933 -6,185586 B9VI
19,146742 -6,655602 M4II
-5,859210 -4,084675 B8II
-9,565374 7,924381 K1III
-6,583197 -6,125390 B8VI
20,687726 -6,014465 O9II
21,779884 -6,364584 G6V
21,622872 -9,404137 B4II
29,005248 20,912088 K0V
23,019352 -6,922715 F8IV
-6,342894 14,829043 A4V
-9,867375 -5,249277 G6VI
-11,284388 5,164091 O7VI
29,599327 20,826587 K4I
26,793293 25,171616 O9VI
30,087183 22,011853 O8V
26,567724 23,384563 K6V
-13,138229 8,730180 K7II
22,228547 -6,706104 K9III
25,791000 23,213103 O8IV
-11,822203 8,564516 K8VI
23,354832 -7,112566 O6VI
21,842205 -8,773772 M4V
21,674267 -5,756334 B7VI
21,061967 -8,977375 O3III
22,874468 -4,582265 O2VI
-11,129421 9,075068 B3VI
26,217213 24,826451 F1III
29,069427 21,359973 K0IV
-14,361487 8,026884 G6I
25,646428 23,692280 F7II
22,523234 -7,568287 M5V
-11,270984 5,591259 B5III
-12,685656 7,066663 A9III
-7,388121 -5,126533 M1VI
-8,098733 -3,673441 B2III
29,040736 20,767364 M8I
20,325787 -6,933803 M6III
-8,523647 -7,745333 G0IV
-6,899748 12,420423 F6VI
23,282812 -5,713763 G8II
23,943215 -7,798316 F3V
-5,802857 12,667481 O0VI
-6,365654 -3,433464 K9IV
27,761841 20,506057 O7V
-10,059737 7,631111 O7II
-7,231049 13,657511 O1III
-6,277628 10,566711 G4VI
-2,741318 11,821103 K1III
22,064382 -9,004210 O6V
-11,006208 6,997080 M8II
30,366319 21,654272 B6II
-3,013716 13,236845 K1VI
-7,230487 -7,560285 F7IV
-3,393365 14,059066 F3III
21,162474 -7,887511 O1I
-7,414371 -2,904323 F2VI
-9,970572 6,323984 K8VI
19,609827 -7,268188 A7III
26,579210 24,771086 G6IV
-5,145294 10,371603 M8VI
29,652341 22,445578 O5IV
26,538830 21,111400 A3VI
27,864772 22,561657 G1V
21,915359 -6,822273 B8VI
21,429168 -5,202511 M5II
-5,839880 -4,834260 F2VI
21,215379 -6,619807 G2III
-6,676442 11,078443 M9II
-9,925875 -5,178737 M9III
-10,031241 6,485455 O0III
-2,782891 12,068014 O6I
-6,170048 14,313116 G0IV
29,038343 24,686540 B8II
26,862334 21,416946 B7I
23,951609 -7,061768 G3V
-9,511225 -4,262345 A5I
-3,000802 11,441397 F9V
-12,909248 9,452901 O0VI
-7,151613 -2,858502 M9I
-8,870856 -7,169086 K5VI
-8,446600 -7,561347 B8IV
-7,003758 10,483484 O8II
-13,660837 9,452330 F1V
-5,042198 11,381590 G2IV
-8,645247 -7,177026 K6VI
-4,435669 10,281006 B6IV
27,229392 24,014071 G1V
27,111358 21,224753 F4I
-9,874632 -6,281223 F4IV
28,727716 23,311360 M3VI
28,658385 24,976083 O7III
22,290429 -5,576731 G9V
-10,142038 6,713837 G5V
-6,401847 -7,829080 A0III
22,809729 -6,956786 B8III
-4,859554 -5,382662 O3IV
-9,556442 -4,666611 K2I
23,170721 -8,471425 F7VI
28,927668 21,140945 K3III
-12,531410 5,379285 O7I
26,654008 23,920462 M4I
-4,480176 14,675041 G9II
25,749490 21,961289 G5VI
30,153700 21,486919 M4VI
20,299652 -8,398082 F5VI
24,398450 -6,676216 M6III
-7,685934 11,763269 A6V
21,547035 -6,208010 O8VI
29,186869 20,851488 A2I
-6,825851 13,278383 F6VI
-6,346091 -6,232814 M4I
26,372261 21,842342 F7I
-6,052033 -6,872184 O5VI
-13,704672 8,059492 G6II
-8,444260 -5,898686 O6I
27,840412 23,622272 K3V
19,372365 -6,549776 B8V
22,915560 -7,113621 F8VI
-6,295582 -7,766936 F0VI
-5,947797 -7,445010 O3III
22,285494 -5,137664 G2V
24,031080 -7,583543 B4III
23,405880 -6,006345 M2VI
23,129817 -8,433104 F6III
22,716425 -8,549431 A0V
-8,553769 -3,657286 F4II
21,808490 -7,762783 F5V
-12,313140 7,251881 M6II
-3,592636 14,356970 A0III
20,939943 -7,022575 G9V
-9,719443 8,161587 A8I
-10,519723 8,166095 M7III
-3,941407 12,425598 A2V
26,293004 23,685402 B6IV
-10,342046 7,596783 F2I
-11,165509 9,065236 A3III
-7,793316 -6,739339 K2I
-7,166861 13,825325 A4VI
-13,746442 5,477952 B6I
-5,336191 -3,892172 K1VI
22,513840 -9,140581 B0IV
-5,614676 -6,294320 O3I
24,396385 -7,433565 F1VI
-8,505067 -3,147679 A0IV
-6,648334 12,631458 F0IV
21,583710 -9,064393 O4II
-7,326874 -4,091032 M3V
-7,697681 -6,821321 F7V
-6,779403 -5,375695 K3VI
-10,695790 7,116172 B5IV
20,241994 -6,239621 F5I
19,522720 -5,868947 G3II
28,553503 25,352918 K3VI
-6,704996 10,450766 A8I
29,582334 22,666064 K8IV
-5,592764 13,096922 A8II
22,531894 -6,335205 K8I
-4,402090 11,038242 K4VI
-7,817183 -5,547045 G5III
21,468019 -5,532856 F2VI
-9,290310 -3,929502 M4I
-10,301150 6,810979 O8I
22,621421 -8,283913 O5III
27,701476 25,487778 A5I
20,449354 -6,599045 O5V
-6,841729 -5,349346 K0III
26,292212 20,996132 G5IV
-8,391878 -4,209449 B3II
-10,037171 -5,153846 F4II
28,354785 24,432447 A6VI
-8,362957 -7,743477 G2VI
26,757256 24,435377 F8III
26,705546 22,695186 G8VI
-3,582996 11,996221 K1II
-5,063578 -4,463472 O6VI
20,205586 -7,531806 B3V
-6,794121 -4,644687 B4I
29,364277 21,925980 O0I
-11,100510 5,024281 B7V
-3,735431 12,936855 O6II
-8,765608 -3,384511 G7V
-4,460596 13,887283 B4V
-7,766796 -6,213762 M0III
22,729788 -7,918852 O4VI
19,258971 -6,336989 G2II
26,101836 23,581513 A1V
-6,919575 -6,866385 M5III
-11,931219 9,711774 B6VI
-8,308444 -7,478853 M9III
21,420983 -7,665188 F0V
-8,174927 -7,976490 A3V
25,831945 23,162040 M6VI
-12,328472 5,899941 M8IV
-4,755843 12,155459 B6V
-5,200693 14,232680 G7III
20,299694 -4,793223 G2III
-12,999958 7,185335 F5VI
-6,640132 10,768693 O3VI
-8,240173 -5,252150 B1IV
-8,330647 -7,201248 O9II
-13,187063 8,884390 O2III
-7,723972 -7,933889 A8IV
27,423894 25,251884 G7II
20,712531 -8,624471 G1VI
-12,296180 7,786370 K2V
-7,912382 -5,906285 M6III
27,553453 24,303498 O7III
-7,610534 -5,683527 O4VI
20,339030 -8,065564 K9I
-13,153207 9,313410 K5I
-5,431907 13,789475 O5VI
-9,847867 -5,346426 F6V
-3,432562 10,870597 F3V
26,182235 22,638632 A4VI
20,372268 -5,136780 A1IV
-12,965549 7,492717 A0IV
20,506171 -5,892808 F7IV
-7,029073 14,498920 B6V
-8,273221 -4,037384 G6II
26,311295 21,092301 A7V
21,870469 -5,377075 F1VI
22,362453 -6,559589 G3III
-7,849108 -4,164532 B4VI
-6,649395 11,548412 G9III
22,980132 -5,448339 K1IV
-11,742443 7,999460 K4II
28,811249 21,410753 K4II
-5,531119 -5,212294 K4III
-9,580882 -3,736944 F1V
-7,109263 12,185137 F3III
-4,099126 10,936687 O3IV
-11,106162 6,423620 B9III
-8,113646 -3,478411 A8VI
-3,141834 12,147197 G0IV
27,188906 22,689502 K9II
-8,491571 -6,047915 O9III
22,856237 -8,043899 B4V
-9,942084 -6,292057 M6I
25,766169 22,738101 F8I
-3,178361 11,524708 B2III
-10,668229 6,279168 B9V
-10,160408 7,015735 O7V
22,118133 -7,077411 F9III
23,548660 -7,575351 B5III
-4,372334 13,294692 G5V
28,997153 21,546384 A1IV
21,926706 -6,247100 K9V
23,089028 -4,956841 G4IV
22,038465 -7,548801 F8V
-7,703854 12,054236 B4II
-5,800738 -5,789812 G6IV
-14,116844 6,931136 O6V
-6,038026 12,050979 B5II
19,730939 -7,804471 A8VI
-11,855574 7,433995 K0II
-11,392671 8,857649 A9I
30,399818 23,625474 F8V
-6,278028 -4,942139 G2IV
28,225280 22,622147 G0II
-11,196589 8,067373 M5I
20,092423 -7,122094 A2II
-13,868564 9,470005 K0V
-7,358563 -6,215319 F8V
26,153939 22,753153 B5IV
-7,384448 12,147664 O0VI
-7,380662 13,939819 A0I
-4,493109 12,788689 G4II
24,305712 -7,056447 K6IV
-3,546969 10,820200 M0V
-8,684563 -4,314337 M3I
-13,692775 7,696725 K1IV
19,463560 -5,835816 B1III
21,001317 -7,748593 M2I
-9,169702 -5,527477 F5III
21,729375 -5,113876 O3II
-12,837689 9,974650 M5VI
22,717827 -4,536787 G7I
-4,613010 13,270308 M9III
27,688856 20,846213 K3IV
27,957624 23,604973 O5II
-13,699367 7,156871 M3VI
27,229716 21,290196 K9V
-5,731552 11,589325 M1I
-6,608852 -4,962249 G8V
-10,284359 6,186975 M1III
27,765000 23,704142 F8IV
22,012518 -6,919336 K1I
-9,749884 -5,902186 K7VI
-8,585717 -2,950124 A0VI
-8,666931 -7,222625 F3VI
-6,291066 13,466158 K0I
-8,533703 -5,797638 M6V
-12,341537 6,630683 B4III
28,900475 24,026369 K3I
20,552721 -6,267462 K9I
-5,939090 10,305948 K6V
-4,899283 13,797495 O9IV
26,941024 25,094686 B2II
-11,312169 5,672986 M9V
-13,378112 7,624407 B4VI
-5,742600 9,946277 F4II
-6,118761 12,255894 O9V
22,157286 -4,833482 F2VI
-6,809862 -3,471473 M2II
30,111854 23,684541 G8V
-9,151257 -5,120314 G2IV
-5,320656 -4,958387 M4VI
-13,783958 7,127261 B4II
-11,654679 5,182443 A5V
-7,481186 11,284818 O5V
28,220960 25,501162 F3VI
26,126743 24,546525 B0V
-7,000656 -5,000126 M0II
-14,200310 9,106207 B1V
-12,061558 4,839809 B9V
-9,272556 -5,413854 K3IV
-9,977964 6,890667 K4V
-12,437295 7,988194 A0II
-5,007883 13,045988 M7III
23,334483 -5,205058 F6IV
-12,111947 5,393315 A9V
23,848898 -6,436524 F2III
-10,584869 9,254762 M5III
28,596349 20,700458 A6IV
19,939337 -8,582523 G5IV
-8,385554 -5,441120 B7III
-4,652767 11,261437 A0II
20,884289 -7,731297 O8V
23,266273 -5,326710 G0VI
-7,840244 12,009440 O6V
-13,739458 8,420035 A9V
-12,359347 4,746550 F7III
28,737307 21,266235 O1VI
-11,335519 6,483917 A3II
-11,967753 6,846884 B4V
-4,406734 11,086140 K2VI
20,062876 -5,138725 F1II
23,844267 -6,328783 F2IV
21,411474 -9,157891 G5III
20,313342 -7,012932 B5V
-3,955938 10,246894 B4IV
21,617035 -6,955339 B9III
28,138996 23,366304 K0IV
-4,106291 14,266811 O2VI
27,654436 21,795642 M2III
29,429471 23,113455 O3VI
-10,006204 8,523247 M1II
22,116577 -5,197044 B3I
28,205350 22,897729 A8IV
-5,456118 12,382209 M2VI
-7,425348 -5,460765 M1IV
-12,331217 9,517628 G9III
-6,961675 -5,676670 A0I
23,189570 -9,241871 K5II
20,556519 -5,032740 M0I
19,795729 -7,513472 B1IV
22,524361 -5,573133 G8II
-8,603589 -6,291647 M9V
-12,012643 8,593396 G7VI
23,460808 -6,000452 O0III
-6,353842 13,733306 K4VI
-12,296762 8,409714 K7IV
-10,806466 6,160212 G7III
26,280840 21,539190 A6III
-9,637813 7,756970 G5III
-3,574129 12,405440 M9I
-13,989750 9,073159 B3II
-8,022424 -4,867378 F8IV
-5,588115 13,187151 M6IV
-13,964831 8,370435 B8IV
28,736648 20,881379 G0III
27,739422 24,732463 A5VI
-4,513348 10,973329 M9II
-13,976218 6,784017 B7II
-5,948562 14,692764 B9V
-6,522480 14,417054 G7I
-6,340749 -5,928611 O3I
19,884042 -5,936670 B1VI
-5,368325 -4,536443 B5I
30,119532 24,160587 A3V
-3,052578 11,319402 M3I
21,582679 -7,808604 B8V
-12,462683 7,839819 O7III
-11,173434 7,548477 A2III
-6,467749 12,954965 M5I
22,285881 -5,143223 B3I
-12,818938 5,123179 G5II
29,642220 20,961138 F7I
28,219078 23,304164 A7I
-7,889831 -6,996886 G8II
-8,899966 -5,068230 O7V
-6,912713 -7,937693 F8III
-13,125149 5,691631 O6I
-4,688151 14,513663 M1IV
20,982653 -5,599115 G0III
22,710524 -4,519609 G7V
-9,954897 -5,643093 F9VI
-10,593343 8,279196 O8I
19,585471 -8,305782 K7IV
30,181232 22,146563 M4IV
-13,267809 6,710430 O7VI
-12,363129 7,229674 F1IV
-8,731106 -4,270046 B2II
-4,916122 11,212505 A7I
26,802975 22,875642 B9III
21,238506 -5,354650 B6VI
-10,689901 8,441920 K8II
-8,769931 -3,072506 M2II
-7,737839 12,297276 G1I
-7,802636 -3,741638 M1III
23,443727 -5,397469 M4I
21,297014 -7,834044 M8VI
-3,762218 12,247662 F2V
26,302475 22,995697 F6II
29,151934 23,175161 A2I
25,839173 22,413565 F5V
-12,371100 8,057801 K9VI
-9,575285 -7,029880 F5I
-6,160138 -6,300268 M6III
29,133085 24,834412 O7VI
26,311256 20,801008 G3V
-6,321653 12,682204 M8I
-7,129325 -7,363503 O0II
22,250392 -9,461447 O1V
20,668502 -7,492806 M1VI
-5,760387 -6,915080 B0VI
-5,212629 10,611036 G2VI
-4,065223 10,722459 B0III
-8,635618 -4,455819 A3II
-9,588082 7,530205 O4I
-5,271050 -6,341543 B5VI
23,517097 -6,970015 O7III
-9,908636 -6,134244 K1III
-3,351093 11,744859 K3VI
22,222468 -8,006425 M9III
-7,474966 12,972726 O4IV
-5,231651 -5,808151 F1II
21,931344 -5,097625 F2IV
21,971913 -6,689169 F1VI
-12,819706 8,114206 F3II
-7,006161 -5,049923 F9II
23,940960 -5,764257 A9III
23,558774 -8,448688 G1V
22,121609 -7,600237 A8III
-6,967471 11,943400 M3VI
-14,347175 6,257987 A7II
-14,410794 8,177475 K5IV
21,097853 -6,427333 F9V
23,513178 -6,918671 A3III
-7,502878 -5,923386 M6III
23,967934 -7,225862 O0III
-9,778332 -4,404109 B4II
-7,892192 -4,578684 M8V
-3,353375 11,924668 K5III
-5,561077 12,531724 M9II
-5,399343 13,403241 A5II
-6,672444 12,553187 M2IV
-3,545592 11,832821 O9I
19,568729 -6,385272 F8IV
23,688505 -7,173630 M7VI
-4,796237 12,569229 A3I
30,459173 23,156563 F0V
28,032898 21,409061 B6IV
-12,989224 4,802517 A8I
-14,257680 7,471368 F7V
-10,807863 6,331287 G2IV
-6,544987 13,639614 F6VI
-5,264125 13,363183 M4I
-10,614692 7,200157 G1VI
-5,073065 10,332244 M5V
29,425556 21,944384 M9I
-14,665626 7,879836 A9VI
-7,236535 -7,141618 G6III
22,680914 -4,535408 F1II
-5,080027 14,217778 A0VI
21,124650 -6,109603 M4V
-3,724185 11,401492 K2I
26,195452 23,287042 A0VI
-11,262594 9,418410 G5II
-6,479953 12,061631 O7VI
-4,524145 12,340715 O6III
28,381114 20,402663 F5VI
-5,277560 12,951587 F3IV
-5,092928 -5,736301 F5III
-4,726544 13,969733 B4I
-2,771788 11,985548 F7III
-14,840500 7,025787 G3I
-6,607822 11,296933 O2III
-6,432358 -5,862369 K5V
26,042014 24,474225 F0III
-2,804067 11,527277 A4III
21,489262 -6,386475 A9IV
28,023799 24,006885 A2IV
29,569830 24,286421 M8VI
25,983250 21,784175 M9II
-3,582091 12,132273 F0IV
28,866454 24,315985 F7II
23,622669 -5,697457 B7I
29,106130 24,826116 K4V
-5,761529 -3,500295 G4I
27,694956 20,219318 A2V
20,935938 -8,288068 A0IV
26,994729 24,878148 O1III
22,892205 -4,942554 F9I
-12,153254 9,316723 O4III
20,008593 -8,224254 B5V
19,747481 -8,620266 O8V
-6,388830 -7,053319 A7II
-5,586161 -4,032201 F8IV
30,005852 23,085813 O2IV
-14,173296 8,407021 K6III
-11,181530 7,063257 B4I
-7,570501 13,530711 A6I
19,973123 -7,787441 A2II
-11,240589 6,514603 B6V
-5,597425 -6,649254 G0II
26,816039 22,050369 K4V
-13,587636 5,724304 B4II
-12,621814 6,604959 K8I
-9,723454 7,437878 O1VI
22,622245 -9,409705 G5III
28,640993 23,752641 F8V
25,743762 22,147389 G5VI
-5,618215 10,738967 K9III
-7,182339 -7,928866 G9I
-13,495373 7,664849 G3V
20,397890 -6,364177 G5V
29,232716 24,256380 B3IV
-5,651306 13,161828 A7V
-3,896430 12,016061 A1II
20,202236 -4,894688 M8I
26,528550 21,844405 B6VI
-4,809840 -5,506141 B9II
-3,365119 13,911895 G1VI
-5,600522 10,301286 G4V
-4,011107 13,369997 A5II
22,859931 -8,983793 M2IV
23,718971 -8,469256 O6IV
30,151355 23,172264 M5II
26,261144 21,034091 A6V
-13,137793 8,091859 B6III
27,725868 20,265626 F6IV
-3,174825 13,811719 O7I
30,036785 21,455095 B0II
-12,730733 4,777074 F9I
-4,042236 10,504296 K3III
22,708082 -5,107012 K8II
22,420312 -8,304824 G4II
-6,838619 13,042312 B2V
22,540947 -5,685515 B1IV
30,205429 22,330619 F1V
-7,611241 11,098068 F5III
-2,683394 12,305360 F3I
-4,062875 10,082377 K4V
23,372955 -6,522584 F8IV
-8,334390 -3,610606 B7V
-13,035541 7,203974 A9IV
-5,337137 -6,641360 M3II
28,202348 20,801021 G9VI
-8,684208 -3,482420 F7IV
-7,072028 -5,485622 G7I
-13,594390 7,734454 B1VI
20,434565 -9,097249 B3VI
-8,380893 -3,479842 F1III
-3,338118 11,539350 B9IV
-5,662080 10,617567 K7IV
29,115353 20,774176 G3IV
21,721357 -6,242975 M8III
-6,820631 -3,931787 B9VI
-14,387027 6,310734 G1II
-6,027930 14,530127 G1IV
-6,704144 10,763071 F6VI
28,404829 20,543317 K3I
23,252657 -5,443661 F1V
-4,641640 13,978045 O4II
-6,996054 -3,618622 B6III
-5,777026 -6,280229 A8III
20,156477 -9,109601 B6II
27,623831 21,538350 A7V
-8,978059 -6,637084 B6III
-10,806461 8,453507 K1IV
22,235503 -9,518658 G8III
23,243887 -7,989625 O7III
-2,728734 12,815088 A1I
29,187498 20,658951 M6II
-6,218045 10,429346 B0I
20,200605 -8,204817 B6IV
29,753169 24,925056 K5III
-6,022375 -5,239195 F2II
21,348758 -8,651854 O9VI
21,233319 -9,225069 O3VI
21,995244 -7,464380 F2IV
21,377269 -8,975699 K8II
21,863130 -6,301658 M0I
-11,404446 5,327669 M3IV
-3,347247 11,157343 G9VI
29,357329 21,086451 F4II
-11,966189 9,051972 M3III
28,012701 24,558228 A3V
23,599606 -5,705782 A5I
21,381565 -6,597638 B3III
-7,300910 13,912261 F1VI
21,376527 -5,686280 A8III
20,578069 -7,981902 M9II
-6,154676 14,512992 A3V
-6,844536 -2,809675 O4III
23,595819 -5,609971 K3IV
22,432491 -7,765288 O8VI
-8,032692 -4,176496 G1II
27,002570 20,440385 G5VI
-3,432689 14,249648 F7II
27,848215 25,191872 M2VI
-4,415241 12,871243 O7VI
-3,676326 13,946259 A2I
27,583320 24,224030 G1V
26,219264 21,097682 B1IV
-9,415298 -5,246430 K2I
19,877773 -6,538913 G0VI
19,424014 -7,643396 O2II
-6,471708 -6,623023 O7V
22,422738 -7,189661 A2IV
20,974004 -5,463674 K6III
-3,442782 11,800365 A5III
-12,050650 9,319731 M1V
-11,252833 5,832205 A5III
-13,807796 8,477766 B5I
-5,520127 11,399704 A6III
-10,854645 7,685042 K8I
-6,994052 -4,692323 O9V
29,727347 22,783326 G1I
-7,265567 13,955127 F8II
-10,392906 5,369020 K8IV
-7,608568 -6,263972 F5VI
27,721203 20,259185 M0II
27,289727 21,327936 O3III
22,705360 -9,190561 A6VI
23,823259 -6,454133 K4I
-4,340915 11,498227 F5VI
21,167635 -8,020261 K8I
-7,795945 -3,535702 M7IV
26,202361 24,241742 O2IV
20,374342 -5,443712 M7III
-3,196093 13,021009 M2I
20,576739 -7,983708 M8I
-13,753956 8,815813 F5VI
23,538249 -8,933390 A0V
20,317647 -5,536742 K6II
-3,285466 11,794336 B1V
-10,010031 8,596744 B0VI
21,322632 -6,125189 M3I
19,807619 -8,017851 A4VI
21,390477 -6,788875 K0V
-5,431168 10,376483 A5VI
-7,897207 -2,765599 F6IV
-8,379188 -5,861436 F4III
-7,668582 -3,282725 G4III
-5,124468 10,807295 O9I
-5,321999 -5,621572 F5III
-10,737354 7,921753 K9III
22,174968 -9,474802 O7VI
-6,214722 14,384852 A8IV
-7,504321 -6,521092 B9V
-12,924583 5,585793 K9V
-11,573073 4,958379 A7II
28,929190 22,575051 A5IV
23,070087 -5,548640 O7III
27,193182 24,581110 G0IV
-8,073230 -5,955913 F8IV
-12,812722 4,855457 F6IV
-2,994801 11,910046 F2I
-12,748713 8,688339 G7V
-7,111005 14,198744 K2II
23,239756 -4,774708 O6V
-6,158699 12,306860 F3V
22,331637 -5,936105 M8III
21,652215 -4,384961 K7V
-5,805159 -6,615338 B9VI
-6,888040 11,071509 O2III
20,155233 -7,307054 O2I
-5,625523 12,690425 M3IV
-4,935797 10,175397 F1II
-7,818517 -3,103023 K0VI
20,310745 -5,074062 K9VI
-5,239168 11,217498 M6III
29,243939 23,574137 O7IV
-6,244815 10,849690 M8V
-4,192626 12,188054 B3V
-8,674340 -4,401695 B4VI
-7,826773 -8,016489 M1V
26,613153 23,433073 F3VI
26,037516 23,849374 F8V
-6,403274 11,369541 A5IV
28,953922 22,953024 G7VI
28,600500 25,232877 G5I
-10,725638 8,934463 A8I
29,122667 20,879371 F1VI
26,502052 21,742410 O0III
-13,957763 5,637816 F5VI
-5,760431 -3,655874 O9III
21,661294 -8,972454 F3VI
-4,490374 14,144751 F2VI
-7,742263 -5,331103 B2II
26,002459 22,327979 G1V
21,695378 -6,684631 G0VI
-4,293720 10,347503 A6VI
25,719381 22,630155 B3II
20,813075 -4,616167 M1VI
-4,194409 10,314709 B6III
-9,127394 -6,595328 A9III
19,794530 -6,458471 G1IV
23,562614 -8,147227 F2I
25,922332 21,990004 F4IV
23,628626 -7,839173 A4I
21,942404 -8,441442 O8VI
-4,597365 12,248080 B5II
-10,286698 6,387069 K2III
29,424254 24,262646 B9V
26,635534 24,975972 B4V
23,413288 -7,696230 O3IV
-14,629024 7,357428 A9IV
-11,202226 9,655428 B1III
29,351975 22,266723 O5II
-5,318009 12,572099 M1IV
-9,414310 -6,673046 F8II
19,418358 -7,719797 O5VI
-13,880678 9,221274 F4V
-5,366835 14,334272 F1V
-5,755026 11,787517 O0II
22,557109 -5,479645 A0VI
19,772784 -8,481431 M6VI
26,989408 24,871814 G7IV
-3,651052 11,278434 M5V
-7,052069 11,440364 M9IV
-6,760727 13,904779 G8V
-8,629298 -5,827796 O3III
30,618197 23,389835 A7I
28,863309 21,277185 A8VI
30,055452 22,485170 G5II
20,538128 -6,354323 G6VI
22,400871 -4,786671 B3VI
-14,107301 9,031207 B3V
-13,581037 5,569328 G6II
19,509118 -7,402780 F4I
28,858555 23,075619 G0III
20,427466 -6,972505 O8III
-7,069448 -3,652956 O0VI
21,208745 -8,869000 B5III
21,047005 -7,585572 M7V
28,093711 21,615497 K5III
-5,817851 -5,773075 M2I
21,063540 -6,311219 O4VI
-5,656634 14,466858 M4II
-12,025518 5,088036 A8IV
-7,330792 11,373870 B8II
-9,571528 7,596142 O3III
21,634514 -6,188627 G4V
-11,983977 7,668290 K4V
23,626870 -6,311517 F3V
22,511575 -8,310869 B2V
20,418664 -5,907528 G5I
29,984591 23,263291 K9IV
-4,715172 13,377556 A1VI
-8,905194 -6,468527 B9III
21,149704 -9,378910 K1IV
-9,773827 -4,991380 O9III
20,156860 -7,171309 F4VI
-11,467455 8,317759 K7I
-11,794509 6,478868 F1III
20,803004 -6,287277 B3IV
20,960212 -7,584985 K7V
-2,817855 12,545054 A2IV
23,248622 -6,783515 A6II
-4,055358 10,988397 B6III
-6,425932 10,396874 A8VI
-6,706799 -7,574059 K7V
24,076057 -8,343755 O1I
20,743720 -4,607471 A8III
20,792108 -5,055379 B3I
30,510955 22,096595 B4IV
-6,271828 -4,303983 O5II
23,230450 -7,631635 F0I
19,686895 -7,999880 G2IV
23,357664 -7,218869 G3I
-7,390031 11,026016 G1II
-5,253441 14,160037 M1IV
-7,459587 13,439885 K1VI
-7,377147 11,026797 M1III
-4,179274 12,142065 F7IV
26,264333 21,322266 O6IV
-6,774415 -4,209323 F4II
20,433010 -7,672476 K8I
21,544802 -6,718895 M5III
20,528188 -6,621907 M3VI
-4,603816 13,788780 G3I
-11,523739 8,965768 G7I
22,104603 -8,584188 M8V
30,177917 21,642491 K4VI
-13,102360 8,398332 B7I
19,727235 -6,613881 O6II
-10,567154 6,669629 A0VI
23,423612 -7,746774 K7VI
-9,650973 -4,644220 F9I
27,846789 23,835922 B2IV
24,404740 -7,220744 K8I
22,818676 -8,264347 K6IV
28,680251 22,263883 M0VI
-8,045992 -7,091336 M7V
20,705957 -6,025372 K7III
-13,552767 9,195032 B0II
-6,687940 -7,903747 F2IV
21,498261 -5,608541 B7VI
19,112679 -6,714168 F1II
28,127505 25,052296 F7III
-10,606156 7,912212 G0VI
23,736371 -7,039814 K9VI
22,245252 -6,406823 K4II
-5,502388 12,423535 B0III
23,869259 -5,731968 A1III
23,858087 -5,379956 M9III
20,043076 -8,393506 B3III
22,854674 -8,918611 O2III
29,431513 22,949627 M2VI
19,612503 -8,444927 K8V
-3,118900 11,919614 O0I
-5,074796 12,866324 A9II
-11,834841 5,606326 G4I
-8,959187 -7,356706 F5II
29,545555 23,900600 B3V
-10,084308 6,135274 O2IV
27,438319 21,992513 M1V
-13,397015 8,823741 B5II
29,631033 20,874259 F1III
-6,631013 -6,916149 G3I
20,755898 -9,458152 A7VI
22,669848 -7,970463 O1IV
29,459533 24,061464 B3IV
-6,545779 13,789782 K3IV
29,467041 21,143047 M0I
28,322850 22,647156 A1VI
-6,198504 -3,980434 M6I
-5,607314 -4,621956 O9VI
-4,149799 13,624744 K1III
-6,439991 10,045362 F3IV
21,601633 -6,474852 O5VI
-11,521729 4,952501 K7I
28,519531 23,760773 B3VI
-6,662092 13,228155 F5V
20,742639 -9,332654 K8II
-12,948735 5,785976 O4V
21,660400 -6,326196 B6III
29,190611 22,491197 M3III
22,745599 -5,324348 O9II
27,213129 22,473114 F7V
-13,422778 6,540921 O0VI
-3,924512 13,831520 M0IV
-7,561160 13,801652 B6VI
-7,714942 12,212883 B9VI
22,640784 -8,129298 A5I
-6,688766 -5,655721 O4III
-7,470460 -5,734912 A4I
-5,826471 -5,008598 O0VI
21,966882 -5,400454 B2VI
-11,154541 7,912445 F2V
28,515842 24,055401 K0III
-4,591596 12,235788 G7IV
-6,619257 14,028888 F9IV
-6,770338 -6,174376 G8IV
24,203484 -7,923450 O6V
-6,796041 14,522343 O8III
-5,929799 -5,159592 F0II
-5,841904 -4,364950 G3III
-4,982321 -5,666323 O8I
-6,271653 -6,293315 A9III
19,183742 -6,806852 O5II
22,418909 -6,798681 K8III
-9,607676 7,389095 B9V
21,856052 -4,436471 O1V
-8,472248 -3,796467 M8I
-7,147825 -6,813840 B0IV
-12,431386 7,627940 A5I
-9,721220 -4,606065 O6III
21,494816 -4,936993 O2VI
22,305241 -5,117446 K4IV
-3,016314 13,135333 B3IV
29,694541 23,254749 M9I
-7,197053 13,130707 G1II
28,223039 23,035888 B4II
-11,979074 9,528945 A3II
-9,767667 6,565178 B7II
-5,456226 -3,790126 A5I
-11,380067 9,621483 G4I
27,247517 24,397706 O9II
-10,827020 6,105937 F2VI
-8,789042 -5,786439 A3IV
-5,467424 14,561859 A1IV
-3,426282 10,852344 M1I
-8,091066 -7,063479 B5II
-9,982558 8,348487 O5I
-7,258271 -5,761804 B9III
21,716873 -4,987872 K4III
28,125063 22,585900 K8II
-5,981922 -5,040158 K5V
22,799463 -4,847867 K3VI
-7,675605 -5,926808 G1I
-6,254445 14,835651 K1IV
-13,888481 7,423245 K3IV
-6,565895 -7,485542 K7III
-10,716738 7,691901 F2VI
20,169756 -5,860895 O8IV
-4,745405 14,429552 A2I
-3,469097 12,100265 B1I
23,575433 -5,430998 B5I
25,746894 21,708393 F1V
-11,059520 5,124479 K6II
-6,632100 12,566023 K6IV
-5,983777 13,598782 K2II
27,741050 22,987136 O4III
21,807325 -5,487247 B9V
26,980941 23,999661 B2III
-14,135298 7,290959 B7IV
-6,516853 13,151353 A9VI
-6,072669 -4,344678 K6III
-12,978402 8,594536 B2III
-14,440883 7,911348 A0II
-7,291828 10,814214 A1II
27,973551 20,796556 K8I
28,281396 21,589835 O1I
-4,276041 13,704432 O6IV
28,150072 21,325826 B4VI
-6,194256 -4,714609 A2VI
-9,949210 7,307958 M2II
20,400503 -5,904555 B0VI
22,950017 -6,055098 A3II
-5,993749 -7,138682 K9III
20,647172 -5,784409 O9II
22,167882 -6,017850 B1V
25,532609 22,419703 B9V
-7,478553 -6,327336 M0VI
-11,865534 7,944089 G5IV
-8,026337 -5,959463 A5I
21,687864 -9,533234 O6VI
29,784776 22,151212 M2III
20,453129 -5,066765 K7III
23,102066 -8,820334 A7III
20,218816 -8,003171 O2V
-6,193612 14,057575 O9VI
-6,510381 -6,055239 B5VI
-9,365276 -6,543812 K5VI
-12,054975 9,452755 A9V
-3,688339 11,966742 K4I
-5,056108 -6,325834 O9III
27,298531 20,421043 M3IV
-14,542254 7,454211 K8I
-6,616623 -3,144745 O7IV
-10,476397 9,441798 B4I
-8,527419 -7,488473 M0III
-5,743342 13,319762 G3V
23,559836 -5,783846 O7VI
-14,375871 8,074477 O9V
-12,354676 7,587585 F6VI
-5,071435 10,015388 G5VI
-5,908553 11,735528 F9V
-5,821569 10,628943 B4III
-3,525351 12,291653 F1I
26,900853 24,924065 O3VI
-10,212148 5,954210 B5III
26,916961 21,393667 M0III
-7,787396 -6,453358 B4I
-4,796091 11,366972 O0IV
-13,652393 7,060509 A1I
-7,016112 10,740365 K2III
29,381001 25,049697 K7VI
-6,805727 -7,356324 F0III
27,240407 22,380498 B2II
-3,661593 12,599698 O0II
-10,560816 5,456408 O0VI
30,219614 24,057290 B2III
-11,686602 5,606226 F0IV
28,879010 22,233818 G6II
19,596281 -6,157609 O4III
-13,662105 6,330261 K8VI
22,415378 -5,046130 B7V
-8,143430 -7,241880 A2IV
20,151770 -6,085790 M3II
-7,487048 12,442337 A0VI
-8,684487 -6,735945 K8I
26,670286 24,140214 B3I
-7,971053 -2,944908 G2VI
29,358531 22,706156 M6VI
-4,492617 11,132959 B2III
-3,948165 12,836081 B6VI
-10,394395 9,312008 A6VI
-11,729806 7,294091 G7I
-7,727064 -2,769614 K8I
-7,990540 -3,500872 M8III
-3,298996 12,580199 O6II
25,830385 23,694907 O1V
-6,251826 14,722853 K8V
-8,434458 -4,298683 K0III
-12,372749 6,884808 A3III
27,531934 24,969240 K7VI
28,973534 25,150988 A1II
-10,611493 9,265809 M4I
23,403273 -8,117688 K7I
-13,849887 7,115926 K6VI
20,686820 -6,368395 G4III
-11,150797 8,678459 B0V
28,913167 23,402277 G2IV
-6,559729 14,210538 M7II
22,270550 -4,470538 A8III
23,951211 -8,357224 O3V
-6,087383 10,026569 A8V
22,570703 -7,639238 G4I
27,093314 20,980890 A2V
-7,848603 -7,208076 K8III
-5,110834 9,908933 F8II
22,124298 -6,460837 B8III
-9,434028 -6,990338 O0III
19,805993 -7,330581 A6II
-3,748523 12,461662 A4III
27,187095 23,757461 O1V
-12,591350 5,567002 G7III
-11,504813 6,442072 G8V
-5,503639 11,926993 B5I
-6,589734 -6,531630 M0II
-6,138846 -3,983219 A4IV
22,694473 -8,572832 K4III
28,658177 22,072467 B0V
-10,536658 8,238607 G9VI
-12,155068 5,889211 B6I
27,738868 25,490887 O4VI
29,691445 22,225864 O5I
27,589698 20,738495 F9III
-5,218726 -4,871353 O7II
19,476567 -5,883581 B2I
-6,244481 10,604969 F1IV
-14,402852 7,104871 K0VI
21,704350 -5,265669 A0I
-4,616423 11,523761 B4III
23,181524 -5,790302 A5I
21,320508 -9,045440 M9III
-8,482138 -6,587078 O8VI
19,571868 -7,036911 G8V
28,955570 21,447112 K9I
21,880281 -7,640981 O9I
-5,104548 13,187247 O5V
-5,803020 14,568925 O8V
29,654472 20,745743 M2IV
-10,555537 6,402162 M5III
22,103942 -6,132517 M4I
-14,464384 8,333407 M3II
21,464189 -6,266508 B1III
21,237936 -9,087626 K7II
-7,606805 -4,071551 F5III
-9,531518 -5,210790 K5II
28,004199 24,337440 G2V
-7,002842 -6,318315 K2III
26,445489 24,813477 B6V
-4,528956 13,958966 M4VI
-2,984699 12,043144 K2VI
28,355713 22,001295 M4I
-7,459213 11,219530 G5VI
26,725366 21,198153 A0I
-6,187943 13,453199 O6III
-6,072087 -3,732205 K5V
-13,550752 7,078344 B8I
-13,380972 6,260314 O7IV
-11,560076 7,392592 G5II
-4,481277 10,830036 A9IV
26,862009 23,572379 K8I
26,830643 21,255169 F1III
-11,278369 7,649397 B5I
-13,479251 5,592635 A8I
-6,247282 12,112802 O4VI
22,349580 -5,627738 M9VI
-4,661197 12,224704 B7III
-7,075718 14,344544 O8II
-6,034541 14,704579 G6I
-6,474718 13,631218 O9II
-13,103225 4,878072 M8III
21,569049 -8,893586 A0II
29,190254 23,446605 B6IV
24,123127 -6,305054 K1VI
-7,014935 13,571428 F5I
27,599774 21,321785 F1III
-8,163137 -6,737610 A2II
-5,987920 -7,045172 K2I
30,108996 24,469696 G7III
-10,051978 6,739512 M3IV
-4,359530 11,178433 M9VI
-11,890681 7,732095 B3II
-11,184417 4,905282 G6I
-5,522850 14,004617 G8I
30,544112 22,821510 O1VI
-5,253414 14,431923 B7V
-12,225575 6,567894 A0V
26,672460 24,700292 K3V
-3,701543 11,216080 G6I
21,945823 -4,644257 G8VI
24,156372 -7,205185 F4III
-9,739713 6,841879 A4IV
-14,628882 8,345270 M3I
-6,025388 14,979493 K9V
-7,011684 11,504104 G0VI
21,747571 -9,228823 O1I
27,394607 21,987279 B8VI
-8,673189 -6,994140 F0I
-8,258096 -3,298575 F9I
-11,525346 5,605407 B4III
-5,714145 13,667911 K8VI
28,582598 22,562149 A1V
-11,730196 6,640083 B8IV
23,427601 -5,209202 G4II
30,519288 23,237268 O9III
-3,970131 10,616602 M2II
29,589565 22,106198 G4I
27,031101 22,625067 F2III
21,404655 -6,108841 G9IV
26,062662 22,492916 G9VI
-7,074602 -3,273327 F2I
-14,018884 8,502656 B6IV
-9,619949 -6,828814 B0V
30,036480 22,876388 F9III
-10,092568 8,662424 G3III
-10,983733 8,554114 G2VI
-14,409314 7,810206 O3II
-8,822781 -3,976843 B6IV
-6,854987 14,116687 O0IV
-11,643924 6,948749 M7I
-6,927445 14,175246 K0III
21,839664 -6,904761 O4VI
27,799663 24,568096 G9IV
-7,768764 -5,634832 O4I
-11,731894 5,002990 M8I
28,239999 22,863735 G2II
20,053315 -5,398168 B7VI
21,876638 -5,674721 A7II
-11,471397 6,871296 M0VI
-7,810683 -3,612778 O7III
-10,050190 -5,237885 K0VI
-7,555501 -5,957056 G1V
25,854704 22,842682 M5IV
27,482174 24,838940 G5IV
-7,628951 11,087525 O0IV
21,619767 -5,874136 O2II
22,477020 -8,804948 O1VI
-10,826180 6,297597 G5III
-9,634935 6,527865 A2IV
-8,508094 -4,888090 G5I
-3,810868 10,969539 F2V
-13,134671 5,373587 A7VI
-13,976238 5,556955 F8II
21,600111 -9,372696 G6V
22,167774 -9,037286 O3III
26,305368 24,103721 K9II
-4,019300 10,777421 O6II
24,009067 -7,564346 G9V
-11,649000 9,434324 G2V
22,329357 -4,549077 M9III
23,635231 -6,548055 A6VI
-6,786783 12,991061 A3III
29,232414 23,503271 G7IV
28,304765 24,828245 F0I
-9,566295 -5,259989 K9IV
-5,718937 14,186942 K6V
27,092484 24,588755 K8II
-11,169202 5,969264 F2I
26,135557 21,652679 A5VI
-10,496594 6,406637 O8III
21,437313 -9,379749 O9III
28,509588 23,667558 K6I
-11,780285 6,582571 K0IV
-5,331897 14,005305 F3II
22,132878 -8,449484 F7V
26,583207 24,233493 K5V
-5,404925 -5,859713 F7II
-10,157512 8,886591 B5IV
-11,113913 5,631986 G0I
29,333783 22,269785 K0IV
-4,778569 13,705255 A0III
25,829045 22,841866 K7V
21,866464 -6,292761 A6V
-7,947307 -7,557548 A1IV
-5,258502 -3,951184 K4II
26,804378 23,952893 A5VI
22,841859 -5,959832 F3VI
-6,195438 -4,792865 A2II
20,191240 -8,331111 O4V
-12,025683 4,667855 F5VI
20,147113 -5,100628 A0I
29,172652 22,979468 A9V
27,631064 20,839246 K1II
-12,195839 5,713255 G3V
-8,139648 -5,460330 F6VI
25,874221 22,996657 O7II
30,229124 21,639795 B7VI
23,765025 -5,455490 B8IV
28,946642 20,646270 O2V
-13,564409 5,674562 A8II
19,418826 -7,538949 K4III
-12,875239 6,537412 B7VI
-5,846896 10,183220 A4II
30,135170 21,937213 M2IV
-6,928346 -5,883300 O8V
-14,200098 8,907409 A8III
-6,973799 13,370883 K3I
28,726198 23,184944 F2V
-13,535544 8,653222 O4I
-9,645147 -5,869549 K5V
-6,413804 11,397462 K0II
20,669504 -5,818323 B9III
21,304831 -4,512002 F9III
-5,087299 13,701591 O0V
-13,227332 6,148086 O9III
23,405408 -5,533308 B6V
-3,499507 13,778625 K9II
-6,674796 -4,568337 F8IV
29,622399 24,117429 K8V
23,132816 -8,640490 A3III
23,489398 -6,988939 M4VI
26,366223 24,172326 M9III
21,872673 -9,378105 G3II
19,484763 -8,116219 K5I
27,830818 24,354630 A5IV
23,059571 -6,545082 F7III
-7,966447 -7,827971 K7V
-7,599701 -4,550906 F1V
-2,974753 12,306922 A2III
-12,415840 5,307058 F7III
20,685805 -6,850033 G4V
21,332905 -5,797393 A4III
-3,976569 11,806624 K5I
-11,237822 8,634979 A8V
23,266700 -8,538564 B2II
-4,397007 14,369425 K7V
-12,933094 8,345106 A6VI
27,458069 24,575871 G1III
-8,432886 -5,914282 O9VI
22,150788 -8,572788 M7III
-14,346897 6,552726 O4IV
21,674955 -5,019015 O5V
-5,547660 14,206189 B4IV
-13,599808 8,869336 M9II
22,785962 -6,478508 A4IV
19,805617 -5,366630 K5VI
-10,510966 9,215146 A1III
-5,987804 -7,573627 G8IV
-5,383071 11,391205 O4II
21,702907 -7,625980 K5I
-3,974495 12,779890 F7II
-12,410577 5,014670 O9III
19,718477 -5,909245 G3I
-4,351223 12,361482 B1I
21,935123 -7,021293 O5V
-3,266973 13,306706 K3VI
19,568916 -5,898717 O6III
21,425659 -5,030266 F5III
-4,389107 14,997050 F5II
29,824861 23,501380 O0V
-4,809732 14,346095 A9IV
-5,932113 -6,162088 O7V
27,135789 24,620115 F1III
19,552638 -8,024287 O8V
-14,471973 6,364878 B2I
28,106102 24,772055 A9II
-10,490833 9,294720 B8V
26,265629 23,217479 O6I
25,369987 22,599289 A4V
-11,459142 9,364422 G0I
26,575512 21,071707 M4III
-10,706174 8,745590 F2I
23,868660 -5,389840 A7I
20,939639 -5,275093 G7II
20,918982 -7,950809 F8III
27,800240 20,956529 B3IV
28,752351 22,204217 M0V
-14,251378 9,042715 O3III
-14,315705 8,135511 B6II
26,277993 22,110339 B3II
-13,596870 7,837007 O8I
28,945922 21,003781 B5II
-9,719622 -5,079618 M4IV
-7,713725 -6,624922 B0II
-8,126669 -5,701684 F8II
-7,252821 11,943540 G7VI
23,271063 -8,148134 G4VI
-5,808899 12,871403 M0V
-5,350812 -4,544980 A9III
19,279604 -7,065897 O9V
-10,974180 5,724479 B8IV
26,922606 24,359991 M5VI
-9,296269 -5,708791 A6V
-5,406381 13,361629 M4IV
-14,654813 6,296499 A6I
-5,201698 9,926868 M9II
23,831312 -7,649967 A0IV
26,729916 20,878276 M0III
26,470305 23,069288 A2I
22,133162 -5,048056 O9V
25,795052 23,728881 K3IV
-3,779063 11,009529 B1I
-14,096281 5,762101 O7V
28,218037 22,555940 O3V
-8,623834 -3,433686 O6VI
-4,893953 14,428721 O0VI
-4,590975 14,297057 A1VI
-5,122318 12,981975 G6VI
-9,746915 6,608699 B4IV
-9,864164 7,252110 G7III
-14,127652 7,601779 A9III
-13,119601 6,249317 O2III
-7,649073 -3,553652 A0III
-8,551594 -3,742758 F8II
22,198016 -5,464340 M7V
-13,046198 9,179962 K7II
30,012622 22,916602 O5II
-7,172937 14,410227 O2IV
-3,497121 11,268075 M2II
-7,764047 -6,210422 B2VI
-11,630282 7,553159 O5III
27,774848 21,431992 K1IV
-12,782005 7,226804 B5VI
-7,826183 -8,089189 F6IV
-11,731507 9,308054 F9VI
30,579541 22,424110 O5II
-6,054953 14,121471 A0I
27,695448 25,388408 O5IV
29,200432 24,678148 M1II
29,354927 22,190773 M1IV
-6,548395 14,505619 G5III
-14,685318 7,639411 K4II
29,321102 23,891384 K8III
-12,855142 5,837600 G7V
-12,703092 7,635778 B7I
27,760249 20,248027 O3VI
26,292057 21,347586 O6VI
-7,495782 11,414607 B4II
-5,849904 11,676619 K4IV
-4,200256 11,629146 B7I
-3,140422 11,647957 F0I
-6,529884 -3,385538 O0III
-9,358113 -7,264507 M5IV
-7,728763 -5,990574 A6IV
22,990388 -5,933915 B7V
-7,447388 -5,655288 A9VI
-5,529044 11,149471 M2III
19,923091 -7,654039 A5III
-6,339594 -3,330290 K9VI
-4,010242 11,888210 G2I
28,161757 22,741584 M9VI
-5,005742 12,190232 A8V
-7,099718 -5,745138 K1I
-6,016868 11,520763 G0VI
-9,949674 6,224872 B7II
-6,468818 -6,096006 A5I
-13,078224 7,101025 F2III
-13,350705 9,486879 O4VI
-5,422156 -6,067791 A6I
-5,681424 -4,081697 F8II
20,843218 -5,333751 F9II
-7,015377 -3,452302 O4IV
22,237627 -8,690671 B6III
22,770626 -8,207623 A0IV
28,733457 20,462216 K2I
-7,436274 13,268970 G0VI
-4,232861 11,884634 F1III
-6,579084 -6,829682 F1V
-5,395123 11,455535 O0IV
21,688062 -6,306706 B7V
23,382654 -6,497157 F3VI
-8,423813 -5,012747 M2III
-12,826627 6,029822 F2II
-13,928572 7,931182 G1V
-6,916711 11,482550 K6VI
23,452467 -7,424453 B2V
-6,830607 13,683033 F5II
28,055180 20,336360 O7VI
-6,513077 -3,399219 B7I
-12,992286 6,011666 G8III
-6,092218 10,734584 G0IV
-12,344424 4,761123 O0III
-11,017233 5,428345 K2VI
-4,613479 11,700598 F8V
-11,111928 6,517295 G9IV
-11,427501 8,482740 O0V
27,422715 23,757534 G5III
21,920157 -7,040335 A9V
20,406562 -6,096340 F7II
-3,501372 12,383489 O6II
-5,542850 13,756921 K5V
27,364502 24,789706 A4IV
-11,766040 7,695144 A5IV
-13,760285 6,639478 M7VI
21,746009 -9,552111 B4III
-10,533906 5,669703 G2VI
26,472523 23,200643 K5VI
-9,638830 -4,162833 K4V
20,761089 -9,324015 A0II
21,672058 -9,487361 G1III
28,450519 21,224079 M8VI
26,787808 24,513686 M7IV
-6,106305 12,587493 A6III
-12,072946 7,959742 F4IV
-8,728610 -7,015071 A0I
27,751706 20,697327 B9I
-3,499594 14,176547 O4IV
-8,035672 -6,759777 B1IV
-10,447345 8,862014 G9IV
-13,716785 7,940922 F2III
-13,253617 6,624045 O4IV
20,771297 -5,339961 F0VI
24,088938 -7,214475 B6I
-6,359763 -6,524794 O1III
-6,283975 -4,541885 K5III
-5,407545 -4,360678 G1II
28,707861 21,792480 M3I
-6,489811 10,177692 B7VI
29,352894 25,179739 O3IV
-5,916029 -6,793661 M0VI
-11,362568 6,238627 O2IV
-12,485323 7,127787 F0IV
21,702294 -8,425216 G6IV
-2,776576 13,089110 B9II
27,214523 20,653293 B1IV
-9,106332 -4,984437 M6I
29,793765 23,303624 K2III
-7,261785 -4,896627 A8IV
-9,894020 7,292780 F0V
-3,699594 12,090995 F7V
-6,852732 -3,006536 G9I
21,032785 -7,293123 F7V
-9,180280 -7,269123 B8I
21,467117 -6,533173 M4II
-5,448168 13,240907 K7II
-7,480684 -5,471348 A1II
-12,393218 8,306783 G8V
-7,934634 -3,481647 K4III
26,146365 22,338524 G5III
-11,028249 5,168586 O9I
-6,228461 10,252414 M3II
-7,131154 -3,133135 F8VI
27,780169 23,449310 B1IV
25,951615 24,343213 A3I
27,396065 22,845103 K3II
-5,907099 11,279771 G5VI
-7,212784 12,258178 F0II
-5,650692 13,943625 K2V
23,209427 -7,241163 G7V
28,643312 23,335441 O4II
-4,184433 13,827362 K1IV
-7,441728 11,815039 O1V
-6,636664 -5,619173 A8VI
23,893635 -6,207801 A6II
26,816016 24,450749 M6III
-12,430909 5,507671 M9II
-8,097631 -5,906600 A0V
23,761401 -5,572416 G5II
28,823717 21,325713 K3II
-11,152886 8,523916 K4IV
23,418079 -7,565016 F2V
-13,665142 6,053253 A7I
22,887297 -5,977578 K6I
-6,298364 -5,144531 B4IV
-6,979807 13,029371 M2I
-5,995255 12,896073 A8II
-3,318938 14,253794 F0I
27,266676 22,695453 F7IV
-11,541745 5,407239 O2III
22,261307 -9,559898 F2III
-4,567513 11,418238 F8IV
26,769271 25,161229 B4VI
-11,961528 4,672635 B0I
-4,535889 11,651849 F9III
22,623103 -6,651684 O5V
-11,234032 8,351144 A1IV
-10,336247 6,475500 K0III
-13,465940 6,182192 K4V
21,403004 -9,363491 A9VI
-8,213376 -6,356398 M7V
23,802248 -8,481782 B4VI
-12,728365 5,240062 O5II
27,604575 25,309675 A2V
22,173417 -5,672705 K4IV
-3,714693 12,544984 F8VI
-9,312068 -5,182474 F5II
-13,798775 8,887959 K5I
-12,131451 6,797186 O4VI
27,774395 22,740878 B2V
-7,154824 11,319198 K5VI
22,603302 -4,772519 O0IV
-14,217236 6,781223 O9I
27,560903 21,888195 M9VI
-11,696612 7,930718 F2II
19,744600 -5,504619 A5IV
-11,264147 9,455720 O0IV
-7,106727 -4,722519 G7III
-5,376663 10,241947 F0II
-6,134463 -4,781487 A1VI
-14,443733 6,444775 F9VI
22,975892 -5,601748 O6III
-12,945012 6,185311 K7III
26,622405 24,915705 B0V
-9,594630 -7,028400 G9VI
28,197039 24,833340 A6V
-9,761378 -4,773633 M5VI
-9,764506 -5,416505 G2II
-4,924211 -4,938284 G6I
-13,619878 5,104391 B5III
-5,282480 11,921979 F9IV
20,532717 -5,307532 B2IV
21,592328 -4,783010 G1II
28,840603 23,972495 K0VI
-7,473629 13,626026 O6IV
-5,199245 13,658761 A1III
23,595071 -7,973562 O8I
-3,373968 12,790495 O1I
25,945785 23,280408 F8III
-5,299848 -4,876828 O3VI
-13,779539 5,841807 G5III
-4,662968 14,927715 B9I
29,417589 24,166967 O4III
23,219162 -5,458191 M8VI
-10,162027 8,291569 F5II
-8,854794 -6,902511 G6V
28,978047 25,158543 O9II
-5,375502 12,132799 F0VI
22,231120 -6,041185 K2V
-7,193988 11,023751 A0VI
26,582144 22,884226 B3II
-6,671785 -3,479728 O7IV
26,472176 20,781466 F2IV
-3,389679 13,917018 G2III
20,659648 -9,245131 O7III
-10,111321 8,976194 B0III
23,834356 -7,300806 B6II
26,719611 22,564811 K0IV
-7,192771 13,561781 F1VI
28,086693 22,454264 A8IV
30,326736 23,047377 M6VI
-6,459938 10,446939 F5V
27,860873 24,416974 K0V
-14,530726 7,021880 B1I
-5,480018 14,388937 B3V
-6,502285 11,134376 B8VI
-5,032727 14,692680 A8IV
22,356361 -6,892718 M6II
-6,849003 -6,900716 M3III
-12,497399 8,086878 O6II
-8,488796 -5,340895 K4II
-12,273189 8,846346 O3II
-10,725748 6,412118 G5VI
-6,353934 -7,106388 O9II
27,312237 23,456186 K5VI
22,395684 -6,660601 O4IV
-10,436225 8,646067 G1VI
-7,959517 12,089243 O9II
-5,224081 -5,769919 O0II
29,228528 23,425583 M7V
-7,505974 -7,939576 K4II
28,700339 25,328456 K3I
-4,884518 13,931926 K5IV
21,260401 -7,629802 M9III
-3,444839 12,117420 K4IV
29,833068 23,032907 F2II
20,987393 -9,367953 G9I
20,124548 -7,640645 F4III
-13,847526 7,674527 O6I
-7,004505 14,141781 M3VI
-5,803334 11,656294 K2V
-3,996617 12,993565 K6VI
-6,363130 -5,679668 A4VI
21,203402 -6,413408 A9IV
20,355647 -8,221639 A7V
22,894574 -8,926949 F2I
27,837080 23,003672 B5I
-5,027003 10,898481 B9V
-8,232891 -5,272917 A7I
-7,057200 -4,608555 B7I
21,501317 -4,535507 G7IV
21,051432 -4,989119 K0VI
22,507995 -5,631227 A3VI
-11,478900 7,449576 F5I
-13,623128 7,831670 A3VI
-5,345007 -5,603643 B6VI
20,317811 -5,517299 M3V
-7,689574 12,772250 O3IV
-5,147096 10,882149 F9III
-7,735640 -6,572361 F1IV
-5,204082 -5,052141 G4I
22,494903 -8,085347 A1II
-10,141629 6,578554 M7II
21,676906 -8,409967 A9II
30,098458 23,704534 F0VI
21,039935 -8,926404 M8V
-12,391992 7,340386 K6VI
-4,462197 12,770104 O8V
28,458964 25,044313 F3VI
20,878515 -8,293503 O5I
21,972159 -5,561668 F1IV
-5,130328 10,054968 G9V
20,776466 -8,593869 B2III
23,836268 -7,771325 O4VI
30,385428 24,148500 B7II
-5,999006 -6,291433 B6II
-6,104096 12,786694 M4III
-3,140165 10,953191 M2V
-4,059840 10,097623 K3IV
-14,019478 6,377383 O2III
26,823922 23,104043 G2VI
20,016857 -5,362507 M7II
30,081650 24,418253 K6VI
-11,024627 7,402180 A9V
-12,873375 7,044638 B8IV
26,527776 22,039333 B7I
-7,157729 -6,186687 M9V
21,729469 -8,879002 F1VI
-7,550659 12,354003 G1V
-3,491847 13,671702 A9IV
21,848366 -9,453586 K8V
25,875775 22,822816 M3V
28,448475 23,478809 O8III
-6,352419 -3,279202 A9III
-13,286520 7,170542 F2V
-7,809219 -5,164624 F3I
-13,146975 9,183507 K5VI
-11,948137 5,547438 F6II
-11,433841 5,076010 F2V
-11,199615 7,679088 G0I
-3,232620 13,189291 M0III
-4,186493 13,947890 F3IV
21,242304 -6,691311 K8IV
-8,896914 -6,916897 M7III
20,797606 -9,277463 B0V
-9,469537 -4,961560 O5V
-6,508686 12,701228 G1V
27,616766 21,168326 A4III
-7,468504 -7,901493 M4IV
29,168832 23,482234 G4I
30,522901 21,858765 K5II
26,122087 23,156579 B0V
22,906265 -8,710959 O6III
22,590597 -6,296649 M0III
-10,853268 5,233077 G5II
-7,530467 -6,103527 F3IV
26,500493 23,891830 A1II
-11,159651 9,127154 A9I
-5,343787 -4,596236 G8I
21,388467 -8,758433 B5V
-7,708404 -5,992161 G5VI
23,792610 -6,348347 K7IV
-4,048775 11,077224 M6VI
-4,674887 12,016793 B6V
-7,710446 -3,286028 F7I
-11,703120 5,086119 K3III
-10,075121 8,974675 M2VI
-5,767454 -5,028270 O4V
-10,709500 6,936473 M1I
-7,369120 13,764477 F6V
28,004153 24,056303 F0III
-5,824236 -4,062623 A5VI
29,985664 23,816125 M9III
-7,051833 -3,383046 F4III
-12,503964 7,305009 A6V
-11,252716 9,099670 M2I
-13,391140 7,441649 M1IV
-5,143560 -6,741481 O3VI
-12,198507 8,333234 M0IV
28,589226 20,256088 K6VI
29,165909 23,612648 M9V
22,209929 -8,810797 G9II
-5,587028 12,625154 G5IV
27,687582 24,578489 K2II
22,629142 -5,138217 A4III
29,052250 21,682332 M2V
26,526679 23,836911 O8II
21,656124 -7,158335 G7I
-8,962462 -4,543704 A9V
-5,558052 12,444538 F3I
-10,312733 8,128266 G2III
-5,487635 -4,275135 G3III
-10,681196 7,559909 F4II
-5,885183 10,335313 M4II
-11,378203 5,959500 O8VI
24,362143 -6,459988 A8V
30,013267 22,653438 A5III
-5,938902 -4,299989 K9V
-14,418392 7,648409 A3IV
-6,737460 10,904368 A9V
-5,073696 -5,007458 F8V
23,417522 -6,836556 B1VI
20,954785 -9,390024 B8I
-11,015286 9,743169 K8III
20,099485 -8,467760 K6V
-4,109732 10,990564 G2I
-5,764453 -3,955268 K9VI
25,747171 22,150377 O1I
27,253573 20,571185 A7IV
19,331218 -6,522253 O4V
-7,291009 11,363388 F9III
21,572637 -6,833860 A4II
-4,668872 14,757728 B6I
-14,369248 7,452768 O1II
-6,210142 14,305131 B5V
20,453693 -8,363027 F2I
-3,747420 11,636920 B1V
-5,755857 12,598896 O3V
29,544466 22,453336 G8IV
-6,140117 10,508688 A2I
-9,311485 -6,719379 M8VI
-12,122035 9,032018 M2VI
28,743225 21,465929 G4III
-6,361302 11,655494 F4III
30,294673 22,783532 A6VI
22,803530 -8,559605 O9II
-4,761777 11,043811 G2VI
-8,970887 -4,352408 A5II
-5,502017 11,619944 G1I
-5,492680 -6,455266 K4III
20,628145 -7,042919 A1V
-3,101352 12,862640 B4VI
26,143056 24,262290 O3IV
-10,567229 7,161451 B6II
-4,431997 14,202408 O8I
-8,962005 -7,079459 G3V
-14,064271 9,256695 K3II
27,549058 24,006812 A6II
19,442090 -5,974787 B0VI
24,062279 -5,798496 B1I
-4,918484 10,681949 O7VI
-6,893878 14,317229 K5I
-4,020120 14,381876 G8VI
27,295243 20,876558 F3II
-6,962234 -3,124339 A5VI
29,153168 22,764667 M8V
28,410853 23,213292 A8IV
-10,175780 -5,193275 O5VI
-4,600813 11,540029 O5II
26,608679 21,735134 F6IV
-10,014844 8,068044 O7II
-11,987162 4,816041 F1V
28,545146 22,392899 M3IV
-6,866063 12,949206 A5VI
-6,013989 12,874005 O4II
-6,861123 -6,938513 O0II
29,978116 23,009471 O1III
-7,176003 12,426825 F2III
-8,722629 -6,847021 F4VI
-4,530813 13,955129 B2IV
29,748416 24,815636 A8III
23,524391 -6,632437 F0III
22,403128 -7,039730 F9I
28,013529 20,890139 F1VI
22,196448 -6,994562 G3VI
-8,767915 -5,242423 O2II
-3,164559 10,912297 B3VI
21,288864 -9,210703 K0VI
-13,742697 8,810371 F8II
-9,357087 -5,050208 B5II
-10,688243 5,121791 F5VI
-10,378408 7,032532 O1V
-14,310260 6,960729 O2III
21,404899 -5,736628 O5I
-7,420068 -7,731009 B9I
27,328999 22,594738 A0V
-13,357493 5,156460 K2II
-14,699794 7,605298 G3VI
23,553281 -5,238707 B2IV
-6,419614 -4,267577 G2II
22,756748 -9,455030 A4IV
-13,791970 6,794581 F6VI
-12,591003 8,017239 A1VI
-4,707688 11,536946 O3VI
20,557766 -8,528274 K4VI
23,889492 -7,883584 F5I
-6,734706 -4,955083 G3IV
-7,385424 -3,147379 G7II
22,034995 -7,528247 B6III
-4,988480 14,881708 B6II
-13,821553 7,291435 K9V
-5,786031 11,114656 M0VI
-9,039494 -5,968526 A1VI
26,788884 20,678641 M2I
-11,492434 7,111089 B8VI
-4,975494 14,108154 M5IV
27,373089 23,176686 F2V
23,340682 -5,815635 A9III
29,982611 22,924799 K0V
-5,475473 11,163494 A2VI
-12,552851 9,262142 A4IV
28,573429 20,384148 K8IV
30,222640 24,298811 G6II
-10,057371 -5,115115 O8I
-14,222621 6,530553 B1I
22,814739 -7,714353 G0I
-6,589889 11,308031 F0III
-7,078422 -7,268831 M0VI
-9,796090 -5,437459 F2II
-9,174946 -3,904748 B3V
-7,645222 12,235108 F0II
23,780085 -6,471750 B8I
-6,531916 -5,859170 K0III
21,785219 -6,473653 G2III
-4,328289 12,218833 G9IV
20,213726 -8,093938 K7II
21,410007 -9,293783 K2I
-12,461852 7,908794 G2II
-11,675188 5,538022 K2VI
-14,180479 6,549315 G2II
26,447177 21,642726 B4I
29,034407 22,847281 K8IV
-3,243333 10,768496 K0VI
-7,540446 -5,683027 B3VI
-5,417397 -4,714639 M6III
27,474096 24,227635 G7II
27,777329 23,261519 M2IV
21,771455 -7,051107 A2VI
-5,511343 -4,735573 F4I
23,733935 -7,808256 G9III
-7,203637 11,968907 K6V
21,292125 -7,566435 K1II
20,024967 -7,320863 A2IV
-8,289190 -3,220644 O1I
-7,291996 11,702712 G4V
-5,285921 -6,931466 B5I
-13,195323 9,354387 K6I
-12,888490 9,510920 G5II
28,834552 20,738444 A4V
-7,681000 -5,626857 K8V
-10,132278 6,277531 K4I
-5,297374 10,158473 A3III
-7,995555 -3,971403 B1III
19,279723 -6,382274 M4I
20,625672 -4,804817 B0VI
-14,157095 7,729984 O4I
23,208500 -6,155001 G0V
22,003778 -4,515023 G6V
-13,085047 8,878498 F1I
19,944066 -7,810682 B2IV
29,489722 22,595290 K8I
-3,420209 11,401089 M2VI
-10,359688 5,903918 K8II
19,335854 -7,133240 G1IV
23,412197 -5,585591 G5I
-4,500206 14,682912 K3IV
-5,744093 14,514106 M8III
-10,331278 8,582282 F4IV
-12,532316 8,778139 B3I
-7,068045 -4,344101 M9VI
26,029032 23,471305 A5VI
-13,404784 6,946512 K5II
-14,441675 7,498559 A7V
-14,449384 8,822166 A9IV
-6,178108 -6,013280 O4IV
28,315301 23,114488 O6III
-8,354922 -3,801380 B9VI
30,269895 23,160297 B3III
-6,181133 -4,785122 A4III
-2,896843 13,528026 B8II
-6,583250 12,590395 M0II
20,463083 -5,977720 M5IV
-9,203798 -6,006121 G7IV
19,786871 -7,817727 B7I
23,313631 -8,489050 M3VI
-6,987269 -6,218881 M7II
22,633468 -5,492585 B0VI
-6,103675 10,359690 A7II
-14,457828 8,376254 A9VI
-5,206448 14,970030 A1IV
-4,013494 14,730047 O1II
21,215256 -6,221567 M8II
-5,512135 13,490961 K7VI
-6,451437 12,478755 O6VI
-6,168299 13,008763 M3VI
22,013800 -8,280326 G2IV
-12,922840 6,484977 K4II
28,773297 20,992700 M5III
27,445682 24,911346 F5IV
27,074271 24,688199 G3II
23,628782 -7,721768 B0V
29,148975 23,241459 B8IV
28,439067 25,392724 F7III
-5,362137 -6,022627 M5IV
22,648693 -6,898373 F0V
21,721834 -8,112878 A9II
-10,169961 5,696117 G5IV
-6,248956 -3,710297 K7III
-14,104647 8,146377 A6IV
-4,937050 -4,974783 F8III
23,494419 -8,858417 B4II
21,430384 -4,995570 K7II
27,245077 23,834030 O5V
-13,289009 6,534611 A4II
20,813820 -5,368780 G5II
-8,460211 -3,354414 M1I
-14,083705 7,019063 A8III
21,802804 -4,763299 G5VI
29,119308 23,902466 G7VI
-11,064966 8,488525 B1VI
22,174223 -6,849050 A6III
-6,204342 10,116613 A7IV
-11,423853 5,585212 K0I
-11,223509 6,421644 O2V
20,426839 -5,486454 G5VI
-5,702937 -4,805598 K9I
-6,656002 -6,552430 F9I
-9,823477 -6,050422 M7II
25,818328 24,422356 M3III
-7,672719 -6,401152 K0VI
-13,980432 7,812634 B0I
30,202547 22,140345 K5VI
-7,514351 13,658368 M4II
-6,649638 12,512152 G3IV
-7,812532 12,260192 F5VI
21,402754 -9,340404 B6VI
-6,807623 -7,089948 K6II
21,225733 -4,883259 B1V
-6,118832 12,789625 F8VI
28,126690 21,175710 A8I
-9,189511 -4,665892 M6VI
22,820894 -8,601166 M3III
22,601686 -8,253379 O0I
-5,154955 12,418815 M5VI
-11,696802 6,452195 M5IV
-4,837741 11,015440 B7II
-7,712391 11,687068 F7V
-8,462812 -5,717378 F0II
26,661060 24,129717 B8VI
19,396973 -7,068187 A2I
-11,076074 8,385706 K3VI
-7,480855 -3,172221 G0IV
22,041637 -6,926444 A7III
-10,467317 8,827498 B7VI
26,423352 24,705863 K1III
-3,376336 13,156467 M7V
-10,467118 8,262225 G1III
-14,382996 8,815457 K3V
22,439717 -6,006217 F0I
22,832643 -5,178645 F1III
23,799577 -7,023987 B5V
29,165831 22,809017 B0V
-4,096949 14,799742 G0I
-7,528758 12,073318 F3III
22,380874 -5,691665 A2VI
19,960860 -8,165581 M3IV
-11,016920 5,189867 M4V
29,166736 24,350263 A9III
21,974543 -5,485872 G4II
-12,883929 7,904332 A6V
20,686693 -4,569791 F2IV
23,128781 -6,768555 K3III
-9,643165 7,563918 A2II
22,896272 -7,741070 K9II
27,873094 21,694622 G9I
-6,055488 -3,544530 A6VI
-7,939425 -7,869047 B8II
-9,211787 -4,542317 M5V
-11,350069 4,828114 G0II
-8,000366 -7,120488 K5VI
-4,033104 14,310890 A6III
22,086692 -5,152693 O4I
-7,609911 -6,928420 A1I
-11,529244 9,541487 K8IV
21,987673 -9,314230 B1II
26,606962 21,615039 G2III
-6,681995 12,526659 O9IV
23,178147 -7,206545 F1IV
-5,583217 -6,186801 O8II
20,401027 -6,751025 M9IV
-7,988870 12,407210 F0II
22,785871 -8,379984 A5III
-8,676682 -5,489263 B2III
-7,145035 12,716922 F1III
30,658119 22,894184 B5I
-6,358249 12,803045 K4I
-5,390852 13,822751 G9II
-5,048381 11,110757 G1VI
-6,612307 13,245375 B4I
-12,128975 6,653013 F9III
21,883408 -6,657535 B7I
22,111485 -6,765684 M0VI
-5,949742 10,111969 O2VI
-7,383904 12,328681 G3VI
-8,111558 -6,438526 O2IV
-5,532712 12,886452 F2V
-6,295893 -4,492764 M6III
-9,794332 -5,947597 B1V
23,158922 -6,391534 B5VI
-13,523270 5,298625 G2III
-9,499841 -4,581735 F6VI
-10,284951 6,872641 A7VI
25,835267 23,629557 G3II
-5,808775 10,878219 B3IV
-6,103306 -3,828481 K0IV
26,132197 24,376517 F2III
29,668079 23,551459 O2III
-4,060452 10,637827 A9III
-6,173390 9,953982 A2V
-5,836758 11,605980 F5VI
23,616481 -6,880596 K6IV
-5,463149 10,063892 B4IV
-8,499749 -5,392049 F5I
19,949431 -7,938134 G8VI
26,791813 23,775100 O3VI
-5,602325 -6,570701 G6VI
24,308912 -6,359969 K1III
-7,972162 -3,478165 G3II
23,853890 -6,905581 A3VI
-11,096684 6,496348 K9II
-5,043766 12,644534 K3VI
-5,205360 10,283695 F7V
20,726295 -6,191571 B6III
22,911691 -8,236767 G7V
-4,069439 14,090032 K6II
26,921330 24,751682 M9II
-7,889664 -5,503221 G4II
-11,771432 7,747109 G9V
29,020027 24,715450 K2III
-5,514892 -6,818388 K7IV
29,082707 22,045062 A2VI
-10,275874 6,902471 K9V
19,598197 -6,163264 F6I
25,715815 22,491151 O9I
27,587021 20,767859 O9III
-6,653858 10,795452 O7V
19,788798 -8,140731 K5VI
20,214998 -5,648792 O5IV
-7,853504 -6,954813 K0V
-8,054004 -6,244730 M8II
22,773489 -7,121685 G2III
21,143648 -4,580498 K4VI
22,321422 -6,884756 F1VI
-3,316845 14,131610 B6IV
-12,259443 5,774384 M7I
-2,918489 11,262616 G7V
22,245335 -9,518210 M3IV
22,689475 -8,762752 F3I
20,811929 -7,656629 O9III
-14,498328 6,474107 B8I
23,159431 -7,986212 M0IV
20,060601 -5,549217 F2III
-8,510725 -4,804804 K7V
28,143841 20,924705 G6VI
-12,072298 8,642967 O0I
29,709747 24,616544 M1VI
-6,306695 13,886760 M4II
-10,398907 8,819065 K3II
-13,115217 9,798553 B7V
-9,083633 -6,472945 F3I
26,452726 22,422264 A8III
-5,436039 11,837589 A8I
26,150982 23,726182 M8IV
-5,233922 12,922244 G1VI
27,781665 20,900252 F2VI
-12,971974 6,253435 A1II
29,755781 22,779165 F5I
-14,214402 7,512553 G4VI
-6,219496 -6,016543 G0V
-10,335069 9,145985 B5I
19,733824 -8,710678 M0III
-11,554127 8,905416 K7V
-5,647457 -6,302273 A2II
28,390838 21,683019 A5II
-12,457051 5,464459 O9V
-3,262524 11,014685 M0III
27,510318 25,033611 K9I
22,168057 -8,507518 F6III
-9,495738 -5,486797 K9V
-14,505870 7,903603 O8III
26,702019 21,359009 O9IV
29,133977 24,377423 B0VI
21,272974 -7,108526 G3I
-3,044445 11,182512 B8IV
-3,237369 12,701065 K5IV
-3,324498 11,580668 B9IV
-10,409531 6,328970 O0I
-5,735439 13,997268 K7II
28,043850 20,463746 A8VI
27,246187 23,793588 G5III
20,800798 -5,935685 F5V
29,928631 23,144452 G5IV
28,508498 23,380825 A3II
26,887936 21,757839 F9III
-6,494240 12,810327 F3IV
26,593683 24,291094 A4V
21,133163 -8,542140 K5III
23,746436 -5,384521 O6VI
-4,490268 13,690890 M3II
-3,532359 11,350450 B4IV
-10,551778 5,511327 O4VI
27,711964 22,390517 O9IV
21,092594 -5,566682 G2V
28,026379 23,179955 F2VI
-11,978304 6,792176 A1III
29,396237 22,643600 G4II
28,680022 25,007488 M6III
28,407882 24,072332 K9II
23,438149 -5,897863 K3III
-9,787475 7,398742 M7VI
-7,338448 -7,637059 F4VI
-12,477981 6,224186 G1VI
27,527248 21,867110 K2V
22,380235 -9,320717 M5V
21,607480 -6,125840 G3V
-4,243021 10,779237 O8III
-6,965282 -5,152730 F3IV
-12,350951 9,122553 A5IV
27,586253 21,170907 M1I
22,734195 -9,467223 K7VI
-8,966091 -4,269966 B4III
-7,038353 10,422666 O6I
-5,924708 13,530228 M1II
-3,937275 10,901837 F5II
-7,616971 12,810288 B0IV
27,621012 24,079085 O0II
-5,308263 -4,954226 K7IV
-5,246513 12,263263 A8IV
26,747102 21,449466 A3VI
-7,105516 -7,982081 F9I
21,551081 -8,575983 F7VI
22,999545 -7,566585 G5III
21,343672 -6,805788 K0V
-13,902749 7,189783 G7VI
30,206240 23,948937 A6V
21,096287 -8,158805 F0III
27,331587 22,831893 G3IV
21,573359 -9,027631 B6I
21,659496 -6,878535 A5I
-12,485859 7,811657 F0I
27,628762 24,021688 B7III
25,363802 22,867751 G7VI
19,832117 -6,999031 A0I
23,422577 -5,675211 F9IV
27,820751 22,049670 B6III
-5,545809 -4,894559 B6I
21,855844 -7,480483 A4V
-13,558545 8,024414 G4V
26,460539 21,312962 F9VI
22,229625 -9,329650 O5VI
28,860329 21,538219 G7V
23,585054 -8,526340 K6III
-7,809291 -4,251479 O0VI
-14,592568 6,663641 M4IV
29,936159 23,393619 B7III
23,584733 -6,119093 M5II
27,370713 21,613631 G5III
-6,179468 -7,300059 O5VI
-6,135449 -5,286281 B0IV
29,380104 23,695277 O6II
-7,646852 -7,753869 O1VI
-4,592562 10,356193 O0II
-6,775784 -3,553791 G1II
21,137685 -5,971724 K8II
-8,617705 -4,104967 A8VI
-3,414798 11,675696 B1III
-9,881444 -6,440331 F4V
-3,084559 11,377294 B9VI
-5,328534 -6,187154 M9VI
-3,354302 11,993066 M6VI
-6,274364 -5,445416 O5I
-9,162452 -6,110599 O3IV
26,708822 22,280135 F6I
-9,629677 6,824727 K7I
23,735709 -5,908843 G3V
-5,601861 10,284317 A2VI
-4,736018 13,484216 O8VI
-5,756478 14,313437 K8III
-11,261827 9,786269 B7I
-11,914444 8,988964 G2III
27,986675 23,601385 F9III
-4,957288 10,711960 K0VI
22,723464 -8,925397 B0VI
-12,960898 6,921935 B2II
-9,826752 7,509856 F9I
-7,141142 11,912915 A7I
-12,864095 7,449087 O1II
-8,240760 -7,321077 O5VI
-3,722193 11,508139 G5II
-7,020642 -3,844158 B4VI
-12,789145 7,731856 M1IV
-9,071966 -5,227846 A5I
-5,586787 14,329262 M7IV
23,393747 -9,019501 K4VI
-7,981339 -5,259605 K6III
21,433366 -4,870301 G5VI
26,451291 22,549619 A7I
25,444378 23,237674 G5III
-8,959511 -5,308147 G0V
-10,055149 6,763221 A7V
23,453629 -8,829671 M1IV
-6,725633 10,915370 B8IV
-4,800578 13,116451 G3V
27,350035 21,083876 M3III
-12,740239 6,514779 G9II
-7,880997 12,911257 A0I
29,989380 21,850110 O6II
-7,097842 11,459027 K4III
-5,861646 13,809099 G0III
-9,989110 7,039225 A0V
-7,774595 -6,507629 G7III
27,524206 22,131825 A5I
-10,060733 -6,137762 K7IV
-7,434202 -5,610718 K7III
-12,210596 5,747771 B7IV
-6,016152 -6,884923 G2V
-11,061229 7,939748 F1III
-12,739294 9,872309 M3II
27,764681 21,101939 B4I
-7,174618 11,197748 B8V
-4,607882 13,278791 G8III
19,300490 -6,544930 O9IV
20,968153 -9,139993 M2II
19,813794 -5,297126 B8III
-7,526095 -3,570567 A0V
29,845188 23,699705 A0III
27,382972 23,836138 B0VI
21,368481 -4,850361 F3I
28,186015 22,434578 B2II
-7,179120 -5,938946 B5II
-5,486976 -6,909073 A0VI
-4,599806 12,878149 O3IV
26,496549 22,529323 B6VI
30,348922 22,296059 F6I
-6,875912 11,875752 G5II
21,341470 -9,249859 A9IV
-13,276521 7,617034 K7II
23,500554 -8,619818 K9VI
-11,396296 5,204686 B1IV
-6,568601 13,679385 K9I
-10,043081 -5,705280 K2II
-13,108059 5,789482 M0III
23,835582 -7,477228 B5IV
-12,401395 7,041199 O1III
-12,123477 7,629742 G2III
27,830551 22,101932 G4VI
-3,637679 11,884581 O1VI
-4,747916 14,690033 A8I
-6,689617 -3,355192 G8VI
-11,801264 8,752308 M7II
-7,224700 -5,236592 K1IV
26,746139 20,748671 A8VI
20,063064 -5,899588 F4II
26,098564 21,926530 G8IV
-12,228158 8,346147 F5IV
20,607777 -4,562385 B0III
20,394702 -9,253586 F9II
-13,608948 9,048857 M1IV
22,054531 -4,456557 K1V
-8,066718 -2,813858 O9V
28,133106 21,533469 F1I
-5,947026 -5,793398 M7II
19,238704 -6,952956 F4II
29,377834 22,146601 O5V
29,724410 23,436642 A4IV
-4,416141 12,300561 O8V
22,419533 -6,754587 F0V
-11,330775 5,721957 A7VI
-14,000385 6,307935 M4VI
19,917293 -6,547515 A7I
-9,611116 -5,011698 A9VI
21,138508 -7,535828 K5I
-4,705676 14,123952 B7IV
-9,995033 6,064828 B5I
27,093818 24,872837 A7V
30,336494 23,949294 F0II
-13,158165 8,887879 F1VI
-9,810688 8,197880 K7I
-13,208888 7,242506 G6VI
30,501058 21,917155 A6VI
-7,552323 -6,957606 G2I
-13,641069 8,620863 K2VI
24,028758 -7,495777 F3VI
26,745071 20,917939 O3I
24,097428 -6,926246 F6I
19,421349 -7,583868 A2V
-6,024727 14,469072 G1V
-10,845520 8,914285 K8III
28,588975 20,585966 F2IV
21,690506 -7,804555 G7IV
-14,028058 7,154604 A7IV
19,841693 -7,809295 F8II
29,124056 23,914273 K8VI
20,432329 -4,781198 O3IV
-12,610242 5,323883 F0II
-3,926673 12,653111 F0III
-8,194742 -7,164221 A5II
22,396564 -8,705884 O1V
22,511057 -6,685637 O1V
-5,519193 13,979954 M4VI
21,982540 -8,659598 A2VI
-2,800455 11,601669 G1V
-12,517552 9,311966 G5III
21,402345 -5,096189 K8II
-11,844756 7,556434 F9I
20,916902 -8,509616 M6IV
21,106121 -4,411744 B4III
-5,579566 -6,120347 K6IV
-7,751614 -2,873687 O3VI
22,320668 -7,041200 O6VI
-10,515834 9,442489 B0V
-9,646790 -5,596646 B7I
-4,565544 12,866761 F3VI
20,740705 -8,954588 A9III
26,298623 22,414282 K9IV
-7,392266 -7,905074 K0V
-8,346430 -4,271979 A8III
-13,625671 9,261069 M1V
-9,638950 -5,843183 K8IV
27,932329 23,261998 O0IV
19,890000 -5,422686 A3V
-13,812624 7,104525 B3IV
27,041295 22,350374 K6II
20,162694 -8,816245 K3II
-5,300296 12,907886 M5II
27,345825 25,009311 F3II
21,256576 -8,920838 O7III
25,928658 24,066478 F0II
22,734277 -6,021698 K7V
-11,499459 5,253611 M6IV
-5,856257 -6,993999 K6I
27,375001 25,160983 F2I
-4,746476 12,915780 O3II
-11,624263 9,772208 K5V
27,607878 20,565400 O3II
29,971789 24,255929 G9IV
-4,336992 12,672896 K1II
23,962252 -6,879814 A1I
-7,635477 13,184945 K1III
-4,814568 13,926873 O7VI
-3,132090 11,392620 B7IV
-14,544652 7,774248 G3II
26,607403 21,164536 K0II
-8,528692 -4,703889 F6I
-6,787984 10,576899 B4I
-6,619325 12,612915 A2III
30,161692 23,117269 O5I
-6,080095 -5,126570 B8III
28,422665 22,718853 A2V
-5,322982 -3,897206 A9I
27,174035 21,087237 O7I
26,406189 23,641343 M6I
22,846998 -6,319387 O4I
-7,188577 -6,709250 K9II
27,351466 24,218327 K5V
30,163118 23,288081 B5VI
-8,369033 -6,577290 O2V
-4,631600 14,171811 K2I
22,302381 -4,887728 G5III
-5,576696 10,773193 A5I
-4,990003 11,876942 A1IV
-5,784861 -3,996953 A8VI
-11,135655 8,708188 K0I
-5,402242 15,091600 M3III
22,072697 -5,195082 B3VI
28,932242 24,237793 B6II
-5,105956 12,373687 B2VI
-7,961443 -5,409157 G7II
27,430292 23,173302 M6VI
-6,167685 11,652810 A4IV
-2,716388 12,027784 A4VI
-11,423739 9,610685 M9VI
-5,019284 11,140185 G5IV
21,336286 -6,020609 F9V
26,277806 23,967466 A2V
23,655938 -6,813364 M3III
-11,086706 6,877790 G2VI
22,499812 -6,257861 G1II
-6,782374 11,727205 B0III
30,338322 21,776035 M7III
-7,736751 13,464531 G6II
-6,541399 13,171299 M8V
-3,709718 11,103304 M5V
-7,274018 -3,544169 B5II
28,311459 21,018406 O8III
-8,841937 -3,188894 M1I
20,967000 -5,867354 M5V
-7,403619 -3,019407 O1I
-7,050454 -7,861603 K9III
19,801644 -7,870341 K9II
-9,476017 -4,991010 F5V
-10,761897 6,269322 G9I
29,903236 23,089316 A0V
-5,047619 13,255901 A2III
-8,452169 -7,176667 F8IV
-6,727870 -3,966428 G6IV
21,708279 -7,147033 B3IV
23,000749 -6,744117 O9I
-5,118493 -5,503016 G5III
26,883762 24,291318 K0IV
-8,969883 -7,619169 O9III
19,529250 -7,518674 M6V
-3,636549 13,592630 O7VI
24,266544 -6,532929 A0II
22,849050 -7,061312 F0V
-14,215784 6,987979 G9VI
21,176187 -9,223524 G2II
-12,582276 4,806665 K0VI
-11,327346 8,737115 G0IV
-7,569595 -6,595487 F9VI
-12,411013 7,606165 G3VI
-6,960913 13,417914 A3III
28,416749 20,211083 K9I
22,118555 -5,334534 G5I
22,049190 -5,085760 B1I
-13,283231 9,505791 O4V
-7,842660 -7,516300 K5IV
28,843383 23,608070 G5III
22,703134 -6,421776 B6I
20,466882 -5,539812 O2I
19,784092 -5,925874 A6II
-11,677093 5,226191 M5II
-5,145665 13,477600 B9IV
-5,828093 14,571896 F5III
30,140135 24,305000 G2I
-5,546060 -5,085934 K1V
-8,275969 -7,636828 F0I
19,524580 -6,219856 M0I
-12,320380 6,840991 F6I
27,412548 21,343715 F0V
-7,215211 11,102674 B2III
21,487650 -5,708419 A2IV
26,777981 24,184263 M8VI
-7,026105 12,959760 K3I
-7,976475 -5,276412 F6V
19,392003 -6,273727 F9III
27,738750 23,710933 B0I
-10,828656 8,230473 K1II
27,017739 25,329705 B0IV
-8,822926 -6,740472 K2V
-6,172658 13,107578 A4III
-10,538871 8,850089 O7VI
-5,103766 -5,709881 A1V
-5,048590 -6,101364 A3IV
20,579369 -5,367364 A0II
-9,665142 7,253071 G0V
20,730441 -5,843868 A0VI
25,596281 23,694670 B8IV
-6,662922 -4,667620 G9V
19,691082 -6,344839 F3I
-9,644457 -6,099061 B2II
-4,594254 10,700965 G5III
-8,133012 -6,029384 O6V
-7,630311 -8,045017 M5I
-9,679416 -6,199103 B7IV
-6,025841 13,057632 F2V
-11,593519 6,172248 A1IV
29,526474 24,502134 A3IV
-3,432228 13,161573 A2II
-6,780124 10,370778 M1I
20,707375 -8,347733 F4II
22,816328 -6,312482 O0II
-7,967061 -2,993326 O1VI
-9,514206 7,257792 M6V
-5,703803 14,278364 G7III
21,975820 -7,256110 B8III
24,301796 -7,258831 G9VI
26,315263 20,945126 M9I
-13,159742 6,818617 K3II
-13,873605 6,296567 A7I
21,347288 -7,090733 F2I
25,779132 23,062937 K4III
23,542187 -6,024823 F0II
25,875637 22,129808 F6I
22,751398 -8,947251 F2III
-9,983491 8,609450 F6VI
-8,452586 -4,072089 B4VI
28,665464 22,447397 K2V
-13,667352 7,630084 B2I
-8,519587 -3,446466 K6VI
-10,909499 6,661715 O8II
-8,186247 -6,945883 O8VI
-3,488734 12,153112 K7II
-8,716065 -7,318846 O7III
21,237759 -8,200705 F8VI
19,265858 -6,705644 G3IV
-2,859906 12,160348 F3IV
-4,137306 12,496264 A5III
-3,662507 10,757635 G0III
-8,295102 -4,438733 F7IV
-8,324624 -4,716946 A3III
25,943703 23,507625 A4IV
-12,292814 5,553436 G9I
-5,222643 14,696510 F6VI
-5,036174 10,785103 G6III
30,339817 21,566734 F6V
-6,151058 11,506144 M3IV
26,858744 24,387317 K9I
29,454375 21,554978 B8IV
-14,529286 7,524683 O4VI
22,370693 -7,486435 A9II
-7,918126 -6,749829 F5I
21,981849 -8,317239 A1IV
26,597255 20,607323 K2I
-8,765642 -6,838543 B0V
23,409740 -4,980776 M2III
22,699851 -7,764365 B5IV
-12,775902 9,728974 G6VI
-9,400779 -7,291048 F6III
-6,106688 11,216658 B3V
23,308868 -6,795983 G7VI
-11,137387 7,795471 A1V
23,340798 -5,639775 G9IV
-8,632049 -5,980822 O6V
29,961960 23,693273 A6IV
-5,335899 -4,382789 G9I
20,709856 -4,767591 B4III
26,869749 22,653820 K3IV
-5,466037 -6,477687 K9IV
27,528715 23,022080 G4VI
20,652945 -5,897659 M6I
20,199700 -4,896226 F6III
-11,928944 9,465892 G5VI
26,523476 21,458734 O4III
27,891238 25,023349 A2IV
-14,192134 6,248997 B4I
23,059740 -6,720200 K0I
-6,305225 -7,619506 G8III
-6,895599 -2,928783 F7V
-5,465197 13,685581 M9I
22,704184 -4,988505 A8III
-5,068064 14,290825 B4IV
-10,152827 8,952122 G0IV
-7,799411 -3,660386 O4I
21,228476 -8,453484 G4I
29,240643 25,158520 M5V
-6,236766 14,450432 M5VI
-3,189339 13,811426 M0II
27,569117 22,371043 O1VI
-12,732110 9,164621 B8IV
22,863280 -7,859119 B4V
28,702086 25,316539 F3I
-5,313722 -6,745383 K2IV
23,591905 -5,204460 K4III
-7,069979 -6,896049 F6V
22,716914 -4,497852 A2III
23,664889 -6,367865 A6II
21,052182 -9,497123 B5V
-8,911843 -7,208714 F4IV
-5,416619 14,120722 O1V
-11,547672 9,284707 O5VI
-10,996132 7,359923 O1I
-4,280960 12,451538 A5II
-8,742923 -3,367014 M5III
28,094020 21,867802 M8I
-12,747953 9,358849 G4V
-5,503167 11,629839 O7III
23,362965 -8,250226 O3IV
-6,943787 -6,881282 O5III
19,180526 -6,875598 A9IV
-13,889004 7,826130 M4IV
23,354923 -6,142839 K0III
-5,590361 -6,250100 O3III
-6,340822 10,024279 O6II
-5,800604 12,768156 K6VI
-6,644445 -2,882189 F9VI
-7,749683 13,498819 A8VI
27,967147 22,404495 M8II
23,610624 -8,424920 G6IV
-11,099181 8,658286 A1VI
-12,939589 5,829122 A6VI
21,591132 -6,549141 G8V
-13,233338 6,638516 M8V
-5,772066 -3,369369 O9III
-9,395238 -6,718225 M0IV
28,382726 24,792949 M2II
-7,176360 -5,572788 M8V
21,847166 -5,380820 A8III
26,733630 22,900046 O1III
-9,584708 -4,712555 G2V
-5,362168 11,781558 A8IV
-12,084200 7,888711 K4VI
-10,438361 6,900790 K7VI
-6,773546 -5,218315 A8I
21,116230 -9,385492 A3IV
-7,746806 -7,139976 B4II
-8,207730 -3,049223 O5VI
-7,336444 12,576518 B9IV
-7,270547 11,578284 K3I
-12,500500 9,140815 K3I
21,214425 -5,242439 O7III
-5,117106 13,752087 G1IV
-11,818771 7,301646 F9VI
21,197546 -6,708206 O8III
-5,646303 -7,001128 K1V
23,182153 -5,229850 A6III
25,564363 22,844196 F5VI
-7,576283 -3,615434 G4II
-14,001955 7,897821 G7III
28,655307 20,904262 F8VI
-5,348326 13,140733 A0IV
-8,315879 -7,112629 K5I
27,001979 23,088631 F7IV
20,365566 -6,169306 O9V
-10,171297 6,211159 O0IV
19,977303 -6,295363 B4II
-5,044174 9,916423 G2V
-10,445826 8,434872 M3I
19,692268 -7,449701 K0IV
28,231252 20,789713 A9VI
-4,847719 -5,559492 A0IV
-14,147295 9,211398 K6I
-11,848677 4,984179 B0I
-11,880228 9,383881 O6III
-5,203610 14,942241 B9VI
20,242273 -6,976535 F9IV
27,117289 21,570928 M3III
-6,972305 -4,046093 F2II
-6,007821 12,737444 G7I
-5,660543 -3,677420 M6V
-6,999046 -3,377152 K9IV
-13,956661 7,814911 A1III
-9,636232 8,002566 A2VI
-10,738675 8,501373 B0I
21,741152 -5,245561 M1I
28,425218 22,564387 M2VI
24,008772 -7,571239 B4V
27,193972 24,104342 B2I
-6,249262 11,905843 K7V
-9,214707 -7,375498 F9V
26,320311 21,945550 M9III
26,409890 22,248888 F7II
21,872586 -9,176388 O8IV
-4,903446 13,548906 G0III
22,615284 -7,509993 M3VI
-4,731677 11,110038 O6IV
-4,859044 10,921669 F3IV
-6,014673 14,744272 G7V
26,527275 20,716740 B6III
-13,357035 6,862150 K3I
-12,578555 6,519338 K5I
-6,110450 -6,453519 B8I
22,476024 -5,722805 O8V
28,515206 22,059777 G6III
29,632284 24,713263 B6IV
-7,182366 -4,137089 A6III
-2,773132 12,170015 G4II
-5,555328 9,984537 O7IV
-6,415815 11,667370 G3IV
29,609018 21,468202 B8III
-11,513055 4,838211 O9II
-6,118152 12,633678 O3V
23,379450 -4,984442 O1V
-5,039738 12,246987 M6II
-12,671567 6,659644 A0IV
21,018924 -6,282013 K2II
-12,211373 8,475085 F1V
-6,561218 -6,425372 O9II
22,120899 -6,065601 O5II
21,524012 -7,190233 G5I
-12,587465 9,972069 F6II
-14,292268 8,883074 F5III
-11,559073 4,819625 K7III
28,369069 20,989152 G6VI
20,454765 -8,820044 F8VI
-4,491555 14,243587 B9I
-3,076074 11,586019 G4II
30,287940 21,460886 M8IV
-3,572051 11,810713 B8I
-9,292196 -4,933242 A4VI
-5,697041 11,619170 M1V
-5,771860 14,577648 M0VI
-12,949975 6,202438 F8III
26,551059 23,943665 G3I
-4,629901 12,458570 F0VI
-13,512621 8,077381 K7IV
29,834006 23,531148 F6VI
-10,290477 8,940111 B6II
21,867767 -8,746606 F6IV
28,829878 24,247590 F0VI
-6,305177 13,152277 M9II
-7,959248 -3,609191 M1V
-3,282979 11,125066 M8III
-3,006967 11,290298 M7I
30,397426 23,042699 G2II
22,305393 -4,368879 A3V
28,953849 22,583953 A5II
-7,495605 -3,353661 A7I
-5,200659 14,718187 M5II
27,371032 21,301469 O4VI
-7,387218 -4,869126 F3IV
-7,155467 -3,554511 B4V
-7,251757 -3,501802 O3IV
28,021016 24,909861 B5IV
23,963379 -8,253050 F4IV
-7,137280 -5,170317 M5IV
30,189964 24,092058 G9I
-11,643952 9,688865 G6I
29,835045 24,474539 K5I
-12,147814 7,036526 B0II
-14,564358 6,556700 M4VI
-10,131689 -4,878322 M5II
-12,321283 5,148690 G3III
27,081884 22,618487 O2VI
-6,476173 -5,106019 M4I
-11,308874 9,444770 A1I
-5,263936 -4,524033 K0V
29,108486 22,848117 K8III
22,088504 -6,279084 B1V
27,709710 20,297266 A6I
-11,525028 8,069230 G5IV
-5,407142 14,738588 G2II
-6,362941 10,383481 O8IV
-12,919053 6,262000 K4III
27,501668 23,928748 M2II
-8,928976 -4,989387 O6I
-10,486952 6,113340 M5II
-7,145369 -4,418085 O6VI
-12,026565 8,832340 O0III
21,606562 -7,109563 M1III
-14,137506 8,794225 G0II
27,469200 24,678529 B8II
-9,988669 8,823931 O1V
-12,441466 7,261505 F4VI
-8,858649 -4,802339 A5IV
-8,947349 -4,110831 G9VI
-13,204287 8,144418 G4IV
-12,000996 5,060012 K1VI
-5,897716 -6,694233 A7III
-10,025376 5,777764 A4VI
21,656949 -6,668265 K3IV
-7,996809 -6,913453 K7II
28,830044 23,301677 K5IV
-6,890674 10,735689 K8IV
-7,425393 11,521994 O5I
21,949836 -8,533172 A5I
-5,755107 11,759590 M6III
-7,052648 -3,065398 O1V
-5,465224 -3,891864 F1VI
-7,342952 13,558216 M7V
21,553930 -8,465771 K4I
26,713579 23,024281 O5IV
21,907452 -8,565545 K6I
29,815815 24,313406 A3V
23,772241 -7,365301 G2I
28,947384 24,503167 M0VI
-14,038952 5,904184 B1V
27,504506 24,643531 G5VI
-5,912198 -5,544107 B9VI
-12,832037 7,822397 M2VI
-6,113035 -3,936019 B7I
19,368498 -8,125896 G5II
23,140408 -7,120010 F5VI
20,182827 -7,451909 K0I
-5,786440 -6,655893 A3III
-5,651037 11,870768 K7II
21,426388 -6,185587 B1V
-2,915979 11,711747 K1VI
19,696078 -6,485739 M3IV
-6,766354 14,515543 G5V
-12,309293 6,741769 O2V
-11,790016 7,888409 M2I
29,053777 22,579349 F1II
27,221276 24,428344 F2II
-7,021603 -5,605841 F2V
26,892312 24,563741 O7II
29,654957 22,875439 A2II
-11,055890 7,735161 G2V
23,403085 -7,372359 A7III
-6,341288 -4,266204 O1IV
-5,325923 -4,886442 F6IV
27,040431 23,275331 K4III
-4,580309 14,531383 B8VI
-8,486393 -3,729386 A4V
21,867513 -6,082661 O1VI
-5,760801 -5,126190 A5IV
-4,327807 12,913816 O5III
25,852249 23,574620 K0I
-8,316683 -7,454873 A3III
-4,973106 -6,327841 B4V
-5,572969 -6,382790 M6VI
-11,255635 8,464593 M9III
-11,852197 5,811359 O1VI
-6,565488 12,525801 B6I
-5,467858 -4,502565 M6IV
21,246250 -5,906648 K9III
23,769902 -7,488419 O6III
-10,699640 7,938494 B5I
-11,485969 7,457301 A9II
29,626447 24,286044 O7III
19,583260 -5,849329 K3VI
22,198473 -7,424488 B4II
-5,103188 -4,515934 A4I
-5,580563 -3,984505 K5VI
-8,895890 -5,854763 K0IV
25,362625 23,051938 G5III
29,586529 20,883110 A4I
20,888060 -6,514140 O0I
-4,584256 11,900781 A0II
-11,810323 6,506423 M2III
29,655608 24,477018 O2II
-5,711036 11,243455 M3IV
-8,451950 -5,163856 B4II
-5,708816 -3,736599 G7I
-7,508509 13,462216 B4VI
23,523046 -6,199856 B2VI
26,009380 23,266155 M4II
21,009808 -6,370411 K9I
21,525060 -4,757459 B7IV
30,016450 24,426609 G5V
26,287553 22,100436 M5IV
26,686463 23,301202 K8I
-7,405991 -6,457217 O2V
-5,368772 14,213298 F9VI
-5,706550 -6,890057 O1V
21,847600 -5,312657 F9III
22,774599 -7,272667 A1IV
-7,981032 -7,341909 A3II
-11,321307 7,072279 G1II
-11,317633 6,956419 K6IV
-9,879899 6,823661 M1V
-12,615559 5,408323 K6VI
20,599094 -8,745098 F2II
19,389574 -5,964026 A6IV
-7,043654 -6,567226 M1V
21,744439 -8,733614 F1IV
28,522259 24,347971 M7IV
26,834683 24,788399 F0II
27,990223 24,928021 G6V
22,069901 -5,748641 F0IV
-10,157363 7,143654 F6I
-13,536168 7,226993 A7V
-5,870230 14,654564 F2V
-13,459552 5,119670 M5I
22,159438 -7,413962 B7I
23,353189 -5,497734 O1IV
-13,066030 6,729843 B2V
-5,454588 13,620884 K4III
27,186051 25,224726 A6V
25,754371 23,578709 K4II
26,122752 21,647810 A1I
-7,935673 -4,996206 G2VI
26,722761 22,087167 M7VI
29,539008 23,045917 F0I
-13,108238 7,903710 B2IV
-11,212565 6,094814 O8IV
26,579280 21,955831 A2II
-6,668176 14,360667 K5III
-5,383721 -5,692547 B0II
-8,956858 -6,718003 F2V
-7,819460 -6,598550 K5III
-6,254109 13,199689 M2III
-7,279195 13,275031 F2V
-4,445875 11,964072 M1II
30,079121 22,051575 G2IV
-4,932263 9,877723 B4IV
-4,265738 12,640782 O9III
-4,028194 11,112457 F1V
-8,058632 -7,903424 F8II
27,368425 21,635552 B6IV
-11,732217 6,860754 M3IV
20,006390 -7,800927 B0III
23,964145 -7,439088 A5VI
-3,820482 10,578560 G5I
19,964112 -5,448995 O7II
21,314696 -9,420739 G2V
-7,607310 -7,701117 G9VI
-5,083837 14,064200 K4II
27,394026 23,360320 O6V
-8,451424 -7,283225 G1IV
29,483483 21,678695 G6I
21,596825 -8,534479 A7III
22,285459 -8,593077 M2III
-11,066737 9,398682 G8VI
-6,650757 13,283945 K1V
-8,882724 -6,156527 K5III
22,786142 -6,978573 K5V
-7,128605 -4,478524 K4V
-12,409771 6,730282 M0IV
-10,589129 6,088213 F0III
-12,751748 8,939159 F1III
-12,619560 7,941441 M0II
-4,933783 11,082002 A8IV
28,761463 21,213588 A0II
-5,536061 -4,463608 A0III
27,365931 23,193890 A6V
28,850173 22,727624 A4IV
26,205857 24,647415 A7V
-7,440518 13,262385 M2VI
-4,885941 14,118869 M7VI
-11,651289 5,580132 G1III
28,571404 22,983773 G6I
23,233255 -7,717922 K7IV
-7,690254 -5,261094 O6II
-4,230741 13,936787 O7VI
-11,634769 9,349554 M4VI
-3,330207 13,621095 K6I
-5,029398 10,143902 B0I
-6,278043 -3,469001 G1V
-7,380344 -7,943570 G8IV
-10,774408 7,301333 G2I
19,865953 -6,754715 K3II
-6,613284 11,329424 F6VI
-5,748651 -4,277807 G9V
23,861727 -6,426015 O6III
21,030881 -7,360833 A3IV
21,912826 -7,509621 G2VI
-6,449155 -7,108552 K3II
26,773475 21,407813 B0IV
20,443184 -6,007491 F9III
-7,496842 -7,281102 G5I
-10,874836 7,811961 G8VI
-13,108121 8,266528 M9I
-12,590744 5,533841 O9II
21,748930 -6,041144 A5IV
-10,739405 9,485739 K7III
20,060506 -6,232769 O8VI
22,137718 -7,794851 A1I
22,503206 -8,469265 B7I
-5,654594 -3,631277 A8IV
-13,135702 8,316758 O7V
-7,647851 -7,750388 A7IV
-14,112462 8,591700 G8IV
30,062765 22,267861 F1II
-7,130882 -3,703373 O8II
22,218901 -7,392403 O0III
27,526135 24,500065 A9III
23,434411 -5,552708 O8IV
25,817886 22,673462 O0III
-4,783461 12,896277 O5VI
-6,223469 14,815130 O9III
-12,766191 7,727181 B4IV
-8,612785 -4,296806 K4IV
-6,370158 -5,989207 K0III
29,784470 23,193004 M4VI
27,482338 23,029975 K9VI
-11,860351 5,780199 K3II
26,072126 21,256144 G5V
30,336702 24,239152 M2VI
-4,686403 11,969950 G6III
-10,047628 6,842438 O0I
-7,926610 -5,774981 F7V
21,910875 -6,735480 B2VI
-13,427119 6,062919 F7II
-11,984132 5,208946 O8II
21,345996 -7,014240 F1IV
-6,896106 -4,774692 M1II
-6,326856 -5,716506 F8V
22,711294 -5,613461 G9IV
27,006976 20,728897 K6I
-2,914669 12,238985 F4V
30,360956 22,648783 A1I
23,287989 -7,416715 G4II
-12,794243 9,775014 G3II
-11,052702 7,542077 B0I
-4,510739 10,179712 G1II
21,100399 -6,447964 M4III
-3,914773 14,128984 A8IV
-11,613489 8,655170 G0IV
-9,648002 7,232578 A4III
29,495552 22,434721 K9II
28,397000 25,310194 M0II
-14,165934 9,037014 G7IV
28,311978 24,931699 G2VI
-8,978810 -3,418938 K4IV
-8,099852 -6,074112 A7III
29,845819 21,001890 G9II
-3,197931 10,903206 A3V
24,099225 -6,717194 F8IV
-6,646362 -3,552688 A5V
28,004580 23,276446 A1III
22,391888 -6,816942 B7III
27,646859 25,313584 K0V
29,952165 21,060963 F2V
-7,769307 -4,817769 B5V
-12,432184 9,231324 A9I
26,943694 21,748935 A2IV
29,135541 22,699846 F0III
28,943426 24,548387 O4I
23,154178 -9,271293 O8VI
-10,608212 7,041777 F3III
30,158000 22,949271 K8V
-9,828474 8,155930 G0III
-14,057282 7,995888 B4V
-13,706444 7,431191 F6II
-7,858412 12,956884 K9I
-6,398054 -4,065170 A5I
-5,090032 -4,927989 G1II
-9,317574 -3,978419 M7I
29,013463 20,718285 O1II
29,441467 24,730707 B5III
-3,456069 14,109003 O5V
-13,579081 7,046468 M8III
22,032575 -6,706956 A6I
26,109162 23,490359 A6I
-4,056346 12,520073 G3V
-12,185515 5,692118 F8IV
-9,724847 -6,740631 O0V
-5,889603 13,837702 F2VI
28,733752 25,276687 K5I
-6,396882 -7,724422 M2I
23,461216 -6,499316 B3II
28,187650 21,536813 G0I
-7,675044 -7,250877 F8V
-4,624032 12,704018 F2III
29,461573 22,580399 K8III
-10,981662 5,822545 B4I
-5,885456 9,904622 B8II
23,761437 -6,337223 B2V
-5,298545 11,580441 A2VI
-8,918090 -6,976781 M2III
20,382688 -5,079582 F1VI
-7,767721 -4,447853 A2III
27,905509 21,614111 O0II
-7,701686 13,504658 O2II
23,272175 -8,776700 B1I
-3,495577 11,811949 B9VI
25,728730 23,147021 K7II
29,316295 21,718632 B1V
-3,345040 12,342405 O7VI
-4,705444 11,109121 B1IV
-4,979151 11,676676 M5I
-8,215396 -3,459713 B7V
20,296255 -5,098072 O9V
19,695463 -6,883307 K0V
19,441775 -7,646982 O7II
-6,501201 -3,518657 B3V
-12,328330 5,646332 O6II
25,731619 24,268743 K3IV
27,658480 24,194445 F6VI
-8,180069 -5,861020 M5VI
-13,810257 7,312667 M4V
-11,039033 7,860559 B3II
27,590378 24,406841 M1II
-6,844970 12,022892 A9VI
-12,546478 6,920327 M3II
-9,816807 -5,689185 B5II
-11,668075 5,214997 O5II
-3,213468 12,347576 K6II
26,875811 21,009425 A7III
21,586168 -6,172060 O4I
-12,613538 4,802476 M9VI
21,183835 -6,188016 G9I
-5,233535 12,343362 M0IV
-11,043999 5,650929 F2I
27,574687 23,058016 F8V
21,542625 -8,741136 G7I
-5,036711 13,745478 G7IV
-10,092245 -5,400395 K9III
24,201684 -7,401591 A1V
-2,861690 11,708038 K5III
-3,199441 11,959252 F1V
25,831262 21,471266 A6VI
-5,907661 9,861187 A6II
27,544075 23,309237 G2V
27,436508 24,121758 M3V
-6,947844 14,603596 K5II
27,935072 22,710830 A5IV
-14,357860 7,462620 A4II
20,076204 -5,226304 B4V
29,031371 22,061591 K5I
29,289626 22,937173 G2V
26,056116 21,334963 F3II
21,726143 -6,291928 A1IV
-6,215088 11,248418 B7III
20,981227 -7,965992 A5V
23,223092 -9,137367 O9III
26,189849 24,367151 G8V
-7,166141 -5,909756 K4VI
-13,448576 5,512311 B0I
-6,158717 -4,464750 M3III
-5,645222 -5,228011 B3V
-13,966522 5,851088 O1II
-9,569949 -6,983749 G8III
-11,983443 6,539346 G5II
21,411479 -5,320680 M4I
-14,118572 6,666627 K3I
21,750455 -7,711881 F3V
-6,369343 -4,018447 B9VI
-11,301292 8,013850 A8II
-11,782239 7,452550 F8VI
27,521701 20,470524 B5IV
-8,652709 -3,948949 F4III
-13,234528 8,709574 O1IV
-14,615602 6,465177 B2IV
-5,360985 -6,981479 G2IV
27,738916 21,161061 K0V
-12,497942 6,467724 K3II
27,433469 22,826277 F1III
-5,850098 13,182780 B4III
25,964539 21,221858 G6VI
21,496754 -9,104581 A7I
29,638936 21,242631 M2V
22,921223 -5,318682 K1VI
26,027426 23,655439 M2VI
29,061736 24,677582 M2V
-5,373028 -5,620619 F5I
-7,423555 13,039612 O7II
26,769057 20,754321 O8IV
28,169000 24,488640 K5IV
-12,230519 9,053922 G7II
27,030751 22,207689 M1II
26,110052 24,695305 G5V
-12,605951 6,756191 B7IV
21,612539 -7,294741 O2VI
-12,885850 8,075368 G0VI
-8,707450 -7,157820 B7II
-3,626422 13,962756 K9IV
-3,015036 12,045310 O4V
-5,834586 10,213948 O5II
-13,708410 7,627940 M5III
-12,031583 8,290029 M2IV
23,818960 -7,439373 M7V
21,173902 -6,938142 B6VI
20,292137 -7,203204 A9I
20,230888 -7,564091 K4III
30,456030 22,049636 K9VI
-11,336276 6,282948 F1V
20,241839 -8,526219 G7III
25,633550 21,869345 B1VI
-11,953338 7,337197 F2II
-6,842172 -5,774190 M5IV
-14,216776 7,423063 K8II
-5,074441 11,755597 M2VI
-6,138896 11,494095 K0III
-4,830358 12,421569 A3II
-3,923189 11,195108 A0III
-11,657341 5,197055 M8II
-8,630749 -6,273099 K2VI
-5,845042 11,140709 F8III
20,670673 -6,543214 F8III
-4,540991 12,127539 O2VI
23,784316 -8,174870 O5III
28,546527 21,478424 M0III
-9,075499 -3,878605 B9IV
21,886757 -5,172323 K5V
-6,535931 13,138329 G1II
-8,786041 -3,216765 B7III
-6,432659 13,221366 O8II
-4,551468 11,260447 F0I
-8,768826 -7,591845 G2V
-11,230279 6,249598 F0III
-7,377066 -4,087545 B8III
-5,616374 11,195584 K0I
-5,903709 -5,835560 A6V
-5,400353 -4,734085 O5II
-13,893066 7,381738 K9IV
26,140028 22,845744 M1IV
-5,431592 -6,163941 K5III
-3,719191 14,335129 F2IV
23,504190 -8,834095 F8VI
-12,775291 7,402859 G5IV
-5,344441 -6,204599 K5V
20,541263 -7,502245 F2IV
-3,597084 12,055303 O3IV
-7,011589 -6,758142 F9III
-9,642909 -4,376246 F4I
-6,391731 13,629513 G0II
-4,998719 13,559824 G4I
-12,493550 9,926752 O8I
-11,961129 5,207184 O3IV
21,907660 -6,379836 M4VI
23,072022 -7,747246 G9I
-7,704653 13,343031 G5I
-11,834366 6,044817 G3I
26,839085 24,800607 F2I
-7,868330 -3,435695 F5I
-11,632270 9,278038 A0I
19,570545 -8,085548 F6I
-9,547749 7,767570 A7V
-7,712504 -4,951265 K3V
-5,007046 13,351041 A3I
-8,576097 -4,192444 G3II
-11,176814 9,153399 G8V
29,176678 24,532435 M5VI
-11,910425 5,189871 A4VI
28,838995 23,072902 B8V
-7,852255 -5,766079 K9VI
28,437173 24,987780 G2V
19,769426 -5,883615 B7II
27,411879 20,299971 M0II
20,315508 -7,101751 O9II
23,850357 -7,522365 K3II
-3,666974 14,063841 K6V
-9,693982 7,369867 B3VI
21,401269 -5,134675 A6VI
-12,826039 8,478205 A4V
19,340120 -6,941183 G6II
27,030742 23,598744 M3IV
20,912553 -7,167486 G9I
-12,436451 7,495945 M8I
-9,131011 -4,356598 A6IV
-11,382443 8,530540 O6VI
-6,388045 12,799723 O1VI
-7,650938 -4,889258 M9I
-9,796919 -6,685254 M3II
27,885626 22,438116 G7IV
-10,271651 6,124953 A6V
-13,312659 8,319744 F4III
-6,236540 11,033468 O4V
-7,335688 13,360961 M0V
23,456787 -8,932947 O0IV
-5,617621 9,983319 F5V
26,941441 23,037478 M8II
21,961034 -7,769092 K6III
-7,280497 -7,736041 A6V
21,444143 -6,978642 F8VI
23,071926 -6,389887 A1IV
25,902089 21,415131 B6IV
26,502440 23,634885 O3V
-6,462265 12,622400 G7V
-4,968882 13,550691 F2II
28,560803 21,484279 B3II
-3,032856 12,210704 M7IV
-6,386537 13,965010 M1III
-11,183614 8,346347 K2VI
-5,289609 -5,950467 M9II
-7,212706 13,374538 F9V
-6,184903 12,552658 K6VI
-7,303109 12,168633 A9II
-13,371525 7,028792 B9III
-6,992267 -7,108325 F5VI
20,838575 -6,682556 F4VI
-13,522748 5,970904 M5II
-7,611231 -3,845234 B8VI
-3,762623 12,538937 O8I
-6,343116 10,147437 B1V
-9,544460 7,576061 F9II
20,244725 -6,357388 K0III
-6,301169 10,820637 K7I
-4,937060 -5,792093 G2II
-12,172868 8,179834 M9III
-6,182445 12,530381 B2III
-12,333869 9,158128 O3VI
20,943459 -6,705252 O6VI
19,240395 -6,444793 B9IV
-12,177721 7,805287 G9III
23,539339 -8,524509 A6V
-3,898218 13,437491 K3I
-5,864912 -5,824329 M5II
-3,717752 11,575936 G4VI
21,813689 -8,358243 B1III
-6,396533 11,378795 B2I
-7,360700 -6,725422 M7III
-14,399447 7,359492 M2II
-12,655529 8,704953 F6V
21,076370 -8,286109 G2VI
-4,831494 -5,072897 M7II
-12,680739 6,126415 F9VI
22,738931 -5,067194 B4VI
-6,108107 -6,737943 B8I
26,308751 22,361955 B2V
21,349968 -6,590656 A0III
-13,048251 8,168683 A5I
25,878125 21,994250 F6V
-6,055293 14,205187 M5VI
-9,742333 -4,154876 F1I
-11,122444 5,471456 G6III
-7,505425 -4,297683 A0VI
24,432289 -7,267507 G4II
-8,028920 -7,803545 M2II
-5,705437 -6,108591 F8IV
21,311019 -6,554675 F6VI
20,865242 -4,713549 A6I
22,763949 -5,243675 M2III
-10,510384 5,847230 M9IV
-4,630326 9,957265 M4III
-4,175933 10,743322 K6IV
-13,030346 9,577751 K3II
-4,817373 14,014364 K6II
-8,699531 -5,686376 F5VI
-5,451783 11,796001 F7VI
-8,083398 -6,135644 A0II
-4,712139 12,312207 G7IV
-9,893396 7,446344 O3VI
-8,092910 -7,433863 B7IV
28,619173 20,651096 A0II
26,876736 23,506375 M5IV
27,152645 23,445728 M8III
22,410507 -4,744625 O1IV
-6,344500 10,343164 A1II
-7,863399 12,773981 K1III
-5,614716 10,607430 A9IV
28,285783 22,480135 K3II
-11,465934 7,258376 M1III
-5,772419 13,271719 B5I
22,212901 -8,469351 O8III
-11,501592 8,840750 M9V
-13,426871 7,923993 K4V
-12,140973 5,625387 K4VI
-13,122888 6,770706 F7IV
-7,388530 -6,395932 M9VI
28,714873 20,530338 G2I
26,003130 21,436529 F1II
20,557093 -8,240819 A2I
-7,729928 -7,539182 A9VI
19,127452 -6,786764 B3IV
20,887759 -8,056387 M0II
-9,990660 -6,240925 F7V
-9,825245 -5,741009 M0III
-4,316660 11,036075 K9III
-12,790519 7,046259 O7II
28,342138 22,657538 A3VI
21,324828 -8,261384 G4I
-4,740321 15,002722 K9IV
-8,576921 -3,063187 G1IV
-10,693229 5,578838 G4VI
27,633077 22,908022 M9VI
-8,330100 -6,729769 G0VI
29,563107 21,602150 M5VI
-13,127358 6,635788 M7V
28,286480 23,646681 G7VI
21,184837 -5,047010 M1I
-6,279545 14,718283 B3I
-4,609443 13,541217 M6IV
-14,028848 9,336327 M8IV
-7,118020 -4,336752 B5II
-6,839983 -4,069022 B0V
22,606786 -5,919590 K0III
22,706276 -5,070571 G1VI
-6,388875 14,063427 G6I
-11,950368 7,431084 G9II
-7,630190 13,863511 M2II
-6,840732 10,657728 O6I
29,578622 23,740209 F0II
-8,243427 -4,027232 B8V
-7,613428 13,206810 A9IV
-7,680324 -5,609797 G9II
26,563855 24,178522 A5II
-5,181139 13,748907 A2II
-5,121256 -5,055347 K8IV
-8,949256 -7,450375 B2III
-11,671534 7,535968 M3VI
-7,700712 12,790624 F9V
26,279669 22,421918 K3III
27,440332 22,517281 O9VI
20,240435 -6,416069 K8IV
26,895066 24,602611 F8I
21,610969 -4,899653 G1V
-10,197352 7,514160 O4IV
-11,920862 8,497029 K3I
23,342831 -7,877134 A5IV
-5,986287 10,353011 G1II
22,160723 -8,562205 F5IV
29,640080 22,239448 F8V
-4,111006 13,881755 O7VI
-7,701410 -6,828592 G8III
-12,233811 7,947205 B7V
-2,756001 12,147840 K4IV
-7,449707 12,146251 F1VI
-7,447783 11,624655 B2II
-7,554864 12,958031 B0IV
28,260592 21,285664 M9V
22,340644 -6,494775 A0V
-12,260319 7,946831 F2IV
-9,704168 8,106459 K1III
-5,848825 -3,399796 M7II
-8,907503 -4,170760 F1II
20,999383 -7,078678 A8V
27,835583 20,205530 M1VI
22,560017 -6,556876 B3V
-5,359970 -6,709861 O2V
-6,504393 -5,730798 A3II
-7,530722 12,742885 A1VI
-10,961151 8,760338 B3V
28,334216 23,784892 G2III
28,459809 20,735344 G9VI
-12,666177 9,656915 B0II
22,030931 -9,389641 A2VI
-5,055270 12,603886 K3III
-3,564331 12,810232 A5IV
-4,794119 10,895311 G1III
-13,521188 8,485314 O5III
-10,773963 7,767864 A6IV
-14,425787 6,584524 G8VI
21,101208 -9,241480 B6II
-12,565808 5,938424 O8I
23,299086 -7,874243 G1VI
-4,694048 12,854902 G3II
26,447017 24,849041 O8II
23,486566 -5,853195 O1I
-5,527626 -4,774277 A5IV
28,815556 24,123414 F9IV
-13,840619 5,902474 K9I
-9,011937 -4,696944 K6III
-6,648877 14,803787 K3VI
-7,486626 -3,367825 F2III
20,244374 -5,494318 B4V
-3,080506 12,413833 B4II
27,586937 23,616199 B4I
-5,247410 15,077546 F6II
-5,006814 10,409234 B1V
-7,687912 -6,228216 O7VI
29,042067 25,360603 F4III
25,835713 23,538860 M6I
-11,035320 7,733844 K0IV
-3,951406 12,224158 G7I
-6,497649 14,102174 O2I
19,955260 -5,400536 F3III
22,903276 -7,808296 A1III
-3,544139 12,436117 O5III
21,020065 -5,327848 F7I
28,614582 22,133354 B0VI
28,344237 23,035945 K2II
-6,180304 13,517356 G8VI
22,933854 -8,992365 O5VI
19,787721 -5,210878 K8IV
-9,784734 6,183533 M5II
20,002679 -7,065187 O6VI
-5,398142 11,484844 F5V
19,384779 -7,761537 A7III
-6,586329 14,383628 M4V
-10,464235 6,441455 M1III
-6,776547 12,439289 B3II
23,745074 -7,314906 K7I
20,810143 -8,726106 B1I
27,997484 23,975909 B6V
-5,405350 10,058281 G8I
-5,507884 -4,143079 O4V
-5,385887 -6,426130 A0III
22,437367 -5,021373 B8I
29,037979 25,351842 M3V
-5,341235 13,451889 F3I
28,576659 23,897468 O2IV
-4,983823 10,701638 M8III
27,997255 21,424025 F6V
-12,506482 8,436426 B3I
23,857079 -5,929594 M9V
-13,109610 8,531864 M8III
20,105342 -5,590372 O3I
20,680671 -8,877853 K1III
27,400892 23,698370 M4I
-11,320601 9,394845 K2V
22,766663 -4,763918 O2I
-11,360235 9,692360 F8VI
-6,096196 -5,575834 M7VI
-6,250371 11,796926 K6IV
-3,435136 12,465889 B4V
-5,275812 15,006590 G7III
24,268059 -7,641418 O6II
-7,452605 12,629401 M7IV
22,514398 -5,501724 B5III
-3,907999 11,324904 G1III
-13,495411 5,004112 G9IV
-11,294791 9,086248 O3IV
19,618256 -6,496006 K4V
28,555513 24,288536 F5III
23,508082 -6,425729 M3VI
30,489510 23,228630 M7V
-10,670854 7,832442 M1V
20,349686 -6,383932 A6III
23,497795 -5,250712 M9III
26,002361 21,332495 K4IV
-9,990114 6,843655 K9II
-14,688523 6,912684 F6VI
23,613033 -8,550826 O4VI
-11,069950 8,255350 G2III
-10,851677 6,990472 B4III
27,896935 21,635159 O3I
26,671389 22,620575 B8III
24,315065 -7,690348 O9VI
29,385059 23,396290 F4I
-3,280775 14,170013 B8V
-5,977529 -3,983486 K9IV
-6,879053 10,700788 G5I
-4,021808 12,664396 M7I
21,102494 -7,538895 K7I
-4,849440 12,043679 B8V
29,524263 24,492318 F6I
-3,228394 12,730607 K8IV
21,697176 -6,714561 F3III
23,374482 -8,403563 F8I
22,980660 -8,825089 M7V
-9,713465 -5,232754 O7II
-11,777388 6,188031 M1VI
22,109450 -9,594498 A4I
-6,981953 -3,454693 F5III
21,225161 -6,914798 K4I
-6,503359 11,146151 A5II
-12,119790 4,913352 K1II
-11,574634 8,647184 G4IV
26,297583 21,151093 F2II
22,984825 -5,956001 A6IV
-5,810990 13,805429 K9VI
-7,602272 -7,289323 K1VI
-3,948657 10,825163 K8VI
-9,991574 8,337751 A8VI
-9,959485 -6,320290 B1II
29,910666 22,136248 G2V
20,477388 -6,558520 G1V
-5,225069 9,933773 M6IV
-3,913240 10,593728 A8V
-10,414196 7,427425 G9III
23,486166 -7,126146 B8VI
27,767712 25,111962 B9I
-4,590459 14,207503 O1IV
-12,378076 5,034612 A8V
-12,412925 8,892418 B9I
-6,078546 13,396582 M3II
23,447264 -7,617639 G4VI
21,250805 -8,676038 K5I
22,926980 -7,434623 K3V
-7,204466 -2,821864 O2II
-4,684539 14,292157 A1V
22,139057 -6,033878 O9IV
-5,972308 -4,594646 K2VI
28,812385 24,612621 M2I
-6,840789 10,647496 M4II
26,556821 21,797629 G1II
20,014266 -5,420403 B5V
-5,289083 10,825291 K5II
22,344004 -6,457636 O9I
-2,748835 12,606012 O1V
22,601973 -7,661707 M7VI
-8,888041 -7,489796 F3II
27,247122 25,392983 G9I
20,155589 -5,407104 K3III
28,982511 20,997770 M1I
-11,151181 6,691121 M4IV
-11,975685 4,768916 M4III
27,641692 22,833336 G3VI
-8,740486 -6,633710 G1I
24,250386 -7,375516 A4III
26,080244 23,294026 F1I
-13,711454 9,333384 K4I
-6,974726 14,327435 O6I
22,401060 -9,103190 M2VI
-8,151289 -6,938391 O6VI
-5,608044 11,423364 B4III
-12,054423 7,552165 O0I
-6,538267 14,029886 O0IV
27,947365 23,664289 K5VI
22,733248 -7,402566 K2V
-12,387173 8,195636 F6II
-9,131694 -5,102687 G7V
-7,149682 -4,940870 F9II
21,552143 -9,379632 M2III
-4,764946 14,178869 A7I
-7,480912 11,986336 A8II
-6,857245 14,411673 K1III
-7,078747 14,086445 A3I
24,103424 -5,853718 A7III
-4,324841 11,243761 K8V
-3,502031 12,358467 O4V
22,652760 -8,194977 M8IV
27,948188 21,728936 O4III
27,804826 21,699315 G9II
26,302153 21,798812 G7III
29,942133 23,608780 G8IV
19,767405 -7,262507 F9III
27,212926 22,068896 M1V
-10,580971 8,111366 O9III
23,391215 -6,193335 M4V
27,466572 24,403975 G5III
-5,148854 14,060818 F2III
-6,625906 10,235240 O6VI
-3,168083 12,652610 K3IV
-9,134544 -4,302529 A7III
19,723713 -5,940360 G2V
25,785233 21,400920 F8III
29,718884 23,618618 G0II
-7,327676 -5,138993 A7II
22,005125 -7,189295 A7III
20,516504 -7,773436 O9II
28,173135 21,383357 K1IV
-11,713436 4,971438 B0II
20,954064 -7,214305 K5V
-10,055509 7,970576 A3V
-9,848954 -6,084629 M4VI
-11,646503 6,551649 B5V
-7,108008 -6,426193 A5II
28,380988 22,499115 G0III
-5,854054 11,202868 M4VI
-12,882111 6,723471 O7V
-6,149371 11,066745 B1II
29,881868 21,021705 B0II
23,170014 -7,840439 K7V
23,802988 -6,221759 M1II
23,607270 -5,235806 M6V
20,770124 -4,910106 K3I
-6,292989 -5,348818 G5III
-5,419019 14,030495 F6V
-9,195120 -4,952791 M4VI
29,542505 21,218632 G5V
22,000656 -9,589535 K2VI
30,184136 23,458644 K0III
-14,570850 7,138552 A2II
-4,308200 14,443772 G2V
-8,470123 -3,451525 K1IV
20,221790 -7,701498 G7II
21,954669 -6,143165 G3I
-6,564234 12,587649 M7V
19,935040 -8,632624 O1I
-4,847388 11,540600 A1III
-10,005508 8,080394 O7VI
20,777410 -5,565928 M7I
23,585166 -6,379186 O5III
-5,838352 14,918808 K7V
-9,211614 -4,517023 B7IV
-4,649359 13,061865 G4V
-4,657486 10,636960 K2V
28,510638 20,662162 G2IV
-7,634875 -6,329692 A0I
-11,018829 9,156147 M2V
19,950808 -6,874030 B8VI
21,454039 -6,566014 M0IV
25,895322 23,473759 K1II
22,710207 -8,511707 G9V
29,831462 23,166194 F8V
23,358167 -8,382183 F8I
-14,550141 7,861889 B4IV
-9,102720 -3,889385 K7VI
-7,177972 -3,263523 B7IV
-7,809730 -5,010947 B5IV
-7,487639 13,907539 O4II
-12,579310 8,807901 M1III
27,682231 24,976222 F1V
29,008915 21,392425 B6I
-5,017933 13,496968 G0II
-7,570221 -3,656948 K6V
22,127686 -8,155589 F2VI
27,970835 23,949430 K2I
-9,767612 -5,212479 K7I
29,540485 22,807119 B9V
22,287182 -7,538877 M3II
-7,828833 -4,000139 K8I
-8,169232 -6,608781 O7VI
25,974522 23,273238 M5IV
29,221809 22,102044 B0III
30,230708 23,425405 K5I
-9,211985 -5,685927 B6II
22,596302 -4,951588 O0VI
27,759052 22,418375 O6IV
-7,872696 -4,647497 O5IV
-7,311575 -4,362412 O6IV
-6,466712 -4,414472 M9V
30,192606 24,184566 B1III
28,731035 25,118254 M8IV
21,956351 -6,446837 A7I
-7,015320 -4,595659 K0IV
-11,891113 7,672098 F1III
-11,944981 4,885602 M7III
23,528651 -7,440628 B3I
28,449196 22,849002 K8VI
22,179601 -5,734723 B5IV
-10,275606 8,869407 O1VI
-9,412111 -4,443605 F8III
26,269630 23,266395 F3III
22,923699 -8,224899 B0IV
-14,727065 8,071131 B5IV
-5,995489 -5,658295 A8II
-14,106523 6,281808 A8III
-4,338279 11,035383 A8IV
-14,134377 5,842032 F7III
22,124140 -9,469762 O0I
29,240634 24,490812 F8IV
-6,571264 13,650508 B4II
-11,151857 5,322533 F0V
27,202730 24,104292 B7V
-7,854075 12,127790 F6I
-13,762579 7,455923 F6V
26,526524 22,248291 F3VI
-10,140130 7,051014 K8V
19,754721 -8,213465 A5VI
22,626298 -4,460188 K0II
-14,112930 5,967548 G2III
-10,939173 7,612713 M4I
26,931713 23,905955 B3II
19,829477 -7,953182 K3VI
-7,160715 12,353957 G6VI
-12,240072 5,571500 M6IV
-4,146681 14,341834 F3III
23,336432 -6,376448 K4III
28,295311 22,836928 K7I
-14,055659 7,967301 M4I
-11,565201 6,285655 K0IV
24,068366 -7,953486 F6IV
-6,316035 11,793148 O6VI
-4,195001 13,220080 M2IV
26,218040 21,474411 O3I
-5,206807 -3,984834 A3IV
-11,963224 7,443700 O8IV
28,112285 21,312207 A5IV
30,144560 24,066686 F6III
26,656484 22,192730 M8II
-12,742606 5,799591 G1III
-4,989519 -6,087844 G7III
29,468913 21,577769 A1VI
23,807694 -6,777953 A6V
-7,327256 13,496227 F2II
-13,715274 7,176758 G8VI
-3,881466 12,544479 M4IV
-4,496057 12,080031 A8II
-6,406822 -7,229396 M2II
22,741192 -7,313742 F4II
-4,662933 10,769002 B0III
23,011532 -6,807399 M8III
20,663045 -9,054983 K7VI
-5,876186 11,226284 G4I
-7,952995 -7,643344 A7III
-12,341585 8,188836 O9V
-14,062326 8,872184 O4I
-3,328849 11,273636 A8V
-12,757815 5,693056 A2VI
-10,102272 8,835185 B5VI
27,783107 20,777447 O0V
-4,682420 14,542534 O5III
-7,247526 12,491435 B1II
-6,318136 -6,391177 K4VI
-3,771393 12,250682 K9I
21,871524 -5,567974 A1I
-13,773230 9,333343 B1IV
-5,307248 -5,890974 B9V
28,514040 24,358873 K1IV
-5,147297 12,555924 M7III
-8,180041 -2,834948 K9I
-13,831530 5,379830 O0V
-6,090122 11,483148 A8VI
24,197351 -6,669663 A5V
-6,624911 -5,060328 O5I
-8,034218 -5,694216 O7V
-7,855293 -4,439784 O6I
-9,560520 -5,675313 K4IV
-7,868982 -4,875858 A2V
-2,888407 11,984514 A6III
20,632668 -5,792194 K1I
28,319819 20,536721 K9I
-5,221575 -5,984942 F1III
27,096056 23,043102 A8VI
-3,922443 10,764265 B6VI
21,037656 -5,718639 G9I
-5,793886 -4,123698 G0IV
-7,426277 -6,831533 G8I
-7,155328 11,139964 F2III
24,279386 -6,695310 B4V
-5,726470 -6,174198 M6IV
26,991964 25,205793 F7I
-5,945323 14,113905 G1I
-7,691714 -6,243316 G9III
-6,940401 14,010532 F2V
29,468190 23,786892 O8IV
-11,249427 8,235805 M7VI
26,482618 22,034730 G7II
28,437594 22,108136 O4V
28,507209 24,791797 A1II
27,081312 25,211374 K5IV
19,701369 -5,873349 A9I
-6,653804 11,847999 A4I
-9,084713 -4,319116 B0V
-7,569973 -7,794870 G5IV
29,724882 22,175602 B8VI
19,151931 -7,574544 O8V
-5,837173 13,711319 O1I
-10,265592 5,902912 F3VI
-5,089190 14,984877 K9III
-3,275690 11,224259 A0IV
22,257017 -4,494698 K2I
-14,472051 6,676660 K4II
-6,344339 -5,111406 A2V
-7,369620 -3,725711 O0VI
23,431909 -5,781386 B3III
-12,765305 8,118318 O2V
-8,502841 -7,468936 K6IV
29,684466 23,056176 O8III
-3,050124 12,567868 F5II
23,179144 -8,399233 A4VI
-7,184654 12,314125 B3I
23,281526 -8,803180 B1VI
-2,803422 13,354795 G9VI
-4,315422 12,017313 M0III
20,301774 -5,073465 K1IV
-4,378649 13,100031 F9I
-7,702377 -3,144135 K7IV
-9,811102 6,456099 B9I
-6,698127 14,061840 F5II
-14,021858 6,615140 K5VI
-6,895997 -5,680074 B4III
-5,541617 -4,281620 M8I
22,861945 -6,322990 F3II
-9,236161 -3,947454 G2V
-3,569673 13,029247 B3IV
20,574951 -8,730943 B7IV
-5,212942 14,724660 B7II
-11,122456 8,525972 G0VI
20,361459 -8,318696 K6III
22,797443 -7,072974 G7II
-6,498202 -7,257394 K6IV
-8,375614 -7,196356 B5II
21,329330 -6,185958 A4III
-6,362219 -6,637407 M7IV
-10,442186 5,575303 G4IV
-6,612999 -6,642971 F2VI
-6,036878 12,105797 K6VI
21,406989 -5,859899 B9V
22,414667 -4,634739 K4VI
-7,664602 13,569043 F3III
29,021413 24,354848 F2V
22,844935 -5,422087 F9VI
-6,955908 14,000754 F2IV
20,535500 -5,332445 G3IV
-7,901287 -4,640280 O2I
-12,081854 5,704716 B0V
22,771879 -5,994823 G4III
-6,578203 10,430959 B6III
-7,376825 -5,737921 F0V
-5,549983 10,151552 O3IV
-5,324286 14,208682 A8V
28,907950 20,682010 B9VI
-6,657051 13,850090 M3III
-8,333052 -5,909109 K7I
25,714617 22,457380 M0VI
-10,808876 5,049265 F1I
21,746168 -6,786468 G1III
-10,178335 9,046170 K0IV
-13,797535 8,549738 G4I
20,226462 -6,769306 F4V
-5,451596 10,311025 A3III
-5,728852 10,556239 O3II
-12,436188 5,860687 G4III
-13,439862 6,617769 G3VI
21,827256 -9,248133 B7I
26,794550 24,016571 K8II
-13,687604 7,116007 K1VI
-13,815502 8,274887 M8II
-5,725716 -6,892272 M6I
-6,336706 -7,354969 A2IV
-5,327709 -5,178567 A8II
22,699436 -4,559864 O1VI
26,540359 24,792010 B6I
-9,036857 -7,368298 O9V
28,467968 25,084861 G0II
29,695345 22,506546 K0VI
29,467717 21,475434 K9IV
-12,638833 9,473176 M0IV
22,663421 -7,769944 O4IV
-6,502128 14,872213 O5III
-7,964052 -7,991031 G7III
-10,617956 7,855646 K6III
-7,565168 -6,356918 G7II
-6,189186 12,455849 O5IV
-11,596570 5,885604 F2V
-10,403521 6,142130 G7IV
-2,688156 12,529804 O5VI
-7,043481 11,416402 B2III
-7,613959 13,562861 K2II
-14,020114 5,781063 F1III
-10,654322 6,367612 M1IV
-10,765965 5,371558 M3V
-6,127881 11,216629 A5II
-7,049452 10,443246 O8II
-12,123563 9,861325 K4V
-9,655154 7,090763 K2I
-5,322641 14,388648 B9III
-4,270882 12,364772 O6I
26,512931 21,006639 B3III
-7,171122 -4,408900 B7VI
-5,740086 11,542685 B8V
-7,062081 -7,770321 A8V
-3,560218 14,163376 F9III
23,598284 -8,115688 G2VI
26,434845 23,173771 G7IV
29,013123 22,132946 K1VI
-7,742415 -7,876368 K8I
28,308912 24,434355 G7VI
-7,916279 -4,059080 K3II
29,505330 24,054354 B6II
22,443921 -6,257404 G6I
28,957164 24,323325 F9VI
26,558783 23,118833 K2V
-7,506966 10,968491 O3II
-7,413283 11,713183 B5II
-6,030188 -7,526341 B8II
28,905365 22,901924 B4III
-11,811399 6,213188 B1VI
-13,919937 7,009414 M5IV
20,770483 -5,517586 B4III
-3,589989 13,527648 M8I
-4,545169 10,896042 G7VI
26,452806 21,983145 K6VI
28,560524 23,945284 A1III
28,639558 20,347183 B4III
-7,320341 11,260684 O3II
-11,807778 6,222032 O7IV
-5,990686 10,726388 G3VI
-6,393662 -5,225089 O2III
-6,062428 14,647961 K1VI
21,403589 -4,847384 K9III
-12,039441 9,456568 G0VI
-11,726632 8,945684 M2V
28,469596 21,518230 M3V
-5,209845 10,721308 B1IV
-13,335801 5,238739 F6II
28,748450 22,056194 B9IV
20,001163 -6,362629 B5IV
-4,356820 11,376884 A9V
-7,794239 -8,080194 A4IV
-8,388463 -4,202042 B6II
22,973674 -5,250300 M0I
27,693770 25,483571 B9VI
-11,240150 7,483328 A8VI
-12,500528 6,659031 B9III
-11,672674 9,947094 M9VI
-10,793705 7,442395 O1I
-7,850371 -7,328131 A6III
-13,168758 6,712746 M4VI
20,218156 -7,559521 K3II
-6,938078 -7,158557 A0II
-12,036928 7,226206 A2III
21,194822 -5,338122 G2III
-13,843209 6,562492 B5III
-5,676764 13,921413 O6I
23,848895 -8,390031 K1VI
-3,414197 11,459791 A0II
-5,730072 10,220422 M7V
-13,102436 8,375628 K0I
19,583779 -6,824946 A5IV
28,371441 22,141935 B8II
27,608616 23,393267 A3V
-6,630101 11,876612 K7VI
-9,523772 -5,068461 G6IV
-6,791386 -7,543050 K7I
22,438924 -9,011538 M6IV
-7,360744 -4,857986 M8IV
-11,678666 7,271475 A6I
-13,510283 5,475021 M0V
-12,913320 7,833763 O7V
-6,196638 -6,015958 O7IV
-5,387466 -6,580684 M7V
-6,774815 -5,603498 M4III
23,853868 -8,309655 O7IV
-9,547117 -3,787802 O8III
-7,801203 13,309022 G1I
-10,745197 6,227221 F0III
30,397848 23,475991 G1I
-4,151594 10,094361 K2III
24,162117 -7,879236 F7IV
-12,818513 6,747947 K0IV
27,736000 23,810604 B0I
23,002641 -6,551621 O5II
-6,761754 11,066639 M0V
-8,107046 -6,413136 A4V
-11,460570 9,357216 O5II
-6,386392 -7,162478 B3V
26,905108 23,410194 G5VI
-8,449346 -5,891876 B3V
-13,023975 8,081382 F3II
-2,907647 11,917928 B2IV
-5,711884 -4,441263 G4VI
-6,857562 11,055254 M2II
26,168606 21,370427 K2II
30,342562 22,696395 G5III
-9,053794 -3,778442 B8V
21,399720 -9,595500 B5V
-5,852808 10,123797 F8IV
19,899783 -7,060486 F1III
-13,431088 9,483648 G0VI
21,234229 -4,588725 A1IV
-6,118649 -3,758643 K7III
26,798293 24,345783 K9II
-13,281738 8,659921 B1IV
28,242394 24,275805 B3V
-10,952388 5,054155 B6III
27,075529 24,670203 B9VI
28,071017 25,293468 F6III
21,148721 -6,077755 K4III
27,581508 20,930615 G9V
25,680137 23,533751 G8II
-10,323629 8,506485 K2I
-4,564691 13,850221 O2II
20,140760 -5,953495 F5III
-6,895531 10,826920 B5IV
-14,243035 7,633076 G2I
-6,462528 11,713469 O5III
21,509706 -6,552493 G1I
21,467306 -4,928834 A7VI
-9,330964 -3,490832 K9II
-9,227194 -5,781879 G3VI
-4,958967 11,840301 O0IV
27,500211 20,794181 A7VI
-11,684934 7,920802 M3II
-5,056215 -6,567786 M5II
29,044375 21,083454 F5IV
21,359095 -8,047984 K5I
26,629867 21,480321 O2VI
24,410493 -7,211490 G2VI
21,626770 -4,549396 M2I
-14,664551 8,197808 O8VI
20,463778 -6,869877 G8II
23,292075 -6,384855 O5II
-12,832139 6,373505 K6V
-5,999592 9,898449 M2III
-7,634795 -3,965574 K1I
20,292187 -6,102663 A6I
-9,033419 -7,141267 K1II
-5,431726 12,016537 A3III
19,055891 -6,863057 G3V
-5,521406 -3,705910 K8VI
28,024273 25,068860 K0IV
-10,896318 9,177796 B0III
-3,742193 11,328799 O6V
23,209540 -6,049471 O7II
26,874774 24,050129 B5VI
-6,281131 12,055973 A9III
-6,118560 12,398846 F9IV
-12,957807 5,893424 F9III
-6,905479 12,123489 A7IV
-11,645710 5,671955 B6I
-10,613412 6,574685 M5V
-7,976876 -7,332245 F5II
-11,384762 5,127662 A3II
-8,149938 -4,550504 M8VI
-9,174500 -6,380290 G9V
-6,153616 -4,590345 G3VI
-5,874234 -4,025831 K2VI
-3,514122 10,707850 G5I
28,874750 22,253721 B0VI
-5,690779 -4,349745 G6III
-13,906128 6,376900 F9V
21,808006 -8,117802 A2VI
28,184227 23,012311 K3VI
-4,955320 14,238102 B5V
28,665483 24,293426 K7VI
-11,167669 6,951698 B7I
-6,607497 13,846938 K3II
-12,380358 5,820157 M6III
29,682156 24,335192 G6II
-11,922177 7,336730 M2V
28,218257 24,682459 K7I
-5,276479 12,621317 O3IV
25,981569 23,377701 G0II
24,134563 -7,434010 O5II
26,902157 25,238147 A3III
19,595516 -6,087762 G8IV
-7,131188 13,766295 A6V
25,843464 22,250597 O0I
-5,420005 13,713032 A4IV
20,878550 -4,617375 A7I
-14,088104 5,673059 O4V
-7,065134 -5,888932 F3V
-4,047561 10,297418 O0II
30,457245 22,430308 K4VI
-12,478625 6,772505 G0V
-4,503112 10,742998 G6I
-9,498045 -4,623320 K9III
-11,938504 7,954704 G6III
-3,060245 12,446253 F5VI
22,299547 -8,681159 M8IV
-7,899569 -4,507906 K4IV
-13,004273 9,253318 M3IV
-9,164510 -3,443192 B1III
26,561089 22,287306 B7IV
28,064562 20,831258 F2IV
-11,950352 9,799820 M0III
23,536536 -5,295817 O8IV
-11,765702 6,272691 A7III
-7,222901 11,717849 B8III
28,508430 21,714264 F6VI
-5,657663 12,455174 M1IV
28,033537 24,766340 A1I
21,655589 -6,618737 O2III
23,741284 -6,370661 F0V
-13,133162 6,272800 G9III
-3,375030 12,415349 B7VI
-5,713406 11,243984 B1I
29,188889 21,489260 A2IV
-5,777997 10,621924 B3V
-8,020446 -3,468590 F7I
-3,559793 10,971654 F6VI
28,775619 23,729060 B1II
-12,875487 9,731780 A9II
-7,296735 -5,717681 M4VI
-13,576189 7,782587 G4IV
-2,948711 12,654752 K8II
30,119031 23,424895 F7I
29,554152 20,781378 K3III
-13,535306 5,084130 K2II
-5,321718 13,316631 K3I
-7,022525 -6,956845 A4VI
-3,967524 10,211569 B3I
-9,260730 -3,733279 F7VI
-4,636930 12,440673 B4III
-4,816190 12,278634 K4III
23,476420 -6,475962 M3III
-13,022223 7,861236 G8V
22,928821 -4,602859 G9VI
23,512981 -7,052590 B5VI
28,568143 21,389402 F1III
-6,091263 13,115034 O0V
22,464816 -7,246710 G1V
27,122630 25,350696 A9I
21,938257 -8,338082 G4I
-3,127309 11,694040 M2V
-11,885079 5,433639 O9VI
-5,166067 14,515867 K2VI
-7,382613 -3,763614 M3III
21,999815 -8,642169 F5IV
19,300190 -6,719769 M2II
-6,806967 -7,574340 A9V
-11,581858 5,341287 A6III
-8,848734 -4,554530 O5III
-13,346077 5,973539 A6III
-5,452402 14,359299 G1III
-5,418284 10,721220 A7III
-13,679596 8,777004 O0V
-8,906412 -5,518099 B1II
23,524808 -5,553419 M9IV
26,071841 21,671263 F3III
-7,393316 12,185757 F6V
28,135043 24,207056 O6I
-6,200430 -3,883524 B7VI
-5,137245 -4,956651 G0V
-4,439157 12,868431 G5VI
-5,814036 -4,464219 A7II
20,478845 -6,916958 K1IV
-11,773494 8,556110 F7I
-11,613583 6,927602 A0I
26,030190 23,880319 F4I
23,420016 -8,936836 F4V
22,051819 -4,657047 F7VI
-12,225868 8,224422 F8II
22,027321 -6,985640 M7II
-7,409918 -3,421762 G4III
30,507355 23,804018 G4I
-9,174379 -3,985662 F8I
28,510273 22,322553 G1I
22,275787 -4,533026 O5II
28,251417 21,704785 G6V
21,282339 -6,384908 M1I
-10,483672 9,373274 B5II
-6,120317 12,392852 B7V
-14,701614 7,490635 G1VI
25,890466 22,927297 K3VI
27,239125 23,528797 B4III
-5,771603 12,507198 O1II
27,048483 23,266113 A6IV
29,013023 24,765704 M9VI
-6,640565 11,599170 G1II
-11,850579 6,763731 B6II
25,727628 23,002739 K2VI
-11,502904 6,049927 B9III
30,459286 24,005012 A2III
-10,229732 8,419298 G9IV
-6,402923 10,993231 B1II
-8,227142 -6,462233 M8IV
30,540297 22,073452 M7III
-3,727135 12,607932 O9III
29,618422 23,396868 F1II
-4,677087 12,349542 B5VI
21,739348 -7,132919 O1IV
21,510983 -7,920738 O0III
27,579656 24,709731 O4IV
20,629209 -8,546439 B7I
29,763927 23,537053 A3V
-12,152165 6,286972 F3IV
22,226943 -5,339704 K5IV
-4,227081 13,580652 K3V
23,521254 -7,351066 B7V
26,089408 24,610115 A3I
23,157912 -7,285496 M1VI
-6,972836 14,195158 K5VI
27,308783 23,061379 A5III
-5,915806 -4,244224 K3V
20,244297 -7,909582 O3IV
-8,165486 -7,337144 M6II
-13,128145 8,807703 G6III
20,514234 -5,871188 K2VI
22,910394 -6,337207 B9V
28,230816 24,199541 A8I
-5,395809 -5,924906 M5I
-4,597240 10,600451 O6II
-4,006229 14,804999 F6IV
26,201007 22,347370 K6I
-11,909740 9,016664 F4II
21,094974 -8,347230 F5I
-12,045543 8,140062 G3I
-5,018182 -4,498293 G6IV
21,768807 -7,479670 K5I
-9,925784 -4,774108 M0III
-7,048131 -4,757827 G0I
-5,231140 -6,691973 K8I
28,205394 20,199921 K0V
20,373044 -8,288333 B8III
26,273500 24,247004 M3III
-5,147021 10,300153 M6IV
28,019965 23,721260 A6III
-13,975601 5,890084 K9IV
-10,221658 7,426535 G6II
-11,439826 7,386552 F1VI
23,444001 -7,494180 B3III
28,780692 24,191574 A5IV
23,298131 -8,908074 O5VI
21,675537 -7,023916 O8III
24,172930 -7,127552 G9III
-6,115486 10,177565 F0III
21,935297 -7,232095 K1III
-13,900149 6,285414 K3II
19,755280 -7,907651 B3II
-5,847176 -4,240792 M6III
-6,260935 13,527320 O8III
-6,328156 -3,926906 K2V
28,032317 23,691852 G3I
27,664086 22,988968 A7V
-7,512529 10,960183 A6I
-7,173171 11,235551 O5V
22,001011 -4,995402 K4VI
-8,338868 -7,595717 M1II
28,799641 23,230522 G0V
21,483735 -6,782548 M7V
-4,999468 -5,206350 A8II
29,678300 22,584841 M6VI
-7,205238 -4,177070 K8III
26,149411 23,788438 F5III
-14,357852 6,728908 B7II
27,262023 22,195121 G7VI
20,351961 -8,033575 F5I
-9,008613 -3,557513 M9VI
-9,109180 -7,447832 B2IV
-7,138039 -4,464006 A1V
-10,576034 7,462865 K4I
-3,807147 12,849468 G7IV
20,907889 -8,563026 G3III
22,522521 -8,549494 G8I
28,645695 23,486152 O6V
20,535156 -8,048482 F8VI
-4,047393 13,491726 M3VI
23,612934 -5,459739 A3V
-14,302337 8,567284 M7III
-14,592271 7,522791 B8VI
20,534320 -5,825869 G5II
-7,511270 -6,238386 K3IV
-13,958555 7,965710 K7III
-10,265996 7,875227 G1IV
29,608099 23,382536 B7II
-13,432517 7,095825 O6II
-11,917853 5,689086 K2II
-7,858178 12,275252 B6IV
28,289170 22,310424 M9VI
-13,079309 5,148310 F8VI
19,877571 -8,930207 K4II
27,091351 21,364107 O6II
-5,488508 -3,752727 B8I
-9,041700 -5,133272 A9VI
-8,988218 -6,660489 K6II
25,847129 22,249775 K1V
-13,461656 6,979446 K3I
-13,759691 8,204331 B9II
-5,698325 13,426835 B4VI
21,523905 -6,193276 F2I
-11,990072 6,366580 G1III
23,721877 -6,756686 M3V
30,101085 23,101668 K8VI
-13,249966 9,366702 G1II
26,799578 23,136705 B0V
22,699434 -9,173514 O8I
22,374973 -5,534189 F6VI
-11,273857 4,914847 F0I
21,505904 -5,193644 B1III
29,986654 21,108356 K3V
22,379014 -8,204568 O8V
19,617374 -5,409053 M8III
24,283690 -7,865395 A7II
-6,424937 -4,169054 G1II
-9,453428 -4,166197 A1IV
-3,534530 13,991862 K7I
-11,849468 9,138345 M0VI
23,678516 -6,608226 M7VI
-5,984806 -4,882903 A2II
-7,399987 -6,553575 F0I
25,853354 22,917288 G4I
-6,038647 12,119967 G0II
20,821541 -8,648402 F8III
29,256982 21,237366 G5II
-12,770339 5,508062 O5I
-6,183708 -5,380361 A2I
20,761480 -5,943964 G9IV
-12,163702 7,324842 O8III
-3,631950 12,363321 A0IV
-4,927822 11,051623 M9II
-10,024551 -5,887047 O4II
21,736294 -9,355087 B7II
-14,246292 7,082533 F6IV
-6,996278 -7,581820 K5V
23,960401 -6,965042 F7I
-13,211216 9,115829 M8III
-13,603744 8,797673 O5II
-10,122784 8,637274 A6VI
22,113371 -8,227034 A5IV
-4,847300 11,765168 M6V
21,483134 -4,917634 F2II
-4,849552 -5,473174 O4I
-7,726599 -5,575979 F5I
-14,244290 5,978629 B1V
27,105837 22,580039 K1V
-5,383908 11,352315 O6VI
-3,506041 12,046906 M3II
-8,753612 -6,255557 K3V
26,812750 20,693469 O7VI
-6,205200 -5,017228 F1VI
29,995618 23,730258 M6I
-14,433567 6,823939 K8V
-10,967653 9,619158 F8V
22,789535 -8,938539 A3II
21,295161 -8,151746 M7III
-6,726919 10,532316 G2II
20,084156 -7,475598 A9III
20,848763 -8,376077 A9V
-7,371361 11,385556 A3VI
-8,411323 -7,945254 K9V
-11,222934 5,431722 F5V
-13,066444 8,411579 O8II
-9,779975 -5,136510 G6II
-10,115858 8,342975 F6III
30,576405 23,280980 M4II
-10,651069 9,408590 M9II
19,830094 -6,761891 M2I
-6,676571 10,176939 G5VI
22,678353 -4,749850 A1VI
-12,818615 9,704155 G7VI
19,935726 -6,953076 O6VI
-8,292506 -7,743024 G5V
20,269509 -8,654405 K9V
26,747683 20,962818 B4I
-3,980435 10,285303 M9I
-12,808265 9,658444 K4IV
28,226404 21,616254 A0III
-5,584188 -6,668883 F9II
-9,660879 -5,118526 O6V
-7,823375 -5,630447 G2IV
-6,174843 -6,854798 A4VI
26,770129 23,177348 F5VI
-5,842310 12,387286 G8IV
29,284244 21,543739 G6IV
19,900211 -5,149611 A8VI
27,767646 24,502665 F6VI
-12,921262 6,535341 O6IV
-9,137008 -5,459353 O1IV
20,047027 -7,293623 A4V
-10,279452 6,304131 K1V
-3,799888 13,534490 A1VI
-11,736925 9,000678 B4VI
24,173216 -8,067269 O9VI
-3,852725 11,629237 B4I
26,242344 23,995622 B2III
19,930508 -5,771833 O3IV
-4,707754 14,497371 F1I
20,896435 -8,490919 K5VI
27,935185 22,629979 G0I
21,827462 -6,052448 O3I
28,461668 21,545139 K8IV
-12,086269 5,955831 A3III
-4,545208 11,314159 A6VI
21,726167 -6,930785 B5III
-3,177182 12,567419 M2II
29,807543 22,265492 F9I
-6,998615 11,241282 K2III
30,027464 21,069452 A0IV
-5,706680 13,023757 O0VI
28,809833 23,628658 B0II
-11,996453 8,918206 O4II
-5,842247 -5,399290 G5IV
-6,945690 11,147949 A5III
21,148730 -9,191885 M4VI
-10,341680 9,285768 A4IV
-7,547141 -5,020616 B8V
22,978157 -7,747848 F9VI
-9,443391 -5,748966 O4V
-6,956917 -5,216681 F0VI
29,290703 23,028423 A0II
-7,101109 -4,109063 M3II
-8,425793 -6,561707 O0I
-5,279558 -4,537572 F8VI
-5,914302 12,487174 F7VI
26,014212 21,687539 K0I
-4,205583 11,562325 M4II
-3,876584 10,500934 O5III
-5,584753 14,313778 K5I
29,134507 20,579847 B1VI
22,225712 -5,045811 G5II
-12,773867 9,469910 F5II
-3,825188 13,905958 G9I
-8,350008 -7,190733 F9VI
-10,524642 8,385911 A3IV
20,744419 -9,202645 A1III
-6,472784 10,831212 F0III
-11,941316 5,866599 F5V
-7,550398 -4,913471 G2IV
-6,638427 -6,236661 F6IV
21,131225 -8,569045 G2I
28,870147 24,627362 G9II
22,930554 -8,265435 M1IV
21,004295 -6,069116 A1III
28,830087 22,077049 B2II
29,178860 24,967333 K5V
-12,454500 6,759468 O8V
-7,022402 14,535555 B7III
22,652976 -7,903084 B9VI
-13,057726 5,385909 A6VI
-9,873314 7,643574 M0IV
28,754708 21,880712 K5I
20,320992 -6,235585 A5VI
-4,572688 10,887420 O1III
21,759791 -6,560968 O9VI
28,281905 24,744439 O9III
-9,035676 -5,993638 A6III
-6,036136 12,536195 O2VI
-5,265934 13,526874 A6I
-4,935640 10,999503 M6I
-5,827468 12,754850 F9V
-4,862777 14,277708 F0I
22,553823 -7,094152 M1IV
27,486291 20,939937 B1I
28,160585 20,834422 B5III
22,162139 -5,278729 F8IV
23,052355 -9,161025 G0V
-6,824206 12,349395 B2III
-4,979419 -5,235195 A0V
29,067360 22,671797 M8III
-13,211488 5,498153 M9I
-6,459568 10,379821 B4VI
-13,383282 7,001223 O1VI
20,807427 -8,827221 G1V
-6,881866 11,683600 O6IV
21,553544 -8,130582 O3IV
-5,995220 -6,736038 M5I
-6,075567 14,344889 B6VI
-6,993943 10,973205 F8I
23,771451 -7,049210 F7III
-4,051203 11,194320 F4I
-3,948512 12,498334 O9IV
20,770699 -6,555204 K1VI
23,675125 -8,731765 O2I
-5,778673 14,313707 K5II
-3,913534 10,172259 B9I
22,638984 -9,491842 K7III
-11,909627 8,079662 A2VI
-6,562947 10,392920 A0II
22,962087 -6,882107 F1VI
27,631547 25,257109 A4IV
-7,221970 13,074759 K0IV
26,889729 24,825980 K8I
27,534856 22,886057 K9IV
23,892651 -6,470332 A1I
22,661582 -6,802431 M0I
-2,848106 12,432735 F5II
-6,974685 13,299977 F7IV
23,390627 -5,105595 B4IV
26,968689 24,062720 A3I
-12,174451 8,548854 M5I
-8,697473 -4,915380 M0I
-5,103942 12,065468 A7IV
30,270635 23,383011 F9VI
-6,524349 10,098931 B7VI
-5,920924 10,935554 B2I
-6,462045 -5,661636 G9V
-9,600401 -4,139303 B0I
-7,858416 -6,952413 A0IV
19,781729 -5,269857 F7VI
29,134663 23,482125 G0III
-11,267287 6,779785 F2VI
-11,251833 6,483206 K7VI
-10,467297 7,733464 B4I
-5,814225 -6,721320 B6I
-7,574609 -4,986927 B1III
22,330992 -6,253176 M2V
21,739427 -6,532992 F2V
26,527360 22,802726 B5I
28,109214 22,172253 F6IV
22,179971 -4,730598 B1II
-7,090304 -7,498641 O4III
22,131027 -7,945600 A4II
21,331725 -4,871284 K4IV
-5,165639 14,381864 G2III
-4,059970 12,343906 F2I
19,600203 -7,990524 B2I
-3,624056 10,576660 B0I
-9,896669 -5,129032 M3VI
23,412655 -8,628917 F1IV
28,863357 20,779840 B4I
28,507762 23,442177 O5II
23,782607 -6,347189 B4IV
-6,979886 -4,023119 K3III
-11,266156 7,057702 G0V
22,757505 -4,781880 G3III
-8,331796 -3,441870 B1IV
-6,410918 12,592599 B2I
-12,522241 7,534390 F2II
-9,772874 -5,568451 G0VI
-7,672947 -4,544954 F7VI
29,551268 25,068886 O9VI
23,582153 -5,820868 G8V
-10,006308 8,426739 O2I
-6,852398 10,888485 B3III
-8,660295 -4,185164 O2V
-12,342714 7,068688 M8II
-6,016599 10,722925 M8II
-10,379732 7,941675 O0IV
-5,969793 10,143459 B3I
-4,364165 14,133922 M5III
-13,374338 8,782297 B5VI
-11,157674 9,456079 G4III
20,873638 -9,046417 M7VI
-7,053455 13,932229 K7II
-5,079961 13,776011 F5V
-9,572606 -4,116864 F0VI
-11,059752 9,583311 K6I
-14,615452 6,741999 B2III
-5,140861 -6,145730 F9II
20,955058 -4,675947 B9IV
-7,991699 12,112608 K7III
19,835610 -7,794504 K7I
-11,109368 9,740489 G8II
22,602899 -7,702948 M9III
-9,208325 -6,640794 F2V
23,854232 -7,225146 B8III
-6,375982 12,405502 G5II
23,652683 -5,361650 O6II
-13,141261 6,931925 B7III
28,446679 22,434196 A7II
-13,928541 7,703291 B8I
-9,017552 -6,370793 M2I
-5,927745 13,299455 A0III
22,494996 -8,731397 M4IV
-11,418222 8,961734 M2I
22,347167 -4,564530 K6II
30,207142 21,629494 K9I
24,236945 -6,847750 O8IV
28,109826 22,697867 M8II
-6,121693 -3,099535 F9IV
-6,788770 13,721820 G1I
23,018393 -5,691343 A1V
27,578968 23,130712 B3V
-13,953380 7,955338 M3III
-7,183926 11,122391 O1I
-6,393736 10,161983 M2I
-6,142803 -3,923594 G6VI
-6,013487 -6,584602 F7V
29,809439 24,053516 M4IV
-11,856913 9,732151 M0V
22,205409 -5,694360 G9III
26,523367 21,432467 B9III
-7,591110 -4,889712 A4IV
-11,111760 5,277805 G3II
25,465231 22,790499 G4III
23,016196 -8,206136 G6VI
-14,076567 6,156541 M4IV
-4,913604 12,658175 B7V
22,922780 -9,146358 K7III
26,133986 22,907495 F1IV
24,004969 -7,528553 A0VI
27,911818 23,246264 K9I
-14,278226 6,570145 G7VI
-6,075780 14,080870 O1II
-6,704340 12,114229 K9V
28,082828 24,041151 O1II
-6,188206 11,113922 K1V
-8,696442 -5,783367 M0II
-14,152038 8,038460 M7IV
-11,876556 5,205072 F5V
-3,006381 13,507537 F3I
28,510854 22,456643 B2III
-4,673257 12,889401 M5I
-8,498020 -4,039169 G0V
21,452409 -5,436889 A9IV
21,173989 -6,223934 B5III
23,539431 -7,389043 F4II
-6,214974 12,648295 G9II
-12,579800 6,178248 B4V
-3,232056 13,634875 B1IV
20,695034 -4,687540 A9II
21,144978 -9,437407 F6VI
-13,757887 7,300045 G4V
23,581443 -6,975457 M2III
-7,253706 -4,822520 F8V
29,077850 23,706769 G0II
-6,948962 11,400042 M1V
-2,925539 13,611433 B1IV
-3,189344 11,187897 A1I
-5,869939 13,533035 B9VI
-11,866077 5,036514 K6I
27,474209 22,832032 M4V
-5,140981 9,778754 G4VI
27,122813 20,820980 K7V
-12,107616 8,526840 A3II
-12,569279 8,186591 F2VI
-3,980371 12,269527 G6I
-14,679327 7,231855 A9I
-8,241845 -5,481964 M4VI
-3,891878 11,967537 B3II
-8,929331 -6,113687 F5V
-3,734272 10,460830 O2I
-6,601970 -5,245442 M0I
-13,615744 8,261802 M6V
29,265881 21,875334 O2VI
-7,712118 -5,722374 O0V
-3,090671 12,888830 G8V
-11,145100 5,429441 A4VI
-7,166082 -3,099910 F0III
20,204316 -7,393940 M7V
-10,470219 9,146300 O9VI
-6,726953 -6,341543 A5II
30,492349 22,345954 O6IV
20,819705 -9,039643 A7V
-7,584188 -4,511603 G9II
24,106135 -8,098614 M6V
-6,183899 11,681430 A5IV
27,093023 21,105683 B1VI
-9,278799 -5,189937 A8III
-12,146880 5,286363 A6IV
-3,966021 14,551953 B5III
25,769469 23,558041 K5V
29,297079 24,497294 O5VI
-6,751928 10,203610 G8V
28,374045 25,290658 A0IV
-13,589701 7,387088 G5II
-6,229283 11,070993 B7IV
19,311274 -6,367983 M9II
-3,733262 12,603738 O8I
-8,474269 -5,462749 M2II
23,421426 -7,547112 G7III
-7,637564 13,552422 A9V
-6,705602 14,670710 G8II
-7,960997 -6,356572 M9IV
22,763620 -9,009902 K3V
23,035382 -7,986998 A7II
-10,447418 7,937733 G0V
22,198817 -5,393082 G3II
-6,473369 12,513357 M7II
-5,626649 10,011801 K2V
23,994289 -5,688983 F7IV
-4,560639 10,831830 F3VI
-12,609492 4,881190 F4II
-4,431869 13,748704 G2I
21,660889 -5,147288 F1III
29,534855 21,501659 A1III
-8,673991 -3,354735 A0I
23,238291 -7,976650 M7I
-8,360419 -5,986723 G9II
-14,532005 6,404559 K7IV
-6,695341 -5,482526 O0V
-7,610565 -6,017247 B9III
-6,054627 11,076322 K0III
-13,895038 7,282682 G4I
-3,040285 13,337969 F9VI
29,387764 21,004803 A0III
23,387854 -7,746314 O9II
-6,675422 12,839881 G4V
-4,967492 12,018369 B2IV
20,591837 -6,859090 F8IV
-11,213168 9,543809 M9I
-7,874914 -4,111435 O3V
-5,939061 -3,855404 O1III
-8,913611 -3,379817 F0V
23,691933 -7,206430 M6V
-7,739307 -4,996409 M5I
-12,200110 9,844191 G7II
25,956930 23,655162 K1I
23,861367 -6,175951 G9V
19,863852 -6,924662 G6III
-8,671256 -7,453809 O3IV
-5,633370 13,111484 G9V
-8,709323 -6,600590 A0V
21,559010 -7,573337 G8IV
-7,717174 11,733049 A0IV
-3,842108 13,533325 A5V
-4,036549 11,572492 M9I
21,017612 -8,346848 G9III
-7,417975 -5,620136 O1VI
29,299150 25,014219 G6II
-4,346379 10,810358 B1V
-12,830984 8,840472 K2IV
27,868131 24,752747 A9V
-7,356264 12,636584 A2I
28,455688 20,646573 O2VI
-5,749099 12,481277 K8II
28,682235 21,715630 K7V
-9,194787 -6,657159 G5II
-5,014104 9,876583 F8VI
24,091822 -7,374216 A2III
-5,574013 13,501199 G8III
-3,274549 11,473649 B0V
21,469532 -9,540759 M8V
27,940314 21,414977 A1IV
25,696055 23,373800 K9VI
-12,587581 9,409561 O5IV
26,682808 21,228439 F5II
30,100733 22,154189 K4V
21,850314 -6,576565 O5IV
-7,338045 14,090422 O9II
-12,465053 6,232635 K6II
-11,225464 6,351668 G5VI
-8,682841 -3,187290 M2III
-6,756638 -7,727290 M6V
-6,636592 -7,692467 K7VI
-4,861272 11,386478 F1V
21,725841 -7,262441 F1V
29,208726 24,673482 M1I
-12,509962 6,824423 M0VI
-14,823237 7,326508 G3II
-6,121723 10,343543 F9V
-11,817901 8,153961 F9V
-5,263408 10,402391 A2II
-4,912140 -5,435325 A9V
21,759142 -8,028135 M8I
-11,861359 4,692645 A7V
-6,235145 12,151351 B8V
-8,947821 -6,388956 A8VI
-10,110930 6,208636 K5III
-5,506287 -5,044948 A3II
-7,275286 12,768153 A8IV
-10,494439 5,348970 A2I
-7,358044 10,724886 G1III
-9,066170 -6,408754 F5I
-4,738806 12,786295 K1II
21,433364 -7,924028 B6III
-9,328602 -3,846351 F6V
-6,982964 11,415602 O1VI
22,486131 -7,452959 M4V
-13,862543 8,137395 M0II
-4,317866 10,017763 O5II
-9,110998 -7,193899 F1III
-10,411761 9,246681 F0III
-6,805855 13,639879 M6IV
-3,946477 10,369078 K7III
20,061865 -7,889974 O3II
20,650187 -6,606416 B5VI
-6,595153 -5,029254 M5VI
-12,448351 5,810784 M7V
-13,803430 6,085503 G9IV
-12,259648 4,863539 M8III
-2,773408 12,325102 B5IV
21,299283 -4,995401 O9V
-7,191543 -3,125138 B7VI
21,444593 -8,221432 M5III
26,994017 25,277006 K5I
-9,518990 -3,849945 A1IV
-11,365679 5,651299 O2III
-7,101577 12,536144 F6IV
-4,023719 13,781084 K5II
-7,813470 12,835914 B9II
28,151509 21,457335 M1V
-13,383479 7,946318 B5V
-7,281978 -4,664336 G1V
-4,046576 12,335220 A7III
26,825895 23,945159 G4I
29,215506 22,163192 G9VI
24,328087 -7,158317 F7V
-7,558618 -5,872775 K0VI
22,643616 -9,242791 K2V
29,001268 20,497532 B3I
-7,245725 13,136396 A8V
21,915373 -8,286250 O7I
22,716050 -8,261751 K1VI
-9,027759 -4,038791 K4II
-5,103649 14,886501 K6V
-13,453272 6,293534 M1II
-11,358808 5,332772 K4III
22,631336 -6,826437 M7IV
-13,482723 6,660677 G3II
-7,670492 -4,924343 K1VI
-9,870313 -6,484609 B7IV
-13,419505 6,890849 K5I
-13,322040 7,526178 O2I
-4,747836 10,254093 A8VI
20,101827 -4,944632 O1II
-4,582674 12,576758 O2II
-7,697378 -6,150279 K0VI
20,203372 -9,126021 G9IV
-11,309918 9,850472 K8I
-14,540811 6,565562 K5VI
-3,450802 12,677178 G0V
-8,154419 -7,173791 G9V
-4,747030 11,297046 M1III
-8,116322 -3,453327 K3II
-10,901832 8,865909 F3II
-5,564003 -4,807437 O1III
27,659732 24,585106 K9VI
-10,691922 8,114898 M7III
-4,876656 12,322457 A5IV
-8,982230 -3,731647 O0II
19,193200 -6,828111 A1I
-8,872363 -6,455865 O8V
-5,386477 12,239582 O5III
29,256459 20,479235 M9V
-10,481522 7,817048 A3I
-11,379520 9,035088 F9VI
-7,780525 -6,587410 K3V
-13,103607 8,017556 F7III
-6,993688 -5,978283 M8V
-5,143574 12,222656 K6II
-11,953657 6,705885 K1VI
-3,100863 12,698186 M4IV
-11,057220 9,674102 M4VI
-10,064376 7,537431 B7VI
-10,628051 8,458968 K0IV
29,097406 21,308698 A6I
-4,055373 10,608026 A8II
-10,554633 5,694514 M9VI
-5,322400 -5,904613 A3IV
-5,381159 10,094403 M0II
22,596294 -7,974769 A3I
26,650709 23,228546 F9III
-5,237906 12,090921 A8IV
19,808486 -5,646067 B3VI
-5,916770 -5,227635 F2II
-4,770330 11,567025 F8I
-10,464477 9,133689 K9IV
-7,247315 11,753558 A3V
-4,653091 14,244851 G1V
27,495619 21,858070 B8I
24,207358 -7,941761 O5VI
19,939577 -6,213005 O8V
-7,145260 11,370051 K9II
-9,159205 -5,871248 G8V
-7,887098 -3,562345 G0I
-13,632903 7,653113 A9IV
-5,749763 13,778466 M6II
-9,476315 -5,342373 M9III
-5,289689 15,025532 A2IV
-6,222766 -7,339048 G8V
-4,981394 12,289835 A4V
-9,338664 -6,221440 O1IV
25,668700 22,189701 G2IV
29,092862 25,272082 M6III
27,182622 25,313661 K2II
28,229494 22,262104 A6II
-8,752159 -4,582936 M6V
29,948911 23,757185 M1I
-5,229803 11,905573 B9IV
-6,619961 10,708808 A0I
-3,286652 13,057209 A7III
-6,508047 10,565514 A7V
-12,325283 5,810741 K9IV
-5,253227 12,795164 O3IV
-14,005484 6,987118 K3I
-9,253645 -5,317228 A9V
-3,392243 11,586412 M9IV
-6,692944 14,061380 O6IV
-4,932561 -5,285464 F6I
21,799901 -9,370796 F3IV
21,788316 -8,044668 F6V
-6,789554 -7,201538 O9II
-8,572541 -4,605511 A3IV
-12,962224 8,048200 M0II
22,436136 -5,927427 G1III
29,656813 24,661050 G1I
22,927922 -7,995681 A6IV
22,640263 -7,866058 K0II
-14,406899 6,848086 M1I
-4,321531 11,464395 O7VI
21,240120 -7,074234 F2I
29,906607 21,621879 G9V
21,567505 -9,091619 K6III
26,206678 22,131111 B8III
-8,310959 -2,870400 K0VI
20,236535 -7,897219 K3I
28,520778 20,348024 A0IV
-6,068485 13,501185 A6I
-12,968109 9,683627 F9V
25,458412 22,190505 M3IV
28,733291 21,851475 M3II
26,713100 20,967163 G1II
20,349588 -9,111078 B4I
-7,403202 10,857420 O5I
28,980574 25,159168 F7V
-11,451442 6,996295 G8VI
23,833621 -7,690796 M5VI
-3,881184 14,271167 O9V
-10,613426 7,099960 B2IV
-12,770653 9,542254 B7III
22,447147 -7,851159 M4VI
-3,486476 12,474726 G9III
-8,798013 -3,597527 K0II
23,028709 -5,522471 K7VI
-7,472496 -4,556743 B2VI
-5,584725 -6,519350 F0V
-3,098235 13,425692 K2V
21,058958 -8,265799 A8V
-9,699300 8,195250 G5II
-9,927648 8,754038 G8III
-11,961087 6,394431 M1IV
-7,763368 -7,427142 F0IV
-11,697857 7,567464 O7II
-11,738698 5,766299 A0III
-4,853730 11,861968 K7III
-5,200418 13,647432 A8II
26,064940 21,442513 O1II
27,879133 22,123441 M6VI
-4,766696 14,555405 B0III
23,060279 -7,362811 O6III
-9,815385 -5,575777 F9III
26,823350 21,395472 O3V
-6,471015 11,746045 O0IV
29,199790 25,251333 K9V
27,365259 25,285014 M2IV
-13,621416 5,763078 F8III
22,569981 -6,410589 M4IV
-6,512221 -5,278143 G7I
21,597448 -9,009402 O1VI
-11,499838 6,823222 K0V
27,354883 24,349799 M3VI
-5,904383 11,508133 O5IV
20,160258 -6,411826 O8IV
-4,616642 13,245689 G4V
-14,249458 7,615724 G4V
19,954664 -9,005151 B6IV
-4,491271 10,219274 M2II
-5,713570 -6,333543 F5IV
-12,106321 7,671244 O1I
-5,760233 11,474379 G6VI
-3,051970 13,747610 B4II
19,521896 -6,275612 B8III
26,884034 25,132580 B9IV
-9,738855 -4,792983 M8I
-6,873692 -7,130832 O4VI
-6,818234 10,583521 B6I
-6,261950 -6,794243 B0I
29,711104 23,044184 M6IV
28,339259 21,941092 F3II
-7,723848 11,706593 G3II
-7,748242 -8,033306 A0II
24,415583 -7,234956 G0III
19,443701 -7,769320 K2II
24,112806 -6,137464 G2VI
-14,237710 6,412586 A4IV
22,197228 -9,481174 A3IV
-14,783810 7,596663 G7VI
-13,377731 6,092537 F2V
-11,718461 6,551870 O1III
22,003854 -8,586076 A7III
27,548613 24,317493 K4IV
-13,258184 8,505290 F3II
-8,482412 -3,089822 M0I
19,606367 -8,540999 A6VI
-8,748512 -5,573090 O1II
27,547704 24,287698 O0IV
-13,214087 8,212715 O3V
22,189253 -5,904504 M6I
-6,108983 12,659597 B1I
28,963318 21,555594 G6VI
26,707225 21,413161 O2I
-6,637095 11,814698 O1II
-7,093803 -3,258475 A6VI
-6,380752 12,422085 G1I
29,724561 24,029011 G6I
-13,189561 8,538562 A1IV
-7,032410 -5,699695 G2VI
-14,527503 6,025588 M1V
-2,934425 13,423723 F8I
28,055832 20,335654 K3I
19,146434 -6,452191 G3IV
-3,811014 11,416881 A5VI
20,602196 -4,963813 A7I
-5,933536 14,586567 M3III
-12,201629 7,285754 O7II
-6,213174 -3,168047 O5III
-4,989039 -5,552919 G4III
-7,011960 -3,759185 O8IV
-7,038443 13,435558 F2III
-3,304177 11,573653 B5I
-11,763357 6,126515 F6II
-4,416534 12,444059 F4I
-6,994187 -3,666664 M9I
-14,210550 8,555819 A5VI
-13,966969 5,558241 G5IV
-11,789535 7,681191 K4V
-6,821561 14,085233 F9V
-9,175410 -5,094131 A5I
-7,318720 12,919079 O5II
-11,124039 7,040341 G7VI
-3,896437 14,552136 G4IV
29,314265 21,028407 M1V
26,893091 21,201583 K0III
27,509590 25,068518 B7II
-6,344759 14,316974 A0II
20,941527 -7,125081 O1II
22,174753 -5,453337 O0I
-14,706557 6,702462 O0IV
-11,585181 5,507311 A0I
-11,251200 5,261430 K7III
20,246225 -6,211853 G0VI
-5,079677 -4,564552 F0III
19,705871 -8,670813 G7V
-3,733897 13,533645 A7IV
22,176231 -7,078931 M6II
-12,598481 6,544484 A1III
21,546375 -5,335050 F5II
-11,511858 6,323408 G7V
29,106482 21,077724 G6III
28,329723 22,329226 A1II
-6,980398 11,268686 A0V
26,610124 21,921649 F3II
-10,354575 5,398591 O2I
27,066645 21,648772 A0II
-12,236274 7,128541 A9II
28,153984 25,174014 F5IV
-7,516323 13,228658 M0V
-12,757369 9,599690 K5I
-7,252557 -6,058615 G9VI
27,958007 20,589123 G9III
-6,184427 13,197290 F5V
-5,692774 11,706363 G4I
-8,734420 -4,061998 B6II
26,638170 24,078848 G9I
19,913888 -8,755731 M4I
-14,704972 6,989259 O4II
-5,489207 -3,872836 O8V
28,005450 25,006676 F5I
-3,601487 14,033413 F1I
-3,701203 11,933689 F9II
28,136578 23,301548 M6IV
30,285927 21,621333 K2I
29,716553 24,079677 K6V
-5,324281 13,816759 F0IV
19,693338 -8,196490 B9II
27,943858 20,722417 M3II
-9,089695 -5,435375 F4IV
22,761356 -8,367822 M1III
-8,157351 -7,913548 G4VI
21,704167 -5,991388 K4II
-7,099430 12,428700 K0II
-3,232921 14,120555 F4II
21,540619 -8,689450 M3IV
-6,793618 -4,555232 K7VI
19,061913 -6,857099 M3IV
-6,319435 14,181085 G6V
-11,910979 4,803003 B6II
20,844812 -8,032739 B9V
28,081023 23,475252 F0IV
-3,852571 13,000704 F3III
20,479527 -4,795815 G5IV
-11,959106 9,996665 A1V
-7,035126 -4,716815 O2VI
27,428357 20,554289 F8I
-3,990463 12,192839 F8IV
-9,391003 -6,992559 O3I
19,658592 -8,104850 A9II
-4,047137 11,012589 A0II
22,666208 -6,341920 A6II
-6,688286 -4,099875 O4III
-5,410641 -4,417390 A1V
-3,741326 14,231266 O9II
28,113252 24,731550 F3I
-9,607478 -5,755467 B1IV
23,388985 -6,105368 K2II
-12,127625 6,830425 O6I
-6,080107 -6,778609 G8II
-7,222186 -4,114757 G0V
22,318384 -8,144693 F4III
25,999977 22,094135 F5II
-6,697128 -5,007505 F3I
28,450939 24,521384 F9V
29,214855 23,356813 O0IV
28,774310 23,112739 F3V
-7,061294 -6,351702 G3V
-4,989361 -6,094796 M4III
-5,957428 -6,679149 G4IV
-11,714176 8,191811 A3VI
29,523890 24,109273 F4IV
-7,256542 -6,410717 M3I
-7,532704 -5,811300 M4V
-6,634829 -6,375393 B5VI
-12,189035 5,953043 M0IV
29,017971 25,125097 K9III
-6,715828 -4,580406 F0VI
25,942222 24,247549 B9V
-2,729488 13,123028 O1II
-4,757037 10,813744 F2VI
-14,344832 6,847241 A9V
22,777344 -7,388281 O6V
-6,710681 13,197349 F7VI
-3,776796 13,111595 B0V
27,563368 20,627315 O9VI
-12,773542 5,625901 O3I
-5,982979 -5,051233 M8VI
-8,493934 -7,847170 F7IV
27,189040 23,175137 O8V
28,253338 24,197870 A1VI
-14,257834 8,715185 K5IV
19,521555 -7,915465 K8I
28,305225 23,782976 F3VI
-3,612988 13,136588 G2II
-8,650783 -4,398833 G6II
28,589418 21,839499 A8IV
23,281464 -7,759002 K9V
-4,798092 11,817308 O0V
-11,694101 8,581264 M3III
29,447876 22,581016 A3II
27,676820 21,723351 B9I
-14,566478 6,806149 K2IV
-9,033098 -6,211367 A7I
-6,740229 11,758141 K6I
19,870270 -6,929533 B5III
-7,145703 11,301508 F8I
-5,501268 -6,240252 G8VI
-7,468956 -4,089366 A1III
-8,369635 -7,718572 B9I
-6,500729 13,058133 M2II
-8,316987 -6,191334 A0IV
23,908986 -6,637958 M3V
-3,447129 11,952005 M1III
-4,926135 13,385494 M9II
-7,571577 11,740375 A3V
-7,240104 10,883014 O7VI
-4,954993 14,598520 M2III
28,913930 25,044398 G2VI
27,451148 23,266612 K9III
23,149383 -8,012512 M3IV
-10,595579 6,224099 B2VI
-8,691651 -5,045595 B3III
22,907206 -9,277749 O3II
-7,760263 -3,241161 G0I
-7,474186 -7,775393 K2II
-7,615372 12,605024 A4II
-7,840947 -7,002878 G3IV
30,356579 23,649818 B3III
29,174757 21,358458 F9III
23,076246 -6,506422 M6III
28,774762 20,703031 B3II
26,525692 22,824753 B0II
-12,444444 6,821927 K2II
26,358732 23,280160 B6V
-12,677751 7,944884 A8IV
25,619908 22,557697 B8I
-7,459421 -4,814345 K2III
-6,433616 12,701880 K4I
28,485991 24,065430 F9I
-6,861665 -3,342037 A8IV
20,624739 -7,116366 K8I
-6,030721 -5,736591 F6V
-13,433866 8,331079 G5V
29,241884 21,656267 F2III
19,726213 -8,248477 O5II
-4,732808 12,922720 F5I
-6,346927 -3,148921 O3V
26,824922 23,975543 K3III
-13,237856 6,273686 G6V
25,608506 24,004988 O3IV
22,756812 -5,375624 A8V
20,606116 -8,112378 G9III
23,247064 -6,648003 G8IV
-11,060138 8,699458 M5II
29,187267 22,009233 G3I
-13,498825 7,819051 B0IV
-13,627294 9,435810 K2II
21,362996 -6,152862 O4III
22,809284 -8,310136 F7IV
-13,319714 8,669636 M9III
-9,675228 6,712737 B5V
-10,619482 7,400644 A2I
-14,434770 7,624931 M8IV
29,248028 23,756487 B1II
23,661162 -6,187743 O2V
-5,188173 14,303639 B1V
-12,918238 9,361667 M3IV
-5,050639 11,683555 K7III
-3,961372 11,372169 G9II
-6,322007 -4,842562 K5II
20,227816 -6,698516 F3VI
-6,450160 -5,257637 A4IV
-12,080418 5,920927 O1II
-13,073246 9,093151 G2III
-8,169129 -4,057467 F4V
29,436997 24,477176 M9VI
-6,731663 -4,982251 B4II
-8,259069 -4,695287 O6II
29,669880 23,943883 G9II
26,801202 23,909038 F2II
-3,792612 11,241571 F8II
20,134252 -6,953565 B1V
21,917138 -9,519446 M2VI
-14,604902 6,502327 A3IV
21,771860 -7,811199 F1III
-8,053819 -4,781262 O1V
21,336745 -5,881869 B7VI
-3,378098 12,377086 F3III
25,905846 22,550397 M7III
22,976113 -5,103873 K1I
-6,219708 -7,675510 F9V
-3,986244 12,694567 G6IV
-4,091419 10,600159 G3III
-3,714904 12,744581 K1IV
27,741800 22,661839 A8VI
27,311358 22,505702 O4I
29,970666 21,756220 A7III
21,598601 -5,165635 M5II
25,956609 22,874762 K4VI
29,090174 22,533955 B5V
27,507684 20,896108 G2II
-6,932265 -2,920523 F1VI
-5,243645 -5,511308 F4III
27,836820 24,596232 O3II
-5,043834 10,349497 G6I
22,360021 -9,358082 O6I
27,248946 24,824126 O3IV
-7,544080 13,541261 B3III
-5,062885 11,716574 O8V
23,214607 -8,471340 A3VI
28,438086 24,706627 O6IV
-10,985957 6,642685 K5V
-6,201251 13,107354 M4II
-5,834433 -3,953271 F1V
-14,184613 5,584101 M6IV
-7,721833 -5,009663 O7II
22,679064 -8,363245 K4V
-7,496832 -3,170152 O5I
26,216547 22,956659 G2V
-13,950318 7,452096 O4II
-7,502840 12,942734 G5VI
-12,880167 7,669665 A3VI
-6,683435 11,703959 B7IV
-3,623518 12,139014 F8IV
-14,408989 6,955835 F2I
21,753454 -6,408958 K7V
27,502865 22,801532 K5VI
21,807104 -4,532623 B9II
-8,313133 -6,476972 G0V
22,885072 -7,083825 O4V
-14,594172 7,173632 K3II
27,470979 23,531863 M8III
-5,344230 -5,919895 O5II
-8,451542 -5,561214 G5IV
20,129056 -6,612589 M9VI
23,786474 -8,611374 O5V
-6,789089 -3,891922 A1I
21,501501 -9,193378 F6II
-6,163048 14,387933 G1VI
-6,007180 -5,291412 A3II
-4,154142 13,505947 F2I
-8,179763 -7,159873 O4III
21,862328 -5,356968 G8I
-7,014879 13,579993 M7IV
-5,170925 10,429155 M4V
-14,008090 5,651190 B7IV
-7,128099 12,098452 O9IV
26,707856 21,016928 K6II
-5,117036 14,917700 F0I
-8,672930 -7,758804 B9II
30,652962 23,097378 B6VI
-4,971913 14,848932 O3I
25,723452 24,251914 B2II
28,629380 23,027653 O8V
-13,363810 5,263137 B4VI
25,920060 23,306445 K7I
-5,076509 10,195614 M4VI
-5,981349 14,870686 B8I
29,066591 24,767062 M4V
28,882625 24,282479 M5I
-9,859569 -5,231680 G4IV
-6,112688 -5,554457 G4V
-7,675821 11,727586 K9II
20,469505 -5,780497 O2I
23,517110 -5,724941 B9IV
-11,630748 8,737386 K6III
21,126880 -4,605824 F7V
22,056665 -7,604318 F6IV
-11,610481 5,846625 K6V
22,576443 -8,352940 B7IV
-14,022315 7,139742 K5IV
-10,273441 7,055326 M1VI
29,695023 21,345478 A8V
-6,981758 -7,698150 K2II
19,327621 -6,417591 O7VI
27,289292 21,923747 F0I
-7,148269 10,806190 K5VI
-4,298047 13,819046 B1VI
21,565848 -5,350443 F9IV
-8,518890 -4,511219 A0VI
-3,390637 12,852100 K1II
20,037454 -7,448476 K1III
-10,866035 9,045913 O7V
-5,916441 14,961962 O9I
-4,733557 10,921839 G3I
-9,094808 -7,277217 B1IV
-12,265554 9,826600 M9V
-13,318640 6,103633 M5VI
29,954710 23,620130 O1IV
-12,779735 6,351100 G0IV
-11,881440 6,554103 M5I
-11,662045 9,480708 F6IV
-6,999686 -4,400384 O5IV
-8,093123 -3,522838 B5II
-5,455225 14,921453 K7II
28,433004 20,991664 K1IV
-11,256510 9,080442 O7I
-12,222789 6,560798 K8III
19,529167 -7,740942 F1IV
-6,479732 11,081760 B0IV
-13,594969 6,099174 A3I
19,563868 -7,816170 O3V
-8,899435 -4,159285 A0V
-13,624960 9,319419 M8I
-9,257826 -7,314166 F8III
22,110843 -7,600596 G0I
20,292649 -7,161090 A8IV
-5,625483 -7,334230 M3IV
-6,511135 -3,652583 A3IV
-9,921018 7,383178 B3III
-11,063092 6,908853 M7III
-6,982331 -7,138528 O9IV
-8,220734 -6,782957 G7VI
-12,147919 6,862642 K0V
-2,807047 12,700854 A6VI
-5,044341 10,111188 K7V
-7,812071 -4,303030 O3III
-4,927929 12,570085 A7V
-6,337634 10,881887 O4III
28,373156 24,550628 M8VI
-12,225677 5,272293 A3V
-6,080657 10,268405 B5III
26,041142 22,351430 A0II
20,873889 -6,568889 K9IV
23,906178 -8,162982 K9III
29,618967 20,949766 A2IV
-8,438985 -6,899962 M1VI
-13,554663 9,138472 B3VI
28,655994 22,506492 O3V
20,618288 -5,177239 A3VI
29,123552 20,949068 O7I
-13,534594 6,904495 K7II
22,712840 -7,445628 O5V
-14,144443 5,627895 M1IV
21,708067 -7,809857 B2V
26,930204 22,196025 K3IV
-4,975188 9,822321 O3III
21,333641 -7,720371 B0IV
-12,451157 5,632435 B8V
-7,095202 -3,708609 B7IV
20,178287 -6,653054 F4IV
20,524672 -4,902830 F9III
22,804591 -5,617308 O5VI
19,314258 -5,901192 G9V
22,717001 -7,167988 K7VI
-6,333566 14,435724 A9VI
-6,426489 13,499463 B7IV
27,312137 25,356123 G1III
19,332721 -7,102368 B9IV
-5,737615 -5,866497 O7VI
-8,521874 -5,561241 K9V
-7,847114 -2,856017 A3III
-6,480128 -5,162308 B3III
-3,913123 13,059611 M1IV
-10,046216 7,774716 A8III
20,564188 -8,693702 A8V
21,600986 -4,659704 A6IV
-6,362107 -3,341975 A6III
21,753354 -5,869721 B9VI
23,035754 -8,040697 F0IV
-5,647887 12,398696 F4III
27,354045 22,116979 B5III
-10,147446 6,544560 K5VI
27,050771 22,519982 F4VI
-11,320376 5,291330 A4V
20,663145 -7,436799 A7VI
-10,965942 5,600047 B6I
-9,511352 -5,731347 A8IV
-6,664195 -4,813674 O1I
-12,732985 7,360405 K6II
-5,805191 14,993346 O8V
-5,230637 10,884092 O0V
-3,121834 12,823989 K9IV
-11,713312 8,874086 G1II
-11,844467 6,330228 A1II
-3,891226 12,393443 B9II
28,252387 22,949857 F5IV
27,057689 21,733834 A3VI
-7,696082 13,105949 M0I
-13,613043 7,151924 B3IV
20,129345 -6,896169 K1V
-3,190431 12,526363 B3VI
-9,645869 -4,977286 K7VI
-13,806215 7,539319 M0III
21,807568 -4,784304 F4III
-8,066203 -6,784721 G3I
-4,764160 11,927981 G2IV
-13,723975 8,796666 M2I
20,802990 -6,290495 K1I
-5,984816 -5,916778 A6VI
-9,396755 -7,116709 M6V
-8,072785 -6,555650 F1IV
-14,369858 6,439583 O4VI
-6,787139 -5,482508 M7VI
-7,544183 -7,552102 B3V
-5,142369 13,721856 B1III
30,423978 22,898412 O9VI
26,473777 23,259063 G3I
-11,946456 9,106907 B8I
-13,548130 6,245464 K2VI
-7,947150 11,963173 B5VI
-6,663228 13,406200 F7I
-10,515411 7,790123 K7IV
28,246996 22,899217 K7V
-3,889759 14,555683 A1II
-5,459900 14,087232 G2I
-5,499457 -7,169562 A4IV
-7,932042 -7,426069 B9VI
-11,355307 7,316263 M3VI
23,020383 -7,204009 M0I
28,900956 24,680730 G0V
21,374766 -8,806619 O3III
-5,099478 10,206690 A8III
-11,258805 8,140852 B3V
-7,252738 10,976859 O0IV
-7,912896 -3,917896 M3II
21,742629 -5,300045 A8III
-12,645996 8,650824 B0I
-4,824068 14,707673 M7V
22,832144 -9,103921 M5V
-3,092812 12,875685 O5III
-6,089549 -3,171595 G3I
-3,975770 13,467169 A5II
-6,182757 -4,114934 G6III
20,587229 -8,532293 K2VI
30,636869 22,979758 G8VI
-5,265294 10,505211 B3III
19,730794 -5,611419 M8II
22,704283 -6,985452 M8V
-4,303270 11,906013 G8III
-4,265692 10,245459 O2V
28,686299 23,599804 B1II
-8,711264 -6,266251 B3II
19,621124 -7,738587 G3I
-10,962710 7,223153 M8II
-8,346070 -5,598994 O2V
-7,107705 -7,463348 K3V
22,888964 -7,589505 G9V
22,694223 -6,801927 G9I
-12,775614 5,644723 K4VI
-3,544076 13,690805 A1III
-5,500542 11,293326 A7III
-10,758372 9,184892 B9IV
-6,500631 -3,964515 M7VI
-5,520516 14,846158 A6II
23,301443 -9,036144 F4III
-10,406480 8,155794 K8III
27,765629 21,370706 M8IV
-8,230991 -3,640046 K9II
-11,475669 8,446886 B0III
28,013562 21,728288 G5II
29,522717 24,529471 K5I
-7,230982 -4,654727 G6II
26,420965 24,563330 M7I
-11,489114 9,760981 K6IV
-5,423094 -4,476128 B6VI
-3,317962 12,089889 O9III
-11,915055 8,756571 M1V
29,845355 24,603381 A3II
-12,831402 5,462777 A7III
-10,829565 5,461832 B0IV
22,579218 -7,885227 M0II
-12,685712 9,523463 A5VI
-7,024806 13,292439 F2II
-11,943402 7,210413 K8IV
-12,256520 5,795504 K2I
-10,318103 8,156969 K0II
27,677260 21,001222 M1IV
-3,448339 12,476632 F0IV
-10,187390 7,131113 K9III
-5,126255 13,022081 M0VI
-7,957855 -5,650607 G2V
-2,976139 12,329157 F6VI
-8,398925 -5,458933 O7III
-5,841123 10,653781 O5VI
-6,723999 -4,422637 O2V
-5,285238 13,458025 K6I
-8,096760 -6,052219 M5I
20,109512 -5,629894 K3III
29,467454 22,509520 F1II
-9,042362 -4,151425 O1I
-6,840297 11,645520 O8VI
-9,661539 -6,248514 M1I
-11,495622 8,212255 G6I
-10,071380 7,171482 G4I
-5,091721 9,821712 K7VI
-6,099010 -6,685441 M4I
-4,209626 14,141824 K9II
29,548318 23,991580 G7VI
-11,088351 8,777734 K2I
-7,345272 -6,788467 M2III
-12,423424 8,840107 O6II
20,868459 -9,114891 M3III
30,178288 23,172400 B2IV
28,422020 23,912099 G9III
27,770064 22,127099 K8II
27,401091 23,807095 B8IV
23,109876 -6,411018 F8V
-12,212926 8,888906 B9III
-4,946618 13,158146 G8V
-4,974452 9,934886 A7III
-5,210406 12,712604 M9III
-12,646852 8,057586 F9II
-7,957104 -7,750794 K6II
29,030065 24,822367 M5III
-12,938472 5,690928 F3II
-4,722812 14,372266 B1II
22,141069 -7,702507 K8IV
-7,728180 -3,049932 M5III
21,208399 -6,762256 G6IV
-9,306520 -7,328817 B3II
-6,236519 -7,008177 O0II
-13,574854 7,375045 F8II
-4,600925 13,050118 B7III
-8,317708 -2,944214 B0IV
22,750271 -8,783380 A1III
26,441024 24,061426 A0II
23,616795 -5,574600 B8IV
29,359734 23,679178 F2I
26,587554 20,961813 M9VI
-13,263178 7,650124 K0IV
-12,605689 8,638911 A2III
23,478965 -6,617325 M2VI
23,116857 -4,716300 K5VI
-10,148545 7,922498 A4III
29,726907 23,214394 B3V
-5,730514 13,422557 A7I
20,053620 -6,799157 M7IV
-10,836420 6,437832 B6VI
22,220049 -5,571782 B3VI
-5,182647 12,312864 M3VI
-5,932895 13,767148 G6VI
-11,267172 7,492813 O9VI
20,415709 -7,714565 F2I
-10,151023 8,510835 K5V
23,635050 -7,292644 O6IV
-6,321549 13,667646 K0V
23,702698 -6,597619 A6V
26,131399 23,838350 K0III
-8,022043 -4,176425 F1I
21,750921 -7,742562 B8V
28,343478 20,725868 A2IV
-4,001362 14,504955 G0VI
24,195549 -7,147441 M7III
-5,604240 14,292795 F4VI
26,512814 23,491343 F8V
-6,710301 -5,170611 F6V
-10,756777 7,802164 F6I
-10,986892 9,092180 F9VI
19,865038 -7,760603 K8II
30,039201 22,968322 O6II
-6,693690 12,049577 M4V
30,043462 23,026068 K0VI
-13,989154 8,968383 M4V
-7,828504 -8,051681 A9IV
20,816214 -4,861201 G9II
-6,137819 -7,584947 A5V
-5,154388 12,624038 G2IV
-11,931770 5,340297 O1VI
29,187937 21,088310 G9IV
30,074840 23,222605 G0II
28,867585 23,958017 G5IV
-7,474657 -5,866794 F9I
-9,758084 -6,514958 K4I
20,632172 -6,939387 A4I
-7,136354 -3,658020 F2III
-7,503774 -3,816472 O6I
-7,065631 -3,861902 G1III
-3,224431 12,797727 A7II
29,466118 22,101316 O9III
28,392140 23,230849 O7II
-9,761538 8,468734 F4VI
-7,519380 -8,042123 B5II
-7,566092 -7,246037 F4I
20,380635 -7,293249 G3I
-5,530072 11,974012 G2II
29,037505 24,468095 A9VI
-7,714808 -4,802798 G2IV
-12,122459 7,702983 B5IV
-5,997301 -7,205881 O9I
20,193662 -7,617650 K3II
27,872199 24,417751 K9IV
-6,134476 14,356496 O8V
-6,862434 12,102090 A4II
-9,425488 -6,816270 F6II
-6,063442 -6,889627 B7III
-13,217127 8,016158 B0VI
-3,529344 10,480394 O6VI
27,760238 21,424199 M7II
20,053757 -8,921200 G6VI
19,266533 -8,038847 B2IV
20,541585 -6,011432 A2III
28,032326 23,014172 K5VI
27,903100 23,538163 F1VI
29,978576 21,889201 F6I
28,791896 21,093080 K0IV
-7,997168 -3,540793 K6I
20,614300 -9,327101 M0II
20,222463 -5,334210 B4I
-6,833379 13,997317 A0III
-6,319262 10,827984 K0III
19,721407 -7,989561 G8I
22,112345 -5,477100 A0III
-8,916050 -4,456596 A7III
20,808055 -8,472707 O1III
-3,003311 13,016472 M6I
-6,166801 12,947275 G9IV
-4,910752 -5,564449 F7VI
-5,255676 -6,851891 F2V
-13,600075 9,391172 F4I
-6,498584 -5,930985 B7VI
21,102649 -5,323538 M1II
29,139422 20,688035 F3VI
-10,288019 6,002394 F0II
22,925526 -9,272950 K5V
-6,947317 -5,160234 B2I
-6,652549 -5,807436 G3III
-9,145791 -5,102158 A1VI
-11,812695 5,821174 M1III
23,651642 -6,671626 G0VI
-5,062565 14,585364 O5III
-7,307225 -3,267815 O4IV
21,467185 -5,194346 K5IV
-13,377134 7,721955 G5VI
-13,492695 7,610718 M9VI
-8,967213 -5,687790 K5II
-13,644890 5,376572 G0IV
-11,102869 7,635030 G3III
-10,321093 8,798921 O5II
29,424665 24,940457 O3I
27,830051 25,359376 G1II
-4,193770 12,722149 G8VI
-10,203775 7,622307 B8IV
-5,120903 -5,971232 F6I
-7,113965 11,015893 A9V
-6,785139 13,215041 F8VI
-4,096291 11,537796 G5I
21,671148 -8,707620 A0I
-3,955782 14,232509 K3I
-12,808408 9,206371 B5V
29,850233 24,473610 K7III
-12,746347 7,399002 K1VI
26,776864 24,056539 B0I
22,486170 -6,797708 A0VI
-7,229939 -7,651850 A8I
19,874508 -5,912617 F5V
-11,442340 6,718838 M2V
26,273569 22,581889 K7II
27,092681 20,683365 G0I
29,731983 22,362905 A5VI
27,305648 20,639520 G8V
-3,660197 11,272521 G4V
-9,326571 -6,017714 B8IV
27,406451 24,449283 K2VI
28,268734 25,273952 F6I
-5,033096 14,789765 O6III
-9,473963 -4,190291 B1I
-4,191965 13,782130 K1V
-11,395865 8,021889 A9VI
-6,576586 -4,242690 B6IV
-6,158596 14,048186 K8IV
19,808280 -6,106632 A2I
27,282947 22,229515 M2II
-12,265290 7,533008 F4I
22,021247 -4,739402 B7III
27,417626 24,698236 K7V
28,945687 22,290910 K0V
-8,653512 -5,968514 B8IV
-8,375554 -6,845375 A9III
21,127672 -7,142197 G6V
-11,145691 5,267182 F9IV
-11,421770 8,436511 K7IV
-6,858925 -5,971421 A3IV
23,727240 -5,363829 F4V
21,454598 -9,580520 A3III
19,329562 -6,755120 K3V
-6,853562 13,349675 G7III
28,419595 22,677883 B6III
-10,814452 7,975370 M5I
-5,148885 10,085463 F2VI
30,460103 22,750635 A5I
-11,533099 5,435271 M2IV
-7,747277 11,345229 O4I
23,463210 -6,534101 B9II
-6,738519 14,197734 B8VI
-6,188594 11,073233 K2III
20,210134 -6,993281 M0V
-14,606291 7,323697 G2V
22,444806 -4,466210 F9II
-8,212512 -5,096757 A4IV
-5,387047 -3,993401 A7V
21,153962 -6,507078 O0III
-6,516947 -5,634910 A1II
-7,735566 12,324214 M5IV
-12,605247 8,203037 O1I
-8,169517 -3,898813 B9V
-6,693997 13,131564 B3III
-4,366035 10,101716 F5VI
26,418889 21,117760 O3III
21,400339 -7,468980 F8II
-6,041300 -5,997716 K8V
29,024408 25,128796 O7III
27,724801 22,689208 A4III
20,412290 -7,443032 B3I
-4,857721 14,089043 A1I
23,752084 -6,573636 B1I
-11,220213 5,764154 M6III
26,985209 25,056788 M8III
-7,236481 -6,148642 K2VI
-10,606642 7,552477 G7VI
-4,895809 10,381104 M9IV
19,202028 -6,230531 K5VI
-2,840912 11,972222 K2III
-10,009742 -5,674871 F5V
-3,335733 11,733032 G0I
29,544127 23,707393 O3IV
29,117860 22,093248 F5III
-11,779409 4,987384 A6I
-8,341706 -3,184102 K0V
-13,180568 6,589563 O0VI
-4,963034 -6,310016 O4VI
29,760663 24,368155 B3III
-9,197294 -7,321374 G6II
-4,344934 12,582087 O1VI
-7,874712 -3,415525 B1V
-5,783689 10,505543 M2III
-13,177247 6,924028 A3III
-8,068104 -3,085411 F3IV
28,190432 20,651546 G9V
-3,216308 11,199129 A7V
-10,572839 9,185882 M8IV
-6,576494 -5,060948 F4VI
-5,479731 13,705330 K6IV
26,935470 24,524195 F5VI
19,558095 -7,883651 O0II
-7,468348 11,079937 M3I
-8,021103 -3,200807 A9V
-9,408285 -5,781848 M6VI
21,727828 -8,592471 G3IV
-5,116653 9,880843 A8II
21,350943 -7,354615 O6V
21,365693 -8,457288 B1III
-5,905086 14,948473 K0V
-6,094988 -6,696925 B2II
-11,555033 6,285210 G2II
-4,631759 12,377219 F7II
-9,031663 -4,600523 G4IV
22,098191 -7,325962 O9III
-13,716835 7,490749 M2V
21,292913 -8,120087 O8V
25,631499 22,852693 K1II
20,381905 -5,990167 M4IV
-10,566368 9,245118 O6II
-11,676599 5,969110 O5II
26,923184 24,651213 B5III
27,618656 20,477005 F1III
-12,303469 7,428439 K2V
22,713799 -5,396059 O9IV
-11,321037 7,340789 G5IV
-12,091070 5,277149 K3I
-9,283602 -5,711442 O3IV
22,999834 -8,503958 F4I
-10,211000 8,834428 G6IV
-8,960780 -4,092759 B3IV
-7,625211 -4,529552 G5VI
-8,062952 -3,759443 F4VI
28,969519 25,075514 K5V
23,746943 -5,233563 B8IV
-7,951148 -3,750338 B2I
23,747236 -7,934678 G0V
-3,303631 12,957443 B5I
28,444500 22,582098 K0IV
-4,260995 10,992747 M4I
-14,013404 7,105995 F5II
-13,418528 5,442251 O6V
30,280439 23,852226 K3VI
-7,715459 13,492906 B4VI
-7,091612 13,313302 M4V
20,705975 -8,241815 F0V
21,158492 -6,924893 B3III
-8,720427 -4,812813 G5V
24,121385 -7,522904 F9IV
30,284133 23,640500 O2VI
-6,625963 12,030714 K7I
-6,925404 -4,437915 A7I
20,193715 -7,312534 K7I
-6,287421 14,009913 F0II
-12,868635 8,571598 O4VI
27,579788 21,146619 B8II
-4,991341 11,859218 G4II
28,284910 21,586172 M8VI
-7,239925 -4,589943 B7III
-12,772265 9,334635 O7VI
22,638288 -7,083902 O1VI
-4,614133 10,991630 A8II
-5,855840 -5,247959 K2III
-7,772288 -6,625607 B4III
-6,491269 -6,084197 O3I
22,954028 -5,336834 M2I
-13,078747 9,074536 B6I
28,247267 24,421579 O8IV
26,923674 20,860025 G0IV
22,884641 -5,056239 M2IV
-4,471762 14,545015 A4IV
-6,525797 12,533888 M9I
22,271559 -6,719814 B7IV
-11,348265 5,042183 G1VI
-10,374973 7,866445 O7IV
29,394005 23,606195 F7IV
-11,143716 7,677963 G2I
26,213203 24,682505 B5III
20,825634 -7,762257 K3IV
-8,383684 -7,624296 M2I
25,585173 22,371800 M9II
-4,894221 14,383501 M3V
27,353276 21,410232 M2III
28,868846 22,815960 B6IV
-4,302434 12,518844 M9IV
24,021097 -6,618717 K9I
-4,466935 12,997650 G1III
-10,165542 6,947783 O9VI
-10,669504 7,830219 O3VI
-3,401273 11,622554 M9V
-8,634254 -3,799670 O8V
-8,212496 -3,981246 A6I
-7,843166 -5,420458 F2I
30,391807 24,034431 G0III
-7,082520 -5,771144 K4VI
-8,837358 -6,205131 O5II
21,111572 -4,660483 O2II
-4,015876 13,614714 O5IV
22,368316 -8,612416 M5III
28,587340 21,360473 K3V
-13,173111 9,227862 G4III
-12,532467 5,193425 O0III
-7,091338 -7,168369 A6IV
29,910113 22,031800 A2II
-9,919279 8,607046 A6VI
29,738027 24,136748 O3III
29,151341 20,646929 K9II
-10,109707 -5,140733 G4VI
-8,591697 -4,918849 O7I
28,750063 23,851126 G1I
-6,813026 13,890629 K4V
30,095519 22,663302 B5VI
-13,810543 8,999571 A7IV
21,165597 -9,427709 B4I
-8,158768 -5,938667 K8IV
22,486887 -4,552245 K4IV
-6,649914 13,754584 G8II
20,006263 -7,543313 F4III
-4,744697 12,212822 O0II
25,601872 23,733789 A2VI
27,872902 24,759463 K6IV
-7,512939 -5,483893 O3I
-11,416796 5,695612 M3VI
28,660180 23,843878 M7VI
-4,855950 12,612894 K5VI
22,332005 -5,850713 M9III
29,318028 21,513525 F0IV
-5,858248 14,777643 F6VI
-3,184056 13,115935 K0II
-10,620815 7,854331 O4V
-3,335254 11,893486 O8I
-13,066295 7,167408 B1I
-5,915079 -5,984936 O8V
-3,337923 11,925696 K7V
-8,074433 -7,387205 F2III
22,699040 -8,872626 K4V
-9,851193 -6,643212 B5V
-7,479365 13,691104 M2II
-12,377987 9,719365 A4III
23,185755 -6,724553 B6I
29,769748 22,319277 B1IV
-6,663623 -3,874911 F9II
23,768660 -7,327761 G6II
-4,508160 13,321781 A7V
-13,892616 5,298440 O9I
-9,876920 -6,608923 K1III
29,629565 22,602705 M7V
-12,949026 9,369502 B9I
-6,065438 -5,794200 G2VI
-4,219630 10,535407 G8II
30,045760 24,182993 M4III
-5,432061 14,169328 K4IV
19,715286 -7,517412 B6I
-5,830387 14,023014 O0II
-5,833306 -4,457925 K3II
-3,663635 12,141224 F8II
22,959305 -7,516193 O8V
-7,903216 11,903234 O1III
30,631655 23,094393 K5I
19,424717 -6,237698 M8III
-11,973531 5,913182 A0I
-7,338762 13,174299 G4V
22,066316 -5,020478 G7V
26,896076 24,499614 G2III
-8,798070 -5,575051 O0I
-6,697500 14,739683 M6II
27,691815 24,915716 G1V
-6,068434 11,966314 K3I
21,685897 -8,107197 F8II
29,510090 22,659393 M9I
-7,991638 -6,535394 A2VI
21,717715 -5,378594 G6V
-6,725157 13,846850 F3VI
27,298292 22,569013 M7IV
-8,689568 -7,563108 B1I
-6,495423 -4,964933 B3II
30,516463 21,978634 K1I
-13,913920 8,050180 M4II
-4,533173 12,348000 K5I
-11,216291 9,193815 M1III
-10,519680 6,890825 M6VI
-3,554266 12,664701 G1I
-5,019720 13,437072 G2II
22,815716 -7,859405 G0I
-13,379219 9,045861 G4II
-5,133062 12,739979 B1VI
29,529684 24,310854 B5V
22,595798 -8,010895 B8V
20,788076 -6,710927 F6II
21,330922 -4,372029 A0V
19,806131 -7,728391 K4IV
19,793170 -7,758344 F1VI
-4,465319 14,983666 K7I
19,193717 -7,825837 F5VI
-8,699053 -5,286746 K5V
28,170439 21,491169 K8V
-6,498185 10,520148 M4IV
-6,075789 14,518146 K3I
-11,426521 5,929545 G8III
-13,202020 6,009779 B1III
20,512487 -8,359131 M6III
23,626626 -7,368456 A0IV
-10,254429 6,980969 B3II
-14,119096 9,215672 B7VI
20,014534 -8,076950 F7I
-4,420052 14,719714 M0I
-13,779448 7,133461 K7II
-7,015078 14,144359 B6V
-4,088931 12,948098 K3VI
-13,600232 8,159296 F3III
-6,192609 14,406391 B2II
-5,266498 15,153842 K8VI
-2,664669 12,556381 K8III
23,993853 -6,056252 M4VI
-12,491433 7,164745 F0III
-6,428937 -4,765997 F1I
-10,870788 6,011801 F5VI
-7,736104 12,474408 F1IV
-4,616272 15,071283 K7III
-4,400830 12,062765 O4II
-12,486444 5,228992 G7III
26,667526 21,995833 B0IV
-5,233178 -5,610899 M4III
-12,176815 6,279570 B9IV
29,935978 23,069570 F3II
28,119998 24,062180 K1I
-10,437832 7,917650 B9III
23,078831 -5,606939 K0III
-13,595538 5,093740 G6V
-3,713175 10,860316 O8I
-7,834498 -3,173890 O0V
-3,770835 10,340725 M7IV
27,152622 22,538154 A9I
23,293747 -4,846334 O2V
21,802052 -7,076059 O7V
25,792939 22,225777 G3IV
19,264315 -6,269390 F3IV
-7,343643 12,338978 G2III
-8,819663 -5,639290 A1IV
-6,736915 -5,135831 B1IV
20,555523 -7,944303 O4II
20,924061 -5,979944 A5I
27,114717 24,663885 K9II
-4,048153 14,107293 O3VI
20,478285 -4,672784 O7V
19,235581 -6,598220 K4III
-7,381789 -4,391958 A5V
-11,245183 6,087150 B4I
26,540622 23,888750 F1I
-5,087565 12,378693 O6I
29,842260 21,859442 O4IV
-7,635892 -6,828956 G2III
26,695798 21,703861 F9II
-14,038592 7,071895 F8V
-7,203256 11,417537 B1I
-7,239762 -7,879304 F2V
25,500639 22,801226 B6IV
20,036055 -8,648282 F5II
-4,244470 14,704730 F9I
-8,967248 -6,939248 O4II
-7,002225 14,314401 G8II
20,576103 -6,824981 K7V
-7,169946 -6,611480 F6V
-13,572165 7,324881 M1IV
-6,993717 12,062661 F9II
20,337016 -5,922871 B7V
20,296402 -7,766704 B5II
-2,998441 13,411413 O3II
-11,817524 8,031820 O8IV
-6,341144 14,876935 A2IV
-7,104441 -7,009976 F5III
-12,886883 8,881069 O4III
29,145006 22,546752 G2I
-9,125704 -7,034915 K5I
20,022853 -5,541983 G0II
-6,653799 13,222657 O1IV
-6,396989 14,081944 G2VI
-13,393209 7,565125 O6V
-10,740530 6,747443 F3V
20,189764 -7,497432 B9V
-12,164579 8,216233 A7I
-12,676191 6,914370 B9III
20,945201 -7,011313 B8I
20,461460 -6,720780 K5III
-5,074134 -5,774356 K7III
-3,907942 14,536406 A5I
-10,034695 8,884192 A0II
-6,577593 -7,481983 G0II
-4,484606 11,426459 G6III
21,586060 -7,843864 M8IV
28,935216 23,752587 F0III
-10,605675 5,834076 K2VI
-2,855927 12,474881 A2I
22,856307 -8,900126 B6V
23,235953 -7,968669 K5IV
-6,268397 -4,530224 M5IV
-13,774850 5,527826 M1V
-13,263752 8,753791 K4II
-4,636873 10,638873 O9V
-11,398431 5,199956 O8III
27,292301 22,043362 A0II
27,894663 25,192132 B8V
-7,007430 12,092187 G3I
-4,776534 14,381185 F7III
26,521939 24,406470 A1I
-8,832942 -4,462762 G9VI
22,111558 -5,577845 B4I
-11,832416 9,737591 A7IV
-4,821928 -5,683829 G5II
-9,373809 -6,181129 K5III
-5,144302 13,035182 G3V
27,101816 21,893581 A1I
-8,671602 -3,049234 B3I
22,021443 -5,472028 F4V
-5,546732 -5,170447 B8V
27,464051 21,841095 F0III
-6,807027 -6,173193 M7I
-7,552700 -7,599429 F0IV
-5,592506 -6,663713 F3IV
-11,514571 8,156715 O6VI
-12,697997 6,621464 F9III
-4,886671 -5,940751 O8V
-12,983638 8,968449 B8I
-4,791315 12,633244 O3VI
22,446358 -7,383961 B5III
-6,974925 13,122234 B9II
-11,110873 4,994984 O9V
28,578840 21,569704 B1II
-8,254338 -4,892369 A2I
-8,183630 -4,292051 B8VI
-3,542640 12,110257 A6V
26,666198 23,545561 A2IV
-2,716247 12,108399 A0III
-13,216339 8,149251 G0V
-8,033630 -3,365443 G6V
-6,360743 -5,048183 K7VI
27,359927 22,616567 K7III
-5,266154 10,604545 G6III
-7,916437 -7,007840 A9VI
-5,231365 10,588577 B7II
-7,108558 -7,221339 A4II
-9,518217 -6,142490 F4I
26,194994 21,198209 K6II
-12,570803 7,495352 B7V
-5,740436 10,536674 B4VI
-14,809535 7,140339 F9II
21,523140 -5,543049 G8IV
-6,973579 -2,865740 F7II
-7,088015 -6,362079 G3II
-9,511979 -6,818095 A8IV
-9,588504 6,752879 A8I
26,708161 23,008712 F6II
29,485642 25,129387 F0III
-13,066880 7,276927 K7II
-5,837828 12,200598 O6I
-5,875484 11,365123 K6III
-14,621213 8,493009 O7IV
-3,292331 12,865992 A7III
-6,933350 13,894443 F8V
30,641135 23,257839 A5IV
-8,707962 -7,058766 G8III
21,827308 -7,256515 B3V
-9,851113 -5,947002 F1VI
-13,731666 9,138900 B2IV
30,215066 23,791309 K8VI
23,057955 -6,743719 G3VI
19,374089 -6,118952 O9V
28,623863 24,336306 B7IV
-11,408956 6,930208 F5III
26,008411 22,839174 F3IV
30,560666 22,136142 B2IV
-6,661775 14,572765 K8IV
-5,361307 11,212731 G7V
-4,162534 14,537367 F8I
-5,646403 -5,290828 G4III
-12,383192 4,961812 M5II
-5,907809 14,854694 G0VI
21,930030 -5,166116 A2II
-7,067961 -4,353834 K0I
-5,666723 13,519044 B4III
20,456034 -6,196741 M8IV
-4,835875 13,011677 M7I
-6,099538 -6,224145 G9I
-12,064387 9,855099 F3VI
-7,601271 11,718855 O5II
-3,725434 12,940835 M3III
20,438774 -7,550998 A9IV
23,096249 -6,874550 O5II
-12,066208 7,486339 B7VI
-4,603655 14,732180 M5V
20,468784 -6,027818 O4VI
-6,890331 -3,790846 K3VI
-3,765383 14,170355 A0III
-8,306949 -7,496025 F7IV
-7,279614 -5,584291 O4I
22,332153 -8,222111 B2III
-12,357007 8,477538 F6V
-2,937942 12,555488 G6II
-6,200625 11,318328 K8II
-5,892733 -5,948702 B5VI
27,022266 24,437393 A8III
21,818686 -8,372656 F3VI
28,315377 21,297272 O6IV
19,657661 -6,515977 F5VI
-8,725581 -6,488791 O3I
19,330815 -7,980638 O3V
19,896659 -7,803773 F7VI
27,560203 22,700807 A3II
-5,831172 12,247118 M4VI
22,266275 -6,065323 M5II
-14,759472 6,551552 O6II
-10,612673 5,575895 M9V
-7,373014 -4,488060 B8VI
-5,304778 10,045172 M8I
-13,950540 7,605618 F8IV
-10,986474 7,028832 G0II
-8,482152 -7,589074 A3V
-5,344928 10,734312 G1IV
-3,556034 12,677253 A3IV
-9,061750 -6,586844 G0VI
20,582754 -6,574544 O4III
-8,124486 -6,105547 A7I
-5,591468 12,469164 O2I
27,233297 22,451846 K4III
-5,765308 13,695818 G6IV
21,209225 -6,771768 O0II
28,128769 22,365199 A1I
-7,145478 12,917275 B9I
30,624354 22,560513 O0III
-6,289685 -3,538422 K6IV
-4,496554 12,250341 M3IV
-5,731925 13,584977 O4III
23,012783 -8,928227 K8II
20,633781 -7,331711 O5VI
27,082410 21,769289 A6III
-4,587764 10,220310 O3IV
-5,788552 14,401952 F1III
-14,199199 6,098221 B3II
24,116935 -6,182163 G9I
29,633638 22,618375 B8I
-12,628339 5,070647 G2III
-10,760173 8,634055 M1II
-7,242703 -4,522247 A2VI
28,572639 22,991038 O8VI
29,983509 23,807087 G4V
-13,616020 8,498460 O3I
-14,324040 7,786237 K8V
-9,853778 -4,343123 K1VI
26,047935 21,214750 B6III
-11,029714 5,397119 G0VI
-3,800819 10,748956 A1III
-13,045702 5,972408 F3IV
-4,929283 12,486424 M7II
29,046003 20,980974 M5I
20,568076 -5,645652 O7VI
23,357166 -5,069080 F0II
-14,173001 6,008955 A4III
-3,407430 10,860042 K3V
27,107050 22,618518 O2V
20,214258 -6,522330 M4II
-5,652976 -6,704843 F7I
-5,358750 -5,661905 O7VI
-12,473397 5,183700 O3VI
29,526803 22,283160 K9IV
-12,318095 9,812920 B8V
-12,737618 6,502642 B2I
30,138276 23,066267 A2II
21,100300 -7,190663 A9I
27,713244 23,330652 A0VI
-7,847335 -4,410003 M3I
22,547193 -7,960759 G8VI
-14,536752 7,002631 F3I
21,223230 -7,165859 A4I
-9,798802 -6,286874 F2IV
-5,183380 13,382976 B9V
-4,410668 10,528752 B7III
28,315241 22,605437 B2V
21,993195 -7,261080 M4V
-6,842296 -8,014313 F5V
-3,390158 12,853773 O9IV
-4,294875 14,661339 O4IV
21,306802 -8,831959 K6II
-5,036217 -5,403517 F9VI
-13,451279 7,996388 K3VI
-8,180725 -5,778532 F9V
-8,466711 -6,088726 G9II
28,438194 24,387080 A3III
-5,369414 14,899050 O8III
28,813330 25,118786 A2III
20,782604 -6,863621 B4VI
-9,529067 -6,191485 O7III
-7,380846 -5,832510 A9II
20,482904 -7,492561 G5II
26,868439 20,910599 M4VI
-6,924051 -7,056219 A3I
28,651531 22,975956 B2V
-8,800869 -3,839138 M4I
-6,366632 -6,123695 K2III
-11,623231 7,483018 M7III
-14,664031 7,410120 A9II
-3,558592 11,286591 A7III
26,549451 23,594139 A8VI
28,631918 22,071528 F9III
27,607202 23,473785 G3V
-8,915433 -6,107207 O5IV
-7,073887 11,810076 M2V
21,585404 -7,472584 O1II
-5,153066 -4,573961 F1II
-5,846740 11,891217 A3I
-6,931485 -6,260157 O3IV
-5,809975 -5,878996 O7III
-4,827457 10,759790 O1III
-12,048133 6,734805 F8II
20,236983 -7,193516 B5III
-6,166420 -5,366873 A4VI
20,844535 -5,554396 K0III
21,112476 -9,218279 O7III
-9,989463 -5,303069 F3II
-4,135528 14,291735 O2VI
-5,805902 -7,111000 F2V
-9,552342 -6,851785 A9IV
-5,839672 11,410739 K5IV
23,171240 -6,160612 B9III
-5,438388 -5,368432 G2VI
-7,357062 -3,540388 B6IV
-7,005332 13,031724 G1V
23,770479 -6,771276 F5III
-3,472242 12,560706 B3II
-6,004257 -5,593676 B8V
22,319123 -4,719232 K8IV
-7,168150 -4,165003 M3I
23,240879 -7,918441 K3V
-11,797377 5,416061 A0II
20,580714 -6,730887 K7V
21,230565 -6,714575 A8IV
-12,465528 7,892792 G9VI
-12,960623 8,552935 O1VI
-9,597000 7,981251 O0I
-4,243311 10,548526 M1I
-10,343752 6,317415 B0IV
-13,914846 7,906721 G0I
-13,971641 6,794757 K2III
-6,145645 -6,915429 O1V
-3,636116 12,567676 K7II
20,190451 -6,109212 K4VI
28,847251 25,140326 O9III
-12,040883 7,355649 K5II
20,383765 -5,178050 K4III
-3,291944 13,896584 B7VI
28,198215 25,428977 G0II
-7,789258 -7,465394 B9III
-4,058915 11,569008 A9VI
-4,339225 10,992221 O0VI
21,034827 -7,340098 F4IV
20,827533 -4,756638 F5III
-9,108820 -6,128675 M9VI
26,407510 21,440079 A9VI
-8,254038 -6,970799 O8I
-11,917163 5,615156 G9IV
-13,021400 5,724979 A5V
-13,350743 7,110211 B6VI
29,475732 24,338742 G9III
29,999378 23,884645 O8IV
29,651163 22,299274 A2II
30,416829 23,225304 A2II
-12,620794 9,461915 G0II
-6,604187 -4,631890 G5IV
23,366335 -9,021174 O2I
-7,383367 14,045888 A4I
-3,708863 14,159479 A5I
-6,787342 -6,592769 G8IV
28,750475 24,647167 A0II
22,372555 -4,446117 A0VI
26,324106 24,314277 B0IV
28,187185 22,456476 M5I
-7,470264 11,916763 G7VI
-12,526906 8,970737 F1VI
-8,198586 -5,091448 O2V
-7,202593 -7,275443 A2IV
-7,356562 14,022196 M9IV
-10,455841 8,147416 A7VI
22,072260 -5,892732 O9V
-7,217001 -6,448467 K7III
-9,012409 -3,491337 M4VI
-10,350842 8,197703 K5IV
-5,559966 -4,177437 M9IV
-7,768079 -3,855780 K0III
-4,605588 10,441842 F0IV
28,239992 23,636156 G9V
-3,964268 14,594186 K8III
27,863889 22,353304 K1VI
-6,869375 -6,838415 G0VI
-10,056884 8,486045 O3VI
-5,836931 -3,576991 M1VI
-10,732461 5,537825 O3I
30,470297 23,161033 B1V
29,317157 24,700428 O0II
-4,977227 -5,251029 K3I
-4,944698 13,080656 O3II
28,097043 20,300007 G2II
-7,465714 -3,252021 A9V
28,092494 24,226064 O8I
-9,540033 7,298402 A5V
-5,129489 10,329564 O5III
-7,811696 -5,748674 M1IV
29,011643 25,269179 O4III
-13,894763 8,326425 B3I
28,928947 23,927013 B9I
26,987592 22,652479 G4II
-4,755574 14,241945 B0II
20,641620 -8,379476 F1VI
23,031384 -4,821851 A8I
-5,400547 13,844645 A9V
-6,577941 10,664968 O0III
-7,627182 12,256756 G8VI
-5,635111 13,167101 M6III
-5,645715 -4,011056 M3II
27,042738 25,304977 B4III
-13,583862 8,759194 B5I
21,548343 -8,334196 M2VI
-7,810452 -6,146341 B0I
-11,519760 5,524187 F8II
22,635929 -7,376501 A9I
28,106364 24,719144 B1V
22,744251 -8,783439 G7IV
-6,932718 10,369026 G8VI
-6,714898 12,383262 K2II
-7,075068 -3,065582 F1I
27,141869 20,871720 A8IV
-3,437801 13,773783 K5VI
-6,605198 10,280636 F4IV
-6,031313 9,902687 K2II
20,335954 -5,909847 F8II
-7,760561 -2,823933 M0II
19,083509 -6,827878 M1IV
-5,187931 12,650180 M9IV
-7,215833 13,472804 B4IV
-4,632429 14,076305 G2VI
-7,679313 -6,210425 K8III
28,272297 22,402448 B7I
20,574063 -8,090237 K6IV
-6,127284 -7,362923 K5III
-12,224716 8,084487 O8III
-5,620462 -5,944400 F5II
-13,063044 8,283179 G7III
-14,386422 8,769939 B7II
26,712672 22,114312 M0III
21,131479 -5,747067 B9I
21,551947 -5,587431 M8IV
-14,617883 7,983827 M6III
-4,972750 14,428340 G3IV
-5,294333 -4,599311 F9III
-9,058253 -6,717941 M8II
26,854705 23,202157 G1VI
-11,074423 6,261825 B0IV
22,582216 -5,319800 M4II
22,491804 -6,923855 F9V
-4,795995 10,759026 G3I
-7,015611 -5,935724 O8V
-4,972607 11,546628 A3II
29,321527 22,197268 K2I
-6,559322 11,071818 K9II
27,115357 23,695321 F4I
30,179733 22,032533 K3III
-6,100086 -4,493334 F8II
-9,423259 -5,903392 G9VI
-8,366349 -7,556743 G3VI
20,122445 -5,468982 M2II
28,211034 24,917575 K6IV
22,648525 -8,962164 A1VI
-9,470784 -6,994007 G9VI
25,408400 23,003134 A7V
-7,763884 12,176944 M4V
28,963164 24,973389 A6VI
-6,724324 -4,640927 G9VI
21,777771 -4,958361 G6II
-3,910709 11,812924 K4III
23,575363 -5,193551 A4V
-6,979029 -3,634780 A3III
28,655679 24,352321 M4III
-7,272157 -5,870949 O8III
20,724428 -9,468773 K0III
-6,833085 14,009478 M8II
-11,251793 8,179772 G3III
-7,167932 -6,930964 G4V
-5,548520 10,284487 O4I
-12,616088 5,399708 G7III
-4,632844 11,415781 G1IV
26,904051 20,705013 F1V
-9,922143 6,655023 K9VI
-3,918620 13,483670 F8VI
22,193746 -6,221984 M0II
28,787812 25,372606 K9I
-8,598567 -3,976790 K3III
-4,997928 13,027507 B7I
-10,676070 7,439641 G8IV
-14,030113 8,682178 B6VI
-5,319773 10,834801 A3II
-9,643707 -3,853588 O7I
-6,330116 13,284722 M1II
-10,791307 7,799023 O9VI
-5,556437 -6,961515 A9III
-13,417277 8,163390 B3III
-8,016775 -2,948033 O7III
-6,737416 -6,221289 F2III
-4,535430 13,883202 G8I
-3,491631 10,988461 O6II
21,175114 -8,455369 A2III
26,702484 22,796019 F9IV
20,674365 -6,525509 B8V
27,923110 22,639340 G0III
-13,350035 5,299706 A0I
-4,557824 11,481399 A9IV
22,534238 -8,316686 M9V
-5,515547 -5,077771 F5IV
20,579181 -8,620952 O1III
21,999357 -8,062149 B8II
20,102634 -6,863837 F6III
-5,229624 -5,661796 O4IV
30,078345 23,600874 B6IV
28,354583 21,167615 A7II
-3,451453 10,703541 M4IV
19,919159 -6,118356 O6V
25,991004 24,203569 M5VI
20,879391 -7,750061 B7I
-12,600112 7,248542 B2V
-7,885954 -5,286089 K6I
-3,985559 12,477470 B3VI
-12,428134 8,160533 M7V
22,597133 -9,531320 F1VI
20,775724 -8,294807 F7III
20,544185 -6,716306 G2I
-14,253147 7,472564 F4III
23,628598 -6,245100 A7V
-9,576789 7,798296 K1III
-12,620442 8,551919 O5IV
-7,098097 14,296823 G4III
-5,159762 12,266842 K3VI
-5,424762 11,276574 K9III
-7,311556 11,628085 O6VI
22,072479 -5,043418 F0II
-5,572136 14,432587 G8VI
26,841614 23,885807 F3V
-13,164723 5,007969 M3III
21,555777 -9,302018 O5III
22,563490 -4,513960 O5IV
20,027593 -5,543111 A5VI
28,268902 24,766042 B3IV
22,026790 -5,485235 G7V
27,663162 25,411274 O8III
19,697481 -8,004751 A2I
22,197843 -8,454009 O5III
-7,589665 13,106246 M9II
-3,955523 14,247794 O9V
-4,934749 9,931197 M1VI
25,655617 23,384842 B1I
28,732717 21,148441 M4II
-6,193199 -7,418387 K8V
-8,727573 -6,245953 A5II
-12,364772 8,019027 O9III
-11,714244 6,558448 G2II
-13,000415 6,307455 F5III
-12,570037 9,388129 O6III
-6,045782 14,262251 F2I
29,469992 23,426253 M2I
21,667414 -6,162438 B1V
21,689722 -8,453890 O5III
-8,888766 -7,230858 M5IV
25,643713 22,967736 M5III
-11,553699 9,182244 G4I
23,125109 -5,755728 F0VI
-3,246928 11,252175 F5II
27,696254 24,607707 M4II
-12,131600 8,615031 G9I
21,224066 -8,846734 K6V
27,227245 24,900500 O7V
30,481866 22,264201 A9V
26,803349 21,932819 G1IV
21,600847 -7,693102 K1IV
-7,435009 11,330047 G9I
23,647916 -6,891102 G5I
-7,927859 12,743517 K2II
21,609515 -6,408360 M8III
22,386161 -7,146254 B2IV
-3,353045 10,985418 B1III
29,358798 24,768697 G5VI
-5,412633 11,380189 G3I
28,066282 20,509316 K7IV
-10,805065 8,231127 F5V
26,183154 21,326515 K9III
-12,085109 7,359197 O6II
21,155559 -7,126203 A8V
21,963885 -6,616376 A8III
-11,229744 9,403803 F1III
-12,613029 8,227496 O5II
20,821840 -7,830888 F6III
-5,045099 -4,988185 B6I
-11,415387 8,701896 A3II
27,931897 20,972502 M8III
-5,007188 -6,342393 F0III
-5,485866 13,492724 A3VI
-4,789771 10,436824 F5IV
-12,610891 5,190713 O2III
-7,997931 -2,928484 K4VI
-7,130741 10,909739 G0I
23,907486 -8,058249 G3I
27,694994 22,725362 O0IV
-5,105366 -6,375459 M1III
-7,526679 12,698693 B6VI
26,650817 24,077574 O7VI
29,590120 24,348671 K8IV
22,804403 -6,099469 F5III
-7,613191 -3,054941 F9IV
-5,825793 14,440819 G8I
-8,575810 -5,775718 K8IV
24,044450 -8,291084 G1III
-7,907102 -7,574580 B7V
-5,545409 -4,096982 G9I
21,845235 -4,469979 M5V
26,035700 21,068426 M1V
-5,440982 12,646687 F3VI
24,016223 -5,909249 K9V
-5,159152 -5,056099 M6II
-13,798749 6,004918 G3II
-12,152256 9,755417 M1I
28,865251 23,759507 G0VI
19,261096 -6,159873 K1V
30,384303 22,870917 F8II
-12,293856 6,019783 G5I
19,568721 -5,525553 O4I
27,950091 24,102154 F2V
-13,726713 6,161182 A2VI
-13,296808 8,175767 A1I
20,931253 -9,012279 G0IV
-11,270797 8,940627 K7V
23,053420 -8,500171 K1III
20,490790 -6,102015 K5I
-7,034383 -3,495742 M3II
-6,659634 11,274147 O4III
-14,421966 7,929380 K4III
-6,848297 -7,895359 O7IV
27,492437 21,834787 F2I
26,774559 22,954065 B2IV
28,911089 24,820227 K8III
-5,686903 13,305199 B7VI
-6,015037 -7,444196 B0III
-5,491354 14,107392 O8III
-6,976752 -7,722076 K4V
29,707702 22,831605 O7I
-4,673123 14,748603 K0II
-7,122775 -5,036191 B5V
-5,077966 12,866851 O1VI
-5,963602 12,804856 F6II
-9,734295 -4,403723 M3V
19,329534 -7,101080 G3II
-6,416859 13,146392 F7V
21,220668 -4,721959 F7III
22,688146 -7,744438 A6I
21,791402 -4,810138 B4V
-6,435310 10,325029 F9V
-6,078306 -7,544895 B4II
20,961379 -7,355826 A6V
-6,630612 -3,590243 M3III
28,894286 21,483881 F3V
-4,954546 10,628342 G3II
27,014699 22,763454 K8IV
-4,279035 13,096171 G5IV
-5,097388 11,733913 B4V
28,091460 20,827632 O6III
-4,304355 11,013945 M4III
23,450355 -6,429557 B2II
-12,706485 7,692742 K0II
-6,435747 11,251722 K8VI
-10,111119 8,986392 K0IV
-13,113268 6,667213 A6VI
27,188739 22,479030 G9II
-6,275578 -6,333990 A8II
-7,949396 12,593394 K4I
23,341561 -5,601391 M5VI
-8,046692 -3,202441 K6V
20,655639 -7,120182 F0IV
21,525440 -7,450078 O0V
26,897491 24,005991 B4IV
-13,423251 7,202828 F1V
-4,123107 11,072666 A9III
-5,764362 -4,499802 O3IV
-5,576030 -7,210543 F0II
19,372907 -6,840878 F0VI
-11,712330 9,397626 B4II
-10,776633 5,536078 O9VI
-6,952005 -4,513983 O6II
23,529335 -7,535900 F7VI
-7,183834 -4,081975 G2II
26,015260 23,488411 A2III
-7,764886 -5,240620 G3IV
-10,351810 6,489962 F1II
-8,143649 -7,148009 M9IV
20,966724 -5,176092 G0VI
-6,202417 10,015235 O4II
29,051067 24,648817 B4V
-8,852026 -5,832742 A7II
-6,385836 12,372040 O8I
-6,612179 -5,770602 A3VI
-5,544704 13,654423 F2VI
23,095571 -7,986089 A8VI
20,415666 -8,644959 F5IV
22,491239 -8,336544 M2I
-14,239023 6,582802 M1VI
-5,417618 -3,903750 O0VI
-5,137839 13,463343 G9V
-12,821041 5,961069 M4VI
-14,411733 6,171663 B0III
-11,193146 9,118367 O3III
21,707486 -8,492116 F4I
21,240698 -8,545563 A6IV
-4,571354 12,880902 B0IV
-4,105436 13,742610 F6V
23,128280 -5,228411 F7V
27,605023 21,167409 B4V
-10,966240 8,762086 F5V
26,391691 23,429578 F6IV
19,537893 -5,835648 F8I
-4,043416 10,450472 B0VI
29,424177 20,638742 G6VI
-7,627689 12,907926 K6III
26,116872 23,091202 G4I
-11,266794 5,554751 F0II
30,708526 22,708033 G6IV
-4,730603 10,834730 M0VI
26,358471 22,474290 B9IV
-11,018903 9,491958 M6IV
27,026395 22,511995 F9II
20,727038 -4,670365 A8III
21,820612 -6,205029 O3VI
-3,522598 12,054485 B9V
-13,104305 8,397913 O8III
-3,704266 10,480638 K9V
28,483960 20,601802 G3V
-4,544656 12,422852 K6V
-7,190433 12,599087 G2V
-4,722629 11,705288 B7IV
20,686635 -9,350638 K3VI
-6,467556 11,042611 M3V
26,194590 23,756701 A3I
-7,371607 -4,194322 G8IV
29,085308 23,503670 K7II
-7,903997 -4,440675 B8IV
-6,048741 -3,418231 O7III
29,658039 24,164827 B6V
27,726946 20,667458 B8I
-11,461205 6,990519 B5VI
-8,764366 -3,655069 K9I
23,368446 -8,289808 M2III
-11,521421 6,088223 O0V
-6,994906 10,787743 B2V
21,140891 -6,346658 G2V
-5,954890 -6,120507 G6V
-12,671779 8,508092 A3VI
22,566951 -9,531080 M1II
-7,358303 -7,133220 O2II
19,579233 -7,776061 G8I
26,889539 24,014838 B8I
-6,593126 13,868368 A1VI
-6,918268 -5,567904 O8III
-7,112676 -7,502776 O0II
-7,318154 12,540807 K9III
22,717880 -5,063737 K6II
-2,981239 13,583327 A4VI
29,401354 23,437270 M9IV
-7,851419 -6,298553 K5III
-5,069947 11,344288 G4I
-5,559844 -7,098479 G2III
-10,582350 9,478754 A9III
20,228503 -6,251168 A1V
-4,550634 11,579026 O2III
-4,627983 11,248795 K3II
-7,844733 -7,454404 G4VI
24,374020 -7,064637 O0I
27,267787 23,464837 A0V
29,261901 24,842300 G9III
-8,252237 -4,872518 B3II
-11,868131 7,144536 M1V
-7,072473 -4,631056 K0VI
23,706112 -7,143645 O0V
-4,360091 11,018039 A2V
-12,260253 5,899218 B4V
-11,231233 5,464138 A7III
-5,266146 -5,919741 G1V
-12,858261 6,843761 F5II
30,015074 24,217501 F2VI
26,229971 24,526867 O6V
-12,187144 6,318969 M7IV
22,398748 -9,351131 M3II
28,304115 22,865677 F2VI
23,958175 -5,501347 M8IV
-3,719913 13,124864 K6IV
-7,218296 -7,036673 B0V
-5,324476 12,774595 B6IV
27,096326 20,916744 K3II
-6,764650 14,724431 O5IV
-9,790471 -5,262712 B6IV
-9,844748 7,569188 A3II
-7,027584 -6,212731 K0V
-13,101023 7,486078 G0III
-4,632855 11,281929 A1V
-12,424562 5,887638 G7I
23,263063 -7,071692 F4IV
29,877200 23,814871 G6III
20,488820 -4,755746 G8VI
-12,854115 7,789628 A1VI
21,289872 -6,060729 K9III
-7,179013 11,877604 M7IV
20,638106 -7,294962 O6IV
-9,735925 -6,496279 O6VI
-5,861859 10,853907 K2V
-11,954498 5,801644 O7IV
26,314397 21,269342 O9I
-11,510627 7,692840 A2V
20,009876 -7,828369 M2II
-3,442259 10,711471 B6III
-9,500550 -5,567657 B9III
-6,404180 14,447250 B2II
-4,969238 10,743088 F7V
-7,779862 -3,756742 F3I
25,884500 23,816750 B1II
28,681326 23,794349 B3V
21,558568 -8,922696 O7I
23,755670 -5,429324 B6VI
-4,172376 10,308959 B8II
26,868305 22,491829 K8V
-6,349511 11,316458 A6II
-5,592080 -3,592802 G9V
21,730628 -8,980932 B2VI
-4,210953 10,494131 G7VI
-5,892835 14,968584 A4III
-6,167516 14,291622 B4V
-13,292207 5,398679 K7III
26,103612 24,288214 G5IV
23,853964 -6,820481 A1V
-11,624791 8,597449 G3IV
28,592878 23,495571 B0IV
28,758263 25,423210 A1I
-7,488093 -5,061258 G5III
-11,482650 8,754935 B8II
-14,111257 6,028858 G3V
-10,178099 6,424841 A7VI
-11,815072 6,949538 G4V
-6,114996 -6,626612 K2V
-4,927390 -5,971353 O3V
-9,292986 -5,199532 G2VI
20,622836 -8,087342 F3III
-3,526228 10,452955 G5I
-7,474703 -3,855594 O9I
-8,433296 -4,620562 O0V
28,080499 25,373392 A2IV
21,427625 -8,554501 G9V
22,703269 -5,741940 M3III
27,196779 25,157917 K0III
-5,465835 14,231914 M3IV
-7,300711 11,580881 M6II
-8,259986 -6,893002 G2I
-8,195422 -4,541485 O5III
-4,991529 -6,389220 B7II
-10,882053 9,001407 F8IV
21,485847 -7,223124 M6VI
-5,372068 12,632694 K0V
20,043794 -6,513051 K0III
-14,052663 6,815728 K9V
-7,725031 11,363992 K5I
24,344715 -7,653788 O3II
-7,138603 10,994667 O3II
-5,582452 11,965044 M1II
-7,525450 -2,908127 A7II
-9,381535 -3,836922 K6IV
22,177385 -9,473158 A8II
23,154019 -8,612547 B7IV
19,871350 -6,503218 B1II
-6,484547 -3,079845 F1III
19,845504 -8,081864 A6III
-4,346582 11,855192 B8VI
-5,421102 11,901255 M0III
-4,191621 12,411999 M1IV
22,710304 -4,532107 G4I
23,116300 -8,963874 G9II
26,086113 21,282728 K5IV
-12,986991 7,026236 B5V
-10,864932 7,392050 M6V
-5,294196 -3,929915 O2IV
21,275176 -6,606683 A2III
19,921583 -6,487790 K0V
26,011500 22,072986 A9IV
-11,946758 5,938634 A2VI
-6,835488 11,290743 A1IV
-12,980887 8,083058 M3II
-13,907387 5,311772 M6VI
29,746836 24,706024 K2IV
-12,715037 5,812569 F6II
-4,631525 14,442788 F1III
23,886499 -6,713449 F0I
-12,341301 5,829022 M2II
29,281874 22,804869 M5VI
22,798086 -5,804052 G8V
-5,266734 13,907568 A8V
21,162534 -7,088269 O1III
-5,263519 -5,094244 B0VI
29,229474 22,060222 A6I
20,274291 -5,725087 O5VI
-4,868454 10,036653 K9III
20,357515 -6,562552 B6I
-4,662736 12,283991 A8IV
21,619088 -7,213842 A2VI
-14,865469 7,501334 G4VI
-8,415234 -4,848935 G4II
22,934359 -9,257973 K7IV
-6,471737 -5,129169 B5V
-10,361140 6,583093 B3II
-10,764864 6,695676 A9I
19,927664 -5,479121 F6V
28,582460 21,478472 O7II
30,378515 22,982077 A6V
26,577518 20,706464 M8I
30,311796 23,169186 G2I
-3,981566 13,707784 M9III
27,025183 22,166868 A3V
26,204199 23,620011 K3V
23,697989 -5,870674 O3VI
-5,962019 10,779335 F4IV
21,488624 -6,175157 M9IV
-6,410072 -5,306185 O5III
-6,406753 -5,504504 F4II
-3,127347 13,883299 O3II
-14,193865 8,296060 B6V
28,937113 22,103371 G2I
22,993328 -8,996377 A4IV
22,764645 -5,992328 M4I
21,453669 -9,101043 A8I
26,992776 24,765482 O7I
-4,294432 14,890204 F7V
26,847323 20,466763 G6III
-10,601498 7,961288 K9I
-7,812148 -6,734380 M7III
-5,454981 -6,461404 M4VI
-12,909218 6,517234 G8II
-4,105696 11,959384 M4VI
-5,109567 -4,839007 K6VI
-7,373560 12,947563 G5V
-4,348257 12,197584 A8III
21,696625 -5,620735 B3I
21,033505 -7,156541 F6VI
-11,690509 8,800041 O8III
-6,718603 -3,880023 O7III
-5,219538 -6,505316 B7V
-14,698560 8,179859 O0VI
-6,525298 13,575879 M9VI
30,685172 22,467958 F0VI
30,147635 21,762912 F2II
26,291520 24,674561 F6IV
-3,679512 13,214003 B0II
-7,493262 12,420034 A3III
-7,125599 -3,442585 M5I
20,812656 -7,010849 G4V
-12,194859 9,673371 F7III
-5,278288 -5,982085 O6I
-12,696934 5,204460 F4VI
-6,454714 10,964693 O5II
27,981144 22,021763 K5IV
-4,881424 11,984803 F0VI
27,590169 21,070329 F6II
-3,133659 13,996394 F5V
-11,180869 8,306385 B5V
-7,441018 11,297436 K1IV
-7,942685 -5,309682 M9I
-11,515732 7,095282 O1II
28,440805 20,403660 A1VI
26,136662 24,236693 A9V
-6,403148 -7,864201 O7I
21,478182 -5,342703 B2I
22,997625 -6,583031 A7VI
-4,772345 14,730193 G1III
20,311111 -5,223377 A5VI
-6,354758 -3,868795 B3IV
20,761302 -8,029005 A7III
21,015535 -5,888509 K2III
-7,413271 11,339335 F0VI
27,906537 20,623275 B4VI
27,603410 25,193695 F8VI
-12,500171 6,819290 M6II
19,587522 -5,998649 A8III
-6,397284 14,894639 F3V
-12,566460 9,483515 F1II
-5,536393 12,841402 K6V
-6,178806 -7,529989 B4I
-12,742325 9,772879 O9I
27,642471 22,437508 G9III
-8,700431 -3,786445 M8II
-5,888404 -5,732097 M9VI
29,291609 20,653412 A3I
21,105872 -8,364337 A9I
20,207583 -7,019967 A2I
-9,807830 6,652708 K1I
-9,042719 -7,508153 O3VI
-12,223580 5,701441 A4I
28,864600 22,851737 G3V
-13,024364 7,846334 A7IV
29,535290 21,599095 G3I
-8,306883 -4,468210 B5III
-5,084917 -4,935350 K0V
28,084609 24,394478 G8IV
27,803670 21,792673 B5V
-7,674915 -5,405858 B0IV
-2,841238 13,473222 F5II
-8,533707 -4,424697 G3I
26,281950 22,011729 O6II
27,159396 20,367261 K6II
-6,220812 13,304936 F4III
27,663141 23,191640 F9II
-6,941922 12,547852 A6V
-5,458450 13,913066 A1III
21,027581 -8,052132 G1I
-6,367966 -5,359472 G9II
-13,632880 5,955590 G0I
-10,494586 5,874007 G4IV
21,826234 -8,103966 F4VI
-11,673051 6,307703 O4VI
-7,078425 12,407978 M4II
-8,376814 -7,794912 M3I
-14,268387 7,587440 A5IV
-12,963472 6,185560 M9VI
22,379332 -7,897665 O7I
-5,530424 -3,910412 M0III
-11,499789 5,056102 O5V
29,073339 21,490205 B6I
-7,294954 -7,440288 O3II
23,782889 -8,569541 O2II
21,761280 -9,481019 O8VI
24,077791 -6,462628 G5VI
20,439832 -7,243890 K6V
23,822457 -6,801022 K2III
-14,540698 6,596729 G6IV
-2,862438 11,553603 B5I
-6,546164 -3,531213 B1III
-7,938569 -4,957848 G4III
30,187104 21,471465 O3V
-12,597674 5,560722 K9V
23,959256 -7,245535 F4VI
26,915167 23,242208 K1II
27,915845 25,152960 B9VI
29,089991 23,829724 M6IV
-10,663758 7,910822 G2VI
19,307441 -7,963660 M2I
-12,272006 5,536208 B7VI
22,362317 -8,883873 F8II
29,495703 22,750414 A9IV
19,715862 -6,907645 F2I
-5,627028 13,805532 F5II
-5,808858 -6,587128 G3III
23,436827 -8,198833 B4I
-6,122105 -6,541431 K6VI
27,161556 25,385153 M3III
-10,652234 9,556965 A6VI
22,618964 -7,714306 A2IV
-7,945857 -3,526084 O9I
-9,472238 -7,123603 G9II
-7,043242 11,961989 K0I
22,917094 -5,053790 A6III
-4,374548 10,052253 F8III
22,707594 -5,252897 G9III
-13,138683 6,326703 B4V
23,306273 -8,481862 B2V
-6,545855 10,370505 F5III
-5,251950 10,138377 K5IV
-5,926363 11,799400 F4III
21,586422 -8,812461 M3III
23,106533 -7,167025 B0II
24,310018 -7,751391 F4II
-9,767187 -5,607520 F6VI
-5,756050 13,765645 F3IV
19,842032 -7,015591 G4III
21,250706 -8,210558 O2II
-7,280094 11,658746 G6V
-6,136939 -3,577133 K7II
-5,848695 12,442160 O4V
-9,286497 -5,152116 K1III
26,670822 24,267871 O0V
-10,432936 6,454385 K6III
-5,243842 -6,222078 B4IV
23,348157 -6,176901 F1II
-8,208742 -7,768944 K4IV
-10,738959 5,897337 O9IV
21,679831 -6,969128 F7I
-10,047262 -5,402878 G9IV
-14,311324 7,671956 G9IV
19,223615 -6,616295 B5IV
21,984505 -8,672113 K0VI
-13,583165 6,942603 A2VI
-9,878943 -4,374723 K1III
26,788663 23,413096 F2IV
-14,322522 9,009867 A2IV
-7,748041 -7,582269 G4V
-7,987172 -3,074463 B8IV
-6,481634 12,984310 F5III
-12,072948 6,308576 M2IV
-4,222112 12,074985 O8VI
-5,585791 14,108509 G6V
-13,767054 9,042190 A1II
26,331543 22,298560 K6VI
22,028097 -8,030284 A2II
-8,267234 -3,995526 M5V
-11,859856 6,901296 O4I
-7,882097 12,865292 B6IV
-10,760093 7,761846 G4IV
23,287110 -5,186657 F1II
-2,988095 11,375875 M8I
-11,748878 5,735673 B2III
-5,370779 13,716381 G3VI
-6,048749 -4,889070 G1III
23,821251 -6,713563 O9III
-7,105229 -4,749101 M0V
-9,638129 -4,491826 K7VI
30,447774 23,033146 B1V
-9,913547 -4,717385 K4VI
-3,704142 14,192886 A2I
-4,683778 13,149322 M2I
-5,669588 9,992166 M4VI
28,407937 23,755682 K2II
-7,049747 13,036261 F4III
-12,415833 6,955028 O7VI
-13,418287 8,916229 B4II
-13,906068 5,936842 O4II
-13,228298 4,873432 G3V
19,701484 -6,815971 F0VI
29,747762 21,459761 F8III
21,404806 -4,331294 K2III
26,990497 23,834783 M3V
19,975518 -7,320487 G6V
-12,188979 5,856778 B3I
-5,221272 10,560280 M0I
26,197527 24,586434 O0VI
-6,912372 -5,773284 B5V
-12,644982 4,871876 M9VI
-5,268694 11,615687 A5V
-3,533317 11,408707 B5IV
-12,862596 7,548127 K5III
22,186930 -5,359852 M7VI
20,729560 -7,560587 A6V
-4,251463 13,679764 O6VI
27,751795 24,596238 A0IV
28,920200 23,876052 O6III
-3,120501 12,026115 M5V
25,548959 22,969349 G8V
-5,732321 11,894539 G0III
-3,132921 13,813824 F5VI
-13,812125 5,991678 G5II
-10,472254 7,335588 A8IV
-7,139108 11,061568 O0IV
-11,033980 5,275694 F0III
23,504017 -5,003977 F7IV
-3,463813 12,287962 K4VI
-5,686831 -4,731023 G2III
23,332520 -8,560852 O9V
-7,032176 11,221727 G8IV
-3,527750 10,584087 F1V
-4,262826 13,832207 G6IV
-3,605985 13,669800 F9I
29,849797 21,574496 O3V
-10,342006 7,833208 B5V
-5,700808 10,247026 G8I
-5,561702 -4,128904 A8III
-7,436911 13,108305 O5III
-8,767705 -5,752774 A7V
-10,899896 7,584145 G9V
-13,652848 6,594430 M4I
29,512975 23,220947 A2VI
25,843438 23,216775 F1I
-13,585773 5,078580 A9VI
22,771301 -5,043806 M6V
-6,660517 14,186062 F2IV
-4,620119 13,003071 A3IV
-5,244920 -6,368288 G9I
-5,878376 14,336611 G5VI
-3,925114 14,572077 K3II
-7,381061 13,629188 B0VI
30,247172 22,593065 K9I
21,671683 -8,851118 A2VI
-7,227325 -3,418317 O1VI
27,732384 25,493747 O0VI
-10,831728 7,401217 O7II
-12,966551 6,300978 A3II
27,751864 22,670097 M8I
23,338845 -5,411987 G9V
-5,022825 11,018179 G7I
-5,888512 10,842622 A7VI
-7,339415 -4,553914 O8V
20,259706 -8,238793 A4III
-9,858529 7,803925 G0IV
-11,879289 7,925588 F4I
28,630923 22,826214 B3VI
23,365974 -4,962285 F1V
-9,769643 -4,575360 O2VI
25,641051 22,107470 F4II
-7,595865 -8,093227 A0IV
-7,165651 -3,618738 A4VI
-4,161417 11,083696 G4VI
19,226322 -6,143421 M4VI
-11,085530 6,642637 F1III
-11,599838 5,432182 O5IV
-5,969729 12,933013 K5IV
-6,529261 11,075524 O1IV
-9,842809 8,087018 G4IV
-6,904836 -5,466474 F2II
-7,702618 -3,207557 B8IV
-6,157538 11,231790 K0II
-10,807135 7,296799 O2IV
22,699902 -4,979110 O7II
22,360088 -6,548034 A9III
21,604337 -6,627977 M5I
-11,336692 9,563361 G1VI
23,177119 -8,513276 M4IV
21,752725 -7,856057 K7I
29,493691 20,838702 M8II
-11,553879 7,559489 F5VI
-6,523272 11,143514 B4III
-6,933224 -5,950079 B2II
25,777852 22,888097 A5I
27,509879 21,161026 F2II
-9,746841 8,469334 K3III
-6,026130 -5,875136 F8II
-12,836274 5,055155 G5VI
28,726664 20,949353 O5II
-12,217792 9,962887 K4I
-8,606632 -5,731557 O6I
-7,685663 -4,215630 F1IV
28,477794 22,574537 K0III
-7,686203 -4,666732 F0IV
-9,086634 -6,707217 O4I
-12,284760 7,080604 F3II
-10,943968 8,303282 F2V
-8,359968 -5,455302 M3II
23,307383 -8,838224 A3III
19,644658 -6,639786 O0V
26,830583 23,097732 F2II
-5,943994 -7,015299 M3II
-11,308420 6,664298 A1IV
-6,651285 11,290815 M3VI
27,350073 24,843899 K7III
27,568693 23,080887 K0IV
-7,005148 11,401317 G4VI
-7,638795 -3,515945 F9I
21,371784 -5,283468 G4I
22,754846 -6,887333 B2III
19,078012 -6,933209 B6VI
-7,656346 -6,271364 G0II
-7,616942 -7,435339 F4IV
-9,617014 -4,074225 B8VI
-13,484827 9,356793 M0VI
21,996480 -9,528014 O9III
-7,298316 12,198067 M4III
20,799564 -6,770408 F9V
26,859985 21,364619 F1IV
-6,076125 -5,004367 F3I
-12,438794 6,830249 A3II
20,846581 -7,539016 F1IV
19,111031 -6,796842 O0VI
-7,557130 11,628760 O3I
-6,330102 -4,348068 F2VI
28,824891 21,193651 A9II
-3,256438 14,181303 A5II
-6,157790 13,834942 M4VI
-8,570899 -3,934003 M2IV
-5,894854 12,488449 G2II
-12,018268 7,986550 B7II
-11,546439 5,865078 B6IV
-5,110857 15,147734 F5V
-9,814731 6,372455 G1I
-11,322429 7,553592 B5I
-5,521429 11,366347 O5I
-13,183238 6,372659 M5II
-5,985950 10,617431 G5II
-10,630325 5,422097 G0V
-11,680999 6,011920 F9III
-4,325700 14,945957 G3VI
22,431461 -6,836751 M9I
-12,715822 5,308313 K6V
28,037644 21,566825 M7I
-14,567111 6,590602 B5II
28,757559 21,491571 F8II
29,663646 21,802843 M9V
26,998013 23,258445 O2VI
-13,297327 6,448835 K1III
-7,060266 -4,801571 F9VI
27,532110 22,574487 G8VI
27,575519 20,891304 A6III
-7,045201 -8,035484 B1III
-4,325332 11,477474 K5I
28,535728 20,414151 F7II
-8,027025 -4,706519 K5III
30,428271 23,801663 F8II
22,051901 -8,422435 F5IV
-6,962971 -7,085570 O2II
-6,689657 -3,592569 F7III
27,383309 25,250913 A3VI
22,420519 -8,624269 K3V
-9,952414 8,071030 G5II
-14,034039 6,875717 B8VI
-8,706176 -5,992415 G4II
23,454007 -5,964836 F1II
-13,847654 6,529523 K3I
23,246191 -7,165550 G7V
-7,009576 -5,087847 M5II
22,570190 -5,878011 G5VI
-7,181869 13,089478 K7V
-4,932152 -4,754011 B2V
-11,746480 9,336911 F2I
-7,483705 -7,550375 B2IV
-6,183439 10,311223 B7V
-6,601887 -7,144337 K1I
-10,082958 8,627054 B9VI
-5,717319 -6,050616 A5V
27,680624 22,053714 G5V
-11,607270 7,122098 G4III
-11,471665 8,344494 O5I
-2,798909 13,159718 F9VI
21,267370 -5,764584 A9I
22,869345 -5,373583 K5VI
23,019228 -5,310976 G1I
-5,237588 14,358174 G6II
27,861908 24,310941 K6VI
-6,705336 12,021090 K0VI
-14,248124 8,626226 M4III
26,809594 23,126086 K4IV
-8,142656 -7,605842 M1II
-5,370626 11,518724 F1VI
25,373928 22,380964 A4I
-11,516143 6,155100 F9V
-5,486565 -5,298758 O1III
-9,499845 -6,423633 O0V
-5,153332 13,147033 G1II
-9,640543 7,206433 F7III
-12,082112 6,228935 O7VI
-8,051394 -7,209132 M5VI
-3,952055 11,791199 K4II
-7,460499 -7,231841 F9III
-5,458441 -6,189330 B9VI
-10,184786 6,521839 A2III
27,939403 23,383389 K7III
-9,910291 7,037073 K7IV
23,650185 -8,332391 A6V
-3,133000 11,744208 G7I
21,066708 -7,936583 O2VI
-6,636738 11,321573 A9III
20,480480 -6,204535 A1VI
20,381483 -5,426904 O4I
26,260548 21,057068 F7III
-7,338548 10,855204 B1III
-5,058008 10,193347 A9II
19,993463 -8,439287 B4I
21,365851 -7,449321 G8V
23,080335 -6,473775 B7II
27,780277 23,186535 M8V
-9,800985 7,980229 A6III
-10,383014 8,185747 O4VI
-5,713351 -6,864464 B8I
21,783441 -8,887965 O5II
-13,339910 6,057152 F4III
-3,357211 13,525187 B7V
-5,352659 -5,904432 F8II
26,511108 24,572128 A6V
-13,202302 4,940385 F0IV
23,918443 -7,049235 M9VI
-6,582988 -4,860938 A4V
-7,521075 -5,369447 A3III
21,574900 -6,709650 G9VI
20,513922 -8,729609 B3V
-13,023327 8,004543 M5I
20,924262 -6,465496 F0III
22,142725 -7,241952 A4I
27,705303 22,587744 A9I
-5,255954 12,520085 B6I
21,516485 -4,655849 O6III
-11,834364 8,378141 O8V
20,586325 -4,876188 A3III
-11,408415 5,000257 G9III
22,803140 -8,228900 B1I
26,709751 23,747281 O2VI
-5,504765 10,491196 O7I
-5,937138 12,368310 B5II
-11,387579 8,691301 F0IV
-10,099603 7,968055 B8IV
-5,188001 12,142544 F2I
-5,896575 -6,172076 B7III
23,263031 -4,966252 K0III
-6,277661 -7,296724 O1VI
-6,018222 10,071401 K4I
-3,179361 14,079564 F0VI
-7,892033 12,770461 O6VI
-6,215889 -6,715057 K8I
29,821780 23,593100 M9III
28,905763 22,964191 K3VI
-5,350506 12,578639 K9V
-4,032326 13,037415 K3V
21,533265 -8,510400 F7I
-6,567815 13,148014 F2II
19,885873 -8,578838 G8V
-13,649091 5,157839 B0IV
28,288860 21,130254 K3I
-9,402275 -5,649117 F7IV
26,115712 22,454678 A9III
28,584903 21,069047 K6IV
25,801321 21,596368 B7II
23,991079 -6,096484 F3III
24,074143 -7,244947 O7II
-11,197373 7,185911 A0III
-8,626884 -5,356632 K0V
24,422958 -7,204927 A9IV
-10,507382 8,437973 F2III
-6,268459 -3,892568 O0I
-12,730070 6,278350 K4II
19,845918 -5,967870 M9VI
19,847362 -7,975623 M8VI
29,025312 24,877416 O4VI
-10,691407 6,040381 G6I
-10,916108 7,029674 F6VI
-7,159935 14,183789 M1IV
23,074060 -5,071513 B5III
-7,894327 12,043610 A8V
22,565153 -9,175497 G2III
29,372571 21,829382 F0IV
-6,539687 -5,340875 F9III
-6,829849 12,455905 A8II
21,696093 -8,155211 A5III
-2,824991 11,883090 K9III
29,178671 24,311464 G6IV
21,064809 -7,639131 F4V
-10,211157 5,735768 B4I
-5,253635 11,026455 F7III
-13,401735 9,602109 M4V
27,383012 20,868354 M6VI
27,282838 22,000703 K6III
-5,411688 -6,187027 M2V
-6,483309 12,860078 G1I
21,396738 -4,790264 B2II
21,535904 -9,257359 A9III
19,564215 -5,430251 F6II
-14,464216 8,097397 K2I
-13,207703 5,182226 G1II
28,184016 22,349561 K6II
28,240949 22,408564 B6VI
22,962030 -6,949685 G4VI
20,884916 -7,799190 F4III
-3,555861 14,208321 G4III
29,221699 23,865521 O4IV
-3,530778 12,931510 O1III
-9,141263 -5,981292 O2V
30,225569 22,280265 K4IV
-4,977651 15,052532 M7IV
27,349241 25,174387 B9I
22,831813 -5,066363 K6I
21,521992 -8,344767 A7IV
27,785465 23,641404 F1III
26,150281 21,236873 G9VI
-3,107394 11,493691 F9I
-13,721795 5,513233 K4II
29,432797 23,036348 M9VI
-9,101729 -3,796523 G9III
28,714365 25,423543 O7III
25,784839 23,400854 K6VI
-7,610423 -7,107245 F6II
-10,828053 8,876450 G2VI
-8,619179 -3,364273 M5I
-7,408983 -6,017566 O7VI
-7,771091 12,930931 F5IV
21,167296 -8,497460 M2V
29,993958 22,429578 B1I
27,919243 25,150206 K0I
-5,965768 13,442824 F0II
-14,837469 7,410216 A4V
26,540376 22,178460 M6III
20,666034 -6,306864 B7II
-3,226187 13,838200 M2VI
-12,145726 5,152832 B9VI
24,391661 -6,625875 B9III
-9,430566 -4,244466 K1I
26,246857 24,503381 B9VI
23,410204 -5,883293 A4V
26,326763 20,883779 F7III
25,469076 22,671608 A1V
