-8,493756288 5,210019404
3,162337225 -7,304296195
-14,57604296 11,59254037
4,382843751 -8,508578295
0,140175064 -5,192993436
-6,883316465 12,83432367
-6,587680716 12,31103467
-9,055304067 5,860514884
-8,328409186 7,411694275
-11,73070534 12,39968402
2,681694213 -9,185434307
-14,83423901 12,34611725
2,780629858 -6,244668263
-8,986765119 11,00245079
-9,727218275 11,5789242
-12,71186805 10,32289888
0,59498071 -5,74763449
0,411642381 -5,280290199
-6,143018377 14,52732941
-14,53751993 11,55120491
-9,786046277 8,617902995
-13,85925709 11,77842627
-9,554061952 10,13424354
2,37511891 -12,20476318
-11,1557936 11,17427973
0,423987703 -7,380828845
3,020688274 -9,969189666
-7,934275438 14,11889576
7,123742234 -8,056943284
3,225539307 -7,509219592
4,185399051 -7,53651702
5,662727663 -8,234724072
3,259715876 -8,150819453
-7,944794825 7,295410546
6,908278095 -8,564490408
2,389730533 -7,831588938
4,180394168 -11,3908072
-8,454952593 5,916875506
5,243374761 -7,062076809
0,362001233 -6,231788802
5,064540329 -7,827942004
-10,41652416 7,403213765
2,499321244 -13,2852608
2,469427197 -6,355291165
1,595561059 -10,14029526
6,972995504 -8,524404101
3,186807102 -8,899530446
-14,42756177 11,76388863
3,722774824 -10,35218963
1,307122807 -5,328097598
4,641155344 -7,896088512
2,816090782 -12,08418315
1,911982652 -13,13796234
3,206050454 -8,500147447
-12,63777387 13,02147627
0,617518966 -5,423216136
2,118063445 -6,955197054
-7,097060565 13,06569485
-9,583172622 10,97970987
-12,44964003 12,99065318
8,109932272 -6,644812543
-9,586893961 11,06736521
-12,15934949 10,60114164
-14,25437899 12,01808637
1,474079029 -7,247192667
-9,243820813 11,83232908
3,867957927 -11,03233836
3,516334368 -9,441789493
-8,210741447 6,130598636
4,723150568 -8,375079782
-0,310470076 -4,473442335
-10,64692556 10,78192354
-9,952907882 10,29058685
6,212027027 -8,741507578
-7,063182654 11,51842955
1,443703307 -7,268870703
-12,15086887 10,82866242
2,30104731 -7,303401727
-0,522130751 -4,25288847
3,828742427 -8,110985685
-9,988184148 9,425728312
0,15962057 -7,051863191
5,709329952 -6,128346338
-9,168955766 10,95205992
5,352815797 -8,02012864
1,316658217 -7,684502829
-9,89659571 10,54711177
2,626139737 -12,74344597
-11,9380924 12,44601194
-14,37471096 11,55426091
2,118889978 -13,25232072
0,485022753 -5,175897856
-8,935496511 11,47233368
7,786393461 -7,205425287
5,611798513 -6,418272471
3,363590752 -8,33603696
-9,25858619 10,96786019
2,604019265 -12,00431648
-0,377041278 -5,278100957
2,632683637 -5,3332445
-15,30590158 12,22358427
-7,619752659 13,66662595
2,324522236 -11,9756045
1,685810792 -12,91360776
-13,95318566 10,69596759
-7,991926116 11,85376911
-8,739701901 9,032071471
-5,932019983 14,70590464
-9,585760162 10,07904254
6,106997154 -6,250963302
4,894304492 -7,727382174
5,513171388 -8,642211868
-13,33339486 12,39031275
3,166499016 -7,318489093
-6,76887679 13,94359091
8,40520436 -7,396500526
-8,529045072 6,484268233
1,447293036 -4,828146943
-9,295598595 13,0260465
-5,872476241 14,84323642
-8,533670743 13,87983431
-15,30055771 12,02123391
-8,627911231 12,15210066
7,347542376 -7,201465426
8,382734448 -7,139108707
-11,8170954 11,22036036
3,507738892 -8,677260259
-13,42097642 10,14759573
4,171497205 -8,486089115
-13,35121278 12,13658604
-11,93303056 11,8828067
2,774746979 -9,222484885
3,684743838 -11,73293522
-10,21829317 7,262430311
-9,908103378 10,69355687
3,058220487 -9,731455313
3,667539628 -11,68639117
8,891836352 -6,893356467
-10,38397106 10,72104079
5,215094694 -7,773140852
-10,02987373 10,4922507
5,314625101 -7,608119645
0,010829502 -6,668463123
4,855893129 -7,925414597
8,216192436 -6,60306266
-11,71821068 12,40971199
-9,399408484 7,011552345
4,134835326 -8,469636488
-9,110427422 13,8579745
-0,277342844 -4,859635406
-9,936737497 10,79864727
-12,11344446 12,48379192
2,129960834 -7,181084378
4,207820799 -11,18594407
0,15578685 -7,188941804
-6,059720829 14,11718603
-6,171499539 13,97964745
-8,669302671 13,9054382
-7,658273391 8,144367963
-8,84137995 6,455959053
-9,632588508 9,497536569
2,470174425 -8,05838816
-0,388834168 -5,154495869
-9,985444041 10,73539855
3,122502986 -9,681343021
-9,559870273 9,088377511
5,061037532 -6,960099874
6,06184037 -6,018049738
-0,108345792 -5,347944738
7,325059515 -8,237482338
0,322193532 -5,388456401
1,557732311 -7,123911732
1,526746019 -7,348908703
1,752862708 -12,95239513
-13,66740984 11,74179376
2,955751431 -9,974679869
1,87476971 -6,982353061
-8,55395364 5,71041279
8,493679054 -6,998348517
-0,566612445 -4,430749404
-8,09021922 11,91544284
7,147161519 -7,518881312
1,995376734 -12,57219536
3,246974513 -9,53433977
3,853889922 -8,348120638
-6,839178133 12,24333708
-6,069180677 14,12850375
2,190739328 -12,38397149
5,245519063 -7,776825347
2,375656691 -12,06857737
-6,945297145 13,79917287
2,359924531 -12,66014671
-9,559571825 8,863066176
3,037817596 -7,773241452
8,086777239 -6,650637568
-10,6741481 11,33820559
-7,767164106 13,95223578
1,786514784 -11,631813
5,344906198 -6,485862321
3,166236821 -7,366577361
4,25416319 -7,526224386
-9,515052315 8,883291619
2,054904202 -12,64903719
5,070537413 -7,787603126
1,503948639 -4,801499892
-8,622491769 13,86176673
-7,72704339 8,015731055
-9,242453206 8,895156012
-14,86498507 11,6494866
2,366458328 -7,009241603
-13,85969413 11,9290657
7,051125738 -7,927616906
1,667771769 -10,4014442
-0,563592477 -4,5329326
3,136335018 -10,2509843
1,131667645 -7,604034364
-11,93670802 11,08513927
2,861856972 -9,479398026
2,668413764 -9,173447028
6,282423798 -9,036786821
-10,54281584 8,533814617
2,94056737 -7,272381707
7,009055761 -7,136015245
-9,563820049 9,303758667
-0,097215746 -4,584412196
2,462345384 -7,443010867
3,04200917 -7,211848929
-6,538362814 13,69869611
-6,937034912 13,7844112
8,525058638 -6,979792627
-9,613928321 11,83643784
-7,304716773 11,72384729
-8,718649298 12,06762169
2,183044011 -6,97830185
2,650151589 -12,78867319
7,033198475 -7,705525154
2,173253572 -12,29011922
-12,14286456 10,36778616
-12,0793768 12,50896495
-9,489486173 9,10061661
-8,316368798 9,056428109
2,513346832 -5,294902152
-10,79088333 7,513441166
6,096053847 -6,021774415
5,581462153 -6,556818917
2,492399329 -10,15595252
-7,618004037 11,42404136
4,076383718 -11,7226689
2,083775713 -5,169919205
0,583800962 -5,522592592
0,313567802 -7,019834505
5,206017692 -6,661424901
0,329883944 -6,234045973
1,465493702 -10,47460036
-6,921788107 13,77526932
-8,80600563 11,72082675
-9,606227049 9,339131365
-8,49945924 5,826253958
5,258593423 -7,570573599
-10,37429017 10,70888434
0,553184789 -5,206375073
-6,820974233 12,25312833
2,079736199 -13,29192906
3,74079312 -11,92549235
-8,932285781 11,68461549
-0,603394438 -4,332268624
-13,07076375 9,920112496
0,472206746 -6,167709909
6,229344453 -6,365902565
2,325545592 -7,898975395
8,660999829 -7,02919409
2,086998058 -13,46891647
-9,105657858 8,990079882
1,92664093 -13,81915966
-13,33339594 12,61139998
6,879912467 -6,461311309
7,060949467 -6,958359705
-7,031126778 14,18084698
-6,275662743 14,39295469
2,517956954 -13,19508999
-6,551078623 12,55093125
-13,58535644 12,0693018
7,837701017 -7,395384859
-5,876436158 14,76997862
6,49115687 -9,028731992
-9,993139465 9,431080847
3,462456143 -9,624712079
7,123446876 -7,728053417
-10,73360105 7,795944094
0,322417572 -6,189028035
-8,397229261 11,99920195
-9,364126739 8,912766627
-8,317239559 7,301747033
-12,67170265 12,78320453
4,154345679 -7,689718524
-6,513769611 14,4741427
-7,079743912 13,58753207
5,609006907 -8,174845601
1,987559398 -12,54506489
2,391442358 -10,23114473
-10,38712069 10,78312833
2,73080411 -7,305735322
-12,93898513 9,953023613
-9,582011316 7,175886148
-13,88039512 11,95866405
1,971947698 -9,913191235
-9,473685056 8,902607483
1,511931443 -11,13762029
1,849262425 -5,044443084
1,266265336 -10,4517934
1,991179869 -13,69252971
1,661378414 -7,092628162
-15,47487742 12,18659673
7,568223313 -7,185503832
4,409754389 -7,618136264
-5,974026391 14,80168244
8,482627008 -7,317052691
7,066752703 -8,606607132
2,235115655 -6,362206593
2,85339157 -8,870254805
0,264049695 -6,763261145
-9,042959661 13,27241267
2,337769238 -12,45942915
-8,188100733 6,267621811
-6,561765802 12,76426607
0,908364714 -5,500434872
-9,771295069 8,617004697
-9,262549955 12,80859548
2,955308425 -10,12562811
-9,871978636 10,09924987
-8,74446312 11,95837419
2,67552697 -13,11470386
2,470795376 -6,361327646
-9,18032237 12,69709296
-7,709125047 8,210353113
2,022890944 -6,973694471
-9,839901629 10,29042718
1,987748332 -9,936672926
6,092642931 -6,027082856
2,289759224 -10,18840328
2,321239249 -6,693670668
2,503092244 -8,015126266
3,598463152 -8,997891237
2,733297733 -6,239718201
-13,74013376 11,45304601
5,616316597 -6,554452109
-9,854597776 10,55036882
7,862885905 -7,495257249
4,563032454 -8,38568526
-12,23159292 10,79788718
-11,91750207 11,68972393
1,973590998 -5,205963355
8,028307486 -6,536861936
4,104503678 -10,82150764
-14,58558238 12,43799019
-12,11905603 12,70833726
1,850039422 -12,58583304
-10,86852416 11,48950889
7,591647618 -7,210322196
2,864759742 -11,97924737
-10,50873983 8,426836503
3,626163533 -9,238672154
2,934615675 -9,400268475
2,461007004 -5,655952462
-11,52289535 11,32754152
1,407943457 -4,866698763
1,139073418 -10,57404388
-14,83228469 11,56204744
-6,053319259 14,68560357
3,193416845 -10,2237846
8,257645707 -7,568240623
-13,42153745 12,58421157
8,812729122 -7,014112389
-9,666934603 9,099894421
6,903421698 -6,642128135
-7,037352367 13,58826098
-7,673415195 8,102028738
1,682619817 -10,39857306
-13,38148293 12,6710247
-9,528353832 9,531025624
6,605708311 -9,145067453
-8,840715806 12,36773894
-11,73144655 11,4834811
6,73659851 -6,820274293
-10,67126535 10,71398028
0,314587974 -6,991284974
3,602627965 -8,158031812
-14,20263121 11,83315929
-7,374450404 11,69789739
-9,624763163 7,064112194
2,021783676 -13,3391265
1,832479027 -12,68093783
-13,00248997 12,89480076
-13,32335202 12,40584175
1,996169406 -11,64561507
0,188190461 -4,4459901
1,368246686 -11,49691095
-9,756236079 10,35806824
-11,49519078 11,32496594
-14,68026863 11,47547208
-6,773670864 11,60638007
-14,83723412 11,64792523
-14,82046033 11,62720888
3,114321497 -8,89609279
-15,09804984 12,26498284
7,736811643 -7,158010125
-8,812322002 6,645337797
0,322791185 -6,974586718
-0,239550839 -5,299933064
-8,285240811 8,981645791
0,769227281 -5,499464669
-8,299317131 9,081228071
-12,42733691 13,06750237
-8,584442455 7,353218812
-8,937653619 11,8088355
-13,85842753 11,80105206
0,412612088 -5,233663937
3,107377824 -9,527916328
-13,54586829 11,88118446
2,425168284 -10,23389304
-9,813472707 10,83136287
2,44610742 -12,14772075
2,190475618 -13,52202182
2,283129538 -7,316241118
-6,549279509 12,54689226
5,395264936 -7,371654316
-8,469108556 6,511056257
2,053616543 -13,23646927
-6,690648231 11,74349577
-13,22005942 10,05986462
-0,258099739 -4,859190775
0,296689604 -7,454825613
7,20061276 -7,998277469
3,297610822 -8,886627276
7,607495038 -7,141112963
4,098315951 -11,57944527
3,883750261 -8,123035174
2,453483276 -12,43440801
2,627172045 -13,16806435
7,307929802 -7,282897068
4,705646366 -7,922866403
-6,145896229 13,80165294
1,36877682 -10,95873802
-7,762755356 13,92931587
-12,13573399 10,15598808
2,564722571 -5,093285472
-10,16428251 9,942735499
3,394869303 -8,347724759
2,463643525 -7,555619186
-15,39970731 12,16730583
2,764259722 -10,16335169
-13,5698427 11,88770208
-9,687845366 10,15312369
2,880080055 -7,142621278
3,257795464 -10,42252047
2,753169628 -5,942804115
-14,90078749 12,09970207
-10,22941009 11,01088268
1,389543673 -5,205493723
6,836948904 -6,435726407
5,027396149 -6,811399678
3,892971121 -11,689626
-9,428325256 8,967862966
2,46162404 -5,051391123
0,462109542 -5,918032308
2,975870314 -9,968835266
0,958662347 -7,632926279
6,329998188 -9,088329838
2,064581069 -13,68097157
8,389983492 -7,126061953
2,12753537 -5,10135685
1,523183343 -10,51372574
2,01183788 -13,41574667
-9,605476549 10,09373833
-6,319315558 14,36914417
-0,174104646 -4,630384644
3,199164428 -7,619524378
2,71397578 -7,30430294
1,731688797 -4,857238513
3,095595383 -9,547486257
-14,10143298 11,74351357
-6,894130552 13,88709545
-7,848519001 7,426680195
-8,224033136 6,286747253
0,531193589 -4,843427613
-14,3223735 11,80683653
-0,414862344 -5,048575318
2,989257692 -7,926200319
8,624359156 -6,72385158
0,231550139 -7,255431534
1,160543017 -10,98603708
-10,71420571 7,733057628
-14,9898696 12,0445399
1,510670759 -10,51203243
4,444610266 -8,567742914
-8,653361758 11,88719637
-8,014316147 11,70967569
3,644528928 -8,240347799
4,771998585 -7,990415344
1,883125503 -13,17876574
3,08090581 -8,036733892
-8,618041219 7,282390403
-9,123989843 13,26974739
3,403913215 -9,00044439
5,102978762 -7,95018714
-14,94047674 12,12104406
-11,72431061 11,55115536
1,472564304 -7,5232439
1,7804753 -9,997103763
2,346264575 -7,775738506
-14,64080076 11,48538608
-6,101115464 14,14892785
5,619958679 -6,408340784
-8,643360816 12,30229075
-9,868328865 10,66835014
2,476608599 -7,271333188
6,442790841 -6,19283524
6,709099225 -8,948677348
2,613457793 -5,308030426
0,858618389 -7,375221579
3,008544822 -10,00480588
6,615829915 -6,171665668
7,211414665 -7,230823958
7,76534583 -7,081844847
5,543454269 -6,176299304
-9,972528224 8,511221776
-9,906527083 6,77597512
-8,347657712 6,417000538
1,668414607 -7,050188819
7,238672907 -8,554160661
-6,654222522 12,76105869
0,21995821 -7,287625771
-9,358455919 10,00414504
-8,495524302 7,468244645
-8,963983916 11,87861506
-10,19397837 9,797386759
-13,68976602 10,40982867
-8,652638108 11,98047428
1,78768279 -9,921137577
-12,79743681 10,11837763
6,64532 -6,252845363
-8,796232067 11,7321195
-8,307907763 7,367466321
4,591893821 -7,750077774
-14,3531995 11,65661576
-6,020040017 14,68059647
-10,51987998 11,31302977
0,47064206 -5,818788277
-8,934310059 11,21376299
-9,048290886 12,65045078
0,216100995 -7,42174532
-13,17151491 9,8951721
-9,661995632 10,81964226
3,280275624 -12,22979428
0,322908376 -4,918021696
-6,67022269 11,86501909
2,965021902 -9,482754813
1,94575916 -7,009583275
-0,392851601 -4,877400434
2,475073912 -8,041074962
5,113454721 -7,977894661
1,303522358 -7,693348449
0,923531037 -7,480108298
-15,1008857 12,13239953
-8,867212069 6,935453085
2,841599925 -8,890797495
4,144514739 -7,66426708
-9,174564505 6,267861864
3,793484617 -10,4113661
-9,730947382 10,36751669
2,118684387 -13,6964022
-7,977940463 14,22814105
-11,79492624 11,27275323
3,521864054 -8,658649944
-8,394328935 5,85934869
-5,936680827 14,60571442
5,736028343 -8,258120318
2,328401103 -7,781782837
-12,85236243 12,72541547
0,31956241 -6,19313849
-13,80309279 10,82986056
0,220474556 -4,558107866
1,315371872 -11,02032354
0,187158901 -5,189788348
-7,417129089 13,62698547
0,566957282 -5,981547953
-14,83025241 11,51114432
3,571614275 -10,52502746
-15,44461618 12,2802574
1,454939205 -11,29787751
0,963073271 -7,638763923
3,067175871 -7,865978719
-8,250823363 14,183586
-14,31461846 11,83875874
7,229256043 -7,218214917
7,801629108 -6,913650874
-11,09454657 11,41292904
-11,09403794 10,66627052
-15,49517072 12,21286641
-14,37261811 12,43880255
0,644384161 -5,777002446
8,44877055 -6,898081638
2,368909531 -8,019988016
-8,643976881 9,099146362
0,64671117 -5,273259181
-13,03266141 9,947004211
-10,16007879 10,75510349
3,037544798 -7,65799067
2,78386512 -8,034309804
-6,240516104 13,73196966
7,72244403 -6,982986479
-11,65454844 11,24487355
-10,41633722 7,324232356
1,404333712 -11,51830166
-9,318593438 10,02476456
3,52273076 -9,55813449
-12,99908713 9,994401877
-8,763885528 8,94462733
-11,12710978 10,66630222
5,540560994 -6,274237216
1,165843687 -10,9890383
3,080543776 -7,639395458
2,440269698 -7,49543747
5,127580244 -6,907789219
3,982053164 -11,14748325
1,337733798 -11,29437562
-13,64195808 10,41789469
3,749363717 -11,99433059
-15,22606028 12,00271972
1,766156502 -10,06790483
5,180236647 -6,586782909
-8,960333614 7,027928938
1,341848129 -11,6723584
1,877948838 -9,879460729
-0,335147558 -4,294676366
5,141013054 -6,876574638
1,858746638 -13,17431937
6,272718046 -8,836184017
3,519772635 -8,636159278
1,359760107 -4,965063582
-8,967526195 12,76539529
2,795864054 -10,1522508
-6,730918852 12,95349269
-0,464083505 -4,600177754
-8,470001332 9,15439503
-9,553070169 9,301254891
-8,815231156 7,132371774
-7,69720006 8,473766349
-13,99167201 11,97541689
-9,927063263 10,55957509
1,109739077 -10,75417976
4,01796348 -10,50846897
-9,743966671 6,818898498
6,145720374 -8,757678818
-6,396928066 13,7133968
1,396577733 -11,72421712
2,694814169 -9,021468056
3,079984236 -10,23026411
1,642970064 -12,80267185
0,489742943 -4,882576014
1,248646579 -5,040257236
1,241063284 -5,120540839
4,097494441 -11,64782815
4,030618832 -8,010901802
-10,2046633 9,751631821
-11,73138106 11,26673727
-12,33418214 10,15710998
-15,20222408 12,31907491
2,205751205 -11,92913102
-7,900025013 11,72075777
2,016404568 -13,79198231
2,511063721 -13,28243467
-8,544377795 13,87719201
7,182336779 -7,303813026
-9,840935173 10,88527162
1,976895888 -11,5616945
1,457910738 -11,21098852
-9,644957459 10,14194903
3,433869259 -8,728037591
2,027231938 -13,45009332
3,137542113 -12,18531254
-6,846184185 12,23986267
-0,061649374 -6,422754172
-14,26370975 11,91839391
2,664399871 -6,259964524
-9,372001337 8,912353564
1,800829305 -12,72735542
-9,22570747 9,845597866
3,687099147 -9,38764464
-11,68444195 11,26791239
-9,113691177 13,83886785
-8,829687127 12,34879903
-12,19208662 12,67433043
-7,105735465 13,6069476
0,130412847 -6,283743848
-9,299428205 13,17709052
6,812941204 -6,207786333
-6,053876338 14,44585731
2,245244635 -12,51797031
2,062435227 -13,67546335
-8,858204176 6,617683815
-13,56396419 11,31877567
0,351408474 -4,47745736
2,812979116 -6,187420188
-12,10945356 12,88993902
7,142240527 -7,22139774
5,256594445 -7,735112109
-11,20015649 10,64711954
2,051512792 -12,65049766
2,764115718 -5,800411633
5,383439675 -8,141497448
2,049060193 -12,62628503
5,360011374 -8,007816656
-13,5708137 11,19102744
2,006070369 -13,43823091
4,593723985 -8,393215919
7,702518826 -7,103432542
2,412525935 -5,074935481
-9,395683686 10,20312747
2,594526904 -12,90481001
1,751534881 -10,29396108
1,910127262 -13,80637953
-14,46880559 11,53097704
8,860837739 -6,776920758
1,280745584 -11,43104381
5,317545758 -7,873529487
4,014462237 -10,45591722
1,934750573 -11,62029153
3,950230395 -11,76221137
1,166535046 -10,79563785
-8,749481323 7,141405588
4,682585895 -8,090909743
2,4433709 -12,74731657
3,815383898 -8,078738229
2,991750132 -7,928697715
-6,373274209 13,80184955
-13,33977215 12,10279823
-9,388877229 10,17377438
2,220754284 -12,2091017
-9,786964319 10,90776022
5,13095567 -7,879728954
-6,154246491 13,79347965
-8,700516379 8,87534552
6,106981365 -6,242710108
-10,19315083 7,152315104
-12,83596865 12,72213237
-7,397283085 13,64375977
-10,00284861 10,81039116
-0,12058834 -5,35642016
2,666624061 -12,08182981
-0,310117284 -5,087006123
-8,846877472 5,803061617
-8,973495423 13,40424449
-8,708238921 5,416538919
-7,036069474 14,177986
2,629299343 -12,93419404
7,056182838 -6,995840448
-11,29033354 10,74245797
5,382610318 -7,238499129
-9,887891403 8,512065076
4,084229602 -7,684732858
3,869424859 -11,03082705
3,90674367 -8,10222892
5,22570314 -7,855261504
0,504133019 -4,876373011
-11,89949493 11,71001
-8,974778249 12,76133815
3,60032415 -10,36721457
6,74758678 -6,192341197
-9,994618041 8,50860792
3,131243224 -9,948687117
-15,24321998 12,32543715
3,122859179 -12,18780704
0,062060628 -5,2271437
6,156334444 -8,754361915
4,024281384 -11,7595248
-8,878770671 13,96465607
0,909771066 -7,523971961
2,43414773 -7,084274677
-9,809973605 8,634264325
2,458507919 -12,13184432
1,739749093 -12,93832034
6,47146759 -9,029965596
7,127925103 -7,204348555
3,655344907 -9,423510362
2,752101297 -8,054595794
3,9527986 -7,818846151
1,136970342 -5,440020888
0,351464878 -6,803903819
7,367435631 -7,293458488
1,908520917 -13,64768626
-8,080058567 8,57709302
0,790630987 -7,278745584
-10,87694185 10,58565989
-8,411983644 12,03271345
-9,451805017 9,044907136
-11,62940962 11,10287634
4,699112175 -7,982142169
-13,58145246 11,19081381
2,086612812 -11,76923747
-10,03322646 10,43860186
-9,004670295 13,44514336
-10,7676318 10,53566893
-10,03254362 8,501757877
-8,75709946 11,73025972
-13,19672931 12,7935021
-8,911757207 12,01430498
-8,775714985 11,99095267
-7,399800642 13,62539201
-10,20580555 7,338527636
-9,430045219 9,330097072
2,949447622 -9,390251212
1,171055281 -10,95274555
-7,780113913 7,673314136
-8,132078121 8,866075765
1,710802775 -13,08444711
-8,19365648 8,650162514
-14,95679522 11,68647491
8,876311626 -6,869472109
-9,723991571 10,37763471
-15,33363616 12,10439302
4,648290195 -7,864216921
-8,646166253 6,4285759
2,77513739 -6,015939831
4,335918952 -7,550283876
-6,29090977 14,39221569
3,33610771 -8,389837441
-9,593832201 9,074481392
0,637982215 -5,639538379
-9,564136824 11,25197543
2,768309261 -9,451837292
-9,296078303 12,81283287
-13,86818855 11,86846663
-8,204246178 6,104914732
6,156347186 -6,246857339
3,945582927 -11,74768488
-0,598618476 -4,230452271
-6,843000144 13,68865628
5,704763584 -6,016660176
-10,54124902 8,569188732
5,974960326 -6,026721464
6,772317063 -6,664787379
2,159969182 -5,021048671
-11,79368959 11,22021986
2,980099855 -9,727285332
2,346529747 -12,11632345
2,411517435 -13,33728207
7,01279633 -7,928633777
-10,20116855 7,302368181
-0,263311122 -4,662747727
0,632234598 -7,329049243
5,082334653 -7,849058676
2,134500415 -6,744344407
-9,489387882 9,610339713
-9,374946422 11,12079452
2,044282541 -13,44793121
6,267242487 -8,838621956
-8,95638821 13,9818982
2,923414416 -7,262199694
2,386138849 -7,333581459
-9,198724101 12,73473788
-11,45838925 4,054328728
2,261063725 -6,427400824
3,106239551 -7,405159142
2,693250164 -13,11668906
0,625646358 -7,359876376
0,018146368 -6,662655736
1,673309552 -7,10690665
6,944449463 -6,926795981
4,1590406 -8,321021959
-8,765013562 14,05975531
-10,66118047 7,684759735
-6,954983273 14,32419317
3,375185423 -10,52180973
-13,4679844 12,12615197
3,999277736 -10,86856146
-0,280304155 -4,534260936
-9,657593804 6,868060537
4,046623047 -8,111007792
6,524105546 -9,126500621
2,660394104 -9,142616199
2,745800395 -5,779295801
-10,83677145 11,49502735
-14,14249109 11,84613725
5,993734177 -6,011876374
-8,387814844 14,07383023
2,469400634 -5,617169587
-7,351754912 11,77007091
-6,542698923 13,69795053
-7,786433146 8,487138594
3,001174616 -7,812723673
0,519849876 -5,457370807
-9,005089848 6,343978921
5,819209393 -8,921974869
6,866623474 -6,660149648
2,076384724 -12,68151725
-6,534981163 14,59546425
-9,058564689 13,28125561
-7,264266179 13,51298438
3,863861706 -8,167903143
2,26896686 -4,992335151
-9,849265878 10,20005086
-8,202859821 8,553253175
-11,10214739 11,28549685
-8,79762916 11,37798931
-8,01415807 7,906642677
2,583963822 -10,06989081
-8,780770103 12,67856363
-14,21264444 11,83075711
5,095426279 -6,863450062
8,316377668 -6,742867624
-10,55112127 11,05191996
-8,687574123 5,511121399
3,374039857 -10,54066009
3,982283318 -7,86110287
4,871809996 -7,914895116
7,329671286 -7,230982336
1,754041613 -4,85161061
-10,21640773 9,668038716
-9,892323441 8,470180921
3,176930255 -9,568801836
-11,69370543 12,48233206
-8,767405196 12,50489927
2,67190013 -9,200360757
-7,125197551 13,27445001
7,785606469 -7,203981324
0,167771436 -6,722857946
-9,866555223 10,23926737
-8,556325417 5,727791929
-8,656020432 12,09277924
1,409063043 -11,51856012
5,063218248 -7,824436155
2,965002361 -8,844397705
-9,764258372 10,20443423
-0,132876127 -4,58299415
-9,070250424 5,881503938
-12,16211878 10,59353822
-0,242609873 -4,642764693
-9,23306255 11,76426373
4,757328465 -7,969256291
0,397090601 -5,210651222
1,378752435 -10,98396565
0,324955106 -5,129425971
8,475491041 -6,863632805
-9,779584808 10,12269526
2,225573673 -4,98274791
7,692245033 -6,742545282
-9,043650141 13,54087935
-10,33387753 10,97429293
-14,38190638 12,43460156
-11,82150896 11,18666579
3,577577343 -9,435911933
1,130318604 -10,78623128
6,296894104 -8,849984113
5,022009617 -6,698951708
3,004470168 -10,17035443
8,082856728 -7,475345713
3,161788284 -7,309254253
6,900413245 -6,928189698
2,46392076 -13,33440167
-6,593530736 12,31085968
0,051101646 -6,280268589
-9,150371824 13,69752184
-8,896187405 11,20579498
0,540948673 -5,179687094
-13,46389519 12,43764632
-8,747107815 9,027868578
-9,36575225 9,189142774
-9,445252496 11,84285666
2,343809326 -5,062898946
5,436880057 -6,589145238
-9,560381791 11,40796423
8,226667549 -6,58208058
6,274101343 -9,024581229
3,35224541 -8,831232506
-0,488363579 -4,358545391
-0,513940797 -4,572028942
1,817798336 -4,875338649
-11,80639305 11,40188154
1,953679215 -11,59254165
-13,73855572 11,82943147
5,586597215 -8,425543352
-6,89786547 13,77083178
8,206298268 -6,580343182
-7,65851177 11,44018281
5,487335999 -8,189774203
-7,779327701 8,523614985
-10,44012226 8,63034632
-8,359302894 14,1634307
-12,03400607 10,41408902
2,361652963 -7,789917684
4,065089126 -10,67199365
-13,35004841 10,27992392
-13,2095839 12,21265573
-12,33540967 10,12969786
2,818271097 -8,956919191
-14,10906355 11,88651719
5,410535597 -7,163662039
-9,183999898 9,859957105
3,585057871 -8,228833935
2,247201844 -6,317317367
7,071342322 -8,601060998
2,154889418 -5,132884415
-13,57520131 11,33949379
-8,7844752 8,852867737
-11,10529182 11,40948292
3,69812769 -12,09905364
-9,922048374 10,71379531
-9,902179162 10,10162019
-12,1081789 12,48941938
-13,89921984 11,97517866
2,266246376 -7,653387812
2,025997465 -11,67669094
2,103936593 -13,2912264
5,29969941 -7,020773502
1,269640229 -11,36635593
2,996379272 -9,951188266
-8,170326551 11,98754889
8,48458475 -7,255381128
-8,785821527 14,05003287
3,827424744 -11,66205538
-9,327284081 6,949268396
-5,895905494 14,82374123
0,709630382 -5,567469289
-9,150307161 13,27642128
0,418106092 -7,374259697
3,553593102 -8,987537011
2,096858968 -13,25424588
-12,73287933 12,75403583
-6,714359386 14,5236456
-8,915955048 11,71221595
4,982187948 -7,699323626
2,947248959 -9,395323278
5,595129104 -6,314253031
-12,07157741 10,32027496
-9,558474122 9,34882396
2,918130787 -10,11018441
-10,74622374 10,52497683
2,842407584 -10,12211256
-8,509043015 5,216582645
-7,103858867 11,52499277
-9,239829335 5,96382905
-8,186271243 14,11893633
2,895256453 -7,921292784
-8,803492206 5,803621855
2,395436867 -12,07149521
3,178570545 -8,235686821
6,868133881 -6,934593256
0,935240173 -7,448829752
5,761169596 -8,835700849
-9,732455292 9,484036783
2,632971507 -10,06775667
-10,02323617 10,49720859
1,455603823 -7,138539973
-9,549676836 9,445726798
2,172562811 -6,530948451
-9,416066579 11,85603934
-12,61456752 10,2660333
-11,37634344 11,14485676
-0,235309472 -4,541962329
3,296288429 -8,921273832
5,396348523 -6,549728647
3,366033393 -12,25833687
3,430489616 -8,450850121
-11,1612986 10,65011946
-11,65071037 12,16660926
-9,024602671 7,006908877
2,608021148 -6,384679545
3,306951092 -8,148034358
1,979370153 -11,58317264
2,474892966 -7,267752069
-14,82827699 11,6405152
2,046107997 -11,79523341
-6,956253582 11,62766589
3,81657749 -8,080321299
-8,696107581 5,418287339
-8,894376588 6,351332878
6,828598542 -8,55354012
3,686874106 -12,13507567
3,984492807 -10,63065466
-15,51422533 12,22684285
-7,319471538 11,74691365
-0,295881494 -5,299095919
-9,713594722 7,05020357
-9,657537639 6,881325183
2,516081505 -7,388634007
0,06910142 -4,416195124
4,643648014 -8,174976243
2,460939913 -5,702193564
3,037556123 -8,91889768
3,04557278 -9,741808433
7,022014321 -7,159836048
-10,47264248 7,287994047
-14,94332334 11,95291551
-7,309680511 13,56164301
0,456430558 -4,627943181
7,560238633 -7,157467836
1,616943118 -7,089957087
-9,569155191 10,92029933
5,350472663 -6,487076172
2,512189749 -12,27777795
-14,01525344 11,63885243
-9,41421584 11,11841016
-8,146799676 11,98744268
4,203519466 -11,38802714
7,260409692 -8,556019898
-12,85836948 10,18530362
-10,27196118 10,65520881
7,300394286 -8,200507795
7,363575945 -8,447959777
4,751856487 -8,334385191
3,471789662 -8,710672283
3,521728886 -10,53384694
3,252408792 -8,171926396
-14,64904975 12,42153417
-10,76573073 7,651632848
-9,224966457 6,075392273
-14,83685015 12,36115112
-9,205240669 9,856344275
3,367346525 -8,940986505
2,625464723 -12,87199074
-9,801420446 10,82707881
2,314132144 -6,336842937
0,515987972 -6,099056877
4,507743873 -7,589867446
-0,649727992 -4,242958117
-6,943696465 13,5413434
6,879946013 -6,361255203
2,045858482 -9,977003642
7,334720061 -8,182343029
-14,93201425 12,01424786
6,505933183 -6,135947556
-10,13823938 10,03131608
-7,436047906 13,57550186
3,406064739 -8,46839784
-10,09937835 6,870621977
5,109817183 -7,972529826
-10,04179756 6,757308998
-9,844645177 9,474671501
3,104495001 -9,594938936
1,750158645 -10,28141687
6,836867535 -8,661360014
5,710832745 -6,050714323
4,550026798 -7,785120196
-10,66385126 7,901549611
-6,93063761 14,39660403
3,698186911 -9,32150505
8,462121869 -6,885623858
-9,383783702 10,1782065
-11,59537809 11,04891696
-11,79347856 11,9817791
2,443777748 -7,531088627
2,657068635 -7,323841883
7,241048488 -8,495667827
-7,727600917 8,206373234
2,234452227 -6,310068118
-9,750743499 10,52618244
-9,083119889 8,951876613
2,505328543 -10,21681793
-9,823890424 11,10787619
1,471883899 -7,236448567
6,178272683 -6,167273226
-13,41267198 10,24598134
1,803907796 -5,061490639
-9,585937536 11,40746304
-12,78912987 12,68040125
6,755360801 -6,691190085
-11,53745008 12,33387339
2,446996989 -7,458012341
2,005160307 -6,99709721
-0,62145583 -4,307354138
-8,708230597 12,06921014
-9,63039193 9,298210491
6,665604583 -6,271453605
7,876725829 -7,330749003
7,560957665 -7,206316942
0,896340612 -7,385394178
6,893069144 -8,89337712
2,159573741 -7,278704315
-13,34496128 12,10041288
7,433929826 -7,371333796
-12,2555174 12,9788932
4,917839581 -8,026458189
1,494741068 -11,74379187
1,282382143 -5,395312219
-8,91998851 5,711278628
-10,85887829 10,59465657
0,348600465 -6,839556862
0,191693351 -4,479506137
2,399470992 -12,68754838
-0,152260179 -5,240209126
-15,33293955 12,1421979
3,950417585 -8,118586218
5,207859198 -7,473163183
-8,719097787 6,798792155
-9,091239718 12,63289001
-7,473892696 11,62121401
8,378643626 -6,908995423
4,655495892 -7,917701127
-13,63896931 11,03472038
-0,438108536 -5,050557424
-7,484428491 11,6111463
-7,173565801 13,27688665
-14,39762798 12,33446911
-8,844468651 12,3931098
5,373479694 -7,245384851
3,354946238 -8,4256461
-11,05711589 11,22656149
-12,36964954 13,07350222
-13,15021571 12,8207869
0,061499441 -6,290370127
7,174469616 -7,300152506
-7,230614433 13,48147204
-10,49832286 7,852599778
-12,79740478 9,993760439
2,544868534 -5,811834421
2,363929112 -11,99549972
0,267589411 -6,775534575
-8,012009425 8,523866692
-6,625396492 12,80879685
3,380048716 -8,723476136
-14,87962038 11,873926
-7,99013227 8,5818936
3,640883544 -8,065679595
1,43526493 -4,997701802
-10,6083546 8,291922681
1,308486524 -5,322851716
2,615563958 -5,787835114
1,490049442 -11,09305023
1,6537107 -10,08631382
-13,85366791 11,76711289
3,030788079 -9,703241635
-13,57461209 10,48775489
-7,569369195 11,4036719
1,518448391 -11,09440624
-7,917166628 11,73784303
2,526776981 -13,15213351
-10,12829825 10,93295419
-6,762512559 12,32423237
-12,43586046 10,08347707
2,334025668 -12,48085967
-0,389170245 -4,562476161
-11,59823054 12,0464621
-8,801070783 7,181557533
-8,914253102 6,352910066
2,617786806 -12,73975577
-8,990500519 11,78966032
0,192443279 -6,096888331
7,853442834 -7,366143615
1,233247615 -5,084804333
-12,07550323 10,24785895
4,681469873 -8,185975823
-10,5165479 8,593230546
0,526310603 -5,767497512
2,602712445 -12,71547059
3,332265338 -9,573765529
-0,263583601 -4,647219232
3,614275096 -12,1137525
-7,196102839 13,49210373
-6,835466491 14,00269926
4,63849241 -8,14847693
-10,09206892 10,81098604
2,9920831 -9,946384055
2,84814006 -9,86736446
4,734647417 -7,889517374
4,577355917 -8,502985382
-8,625682774 7,329113655
-9,3559724 10,03153792
1,453912872 -11,30698987
-6,846843872 13,64687054
2,931560471 -8,82751109
3,385565433 -8,280912983
-8,790021884 11,39534518
3,41769329 -10,5828806
-6,66621327 14,59071964
3,312664495 -8,846524308
-8,963000515 11,66516342
1,421118374 -4,893388726
4,998744262 -6,766555002
-13,40061582 12,069815
-9,138652235 7,061971352
6,234374331 -6,390819498
-8,284912788 9,075296295
3,585848965 -8,988047398
-9,775373997 6,81514704
-6,52005441 12,46838635
3,342956952 -8,04960476
-13,65559335 11,79174901
7,376784249 -7,07373404
1,840668806 -12,59683599
-9,429681229 9,631814347
3,194261379 -9,870295555
-8,623148403 5,64320682
-8,229485798 8,779479315
3,651095015 -12,11989814
-7,881817552 7,759331198
-13,3725487 10,48748904
-9,761695106 10,24149935
3,04232805 -7,853858651
-11,74277507 11,25563843
-8,687904139 6,751055891
-7,033881336 14,18109237
-9,725034786 8,823764819
-10,44372208 7,95726712
5,170064976 -6,659828515
-7,953865582 7,840622753
2,543425873 -5,240900962
5,769396366 -8,83263315
-8,553759199 12,08031433
0,201465772 -6,687741781
-8,805787001 6,432177822
0,38304599 -6,813681576
3,710670226 -10,37313883
3,037203008 -10,17492004
-6,821632747 14,56456066
7,111403549 -7,972461878
3,994838227 -11,21200931
3,132907772 -8,005446297
-9,855303929 11,09788525
-8,398631072 14,04343872
5,775394701 -8,823393428
2,444284712 -7,589823676
2,740821979 -6,002933678
-7,869201121 8,066351809
2,720039311 -5,776744073
0,330083026 -6,847145582
-9,648523303 9,37983527
-13,34782414 10,45238818
-9,612456497 11,17164604
2,511196418 -5,718285764
1,378928102 -5,184479632
2,778344101 -6,235237316
-8,597020823 12,07649662
3,282923793 -8,146104733
-9,184848279 12,76747538
3,953997962 -8,203690336
-7,160604734 13,38954867
-9,635573391 11,82058591
-6,922645106 13,557033
5,604554028 -8,694525787
1,205626653 -11,01693158
1,721795701 -10,30262898
-8,821781042 11,73053158
1,498228261 -10,53133673
1,637038329 -10,06902498
5,501168716 -8,569744776
2,397821811 -12,04996733
-12,07161861 12,77469114
-0,030978779 -6,479789585
-8,4605932 12,02499221
-9,075728108 11,69821077
1,381698226 -11,55159666
2,198402694 -6,515758121
-10,13650983 10,79649482
6,759846386 -6,185197922
-12,73700664 10,2445723
7,312127944 -7,294859185
3,138660081 -8,901489738
-8,361372211 6,302919361
5,55119588 -8,445804488
-10,74067292 7,657123016
-14,32154464 12,11638227
2,772321899 -7,969121
-13,63456397 11,05296092
-9,696041951 10,46849235
-13,68572966 11,62068566
1,341823181 -11,27924194
5,109352653 -7,825982504
3,463833266 -8,262867009
-9,553110616 11,19214521
-7,782632791 13,87922469
-10,72141755 10,54371985
-7,535076825 11,40322148
0,422614575 -7,379356131
1,685263863 -10,25672299
-13,72502445 10,42535066
5,683757509 -8,305867391
-8,875510136 13,97605013
4,027124847 -11,75537608
-9,88589047 10,85713025
-12,32572364 13,10097808
8,405628007 -7,40258451
1,740684449 -12,92919151
-0,053332608 -4,590581492
3,43043868 -9,055237906
1,54412296 -4,800393181
5,706383421 -5,997548311
-10,12530582 9,880017666
-0,202042565 -5,27948864
-11,78769778 11,66908685
0,46997119 -5,899708974
-6,61446221 13,75705943
5,108219571 -6,654013874
3,292030916 -8,707713085
-14,12594136 11,84076036
3,840293896 -8,320301298
-9,716032826 10,39524439
3,643353556 -8,243091758
-7,802022321 8,586837958
1,582634769 -10,45721131
5,446070471 -6,580978043
2,417934162 -12,16409492
-11,83388883 11,99340092
-7,618452176 13,66267269
7,173214895 -8,633775764
-8,291002805 8,976789637
5,202791038 -6,646648891
-13,40612937 12,40832436
-9,67135603 8,787394798
3,835087544 -10,45584988
-6,760980784 12,33640815
-15,0527058 12,14360483
0,059653952 -5,21760617
8,17990269 -7,570878684
-11,88455917 11,01069615
-6,190762095 14,19163686
-6,299304647 14,50790614
1,584097574 -11,73601995
5,538703677 -8,136596158
5,266748783 -7,823705603
8,609612233 -6,945044411
5,262507411 -7,679863376
-9,505987931 7,121952106
1,39654345 -7,522852727
-8,647339593 12,2899957
-7,081566128 11,51492751
-8,481410243 9,148061204
-8,671103821 11,79531422
4,819399229 -7,893912905
-9,28836434 6,944552751
6,182240591 -8,708361934
1,004503235 -7,654166489
3,052697445 -7,714963621
4,43499543 -8,567881437
-8,389943298 14,05628752
3,280184677 -10,39217065
-8,104036403 7,33649559
1,952067079 -13,43067239
0,345549858 -4,926163739
7,930695331 -6,508367136
-9,037975782 11,66237387
2,652842922 -5,427221531
-8,49150561 5,926494081
-11,20512355 11,11698412
1,602251581 -10,13333386
1,697952538 -12,74296873
5,703449323 -8,897625598
7,330382464 -7,124237717
2,317152549 -12,41147862
7,212083298 -7,604689721
-8,155108963 14,20288431
0,22345822 -6,994312904
7,937518946 -7,509227456
-15,08925288 12,10248041
-9,472913768 8,915250609
5,626067401 -8,224649041
3,123080697 -10,25484548
-8,633986136 7,311667313
8,935290897 -6,866362653
-10,09913071 6,87033659
3,741508628 -11,94360236
-14,37356735 11,5715308
2,246214838 -10,07359131
-9,54840629 11,4012829
6,638651316 -6,235555817
-8,056262532 7,344243
7,828566335 -7,374786326
-13,77308676 11,8327464
4,140097049 -11,3527792
-14,93943955 12,06510773
5,307643158 -7,079835823
5,181183827 -7,107684021
1,637865755 -11,79519174
2,07881386 -13,42346959
-7,157639463 11,68604927
-10,12504054 10,90937342
1,04684831 -5,335937123
-11,74629145 11,47450121
0,236518509 -7,248853992
7,131391411 -7,464106737
7,803789452 -6,930143087
5,397510646 -7,157650391
-10,48846371 11,19229313
0,621482767 -5,251223788
-8,57637419 5,615701188
7,510126629 -7,067806347
3,890027248 -11,66655152
-9,886039158 10,76873461
1,969956371 -7,007255191
8,920308184 -6,885002763
2,697610512 -5,996752782
-9,544416021 10,19058844
-7,195745014 13,42229444
-7,665959887 8,260381034
2,351249459 -10,26897242
2,610902597 -7,295165585
-9,235623212 5,965831935
3,493031466 -8,694887975
-6,042639896 14,72096017
-5,996394764 14,6994714
1,734264966 -10,28119441
-10,30179976 7,336320979
-8,576379268 12,10120935
-0,008340158 -4,581934176
4,304945924 -8,488763802
-13,84725515 10,79453108
3,234939119 -7,906247998
8,044782824 -6,533071713
2,513072506 -12,02028409
-11,81674662 11,69642527
5,384629515 -7,376870495
-15,49363223 12,25128506
-6,621215514 12,74132646
0,955827555 -7,394404846
0,702976395 -5,57472184
5,563357851 -8,130614738
-9,305272984 12,83332873
3,13402988 -7,976367894
-15,1649051 11,99456182
-7,895645709 11,41435517
-0,376715908 -5,141556579
0,205067157 -7,40599419
-9,053548441 13,76057134
-8,495661309 5,391419241
-13,6997049 11,04204405
1,160709312 -7,653475459
3,17201708 -7,451563044
5,588873498 -8,098388081
5,591237637 -6,475708499
2,154863008 -13,6624533
-13,71481992 10,43160219
-11,59939512 12,04114376
-10,480088 10,93096423
-13,90234509 11,73602626
-9,002058742 13,98186501
-10,17564299 10,74729714
-8,918273083 6,994840227
-6,731143622 11,63779251
5,558066971 -6,295602584
0,408892049 -6,166447018
-14,20890975 11,83720762
1,77756299 -12,94416473
-9,813204826 10,31133042
-6,231755056 14,67813004
2,530793719 -5,256483165
-8,197297302 6,153820947
-11,7734086 11,21681053
3,384787074 -12,26728453
2,246381095 -6,457581791
-9,005884529 11,76667624
-8,195738398 11,90624207
3,713204031 -11,69375372
-9,195856254 5,916478385
6,857554033 -6,260329661
1,876691202 -4,970592018
2,242222722 -12,50809393
-9,65928359 10,82285324
-9,0235277 8,771881075
3,868737213 -8,270714377
-12,96539157 12,72417551
2,259728985 -11,88910262
3,189784314 -8,646851205
2,693006743 -10,11108062
-6,590815309 13,85711132
-7,005893413 14,27462187
4,619959778 -8,401235175
-6,69840435 12,33007389
5,245972392 -7,09055019
5,980586958 -8,933909708
-14,97600414 11,7979201
2,343504162 -5,04258338
-9,507429457 11,1826548
-11,37417137 11,25891542
-9,110200085 6,116566589
3,565865404 -12,22083628
-9,860775851 8,550903406
2,85470751 -9,783605
-7,676662169 8,078738994
-10,15193859 10,78724231
3,454753686 -8,388504691
-0,504601885 -4,335758089
-14,75958058 12,24188241
5,318387502 -7,127947478
2,385554667 -13,31014887
-8,961099301 11,54525593
-10,77954781 7,57563453
2,288135697 -12,63051876
6,718861457 -6,224370666
3,188991984 -12,00377017
-9,792068464 10,2911796
-9,482504565 7,113573513
7,322699952 -7,268772089
-9,052587152 13,2581648
1,860634843 -4,882624471
-6,820332691 12,10667943
-8,556470638 12,05452067
-11,91686268 11,82494419
7,411678708 -8,384153492
0,41215803 -5,492730476
-14,48030939 11,53856101
6,878245438 -6,299776973
-8,781406348 11,39981886
-6,770731678 11,601138
-14,97929143 11,67101621
5,354277988 -8,035760843
-10,32562376 10,97585829
-10,63380219 8,23395124
2,721170332 -7,294830773
-6,870700876 13,78233324
7,120328589 -8,033700883
-9,127651146 6,108630863
2,904228777 -11,92041453
-8,098947117 7,359980845
5,930910538 -6,059056048
5,924709398 -8,967178834
-12,4775074 12,99382602
-13,28932169 12,84506734
-8,409188204 11,93387674
-9,677918394 6,98185871
-8,705342725 11,91336317
-8,43315669 13,91295489
-9,887010902 10,53323134
-10,16459806 10,78252056
1,987571595 -13,66494943
5,667565541 -8,420538667
3,099651239 -7,895882419
0,629660298 -5,56637462
6,838048589 -6,663220616
-15,28308063 11,99079565
7,250583137 -8,553557959
7,629326146 -7,198829368
-0,345668346 -4,53788537
4,910113688 -7,748189862
-0,367743716 -4,853593429
-0,050119999 -6,473824042
-10,56359277 11,05370772
-8,07644369 14,23953276
-6,898589107 13,86830314
-8,377260989 7,41293373
2,861757623 -9,468547697
0,064370045 -5,305789025
2,077870977 -13,43282991
7,860354516 -7,254071187
2,407199219 -12,70766575
-7,547351046 11,39195475
-8,918531406 11,69431657
2,547174636 -5,516085507
3,035166219 -7,684204015
3,625085441 -9,234891582
-8,939830621 6,308937043
0,254630038 -5,123481961
3,591854081 -9,200865148
0,062749866 -4,406277901
2,205085948 -10,12927945
3,260857313 -8,163156709
3,118236109 -12,11162398
6,916128301 -6,466234199
5,778333147 -8,817763352
-13,67292339 10,40160952
1,642024404 -4,876186136
-0,581228345 -4,342790684
1,857181477 -5,111867376
2,263868409 -10,18848619
-6,708780656 11,82869101
6,721181315 -6,799256493
-6,182951212 14,50987648
8,53602205 -6,890913253
-9,308139438 12,81131376
3,360943195 -8,038654886
-13,12647714 9,888887241
1,982339013 -13,83032268
-8,725466591 11,7450035
7,156541575 -7,313900935
-6,729078292 11,66066517
-11,89876186 11,0553262
-9,930171955 10,78604928
-9,72695443 11,54310683
0,627535981 -5,715795021
-11,23740753 11,06965788
-12,13123196 10,87767061
2,846355621 -8,989268123
1,493579078 -11,13179339
2,024024365 -13,45613165
-7,971311221 11,91952412
5,235500295 -7,396897727
-9,166851001 13,62819181
-9,897550828 10,31245878
-9,648192614 9,371029544
-0,005620302 -4,60528371
-9,737161443 11,44811707
4,147308181 -8,487273247
0,553149044 -7,525021059
7,839195765 -6,71813393
-9,989271459 10,79966353
-8,347644714 13,9577382
1,182875953 -5,397236914
-11,64272648 11,96023203
-8,92603068 13,33696659
-15,25824391 12,31439698
-14,19962249 11,93785909
5,991130589 -8,801409647
-9,861157954 11,05579596
2,943028286 -9,395123871
-8,276477948 11,87206632
-0,216106454 -5,273344453
6,830989015 -6,905696024
-8,774885575 5,797046041
-12,19736764 10,71437564
-0,491366308 -4,355548343
3,083978158 -8,945651622
-9,831470054 10,19797147
-9,659803388 11,06938277
0,924475514 -7,46350487
1,491171637 -11,10710058
-11,76566827 11,19012928
-0,532828956 -4,38064042
-8,771960852 7,166064491
3,633054112 -12,1032392
0,317383097 -4,460159073
3,369890613 -12,16388411
6,769885487 -8,729397434
7,201849367 -7,701044639
3,952805318 -7,775826983
3,650401367 -9,136826225
3,014039006 -7,188495645
8,707941857 -7,049281851
-6,951209055 14,31806565
0,724502022 -5,560372073
2,782580475 -5,818993764
-9,501088413 9,566098443
-9,511275423 11,19043767
7,765402846 -6,985149784
2,761540338 -5,941906215
1,807149602 -12,72889432
8,619198838 -6,992191893
0,679769798 -5,466039551
1,348440612 -7,569112607
-8,960470813 6,812032602
1,534279007 -7,402755753
-8,832528328 7,081606775
1,628396009 -11,8075919
3,076942759 -10,27741439
1,43975827 -11,26311554
3,317448611 -10,352274
2,315563542 -6,34524852
-10,16243691 9,937443237
8,986615149 -6,786040947
2,356393281 -10,25766919
0,201299446 -7,359554213
-9,071254485 11,08502453
4,39527237 -7,634978229
0,066449901 -6,503512788
-8,208634993 8,547646759
0,473602743 -4,739707876
-7,055966544 12,87134895
3,537813557 -8,215468669
8,46123542 -7,345498338
-9,223748417 13,0598559
4,142853467 -8,450465852
1,470312486 -7,532700966
-9,102842548 11,0200136
2,895068163 -7,940728425
2,73680003 -9,306221224
-8,656784347 12,15489325
1,3964734 -5,205694776
4,850419703 -7,879943653
-12,64256556 12,84613318
7,379288305 -7,084123757
-8,013599311 11,92964636
-14,80251792 11,65045298
3,653555895 -8,34756982
-13,42840759 12,58757947
-9,636288695 10,13663362
-0,646035733 -4,255205481
-9,263405501 6,94683848
-8,774303763 6,417065208
1,297671096 -4,984365191
3,602822017 -9,004063045
3,968566915 -7,748490153
-9,238616175 10,95538078
2,80850373 -9,00422275
2,453043744 -12,0747391
-13,3303197 12,62632585
2,736469405 -9,296830763
2,285267687 -12,41848859
-6,838899742 12,04521413
2,226541191 -6,757239545
2,088608529 -7,031930727
6,824359785 -8,542389927
0,23067773 -4,536784547
-9,712195387 11,60071742
3,23835459 -7,9078276
-10,17204496 8,704202573
-0,260691805 -4,830170205
1,465209189 -10,46934423
2,746209316 -7,156718551
-11,5918967 11,24349339
-0,002355128 -6,282601353
4,594924134 -8,429756851
-11,76825354 11,66337273
-13,66991334 11,72214855
1,25492608 -5,038927397
0,195515314 -4,51623493
4,950904283 -7,696931995
3,060264421 -9,525728962
-8,942018625 6,813914738
3,301755012 -8,718320483
-0,617645842 -4,226815785
4,37220246 -8,515682627
-9,243313133 8,829983808
-9,181381193 7,025881258
-10,5973819 8,218233442
3,562277862 -10,45692993
-9,41234874 7,124078689
8,213912211 -7,589390111
-8,876265497 6,871635391
2,977917758 -10,09513783
-6,997548225 13,24815456
2,445082846 -7,051527161
-13,36317047 12,81386013
3,898272113 -8,192746625
4,567147517 -8,381222967
4,996840605 -8,030415566
1,291582998 -11,46537922
-6,914796336 11,646924
0,527153911 -5,190939076
4,092251825 -11,57904791
4,079187187 -7,944133778
3,364765156 -10,48926638
8,242187448 -6,838003707
-9,254664488 13,06306632
-6,513507505 12,43525631
4,595629279 -7,660832838
5,067764065 -6,653942527
-9,573862881 10,95784842
2,457536749 -5,47776577
6,815280448 -8,758900986
-13,26962433 12,38964839
3,273161212 -9,493432619
4,14875455 -8,440605822
0,273520477 -5,223506021
2,77615962 -5,930891057
-7,96021054 11,51351728
-15,41253612 12,2761669
3,687803747 -11,8250438
6,844661051 -6,962094608
-10,03063024 8,5176376
-12,11667319 12,54983351
-13,87978519 10,59097546
-12,14218159 12,92819957
8,768795299 -7,007749306
2,031339831 -13,36127791
-9,633100359 9,476862306
2,644736236 -5,757500886
2,597012833 -5,494761287
3,97681371 -8,111270849
7,688372022 -7,199727787
2,461086458 -12,42534957
-0,388269856 -4,557675696
3,147824458 -12,17348608
5,407554887 -7,925344374
2,092443334 -7,061821692
6,981672388 -7,925846622
4,828946454 -7,973507437
-8,898087786 12,72843066
4,686746505 -8,107617002
-0,271975615 -4,417227711
-10,76636458 7,485533533
0,944828794 -7,630361318
2,327628754 -12,41961798
3,029931031 -8,888419679
2,386533516 -6,317386209
-11,92328897 11,80887254
-15,09576023 12,20613875
2,543533431 -12,05156537
3,893166449 -11,64437783
2,944026689 -9,947567699
7,470240174 -7,050325016
-6,462904493 12,68843213
2,733625183 -9,016009099
-6,506155834 14,55027741
2,94378832 -9,726426765
-13,07284567 9,917487573
-11,64098475 12,182493
0,285124601 -5,25106274
-8,756540559 12,27471077
4,072811885 -7,681120562
-7,869475934 7,455553513
7,878022994 -7,322302827
0,179801635 -5,171791256
2,501306763 -12,39982914
2,087600831 -9,934671127
2,300471569 -7,022359746
-14,32036204 12,11545138
-8,040866911 8,551443149
-11,1984653 10,64691182
2,500091789 -12,3868708
-14,05545306 11,938108
-13,29771991 10,07300522
-9,692873273 9,258099212
2,902576253 -10,06912444
-12,80567088 10,1489615
4,711451636 -8,061596245
-9,519044292 9,067618219
2,098255936 -6,949556877
2,232470594 -12,55399521
3,050818496 -11,86997089
7,14325252 -8,060151061
2,330223896 -11,98339089
3,2719265 -8,920997076
-12,65231031 10,25994833
-8,417375294 5,590582919
2,239531768 -13,25557183
-11,87549366 10,98941482
5,188329047 -6,602721049
-8,29146148 7,278251481
-6,398089902 14,44892573
6,718210303 -8,94179024
-10,62463606 7,387371372
-8,852873093 7,042092702
-7,085322435 13,55288968
-7,815585942 14,07022743
1,914887656 -13,43227691
0,719113782 -7,366893217
-12,3795865 10,09377064
5,309280633 -6,476250213
0,835276509 -7,277816023
7,84543281 -7,352634421
-9,759730948 8,806771997
-10,711965 7,834714982
-9,248845795 11,7162102
0,438321693 -4,947882679
3,369326694 -8,934915546
2,023219551 -13,79433654
1,782211655 -10,003486
3,359799269 -10,56352749
-9,812741786 10,8510283
5,358645196 -7,16514275
1,329177991 -11,64604381
1,607203143 -10,17331813
-9,343369822 10,0953928
-7,849652632 7,410199866
7,349545431 -8,038474898
-0,529888988 -4,584349142
2,517023604 -5,286871782
2,213053282 -7,08623752
2,266692162 -6,43581919
-9,46633513 11,76650914
0,326353555 -5,374882088
-8,844262162 11,16169108
2,811686217 -9,015953626
-6,420819042 13,67846879
3,299323291 -10,28172471
3,309259186 -10,37169443
0,253939395 -6,992990778
-6,909671687 11,63417779
4,059296107 -8,098598011
-14,04845564 11,9452033
-8,624083877 7,113082237
3,649788588 -11,83856666
2,265812373 -12,63050039
-9,012120285 13,435311
2,588168809 -12,92480975
-7,968668828 8,630214154
3,303892895 -8,882670729
3,187108489 -9,905568577
7,731292174 -7,0500052
-10,86936629 11,4485173
6,003632788 -8,83803655
-13,39874326 10,48999414
0,38788281 -5,269208714
-6,236499865 14,2787979
5,077546203 -7,016410571
-11,02338107 10,45039048
-10,61897328 7,91373578
-9,920031282 10,31425679
-9,737377086 11,57648817
2,767223259 -9,227939757
5,592964315 -8,650163806
1,351127495 -10,9776674
5,189087336 -6,534542887
4,485611226 -8,584386647
-8,695671516 6,759818418
6,148600709 -8,751538158
2,397590869 -12,44567682
1,867417912 -13,47791758
0,488039671 -5,206368748
4,22563254 -11,57217445
4,167736964 -11,34226318
1,927818403 -5,136908654
2,125555228 -11,93564079
0,01189994 -6,652133433
-0,369402959 -5,270870057
-10,57542922 11,35882611
2,35996959 -7,257506928
-9,201140697 10,00398075
6,815919274 -6,675205829
-8,675148116 11,97069484
3,434001396 -8,260552529
2,528223255 -13,19342482
4,015375799 -11,76505184
0,107584501 -6,212443689
-11,96864005 11,09404457
8,670908305 -6,711293691
6,437111031 -9,070680668
5,561351317 -6,168943743
-6,32904549 14,40896199
0,290009637 -4,485361094
1,246765672 -5,041552342
-8,226493939 8,725213718
2,657090044 -11,99155959
1,668437331 -12,78069167
1,60961778 -10,47383752
3,58430297 -9,201236758
-8,925172555 6,863618609
-7,101327221 13,63892165
5,076383862 -7,004845186
2,300402868 -11,94739966
-10,463736 8,186593596
-9,027987838 6,64323189
-7,72890928 13,66191899
3,028910874 -7,811571487
2,216337462 -10,18021249
1,991829865 -13,74126807
2,751196182 -9,22879511
-8,277502584 14,18697499
-12,80850985 9,970005717
8,28533438 -7,440988271
-7,947196369 14,06296543
2,050790702 -6,954156513
-7,376742573 13,5421724
-6,265088342 14,17381104
2,472716935 -5,531215979
3,055310557 -8,933313771
1,500638004 -11,09232687
0,222733042 -7,438484886
-9,799593317 9,537985369
0,337894144 -6,83108927
-8,823129572 8,794354062
3,03260001 -8,104440812
3,046638781 -9,577956965
8,068159313 -6,566021024
2,461688709 -5,522129831
2,55497439 -12,02713866
-10,42905862 10,92170676
7,680024034 -7,108349886
2,349528285 -12,18208345
-8,398406359 11,93087423
2,670569521 -13,14130188
-8,393261379 5,408031244
4,000037422 -7,716557765
1,962491436 -13,82094951
-10,64844496 11,44255017
5,82658791 -5,936916504
-13,88740339 10,95417992
7,6500788 -7,109267258
-7,978532928 11,9154752
-8,950216335 6,590144282
8,382453054 -7,189392607
5,359228889 -8,078165916
0,265770854 -6,123042302
-10,41000914 8,181997132
-12,98808542 10,00460533
-6,713955909 12,33547893
0,305877965 -5,249461469
4,008434923 -7,722613163
-8,583467468 12,11123049
0,404805152 -7,377457083
1,156201881 -7,679632187
0,548132444 -6,185289655
-7,803500338 8,004590788
-0,576049315 -4,492134599
-8,439637528 5,220901975
-7,780610196 7,674272128
5,711609485 -6,073762493
3,516069684 -8,615244983
-8,799811183 11,37245328
3,578487826 -9,443988116
-8,778040693 12,62500783
3,319114242 -7,95752381
7,710872726 -7,090320648
3,215381488 -10,20121916
1,53470474 -7,124200235
3,683527245 -9,265153971
-11,87427586 11,11816096
9,015886561 -6,796209454
-12,68029417 12,88696614
3,413533036 -8,292194256
3,171056713 -12,2147842
5,536841123 -6,173675198
2,657412329 -6,36453679
-14,27440019 11,92695305
-13,66610466 10,41750573
3,684973362 -12,12638237
-6,661030775 11,91237681
-11,22014517 10,96514698
3,905337721 -8,205063886
-7,813247218 7,546941614
1,554966443 -11,69375999
-13,94821088 11,99398449
5,695012681 -6,015055563
-7,979381496 11,8103782
-9,050201076 5,755122519
2,079760409 -11,88825084
4,21408902 -7,503080796
2,388997688 -12,22901678
-11,48092659 11,33637704
4,224882183 -11,37688588
1,776596204 -11,6328969
3,772500956 -10,43967302
-9,738115436 11,14118894
-10,02361885 10,05576133
2,156646062 -11,94496415
3,135084295 -7,431832474
-12,75540635 12,6598014
-13,44306934 12,10974365
-9,702119986 9,168521749
-9,039102046 5,84321449
6,420144771 -6,263064995
4,603031261 -7,694043554
-13,35356714 10,47400671
3,394422775 -8,95101051
5,3328823 -7,128240797
-9,601591181 11,15150906
-14,84307965 12,20103283
2,444907972 -12,75333715
-8,790741109 6,824873996
-7,502853625 11,62507379
-6,403100531 13,70685863
-6,849731028 12,80186617
2,455449089 -6,274669051
-8,34191431 6,388668874
-8,515387894 9,052028992
-6,848485866 11,59727616
-7,77713328 8,552053345
2,756894925 -5,8135283
1,900419167 -5,132387649
-7,167421834 11,63307648
0,45735801 -5,799321372
2,592934525 -13,16041355
7,511756693 -7,05321953
2,000882894 -13,73918588
3,216528316 -9,553594165
7,724682126 -6,717988454
-8,871355446 8,738396253
-8,067388247 7,364011475
-8,545430194 5,669158701
2,407609803 -12,18504348
-8,321640802 13,9712711
-9,310112457 13,14560208
4,071183023 -8,254263846
2,781881664 -10,11914048
6,053358396 -8,782856463
1,296075697 -5,289478009
0,648189599 -7,442881779
1,966843555 -12,54189571
5,024326531 -8,076662621
3,09269947 -7,663197709
-6,296890052 14,38356293
0,955020306 -5,31589241
3,718682201 -10,35764908
-12,27868305 13,09582577
2,839549056 -8,979127592
-14,75988328 12,23083437
-13,69377151 11,51479815
-8,889153751 13,91558933
8,760815589 -6,740204611
-12,51314565 13,00177129
-9,726715557 11,42853678
-9,952874625 10,60857909
-6,532115916 12,45148738
-10,08774257 6,80150008
-8,845307177 6,835673327
2,223648592 -6,526459652
-6,296152374 13,75308795
2,2309107 -12,20829721
3,429145878 -8,443342596
-10,37177831 7,392201064
-7,094402653 13,55730175
-0,003939701 -4,570333412
1,574326317 -11,69923312
-9,09003139 13,93241883
1,668419489 -10,36912107
-6,160251278 13,90759604
-8,83154195 6,604283955
3,002689789 -7,964182775
-8,98937218 13,49040597
3,425789354 -8,268897453
5,815198878 -8,901276056
0,501859217 -5,771642134
-10,12148481 10,9095642
8,500715998 -6,877749831
8,286634089 -7,420700124
6,331546176 -8,867559794
-13,70644911 11,75092927
0,160369081 -6,727744226
-7,035008881 13,57225691
-14,44538282 11,77138864
-8,688611118 5,511984658
2,293434438 -6,719812028
-8,773610155 6,482673926
7,66936578 -6,782226885
-6,962821013 14,47035944
3,162103242 -9,792696053
4,170293264 -8,295664229
1,353996742 -7,660843175
-9,86602904 11,029786
-0,012197686 -5,363654749
-6,512031802 14,5794219
-6,738951088 11,61770541
-7,958516375 8,639324976
2,485092724 -8,035693738
6,94175995 -8,558168875
-12,23276622 13,00297656
-8,593730968 5,344519327
6,6458462 -9,157534137
2,223919263 -7,304228752
8,411750901 -6,986858362
4,359319435 -8,439452868
2,537052002 -5,792565774
-13,47593331 12,13172167
5,382113624 -7,34354157
-10,41337808 8,047820132
10,85387489 2,583847589
-14,88201335 11,85994711
-7,991709284 14,22267525
-7,166898942 13,72046788
-9,913868067 8,439048993
8,432083404 -6,987714823
8,586805448 -6,877118896
-12,15802336 12,64055804
5,205697708 -6,652908184
2,293252741 -10,24664793
3,996367896 -7,883986271
-8,421651582 7,424502324
-8,597517697 9,058591612
-0,385911545 -5,170889356
4,596160801 -7,82411346
7,172925669 -7,385901413
2,926622557 -7,170858924
6,22705233 -6,375634132
-8,782865555 12,72511584
0,449652323 -4,619308651
-12,86450592 9,968765029
0,383147658 -7,42041818
-6,677312405 13,84718037
3,019982651 -10,1815509
3,746444984 -11,69263361
-11,3676542 11,14918052
-7,812297104 7,564505667
2,348561168 -12,20252182
3,500294234 -8,205725431
6,905071088 -6,937836874
-12,86163739 9,972657612
-9,244806437 10,93841005
-9,66886235 11,77723822
1,666761443 -12,77346214
2,553125543 -5,071021608
-9,002170388 11,61440845
3,723848801 -8,041588165
-11,92420639 10,87405956
-7,939147767 8,630323388
-14,0630561 11,9361105
2,395907323 -7,350742203
0,304109415 -4,907035221
7,077935702 -7,717789938
7,5879719 -7,149950302
4,083727485 -10,74694708
2,912394149 -9,916412771
1,452334293 -7,321409756
8,761290873 -6,74257027
6,664239237 -9,137875753
-11,72583847 11,602519
4,067010519 -10,76810319
7,018405657 -6,926430635
-0,299560719 -4,310256163
4,152525798 -7,641462606
3,423692402 -10,58837849
-9,356258753 10,04660963
-8,613156804 5,782173049
2,906500445 -10,05129764
-7,85001125 8,656093749
-11,63119534 12,13121174
-8,538793295 6,491931099
2,649874318 -12,83857012
-8,496112614 7,480812434
5,590596164 -6,485060392
4,288039382 -7,518988777
5,484403682 -8,561262275
-9,815111207 11,11971901
2,195047689 -13,61961469
2,112162169 -13,30784173
-10,22853234 8,667677759
-14,45998134 12,52195457
-6,190154369 14,74500121
-10,02100945 10,51835781
1,826099117 -9,91644327
2,162605119 -6,960244623
3,287404418 -8,473915327
-8,982434752 6,965917868
-9,171084651 13,6535064
2,706649481 -13,0517515
3,353900662 -8,81918853
1,803631944 -11,71945241
-6,928901778 14,31970234
-12,28467201 10,20929383
-12,29819604 13,09620924
-13,54932298 11,10317665
-11,94709367 11,07302509
7,292134526 -8,01784959
-14,39063533 12,45906775
3,556167175 -8,328723979
-8,82478359 11,42586455
4,597295051 -7,827963993
-11,42202902 11,04353531
1,439795022 -11,31765548
3,12888688 -7,437881212
-9,969173797 10,30967078
0,87713613 -5,372178272
4,046999469 -8,13639886
2,922519664 -10,14544891
-6,664443691 11,98238714
6,01780052 -6,005702792
2,307108425 -12,44146355
0,682098796 -5,50815189
-13,33294743 10,35045273
2,339072224 -5,014953739
-8,371762626 14,01789041
3,397207845 -8,181722673
-8,881214177 6,384053973
-8,16155244 11,98935726
1,238953693 -10,53466681
3,685085183 -11,7561242
-6,497080558 14,56023523
-12,76246174 10,20847611
5,688777502 -8,233293408
-0,36348379 -4,525099377
1,790573088 -13,17730132
4,018626143 -8,15151254
-9,546989514 9,358459648
7,699537554 -6,751641779
4,161498993 -8,493493153
-10,12224298 10,77049597
3,01616284 -9,655404803
2,990197515 -10,0785078
7,250371152 -8,46695656
-14,34497851 12,33568326
-9,237830735 9,643348317
3,428626095 -9,61688021
-12,20177852 10,6476396
-9,661445514 7,060037421
3,31306353 -9,539876342
4,679053841 -8,033417694
3,301313024 -8,151922645
-0,448358934 -4,909523997
-7,603963419 8,364747178
-9,173433607 9,911996653
8,288855263 -7,528263376
6,824439885 -8,54023907
-7,424431435 11,46481458
2,335158313 -6,998601878
4,055666951 -11,75396841
-13,4632863 10,47622497
-14,28703178 12,05914396
-11,78272479 11,68435904
6,150961921 -6,093132172
6,416985683 -6,227678277
2,012174004 -9,999876781
0,243262199 -6,737943389
1,345575586 -4,953839338
5,288800543 -7,795530003
-9,890249702 6,859875963
2,369790374 -10,26624215
-9,054091941 13,53530734
8,266283701 -6,823584567
-10,30166594 8,632795373
2,405424862 -7,241827368
-8,224375388 8,713015947
1,61540531 -10,15229383
2,924525319 -7,261843568
2,189143028 -12,33552778
6,803674836 -6,428297422
7,983887896 -7,524045767
-14,73525752 12,45167451
-10,63640485 7,343459768
3,570275193 -12,1304751
1,581597339 -7,11282907
-9,855812144 10,34065525
4,065549782 -10,83845846
4,230596516 -11,57215627
1,206749629 -10,81501773
-8,510028603 7,460528855
-6,722848909 12,05191292
3,645809635 -9,10440876
-11,69312506 12,45281166
3,74611955 -11,96794332
3,56659367 -12,12997518
-10,61833139 7,468641877
7,994772699 -7,529435737
-7,742795237 11,33170735
-0,324639369 -5,06660622
2,625013207 -12,95213304
8,641777881 -7,035479911
-8,169107928 8,669727792
-12,47841423 10,0954697
-10,99097788 11,46960038
3,679390045 -9,404466734
-11,00594835 10,45625041
5,546102551 -8,443337985
8,784365181 -7,029362424
2,447048425 -6,276482312
2,223666578 -7,077553103
0,307245009 -5,075250355
-7,880698362 11,43644904
-8,960782521 6,886536038
-11,94302722 12,43802298
3,174904551 -7,948108198
2,458459594 -7,156572912
-13,28468774 10,31163888
0,230046238 -6,677842068
2,336108276 -13,27428638
5,57519352 -6,438284842
-5,999325469 14,6916656
-11,53241731 12,33034115
-10,20613274 7,22568154
2,065610475 -11,89468591
-6,178696718 13,73425756
-10,1022841 8,538824362
0,678238819 -5,578441042
5,809015681 -8,945732414
-11,26443024 10,75592649
-6,179012832 14,52457723
-14,42319015 11,74573662
3,350173272 -8,167313878
2,58202432 -8,037956674
-9,510552484 10,20021554
0,914734899 -5,367953358
2,453965217 -12,46104352
3,597572911 -8,271072943
-0,024948478 -4,482778915
-7,473103526 13,71124717
-8,449356325 7,431210741
2,526099366 -13,13847677
5,193257681 -7,110944848
0,19328533 -7,005159544
8,616345588 -6,7297203
2,919062594 -11,90871073
8,168480744 -6,575667537
5,401624248 -8,157939248
-9,862425558 10,63352986
-9,611278406 11,0053307
2,303519099 -11,89997707
0,230320378 -5,148373865
0,32122167 -5,060679275
-15,38605852 12,16701744
3,320566112 -8,120263557
3,887498728 -11,06539352
-12,14069778 10,38146547
-6,235914342 13,74721374
0,314102672 -7,454823929
-10,07706181 9,607258216
-8,535419242 5,270238944
0,582439547 -5,970985397
2,484474756 -12,2483142
3,022574941 -8,842868909
-10,39135272 10,83852163
-8,443093809 5,602539648
-6,237977909 14,27566706
-8,60507267 7,129290749
-9,763677188 10,86611976
8,634996549 -7,031790234
2,56376601 -7,34184276
5,815981861 -8,934227668
-12,0211373 10,49161716
2,449764717 -7,350483626
-7,924357982 14,16630492
-9,126171263 13,89041636
-9,853530468 10,54181023
-8,59960178 5,805809485
-0,399301947 -5,052098056
3,938324211 -10,86980459
2,173243184 -7,119552388
3,580264859 -8,288208991
0,704547382 -7,337405215
2,805567713 -7,135082197
-11,64474775 11,23492266
-8,373833361 12,02980411
1,857508917 -7,139262524
4,426945759 -7,59023521
-10,31936376 8,555833977
2,29961568 -12,594742
1,356398725 -10,40396887
2,198684189 -7,019125122
6,812924358 -8,688893234
5,381481443 -6,546145106
3,295771823 -8,129985838
-7,768704467 8,451125711
-6,186013422 14,51342373
6,774576976 -6,721362619
-6,84576931 12,16653938
-8,017314293 14,25035037
-8,80392548 5,847746734
6,264301072 -8,977404164
6,812793897 -6,871704168
2,305348388 -10,24397532
2,649873934 -7,299505064
3,829013745 -8,203283525
6,871034647 -8,788077055
6,836072317 -8,555170027
2,149185009 -6,813804085
6,15851097 -6,058919575
-6,869493757 14,56052611
-8,267560784 6,027758053
2,103021743 -7,054294108
3,266429969 -8,765076207
-8,199309858 8,569012415
-14,01332389 11,6548376
-9,225289963 5,927035479
-8,530625415 5,319783589
3,131274199 -8,001418996
-15,36015595 12,20809452
-11,85440932 12,56231013
-8,818655189 12,44705352
-13,45688472 12,56846061
-9,608140126 11,06837302
3,676846145 -8,049077875
-9,405381143 9,289266364
-13,67194984 11,79814211
-13,874114 10,78913793
2,793538841 -7,954677198
-7,234660046 11,69909742
-8,422348519 6,487210645
-11,07389641 11,26682324
-9,095855034 6,337658332
-8,206524935 8,701065893
2,338511574 -11,97700598
-9,552077451 11,06644623
4,052313093 -7,964127337
-8,310763078 7,385168718
-14,09089027 11,86058649
4,04358319 -8,102813723
-6,063597 14,09183089
3,854202002 -10,46111256
-7,064324728 13,01297527
3,27498886 -8,189067382
3,123473578 -9,948641222
7,161585552 -7,344136399
-9,569507041 7,181148442
-8,740114096 12,50236354
-6,44222402 14,45050973
2,455172648 -12,7419459
1,584540848 -11,74452744
-7,102191767 13,60278272
-13,74584223 10,61070234
2,517624542 -12,31246719
2,228893939 -10,11826394
2,048736154 -13,45234648
-10,44786701 7,962124784
-13,76601157 10,54810685
2,101347755 -13,45782745
2,992517799 -9,973738209
0,515453985 -6,188101868
-9,034031434 8,782920258
5,506499033 -6,525939504
7,833666692 -7,392138193
3,214712108 -11,99510728
0,621398124 -5,223619522
-9,969557226 10,78160057
-11,81347899 12,57809048
-8,298525356 6,321391563
-13,70786079 11,01512599
2,655924932 -6,224563956
3,686422274 -11,79686789
-0,144030991 -5,311446292
-9,805275435 6,832699725
-9,803798196 10,92296738
1,252864049 -10,48480072
6,447620185 -6,315531132
-11,71195963 12,51512673
0,572497326 -5,385976073
3,237213435 -8,677454746
-12,02759727 10,42693511
6,88435598 -6,330389814
-12,80156724 10,2155441
-15,0873787 12,24447894
4,024182647 -8,03200831
-10,57697821 10,91212669
0,018505879 -6,560392488
-8,191114583 14,12547896
8,286015755 -7,445382321
-0,374332585 -5,152871763
-10,22886091 6,927452042
-8,99010744 13,54898933
-0,287743614 -4,740399856
-6,292799609 14,49298232
1,721625805 -13,0073421
1,846140081 -12,63281794
8,29264141 -7,507597836
-8,20957984 8,784076435
-10,10535907 10,80999403
-10,27583033 7,07955897
-8,687585435 14,03327837
-9,275276288 10,03416091
-11,54233089 12,25369868
7,353443694 -8,235175342
-13,66706526 11,30491303
3,858824716 -11,65239788
0,354034849 -5,31828553
-8,239207623 5,963131666
2,744212652 -9,430267601
0,329185454 -7,019767406
2,324399565 -6,60632229
3,62224533 -9,040824072
1,640234208 -11,78332541
-15,12356436 12,11195731
-10,48040883 8,418845032
3,143160275 -7,968387251
-8,807858857 6,62419559
0,618511872 -5,336845715
-0,277341867 -4,334498295
1,729209048 -10,0559695
8,078779889 -6,598198348
2,114460367 -12,6167876
-11,84358002 11,44499433
3,526316318 -8,330984881
7,928107144 -7,509831625
0,067385428 -5,276566602
-0,432744533 -5,030865281
-10,63817413 10,6119685
-9,161766257 11,72299146
-8,965745226 6,586097846
-7,140346713 13,80269684
-7,585592143 8,365231787
0,563105674 -7,517357917
-8,888899996 12,02894167
-9,331298156 12,86001362
2,145623908 -7,267560352
-9,900780365 10,55058916
-14,90953048 11,84109925
1,721455735 -13,10546972
2,381869902 -7,268038326
3,156366629 -9,555024286
-9,814512173 6,823900999
-13,04766533 9,939518188
6,758840443 -6,665957368
2,861156683 -11,97047012
1,136503342 -10,8826582
-13,80664008 11,04545483
3,120839313 -7,387994765
1,720767486 -7,17770374
3,594785286 -12,201612
3,394198573 -8,346897495
2,494964894 -6,38320196
-12,07331696 12,8820093
-9,698501215 11,10359581
7,013618819 -8,505256643
3,404834006 -12,25640307
-8,95007384 6,883504232
-0,454317974 -4,310130552
-8,362344192 6,437939762
0,125500205 -5,196985813
-8,175598872 6,207074664
2,650063495 -8,08239764
2,170035213 -4,991118882
1,825437289 -9,889532959
-10,2545405 10,98999596
7,591624951 -7,298329443
-13,87015359 10,59477556
7,301728201 -7,230415762
5,702636406 -6,08139574
-9,183784199 8,965559213
-6,517699982 14,43369231
4,190516098 -7,536703881
5,02853417 -8,062253425
5,311177984 -7,59421912
4,877394291 -7,90733874
-12,17732286 12,68664704
2,228446757 -6,325883094
2,442786625 -5,036390439
0,008800467 -5,343303079
-11,65843154 12,15578476
0,900123191 -7,512693597
-0,53854695 -4,584282754
0,33877763 -4,994481749
-12,60880027 12,81695409
1,087826945 -5,337993283
-6,003530504 14,667323
8,534787061 -6,976929191
7,180769363 -8,615015667
7,157681807 -7,339941169
3,23324874 -10,464784
-0,443027312 -4,980907147
3,455264809 -8,386928976
-0,093058632 -6,35398128
3,15760343 -10,23542765
2,942737656 -8,819464863
-0,278392011 -5,316550729
-9,210333336 11,72498753
0,343264446 -5,337286335
0,776965759 -7,33151078
7,822493157 -6,698653256
3,382120062 -10,59446559
2,740932532 -12,0855695
3,111246378 -11,9788165
-7,957566671 11,77135709
0,824731641 -7,269592413
-8,056250916 8,55271916
-12,69196353 12,77663473
2,709531755 -13,02995088
1,537960012 -7,461088765
3,196504767 -9,888580154
-13,64632406 11,02651346
4,041936422 -8,137511612
-9,349227335 13,01096279
3,640336955 -8,096039359
2,43444653 -7,177157734
7,164970888 -7,720210833
1,853491225 -13,18865666
-6,927502304 13,78574759
2,812784969 -8,906533947
3,327164705 -7,96989758
-7,598678738 8,411348351
-11,70523617 12,37588981
-8,389598415 14,1177624
7,547594768 -7,36326329
-7,881476209 7,338585463
-8,615638017 5,576876783
5,061785749 -6,995940245
2,68089571 -6,320158771
1,81996574 -11,63374261
2,354498019 -12,54131831
0,456486125 -5,875757688
2,393969988 -5,099223975
-13,60392645 11,32036765
-11,67233751 11,95294757
2,872343726 -9,747923194
0,453761218 -5,832550098
-7,938910671 7,313867797
1,64167357 -4,918864312
5,675698389 -8,459524876
-14,22926985 12,18958932
-9,517899143 11,12178878
4,194547807 -11,16258227
-6,250398397 14,31201519
-10,76855203 11,52710429
2,481525383 -12,25730979
-10,78981738 7,624230399
3,12534611 -7,993236644
3,262205475 -8,765577846
5,468495973 -8,519115725
6,895967986 -8,824221215
-9,322909252 11,0839501
-8,718514655 5,766503121
0,302972729 -6,114336213
0,310330944 -6,955843388
8,361036698 -7,191160296
2,564500943 -7,968489634
5,689906384 -6,123929645
-6,946067114 14,46291587
0,120925909 -5,180615718
-0,206374459 -4,644298295
-11,47843033 10,99308129
5,100079698 -7,806171402
4,146108268 -8,268758756
5,106942595 -7,850122654
7,570042555 -7,189978843
7,682016744 -6,829350926
2,619461798 -11,97464276
5,688161515 -8,439437505
-14,98386612 11,77829323
-10,63427489 7,386197399
4,574318348 -7,823491201
2,051252938 -13,47084333
3,046805547 -9,745387095
-9,294230079 9,782692106
3,011789041 -9,750519304
-8,63897293 13,90708349
3,279998514 -8,697347724
-8,066289162 11,62892446
3,89995879 -11,08168474
7,223819546 -7,666324719
5,577246171 -8,639568721
2,174567811 -12,60077655
3,909006625 -10,89959835
-12,31778319 13,09746343
8,364613328 -7,129797545
-13,55802419 10,49369349
-10,43354316 8,109388185
3,396295228 -8,490731479
-12,06219211 10,90778417
6,381889314 -9,081711034
2,325984358 -13,27347841
2,335349592 -7,919451696
-10,41840436 10,91436954
-10,48837018 11,22407907
-10,60204613 10,79476603
2,222412675 -4,974568573
-8,368108288 11,8725006
1,166664005 -7,690648237
-0,281807987 -4,776476416
3,151416406 -7,267326583
2,859882367 -9,474071648
1,643248223 -10,36891921
2,48581489 -10,14123279
7,567971396 -7,232137577
-9,246884215 11,85082068
3,946037758 -8,104163171
2,06603285 -13,27990174
2,973135456 -11,91315669
3,166625432 -9,807585203
8,627208237 -7,007632465
2,713279759 -6,214326529
-12,66226304 12,79360053
2,384604666 -7,276977019
6,157045034 -6,11637992
-7,12937948 13,49718499
2,243479914 -12,62572269
-13,87678886 11,80568936
-8,019067438 7,936384463
2,621247241 -6,393139437
1,821464867 -5,080856171
-10,60153188 11,34560935
6,938592623 -6,596230384
5,032690062 -6,699690721
2,833691381 -12,05576296
-6,790061561 12,92890019
6,406067596 -9,097742695
7,357962862 -7,252538034
2,665892243 -8,08849882
5,411851585 -7,972392212
-10,06520669 6,787492688
-7,966121251 7,730232664
1,455282623 -10,43022382
-8,010130675 11,71008659
-0,191738949 -4,664316212
5,37670514 -7,243208426
5,632265751 -6,546080604
-10,10516924 9,845917305
8,253473277 -6,791366837
2,660498721 -7,317860288
0,629780121 -5,687862692
3,061746277 -8,131488187
7,865866605 -6,582436354
-14,37644853 12,40305007
2,971806231 -10,17410421
2,761999853 -9,270995815
6,283572444 -6,34564737
6,727973886 -6,855009059
-9,866354945 8,542152014
-8,935650856 8,81491504
3,833980523 -10,46010062
4,559467115 -8,412111557
2,206395776 -13,63116908
-11,71860275 11,56542198
-10,84533533 11,4904678
-15,38138998 12,24619772
-6,879776696 12,82148857
-14,03769347 11,65227615
3,799326138 -11,71763761
-10,41655838 8,026830672
4,076001226 -7,960416476
2,890147565 -8,829800851
8,308593082 -6,709872159
-10,6972772 7,445685672
-13,69437128 11,73594901
-9,022048857 11,73539852
-11,21564996 11,07168928
-8,774437489 12,6282182
3,481414254 -12,28647257
-11,0864173 11,28510772
0,198585436 -6,109683924
-10,82866581 11,50887917
2,57426133 -10,08759773
-6,984835471 13,53181433
1,656229543 -12,82326437
-13,87883845 10,90576099
1,710692236 -13,03387058
-13,3931323 12,74949177
3,354048996 -9,612168175
-9,132850599 7,051785755
2,121560568 -5,061790453
3,999029439 -11,21494169
-8,024055299 7,294840887
5,22642369 -6,513449853
-8,96860366 6,285801847
-9,585023275 10,88865713
-0,062314586 -6,424283626
-8,449059636 13,9113701
0,518919957 -5,469851121
-0,3847261 -4,861157663
2,61314173 -5,310129449
-9,956969536 10,60083879
6,014097682 -8,861470417
-8,766850992 14,04300903
-8,781210369 6,552838565
-8,886473756 11,26329322
8,843361999 -6,814894147
3,355838938 -8,493213399
2,831293616 -9,820919638
-6,847826957 14,03885717
-10,05793111 9,549521839
-14,40240383 11,70619498
-10,43502779 10,9325806
-7,879210733 13,84738936
0,068607762 -4,421590742
-7,218880844 13,51306278
2,536904502 -7,377384303
-13,6145954 11,31356701
2,829687308 -6,057441885
3,262330028 -12,22975179
4,163759181 -11,15022202
-10,109254 9,589652075
0,587895852 -7,507087985
0,285910312 -6,774506599
-0,019390702 -5,37689739
-10,61593305 8,273030574
-6,705029064 12,02559742
5,481749505 -8,202960344
1,961222579 -11,56267951
4,684511675 -8,204141165
3,649521061 -9,444690505
-8,807863679 11,27695648
-10,4841696 8,38199894
-12,7377379 10,24422217
8,062230913 -7,459421773
-12,23862252 10,17692487
-14,79737169 12,43294905
-6,894237205 14,35709036
-9,443251598 11,81685921
3,385327188 -9,590758836
6,592076686 -6,160658235
4,05475863 -11,15282511
2,130884078 -5,081645964
-6,543076735 12,35557972
-5,971675173 14,50451262
3,544145133 -9,433188626
-15,29742373 12,02297156
-11,51221613 12,32134418
7,854027546 -6,597119153
5,195618642 -6,534291971
0,464698362 -5,503082847
-10,13069968 8,666479627
-13,24111597 9,958504943
-7,180871185 13,59473053
-9,033913427 6,710686032
-9,186977374 12,70856899
2,422526155 -5,706821367
3,167283675 -8,556223718
-9,93993181 10,0164141
-8,608137116 12,06418535
-14,3145069 12,07463814
-8,273572581 6,099820816
-7,931140449 7,509200881
-9,552644488 9,375607752
3,051403553 -9,738304502
-12,12361919 12,92421858
-0,530033355 -4,348632516
-8,853490426 12,69816887
0,640734335 -5,345337843
-0,340159276 -4,554419639
-8,747752833 11,97011474
-9,409883477 11,89700067
-13,39185632 10,48045888
4,959422152 -7,711431514
7,777857693 -6,904445014
-12,47537055 12,97446184
3,006268366 -11,89250151
2,634454217 -12,73578579
5,377058828 -7,254075523
-9,028663041 6,720345448
8,958019766 -6,848403171
-13,36982773 10,26696077
-9,76962374 8,588740928
6,1920939 -8,715702033
-9,305945978 9,584407949
3,322102683 -8,077921971
-9,23594093 11,85505176
-13,36310935 10,07100615
-8,930024372 5,72045351
3,645790424 -8,301926507
6,625565251 -6,212343809
4,096202447 -10,81176766
7,127755443 -7,514927417
-10,44456015 8,129871856
-7,912022162 14,07113867
-13,9136721 10,6209929
1,053288209 -7,64563148
1,209768557 -10,57558557
2,659544197 -12,01207705
-10,21167265 8,686640533
0,400870276 -4,926374607
-8,922439842 13,97719556
-6,005215295 14,73813484
7,373864905 -7,240754071
-6,70592812 11,74828216
7,512353031 -7,392044872
5,038843931 -6,822017596
-7,842867502 13,62672955
3,32564382 -8,71939187
-9,162338351 13,58960384
7,151595135 -7,282353022
1,893578548 -13,7469936
-9,576621071 8,822284736
7,040911843 -7,157494082
7,929149274 -6,511079636
-6,886469906 13,89621726
1,345682302 -11,49593511
6,902438536 -8,88289908
1,842785844 -13,5653114
2,862423415 -12,04415995
-11,7496733 11,9392036
1,988809236 -13,67387016
1,308024626 -5,40201161
3,145951977 -7,381217055
6,739977956 -9,057879114
5,876284441 -5,962204199
-10,16698897 9,908763514
1,819159788 -4,883190386
3,414681935 -10,58429734
-12,02667522 10,41037629
-6,940016518 11,60330718
2,719710531 -10,19501968
-8,980242115 11,94816997
0,535899923 -6,091524268
5,923846029 -6,006814182
2,348549643 -7,564537268
-9,10408295 6,105838481
2,251130253 -7,067023156
-7,873921604 11,43643556
-8,665979059 13,99399354
2,465766511 -5,632767286
2,415176057 -7,242260479
-10,62778208 8,247119347
1,363642013 -7,637380831
2,673973888 -6,210337528
3,571150587 -10,54006453
-6,135597218 14,18015413
-9,825495783 10,11763323
2,695648095 -10,14492448
7,35078673 -7,201604287
2,110862082 -5,168587883
7,871423746 -7,260494478
3,164902755 -7,95530981
-10,61891492 10,80129264
4,292818622 -8,473452232
0,795816273 -5,475375415
-10,5817298 7,302730631
-7,824603969 7,716096874
-6,519084802 12,56709518
4,075511064 -11,60358636
2,996325991 -11,89309314
5,505931502 -8,479062321
-6,554956595 13,69631953
1,419438229 -7,546369653
0,303815529 -6,784144281
-11,10516099 11,41596795
4,529627251 -8,558818663
-10,67031938 10,5458625
2,526244367 -8,00339725
-6,245975711 14,67342701
5,096259646 -7,902511751
7,960352946 -6,526306512
3,10182201 -9,997677236
1,867362792 -6,991170671
-0,533315423 -4,398918551
-6,129137662 14,76039395
8,463409083 -7,229522009
6,425003467 -6,281797771
2,436367584 -8,034218518
0,901407633 -7,530242236
-8,768652303 6,462477663
-7,762266003 11,33389741
2,726348258 -9,221684059
8,082765333 -7,514129552
-8,963440171 13,3371863
1,46697961 -4,822658674
-11,47017113 10,9877723
2,397188477 -12,75089739
4,673270879 -7,946635506
4,20726379 -11,18229459
2,288891582 -7,691166497
5,518516403 -8,45444818
3,319387 -9,498872778
-0,364562979 -5,283425539
-11,53052567 12,3053088
7,127487433 -7,241504787
-8,472857361 13,81804542
-9,372369709 12,91510949
6,876879906 -6,964773774
-15,16624367 12,33091753
1,202984713 -7,692351924
-6,810857723 12,14528713
-10,38284476 10,83983963
2,438203191 -12,08854802
5,304867648 -7,875246807
2,983018888 -7,21724219
3,185741531 -8,530681264
2,999859508 -10,09460518
2,51829994 -6,386416652
-8,963110049 6,294875206
2,377457145 -12,65428317
2,672954247 -12,96666746
-14,10227466 11,72436714
-8,811949734 11,26782988
0,042786839 -6,703018307
2,784529136 -12,1016891
-8,036665091 11,67594314
1,566273936 -11,67225487
1,637233017 -4,929538407
-13,5158889 11,11259229
5,411351788 -7,943303834
-14,67148512 11,48278382
-7,079795526 11,51495096
-7,081053283 13,63382833
1,311489276 -5,345187451
-9,180149852 12,82227882
-10,50801527 11,16246523
0,41048124 -7,387786021
1,525988947 -10,48691857
-9,22713513 10,94359161
-7,10418613 11,51780103
-6,986389522 12,862167
6,097760073 -8,790431121
0,472071943 -5,508911226
1,364646158 -11,7206317
6,833185343 -6,923600611
2,32631629 -12,44215779
-9,095284804 13,72983566
4,287176385 -8,499312958
4,752603704 -7,879885934
0,113270877 -6,213970089
-0,209369418 -4,607736168
-11,54914429 12,22025447
-14,91809244 11,93565968
3,299495972 -8,184950273
-13,22548291 10,02127651
8,318617767 -6,670805871
5,326827775 -7,598855409
3,220481351 -9,551142165
-6,755141944 11,82836469
0,731893274 -5,554572541
1,142176325 -10,87751678
3,976937568 -11,13822397
-8,827350435 6,445265154
0,371108215 -5,475311689
-6,766743422 13,90775038
-7,649001523 11,48353822
-7,824803112 14,04644607
6,783638066 -6,644957174
0,466754993 -5,190725795
-10,52427833 8,38269986
-10,28995836 7,036250146
3,619434173 -8,267379304
1,248833982 -10,49887587
2,426331584 -12,23857333
-8,392163714 12,01005589
8,073179383 -6,656167742
6,824086372 -8,607340109
2,690421143 -9,040875415
-13,28669408 12,17107934
7,711407263 -7,179587299
-9,081966102 11,0555465
3,064857715 -10,20774975
2,485602158 -5,708938756
0,971324894 -5,303471373
-9,636754189 11,13123499
7,356955785 -8,084176828
-13,28746749 12,3470437
-7,70968883 8,190406415
-7,70366515 11,36927819
-13,35843607 10,38902307
1,329083758 -11,60940621
3,231091571 -8,505751552
3,244073207 -8,819351629
-12,66451816 12,97953575
-9,743644686 10,8636467
-13,17350245 12,76861338
-0,27422302 -4,532107151
7,322921626 -7,233608243
1,326772976 -7,511832401
1,336897121 -7,578863912
2,396298542 -7,830253497
-13,2930507 10,08333623
-15,30490825 12,25006632
-8,59035932 9,091028703
-9,013785599 8,841235647
-9,023013997 8,89477741
2,115132799 -6,894846032
5,257185749 -7,819642683
-8,165501197 8,960457199
1,485782561 -7,114589549
0,899612927 -5,451762833
1,964083641 -13,15210737
1,089147367 -10,73126031
2,365100301 -7,799360226
-7,083463965 13,84573048
-6,99520749 13,53381828
6,989727662 -6,912887154
-9,111831487 13,88267611
7,123808462 -7,474096688
-10,80984333 7,58037197
2,810425891 -7,90445561
0,623841023 -5,7767452
3,528024457 -8,61683667
3,996498978 -11,2212003
7,481057545 -7,072209588
3,220869042 -8,186889423
7,296040684 -8,002705182
2,165134099 -7,075988008
3,004934477 -9,965492653
-14,82907642 12,44206869
-9,216254572 8,909636814
1,857859462 -13,56223458
2,858650974 -11,9769467
0,622160924 -5,646672281
-13,38857617 12,80784186
2,873264469 -12,02761694
-12,72685238 12,77876525
2,711664766 -10,11604425
4,709301208 -8,366562831
2,36263628 -13,3140922
-8,560319364 6,435883547
-9,094176628 12,63453073
3,552272799 -8,318665673
-7,563478661 13,71629069
3,448237155 -8,41780604
-13,54594848 10,55609464
5,200335973 -7,471756135
1,143001327 -10,88081734
-8,403832044 5,565176269
-10,02241495 10,06947891
7,111671304 -7,724862375
-9,811178876 8,731054421
3,196012445 -8,895320176
2,265145684 -12,5882529
4,050181127 -8,12751985
0,164309936 -7,195644955
3,183218982 -12,01830858
-6,194860864 14,5594558
7,770336414 -7,142698778
1,920395252 -7,005299169
2,351994123 -6,339598072
1,193842377 -10,78528132
-13,43658604 10,15647894
-5,956889364 14,53190116
-10,19281066 7,357731839
2,383451794 -7,237892771
-6,116533954 14,4740731
1,150968894 -10,5471255
-8,525964945 5,336525523
7,228384408 -8,453884691
-9,502240391 7,142153093
-6,843194194 14,07388694
-14,80890467 12,41439723
2,311975215 -13,2057994
-8,866074791 11,78612425
-6,594595827 13,85925184
-6,832597778 12,16868092
-8,827512197 6,603810667
5,25877307 -7,38849879
-6,877081532 13,7262798
6,807938745 -8,738116843
1,868991756 -7,006136663
-14,29361964 11,93404765
2,389722815 -12,70066487
2,553770255 -5,244206993
3,915941987 -8,125284041
2,266700024 -6,735811717
-10,55838671 11,35528768
1,935654362 -9,882765104
-9,655678168 11,06808789
-9,419874165 9,009092557
2,159724585 -9,945544158
2,174541916 -9,949394784
7,758904253 -7,090331301
-9,130513581 12,65475999
1,297705624 -11,34807884
-7,631527051 8,429417652
-9,55461631 11,23562954
-8,252646176 9,006449274
-9,278462456 8,866140174
-7,936673897 14,09780762
3,112392336 -9,977139256
1,811226456 -11,60541041
-6,081582476 14,45530279
-10,52349842 7,283799428
6,728983876 -8,966671685
-14,64081482 12,41848363
4,061834448 -8,16498108
4,07061056 -11,12556001
4,000492276 -10,60326545
1,909539435 -13,14961807
2,073512677 -13,2328781
-10,35556402 7,387309893
1,860843783 -4,933116195
-6,243493107 14,66343659
2,281631938 -7,720142066
4,0783349 -8,205661261
8,354014938 -7,400036718
8,771119009 -6,757627292
2,358551007 -8,009403519
8,825112249 -6,954614214
0,115792493 -4,430223463
0,217507612 -4,543959249
-14,11019996 11,75431108
2,528103429 -10,096509
0,293140465 -7,470689147
3,050093998 -9,745409277
-14,59529447 11,58997376
-6,668862186 12,00501133
3,174077724 -7,663768803
-0,285489614 -4,315346478
6,971317368 -7,92238254
-13,29148696 12,25022759
2,573818563 -8,004488576
1,947546395 -11,60482038
2,969305854 -7,854546878
2,529466327 -12,348249
-8,268338029 5,880671582
2,095538108 -6,896201536
-7,921994145 7,996014166
3,457532453 -8,272616216
2,535775331 -13,26618526
-11,68847214 11,16006878
2,504062207 -7,32788711
1,817123058 -7,199925836
-9,10688501 11,00334299
7,240842359 -8,570119675
8,288202583 -7,387035879
5,566564209 -6,326275157
-12,95611997 12,74490289
4,759331664 -8,23869496
2,160526946 -7,25238534
-9,370137296 9,213106231
-8,084249815 11,89729799
6,328399028 -6,295582651
-8,283726256 11,87766457
-10,5687202 10,89928562
-11,61796548 11,05273881
-9,886267754 9,430560267
1,279511408 -11,03728477
6,326514521 -8,875048895
2,650093453 -12,02003571
1,434535737 -4,987412023
-11,23013174 11,07892473
-10,25570362 10,66397414
-10,68901733 10,77676125
-8,835666596 6,625894319
-8,977745364 11,61132001
-8,425931582 5,25962199
1,430218323 -4,962971058
-8,663467234 11,80434977
3,868035346 -10,4209607
6,948053062 -6,552656657
3,836042105 -8,198380624
2,794513127 -7,133793186
-6,800105869 13,96755204
-7,427777289 11,55077746
-12,5084582 10,1362099
1,754906495 -12,72202343
3,757816304 -8,383400546
-8,045537137 11,69244075
-12,27044409 10,18758748
3,243293605 -8,897451036
2,554478675 -7,375821741
8,306217202 -6,69692455
4,558859652 -8,496226148
3,048409477 -8,07754035
-8,985011252 11,45361373
-8,45185539 5,31395084
-12,14315479 10,85263102
4,227871094 -11,26813079
3,190433399 -10,22683526
-9,746282049 10,56087217
3,924683429 -10,41556014
-6,29893885 14,43768053
3,571354363 -10,46546993
2,227643158 -11,90468777
3,540141032 -8,641266706
3,233224893 -10,45698881
-8,133800331 7,261218982
-11,79589632 11,34085513
7,287012578 -7,317897932
5,184920525 -7,762534722
3,163003033 -7,941556433
-0,502526539 -4,353252828
3,120463504 -8,226666132
7,218702711 -7,585557055
-14,2600963 12,02317725
3,891836177 -11,01513555
-9,417088526 9,123931171
-9,536356921 9,44057985
2,575829508 -5,159265444
-0,250740615 -4,54457045
-13,27434158 12,34337967
-6,492550079 14,52724949
-13,53431855 11,89438792
-9,169065709 9,968748789
2,91964114 -7,232783865
2,553432898 -10,06787146
3,504257572 -9,430233172
-7,968625061 7,770275957
-6,808843359 12,92330956
7,873608203 -6,669324963
-11,30809876 11,06869532
-10,55530172 10,97253537
4,670074938 -7,957500852
3,672453085 -8,354905611
-7,983721262 7,85508932
2,200837802 -6,545380262
8,379185322 -6,958283007
-9,074531972 13,98423944
-7,135380489 13,80392057
4,36700153 -8,503763071
-13,74584531 10,61617226
3,144888086 -9,772997237
2,568027542 -12,71175874
-8,705266174 5,776927533
-0,64029301 -4,258961713
-6,859278548 13,61937797
-14,2010968 12,28031235
0,576104437 -7,519615414
0,133063083 -7,12360957
7,043023698 -7,84600787
3,116562124 -7,659654187
7,83378761 -6,705180864
5,542684117 -6,195094292
6,517553207 -9,104065131
-9,236844701 10,03035545
3,92175964 -11,07759815
3,921784546 -10,96895003
-11,69537734 11,27746843
-11,80307806 11,29977461
2,055446642 -12,64224752
-8,516260187 5,362007564
3,217996736 -7,493040269
-8,615921074 5,631978554
7,550801223 -7,168115143
-10,03579239 10,41683153
-8,63887103 12,15538157
2,566936169 -7,977293592
-10,2179361 9,764473389
3,252416993 -10,44786146
2,906707209 -7,90620979
-12,84974991 10,16051325
5,427849508 -8,153033742
-9,573426407 11,32683269
-11,06458658 10,50882763
-6,724330905 13,85706625
2,309598366 -7,323764889
7,336363771 -7,10759493
-11,4267283 11,06455806
0,449496191 -4,911179226
-8,255840376 6,024193336
-6,079106572 14,0469088
-6,158572172 13,94811476
4,081530984 -8,256020255
8,094696127 -6,637875217
3,517969053 -9,45205517
-10,70661884 7,885699557
7,249704133 -8,419225649
-9,793529487 8,806284665
-8,978320963 11,89946653
-14,8585101 11,90006202
-8,236409128 5,966773248
5,92206424 -6,053527534
-9,84661156 10,26245275
-9,429389654 10,20821237
0,006689703 -6,493037364
-9,364220652 9,209487097
7,567369509 -7,193998946
0,096501973 -6,74401714
-6,780772635 13,90418046
8,36065661 -6,906038728
-8,490516981 5,862594532
7,228486604 -7,5456112
6,807127125 -6,197979305
-13,30318449 12,39373109
2,6534606 -12,81052875
-9,96089479 10,00581784
6,990395425 -7,909648697
1,072539868 -5,338583198
-11,9029001 11,78142655
8,815001074 -6,915254416
5,130296586 -7,801261244
-6,922112841 14,10318427
7,754310836 -7,007045734
-8,339790024 9,132774739
-9,305498723 11,14202374
1,105873847 -5,406409701
-9,015515669 11,02701777
0,618920538 -5,543227802
-7,440558626 11,45264626
2,891728442 -7,927569899
-0,335061476 -4,590532881
-12,52093031 10,25675132
1,495878729 -4,80090113
6,212236213 -6,305206129
7,260549055 -8,000345613
-11,82509361 12,01652179
8,610973854 -6,729788733
-8,645300791 5,75203004
0,445765855 -4,524846878
5,618936569 -8,425445518
5,195716402 -7,885470207
5,621621592 -6,121330307
-8,312180479 7,350193893
1,16607881 -10,78870168
1,387858301 -10,99993822
3,479334103 -8,991519082
7,640450872 -7,206296418
3,061564448 -11,87017775
1,786246088 -10,04184319
-11,60461198 11,19348415
1,436475942 -4,850267477
1,838179304 -13,19632599
1,842335953 -13,52077129
-8,280547616 11,8550986
-12,06840922 10,29211698
-11,32598824 11,06643265
7,432446717 -8,341174007
2,350174175 -12,09915768
-14,78600156 11,50902338
-6,886736199 14,56691361
-10,96065169 11,47304255
5,388983797 -7,935617054
-6,462433381 12,5710764
2,98408175 -7,87523565
-9,813750159 10,146165
4,089623016 -11,55363945
4,2780608 -7,531645116
-9,958229618 10,66059085
2,972271954 -9,484812483
3,307506551 -8,72510748
2,016048027 -13,66629344
-9,221902395 8,95411004
-8,173767923 6,259206673
7,985143956 -7,510365982
4,949841075 -7,702200218
3,134559187 -7,663591643
2,337490304 -7,90327591
2,200718689 -12,23283561
-9,920828617 10,01241561
4,354673684 -7,578090679
-0,257927068 -4,724447477
7,105124348 -7,713908275
-11,14437641 10,86667434
7,587651037 -7,145169479
-8,752433106 9,000717679
-12,93304158 12,70513246
5,376844449 -7,148932128
2,118591915 -5,098120946
0,122552797 -7,100741973
2,283566519 -10,20376176
-10,66390285 10,70635964
2,277204588 -12,19682616
-9,489943151 9,585690348
2,836706545 -6,123063374
-13,59191593 12,04359846
-10,52790814 7,262391884
-10,52093901 11,14699298
7,223621653 -8,007557495
-13,8480344 11,85561956
-6,82484793 12,90795865
6,594811777 -6,144759273
2,189863154 -9,939972175
0,1897679 -6,695942678
-10,36293757 10,85446261
-14,32419723 12,35751464
1,71331408 -4,87563242
-10,55836732 10,98945014
-11,61741435 11,1997568
-7,655776677 13,5957691
-10,66728713 7,458228972
1,463133683 -7,181903135
5,795892701 -5,947334671
-8,632237658 5,737948383
-6,148435784 14,19366647
2,99735597 -9,731290934
2,222258046 -12,19794379
-10,05200904 9,568450252
-8,857432401 5,738940411
3,135567426 -7,662103205
-12,10267757 10,61190664
3,384425205 -8,728577773
0,013790757 -6,497386471
-13,87874162 11,02990776
5,362849494 -7,370480977
-7,561314357 13,72127537
1,941394385 -13,66536305
4,244600826 -8,514484722
-8,620882796 5,568386316
-9,688774419 9,234285585
7,059329667 -8,553086239
-9,061094306 6,697060247
3,021450843 -7,642083841
1,146300017 -7,646266437
-8,109519198 7,299977522
3,745371513 -11,9452318
-6,63718182 11,91905651
2,361881971 -11,98656167
-10,15727467 10,82227024
2,19000672 -13,58742442
2,731462727 -7,172111121
2,084816236 -7,017464685
5,478027641 -6,537278726
-6,552385729 12,48650668
-10,50425724 7,864396762
-9,604264624 8,742064232
3,972917125 -10,66128858
8,915455513 -6,776200344
-11,38482886 11,15155048
-10,0943647 6,904143877
1,51491876 -11,09678726
7,69120186 -6,836039048
6,84634181 -8,5297297
4,274519713 -11,45785577
2,092738904 -13,24493227
-6,244261238 14,29903331
2,570873472 -5,081463283
0,311753262 -4,966780532
-7,81664358 8,605887501
1,456981738 -11,30913879
8,404516148 -7,015345971
4,105017747 -11,66231559
3,027817782 -9,51276143
-8,875385131 11,0463046
5,007918845 -6,813977104
-11,17841803 10,92061557
-10,49764982 7,855154868
3,792039936 -8,057829488
-15,25284435 11,98455268
3,054415946 -8,064836811
1,977179778 -5,201559727
3,931104572 -8,106450334
0,277231876 -5,235209438
1,902620041 -13,64705508
5,072134623 -6,962193979
6,858513655 -6,387989242
2,493803048 -6,405821714
1,416477015 -11,74896411
-7,691133519 13,62219956
-8,815112573 6,860303363
2,126864872 -13,34691842
3,972166028 -11,7593607
8,395743023 -6,959662666
-9,210568935 10,00403223
2,959574682 -11,92077248
0,192798109 -7,208153442
1,800616802 -7,173716089
-13,07498471 12,92282011
5,090370068 -6,858343496
-6,714270653 14,48723714
3,645583631 -8,256832025
0,594028211 -5,56029462
4,848418579 -7,809816257
-7,013586973 14,20029707
5,999205276 -8,794858646
-14,96594288 12,13690931
2,271203962 -6,331954181
8,821795225 -6,941047518
2,075500923 -13,26491465
-6,901523624 14,10736995
3,475972488 -8,503876329
0,633731755 -5,749672673
-5,989066928 14,68131592
-10,235133 9,698331898
2,637989819 -5,46484767
7,170022614 -8,627337118
4,555039912 -8,527224385
2,904869883 -7,903130276
-10,38788978 8,609050038
-0,254450126 -4,407104945
2,558829364 -5,502946523
-8,747868712 11,97370505
-9,760865873 9,493607255
-11,20692957 10,85142825
-8,433083146 5,295092553
5,264605547 -7,716970016
1,86182921 -9,870078035
1,806204822 -11,61790521
1,331968033 -10,99593472
-7,15308802 13,29917596
-6,586091478 14,63021748
3,199697933 -9,566299149
-9,447095875 9,044528933
-6,614099121 12,82091929
-8,777582975 6,509910439
2,420128756 -7,198797528
0,953776202 -5,332228316
2,494360409 -7,356106794
-11,96054885 10,86147845
1,108897044 -5,43419508
0,526739435 -5,971292673
-11,34964574 11,15557954
2,649061406 -5,375877515
0,528557166 -6,056514432
-11,80653616 11,41081591
-7,638674091 11,44955417
-7,66545452 13,60177734
3,070058614 -8,167530187
1,873641112 -5,10182122
-15,39278593 12,25848383
-13,87816488 10,80287219
-6,836864812 12,85166786
5,411887969 -6,592751853
-6,063193373 14,44644222
4,713337976 -8,07195111
-8,375164237 5,470773316
3,779062295 -10,46221928
7,778096313 -7,163073605
-15,33939999 12,11445926
-8,158023957 8,952237844
3,503339597 -8,225779805
0,149555651 -4,409066529
4,767597455 -8,309543646
1,612235514 -7,089446919
6,667315139 -9,12609664
-7,166194124 13,32338135
-13,62794216 11,53790566
2,439853855 -12,7617944
5,706982248 -8,254962437
3,118077277 -9,640080331
6,939783389 -6,913533862
-10,36939934 8,609526872
-0,1318429 -4,598439261
2,489748684 -5,562408417
-10,71240124 7,726102746
0,924611505 -5,516092415
3,901024268 -10,41690992
-8,233300725 6,014327778
-14,19715442 11,9351336
1,980527457 -13,22022617
5,672035666 -8,344852924
2,660637385 -6,228821648
1,278667357 -11,38498853
-14,45131951 12,51911928
-14,20962482 12,29498916
0,329838828 -6,25550253
-13,2454756 9,976269143
7,253565831 -8,429357639
-6,018786854 14,46552582
-13,95032604 10,6667177
-7,991596112 11,5129081
-0,174731456 -5,265524183
-10,93846426 10,47333318
-9,648209403 6,928268925
-0,316649898 -4,290570405
6,351593801 -9,064417706
2,413666451 -7,57812483
6,374818428 -6,318966405
-12,17556282 10,69972334
3,018487569 -9,670281721
6,539775976 -9,131345004
8,510804899 -6,993007297
-13,41575623 12,39515793
-9,834491087 9,541222664
-9,614376752 9,508092227
4,020966217 -10,87619099
-8,970260451 12,69438203
7,048302135 -7,928439561
2,362613688 -7,236944956
-13,68194492 11,74775241
7,043232948 -8,549174712
-8,912104653 11,73342609
4,381166609 -7,625101322
-13,73279051 11,35051584
4,987273402 -8,066347219
-8,884452938 11,47779048
-8,879216581 13,95697001
2,249830649 -10,08553653
-11,86429234 11,67538881
-14,58561905 12,43696157
0,170804637 -6,101556224
-0,552555276 -4,417745517
5,194651038 -6,53343425
-6,715865363 12,34751723
2,083950078 -6,943634246
-10,07753851 10,04670035
-8,049896102 11,57487094
2,915558036 -10,00546087
-9,471790571 11,7803875
2,642897524 -5,353157137
-8,89482568 6,957661821
-7,149972482 13,48157948
-13,66610921 11,61983449
0,282631556 -5,126659505
8,191585154 -7,566702934
-7,300512074 13,55513135
0,295040143 -6,150139154
-8,597015801 5,792179645
2,524524548 -5,769225564
-9,511245438 11,23377272
6,888135679 -8,913271762
2,343223739 -7,578344421
-8,872590285 7,044359593
5,184184483 -7,482999939
0,574030051 -5,492918692
2,36113586 -12,21508775
-8,978543001 6,624027113
-9,582269939 11,16944329
-15,02153593 12,15941733
-6,620340611 12,85901912
1,594069662 -10,45848395
-13,72615648 11,35090298
8,987773894 -6,782467706
3,284014011 -8,4919331
7,423352757 -8,387741397
3,917536534 -10,91051994
-8,13797803 8,795628723
-9,595083388 7,138671758
-9,655605861 9,497429727
2,114842164 -6,887291782
-6,809354641 14,56590445
2,195776463 -10,12840408
1,318390604 -5,261757861
2,341560219 -7,873836048
-8,858288316 6,577862332
-9,731173558 11,56501753
-6,811696069 12,12542569
6,312103818 -8,881336182
6,704296973 -8,965403938
-8,955625359 6,818524736
-13,00180484 12,89713573
-12,84986067 12,73367818
-9,387065904 8,935243812
1,78650385 -11,67208785
1,760059397 -11,79374572
7,217217522 -7,235481659
-9,434217017 7,119169828
0,19667835 -7,202818179
6,114491342 -6,219115411
-10,38763356 10,76297201
2,937460767 -9,940335957
1,375087965 -4,975601415
5,63044122 -8,436726051
-10,36590335 10,72984003
-12,04594807 10,56071081
5,702768099 -6,049134939
-10,52973217 11,31421097
-8,688210965 8,895811157
7,248082683 -8,412935531
6,842413732 -8,764044254
-8,373256585 5,865167857
0,17106927 -6,114095914
-11,37760452 11,24461839
0,18422039 -6,100868312
-6,145571066 14,76092198
2,262915698 -4,978819278
0,498702867 -4,797747334
-8,18736633 6,196971885
2,654720174 -8,085604839
1,379896941 -11,50981814
5,195561976 -7,101662247
8,299774322 -6,616847661
-10,30991062 8,593546432
-11,64618513 12,39730942
-8,201734859 8,589399318
-8,20804527 8,989767171
0,42852429 -4,653014556
-7,993873542 7,94538884
-6,87541537 14,34411131
7,427671917 -7,365435323
-13,92591537 11,67630749
2,865980947 -9,893246569
7,728949782 -6,904203372
-0,092391464 -4,582005345
-7,617858345 8,323323879
1,419188949 -11,54316676
-11,92381145 11,66508669
-8,861591085 6,589130297
-11,19006054 11,06613872
1,95243582 -7,010614895
0,04438611 -6,555729778
-9,746740528 11,45365948
2,137026553 -6,740270046
3,075130784 -7,977947817
-6,825285298 11,59704952
6,795775168 -8,719738213
-6,200102576 14,43463486
-13,7332791 11,48064814
-9,767607699 10,12261525
-8,669409712 9,096588012
-9,570183969 8,850409769
8,956761733 -6,778590734
6,20760186 -8,756919338
4,808870839 -8,006313409
-9,941495307 9,432326926
3,299798235 -12,21650107
6,002833277 -8,768351652
-12,12892319 12,52686617
-11,87889276 10,99294817
2,610429374 -12,73907471
3,48588467 -8,31416281
-6,487746794 12,7368942
1,651596683 -12,8343723
3,067339038 -7,767468105
-14,97962481 11,8136848
-14,08490028 11,82788786
-9,506014594 8,951294783
4,047622124 -10,67228784
6,881832484 -6,280190774
2,633246969 -5,452296388
-11,21877545 11,0859427
-6,053928863 14,70884722
0,115638842 -7,085673161
2,264876057 -12,62611311
1,374280964 -11,51176152
-5,966233623 14,81219371
-11,75806823 11,49400133
-8,684363884 5,398523349
-12,19447188 10,72984992
2,672304089 -13,16424914
-7,827876043 11,33906532
2,244423855 -11,91129437
7,29620388 -8,209871544
-10,85934145 10,61556039
-10,42627324 8,113642823
-10,38863253 10,8198513
-10,27857969 8,597222202
4,417284617 -8,546711624
-9,767437347 10,56649033
-7,458632855 11,58835014
-11,65578989 11,95870407
5,588062618 -8,710539951
2,59447515 -7,304075361
1,74783505 -12,95132236
8,280994701 -7,521028316
0,192692765 -7,409236765
-8,774960287 12,64025896
0,347264709 -7,452149795
-12,52097398 10,20217138
7,353880619 -8,043830124
6,719872599 -6,845836405
-13,39026345 12,78923514
5,604061037 -8,684067572
3,793680034 -10,46785983
-11,86744703 11,88921124
-7,877373394 11,47164587
-10,62783803 7,427609815
1,313551028 -5,173583421
4,152514686 -11,34328627
3,235165409 -8,855545996
-13,29265274 12,18034801
2,23914863 -6,751302155
3,518783854 -12,27097376
1,192795287 -5,39505067
0,377356528 -4,713372776
-15,28539739 12,28635786
4,107015071 -7,706859627
7,337735008 -7,148826051
7,190808746 -7,3042778
2,049259441 -11,69019306
-6,78517259 14,54068877
-9,25996416 13,07118235
3,70127499 -11,90292903
-10,49043508 10,83263963
7,062249392 -7,088133195
-9,447474118 8,935379836
-11,97590384 12,47701485
2,204791312 -13,57636795
-12,21417306 13,01373122
-7,810421462 13,73957283
-10,21851031 10,68514915
5,576917517 -8,109084675
1,194264862 -7,702540294
2,222232701 -7,29797543
3,611174089 -8,19126886
6,734701834 -6,847008106
3,110446178 -10,28614069
2,054227271 -11,84089421
2,727981529 -7,280320832
-11,10766883 10,64519667
-0,268677154 -4,425993878
-11,95481047 11,83882284
5,95293283 -8,961347115
4,202590076 -11,58490954
6,728275818 -8,944927369
5,919280225 -6,038074576
-14,31549863 12,12876284
2,926729694 -9,402050208
1,926037723 -5,186096268
0,573986264 -5,462005601
-9,876291036 6,895518278
0,436854614 -4,573477864
2,336487467 -5,024846074
4,33384026 -7,551412461
3,155918657 -12,05876721
1,765726953 -7,18307914
3,951485099 -10,85696961
-8,664799891 13,91527881
1,883877374 -13,47099212
2,318055028 -13,20291951
6,994958935 -7,137556751
3,049951546 -7,197291583
-13,24450662 10,09029934
0,193887812 -6,985822085
1,151656801 -10,57074217
-7,097625454 13,06678106
-6,920510479 12,87109263
-8,341708367 7,406862911
-13,85518579 11,03645255
1,696886416 -11,81910009
-12,56234639 13,03788538
-6,881991966 14,5680265
2,650016757 -8,097287454
-10,19237956 9,628386999
-14,57523789 12,49149585
-7,862756086 7,550745777
7,331350696 -8,164533163
-9,590749566 9,295598669
-9,054448538 11,67818322
-8,509346152 5,383898938
2,972697785 -7,232274237
-9,155124225 7,084148586
-9,174823939 6,223649746
-8,164189831 14,19959178
1,062208069 -10,65405255
5,149876411 -7,781051978
-13,77117238 10,55009135
4,278533152 -11,41103482
3,233560553 -9,55189403
3,591204579 -10,41083737
-9,419165206 9,601628076
1,872032713 -4,996924855
-8,649732335 13,89163614
-6,491317948 14,43963713
3,049807415 -9,522352085
-8,721205418 12,53118674
-9,234856446 13,25519132
2,251972456 -12,57047749
-7,174889193 11,66965502
-14,50853922 12,51866323
1,398665074 -7,529098137
-8,640680817 13,87636788
0,022160063 -4,42817826
-7,469624141 13,70600938
-9,03714505 11,72656187
-6,958114129 14,10504263
-14,20153886 12,22461847
-10,46381466 11,2676457
2,283373798 -10,23391139
-9,95553951 10,74713829
-12,74952235 10,22982167
-13,22521841 10,05517935
6,95482562 -6,577093548
-13,83132727 11,75783918
1,213557933 -7,692366446
-10,90198561 11,40851335
-7,39348868 11,66026627
-0,364483021 -4,293526436
5,205707168 -7,424359901
0,067600457 -6,489835347
-8,888186045 6,886271701
6,574701193 -6,155856109
7,562679127 -7,257764654
-0,188955672 -4,657077492
-9,840771824 9,506628783
3,452560967 -12,28858604
-6,714312097 14,54948088
7,883937401 -7,273957159
-13,75252907 11,41812002
-9,139591613 13,72914374
3,391014734 -12,24886079
5,678266904 -8,317302267
4,28071089 -11,48525277
3,850485657 -8,186929487
3,967082129 -10,86176123
-8,987092592 13,43027082
7,846281328 -7,277441531
-9,277888764 11,12863634
2,564588415 -12,91553093
3,468360715 -8,99888295
4,188709628 -8,277251468
7,788704572 -6,919170228
2,094763143 -13,24695926
5,663901259 -8,342836031
6,144739806 -6,171906362
-6,28176018 13,73015033
0,250597697 -6,748454953
-12,62889201 10,24444969
-6,881947024 13,71447631
0,409588737 -5,283027217
-11,95170506 10,86439019
-14,51352384 11,52636359
-13,58204006 12,0863984
-13,43337349 10,12840406
-11,61271892 12,10516476
4,156349726 -11,15230747
2,752119169 -12,09376469
-9,825246456 8,713718248
-6,731913608 12,04469867
3,179424264 -8,604780304
3,368160824 -8,277805546
-12,61906815 10,25326191
5,789989696 -8,816279597
-11,24280174 10,66517809
3,077355507 -9,754351008
1,968447322 -13,69193264
-9,674209688 11,68631882
7,026885001 -7,14812266
8,966506353 -6,810963587
0,515282205 -5,44024635
-9,317312138 11,06253585
-9,675590032 11,70515995
3,15286447 -8,890127042
7,355482115 -7,249627946
8,406341069 -7,051929673
6,764269401 -6,796826769
-9,469203025 9,32624828
-9,492082055 9,075993659
5,303965246 -7,018931217
-11,9040478 12,51257627
8,467365771 -7,26808927
2,498216756 -10,16126151
3,395823137 -8,501914635
2,39767457 -12,02920367
5,295154826 -7,645186335
1,350815722 -11,71508165
2,282710664 -13,22893108
-8,800634986 12,71869635
-12,59440572 13,0325335
-10,12807807 8,67127879
2,417259851 -13,32694225
1,878803989 -13,17802809
-6,167627196 13,91218321
-8,881274902 6,895751176
-7,990107761 7,754343567
-10,54393687 7,857848321
-0,474729187 -4,942142939
8,81227355 -6,873879581
-7,626254379 13,60580302
6,484619418 -9,032310835
-11,64135914 12,40573486
4,097623208 -8,254358774
2,348000519 -12,42961927
2,296994106 -6,544153372
1,185438454 -11,01551994
4,575804019 -7,819682253
5,236491249 -7,776839471
6,017346295 -8,893934261
-9,245479411 9,684632896
6,716063225 -8,981158445
1,161946334 -10,57300167
8,132784333 -6,594452531
8,749451554 -6,710244861
1,341218549 -11,69836896
6,700729909 -6,867746208
1,361476423 -7,51345709
-8,319339257 9,055633178
-10,60102581 10,84635362
-8,194011896 8,783091495
-9,37207473 7,135392964
2,741080464 -9,408210421
-6,016145191 14,71887137
5,637218445 -8,895707674
-14,618474 11,51648061
-12,17416193 10,14394662
2,098578476 -7,0462465
-14,91300976 12,07045394
2,220076222 -10,03008655
-9,375662048 12,92667812
0,509996409 -4,796974547
-10,55555623 8,498435223
-9,200408496 13,29023655
8,761399069 -6,755885121
1,943433857 -5,246912098
0,114342443 -6,237666141
-10,09465617 8,587416421
0,578374994 -5,422567111
-8,137199041 8,839523164
-14,5838375 11,60694591
-9,266468957 13,04366631
6,895079708 -6,455044137
-13,22790535 12,20920943
3,765482009 -8,38256307
1,107018207 -10,71735279
-8,701090975 12,07222377
-13,94159137 10,73916707
2,12038902 -11,74879965
-10,20356853 10,99253964
-10,71877033 11,50825827
-9,038509193 5,884368391
-12,14407836 10,18258959
6,112569999 -6,021845348
0,89639915 -5,42184651
0,519147722 -4,856286171
0,385033976 -5,295498953
1,86145948 -13,48922454
-10,54763323 10,88584976
1,118236925 -5,426420222
2,447811823 -7,589772668
-9,776389496 10,16592952
-9,944084662 10,73727683
2,328459299 -6,658315124
-13,31396421 10,34660231
-9,040829759 13,98041684
0,889132597 -5,412391567
3,651188535 -10,36394004
2,230949164 -13,27509006
2,230827109 -13,26852527
-14,2309935 12,29504446
2,212926261 -4,991257402
2,435694195 -6,264201862
-7,824032514 13,76399274
7,186324932 -7,302030127
7,158525841 -7,289647811
-7,649111382 8,26541995
-12,02706938 10,55749361
-7,01993766 13,08605536
-8,647629842 5,674857308
-7,134112407 13,26598708
4,863677778 -7,922918318
-6,463348079 12,57307926
-9,722560928 7,031166392
2,310043496 -6,558257094
2,074516843 -12,66899852
-10,92003726 11,4275402
-10,41947252 8,032366745
3,639290623 -9,086132605
1,515109472 -7,499826404
-9,279712799 13,20133856
-9,7585515 10,22988339
2,189088164 -7,065580884
3,217572833 -12,22057477
-9,819902249 6,849144192
-10,04260317 9,487660737
6,26884203 -8,99574112
-8,999105255 8,784579116
1,564307431 -7,131304936
-8,287281342 5,87014375
3,793035704 -8,382531204
2,694305401 -12,09248383
-9,245886826 8,856294555
-7,961257104 7,971856521
4,57561628 -7,654079193
1,464222456 -10,43862736
5,292662573 -7,815754523
-13,01650166 10,04149569
1,263295137 -5,136238699
7,043973388 -8,565919977
-8,449476278 9,157141326
-12,93688193 12,80224497
-8,560402528 5,589163276
2,436242469 -5,03899576
0,050100768 -4,419179257
4,597660518 -8,468712453
-6,833738124 13,69135737
-13,57482178 11,11530676
-8,357950701 13,93020766
-6,95413824 11,60192109
5,532464829 -8,649114958
-9,663188069 11,37842125
0,107104179 -6,297557527
3,302439097 -8,203485765
-11,47098232 11,01664463
2,525931391 -12,35382763
-9,422085664 9,304441564
-7,053058375 12,95279047
1,2117312 -5,379693396
-9,174636059 6,20617051
3,38728395 -10,57683214
1,37190268 -10,39671497
-10,23000825 6,94241587
4,091551365 -10,72250287
6,389167948 -6,313295645
4,610515924 -8,172939972
2,796574267 -7,995759783
3,303817916 -10,29285421
5,567752368 -8,101958736
-13,02022179 12,91444681
0,518933624 -6,102417304
-8,593440978 5,78972421
3,58214402 -10,50972913
-7,231156427 13,45542146
-9,610215668 10,83851525
6,985020207 -8,507894219
3,467577028 -8,413277638
1,667555854 -7,107366928
-11,59139931 12,19929535
2,38998768 -12,46040237
3,302843965 -10,30948584
-14,9400332 11,96594297
-11,97209635 11,86899234
-9,647186338 9,446659861
3,232077922 -7,541936934
-9,77622616 6,823435346
0,647653637 -5,758650633
-10,18781366 6,920426408
-9,740469571 11,50847376
1,464639141 -11,30101005
-10,22477947 9,669763737
-8,490449078 9,12702585
-6,844801282 14,06890952
-13,97220471 11,66689893
1,727989046 -13,05474583
-9,521992874 9,058086566
2,055391487 -13,24616229
2,75365566 -9,011888695
-8,803635917 11,41698457
2,562392936 -5,073869887
6,280030694 -6,332283121
-9,416581509 11,12185992
1,927947921 -12,53861901
5,314545431 -6,481875063
1,226596894 -10,59664073
-6,406027299 13,7003165
5,552747733 -6,287822844
-11,19478455 10,63467645
-11,03976267 11,45680007
-9,232205158 11,72568064
0,068625832 -5,26862751
3,928322566 -10,94791588
2,629758725 -5,790530305
2,1509341 -11,93317245
-7,875655485 8,651703713
2,027234125 -5,155716017
2,469848065 -5,489182926
-9,653214748 7,063302412
-6,560652098 12,74621202
-7,84893374 13,86313889
3,210527061 -12,00011097
-14,17618404 11,83153016
-7,205103906 13,55147004
-13,54235665 11,91274272
1,847272364 -5,025361198
-6,373620801 13,80403452
-12,07529823 12,72961691
-15,09972651 12,18203884
-6,625027925 12,30937872
7,494665233 -7,380808465
3,254163453 -8,889485191
-9,268629392 9,779534415
0,530000139 -6,18237264
2,165124744 -7,140272614
5,982157019 -6,053011365
4,178684626 -7,555594704
2,687584823 -12,98104786
-15,12749129 12,08684589
5,604164438 -6,486488139
5,527615998 -8,750912248
-7,831815046 7,725755135
4,28923355 -11,4788107
5,371364186 -7,369627713
-9,215599113 6,956690039
-14,22161273 12,15855648
4,345269046 -7,593761842
3,693585136 -11,69198539
7,875103199 -7,454857904
2,723841123 -9,418703008
-9,847763478 10,88745926
5,572156979 -6,321752338
2,234726529 -10,00076719
-9,026369531 11,7746281
3,723892195 -12,0460004
1,917792031 -13,64653786
0,615234372 -5,364760223
2,724948971 -9,381653895
-10,58876011 7,901316132
0,89678446 -7,501198848
5,631175073 -6,390980796
-8,932142168 12,77482675
-8,326387042 7,281798321
6,759819979 -6,700057843
1,264300708 -10,45348702
1,621978618 -4,842439141
-11,18050866 11,11821759
8,454720743 -6,986493063
4,819958456 -7,895341341
-9,878339691 10,76107483
1,962419879 -9,904919598
-9,089340713 8,965057717
7,35793258 -8,154739036
8,24760281 -7,562494042
-10,53388672 8,386077855
2,23249965 -10,02714905
1,784711951 -10,08027024
-8,57237721 6,452461521
2,451465127 -7,584775092
8,86888882 -6,762111144
0,592076204 -5,428379298
5,609175295 -8,883063363
-13,35298111 10,49823232
-8,50993509 5,368095564
-8,421657929 5,413373129
0,303597619 -5,075628969
-9,874459141 10,63223871
-13,12690532 12,89117336
3,683201858 -9,244964995
7,411708634 -8,280094585
-10,24101021 8,675362365
-10,10502424 10,03854387
-9,990714872 6,738178051
4,065922363 -7,907181722
8,405893874 -6,978197634
3,664071116 -11,88759534
3,118459271 -9,587808224
4,07805304 -11,11875196
2,355588914 -10,28297108
-8,830449327 12,4867594
3,619431752 -8,167798645
-0,509179131 -4,349540982
-8,196728204 14,12651823
2,349367353 -6,320813338
2,916962992 -10,08843923
-8,79934795 8,830979157
-6,944346553 12,88622275
4,564407032 -7,60536494
-13,68474233 11,68024022
1,311013196 -10,40212999
-9,810138077 10,91276271
3,069862067 -7,981497565
6,204981212 -8,728352967
3,629672283 -9,033684792
-11,40664824 11,2756765
1,08655905 -7,602228074
-13,4562184 12,52071397
1,737495874 -4,854153312
5,621091194 -6,323056197
1,190841667 -11,01107918
3,966036809 -7,807078925
-8,287709741 6,310371978
-8,897958561 7,055104595
-11,58586283 11,02242158
-7,790908832 8,006173229
0,599974835 -7,493130934
0,2337151 -7,252045433
-13,44634099 12,12980957
3,18461665 -7,459785665
0,265065249 -7,220309567
3,335453247 -8,27129724
-14,9626675 11,68681517
-10,47974738 8,620257953
-6,820557655 12,02049113
8,413324018 -7,387552874
8,084464233 -7,470694709
3,40049066 -8,991781241
0,839540529 -7,326814459
-12,67851303 12,90379958
-9,564147848 11,35422534
1,995961044 -11,65008287
3,833761287 -11,06964995
2,186940728 -10,17316323
2,831487392 -6,067919641
7,921718242 -6,517127275
-8,885457139 11,80555867
4,676350571 -8,026914198
4,095151516 -10,77713055
-8,682133142 11,87798524
-0,316713527 -4,618653494
0,381493002 -4,711853163
-8,43127439 13,89656424
6,765393264 -6,77052545
4,859333178 -7,893206698
5,693340493 -6,12194678
-9,136924555 13,26870665
-8,633073075 5,588212445
4,846517312 -7,832118317
-9,251973335 9,825706134
-14,03637426 11,98699448
-9,78814518 10,35778589
-0,003152211 -4,5592212
-6,580894523 13,81989065
-7,008823132 13,25595686
8,779406052 -6,837524051
-7,892703323 13,81404918
5,579670167 -8,871280463
-11,81914402 12,57579062
5,354498976 -8,068580464
2,424767742 -5,670723233
-9,65363692 11,84378236
3,014038463 -9,615385695
-7,090148068 13,63060993
7,36329703 -8,111954578
0,339701246 -5,251617406
-9,652511303 11,81896008
-8,682464315 11,76031902
-11,08356808 10,52337434
-8,660990567 12,28375201
-6,830146761 14,1401754
-9,485965875 11,79882291
-10,10397596 8,48278791
5,603653725 -8,870327757
0,422778005 -6,169878128
-13,65440674 10,97653333
1,894900296 -7,093001823
5,048870566 -6,665640821
2,779133051 -5,882034047
-0,224125911 -4,681236335
-13,57846973 11,2052238
2,474641986 -6,37744867
6,914573725 -6,6230813
-8,674567255 12,29874059
7,152302295 -7,430946253
2,553322307 -13,26469767
-9,916734357 10,75929294
1,493205742 -7,343113105
5,196124918 -6,600428916
4,78728438 -7,881435816
6,936878284 -6,541023079
2,261849346 -12,40359311
4,164204736 -7,714913947
0,280831876 -4,491357024
-11,25536008 10,80614768
6,200858925 -6,26135288
-9,139154142 5,880817633
1,699144882 -10,02861733
2,061226635 -5,149044483
2,449515208 -12,10057851
6,326344854 -8,868426368
-10,69811404 7,66741671
7,691353885 -6,81901519
-13,46704281 12,48345149
5,41366904 -7,930231288
5,548030533 -6,276434804
3,388110464 -8,733465208
1,444651327 -7,152827443
-9,57990013 9,527742602
-10,80202927 10,54875832
8,58040952 -6,76821268
-8,964521361 11,55479537
-9,696053924 11,0854473
-11,68725551 11,17542136
-8,914438002 12,73211462
-7,79551121 14,049892
-9,901540312 10,06346879
-11,06849961 11,43246378
1,536100455 -4,802988003
0,586601647 -5,195739951
-12,0732632 10,90479049
5,564521195 -8,862551956
0,687550162 -5,562704455
-11,61681038 11,08592121
5,338398166 -7,581196371
1,317285248 -5,402281065
-12,35451556 10,10936693
3,039805931 -8,101792699
2,057173235 -9,96071748
6,957471569 -8,574163297
-8,709009169 6,792628301
8,380267566 -7,183245073
-13,88948127 11,78815487
6,324640265 -6,326806107
3,428168949 -8,27327354
-7,546220516 13,71491414
-0,084760407 -6,338678449
-11,09826021 10,54545642
1,853404107 -4,896812284
6,810283899 -6,424568758
2,967301146 -9,97488429
3,073158401 -11,89011684
2,741046308 -9,269979935
-8,656268979 13,99628707
1,785684865 -12,97366605
2,432661733 -7,072412619
-7,322363981 13,54192232
-12,81714236 9,980713965
2,474413738 -12,23885091
-13,9118026 10,62267053
-14,91054937 12,0115681
2,438706906 -7,125550027
1,922888343 -13,85810743
-8,567029005 7,185808531
-7,988239149 7,730234677
-10,78608074 7,504452848
0,317780937 -4,475627586
6,24853895 -8,81617582
-6,175285799 14,53576248
3,497145633 -9,581882875
5,60635784 -8,658145739
1,401668016 -7,321432578
-10,14212362 10,80120758
3,709198153 -8,033879939
-6,801507133 13,82786518
-12,09163081 10,38298534
7,415385591 -8,313689521
2,517252829 -7,343835905
-7,865108241 11,53670126
-6,175136886 13,98968605
6,480767938 -6,171201266
-15,09960631 12,23461652
2,855788305 -11,94915574
3,6064551 -10,40137228
-9,58719997 8,76874922
3,01587872 -7,853987442
7,372449476 -7,37099132
-12,06725716 10,28646934
1,820639847 -5,111181658
-6,969235849 13,09574618
-8,736161653 9,080255059
6,383387361 -6,313294879
0,481218996 -7,502310502
-10,24873903 7,116870877
-8,773481907 6,834560983
1,846562922 -12,58039413
-9,974068992 10,31198621
3,009193305 -9,996088739
-7,899688407 11,51849438
-14,51103919 11,52307497
-8,178523512 11,90445082
3,981250347 -11,16651445
-9,852322312 10,95356305
2,789021939 -6,216386188
3,320389723 -8,148406925
-0,568693208 -4,227439027
0,088060618 -6,290789553
5,19331021 -7,881733334
-10,84743929 10,58817124
-9,080964509 5,895611243
3,953364337 -10,4362399
-0,006185734 -6,670389035
-9,021631476 8,843525422
8,586254995 -6,910892052
-9,778304828 8,574823132
1,531529387 -7,45266655
-14,6525771 12,42431031
5,55037004 -8,749618881
-10,18088604 10,97947685
3,711709682 -11,90724073
2,123395118 -12,63383133
3,860608397 -11,65107795
2,279888798 -7,008134767
0,289949247 -5,081705523
-7,000592285 13,08628156
-14,42635907 11,75550733
8,464862139 -6,986931784
8,341317031 -7,169402669
6,744845515 -9,070390796
-6,450569681 12,6176081
-9,6901632 11,71079549
2,476540989 -10,24914302
-9,130522661 6,300208915
0,433391993 -4,635382464
2,441036104 -12,00812859
0,629328163 -7,328219214
7,064694387 -6,972170627
-8,072394982 11,57427117
-10,61588767 7,312969875
-7,752424892 8,01082191
2,839150399 -8,952248414
3,078218215 -11,87675528
-0,275301369 -4,778489327
0,052977817 -5,340777216
2,285206531 -7,742322685
2,041439614 -13,45167424
5,897621884 -8,958802336
-9,571281416 10,97084422
-8,190481723 7,241517948
1,137753521 -5,452018586
-10,23672769 6,951978379
-10,17716949 7,182809747
-0,135932853 -5,31933458
-14,88084197 12,18397106
1,807074075 -11,61388828
-9,697331319 9,13992248
3,842596369 -8,333729724
-9,764387324 9,490711
2,09510567 -5,162709014
1,361368918 -7,58337024
-8,732455428 6,432312889
-8,45115595 5,190920307
0,333691328 -5,4274663
2,51817428 -10,25770657
6,828900687 -8,989672171
-12,12823313 10,90583851
3,030288336 -11,85663528
2,830739213 -6,035598394
-10,33829729 10,93555404
4,634249115 -8,177421026
7,74747015 -7,058286936
0,097086745 -6,741987986
1,296656321 -5,321138912
-7,83596778 13,69830499
3,106750716 -7,945863521
6,249378433 -6,388782398
3,90807258 -11,72483342
0,914217998 -7,482228268
-9,584064942 7,164077224
7,319843141 -8,009137279
1,991978235 -9,972740464
-9,29583909 11,13902965
1,964491976 -13,6772255
-9,378196048 7,090822456
-14,96363134 12,07855057
3,355193699 -8,417185321
-9,092907631 13,5287132
-10,58045287 11,34956309
0,049247702 -5,322274653
4,164741565 -11,38763024
-7,961822521 14,18546853
2,301589429 -12,42877082
2,029899214 -13,42039582
2,451016128 -7,357971124
-7,48910536 11,3929343
-11,20051571 11,03363223
-9,032858379 13,32364876
2,21065018 -6,998936103
-10,4227385 7,958903804
2,275428337 -6,423148107
3,71969378 -9,366260821
7,910953038 -6,529942229
3,68733628 -11,70908005
4,220646529 -11,2350616
2,485120331 -12,04273916
4,740625656 -8,214360411
4,231505739 -11,57637885
1,744933235 -11,78930992
3,055465925 -7,853566022
4,691726318 -8,383647928
2,87984956 -9,731811118
3,567633332 -12,14279875
-14,81325904 12,28100066
1,260078232 -10,51489219
0,541315826 -7,521500284
1,847560187 -12,67745109
-9,633526522 8,773137124
8,836825104 -6,805241731
-8,883119767 6,613947025
-11,74604098 12,53953111
2,165477049 -9,93928636
3,572806571 -12,09189598
-9,974527764 6,757073948
7,102172497 -7,506376443
-11,26253646 11,15317602
-8,24672417 5,944618487
1,469299772 -7,333509379
3,621629644 -9,23218762
6,540517537 -9,101648617
-10,17001694 7,189069952
-6,529489005 12,3831434
3,163848569 -8,238870051
-7,37073647 11,7168073
0,326226771 -5,132834795
-8,218546663 7,237245925
-11,58523269 11,20265558
7,363492904 -8,442646192
-8,984992531 11,58875337
1,541764614 -7,403685749
6,976070327 -6,588222053
3,572515384 -8,210100379
-10,68605628 11,48610041
5,574820275 -6,424465934
6,609486889 -9,162420883
-6,759923894 11,80290847
5,131731577 -7,092652906
3,251918611 -8,91341928
4,272427418 -8,521568224
-9,305828454 6,933892804
7,328739778 -8,450745811
0,157086956 -7,043434592
-8,426389905 5,880251904
5,446720758 -6,600551554
-9,036163112 7,012763697
2,500112719 -10,21561431
-10,28857681 7,044455307
8,587383611 -6,857133065
3,540480013 -9,432313154
1,358691105 -10,39352048
-9,361250486 9,577713268
6,487311044 -6,132247379
-13,5796954 11,9844575
-8,146460828 14,19018051
0,385158088 -5,214754872
8,43148752 -6,918170202
1,38719049 -11,03393695
2,521704022 -7,357137469
-6,998864983 11,53876802
-8,944075012 5,720312171
1,362158359 -11,29032236
3,267598044 -12,22516813
4,270244271 -7,528449695
4,853462011 -7,776219104
-8,632775482 6,393894474
2,773385575 -8,010442523
-9,017802329 11,02572917
-6,575783185 13,86394415
-6,982145676 13,1056533
5,358755005 -7,362113957
4,606572905 -8,384397016
8,306902985 -6,839868045
2,205677345 -6,745257959
-8,44553588 13,86865751
3,183532746 -7,636426968
3,684377375 -8,350817956
7,560333183 -7,185320926
2,233527373 -12,38988698
2,007073458 -9,970591374
-8,789397241 12,60559161
-9,690503097 9,153544765
-9,008748746 5,718628555
-10,66334107 11,39114441
1,792894484 -12,72086502
-6,752298547 13,90136093
1,780436473 -9,948544217
-5,906661201 14,7031195
-8,818670066 6,405982877
-10,64552845 10,6461714
-11,36248653 11,08125044
1,544359051 -11,68354404
2,893516915 -10,13841316
2,277795611 -7,721300943
3,308949168 -8,732910219
2,131504206 -6,73415991
2,101526127 -13,48642037
0,38336596 -5,494479067
3,977856929 -7,745571098
-11,75679361 11,95270508
0,642395007 -7,365048274
0,793595875 -5,486000765
2,717240063 -10,19684998
-9,982712864 10,73744741
4,630453713 -7,864671329
8,291200323 -7,375545529
4,552569749 -7,768173649
3,681752638 -12,1311889
2,270592826 -7,638676465
0,446450694 -4,558742655
6,982579317 -7,914156736
-13,38599272 12,67053718
-9,15745837 7,042728978
-10,4172406 7,342775039
0,361850392 -5,149010263
7,135947185 -7,520159919
4,158662779 -11,34827543
-13,66480406 11,5895033
-15,05728195 12,05258233
4,873628023 -7,912557325
5,036504638 -8,043313329
-8,6407866 7,347863633
-10,55616584 11,1464437
-8,850841578 8,741536123
-0,227244247 -4,590054327
-8,862600457 11,10661604
4,055305607 -7,911795901
-7,914567446 8,006568866
3,363635974 -8,35696571
3,191185389 -8,218003069
6,405380993 -9,090526398
-0,340092851 -4,491418545
2,592811333 -5,138229791
7,233548484 -7,58315745
3,507495352 -9,44335416
1,104871969 -5,413931979
0,708661377 -7,338012996
3,487291925 -8,992616589
-11,58721682 12,02951429
-6,839273149 13,90291327
-9,63627773 9,443659766
7,114121845 -8,00976013
-11,17100358 10,87872881
7,422861375 -8,320926724
-7,270238527 11,6846926
3,319261428 -9,496253587
8,063942243 -7,451984721
5,595427228 -8,111106879
3,358280081 -8,408860134
1,832821046 -12,61302541
0,576577701 -6,02330621
-9,127947765 6,098778939
4,139312888 -11,59747392
6,078754914 -8,789938831
-13,67367312 11,6973813
5,285880211 -7,787489601
-8,841748284 12,42390343
3,609940349 -8,242507864
-10,00480905 10,06479086
1,838020433 -12,63913672
-10,71126065 10,75760371
-0,012582705 -6,599611991
2,605586866 -5,490466083
5,223338314 -7,56282159
-12,19998214 12,90443605
1,7561089 -4,850786397
-12,78197326 10,06765901
-10,18217753 6,925795413
7,842860734 -6,622105482
1,698277492 -7,165219137
-8,837865047 8,734999398
4,461603877 -7,576033026
2,43474618 -5,05576601
-8,655915061 5,775345726
3,215752522 -7,53083098
-12,18424886 12,67454741
5,226527807 -7,555443961
7,683201402 -7,203710523
7,533051802 -7,365305381
2,194586271 -6,736206279
3,858069493 -11,00860673
-13,74443804 11,81837594
1,38766198 -5,203671884
2,750802626 -5,777072254
-11,43454067 11,03671081
-13,1613339 12,79287189
-15,34711663 12,18637073
8,181170829 -7,586687343
1,646234104 -12,81953197
-9,192341497 6,086982708
8,559087936 -6,831905699
-11,82344472 11,18711539
-9,302778487 8,882813092
-9,10379789 13,53805978
-13,62237869 11,54161741
-7,664545367 11,43673201
-9,219512352 5,949173925
-9,493650887 9,107936254
3,178746883 -8,649480906
-10,65844645 11,38995467
1,170253934 -10,56890313
-9,388852192 11,8893009
2,748778371 -9,440441705
-10,0423871 9,615697022
-14,5058283 12,52424914
-13,83810338 11,02804242
4,083038703 -11,58087524
-9,284153924 9,769779658
2,372266625 -7,010780114
-6,665336931 12,89261644
-9,204713992 13,2745438
0,461267779 -6,183659081
-15,04458342 12,07779725
-0,371901183 -5,256434183
2,479200787 -7,423886722
-8,751642781 12,28875003
-11,19965355 10,99328976
3,23778596 -10,23281667
2,71354484 -13,07862778
-9,099931259 6,335963534
2,328267302 -7,860349621
-12,44647781 12,99710879
-13,86972004 11,77119847
-13,2917702 12,83728066
3,028750042 -9,516905606
3,658848026 -11,85531789
0,318627369 -4,969068335
3,988585411 -10,64662382
-9,151790865 6,15479261
-13,84684388 10,8571621
-7,299704328 11,72977588
-8,917346499 11,68327745
-7,819594639 13,74334174
2,574741932 -5,831812173
-8,555446655 7,355711852
3,018819021 -8,857556913
6,149383489 -6,036583773
-12,10783045 12,70338487
8,399461614 -7,021820766
1,456874329 -11,18295629
-9,957463938 6,761738963
0,543631394 -6,164645102
2,262437219 -12,6361544
-10,22080038 7,125134716
6,095247233 -6,235316345
-8,896445148 11,81765664
2,252975402 -12,62084041
-7,787101985 7,666091726
8,782637375 -6,833185022
6,729232128 -6,191359758
-8,357549387 5,519257194
4,489375636 -7,575028635
-7,266525986 13,50826885
-14,8667764 12,1839031
1,833506249 -7,161813599
-8,531738559 5,594100081
7,138400895 -7,511943056
-10,17527385 6,928034013
3,079046621 -10,28323244
0,403515351 -7,386717142
5,370782137 -7,309012854
-8,806518431 6,558680769
-12,04517786 10,57207123
5,131395716 -6,87348609
-7,098495318 13,82267476
0,434363232 -4,714557815
-13,66649396 11,75845296
-6,804612911 13,90882432
-14,07461362 11,85762537
-7,8691948 11,3938643
-8,370405981 5,524871836
3,284878901 -7,922331033
7,767470238 -6,690828386
1,805346226 -10,04422487
-9,201535477 10,95905929
7,865587348 -7,502951464
4,013941274 -10,45315403
-8,709711592 11,96673299
-6,382769699 14,43194018
-13,52343937 10,54093172
-8,44115066 12,03808177
-10,20327107 9,785595717
-14,78628661 12,21997118
0,807365647 -7,275275303
-14,82501272 11,55470215
-14,44162115 11,76173002
-8,359544966 6,361299343
5,588528398 -8,864078804
0,392007679 -5,192146706
-12,08317652 10,30249626
3,338337669 -8,080556983
2,863778977 -7,914726475
0,559424575 -5,420720949
4,747831428 -8,23581999
-0,418565489 -4,875494563
2,853467128 -6,089863323
-7,054693264 13,28971643
-11,1499872 11,20340808
-7,82056455 8,009145213
2,305323654 -6,590665859
-0,156702324 -5,234909566
-9,469138347 11,17038745
-10,88929323 10,58382556
0,904329084 -7,401001161
3,093101861 -9,539463236
-6,131137057 13,85321313
-11,89439729 10,94767788
3,052359778 -9,729058771
4,200603866 -8,499497
0,320373936 -4,464328834
-8,06070978 14,2350709
3,189915172 -11,99691615
-0,284967847 -4,628263904
3,058993861 -7,204713594
4,007856881 -10,49774654
-8,955594251 6,973617223
3,847218715 -8,122340651
2,718650629 -5,971221458
2,038564687 -11,8155235
5,718870145 -5,998981176
5,064828988 -6,946179205
0,10796242 -5,177913327
-9,533217267 9,007578677
2,122207119 -6,890796425
-12,25822176 10,80578758
0,313240366 -5,363342333
-11,41836105 11,32254734
-10,37523806 7,394633548
-13,78908735 11,81601413
-11,61636823 11,14741795
2,197182462 -13,28012567
-7,898433312 13,84246307
-9,493471156 8,887432087
0,082423853 -6,739966283
-9,444441444 10,22256469
0,510574146 -5,956259516
2,648629058 -10,08318209
1,112361568 -7,57966599
1,546492701 -11,6954996
-9,172723293 7,07165336
-8,821936232 8,750380268
2,409303647 -7,33205749
1,11370086 -10,6414348
-8,998880931 13,48830897
2,760327922 -8,993865004
5,671518638 -8,328722874
8,407592273 -7,050517382
8,304174154 -7,376125196
-7,080895718 13,02107842
5,261811647 -7,832574658
-7,881009934 14,07080487
5,410292589 -6,601603954
4,052942582 -8,146222304
-12,21213708 10,62945536
4,097966422 -7,694177088
6,767084334 -8,743962546
3,539820212 -12,26737092
-12,05753091 12,76638464
3,706357894 -9,318054402
1,362151008 -5,186305597
-8,588469483 7,13306488
0,570823737 -5,50762995
-7,19968657 11,70668266
3,58890585 -10,52592744
-13,77832439 10,60714362
2,526735849 -5,26392019
6,850817004 -8,949265338
1,269039374 -11,03298862
-8,716219186 7,097059459
-9,538399754 9,334083618
1,73326473 -13,12289884
8,871742748 -6,869538803
-13,30342166 12,17442853
-0,35556972 -4,512770756
2,861260553 -9,887815402
-7,043184786 12,93612414
0,867112 -7,376703183
2,837136873 -10,1380739
-8,52417578 9,035967938
-12,18321612 12,94600795
-10,22542079 7,360989393
-10,11519947 8,568274451
3,266834745 -8,464124241
5,098753769 -6,869314373
2,255019967 -7,312496113
-7,835980269 13,64538228
3,161880508 -11,97517072
-8,347669673 6,359439269
0,004534199 -6,274620651
-10,54119788 10,9924505
-7,612216409 8,405153197
5,254639085 -7,565388734
-8,973469597 11,94560399
1,632717231 -4,902338981
-9,190512501 11,73580735
-6,637310203 12,86647144
-0,282670275 -4,858201572
-6,779855131 12,2730496
-7,731281106 8,24572888
7,031549718 -7,737982361
-10,22268409 11,01543309
-12,52151524 10,21913312
1,934204 -13,72151433
1,568758259 -4,808086561
8,282379042 -6,809532126
4,907980706 -8,009837292
-11,3679814 11,17784665
3,641069358 -8,076387777
4,004777574 -10,4445728
5,349166044 -8,031916004
-10,55628984 8,469331779
2,736035272 -5,789692761
1,869149143 -7,099214524
2,622015281 -11,9840847
2,271919447 -11,87594661
5,052062468 -7,747052145
1,994324094 -5,196252814
-0,318564863 -5,282657201
0,507374292 -5,955966709
3,455225562 -8,418310248
6,413849401 -6,209924452
-0,321131732 -5,07187695
2,102261627 -11,93184634
-7,424760439 11,49179663
3,777172454 -8,055472635
7,077031715 -7,042060117
-0,580514633 -4,482116114
3,589164202 -10,55051491
3,100411643 -8,912702478
-7,90991994 7,498417796
3,594165161 -10,38669596
0,265074117 -5,137644766
-7,73310436 8,472480977
-12,2670693 10,7988484
7,689712573 -6,754850895
-9,925258724 9,426735508
1,192818178 -10,83715707
-11,13317431 11,19860866
-13,74476358 11,0613526
2,457765445 -5,536508438
7,066273926 -7,814645814
2,091506759 -11,69779908
2,44770565 -7,52647505
2,138687782 -6,745356739
2,520282438 -13,13442037
4,879106368 -7,753809128
-9,024153449 5,738615584
-10,5104625 8,16735742
2,728315101 -7,187850923
-8,361724337 9,151778276
4,127340089 -8,370102471
0,268208837 -7,012245948
1,467936071 -7,238085689
5,846263688 -5,941213532
1,377749276 -10,40301365
-0,523702998 -4,364188882
1,734793948 -11,80343328
1,838998038 -13,5921783
-14,96510886 12,14648732
0,443021497 -4,638336978
6,812017893 -8,521967713
-10,58080982 11,07329068
3,111811814 -7,222910869
3,500455625 -9,579734068
-6,795820603 13,81518371
1,232461353 -5,077227303
-13,51496203 10,52734106
-13,56969453 11,26796607
6,870347152 -8,953164317
3,479459411 -8,528768715
-6,151208296 13,97622233
-10,97588595 10,46523775
-6,383923008 13,69589259
-12,713719 12,92298023
1,788363325 -11,63555182
-12,30781938 10,17902084
-10,17730376 9,807839768
2,198413815 -12,37450528
1,96734588 -13,20434116
-7,154652411 13,26877866
0,858273446 -7,363186121
3,129846393 -7,968259463
-6,180249888 14,5220932
-6,992095768 13,14364871
-8,970002692 11,00838262
-12,99478931 12,89311634
-9,363072405 11,89356294
-8,908493354 11,19935964
2,512935502 -7,374215073
5,549883832 -8,77446596
-8,839179001 8,7285271
-5,943235055 14,54895403
-8,672846704 7,099307828
6,799398148 -6,205478134
2,334488698 -7,003497136
-6,981484235 14,42755834
-8,784642469 12,31148409
-11,84664892 11,920319
7,870651314 -6,668406116
-13,3893314 10,2454267
-9,38307791 9,56505783
-9,929791049 10,7744744
4,026802271 -10,58167862
2,55038855 -5,843666629
2,236995059 -7,058886268
-6,28689304 14,38425011
4,519399014 -7,571759189
-12,1331432 12,515492
2,920404997 -9,928163663
-12,02049981 12,51463257
5,615962434 -8,200202298
-7,06996896 13,84272875
7,310951124 -7,251327752
-13,16892849 12,81022196
-8,974712597 7,018543616
-8,541694316 5,647502357
4,769690581 -7,985295295
-12,25210242 13,04656623
1,816055137 -7,18491473
-13,18641064 12,76870878
-8,947494824 12,00672355
-8,466524826 5,176230677
1,692359888 -10,25245695
-8,703482947 12,0924637
-10,56427079 7,874598316
2,892145286 -11,89821679
-7,893764793 7,30367363
0,885557183 -5,505499134
-15,11914064 12,05710823
5,110911172 -7,944693662
3,864878625 -8,299747258
3,3057081 -12,2121064
8,270855059 -6,764564961
-8,959050037 11,52314288
-6,801428922 13,90883725
3,3783851 -8,96155494
-0,063986838 -6,342122134
-9,358389716 12,97233557
-8,586106792 6,354856226
0,314094132 -4,931473802
-0,62779359 -4,207994595
-8,704082888 6,730422784
1,673328736 -10,06417962
7,078679168 -7,067159166
-6,251887909 14,6008159
5,252519158 -7,383840417
6,013141839 -8,91135047
-9,394238463 7,042500377
-13,56223846 11,32195737
7,180382318 -8,025406102
-8,89033313 11,0401662
7,177299332 -7,739551737
2,113049473 -11,70224868
7,380074574 -7,319557261
-11,04214492 11,22283875
-8,524146304 7,375763883
-9,577320039 9,074168985
-6,65825034 14,62059305
1,463865141 -7,151689527
2,113221923 -11,73306719
-14,30428257 11,88029953
1,703538506 -10,31801812
3,364065245 -9,606140602
-7,97062531 7,84973956
-8,706572175 5,479476855
-10,47643886 10,94829621
6,738620152 -8,95258431
4,053634894 -8,120281935
6,548420769 -9,142954346
2,901749029 -9,748516159
-8,793156493 6,423322828
1,107908118 -7,587794472
8,609940259 -7,027561306
2,744342016 -6,22213363
8,564273707 -6,835511273
-0,223354287 -4,564937765
-10,73709572 7,754559392
-9,662909799 11,66638988
-8,572920952 9,09983331
0,191717464 -5,17740671
-0,284130362 -4,805858313
-12,50328925 10,1184475
-7,828845279 13,76889199
0,144592381 -6,14139512
-7,876544175 7,537267488
-9,544809646 9,40655817
2,269804462 -12,19906431
-8,563003681 6,417817988
5,311625327 -7,139917171
-10,54192583 10,94105374
-9,843765373 8,69137503
-0,515776046 -4,307009907
0,691967641 -7,325387395
-9,235589662 12,82889889
3,30584946 -8,886260287
7,021501832 -7,136034816
-8,57641528 7,199530157
-6,257154232 14,19865149
0,6459653 -5,278304745
-10,05538824 9,518664499
-0,2977737 -4,460484665
2,80305068 -7,124221007
3,69143147 -11,77317281
2,323885557 -12,5838368
2,332169521 -7,946318598
2,796851569 -7,112462739
0,104084201 -4,423359146
1,9742211 -13,17546915
-10,56384412 8,185249963
2,170169308 -13,53857217
-12,69940922 10,30768673
2,775764084 -7,93396785
8,794076962 -7,032422981
-9,252925801 9,628527027
-8,511029357 5,611946318
2,797428252 -8,02214552
8,394355656 -7,116451222
0,742366414 -5,541545461
-8,18889015 11,9360233
-13,58946689 11,97198617
-14,32909741 12,34495537
-8,767256804 6,406768524
2,638848964 -6,370316836
-7,925722194 7,986330509
-6,774708352 11,80798274
-11,92563278 12,47942675
3,982894935 -7,89456181
-6,469571558 12,69285648
0,646750487 -5,777619527
7,600720495 -7,156296166
2,192915002 -7,017487803
-8,690224122 8,890121067
-0,564125317 -4,557467192
2,644069305 -10,08209497
7,369609266 -8,238534558
2,130242141 -13,36622286
-9,948334253 10,7399381
3,208414211 -8,66207696
7,042293546 -7,71300441
2,096147154 -7,028029589
1,275431537 -11,42526649
1,309880238 -10,41438039
1,680348826 -10,48406354
3,959998178 -10,65027597
4,512857843 -7,812493131
1,6985894 -10,47406174
-6,99353307 12,85252053
1,677456479 -7,114551504
-12,96499638 12,71986786
3,353675856 -12,18827162
-11,15165549 10,89476319
3,304165774 -8,717388523
2,681081802 -9,038497238
3,613561009 -8,147988678
1,626138092 -10,0935839
3,224304062 -12,21933886
-12,0439676 10,86247234
2,352393153 -12,65606439
-8,549186707 5,680175483
8,247860814 -6,792087435
3,618965421 -9,177888177
-9,081108475 13,81998784
3,30586714 -10,45521261
5,401372873 -7,352520398
0,797194055 -5,476492333
-9,291175754 9,579420137
1,952507685 -13,7041312
8,048228864 -6,562012873
3,321004327 -7,938129162
-8,850628186 5,78150768
-13,49636506 12,11968239
