X Y
-0,36200981784825714 4,892226699363752
-1,4380573690460574 5,975042767671962
-3,5085407464336273 8,26093805128628
-2,022985060124423 4,798485159671056
-4,4252534396672685 7,882015893347615
-0,48805960648945756 7,018092447956965
-4,287136451290685 4,906425139572307
-3,5875887693960458 7,599949358494795
3,0858353417997293 4,6742670063992975
-0,7820285239326008 5,319227381587103
0,7681379285433554 11,388140938018815
-1,599479658612875 4,208665523588225
-2,8958333555193096 5,531032698085801
2,8423499889178627 8,519033501106396
-3,1379761683373046 5,156363517765403
-3,3377000440705196 6,035523778975033
-3,7979547277697994 5,062583779108589
-0,6810819134259631 6,845300647119128
-3,0439543852252293 8,721832781550827
1,0162369227839259 9,959848437700195
-1,186227116822943 11,495059231070272
-2,790473667113483 7,225151807995558
-4,444868454841756 5,816573310232382
-2,854846411959035 11,897558135530172
-2,6864474092565187 7,548488359660826
-1,832387949937476 9,539891868295953
-1,3246159445040107 6,114910967551536
-4,656028221440964 10,468765603405014
1,337125196330021 5,728848189368021
3,187308060115045 8,015294620384811
1,1366585402280194 9,083114727763883
-4,6792284803358655 9,185975547145983
-1,4583942020151417 9,295226861860439
-2,438231535417299 9,95787636455311
2,131892992327125 5,563956849881632
3,4267789730264333 9,496483750122794
3,0265829787448517 3,7668040054438707
-2,3146865197776965 9,208971994191973
-1,3067509922881242 7,793867658918971
3,953975107250878 4,265946606544471
-1,845008386733642 9,536612494132072
-0,9314513771462432 10,775077667797374
0,6650188258078824 6,105752856681141
2,4434963222646697 9,855062111907479
3,9968505255665328 12,104226759107437
-0,8706550161163573 6,427749004610606
2,5489323063214853 9,758216272820931
-4,903123883156915 7,414027026054895
1,4117316687048715 9,618627906344958
-4,239866203954423 4,1263302422699
-3,538544585336351 3,9748655278319225
-4,6333211451047145 9,668386425073345
0,3102826091699118 8,03758649724096
-3,832460274708309 7,9921457964324825
1,984039267760644 5,39127809125149
-2,7164571077583677 5,572855536770968
-3,6902400493903844 5,0451974320885
3,995004553121472 11,647620054304749
3,2889820407629813 11,527887548681456
0,42361432061361803 3,980110596442385
-4,970225114075416 9,400947854742041
0,2103884350539138 11,048784851396274
3,71158135303941 11,342694184049982
-3,7576161115413043 7,808061607024677
2,389272454482751 9,378427076026753
-4,04353871301435 10,791750424901819
-2,8685596531857103 7,530310039647972
2,1720308246996556 11,608769449558123
2,5953611783042865 4,309510916825158
1,199344223421674 10,774117142000822
2,26137879362778 7,737396049526457
2,451819761572035 7,144258019180301
1,2130669057493533 5,088050457104014
0,47791825658541676 4,003396594143002
-4,8524263794452205 5,653305212108438
1,3050575106848976 8,687476351248176
-1,2378093493618052 10,865871927467108
3,2080413268467947 9,814799278855125
2,018209256255126 10,334490198015178
2,110043346689646 9,840825815272611
-3,124113604361881 6,003155602511308
-0,5114621498665546 5,295524921950628
-1,1876591454373822 5,750918722514212
1,8098021544802432 7,226031837789944
2,6262394103043594 6,112466848138812
-0,4464041918528645 7,051848064044871
-0,9021793812515675 3,6042039140870346
1,9023891009168734 10,120025774655591
0,14364387431123582 8,998424623060693
3,9931914621835602 6,476888133673857
1,9365476622372375 7,1215602619623315
-3,8741999280814006 6,361649863799544
-1,3239271028678417 9,349782884494868
-3,4225348965617055 9,062381454831252
-3,7590645298027505 9,254951082307528
2,4885715853047152 5,647152224413043
3,7200288924164866 9,528335114631094
2,27934435352985 12,371894442262274
2,9208818179930143 11,28884150523473
-0,49507576737783676 3,953264346257057
3,5060910625985606 9,220087890496153
-4,833235367650522 4,486342248305028
0,2971207852540383 4,73802202583573
-0,6797865389372744 4,10157961421639
1,3711635136363185 4,72389435885993
-4,736870003700846 12,003246456781818
-0,9438253741086546 12,286569714124022
-2,811638791086307 7,365945572887469
2,3326224594475358 12,466994500931904
-4,704371993622821 7,079933588702553
1,0256719243685657 10,384341614877863
-1,5791599039868949 11,633015424875223
-4,762193958258696 4,278187382542282
2,0902434578267064 12,057238738281281
3,954132145601081 12,282658507438706
2,8068462692316913 6,739654755781531
1,7205311761020603 12,159324674369246
2,358793758693352 7,625605680981294
-2,5759810360051505 11,53644003197908
1,255370602455078 7,048166043301663
3,9144733445378836 11,573174787921236
-3,819389907225693 8,957999057852568
0,7507579777633175 6,846159290232117
2,9951497323482315 9,562740960431473
-4,6325211262196575 5,8079703624057855
-0,4941903704933015 3,7878557296344373
-0,7423412099398172 6,504215983029412
-2,013519086077389 3,845370337504249
-1,9353227581273362 6,994973312042144
1,7480337127911216 6,232656496537263
-0,40620890846843505 5,342703408328232
-0,09250544678938599 5,986724186681866
-2,5046129125196215 6,9956573375770486
-2,305595885550402 8,2446538075281
-0,4603574733126896 6,6274190138499876
1,6761854575179393 5,718403153093838
-3,611886035039765 4,73141560376449
0,5016979120502638 6,663487109266784
2,478655460763937 8,965128102949393
-0,9984023741640229 9,160003316813366
2,0456017953039725 10,656450720554975
3,336335711597382 9,462749080237431
1,7382832709646578 8,583354769661362
-1,7947162362815479 5,480424206985011
-0,5921297052163252 11,604915454510106
3,6096882578898626 8,512380826739573
1,0754268323904181 10,794112905932923
-1,3014456527255782 10,94527625268017
-1,6471384330239713 11,133784112040885
2,348668320893842 12,491339476643885
-0,7503480720796407 8,176437432943676
-2,546392518975957 6,309359273837025
-3,1911984187253926 10,783865012309583
-4,8541321733947935 7,482784761607349
3,8795194174892824 5,5102266498402415
2,7456287726401936 4,610212100971399
1,9593058562177088 11,92884592969346
-0,14838333041524976 8,785587454820327
3,9527312781866843 6,369755590143272
3,208019102835923 11,366677711686492
1,9497584935604877 5,586397946928171
0,08058651115986404 7,270107098803303
-2,5601310324802005 7,780886883396289
-4,29024418968905 8,362322759342508
0,7933370793124439 6,405070642613689
-4,33838635934334 11,943695630147435
2,1286741208254325 4,945885161821945
-2,7437705400254004 9,482581136949866
1,8991207604156353 11,022227242004863
1,4935780667073804 10,096742983206582
3,050930707004971 6,366245160054662
1,608578416581702 10,333578955877682
-4,73567171811618 6,854527050719241
0,9470383092100461 10,824960133542495
-1,9829127063589955 4,582746210869377
-0,7931401951388715 3,7625263737728476
-1,6099558389108903 7,352240027095938
2,678038135970496 7,3865856482176895
-2,2285751624867602 11,243832128396273
2,031968567987259 5,305933062756997
-4,87816974682991 10,267041949670379
-3,1203727024447705 9,54268376870426
-4,663847263072522 12,234292155533858
2,437067442637348 6,035024605829566
0,16482775892740698 6,265105366057508
1,438175888351834 11,529413437071621
1,9327403978344933 4,76038177126469
-2,2989041568926076 5,607175732649208
-2,856664440981366 6,081802376815164
1,5767002189705934 10,480240556071703
-4,7365527873729825 7,5522607137245785
3,788709342522445 5,798251028759608
3,9995333803650635 8,863228235447158
-3,86560827845612 6,995531677020614
2,256838915072705 6,967348897545308
2,3052928907505867 9,490777794995214
3,000314555699294 4,114443981394417
3,0017229384315147 8,823054700167805
3,9491623531890454 6,721062877497672
-1,7945506263885216 12,157243902791157
3,287605717405489 6,055746479933529
2,2147470754685123 10,833032365436836
-4,988231588580637 6,485130931422487
3,651004957092997 8,974024056348005
0,2583153240860483 9,856770726832895
1,2838774961141581 4,453978288832001
2,8412861620013024 11,565659235205398
-2,7139317714293347 9,241419496141035
3,1145033306515604 10,855943238238297
-4,923230759508509 7,0493281611406395
-3,4651181122019246 7,217296921625
1,9900623512186062 12,445951064870094
-0,5290183796006982 9,037509667756146
3,7925285914044444 5,403057049248411
-4,737375012856732 10,592942147436839
-4,640276618799319 8,0401349904013
2,7665630471354135 7,975201200568601
-1,3999472445690802 6,867240524326857
-3,488407928176364 10,425029167595842
-2,4751523747512647 6,198142284280555
-3,167361461321837 5,392310017936865
3,283654572819035 10,193298267440143
-4,7941270644834715 5,589870028375073
1,6830440796167254 9,844395766983109
2,9773861810372146 9,676889309427384
3,4170019203365225 5,574492902647015
-1,8704022134120404 10,199426829299675
-3,208207919351052 11,564722759766903
-4,006753309883129 11,751240744508582
1,057716376272074 9,156540218925077
-1,1082833304050768 10,827401542959354
1,4314293506968339 11,884774304916613
-3,89872463553414 5,890822775808022
-2,163098911688989 9,90468375954368
3,773112514006277 9,510954150531191
-4,686785404364861 5,423827058040459
2,4935357609481636 7,209551067780634
0,33839941884996527 10,017345389436684
-0,7826032468383177 10,173149974255889
-0,7745557255511022 9,80071766589472
-2,1030315676155737 5,726839947918799
-2,378731416085199 6,423884755981034
2,514101698664189 4,313358313422984
-0,032497326101980306 6,512926963243867
1,9777598170763397 11,741460562686802
2,7308743280886 3,8839690460254443
-0,6694554186375665 4,861433434331907
1,0789989698084792 7,911510350833935
-0,9640347557793829 7,252921236166032
-2,2106233252714595 6,307414606825896
0,05786140517003524 11,524369547114347
-2,6049225445389004 5,252817543966338
-3,9488734502933625 10,117235475020001
-2,241451267393102 9,267121506905934
-0,3764851976075212 7,253162907982877
-4,220700956479996 9,004340713011597
3,3245393684886757 6,51772371719805
-2,4524302213352462 11,706412419507778
-2,3130840984418524 7,962619502668254
0,10988636039067767 3,610435255422243
3,2748933055582334 11,665182844077231
-1,8101017072095136 7,2285438630083885
-3,7826367055642 6,943371644477855
-0,3569596483102391 7,926889620606496
3,620357256599064 4,478124642300418
-4,451795859038983 7,263027632415075
-1,0451422122870166 11,547127104017179
1,203055430107507 5,775228943531541
0,18501101604790726 12,381719182914926
2,6759725408907418 8,021688863734564
3,2715938866175467 11,146114087379138
0,8624202147539455 5,469665302740415
-4,433986835758401 12,254606532647934
3,4770557939105444 4,39810829487114
-0,9167817188664902 4,762999095679437
-2,9179244723135547 6,1667396724616435
-1,3413668704887591 8,864747596836686
-2,0334374192840947 4,657139744230367
-3,8183283309584244 11,848994411056404
3,5136324642439796 9,94777154392029
-1,8306781068768503 10,27432416568574
1,1295449945470821 7,882971872538281
-2,4710127364234475 5,160012058398917
-1,7369773569452382 10,04570924681322
0,055642083605389914 4,994292689368705
-0,496191146910677 8,111760020290339
0,034878158629839895 7,225644014575087
3,813101837400504 9,554607693593358
-4,63242150348189 8,975949557387617
3,159849748532377 12,471432075285028
-2,505112436779295 6,211525376879632
3,5028443305872923 9,571505384144361
-3,7662734744328596 7,021818903164509
1,0711482954338205 9,950638554905993
3,6874717386165674 4,928760217300527
-1,8354245987229412 4,210399993196158
1,728652410141832 7,887271209233351
-4,877594370150603 11,618061756785826
-0,9731270176750302 7,440041555200537
2,2729623229529548 11,974501409704827
0,06658947928932335 5,084493891524028
2,3121892692534454 5,282919291989239
1,1418667086917118 5,517225520634076
3,262538401623331 11,105049032761691
1,6476030463756839 4,868995583584105
-1,95254131644199 8,093601128115623
-4,277434826650201 10,42947980366717
2,675605893525029 8,365011185873842
-4,708292490391957 10,712713283724993
-2,8170762524148425 5,972694522368234
-2,837253379939958 3,8327371375629493
-3,230088581237884 5,596878954205021
-2,7078495467081938 6,645975797810572
-0,7347432421176041 11,126474144100332
-2,7827543697863306 3,9903665216091517
0,33266753593218734 3,512385321477273
-0,5826419895425774 6,730102413292376
-0,7792404150932359 10,047924271906084
-2,755803370095164 5,639636154328683
-3,3874326828848775 4,062558530980903
0,08821212634037323 5,326984093350483
1,4103808568753191 10,144024499749914
0,9350135481401143 11,048405071677928
3,5029164155915193 9,292554766774703
-0,48306506285090123 3,8482890172581876
-4,485968168460809 9,790069070654722
1,6207262064697856 3,617662869996556
-3,147955866425664 10,583439620441968
2,220130266040547 8,587596918123973
0,6340203809698934 8,48613766026766
0,5478010301904748 4,220174213172379
0,7267724189583866 3,9755762501787304
-3,105205535898916 8,468133444554454
2,9623171797987045 4,1696650298075575
1,1995455363146004 8,197253303083393
0,05691639551308025 7,6474715047551545
-2,7759276401476534 11,180899604075522
2,3062841191852925 8,670653611089026
-0,7970005536583047 11,112772840544446
2,7451272302701675 5,608336328563059
-2,368888186383634 5,121371898519939
-0,23947389037726552 6,784967820038754
3,2163499750891464 9,437987439098576
-1,924888816078758 8,462340823366237
0,44492450679237194 8,77752221866538
-1,3690733073745882 10,755119566221097
-2,247072219933857 5,882116045092202
-2,9554050140435493 10,157051980114044
-1,7412642037814021 6,965281434838537
-0,07890067808192391 6,9407457261017065
0,7670864460255924 9,049844961213502
3,577131564880526 8,570835714459184
-4,71967423006083 5,7583318695767325
1,83754248206486 9,175738715243657
-0,2443919087479669 6,969764472944726
-4,364012041045292 4,889350208412896
1,9766633687644557 9,57223175250766
-4,010827880704322 6,247293492438967
3,216827960074891 5,3499499067846585
1,0591701702834442 8,459984905632764
-1,7746241827337341 3,8652017170969852
0,9746275249378753 5,950225740837489
-1,483637407933191 7,962694315488677
0,8253903547257133 12,176678987189185
-2,078817775479996 5,844702188091387
-2,259251591280305 11,665514994692952
1,1757033455226358 4,63879620117973
-0,11174921662586801 4,023233046623968
1,1548076568702346 4,3453698196356525
-3,408997804919733 11,698518529088423
-3,6487643147953217 12,362617851675266
-0,6705316793154195 4,5241885032801985
1,1881433785793938 10,677676003522055
-3,702715250171416 10,819096552938602
-4,3017699573181485 4,066723471229561
-0,6939874086871214 12,449999332522975
-0,990323238531289 8,489711296219276
-0,9749749573483042 7,144547930190689
-1,2246458678562 12,06099941767414
-1,3608468054340772 6,987267042023165
3,6360839805549823 4,844780258346241
-4,664351797654913 11,675440180172558
-3,326654719408743 10,76225675461685
1,377536963457266 8,41723809454355
-0,6711030183522801 9,309839957323172
-4,305790884635858 10,009719663596956
-4,566688718054628 5,392072614420387
-4,524564093241319 6,945016883143791
-4,336243707986013 4,990595613826254
-0,219873078484075 11,990360510538178
-0,27523561339553027 3,8373366155539315
2,398808576303363 11,365442270705387
-2,961112628504574 7,992852186475156
0,06992118872546094 8,757994363355044
-2,310539765397905 7,91064761371305
-1,0776323081400783 11,973893261462932
3,5223585194877582 8,709532611911259
0,24076565577226816 5,529887461354397
0,14047911717113593 4,52992586306997
1,8929508546975047 5,15915183990715
1,2759245416762983 4,408483754822208
0,6060579421114651 9,24868281056104
-4,749288634801483 7,940150943489735
-2,0339485361727547 10,527832122229409
-1,3862185725469836 6,714910934210275
-3,0017649662032273 4,833072280369751
-3,067463799791283 7,127229120415716
0,3225716130811076 5,095151510737324
-1,5708847198739897 10,607054622970066
-3,0924113833576854 7,689317903158893
-0,047194183889621044 9,99169464791812
-0,3542867493650821 4,677536126325268
1,2184965292622767 9,831532651323045
0,3058104495854028 6,154872813948705
3,2539632398018394 9,966727253650916
0,5292643402420527 11,824198016769017
-1,487433999811715 3,5257276475091737
-1,0012829379649997 11,240353165031777
1,5692330952578644 10,795864913048028
-4,498633443673707 6,466947474648602
3,143238964915964 7,710766932960727
-1,8233569296934844 8,926554222414094
0,37130200321409745 10,058475300235177
-2,7453338486957293 3,65358418429582
1,5644251178179465 12,368417295667276
-4,911611417647359 5,155976948209222
-3,003019502140772 6,999695754301806
0,6288591834113388 6,420183404679912
1,1672121865466396 8,735537491649154
-2,0496842447245704 4,073551125217885
0,22159277606347505 8,74322747155315
3,3177137095563314 8,60141292343522
-3,385616570120929 11,736972829053908
0,06098455750635701 10,754139468480972
-1,7435447763392542 9,54046526050923
-3,603901008992522 11,104882187900717
-3,918301081425142 12,183296538522823
2,7952815845909047 8,460341597474578
1,8243108486681576 11,596422668991185
-4,5709178289602574 5,359212047992833
-4,47345679818441 11,331278802924238
0,7721058792112281 4,0176153322437855
-3,8689577527988153 8,743037394432982
2,8897380516689033 7,577237302126504
1,9396391428158823 10,452875823430016
-2,6137769052161994 11,938483027853755
0,8624574577121527 5,6256031129793715
1,6283636868226727 4,374465856666062
1,5683999170203444 11,715898185778894
2,7489928889558044 4,507385115466353
-0,6685295052399809 4,21427886406667
-0,4245481854092743 5,586371038296739
3,560363782639074 11,75135922159644
1,5577549882725075 4,379094723650232
-3,2145392714328342 3,601237218588804
-1,3897012150964536 11,68757830335903
0,17820100156379848 9,470737036456867
1,0311024582904738 6,589555465667235
1,3703795750252619 6,360099638876495
0,3407998229906708 12,181764568268177
-3,5639625997214948 5,646456224454287
-1,9859072578158825 4,050162947661835
3,3291115939516107 11,181497470403357
-2,631557469745313 9,26410904678358
-4,9556607681440585 4,950362191933113
1,8882043502765642 10,72004581646923
0,2579978553945397 10,94279265604881
-2,8545040789493026 3,743681485708346
-2,32843654041998 7,4068580068612135
1,9451253796475072 6,202619202174782
0,6998215007646733 7,596954216274582
0,3482246907806328 5,723129109520901
2,262198373372149 10,62640994363527
-1,934130013311437 8,650623942120035
-1,0180321921534712 9,427252530582424
-1,255455552248442 4,791192175942936
-3,5907154201416676 4,276520483436053
1,908124548512876 8,78014410010658
-1,1657432725531045 9,869109438837512
-3,01838822310943 4,285158456196552
3,722944426678371 10,99306911599961
-2,655824315953357 4,205700183726251
1,9634064329004204 3,541099775123516
2,397331379545718 8,861253784510382
-2,460852753674957 7,095775201702899
-2,614990066681237 4,56662382244751
-4,075964568002956 3,6492240111483296
-0,6888563788471869 12,065184986718164
3,6015298423677926 6,609543776485585
3,9489738946844106 6,444940092790324
-4,0015553954129235 6,661606167272387
2,007105552457695 6,045232409085838
3,51802136699572 8,209835199792451
-3,3660493177012545 8,643452442351578
-1,6219462346445823 8,661603093611728
2,788851850922919 8,690745693626274
3,744852067796039 9,37415001541498
-3,5609546533375322 10,056959595586925
-4,6737192222109245 8,257870015547333
3,676367055633593 4,728521881474785
2,5872663787629184 5,246382609859992
-4,27511957569949 9,693704895169153
-0,8276555601283251 12,432689388563187
2,362953888213884 7,284204903820836
-2,1974749518257966 8,115934874576926
-1,8609448963213415 10,794509392401425
1,0933013684152266 6,696479967750822
0,6639289287198249 4,983413824618191
-4,81515175195074 4,005438846090753
-0,8676465970694949 7,184391080795606
-1,902918225022682 6,616048962416806
1,0041692455789777 8,561934336151634
-2,131997798639093 12,112559428707662
-2,094502935192696 6,311813292597062
-3,1615170528805807 3,8124659441268283
1,206251125256924 4,124937906111865
-1,043991335590543 10,250330974033124
-2,878187015272652 7,4640658589062765
2,076867560390279 11,250370066910776
-1,8342080958481253 3,6984145583333885
1,3464027715264564 6,942356502338953
0,10979921264735104 6,235591498518421
-4,24644466989829 11,663394737472686
2,4651919619115628 5,5167038303939036
1,2250157614175947 3,5600378073730936
2,4675103950222894 6,637572002951346
-4,938896225861165 4,32740969382745
-2,56286826298685 9,043336312488401
-4,967188284134734 7,202502252922979
0,23304906882006016 7,734022892577181
3,4752369480117657 7,3589571397706415
2,1685518301969218 9,683360052063357
3,402242443879423 8,722537961715421
-3,323732591518873 4,477911518705342
-0,8668834023283889 11,584348657999174
-4,028693461946301 6,019429675210207
-4,615470468787331 7,573159309610397
-3,6583710373873366 6,955896547670444
1,5123824677416486 8,36956103989843
-2,301230957188386 8,31775743580906
-3,4919963742327482 3,6726630260079562
-1,496452648775385 6,450104666538835
-2,66643092803275 12,014667645771956
1,5290835153578035 10,265275092984501
-2,516301516126126 7,191266805534192
-4,884760826797035 8,99124972047763
3,8361330963877354 11,570023217232853
0,4637687296549604 8,476184654085001
-2,7795355504410284 5,84953565737109
3,2499421804673716 7,4733068857865526
-3,776886712193289 10,243085577914602
-3,675020493062119 5,746549692189744
0,18538013030419176 6,285508276361838
2,4491645533963906 8,513821332753238
0,04262239244345345 8,013586652174427
-3,370084158362335 8,433072484386166
2,5179004056274037 4,327272362918459
-1,0195891702696942 5,32758799332062
0,26816911779255204 11,21572118803772
-0,9146113484346312 8,98892025082938
-0,0773155038896185 11,323009119835156
-4,788477930337416 12,000255232486262
2,651427607478877 6,844390395862482
-4,525739398854675 7,181290927561657
-1,6429022495559558 8,010363815648454
-4,275717723414403 10,969693550162926
-2,87647163716077 4,418884906352027
1,2175389712395148 10,238216139209765
-4,246926206035781 5,374447775752981
2,776932986632038 7,176862673901928
0,45006771550592894 6,588341517503941
-2,94861282635822 8,337290831758388
2,9854796843539404 6,321765324619378
1,9835900955509453 11,940139253517188
3,1902513707370606 11,416767215935991
-2,3020599348995443 8,040115923821048
-0,004928752831597549 6,43369649496843
3,143661450405279 5,5348543237780135
-0,6112119191939627 9,661486018653356
2,7325811556805597 12,380632013224991
0,2703059828193597 4,835647645821676
-4,658515443178402 11,828390155103936
-1,996323324346021 4,179209160650855
-0,16916902076877172 11,381129184831694
1,6856954122647991 5,027406135343288
3,565919828632328 5,3717991001323675
-3,242820140067068 6,440102999516202
-4,557816129682225 4,9285377654129165
-0,01731137911729519 11,461570438912283
-0,4201686337686663 11,541176637407345
-3,6799428060048607 10,263374146284654
-1,4215842080015624 12,214439850677776
0,2655271814044955 12,11217673328957
-2,581978980405934 6,919842541371722
-4,093832454168033 5,782774540315762
-0,8863362146876916 12,268016626578586
-3,7612466449864863 8,023493148784262
2,9988536245777215 12,127091635302051
2,9224610993860027 6,396663246002639
-1,083794650433501 6,037254114105328
0,688735523238658 12,257223272213253
-0,36438924845456633 11,398203344892215
-4,211356246190453 4,651811565387481
1,699029974004568 5,472665984270211
-2,0052825634187803 3,9743221108625675
1,3294192941565415 5,779075152372589
3,6283919063964305 3,5535173174267465
-0,9862550389784115 4,665379467007051
-3,9420469191858656 7,307041107060779
3,746040742388498 7,8965046755835
2,339228246669716 11,344715580987515
0,6435847661235625 8,382825042943711
3,77092316472503 4,623725942284575
-4,081818140743948 7,360917435495892
-1,1005850715739056 4,247180974178926
0,6070696994788536 8,400201769965253
-0,19112528206081691 10,839829894888767
-1,2940897762805075 8,3629384245626
-0,633862401549206 4,170568929747514
2,0109266389287628 12,427559204189178
-1,7547066962327147 8,682850258761434
3,422288915063298 7,869880102626473
-0,47944600784548186 3,6486197601417163
-3,602075491932604 7,792593245130833
-4,864220376171441 7,769983814884269
1,9266637705012162 8,394973461559138
-0,5955195951508383 5,299245558286183
-4,756733333745238 6,3194972254644455
-0,12893054528920977 11,576942103094249
-3,0981202815112825 8,353452381758576
-3,5352310879024227 8,33029980989881
0,6655975613212011 11,656999390495118
-0,2585061880154216 7,5842931270551
-1,0070487004396993 5,1365366303450735
-3,7464871892616634 9,2492103180692
-2,7684844939559294 7,264415321721664
-4,450829958764951 7,249172065685008
-3,5988945655481794 5,178023991483912
0,8622957525349779 11,655744480483037
-4,688523619094244 8,777632867921312
2,502501123162129 7,999865355467024
-0,49327298451621804 9,912327778336497
-4,194893951083442 9,545837122822284
0,612137142511834 7,8661668711264365
-1,9055460978220915 12,10612455360917
-1,4096827131189729 10,842872333930075
-2,7642949369948084 9,095306855642525
3,7051722207204456 4,784606518824658
-1,9074876058462737 7,66545675524984
-1,0087979444610338 8,423512348568192
2,4907634934089202 5,1246005810595925
3,103062673686013 12,498065975290853
3,9761861658630764 7,846193037068268
-2,4744930950239885 7,35761905718521
0,821123580157745 7,543833067445479
-4,5214857109889905 3,960945045767534
-1,8431477413605948 6,0121300264846855
-3,122676529105026 9,864766671070676
1,439809497525438 3,888672565723642
3,511672491898933 5,294125829875136
2,3507594823400533 6,367472334899102
-1,3408452544428848 7,312508805156588
-4,682849940720142 4,06277372645865
-2,35132081946249 4,021196666357494
-2,707398579085911 8,911332785488185
-0,46826294279496494 5,645521766081483
-2,233659373688571 5,084748720343425
-1,1396298144736803 5,418907147592471
2,6345855561323024 7,68933967254145
-0,41914405730506754 11,219153931348579
-2,897573833116255 10,94572820963522
-3,3995716564479097 4,520322678646426
3,202827322703019 4,523696912210067
-3,738861570324189 11,713368528014016
-3,449067664510096 6,886160720982382
0,5899230697919418 11,238896496700207
2,638464250655229 8,725298846275475
-1,269005797315903 9,953542515713313
-3,7663643258952275 8,09498672399468
-4,734084575273732 6,205760151807878
2,102467723528946 3,934034590856081
-3,4156015757473974 4,010554721538974
-3,0278522155724863 6,571751390357773
2,0472982405989493 6,384069808759922
-1,9112924782380207 10,792584450902684
1,2622460013056012 6,688242596919904
3,6799106689019077 8,356058232399418
2,1133739443752395 6,947765081774326
0,6207857341634266 9,190773295750425
-0,744228746405386 9,707892298674041
0,0778321130964601 9,901732697383595
-0,9421019945187403 9,729532404950628
3,659256298473567 5,334656213134064
-1,1670059623854803 11,456471753015082
-4,789754828401233 11,566280939942969
-4,926998362124087 8,606774156790456
-0,5093815510158839 10,768640264435476
-2,846263479945582 11,779693448773216
1,1951124556642307 5,979407684520323
-4,64460824314798 10,96079181158423
-0,6783730522239306 9,169250242560153
-0,527296271032788 11,263108855518844
-2,614793785281137 10,161332007545186
-2,304515421759901 10,33662378375094
3,3462138101944383 4,395198294262459
3,9368230020531083 7,2210098943204795
-2,7811374844997943 5,184804193889155
-2,5445471662348553 6,228645217728778
3,66373708751145 12,027195971315015
-3,8296643337501064 4,43767794949085
-4,012317183361155 10,88928879048753
-3,7045733929183498 5,249920328206668
-1,2181160057301423 9,726550467140099
-4,0042482724792645 5,396906521541152
0,35710104361255013 6,936357794746645
-4,787576234572624 12,186947762116139
-2,2289529867871054 7,082207568950519
-4,440511808927423 8,795223843309197
3,6688260410363025 8,075576563684647
-3,741440004629738 4,7565209952337515
-3,2904781594431407 4,293488634022058
1,840131576879224 6,9107907041873045
0,012191410125531377 5,495474061454001
-3,285208416152294 7,533627972505246
-4,610170975456571 6,437724060569956
2,0306885390060767 5,23997775357111
-3,694863050246805 7,21695225972632
-1,9299820937831496 6,104144447018223
-4,061031866970812 6,062140297165387
3,772690102313609 10,209054431040993
-1,3964423221479882 4,620875708256566
-1,60648711992759 6,2611579116038385
-2,7185348172862525 11,329392651180818
-4,5086656392128726 10,224664687244227
-4,952450884107665 9,677075248163614
-1,4160349804907129 5,046454142608258
-0,1670833253623183 8,572621338485941
-1,552048795811091 6,322369716039242
-1,471941809470632 5,123402017921565
3,43679381367995 11,782090205789448
0,23496475343604217 3,609908658785806
-0,8212826527006367 9,618710089978391
3,6295085488149166 3,5453796726495366
1,5655830691636705 8,641648259226612
2,795254144359248 7,025458076581563
3,5196463593926612 8,645191702596788
-2,846041754959006 9,976394110304813
0,0749378541063308 8,111562047671892
-3,305015567308493 9,186864512349354
3,3319411304189295 11,34372552152847
1,892152409862006 4,862037765340671
1,191792056610777 4,7988303676112825
-0,730943751201405 11,5856840015296
-3,4442124186104635 6,261773250252514
1,9531248019890501 6,406162567600282
-2,66837046227106 11,13674438617894
-2,192883130514745 9,91854420908427
-0,4535072753459888 12,380128695107153
-2,0174169271871776 7,764944199497348
0,9768429653348134 4,834359194034232
0,33115305783499593 12,43877253846679
3,487644057768126 10,538284513246936
2,0846829632311374 10,164883332547976
-1,855091385051571 3,9346249299353495
3,947491177452971 5,807689247704824
2,0691408863025025 8,072800248953167
-1,1459264504865518 9,994095633162356
1,1663158367620081 10,800603560028486
-0,6521615821025986 4,511003162525114
0,9838555223766949 5,442589328633624
2,4396744858287454 11,411155726901
0,799508821798427 5,380351570341974
0,23541350456138765 9,893139049994234
1,9801719751227953 11,264307669605076
3,0592044753244654 8,791772805331213
3,1070189842827816 11,87634703570825
-1,4890876986088273 8,307026785311109
-3,8934334731135696 9,530733964513303
1,113682918527303 4,4290302704524365
-3,2346368557047693 6,364274413789769
3,235459098296303 5,286979609691219
-1,1059082495149428 6,606868615049509
-3,5087293465501013 9,16990325414676
2,8836839619410455 10,407643399384884
0,8815740335221083 10,615285330363673
0,3615715086507185 6,567334029318383
2,084439409058149 4,718586439695498
1,3976121411391134 4,95515068317192
3,502959173606232 9,450479925257717
0,9601309394553095 8,869260995008288
-4,965067632512774 5,791736101641855
1,1656669816076901 6,772643310178967
-3,661398636693683 4,695092707028256
1,1696042381432088 5,3672097810574755
1,2331230435772795 8,887305935701022
-0,7964987311598337 9,143366707875298
3,012856802365638 7,875017257234697
-3,8260651876925516 4,193127680639311
-3,2953841070968175 11,412547917754084
-4,4304732908695845 7,686148980397024
-0,13904729894194734 3,598974405869577
0,852927322830582 10,390185335593053
0,6365226179355368 6,496189751654205
2,363052081220851 10,420143954953877
2,016247618354649 3,576932409284773
-1,0651780960739599 7,851201018513292
1,0374783008512551 10,82935809544766
-2,7291471466546304 9,8589987227386
-0,23484924601786084 4,319124688915552
-3,2950907837965446 6,1705444531446245
-3,84559471783719 4,638607843257227
0,9184761371475467 6,102066835948511
-4,824930305441775 9,990250357516091
2,1084769501828875 11,86259675803339
3,3421982696499253 4,2297526804483745
1,7881575898990816 8,532932390769746
3,129922150898672 6,333582182332453
2,78434991067852 10,724404793250626
3,650546969080553 9,024665326635997
-4,984527473294147 7,145070177223781
-1,362995236587202 9,971783754341967
1,0528747628827855 8,615256916883979
1,1767851020702738 9,96345501809365
3,5146097326905377 11,494647380130505
-2,203617058181489 6,978653476384886
-3,0961845147844897 4,197367297016933
-3,599150377163002 9,97040575279788
1,0384307360494471 10,57919113351828
-3,7712330665188487 7,010983918064513
0,9274971153149734 9,124212412583145
-3,725094358740064 8,09898309220711
2,709877136117056 10,431395702447178
-0,49174724112653756 5,050256243348192
3,315996981941458 10,24016567042002
0,38192403840701505 11,098895429241143
2,8228065311126045 11,348935157882782
2,983167637156951 7,659300124706202
3,886986426124107 6,378808413528259
2,335944251736846 6,315916212178014
1,379388893342825 9,051457151686982
3,6875911278073144 10,22414206990689
-0,1389990466184905 7,0976047424555455
-3,1188111710020596 12,442971735278174
3,350282900502794 7,3763286151768455
-2,9060902481145225 9,636028380453633
-1,6451495159045226 6,013240018328383
-2,415459734429594 12,136120361004375
-4,7375252025049 4,774232316891843
-4,96675509040411 11,686444943660709
-3,41183944823835 4,5246644213870955
1,1150427337400934 9,940995894386386
3,6327844471839548 3,5757282447159326
-4,674792658682996 9,910017885988896
-3,0469203485809926 7,243327580400553
1,3098610858769817 4,909507494963341
-1,6639102900817977 10,297664493724007
-1,113296190690758 5,349257737221052
-1,1338176492181047 5,310241662854466
1,757514601584103 7,634497249950325
3,0900407364127638 8,265723815150045
3,3214730392985103 3,6934592254434504
3,89133732362272 10,92271931612099
2,0711901723703052 7,463681681900373
2,9363751160928286 4,763067212819599
-4,573685790501926 7,070956291888738
1,615604322789883 10,296992478477915
-4,668972833919954 9,88239205483659
-4,076018112571675 8,720962243279903
2,336279514597557 5,572327243977455
0,2418966303170258 8,977894745172563
1,336521228822976 5,56924322554698
0,35247465922374843 11,098490069581365
-0,5234204819620212 3,90888637034051
3,4227147244815956 4,297505306893684
2,2162240282314816 9,668878491329899
-3,7531511661879224 11,39208945935533
-1,1910993063208908 10,23973110445558
-0,9392877211396948 8,755983435636203
-4,662609776602764 12,400207253734802
1,2409977946091209 11,894392585397513
-4,325003202760474 11,293578544938237
1,151363394788314 9,37408431560084
-3,9840633498357017 5,575085786051921
2,697869630968029 9,462321676234575
-0,5015852406057464 9,199138083503183
2,223771384415037 7,458346348784422
0,9392417177167074 8,503955234471752
-2,5942522730046473 4,0062372612878665
-4,765056040622578 11,494421054796799
3,213342870515987 4,2137268169039475
0,36349881841511156 9,889894547535373
-4,977380414622156 8,003770886712262
1,3686267042958074 11,244319881776965
-4,623771212926917 10,742644925830497
-2,6415281957484695 8,117527870250226
-0,1607500148150791 10,670437360687538
-1,9054510543686973 11,495846709291769
2,8815107369285844 11,152259638115495
2,5346155307956035 7,52776435377925
-0,2568124880663323 5,022225520171206
-4,412727776941956 7,4174641345909
-3,1095573246004555 12,140128548574188
-2,5756736754027294 12,115459363554512
0,5595830433973408 7,346393003233137
-4,310252904678587 3,9139682402735407
-4,603524052230268 8,149266270488047
-4,8877611336051325 8,2572577722069
-2,245488213021635 8,502618294978866
0,9543084708173906 8,951612019315231
3,3823375502597823 10,389751462001971
0,8146472578726307 9,20641052659063
-4,585775001264401 6,8697039857859235
0,16027746916266405 5,370029547988457
-2,330301473144178 10,381370962753246
2,1928345053641705 10,514306715423055
-3,9951894744077494 12,164891023106257
-3,106927633918998 7,977606581910437
0,5652355083535943 7,131667073314546
-1,5611638966151768 8,661106726332807
-2,943539526755859 8,446477317327982
-3,911950155371282 9,705087378528049
-3,587685404074401 8,56115803055431
-1,615596368618188 10,078436928594497
-1,2042693207461301 5,987360136741353
-4,889190100262877 11,35699808738072
-2,8790307879820696 10,626700673047527
3,4466611938877936 11,932831944850944
3,387899996348125 9,469806748266745
3,5010251506139713 3,969268734084849
-4,979898095600962 9,700237554440456
-3,6821267395842163 8,59195304696059
-3,935207975528741 6,597360116119761
0,19395125563148152 4,984415576591122
0,1715936397587008 4,046699564188766
-2,747947288404915 6,688623066066814
3,223063903679373 9,493352671401686
-3,293602129659218 5,491827842617891
2,4146251925462643 9,05726243934176
2,8750444539403928 7,42273545685579
3,346187753363118 10,052288193043266
-1,2873893289081324 7,371290499142922
1,590353484826764 9,793305734500771
-1,8485538623100233 11,32879445928079
-3,5882701006534194 10,016724865063631
-4,938327824074291 7,553624568673809
-3,9963326717141805 9,624112996712633
3,471383938876695 6,466867742481744
-0,1870537947285804 4,062423489367773
-3,875045991243249 10,488691335509227
-1,451902971676562 8,947642415302525
-4,6341492681814485 10,10660209384084
-3,2374858348044757 11,986599689238846
-1,5492089074223907 9,401736170408828
-2,228169935842978 10,113856530484474
1,27147352851952 3,577910278159817
-2,6391071760348153 4,5278680089059
-3,2417426162612477 12,158341325310694
2,9212402657391996 4,222812542964977
2,0171561413541976 6,96836372414009
2,51185321588566 10,516911223972906
2,283145618276971 12,069602826244301
-0,72300695083291 7,576580222779603
0,4275465584004916 4,261916413127347
1,5209899493167418 11,679885378478389
-0,668121028254923 6,755963753459119
0,2595743305407341 10,993043040648317
1,2976749130490282 10,32580732657618
1,8513330106017216 11,819855590517125
2,026983914426447 12,225529288312632
1,5038958531495892 5,268260149245629
0,7909992231350627 6,948217039610782
1,730257384046662 7,37353496724119
-4,445849139340256 5,103739829914241
-1,0705832221758689 8,887433395569392
-1,2360734564599953 11,920499746820415
-3,636667158786799 10,554705029498777
3,8550538233432476 8,863371221452798
3,7336708412309054 4,122326895326366
-1,9800517353827711 11,799079894541178
1,6309884508330308 9,460744460686588
-2,2483835875096707 6,491065496202914
1,9050364103684192 9,694296907232506
-0,8715816064117226 8,137763804744708
2,401369713490105 4,435774163200597
-4,057358875818978 10,358780186324285
1,3125584609516867 8,10017446658809
1,0766143841396367 10,475904687424904
3,184923281644604 9,59721408815927
-1,79764589501392 11,223716437383537
-4,208565483689771 9,966620009707427
-3,3448131715970186 9,976137140689989
-4,628593683766899 7,663470903884335
0,5634956131598727 6,945302317096543
0,9001948214279754 8,47339698800274
-4,306657193172682 4,855178712872636
-3,787872410236596 10,748047114631252
-4,059480233299541 10,912672375893983
-3,1752395835028144 8,879919040720804
-4,606813899958397 11,276868121303293
1,2376955784559582 6,326276554830777
-1,911331789741765 12,237395659363974
-2,3153428289398197 9,532266480898164
-1,1935681719469056 10,210765217014533
2,882216245282418 5,620788219636767
-2,2621264061256183 5,863074667830928
0,8054107347522201 3,5442772423205495
1,4224807362281826 4,38630886348986
3,1663440931852236 8,956960034166457
2,7874401902441592 6,791430190077755
-3,4339518246883127 4,661538133494679
-0,9869667188402191 9,036949243452495
-3,526591873399856 4,98926576924751
1,0975095886354458 4,503802088115256
-0,8840060855584735 6,28820222181613
2,5808672638904984 11,652762009228947
-4,330557648572971 9,241022535960237
-2,7812317861165017 12,153050680177437
2,081824759232484 8,916876273511466
-1,1999148168366274 3,936231790056599
-4,856210151742775 7,419029780718264
2,1834884422334504 9,46063913588213
-4,046024256796969 8,846412225950273
-2,240699954774196 10,538906728919617
-2,6868392011138207 8,907095222652572
-3,8031595107315463 3,5208965176806153
2,071816290376022 10,348379389552761
2,8899626788576143 3,9075589850520456
1,9537341267076505 8,132361997896684
1,2224486317244123 10,02556132311569
-0,3069571052795812 6,468253549470104
-2,7679930750141923 7,479022133680457
-1,343259726266627 5,750726202038128
-0,2758085466993423 4,475409086504493
-3,239009217745257 3,6727753483577854
-0,39934190927669455 6,6411989771045885
-1,8074236098854506 12,468548000016549
0,24777099154872761 3,614915167312886
-2,4837683101130312 9,684641069160126
1,8328702961610448 9,057614224256607
-4,357739023958291 3,7114287820427783
-2,4347871423842173 4,951413259579219
-1,192069360167043 10,044363546230457
-0,2309588662205906 5,338940112116315
-0,3438102185430809 5,871520169895359
-2,7533410944087895 6,700690713990047
1,1906704571675277 10,394150106201632
2,638047229215756 11,538532667699254
-3,232605659646498 11,739069790616758
0,6649737037183501 10,701548552918132
-1,5281815932772496 6,230297180370157
-0,6023776792353877 6,639605967942321
1,2047157415261758 4,61619307082481
-2,0150266213473924 8,530067845254633
-4,3140202341558656 6,439107945069521
1,5953777742080426 4,760889172537197
-3,747551670539514 10,096916709496652
-1,9889066952773167 10,810337349393809
-0,17530728664136053 6,399148193972893
-1,1530705823792555 8,963494583721678
-2,0315143032985996 8,881471411712834
-4,154561045752854 6,773154690236639
-4,903054354703621 11,002751120740031
0,6599301018314314 7,755210440226
0,5379578991759972 5,740332788702409
0,7185568960776987 4,09663794061121
-4,792495474936112 5,608362839964022
-4,690343372623851 3,607461395941364
-3,613235716109925 7,092444721407073
-1,735983414890618 9,73696027489847
-4,746569841117242 10,308694037529605
-1,7122403606523768 12,14602923027828
2,862029369127102 11,714389510722
3,580444028885225 10,863399017893448
-1,3745131794126109 4,192458414217676
3,466577253593833 12,255348339060994
-4,869376744282416 8,278999144641631
-4,099141890447012 4,7923596862248665
1,7797036677265137 4,1882486354321316
1,4686691961720548 11,12724893628985
0,6194718854202073 6,854891332823852
-4,751898669223052 10,698671982070891
-3,0390005682460233 5,062565358994275
1,171617629163257 7,476771320941608
1,3481929146853435 6,050434900280793
-0,9524781467840899 4,5941833788095785
2,1032640771941145 12,451630062650773
-3,8651158813854867 10,042696260451532
-3,102239924032175 4,844230815582041
-3,6877607501816043 12,485187093761159
1,263732200662889 7,609881876313452
0,17109700519409188 6,825760048043924
3,7338669996990017 8,169645376309026
0,534504001778279 4,752196829304488
0,18042658090877772 3,6163393094387155
-3,7782338688352346 6,718456210706844
0,9004586463939157 5,588154908247843
-2,3721429800826823 11,680844508004506
-1,2653012370312533 6,023596042542405
0,03885116514696918 5,034064994899399
-0,8981122636928935 3,984744249700084
1,064856868622586 9,973289721466319
3,288525506873313 12,012515594537447
2,9987052520042674 4,933859346587473
1,4403667988502926 5,723754227758824
-2,1700040862939343 8,165916336244365
0,16157135341524587 4,8508437909738324
-3,9001801688398063 8,965261633644133
1,7120745387392846 4,339753865192295
-0,28243151397396105 8,337500989372561
-3,225936930493342 11,843834317604546
-1,1914793171266975 12,388766411139311
0,4570315666197544 6,712579322214502
-3,7736873435476985 4,046849561438209
-1,8931388116325918 12,429411964806286
-0,7440574301775555 4,120122618769772
-1,077047470698706 10,459266492499104
0,033159948689758245 11,631885865423154
-1,6043189071601218 12,262667883382894
-0,9106393326676798 11,410857579123068
-2,8333928477647286 8,098360500579862
-3,0616591736796863 8,628449993179181
0,5050129378281474 10,248616029715096
2,473213981788298 5,882777742271555
-4,374707319978162 11,995869265738325
1,279060074350876 11,173259012093926
2,252634078550579 6,979242648249664
0,8734225378673708 7,838223080728842
-1,490224206163135 5,2437169205975716
1,1687173187927549 9,746743283299534
2,4367759545357845 4,767869725089685
-4,308971259016828 6,667025657371214
-1,0837330918608106 7,196914741412581
-1,2253663654116274 7,64421335666854
-2,89514472375072 6,713748152337707
0,3014984491401522 4,557625687415724
0,32952751979080563 4,740355376316565
-3,22923854564704 5,894263105934371
-3,621156780740135 8,352689214751814
-1,4868968739759838 9,869785375479267
2,061482754632629 11,814800675134723
-4,080774708696618 10,132502629030373
1,8119115776251178 10,812440010672464
-4,75229630803949 10,6417762413765
-2,9013655863240917 7,7390057554082095
-3,395800870582667 6,498140717040041
-3,359968961772002 10,746444187800858
0,2607718812541302 6,969700766030169
-2,585259321402998 7,452225787858783
-4,798628726854812 4,500394709181238
-1,483691916666484 8,398242125515264
3,047978533752003 11,4470323915276
3,058630723288619 3,713104414100627
0,6896130638692393 8,642853836459501
-0,9221538795728756 6,704920100392583
3,597744014621904 4,598660227348628
-3,87639049603219 8,077052894459925
-4,608019070066353 8,733376599487539
-3,993532754160412 7,755964395550394
1,0588371969541468 3,7661317535081125
3,064861556013298 9,596351000630726
-0,5081329832579851 6,8707388202367135
-3,3027506993556575 3,6043543448869073
-2,5083345822507175 8,697039950503667
-4,912218477742707 12,02723165811718
0,16992980516271228 7,937461118719295
0,3750501497502423 12,399491603024845
3,6744827612692124 3,83811558687422
-0,3990603272756079 8,99863744731591
3,118122499923647 9,033792789667507
0,0037189389720282406 8,788756673285691
-0,6660121632694809 4,928890694640215
-0,30342716423845584 9,685823804792523
-3,3295389650714937 3,9491190737495634
-0,784213842359911 5,522473182176915
-2,8627327981593345 8,919204689331224
3,2355321997685103 3,7540108586248184
3,757947113363093 7,0962108906387815
-2,7008675197804672 11,254390857190447
-0,18545588235300148 4,173815580680835
-2,785901918142716 12,072420701872801
1,884101497321664 5,065463936711109
1,9394667087763358 7,983420330922401
3,4529202231299507 12,129544291193167
-0,589476650505417 6,851951016821239
1,751643614235693 12,118437215325061
3,8782016552480894 11,297454640747752
-1,7761838606911118 10,22343411882679
-0,9992434432613635 8,124905184530537
-4,17250184016556 5,634296911525037
1,5288210260848256 7,478347738514165
3,724800141330322 10,342521021397964
2,2726569038184046 8,349046398688726
2,707031633645025 6,007349932579816
3,626774264908681 9,90775189002559
3,587899477878569 5,874465838380396
-0,30678576641625277 11,342984028122267
3,3214757676790487 6,474097325389956
0,9454446353286414 11,860326029774676
-0,07574922798987949 11,021439017260256
3,951124902802322 4,327482153812049
-0,44433206111152224 5,750166866729646
-3,1511739445392655 12,285620030424043
-4,882240991151346 6,158049275577618
-0,7738019439924644 12,074097451689951
-1,7535404660967648 3,542412890359027
1,6100704175657095 5,4590382539859394
2,5265150222621067 4,878961656956222
1,456589009887212 9,686570977375045
2,907768070120804 6,179555564678589
-0,4607220694591163 6,773535960357597
1,8898759445263513 5,931392641678415
-0,36845779990335537 4,997705298549001
-2,713590235193531 4,943560584678252
1,210804866775911 11,925365689125567
-0,47289358490583133 11,248845003479904
-3,929944279409387 11,919527961931648
-1,1410094228592236 5,474884420216554
-0,4077219404979502 7,032029430803101
0,4908945589945013 5,9640907641603285
0,8111531901266318 4,425058381307347
-0,6104519663670454 6,087062652160165
3,721906239574672 11,254491862843444
0,18338073584917325 4,268196041036068
0,5844386895993008 5,112334726236983
2,9408176510224138 3,8191318270663874
1,1902479350598618 6,047319381157518
1,2928724805380032 6,93224786415817
2,8999644967645324 3,7558047155277503
-3,3248957082528485 5,795693956229714
-4,919451506179591 9,616106192941356
-3,3975572224366295 6,780858033781097
-0,4192810159277274 8,139837192891378
3,174526205754521 11,295793938350673
2,759627515349857 11,404755306844162
2,2698406810453635 8,479135481435817
-1,4702242699419132 3,504362726680548
-4,567042883570432 4,210814906420533
2,2858047428614956 4,2255309960144265
1,8699093649145668 9,050110102319085
-0,6954010743694639 10,465931495138477
-2,9678554279176645 7,77724724536094
0,25256633440713827 4,432260983745275
-4,291850953365367 3,908583321543726
-0,7956921207473204 8,00439965590084
1,0170383528329054 9,50500129397728
0,13223831522495377 4,87299950132288
0,18652688452062005 8,679246475278271
-3,641805406115612 8,06876497855165
-3,818909355958506 8,470365850351342
3,4968117704132986 7,9021253417723125
2,7726573057732633 6,6184191588206875
-4,946709580941051 3,98819762946442
-0,9762192737519024 8,351831770554664
2,078196517756952 4,955806060491319
-0,5384627681581264 10,792134308968185
2,0987964316236116 9,894595355844894
-4,8002081910358445 10,27735206573783
-3,0448877221929576 11,57477322891991
-4,743185128057049 10,397395983970188
1,6971140528662367 5,564404878859874
-4,842507819934915 7,595470630651525
2,9370972222045477 7,515650555384304
-2,593222966892953 9,783637548577953
0,08269408127442457 10,709142734659457
0,9986519493751391 9,251585680369518
-3,203406594519686 10,914931066988274
-0,9505443484890721 5,800774855047519
3,576421364702048 5,7243133100332795
-3,2225616249306706 9,34435173981957
-3,7746251033876685 12,3374890410862
2,048754860234631 10,536887366933119
1,7345156564007125 3,9420143323539296
1,6119819247213476 7,097218758597466
-2,08603589206696 3,5949735336648674
-3,3607053490571492 4,207093107840607
-4,397787653867895 7,809245862423211
-2,676517766546792 3,851658626516521
-3,268315446011552 3,5342930482008335
-3,3937577181492915 12,06725164548106
-4,617954022058271 8,985866600823554
-4,510753734091039 10,614663872433063
0,1830844599310053 8,617690345796511
1,32905833333308 10,486200379477964
0,7473624326477184 4,532812245551624
3,760665287273323 4,544010620732964
-4,6494143492305575 9,38051181853352
-0,11800496298559437 6,395377576151077
0,4756747987411476 6,515766221930635
-3,295340569870527 9,422077122554963
3,6031408261492004 6,423247741242061
-3,257347957974014 11,076067218863443
0,4025099433483197 5,442409415027903
0,08092269471567803 7,499902147568257
3,7569234964795974 9,285398201478552
2,7928387520305513 5,8701714498098
2,1811404388777555 5,775815516418326
-2,890232606919089 10,45553386001189
0,7677884181271546 7,424656475962081
-1,2798420603016072 8,982884160952924
1,3072365928291063 9,152137528732286
-0,45010044681065686 8,551885144227839
-1,7128642013096513 4,991643395935312
-2,446466200487597 7,153409621529889
0,5426121907786277 9,760459954417316
-1,6503399462162558 6,299330589722685
-4,162344830732249 8,856079372775843
-0,2844819532624081 11,480091444405408
-3,945480770855747 6,2889015866497076
-3,1880052860796946 9,157855544106507
2,894371667505432 12,388036480039917
-3,778738827549596 9,905447467509326
-1,638028565384679 5,4929310080013725
-2,193926586915666 4,984036297945234
1,3849126292940221 8,075015215792167
-0,6871607422275794 12,43197231008173
2,5150448553524747 11,722854422591638
-3,15408476584619 5,467756755593407
-1,3274726300931183 9,15405246920404
3,8419155209395885 11,028950166813274
-2,3264723704713726 9,557777403416392
3,8516023019513863 4,411589659669566
3,737547095655927 6,137096052973306
-2,168919347406838 6,161809062138205
1,061833815538562 3,6981722874883918
3,469756162267595 10,76648407215628
-1,025664395878013 5,041337363584434
-0,7506886705364257 11,18463330039938
-1,2393949188163358 5,519279913208079
3,4440775499552103 10,482169710819978
-3,2360276106078176 8,18610241412313
-1,460196192981607 7,189110811093159
-2,0719665089501955 7,421793848804528
0,9983678948085908 5,988307203688194
0,13428614372809378 7,217233247508125
2,0183027259957083 3,5145072014611505
1,6132767172930285 9,777035499772492
-0,6692773436345281 10,343029444566628
2,4288262620155274 5,780901424604692
-4,238587803452516 5,928193829471825
-3,8692121454790955 9,757957244303096
1,021105621321877 6,247546285097609
-3,384255726285661 6,663385919645356
-0,8840197937489629 9,619361685695552
-2,7233459819934738 9,018362835373496
1,2270747733045795 6,072206753783255
3,005719196049096 9,623119955780894
-4,962788295478174 9,616619494275874
3,819487149752753 9,813472531056078
2,5314875640597654 5,302162562436965
-3,7913932327868443 9,520380094106644
-4,586678793620997 12,141530734704215
0,5762087706058656 6,924930410137256
3,227043577844153 6,863678410371865
-4,328381991509696 3,6435954608017065
-2,215786224702076 11,450087592501584
1,4871614050377229 5,073961576202113
-3,9728322372317133 8,869655074886502
0,5528189660053897 12,29109567382415
2,4903597697128346 7,370459528531766
-4,284248595940897 5,730091472270842
0,9599924512207716 11,46707781366758
0,4408607198592769 11,460136682566247
-1,8123081259895155 7,1935061018322255
-2,0501718613829394 11,822371462026044
2,1263740799517823 8,757181175990766
-4,652441149520469 4,92328436143781
2,5965456602063517 4,990426374948733
-2,9055081443278667 11,505948187617468
-2,2965587404826846 9,97499862610088
2,453564067397317 5,62771972109146
-3,3842612616054715 3,9090467672634146
1,2808564246163279 10,403830171264378
2,0503148518075403 11,63081618148291
-4,5841847194037655 12,048105735083594
0,8276184660250436 6,901952382100931
-2,293561091018571 10,024799359404849
2,717447483042566 5,514823215934913
-4,584314343131303 5,62407555256693
2,535107872697714 10,658455406548331
-4,692378693381692 11,127972806870194
-0,9465968714081443 11,03018295742038
1,6102411143838191 8,367374181854146
-2,7085984630663074 5,724669371412472
-2,102100589250109 8,980433621090093
-4,449741819545842 5,61222416781775
-2,11574764662065 7,2243268274435
-3,2236770287758567 5,887856382103358
-2,4406694784918015 12,45780204421832
1,21134698666099 7,7565007139623
1,1856339621047622 12,372168808956516
3,9577675649374875 7,565678085081892
2,8315325416193966 7,9556701048058684
0,7250871391048124 10,83847337960303
-1,7801201200714467 5,948898259925393
-1,215624804078315 5,279021086475104
-4,554610029785896 11,462665426148511
-4,20898588254356 12,497053276566549
2,812883364769341 7,746448146219187
0,6491890751032434 7,978333492366188
-1,1409156758334316 4,1676874535426585
-4,606110630892582 3,8866623863816163
-1,0829732300853303 6,691949483570292
-4,242556060602195 3,5882029103293336
0,6482520754905501 8,960154976593582
1,8038959268020127 10,393340288526403
-2,0724555971610172 6,085113847679205
-2,2501977516581615 11,449446242331732
-1,8570433233015384 8,139921310546288
-2,9106388975305926 6,061642905310069
0,9429626433531189 4,329419555265408
-4,915889395830254 4,023460054774283
-3,7936260529466104 5,707495697229049
-0,3790267655987227 6,4308487912766035
-2,733569378205978 9,13677049046689
3,8462453286908094 11,843265324497489
-1,6097029306135475 10,40744304738485
2,8222532673739575 9,845307385650264
3,4091286869354054 6,347356899815182
3,807267628896403 4,038356158348588
-1,460808286870611 8,823881233601359
-0,19530435029742055 9,228806354243385
3,538259544419173 11,704937177341295
-2,0792717450020923 6,650133646212725
0,9177354251338032 6,485752596352782
-1,9151094677948883 10,895551129094018
-4,8726281466582435 10,034906744018416
0,06200293281417313 6,77298197368129
-0,6142600042352315 3,678889667185679
1,9105123794016592 6,5056488661412155
1,4039447540709658 10,882064104864263
0,7983083290100081 8,47101832899992
0,45983726180882556 4,242923724480845
-3,2367487687176935 10,66504169214009
0,06291554324160575 9,104082236708594
-4,625898875684883 4,7952675913764935
1,6438795675973568 3,9545827162740803
-3,3703429458283223 8,427742982315197
2,316338512151102 3,618577133870185
-3,9611761646615102 4,423194588607775
-2,445454430883632 6,199649820558118
-3,2302772492862952 7,748255495153624
1,9702549982283175 11,738658630456362
-3,0811305207608877 7,2927930465818775
-0,8400829869216784 6,435588982145867
1,7398211519471207 10,464290397700807
-3,9005396222090347 4,439465761100277
-1,0087930300451404 8,804919566093197
-4,425766491009552 3,533145642236778
-4,026439816107753 6,465143454604959
-4,907698049657482 9,749820383285412
-3,5891694129345506 6,738563392123499
-4,656584274800478 6,166054636716337
-3,8084218458937995 4,618629676115038
1,2629828146008464 9,919197213095922
-1,4100615088190716 7,219218291132242
-4,790261784947662 8,220792985301673
0,38840080790436193 4,30297118105888
3,428440207187771 9,244582760127049
1,1434845102210165 9,738160992852524
-0,8071284412423774 11,056099738051426
-3,5678903741463532 7,157554805075389
-3,5442320332796937 6,78073786203062
3,57299930122808 7,1661394647181975
-2,4221527176186775 4,186706225927148
0,08968781716813012 8,191378066137197
-0,8673033553148386 8,269402813994734
-0,7415223952329137 9,145717415224293
-1,6600222405746292 7,417805604531022
-2,4723572946135737 3,718946742220558
0,051851962458515644 12,281018806253712
-1,669472011385286 9,477632272687487
0,04830235420844442 7,448581543732882
-0,5062525362413473 7,021706197041421
-3,455503562055317 4,510880921266423
2,199522591449173 6,461758002452832
2,91876232213839 11,737156527769448
-1,3138578250168687 10,051576786805512
3,398908308768547 3,870953820087871
-0,10450132944126977 7,582223887977548
-3,414930173439046 10,880992995019565
-3,483608586056972 8,041512097834001
2,0897731588057527 5,7772955235557335
-2,630518703241688 5,267975915985129
3,492208191580545 7,373656016826048
1,3048727672310463 11,26707533363042
-1,092391447720948 3,756185933501108
-3,2886819338118123 11,104553128720326
1,2142839360162068 4,220647234684668
-4,647045846113024 6,019721946386348
0,3521394854577924 4,04530203737604
-1,2199122193786618 6,163156465700354
2,100384276177068 11,557509819977708
0,820744145796092 9,799780287358018
-0,6449441142872834 10,841693299521783
-2,8392418651965183 9,431489816877166
0,9144486009718875 3,5792842209693467
1,28957180221321 11,122030292798494
3,6692918383061564 4,26009251989538
3,0410621963430415 5,21778563778931
1,9168516569493637 11,728903829818593
-4,546807052808821 9,23081465162237
1,7084161892656375 4,232074952846345
-2,6617977732486424 11,356879150268224
-2,2028140413354076 9,808695733943168
2,2553195039554694 12,207240026823833
0,36347513785940944 6,4930507331105645
-4,178249047420644 6,885441821234282
-1,6019760069944677 5,5374136275188075
-0,4956820453277295 11,177217906131734
-0,4815575596018977 7,458332115945678
-2,317486831629835 7,597901640653561
0,17210874648602914 6,939374795894723
0,6512405129989842 8,494411981956675
-4,3573583351771425 5,580866389040764
3,44738226260516 4,1786318147014985
2,018110108712838 8,263822485565143
-4,8371349919157955 7,076287923097661
0,6879635668422344 9,23134495122455
-4,8194585175444775 4,33927356333719
-4,795728702746478 4,577668230811993
3,2545768795774634 10,799347683948177
0,18951738033501098 6,482503514235093
1,9922950750892898 4,904507702117812
0,4954925296723003 7,994220317971773
-0,013283102580656347 10,094830619178477
-0,3674119457415008 12,32524069287997
2,656055441131932 3,5957256807912668
1,3374873174760298 11,01243503695641
2,648632938321632 7,144004501006218
-2,6481967687497194 8,111771729151368
-1,0842958350667464 5,623504530801193
2,070960470074528 8,641907555534335
-2,0241217782234693 8,579708584022496
-4,447435879771901 4,001735197508309
1,40202231835588 4,410820173492433
-2,9367205700886245 11,636289846548758
-4,04766122350861 11,963414137150762
-2,888247095472571 11,520608561303233
-1,1920313351298408 5,417732706325394
-1,1178562177102696 11,79386832148293
2,560673734726576 10,121516560254939
1,7262552715487764 9,316112250864311
-0,8779988633247227 5,312208258436822
0,34227618782458435 5,757210024807489
3,319192072534424 11,214387733749938
3,956884503069457 12,104515469404733
-0,822425908857527 4,88786617791317
-1,693839726430726 4,014766184346525
-2,4582857339316666 4,6785697604963
1,01712594513228 6,123372187115551
-0,6884613392831183 5,119534217442133
0,6806644531091894 5,764527714922327
-0,8147881552127707 12,464952820806381
-0,238379252258488 12,116540574184768
-4,56201252608656 6,988205942352987
-2,297537328251496 8,150760948168905
-0,05290237549363752 9,145706256010923
0,7739014367200214 10,962217544050631
-3,1324945112901204 5,943497051648254
3,832417169349439 4,38819183196822
1,6601365534754553 9,245504230759433
2,4240018756053443 11,560387646491996
-3,1767632232791487 8,010150320600452
-2,223604728875583 8,943412910212663
-3,851812425103567 3,943961411074507
2,1989376437237134 9,703582369900818
-3,4712999104443063 5,378236385894957
-0,8866691248509238 3,6483501314648814
0,35023706142617606 3,7462878595183797
-2,1613926148936455 9,495616715100155
-3,4609816038436154 6,233855354429965
2,725980945556622 11,825934740673347
3,0161673990862266 6,264416984385258
3,4024236098297624 11,777309314822167
-1,984998997401409 3,680154616011877
-1,4436827258214757 5,0493663210660085
-4,095561468153982 11,616559996488952
2,1843012230508982 3,5039203915797934
-1,6087139874517349 7,625862819808852
-0,47994716753879985 3,8276264864658724
3,148704518912375 5,249574646435408
-0,7756633680743974 5,332743373532457
3,015372930346796 6,784262068242373
-4,555379484685183 4,207212213501477
-3,7558091309566284 5,098039698997365
-2,3875177224655095 10,062027537895712
-0,9607785064570864 8,169944880628515
1,5774274126183867 3,6431207344195986
2,8817724444781865 3,838295455117312
2,4247369516282378 6,067086274877778
-4,0625016637247775 9,06958822063859
-3,8954476317817823 9,186627994203612
-3,3855452913956516 10,99003862228204
-1,9520050064308587 6,812808541042243
-3,833454467184672 11,14953848903302
-1,1733656857190673 9,215659533441434
3,0476801347931453 5,054262160970099
1,2052264948980955 9,574899308342747
1,5142791472455457 10,992058270163206
-1,5321435418387024 4,153553130854469
-0,3136818114323052 5,888449570308225
2,8366724246460766 8,652204212899274
0,30473859604644193 6,807407774276632
2,511448939579572 7,01965029533349
2,483979249653803 11,837393402667352
-4,8324355274836215 7,922653655700178
1,6975782411593077 6,457011788274546
3,9972402401754668 5,627648844423229
2,2947456194706843 6,23534283664129
-4,5368839706354045 5,522809805677724
-1,5904831007261566 4,833235622394719
-2,011350121822438 10,795489344873683
-3,5886770680392686 12,238067729901719
-1,8824798660989321 7,385968313210018
1,1703810288899712 5,604853568416121
-2,8257662383798725 8,82217618739789
-1,806908027274429 11,607930175418964
2,407414885122588 12,455242965551161
1,2166110143444993 11,404773705726765
3,823401083941585 6,8426791134180025
-1,773205207794729 4,384664815243669
-4,263834581590827 8,066089773584297
-2,0252828997625185 4,161270058994412
3,069806608472172 6,88357398432232
0,05352832348862879 5,045732689654107
3,673800291286774 3,9551403919428583
3,4496006820691143 8,699846077597801
-0,10339737585277309 11,260860414573177
-0,9369333130458513 3,8403745497501003
0,7213957336299242 9,991092262823159
2,421438628656756 11,918708865444314
2,230572436991914 6,030794589849952
3,1384540273973354 9,108072937925394
-2,5621119625349436 4,502743563782879
-2,038994279879462 9,10118001351687
-2,458942176808737 7,5997203045369215
1,0167692745455987 10,685496788407775
1,6622789412116905 8,214235176970693
-1,047382505710397 4,40204170460667
0,791993903843772 6,70703555788272
-4,2891195086548715 6,558033785269464
0,9398939543911 5,367823283323638
3,673080617616751 7,340389611663559
-2,862096486582558 10,781682550236049
-2,5895780415660274 10,061668762759435
-3,373667487828762 9,754472018010095
-1,5257325812221882 12,381639044319222
-2,206077435552068 3,65985076987989
0,6081438649567783 11,694754756777714
-1,022011848886847 5,123942282352669
2,2130139778067823 10,26742618487853
-0,25472231858764793 11,615767211030322
-0,9560218667696239 6,5869369635002535
-2,1754867034092977 4,5251249508266955
1,3099017843441487 11,55260201205825
-2,210948654763877 6,171689388057073
-1,9533171500685995 8,167491680632104
-4,840273026728429 5,76161608753943
-2,956761205252775 12,458560542164914
2,8444420350791777 7,681511946438176
-3,54564054968148 8,996724472271394
-4,707122422582877 9,353239217288134
0,17556310673795217 7,807751193843398
-3,930378731665148 8,71194814500879
-4,499269033695025 6,561279297946913
-3,099572266578378 5,433597964831306
3,2479743513608383 4,283559218822639
-4,89850342016417 5,472524383738254
-4,262797345271771 10,91952753121701
-2,9773419005684922 11,203574047098575
-0,96368340057984 9,10927082288546
-1,1352771544199984 6,706912663803932
-3,0904994592627726 4,998166984587552
1,0455145283344613 10,919235538523575
-3,9530680682079766 5,4945295836647965
-4,966088753775124 7,629317578254798
3,2873002827226134 10,565664429154285
0,5769529740088934 6,728716204366911
3,2074076099209226 5,346846227927297
-1,9436252320782348 6,76854066684221
-2,0431993865445586 9,546791561732903
-0,09170489180762864 8,325147319691922
0,9268133779159777 10,118039879700692
-4,9047526450184264 7,691821607853453
-4,221487715898166 7,921543250553926
-1,3794590403652265 11,549254142887634
2,6048354102434432 8,016194929450567
-1,029307022098401 9,00924368172896
1,359058168835361 9,107219598373051
3,145962637914973 4,823063085149065
1,1576924724880353 9,864168156701599
3,4126053588779257 4,740588713966153
1,5536173975327525 9,580280376255319
3,757241561236203 3,794211445893581
-3,9096869510597463 3,590649449573095
2,2505668754066885 6,718945566104098
-3,693628930549995 11,945571137775158
3,9240948351976517 4,5478219146023635
-1,2298845835981123 7,137211636998259
3,827049269538845 4,677369349635974
-4,185764534251427 11,453909786694204
3,48165842404819 11,756604207031232
-4,149802892467383 9,578030290035986
-4,649233856895343 7,531304968082203
3,991216582935433 8,103361018430729
-1,7892950886211776 4,932161462734692
-4,826050822675505 8,958919608599079
-1,6858072430100215 11,686821976465618
-0,535055622162738 12,10121869330718
-2,9174109130011185 8,910337919935682
1,0169687905712008 12,335101066780629
-2,4594672723512083 4,677375085433562
3,7691787757235815 5,048641348313006
3,0489585161904227 7,173448320159059
-2,697443698540753 9,943575440549411
-0,963948441268502 6,596532571560872
-1,0448346843797203 10,869767301337188
-3,2202395224538707 7,578815867020767
2,998630628458839 5,661751914356217
1,7613764107997154 11,582229766540834
3,8832956015594196 5,687841274360835
0,4995532268866949 8,337647631264073
0,6334336531860147 7,526238100414131
1,0943617705525508 5,104131372933753
-1,3785691199359258 6,24116688812812
-1,819570955748607 4,75288728601323
-3,298540572425183 4,2479982249800035
-1,1088658715401931 10,9131614121817
-1,1360645427458809 8,09906961454461
2,4629465794000653 4,63184492234288
-3,8553193236292245 11,096330615682353
0,164987339762237 3,918944513816922
-1,6866506896342779 8,711491319056435
-3,4388663302513587 11,391271039885172
-0,6439061012607228 6,925117848082232
1,264009888076501 3,6221140043981648
-2,830498395342309 8,922071750801464
-0,14953660545630587 10,24872004582491
-1,5456012960712129 4,867437726302365
2,6410189987859756 7,044717041973736
-0,6450953973572444 6,68591098391421
-4,280590232754781 11,286328482951724
2,9393187929453353 3,6831979223899722
-3,648619992728589 4,043801666122868
1,1693963309630693 10,398656508043254
-2,9288672070062414 8,291849822331063
-1,1198173404277636 6,103951085859459
1,1312491468159767 12,097278909452399
-3,319052852516868 9,770603585968818
2,282103753870973 5,252317330291835
-1,8293693910363236 12,121082571226921
2,633623555261334 3,8754438314516055
-4,707385039237902 12,494319876242585
2,5087509148640468 5,78135465569391
0,06367296098976816 8,861399563741914
-2,529784307520909 7,1674989641480975
-0,7638423913157313 10,154771139336003
0,9489864306119253 7,919923245665633
-0,17336095668861606 3,9712793840108342
-2,4084916496003843 10,14633475925837
-0,5786431317034815 5,501874954048326
-0,38660815033432616 4,858449779927474
-2,3732223958009624 8,417188036156896
0,8116133689065279 5,939871951287033
-1,8797250254431699 5,320298507531276
0,2878212440470467 8,405086094321707
0,9824621501642952 5,702134220732008
-1,7916118407502237 10,535928196941551
-2,133717283023085 8,54566233234835
-3,2336033091229446 11,253840305440683
0,7831458035084014 3,796011379723528
3,1670806649190055 5,747341015778877
0,2588253413625523 8,44296492698368
-0,28565365052471225 8,139048696525016
-3,913205975736603 7,300396846686597
-0,909982131101069 9,999854948944762
2,7792914352164972 9,673464871364235
1,519910853617887 10,681802746692105
-4,087155482471966 6,494120756982376
1,474802154371556 6,219561313556055
2,0657996572149635 8,886281627899987
3,292940143190613 5,446596751457705
-2,601234489066397 6,66062893331048
2,237978115329059 11,916510175872602
-3,560192673406446 6,023928218335615
-2,873764064459873 11,567932229807377
-1,3398789599004801 11,08051593139688
-0,4656805812892095 6,786145848799256
1,3675182320729595 9,903815572533345
3,2714300243919734 9,332355868644909
1,5706433153784882 10,130003296503682
2,6882668204853726 10,607714598099502
3,252716621797857 12,318169969283792
3,5275546958959616 10,999816409964406
-2,787717904361961 11,82472410284141
1,2482674381181704 7,856346449638737
0,5614516313442728 4,425745651465108
-2,402802556562482 10,834072490707369
0,9078932409791589 4,482442694989903
0,18902741554467717 12,061950352950864
2,6216490411858473 11,52264397834023
-2,1425109498487007 10,128433259858422
0,3944770103860664 7,665533963761868
3,1710206168057713 7,756104571144013
0,4677343836733172 4,528303254380197
3,7752215721946207 8,956495926509888
2,878838646162202 5,135390957111975
-0,471942398306882 5,935177034790549
3,9035414502256263 3,5915649584895055
2,5941839136408262 11,567919159879645
0,7921149812503305 9,076066123017075
-4,841307305052976 8,442752475910403
-1,6608457275322364 8,693479271187442
2,094945996150959 9,585152360948872
-3,6467935969949394 4,774844777689614
2,8949050851313114 7,475094930001092
-2,8074487295290833 7,405993210018265
-3,105593018117405 5,117818577714598
0,6924952732119678 9,137564255756846
2,218010018662187 8,65909012633414
-0,08683209810640946 11,392517988301332
-1,2063393711728976 11,11198586574112
2,1428131714067113 12,184223233002232
-1,5570583367419082 8,643307565676226
-3,2571180265896347 7,417606308713516
-4,946521958872776 11,220127314556281
0,3422510080375556 9,787424566078132
1,1167568585955943 6,106338712916564
2,7138889159019977 9,505038759573859
-2,4243497907061435 4,939417868128146
-3,009938507706864 8,559304051537358
-4,259813961196835 5,039642888437477
1,970791845345027 5,279626897558693
-2,430832164380542 5,584524168071284
-0,09073726740511923 6,761807295030717
-2,985691452220696 12,068157115669315
1,4157481114143735 10,474195692833106
-1,2482479534913185 5,691470049503295
0,12874927725746677 10,129015194855981
3,9689163471558064 12,048827520148667
-1,8833202894325365 11,641856623806063
0,3126601783992111 9,183223771688343
1,1786223636541324 11,175358726807946
1,7166939971408777 5,205820486450282
-2,979799007015488 7,6108203011835345
-4,650800101157155 6,71409473321904
-4,510969113752834 3,510652526716238
1,9574471555705335 10,476709601472866
-3,3822494838949178 10,167586183526863
0,21309438163533923 11,845222370448191
-0,740379178466668 11,392039582960072
-0,6971001499471754 7,859364019148747
3,227193847981864 7,345460494775313
2,507198562086481 8,161539845052836
0,6595638921693521 6,914279060577246
-0,30108352044477904 5,045689362322138
1,5136453983427351 9,895018982926377
-4,420595531537236 10,141427025881327
0,6240720861810471 3,9179557318531812
-1,694920644633907 6,64648357769207
-0,4266910447008634 6,135253707623766
-0,7941941090101938 4,104378881031918
-3,47137386606353 7,614655444566338
-4,965823541475862 4,208464942451047
-4,357907734043806 10,607029952203707
0,28733254082708104 6,591324895350595
1,4734038627918737 12,347527088846723
-0,44968819986372743 5,781774427425651
0,7231132267332789 5,871022203170131
2,9986809509690087 4,681469585682702
-3,6728591218265505 5,575472196718569
0,47551365212124796 7,6768360572670105
1,6869954865367767 4,182407725477902
1,343103095146466 10,060794060769549
-0,6231374762928805 5,166639124602573
-1,9746623938272627 5,117831484586912
1,8610947609261448 4,574788122693953
-4,8343037530437 4,754585646748739
0,28972005184568683 8,485560748769913
-3,505441661405733 4,641758611146165
1,902539077251145 12,456771828079535
-3,414705912444537 10,433044183597097
0,9304051028607194 5,742087803483641
3,681371172835245 6,175187817108291
3,4123980589985354 9,449158498935358
-0,5316047654460707 6,4047194520423725
-0,22122244108447564 11,668100457967448
3,8236404372769 7,887766372020453
-2,5311638856200678 10,110080909292208
-2,1306236286014375 11,901278614867335
1,720474161381456 8,956915323993321
-4,420119250274618 3,695578324018351
-4,737148527984857 12,035237779138747
3,2664444369879355 5,991348945242471
2,564250931197183 5,157707923765887
0,6771471401908604 9,298176155313048
-3,8118135660728925 10,921661197624807
-2,8074642092450652 7,7600508071398675
3,9011460972059595 8,833780470816459
3,5253846468741603 6,805407591862505
2,7537281848496065 7,297471711366153
-4,011364791720673 11,501707418877306
0,37293738725803394 10,615975984290449
1,4625021200403179 5,581238996643896
-0,9992636659824079 11,761363903309482
-4,424354431898543 9,591342872337325
0,060774873208513824 8,24529930904981
0,6558205822203371 11,556883660625276
1,0537676251066204 4,7750401832890965
1,290361148848178 10,677045041463476
-3,719863183229514 11,18576553353288
1,7975315210910088 11,526865198984245
1,2317249390397524 7,226943244417054
1,660342568851485 6,983240674030036
-3,3250245336135915 8,687232420561807
-4,409249785839952 8,563444010817626
-0,5408685801959683 7,551203226992753
3,922765436722587 7,25658649017085
0,039330736549125334 6,779830798780078
-1,5480562720486022 8,972393887058352
1,6330279236375205 11,551576063035931
-2,995023846363678 3,6809995006308345
3,3614377536871256 12,245811003268548
-1,7603822507036502 4,16312348027638
-2,1013003151122573 10,98954491187945
-3,062419461693768 3,682640987985149
0,83185481287153 4,7315955216654855
-1,8629670194123236 8,506543565215384
3,076439099204361 7,404071444654928
-0,9868294263760857 6,136970563697059
-4,110874014454904 9,31349603049484
3,6344075880953284 7,893318105519402
-3,665271960629276 4,254686185421065
-4,58912554402116 4,991315751463894
-2,5179283973714037 7,853365726982702
-0,031907208499645456 11,926316265359947
-1,9694134215092562 7,9920158664438485
-1,0003466071587237 8,84068075598241
-1,5205372121780298 5,9574831367731615
1,3286916587078803 12,449849209487247
-1,0498430641501484 5,491666103768387
3,3407613887287653 11,332509583032774
0,22966773801083296 5,628267375116574
1,5900587095168461 10,641232681134216
1,1135218262956323 5,085679616072237
1,445073464927626 5,290282083084324
-0,8184832402133928 9,249590795903588
-4,19490599784885 8,735409644135789
-0,6754671553014493 5,071652020760183
2,604419396735949 7,676108312357718
0,1920471965849142 7,835189704543945
-4,579465923954645 5,417083524876038
-1,6858888976025068 4,18934998263811
0,4061286895262217 8,617198228909956
-1,24858318567729 6,253286980571782
-2,6654746269829857 10,484366345970923
-3,4437770025099024 6,038869108436293
-3,0310414475321767 11,350137589628147
1,8099080336459572 5,099739511144945
-0,6578257361343702 3,648150209448609
-1,8919633324425953 6,988023648962431
-2,0233941620313667 8,546198809904883
1,9070516701318097 11,184010734314878
-0,31867769958935543 6,334509967295352
3,31068538918122 6,709419317732987
-3,175067424732181 11,970029771366178
-3,889519746565313 10,037631999065614
0,20215228068714364 6,774937092864722
-3,226499473769624 4,296487370584774
-1,495617105982857 9,58621067089259
-4,899661875316874 5,517783879385835
0,504292299102783 5,064699561426882
3,6868528008304935 4,951381115640013
3,988790655614846 5,552272217648629
-0,020447945515948973 6,000636071939093
-2,2427454932108883 4,908896535620909
-3,3124467549932346 5,121288411478426
2,76208601970147 5,118891605626937
-3,460936792975858 12,167347575706412
0,411683789835406 12,245793207029305
2,696700587019577 5,047543621585726
-2,5689801808232766 3,8869446210724727
-2,9075349361973277 10,929792466393494
0,8886175902958424 10,077779215162831
2,4500760467742504 6,939615502172299
0,7887230429482246 4,278717674995858
0,20153317049605146 4,987731601425164
-2,38856486617862 9,454863525360931
-3,736271591827517 5,735340355402131
-3,2473939077555873 5,371341761282998
-1,6941996233808156 7,728828928826715
1,9231199381351534 4,742556783850173
0,07337057282171155 9,347404330793845
-2,662180042268328 7,964057743645014
-3,2664155351596067 3,658771726602514
-4,4509331962661545 4,666835803894619
-0,5939875666167751 10,093543075855784
-0,6613765351082952 5,126581268144477
3,600338159478854 10,91213779694223
2,88312935765312 11,561826370110973
1,7016218034991137 5,946507677036115
-3,3174525663669012 10,922721456762794
2,1582093676672205 6,811358551788918
-0,7088146270599625 10,281078940421889
-0,5208807296311031 6,794184204269216
3,2547518582606667 12,143181811445432
-2,7689402753627568 6,961590183374289
-3,071994189859656 4,7988151229063245
0,4928931208174756 6,976191936473768
-3,0878681913010775 10,473626370097936
-0,4639874382446063 4,441279023192282
1,8294945208279314 6,083607092093301
0,5311809058412162 7,9068849214574275
-3,8289904520774396 10,616400758793375
2,769444645355537 10,806823538905277
-0,9464433700038128 11,97180695974281
2,691840256315176 10,660603090207807
-4,703855708545683 5,878748212011497
2,919603566271796 12,370260849694786
2,6535541505575297 11,401128946760597
-2,5287621815617096 8,004168639860382
3,0074017243668987 4,493552635971519
-4,067281441068694 11,119689519707217
3,5034516897977 10,563229585678084
-1,494327749731268 11,294724926191961
-4,7153970467781 4,611307222974439
2,206209048885504 7,603104199645574
-4,777290309609353 12,445899621388563
0,07287113946032431 10,748431098703978
-1,4338184760330859 5,68523725854196
-4,043444129632083 4,547694563042866
-4,789491108955476 11,526928002063265
1,3382236636805356 6,588287838426618
-1,3038462241907571 10,113066163927158
3,7290497872362494 4,602128670872328
2,7973272182037947 8,325740405457632
-0,3394401849290123 5,504060998607525
-2,2982382132072523 3,629095746567536
-0,3505393810054711 10,11228300767875
0,2855773033736826 8,361294185269834
3,804583107849245 8,775462832550982
1,3153053427733106 10,91050144697422
1,8314376697381824 11,26932178948713
-2,8849297492865658 12,413148221495508
3,0269040796142708 3,840997324244908
-0,35675656716737336 9,965294038695507
-2,3303150760166185 3,750761146723924
-0,38323181324437705 4,589812754841496
-3,200862678344383 6,348320182432319
-1,1110705226054822 4,941140505593635
2,8294664931071143 5,018493394431772
-1,4231028294751127 9,985034879558134
2,8421698212208213 10,874062204734049
-0,05826659128180278 4,7928393320741804
2,2349339921216105 12,474874925849848
3,110468024231837 3,9279362305137235
-0,5773810366063366 12,317483043955043
2,598777036970761 7,099927374702061
-0,27863795670080105 3,6907049995955967
-4,795517568551785 4,3176839981537904
-1,1360319357473796 12,389864779340071
0,3169929321244451 4,19377773185553
0,4192295113285738 7,700658540379473
1,6259125867836186 4,322719597162023
-0,4074776117584644 11,473068339381546
0,07347462102294067 7,891296163324287
-2,9075127178704174 11,944851253128563
-3,399241022546437 4,024917833374694
-1,5900897072945592 10,79076769931534
0,014634840306381847 10,158579333904735
-0,24069251542451475 6,256625391640485
-2,625940802252567 6,850835620159101
1,3206525137817149 11,104591045344394
2,444961099371633 6,903871303134091
3,262923919507241 12,3872019227248
3,79924793908417 9,675144832349934
-0,2814324931908896 9,895923413093229
-2,1376940285104675 10,321195007017941
0,45258295615567246 11,351497124924766
-3,2988775709533966 5,377657097037476
-0,9438230287752107 7,0339487798067895
0,4848912397397571 4,682892602528897
2,1961400354931815 6,016937501593521
-0,3729939612887385 4,702601550543767
-1,9548048645697564 11,36571610487311
-1,1572376649814746 8,666151908487455
0,43506401864049593 4,018542592757701
1,0377210921826787 5,509373023982689
1,819971579948751 7,64936877031445
-2,0015510897469113 9,851030309919128
-4,012379292296952 11,849096992087222
2,881732872508657 8,090605901151704
-0,14554414904298696 5,608703883170644
-3,755328613925342 8,636791378531697
-4,892275000316726 5,396096783428042
-0,4898708263482261 8,19070440491376
-3,5951523973602484 8,33291422980779
1,1702704402245345 8,49411617907197
-4,532576569068671 11,787992633022993
2,5817640230576577 4,531988478090719
-4,648193191108102 5,347045733368177
3,357006221468481 3,655223477128068
3,637950097143708 4,392948810827667
-4,9564548177075425 9,812490971724575
1,7728830467280519 11,979272802162239
-3,0421476526194295 5,301184946793516
-3,7324688318339487 9,710852748704927
-0,6659690941401228 4,394906770242452
-3,569521734231202 7,215987102988519
-1,5213889600368988 7,564589352949597
-1,886888937782702 12,444045607380867
-0,8640729122808839 11,635973590400763
2,9863417024803063 11,000816804980506
0,07594041138053953 7,312260294650644
0,9790119218612787 10,94432406209085
-1,1404821904819054 9,195730988161086
-4,858592107603038 10,286297743634647
-1,6109193121175025 7,330318073673565
-0,9748197906243545 4,484404988731006
-3,565861767104108 9,791738185279861
-1,5415752362013784 4,3109702443910285
1,5286434533069375 8,2013517434856
-3,409467260985973 7,632040553189426
-1,353656908551209 9,427852214546935
-1,4769542755996317 7,986270099358791
3,0449869065344632 7,440048583727625
-4,050411170658471 7,149818511312139
-0,528069905490943 5,309792542024896
-4,629627631640641 9,722286965671303
0,9135186122308738 8,577201952488538
-3,955228462354614 8,737790924915133
3,1761212340946905 12,137376551072078
-3,985993985497171 12,452150789620596
-4,687432887910521 5,3772650776841875
2,7067947047462235 11,045015875371618
3,9270299267406763 4,0814604449609
-1,8704280824135036 4,451631825531456
-4,059071365826324 7,882040939620336
1,9587768351073196 5,056662472696619
2,0389449416526073 10,259397005797398
-0,1534065910126552 10,271096707091571
-0,1342354641592607 9,866182299278119
-1,7168101372191331 6,5390985762425915
-2,952640801908796 5,438675232476999
-2,058176905062289 11,039312478320895
-3,97772230442779 8,066403590894456
-2,9031085733239346 9,501460683318733
-3,040444410065429 11,79925802722459
-4,837358812940975 8,359991392938564
-4,043140780812762 11,20404405621007
2,453367654521127 9,290205943365738
-4,957958245887809 7,667634133203892
-4,137671822209638 11,266579310453277
-3,1085912143377943 7,687607717569295
3,844664816675685 7,252973105182489
3,7084922953244135 4,034395707611989
3,338343404468615 9,662157355584116
-1,706313193814677 12,156985610836939
0,17449541355615672 9,75248108450181
0,05298505434312073 10,300730905752983
1,753728872651239 8,596657040918554
-0,7539124998124436 3,887105986070715
1,8888927274354907 9,450275286214296
-0,045631544481105735 9,62238000499097
0,42831127845042083 7,93868546390412
-0,5319771430153617 8,041820174373878
-0,6747527498643917 8,076060828799697
1,7919227600444003 9,829747179529326
-4,436859866109542 8,33098354230526
3,020274973005394 11,24500977392367
-3,368178813996164 5,872818600361436
-2,8390256014502 11,224047660190962
2,5821600055670286 8,965822608628143
-2,8823485244428664 10,120415410557797
3,36305026590507 12,492485969405312
3,6877031755801273 11,614653544261332
3,105855396368444 3,8147935403120954
3,6493932242718863 9,588314968841864
-3,4088249389837575 8,18071851575547
1,0474026627538562 10,007337456405626
-4,807158914842486 7,9103427173939895
2,6460624648483417 5,84786033336416
-3,8803666713803344 12,25849899107544
0,8935376890962026 4,507457769762805
2,2427770774297286 8,230914914720305
-1,5254219631801824 5,637000709645068
-2,1882809830863517 5,15471296909324
1,8397964359567593 4,633455805706435
1,2133857641929922 5,057239514672117
-3,7201612176587444 5,401609693341483
1,820661628205273 7,59940026738702
1,7032729945399687 7,400482580089928
-0,9268885009874221 6,735645656211684
-3,427302215975191 6,774830127061159
-1,3804946122567463 11,46500698658853
2,60572028543364 9,836911083205582
-4,818749166698812 8,690419089890902
0,6376117560517276 10,721718924967712
-3,0221440311354435 5,071669194896454
-3,9029451914642226 12,45401158497562
3,5410262198400577 4,378248716392804
2,6798393739676207 5,582396731497112
0,07300051553711384 10,78112585862291
2,2186109205500797 7,731137533361642
-3,50529679389065 10,122121063888379
0,6370976438402858 8,058951853311255
-0,9182968738466526 5,694981871283145
-4,487510022916648 6,568912776781979
-1,2084680723377774 5,933615374742525
3,3805567473579288 12,385669087449912
3,527194494131294 5,426703172213907
3,9961638292848125 8,105280818420091
-4,072555299499444 5,70490215309718
0,9170518116512625 5,078036699557
2,8382071985349047 5,6642492354837595
-2,0874855863993633 7,995067127100966
3,1318945124449478 7,639503185133946
-4,481319570415714 3,7073135234841788
2,8022751989563064 10,255681207350328
2,6018090099020483 7,624599192506905
0,4496197065464189 7,648558406844523
2,4064398276571843 8,626861291753134
-3,2815812724957443 8,431595891664134
-3,2590291943065317 6,061590671703694
1,9357672906922225 6,695542089672611
-1,5638286042751393 6,656341690428263
-4,3110696244691376 9,3889043794382
-1,678734467873861 4,397742587756156
3,486767943664491 12,11337131709519
-2,060296149976347 4,5791283849867135
-4,905707600497754 8,519193978065864
3,857191368517883 7,762138358897677
3,1129890745504945 11,068966003143897
0,20981255576004365 4,257359762236057
3,9772320430724104 4,008359705778061
1,7205174920898365 10,941961926586785
-3,055828543831075 10,73290858200043
-4,831657330830852 9,741422204687968
-1,8034800059410898 5,541175314291344
-3,3679244968154323 6,180268723295485
-4,77378192736738 8,63142739269976
-4,3244195302005135 9,941938025951993
2,5863307932113626 6,987264535849111
-0,9703280624212045 6,251599621590932
-2,76277011384309 8,814236355600972
-0,3350682590071692 11,22342816996889
-2,1873989815992467 8,012154540201518
2,566114012419926 8,885793200962233
-0,3898530515509311 3,92869092848926
-4,657231153283793 5,224494825817465
2,672753681188901 11,242962097189459
0,886211217553047 12,179340503137864
3,4313690371012946 5,218162450630322
3,0918200376045917 8,366979914380925
0,7008028814973946 5,8115286186074915
-2,4326246125419013 9,572365075467498
-1,2392592976893884 7,30649778585145
3,51017498595942 8,875541230356198
3,89842411447146 11,952213669394235
1,7912412807310778 8,393506099008285
0,4452031111667951 10,91577286956047
2,163226932901501 9,559702018932045
3,476894073142999 4,103271387324849
-2,8741258479536453 7,587532371191488
-4,718348737433866 9,317913097166924
-2,187551813811974 11,931643659962756
-3,923091301504601 3,792905078285969
-3,4520499850768673 12,147646235074008
-1,058194816120837 10,418452496946347
3,1939866316892704 10,030577042606193
-2,533983299257754 9,899971894983718
3,2405728307643358 10,53960443253015
1,4091022514184814 4,674013761615237
2,1692548861901457 5,980776966194975
0,40716002822191744 11,514580946814323
-2,1143283384201434 4,012949469305539
-4,581123787218835 11,076505920181686
-0,7552478286769544 8,135419013224379
1,1895715855536064 11,7906938264537
3,674162024802488 6,637198112894909
1,609029230399643 9,528543982696965
0,51730716305382 10,641072762171074
-3,5430612170197007 11,668347226188406
3,680615881104707 7,19049905375798
-3,2719359155863477 7,617156053265578
3,098264452564713 11,245871614240404
0,00941948826950778 10,466714217484464
2,9055048250069166 6,25882267182128
-1,187630192486571 8,437026320159243
1,4713325541845403 10,27327984448836
0,8302083132456772 10,063992544949318
-2,7561365186591478 11,48833086297397
-2,012028766508016 5,845572233448498
-4,679209570483633 10,316935264479238
2,941606417792401 4,628048934603791
1,6760962713466485 4,226484664130869
2,165847441225682 4,9209483894986334
-3,22662826840255 5,012156356539559
-0,7603952359818109 9,024819863120516
2,502624653713794 6,48752708038289
1,3350434782621416 11,28462179112654
-4,317894276648885 5,065353132876856
-3,8558887278071965 12,446859788373384
0,631041792504611 5,015139271489601
1,0931236284374934 11,065348843663006
1,8185070126577738 11,389893513073588
0,820753274939781 10,883114237392187
-0,2967377513319649 4,194719477187542
3,4974878038586947 6,222308798466845
0,828474800688765 6,592094193768684
1,5608727448387603 11,528852551138083
-2,2681027843822372 12,490532181554073
-0,5765711506559255 12,479332116141926
-1,2659485396184804 8,709891021587504
-0,37226419983990233 7,73269818386415
-4,748604046444948 10,428779236782777
-3,3486390607150014 9,89246793583759
-4,364670156403606 9,309664780869086
2,1687037381918337 5,777968696919354
3,081457462941257 7,297576440923064
-0,18108028686186906 3,7496608333791803
1,268505466034676 5,173115808451628
0,8525169652750977 3,7586258583003236
-3,546050941926313 4,187057361648252
2,48616919901196 7,806183226566991
3,111464878040456 5,37140844474546
3,9849395332596256 11,202808039572847
-4,163146702398856 4,194569851285638
0,5681159390020181 9,704866622167764
1,5067325084960324 6,552884003222785
0,46938018344760657 8,973095969186968
0,9327750415273908 6,5574636133760675
0,2524622047142744 5,841987072532945
-2,6068864148827227 12,346509481129813
-2,3553369969465074 5,698187840310304
-4,643705618263217 10,668681479410594
-1,3535741610335021 9,715603453315397
0,9619740764155917 11,02850790423243
2,606165373734811 8,40954567344303
-4,348538430622062 6,861920434844864
-2,6961870318811534 5,876674754258762
-0,6418681306985876 7,160595428756175
-0,5444598132089329 5,99577407994405
1,619820213189798 7,707858337473099
0,47653298693114365 5,020784583963312
-0,37349642452034537 11,767023348002729
0,9791063055858924 7,979197718819979
1,0147641709405004 5,085534108452277
-1,632169187803414 3,6307802682690764
2,2096052970828755 6,005035406631976
1,9730398832680862 3,814802164540359
-3,1937826795549675 6,510542999538557
2,613205026000566 4,027048964047837
-2,9530213549922273 4,355877471773491
-4,248693804035129 4,417358028261812
3,6321611157645624 8,680256474936042
-4,115680194610922 6,259989039793728
-3,104996901897729 10,779112377357823
-2,412160841280544 11,186503812271475
-4,460357289357599 4,236610086484562
-1,8533969317486556 5,712708600071443
2,7132937584201757 10,853370906100777
-1,7860627739736517 6,27777789373005
1,340754473488996 3,636689647322421
2,141050560554466 10,272002578768697
-0,7313133738817648 3,8714626730897113
1,241147995177844 10,057350339246092
3,619569650830467 4,977373909527435
0,5035125542508645 12,330128931179154
-2,579803994410198 7,734543067549493
0,5381081446126936 5,771099107918053
-1,5072738832204764 5,070635775518337
0,2668728886305436 6,253885493237226
2,4974827878542936 6,679082001045755
3,340319776663364 6,876673899537989
2,4464320400109223 12,223508191006012
-3,29695129045837 8,925415189290336
1,047648863167419 10,779955928561046
-3,5909335732671708 5,393402976070189
-3,169832026346496 7,800985311398944
0,6708492990907198 5,222325415459948
0,8286925146375452 10,41217378844676
-0,27441698148374716 6,321828367592406
-0,37844104757313524 8,41497125789626
-4,5274583729824185 5,330811743459456
1,2483432837580866 12,250626373171654
1,4146014463474357 4,656284601800062
-0,6471279007134383 5,521579822950081
3,103564007712725 9,743089295800512
-1,5490037383026243 6,390152129253902
2,5505368863210123 5,51349109854886
-0,9164381379690072 5,238068537814735
-1,1533998983423568 5,035551608097877
-3,4247844672707624 5,363581185618315
-4,112734583151597 9,927444304202854
-4,38694740507984 3,632254698251434
1,4130300651640653 4,093075330222849
-3,892713683843555 10,308252342599491
-1,5467541733146346 8,496152174631181
1,216862952529807 9,650564105448016
2,3913580588939993 4,005930700893015
-3,892084970013093 11,699523932966404
-1,805291000314766 6,309787430276451
-0,21497562993437302 10,643183351110604
-3,2912642618711057 6,116745387377212
-3,4381741584557988 5,530776342132118
1,8125171999525653 11,783193660883391
2,8524921563297285 12,405000370277671
1,4966324458835416 7,7023737724665455
-4,791361343503811 5,59863092160861
-4,70576534801962 6,385445965343722
-2,7786172235445603 11,847656559397622
-2,422431815579539 7,4933081330958515
0,11038952788196177 9,191543973051253
-0,7616049192236662 12,118167692304189
-0,4152404332999575 4,565857984731858
-2,7301942572974975 11,615982070111714
3,899498120717505 6,138200171296417
-0,3717059093403199 7,645137991382491
-0,9613942360465639 7,596437300677362
-2,1484791203349936 3,6391685044943802
-3,0682214418131983 9,194339613536929
2,635550358373049 3,565538933333465
-1,774422383763946 8,091800802536813
-0,7939607541251963 4,55367620753305
-4,96255921392012 9,562137977016546
-4,912826655815277 5,352889047821835
3,632417033588842 9,951862446384643
-1,027435853373234 8,906725591043344
0,8107291562229353 6,3938021904223685
-4,940548601572706 9,744693866135227
1,7845293161150249 6,685877665585179
-2,556443460980589 6,550779893320833
0,41140964081950404 6,788427767943148
-0,05217883872057172 11,970767369598406
3,768665249774351 4,513288267159103
2,2981398907734594 11,126366533474393
-2,3396258765383715 11,670387202156228
-3,1983487023465687 8,564632952663398
-0,8057820340240491 11,730906108839733
1,1749957734098118 6,062350673952003
-1,6663757029536574 7,93045601262845
0,5120789207668768 8,471517126713874
3,7391917409594875 6,595948948641444
-0,8983111860630943 11,615493038389767
2,2537359837885127 12,31780384003433
-2,2738008651658537 3,6552847563815627
1,998992560089202 10,073979304228482
1,514409926019896 10,730985549617639
3,3973178293152415 11,27578332059978
-3,0414000737075475 7,743591594988139
3,0527243544412404 3,7424376110734032
-3,097865510911244 5,887173242528405
-1,8492503977447385 6,901783379774631
-3,8355616348813095 4,834861104517444
-0,8930519104579338 10,42259434817512
-0,6887209946618915 6,705791725446409
-2,1718287713473217 7,8503565738935395
-0,27392922947658427 4,571248930166548
0,3996998348540508 8,957543056303038
-0,355153912239059 11,20730028776865
2,9990720858471382 6,309740615026218
-3,9850028864600864 8,78236151072898
-1,1449766968343216 6,460376946307996
-0,01741661740089029 5,81040550920709
-0,4835280013700469 8,331999307960928
2,5442663039786986 4,297742971565702
0,8799487086092155 4,876172999189702
3,723189256499392 12,394330511089718
-0,4245504243956928 7,323532129189189
3,9327777634295646 6,816609366596243
-0,3395442078834199 8,744314989160472
-1,4280384482352257 7,062844693815527
1,0533658659514185 3,7863065045628503
-0,2558977466392207 4,4777385817961735
3,5019049400239695 5,208214109340323
-4,990178380309276 9,701011212935043
-3,1704452479721192 9,447905548082613
3,8187659249838077 5,414528635836195
2,6907385474009793 6,343874457486414
-1,001833167863134 6,439677521659276
-4,320648263265856 3,750937235560758
-0,21356205516841964 12,453939898810553
-2,8926668809183185 10,008698315053545
-3,173750139513719 12,498107283407538
3,393130127884829 11,873923992211862
0,38522745088766897 8,383282636226193
-2,257944077708408 7,101861855080708
-1,6309780718212417 7,9923231247199595
3,2685864312138477 3,7613129836836685
-4,7404172936097595 6,843273028146192
-0,9801901135444089 6,362779607912504
-2,4892058352432676 9,267021580585041
1,9797887405164554 9,59839397348221
-3,7331319975411783 4,9381864065197
-2,3011050753510345 7,149391534123275
0,15094871387494724 12,445876722206027
1,4043304119750646 6,769285535099042
-1,3314469380265046 5,766551615582602
-2,0290199910285383 12,481663664145238
-2,6988623945192067 4,45105383947567
3,998664494372141 11,618748577020028
-2,6483718108515673 4,550808564925395
-4,725527973619424 11,478313234046377
-2,099662127861563 8,47192294083809
-3,8581030922735864 9,196235842732534
1,758885278032066 3,8606073029129937
0,778179272755982 11,59925861259019
-3,2700989371747973 6,7378630900349705
-1,4666051688688415 9,344178791319667
-1,1032757155789676 4,172841682800584
1,9254585278074599 8,75772799521378
3,326795265163538 9,84098485121345
1,3190910646743141 11,422403201646045
-3,199862768985806 9,416849188495759
0,40658772647271135 4,663851544284689
-3,1362674353648523 4,281138475757695
-4,802870322508444 5,900506883538455
-1,845362568068297 8,901479502304724
-1,746572058444261 5,389547502094002
-3,289763264059002 8,53688887930174
-3,0286618457402357 6,1182813653338775
-0,4491164752592738 7,3246667874844205
-0,5312770479035658 10,609133601881693
-0,5140057984433284 10,586435072847964
2,9977246654795833 8,325193668554345
-4,123183160296429 8,842882105604074
0,7600643436965067 5,764989749437712
1,252341667949067 5,20987162744429
2,9498513950783813 9,520651926887341
1,7629570794283929 5,459267162186305
0,9491218494965743 12,167155502565858
2,4993649668301225 8,656375244366293
0,7924742274854024 3,9256490759831646
-4,9094895609516325 7,126661668648426
-4,678753950202528 8,717692319923279
-3,7360024946308164 7,700816812613045
-3,2158947597601735 3,833850856451325
-2,6762035314455 7,558603125339301
-3,168734687737079 7,127532245965594
-2,359106462816571 11,923185842938665
-0,3363419428353893 4,563977084749615
-4,691819067296155 3,7150264046474093
3,135072998840773 4,084853149550598
-3,5065809845916878 9,849686654711656
-1,5261680995592353 6,016621692741985
-4,867457922547123 4,530775036010807
2,177693920080374 7,594167724870783
2,4212205375768088 8,619155254041091
3,5862036292879935 11,132919203507463
1,4470319529102955 7,839738067439519
-0,37369309848371657 11,814837183392763
1,4891766207498573 4,287728503274976
-4,789903042635904 5,047413630419762
-4,048004517785099 6,482612999085109
-1,8733701961722806 8,823765552637221
2,9522787177212217 8,142305261711538
2,0613899563954643 12,119546603496357
-0,7004037909180401 8,25930157904367
-1,465975898367049 7,1879108361277035
-4,087614994400349 11,687283236207943
2,6552804672883568 9,97851803152663
-0,4432429750533089 5,531376645328763
-3,2533535172532337 10,421922806039875
-3,0130994742749637 5,435893371936418
2,747216847886884 8,709495183550668
-3,4149066763912983 3,590021792293567
3,458042398550848 9,50957528050316
2,6594633154513208 4,589244873623164
-1,2264765689688542 4,567530660062932
-3,3122132786424747 9,694385441066203
-0,5313759626134855 8,185570534957517
-1,1109956831926375 8,439409004035785
-3,6823709099474304 8,672811070159813
0,6197390682525317 3,6665546896363392
-0,1940719357007472 4,052251517067279
-3,160277900060933 8,990650909890359
0,42242880282999273 4,898947283753854
-0,11992974610305218 5,452567033545258
1,051968466955695 9,245837307666998
-4,851540967330849 8,356827278565753
3,546471790389921 12,48334755055353
-0,8298786554431885 7,36441078545186
1,2268834406171187 10,048154009586241
2,315383944856624 9,874616871515078
-3,6707163273539574 9,973885634597494
-4,5137440398783015 7,951951977839836
1,3524258586554874 8,31780393649947
-3,129544327127389 7,958804315091722
2,0752211542199124 5,367026621828483
3,745508069268313 6,8714215696881435
-4,206620301399606 9,927631524988236
3,0080253234193197 10,061865479611635
3,7615140984570967 4,39886892142312
1,3596298772833855 5,4847136609590805
-4,381494216343399 10,570396506753099
1,8109895807901362 7,5077220726619345
3,4123381605445005 4,2424397976151855
1,9313081255683127 3,722177241534428
-2,036694489160334 6,450382962021896
1,2079856253064847 11,962717047632273
2,921858402593993 6,78446259708125
-4,6502733215516106 7,263739319361682
-3,1022352365317554 3,9696759427848867
-4,007442877353444 11,953028803906108
-0,7389505266342207 4,934545157176172
1,27916340197282 7,048590232688395
-1,0076255713157418 3,636711757282281
3,2177265482526707 7,40980785282324
-0,3652565687801852 7,376885791403457
-4,282020434000657 5,917723471234598
-3,4023340536947297 10,102187654325782
-3,089551908251783 6,3653560769689825
-0,7627470640779137 10,400025815724664
-3,769356786317509 9,490224794983597
-3,230072402256847 8,041828826577797
1,46300803518458 5,830853330121873
2,338974393155457 7,414921903229615
1,0256819654079452 10,908895746043136
-2,220435829802419 10,965841554779518
-2,180391527716992 8,907829597648984
-4,609908797236451 10,244309757983569
2,871300805726147 4,917986265503141
-2,7870169980572563 8,410777845712673
3,3628496354148663 4,558392091636905
3,588947255652963 5,998185336638066
-4,139340364176755 5,788517604834453
0,6466387673700442 9,816520627252793
0,5364730609097501 12,466096742406007
0,4478740997724202 6,645927306929581
3,8215569609123374 7,804510390682819
2,204731174757347 8,482424980885192
0,23755088336559727 8,585113689019114
-0,19361923859606556 4,43314976079657
1,5662288472956352 8,680802574822305
-0,5234707645584438 10,32817450117441
2,1088834276971378 8,129896629946597
1,3971284318185289 7,824701074295598
2,6195699866719373 10,973187681839635
-2,4654228395856137 11,427803089132897
-0,15013362206142755 3,9727617244397266
-1,9186454240001574 10,190299635147186
-1,4697704222287133 4,242147939488422
-3,7655412839416953 10,903760665403
-3,567366353946339 5,764146681257378
1,5142228031722507 6,080169572147511
2,3007421792308156 5,613175957780731
-3,3879110656805453 10,6718699325243
3,4626324050343538 7,469944721341591
-3,1345448949352295 5,963362288647047
-4,51554472893172 12,444478352698907
-0,45164406122716727 3,7099350272474565
-2,1752702079987243 11,324575466509941
-3,3008881402758403 8,471767684796417
2,5518527766922565 10,363931887732292
-0,6240016695271597 4,658841167801974
-0,9153724845047781 7,933700489656977
-4,337011711105122 11,64298290125198
-3,5237397747410175 11,661242760690689
-2,058325098110041 9,341803838226404
-4,01256661774835 5,824025707418984
-2,2387131887100447 5,203473317473917
3,5861728734222247 7,199845190012733
-2,949560772385847 9,903336077518304
3,40544347136637 11,199117274606717
-4,386393316874485 4,169818736083869
-4,030358582463558 8,55779866153085
-0,8348141990139011 4,657885735381346
1,8196801855025244 4,26222524608478
0,6742463133952077 5,579307122657345
-3,184884654867904 8,16332850932131
-0,2481490069544492 7,785266940011357
2,531779508502434 10,635998931480428
0,5602273461585314 8,952651636388119
-3,0368449190829865 5,172650134350389
1,1628141574569835 6,993588146287972
-2,9505525633669 6,872749511887362
-0,5677509876613662 8,154288215475084
1,1634100496294693 5,897870685392768
3,5820513226013464 11,096756030226036
0,42439404826872273 10,642149349982915
-3,8708692729102943 5,502764240971731
3,640158888581224 7,829872496752882
1,5617054170595432 6,082164903493354
-1,3616989719661676 8,925556733419697
0,17816964547020575 8,356540158393074
-4,23723844957716 7,444193085061152
2,8772630174428047 11,967676867413562
0,38080299942144435 6,243935349683578
-4,335834905486969 7,208450150456891
3,2166340516980085 5,0751189140215995
-3,5843529348799192 9,702559575918848
3,0542672706644005 7,226319325864775
-1,5497935913649123 7,593877915478146
0,3037828751795999 10,777723144438475
1,8754854571306838 6,247962723126928
3,916303913652783 4,017656215829405
-0,4505367267451419 3,7391639712502265
-1,877443622795083 10,29236735338081
0,26067783710665715 11,448982691106714
-0,8371505447864624 10,745960736158604
-1,9555034982568973 12,200635681209732
-2,870933120412789 4,449177545083275
3,017432953193925 5,555872583529769
3,854661445987688 7,131725306842911
-2,5768376254619296 11,516900476779218
-2,5288787918760613 7,827081926752621
3,0484785862605523 4,582092894813273
-0,6506690784495488 8,715302100790321
-4,663010893730611 10,643473914668029
-2,3794240688889072 4,634136776097753
-2,364068832160192 6,666981001429808
-1,42390008956616 8,164622419548312
2,2824582238506075 7,969445107848751
-2,4319893306774727 6,993217159603584
1,0082963650848669 3,599088700104992
-1,6644717008182672 3,818769275151461
2,8675622114347217 8,124282281776969
-1,2515036783038558 12,420444806433771
1,2896329021496502 9,909169139037454
-2,581541130572726 4,24865297512006
3,0310767520274062 7,077616350669217
-2,7503668991799097 5,515576060194073
-1,3832831617406414 4,89356650403627
-2,4018360725846755 6,94297379306709
3,1986855529895966 3,9252603964671344
0,6005791943874019 11,058297655423353
-1,6882992972535922 11,038048063125746
-0,8997737694628718 6,462428602677224
-4,538188035795582 9,469477001953678
-3,526639613666503 5,191645415554412
-0,49743343317762534 10,367686080130147
2,5579606770021073 3,998199198379837
-0,9770811082754847 6,651710591859732
2,189427580340692 5,422248812936594
0,9788401372149256 5,732276591790641
1,8690878604169052 7,016906941062705
-4,875048088141777 8,648505517346498
-2,10469758579503 5,179633213756862
-3,5791035532886024 10,040643134132214
0,7824658531691853 5,125386072848283
2,928347568226129 7,500267989093429
-2,0512046036539755 11,41604773879984
3,7974250357131876 5,11329089578242
-2,298325765440885 4,9898508260822965
0,20062701432833485 5,185061371656186
-4,799224577032666 10,898451387150182
-0,26795057044089887 9,879186461318593
-1,9990553407008917 4,749811433845821
-1,5358817686093307 12,41277260555887
3,314868547604487 11,74374816448552
-1,2661958120339176 7,408227696918235
-2,867145238523471 9,806856414127681
1,7241072603681236 5,192989983604287
-1,1161459404340954 10,87659061557093
-3,8062390950707785 4,289046399604018
-1,961196918332746 7,940649525189942
1,5373600232335605 4,912524239032958
-4,27742403997132 4,245822287783308
0,288786159324645 12,154778419202726
1,1635869248961646 6,810125899321482
3,413586186541094 4,765830137313594
2,448284909373635 10,337235201348623
-2,6534643526260155 6,581119917264644
-4,975119542714741 3,9642040939149634
-3,981064712074286 11,211164980562582
2,4471292616322184 11,826267981687732
-0,8740779550463014 8,788956994454317
-0,356903058095579 11,686427058267146
-1,6790840584500475 8,054433836983856
0,27912273981131186 9,339304600890575
-4,124817641236584 7,100065693217738
-0,10803347385573048 9,382759078030816
-2,795095040685133 9,376964944159035
-0,491519674892694 5,245531023812582
-2,1523865499712134 12,285709146570381
1,7822365854133544 11,373942826565715
2,4196528077532733 8,21193039895456
0,9437374060684682 8,005363208476002
-0,7957000024352467 8,391986878940468
3,1701401365870705 4,786726382344498
1,100858407526748 10,334289945879414
0,7136532124715087 3,942743914631162
0,5283890274718903 10,225126951167287
2,496585934596733 5,761951744767494
3,6215718934840506 5,318136504393134
0,4472499802914651 6,331527360476144
0,18455481759779602 7,865335317334248
-0,4040419225668499 7,011925000200887
1,3420253531830415 6,022683509701806
0,687854865626111 7,976509411460163
1,2766600295767896 11,213455773061353
1,2088780384268976 7,532299726057456
-0,9432529163910628 6,004090429345489
-4,208457781184854 5,95398377537319
2,4253834077289538 8,514571856317408
-4,857261549295557 7,52228652649973
-3,3820221695209156 8,245468263269586
2,294650860858427 6,019915914224011
-4,033694091377332 6,730236641105732
-3,6975721610064634 7,396543400430151
0,5428189293491918 5,522915541783409
0,8254915735379322 10,097046289479929
2,3966138888461046 6,2455945737380025
-1,611419917456411 4,794215891401655
3,8351991789202327 12,148666135556386
-3,387122264479569 4,465816278165498
-1,6385660243034907 5,379351080401901
-3,902760523748393 5,2580253143500775
0,002070587140185154 6,165218955859622
-3,8293372010464326 9,479882646655605
-4,11490791540303 8,297274731538884
-2,4752444686490014 10,948296511731758
-1,0431032253414765 10,1867412271754
1,6000846580794619 10,647442626658233
-2,572887652480433 11,104382004703334
-3,671456765434398 12,418527232930163
-1,586815215140633 12,287290896927491
-4,770929252993705 4,444916175496644
3,3288201193988503 12,011754395364514
-1,8115156336102762 11,797697004518911
-3,9016667350549863 5,387589930701889
0,6418067094362687 11,243046517366972
-3,3653510911802056 8,956551956902882
-0,8609418668585498 9,150473844717133
1,2251269997555987 11,049974937912065
-1,7520948943778842 8,196497220264508
2,5288992979998977 4,443746904786405
-3,7137409272460706 4,277412011926058
-1,1282228757420274 3,684330478193924
3,7216342231849193 7,328847230503374
-2,389196486301376 3,574541601467736
2,1708866831782725 9,990940880798501
0,3280760247832504 8,99167278661805
0,6506715770886027 3,911079419801599
-1,4692048819179941 8,972479374497944
3,3611732442570244 4,75652750055437
-1,8068501340266172 8,591939297800646
-0,9467164794780931 10,512076273143839
-1,4089267964617078 5,014853917520109
-4,9146033658723205 9,154550904795343
2,141373123315349 10,740104072300468
0,05514765545818978 10,6929401353547
-1,080521308124422 5,021480116541586
3,865336117988912 5,837944573340694
-0,3788784171091635 4,1134904838358635
2,2670871097182816 10,863000843541432
2,3519794741307445 8,32665334763962
-0,40479435886961035 6,058738785343374
0,5412745430033059 4,021420020715534
3,7683024959630913 10,642361903307808
-3,742533485760032 5,01678891833154
2,1529514126266864 4,050383899491427
-0,7909933633552031 12,19158063820996
2,689387655529874 7,71720154918618
-4,985147564284983 9,038128171296037
-2,2644343121077863 6,960993109661824
1,8938291156438343 6,945507292386004
-0,5081875685028372 9,179383983497097
-0,35721251514978913 11,714894155693647
-3,859452817605691 10,252138486857636
0,3073002279010293 4,0997299958329
-2,716722390259677 9,24854996473459
-4,601600118848885 5,617210426688177
-4,836120669723749 5,609238950977878
1,5501654776484148 5,358326729785334
3,850324072199868 8,618375966920082
-0,31340326453759015 4,1147504706839175
2,8401161859750212 7,0278015345265725
-0,5573555113411253 5,668607810063923
-2,5835138912075046 4,2539128550949385
1,7321706791877425 11,914047343552832
1,992994340641963 9,417525728405987
0,844034742609721 8,73530311008209
-4,80916980368613 5,4679415439907455
2,0097572412121654 5,864837888178096
1,3241462486039843 7,160680964668337
3,2658698679345726 10,152982824990156
-2,4297034853841915 7,071352427689167
-0,7497585845212154 6,369023269063248
1,8076368392827025 9,116005400035725
-0,6310381924886999 8,283862313325304
2,187170898619481 4,371947714540116
-0,09179859220555642 3,771659619804864
2,59199603047794 6,418222043396094
-1,5413490944540555 6,190581131212965
0,04124856640225971 5,237046806701718
-3,702186784554507 12,449533225518577
2,963680521534915 6,372938669839109
-3,432002206551482 8,252035155944569
3,2195968630887677 10,392827575301867
-2,385064392446581 9,054259021193712
1,1740420436479315 8,612737355719293
-2,2010465099088696 11,834240824413232
-2,9040365156469097 12,20319306216542
-4,484055565291227 9,744735268896553
3,0544810637924087 8,810402896165378
3,6802202678096645 10,455592768420562
3,6404591878619286 9,64252440654672
0,7741355205986604 3,561331483675996
-0,11129829610447306 9,782442266712001
-3,916001690843774 7,1270249504954535
1,3676761361522738 6,214759302882675
-1,4327766743320636 9,407841068420456
-3,324875310696035 3,857986528230917
1,9335013553378673 11,41588438855267
-3,4093835497797214 6,263147806934103
-2,2909929949149177 10,129621264841017
-3,5260462973072966 10,107499122246805
-0,2506472676221323 5,297668859052971
1,1823722665575644 5,7025970745855465
2,017571977428682 4,175314556745277
-2,8102755392044454 10,72562000064812
2,8323957086724363 9,489351324507947
-1,6178663526195498 12,222425528222182
-3,133603153316189 7,704905845749691
3,2599593743950326 8,692577719062097
-0,4792647068603122 10,438322070520794
-1,1069058608525175 5,062799259590403
1,498836050550068 6,618180543520664
3,79791434353978 11,97341565572593
-0,6011597906411748 6,259369153014175
0,8320866489614458 6,852399906250808
-4,153276569063011 5,152484821891902
-4,521927437033243 10,432167666435232
3,9585844445759033 9,560030016828396
-1,854803019496995 4,477359817384671
-3,9061268354475 4,001078617446776
1,0964413533078705 12,358644684328375
-3,1191176556005646 5,1746359780575455
-0,08649768571547956 11,147848834215967
-2,2899036214618 4,997247836566645
-1,743205793009675 10,46799484141562
3,747906163224121 7,334237982016462
0,017245602538463523 11,297636761862774
0,8171147094758808 4,08197401205575
0,28704944717945224 7,949435867537626
-0,7475218321590011 8,208881050000928
1,2610699761570876 5,839670307217797
-4,935719894291118 8,113897992655955
-3,684602234760786 12,179753531377617
3,5010076178450813 9,265868087684336
1,4979443911555093 4,1327698195332845
-0,3429921566903138 11,622487179273632
3,948160372206665 10,097648194218088
-0,7489164731744982 9,033091449329994
3,864940216100779 9,62176333761311
-3,8076922236842226 10,590255068795495
2,039198706401577 8,182761641320242
-2,0676621432100037 5,141532580775368
1,4106563844718982 5,369539152354294
-2,1165283285707925 11,184398201106234
-4,195981468686281 4,639664845668486
-3,107015154501233 11,731390151821099
2,4340322173811035 3,8902687235463462
-3,044417594868832 6,374039190509491
2,6932027783493613 5,890328813522419
2,6122046218742767 12,495763123893628
-3,9088839893523866 3,8761387420435343
-2,0658983773413904 3,6929379510346845
-0,6572691342018873 12,376283607547334
-0,1771751911135233 5,509656061901012
-0,7900010732877103 9,736427839917921
3,0158747559385475 5,758743349298614
2,7180887521811536 9,708795194957709
1,8726501708734853 9,439321419154222
3,0718411454899073 9,453826367250318
0,952618964794631 11,948815373591785
-0,49107320218467887 4,483699085959415
2,4765370904077617 9,332415428413178
-4,672170561553042 3,782453796249298
-0,4885483103347825 4,781132287005366
1,674206768201528 9,355672949374515
0,9842595402820855 11,185607338292426
0,3165000247991081 3,8336124123273403
-3,195736886299429 5,2240509407343225
2,2840675326589075 12,231744962668348
-2,503309195671048 10,427229268596342
0,018459243034620876 8,628409564044002
-0,0826463586803099 4,793395197431478
-0,42585618329144914 8,636816347346922
-1,5358400953687834 5,342560473342045
-0,3464887659879494 9,409103977091895
2,074569238941793 4,316352464302263
1,9019675789413224 10,648205141861078
1,8387660063639633 4,277265527344341
-1,6768389926519638 5,47095999343279
-3,9388499469170815 9,827544086063007
0,7169494673998971 6,784621071493753
0,47072561921454703 10,966066613501802
2,5529437189043387 3,665234623312793
-1,4840219526655432 5,7601976229840215
2,826703613232425 4,336793134035832
0,6101692547064328 11,260818778493652
0,34980024670412657 6,154148809865109
-0,5228167015808056 5,185961521457032
-2,7167114143904847 9,785434374361152
3,7771546277760244 4,7071713032450155
3,3996754031634087 8,405947486154492
-2,4727548297673225 9,17329280247683
-3,145203826771521 3,6952669472680553
-3,2774142163942495 10,24587116231379
-3,9685952746973796 11,30577874433233
2,7394403330747883 11,118031607930668
-2,3035929857609645 4,413592879430479
-0,9617126165889269 3,5582772939782505
-1,4525811383739367 8,805404152951759
-1,5921098501259454 9,338481138050632
3,4327532081330254 11,462414059688635
0,8669335123149029 11,930849265773812
-1,2297397954613833 12,15399578542166
0,6754993148787554 9,521897044583271
2,817040668717601 8,316881379729544
-1,1196928857005473 8,956218660266462
-4,9217215214744785 7,573241662938087
-4,28472384972237 5,512973382609635
-0,8482534010944471 11,03167565622309
0,745832144700497 7,669947481215131
2,9026506037056983 9,562486371869696
-2,5193020305384417 6,988285984666774
3,7581547255784393 10,154314879121106
-2,435472770716408 11,363552393142022
1,1581046006303497 11,168819059717872
-4,423435324917861 11,372349110161014
0,9860782013169027 3,9446111286196617
0,8499429218772923 7,580932866126924
-3,493455662676247 5,560022374873045
-1,5838470711741173 7,5542420643698245
-2,0139310177249703 9,278190261618736
0,19751534135369564 6,634326610546107
1,714720515314891 3,8681695405542356
-1,292061667730163 4,727359335559624
-0,5281071078221053 12,121141771971628
2,5532445804968065 8,433299481960116
-2,7162448589956276 6,18226232545139
-2,9118154797835927 4,859628414252986
-4,488950772318134 7,128230757613682
0,870379633188481 5,803614462610705
-2,5336367074391264 3,8554831592050722
3,1634322955897396 7,16679904316357
-4,167063932100022 6,84343264183299
3,8095615777859546 8,999826971592313
-0,16471379805785968 9,02830767341013
1,6901985170538083 7,072567773290884
-4,965305078591658 6,106451376713672
1,0768975892026917 10,254019824202736
0,4340033896372475 8,511474712486649
-0,08106463751239623 5,9622563700901825
2,536919887533731 10,327908213200406
3,5832722330205247 6,73692279235909
-3,1451070980795848 5,880495919096925
1,5601948742567124 7,335180024131492
1,314220020318535 9,236771447545749
-0,5852378892880674 5,160945946074881
-1,3335416134666422 5,501080771571853
1,4192007629222516 6,578315243971687
-0,5351888617734861 12,148432481560176
2,0406410556470744 7,246055125382199
1,1235584923744515 7,542053139872161
-1,0252257098345288 10,70295217948508
1,8965872679965141 11,988762961016564
0,3864340970489222 6,229726982487982
-0,5887890629264394 6,970734481428206
-2,4837911222252504 9,21753742035001
-0,2815518818152736 5,0471874901253475
-2,987013089694787 10,897757901907378
3,9105349867372894 8,769901739919206
3,872809242379555 10,45184802398246
-4,129720791120661 9,915339487535068
2,1200412525816565 11,30810077845364
2,598768444091905 8,1479106322208
0,6017203141821819 10,289863967722557
-4,339511652908748 11,419835669227432
-1,736272469808772 7,878628297573402
2,31085757707268 12,241452155261074
1,9697146169045334 11,67347665086416
1,1203184308324374 5,407308552802595
1,2035657874959682 8,448674566851329
0,6343184258353833 10,444609622984895
-0,3224857196891344 6,084768990422614
-2,9637972055521926 9,802599380691777
-3,9406976520573425 10,34885491668786
-4,412829356585174 6,729656266203815
3,611826817039063 10,780276934870464
1,9405171767679628 12,410473683403405
-1,295923200755626 9,697509395326566
-0,80337419204408 11,739398975896023
-4,066344150646788 11,170499987664755
-3,074637590582727 9,151307798998436
2,7150228889499175 5,157031749314771
-1,6055957979399769 10,841348969955039
-1,5099544520138632 9,955261755008411
3,6853797515483198 11,545509828567738
-2,5248319632337113 5,550217011913814
0,8929715966935872 10,72706731885787
-0,9000817430799497 5,091640316121088
2,3408620748284914 10,646080060456365
2,702662140650677 6,956864677401347
2,7641845319278904 11,271850043276602
2,4973713980314294 10,46410094785016
-0,2458793287684342 10,971796529823356
-1,577928186083125 4,639160786067103
1,5432117283858995 8,418443854468798
-0,8932891935437759 11,56948233774167
1,4079915432210388 8,54234076749942
-3,967825597360271 5,56567365737715
-0,3540641664042212 12,16311827103248
-1,28928605140457 9,50870868971496
-4,228558947650694 11,035290128290704
0,3043677396780984 4,320289623055736
-3,4102005138381095 10,646821947469197
-1,9303880126173798 6,567831129334188
1,0985390506534696 7,836850243574473
-1,3786656132843453 11,544518501393362
-0,10383687006236375 10,384139363742783
0,9063272558628457 8,292127722384038
-0,017162751300221046 5,512660304182324
3,705490584624613 4,427461291199138
-4,322188000817039 11,395506326102335
0,1407749177255635 4,593877836230245
1,3536521986731636 11,853109428674978
-0,8973884092528959 4,755392939388312
-1,9359893822180645 5,206389158772624
0,9376172941903995 5,617558018603704
-2,372725343507594 9,773246773795671
-4,426528963671331 9,966578271845504
1,0793846774019578 11,752759369928333
-3,2796405902072165 10,32911980721155
0,6019825792881761 8,477711494898294
1,4313251879885147 4,285729247337553
1,596480757538969 4,60509548239137
1,1556930673723915 5,956853538885548
2,1774465539058134 6,083438325918852
-1,8108505880422183 5,627778179762719
-2,358882009156656 3,861830662199012
-2,4587208524980873 6,741020708521693
-1,2825566682893657 12,164491968799593
3,9650344764795253 6,21277234965801
-4,240860230531882 11,458708612216627
-2,8763510283910785 6,593279277811028
-3,6902435511949387 8,973056049847365
1,0996328550303032 11,318183056365278
3,6326514530628025 4,822138937206276
-4,019227828350984 5,431331361646207
-4,540894916616668 7,543460204086573
-2,4351603036854845 11,362447329422828
3,2412459983516584 9,403135684553064
-0,34918362837169337 10,037338192475776
-2,7741232119957857 9,203467092347138
3,431007718379856 6,0344111479880285
-0,26893007124109136 4,692187561635633
3,4067688826946245 11,228376882106971
3,5811390379947383 10,3881747672952
0,8123654093829611 8,571008956205779
-4,455231609666489 4,8357367399745765
-0,5561143370432262 9,376380106913924
-2,87962244790433 6,814959269682587
-2,56722146376075 4,384555750718365
1,8273164406766922 6,1542190468627656
0,5021167743994654 4,431366076290724
-0,1774842075921823 6,457004378210439
2,989856750709272 11,160572701303591
-4,018660139984702 8,479793819084891
-1,462956693799514 10,033304923640202
-3,722968277067922 11,103877551899771
-0,2772806625443298 12,241334500803877
-3,622089291436449 7,726613755951783
2,654903364616496 3,639797249627535
-0,10945834896665296 6,979414278064367
-2,4511247951847825 7,27181968161325
-2,5067178303131037 11,641591726879298
-1,94425639471485 3,7879939591354725
2,055196084948463 10,979799576845394
-4,598253500221069 4,339465943531123
-3,0785131022939605 9,916680685233782
1,023591589935136 8,329490600163597
1,7396881288345964 8,731070917142874
1,375389161838421 6,8613138219382535
1,2529536466754863 3,940060286243599
2,820689540748277 7,077943664616864
-1,0582427656066349 6,45041123708766
-3,091539384048927 8,122120109867314
-3,438072714206511 10,789951605291556
-0,6274212062950788 9,954649874533136
3,3704232096712943 5,642250633069384
1,3023466580331746 10,953861816152827
-4,136909156874465 7,4692912042666695
-2,971935249953814 11,156415157626224
-3,942376482847765 12,043688771363968
-3,399094474432663 10,174515294979035
-4,655251035248884 9,593347796712537
-2,256414149581809 12,383676737915843
-0,09780632832547376 11,640959673079806
3,638486348926792 4,011785019464982
3,173206602843692 9,531412040593418
2,1793617859401557 11,478752635685591
1,0975459150221933 11,40289640179542
0,26219309111649114 6,235626033468696
-0,13519064800334224 5,614806103299593
-4,838572279017315 9,971736456881903
-0,9041095769124086 9,161137981873189
-0,30242019620099914 4,831105214217338
3,9402715296296567 4,8580650919640815
-3,787791618208908 9,958621799003469
0,5021570223945471 10,866756104433712
-3,445168043783366 12,038207460839068
3,135879844254845 3,6276677559424124
1,449061775001887 5,209863685885756
-2,3635501147221722 9,041348561654718
0,65085636538765 9,335691116971775
-2,6834236597553245 10,476616883518304
-0,4518513987864763 8,788071134397374
-2,589278707685351 4,576427315221828
0,23069464030253517 12,14921235672372
-2,0017475147633856 7,3041717225067
-1,393465800715326 9,299172713897809
2,8190943172030583 9,198239844037017
-2,444867798744002 8,21913002975985
-1,1187524258051726 8,407924414512676
3,2741659350037153 11,191512162206052
-0,4440840596633606 4,289488582388832
1,2581384995854474 11,298185764081296
-3,554778964488343 5,271863258008674
0,6764649146609454 12,073109919092884
-0,6781268585326554 8,680002274508368
-2,932509536393087 8,893711443311673
0,21523675461996206 3,9179598635407293
3,936748544296062 3,638426113317049
-3,8005084333692634 11,558263390016249
2,668900797281733 8,883554265507968
0,9859911040151825 6,959253347523882
-1,1535150392455478 8,84502457788092
1,1925728843182872 11,189943537715042
3,6573083931803065 8,58558749755229
1,290218700331514 10,545610379953317
-2,530182495410294 8,58640836028479
2,375516701488853 3,7849363377010232
1,357388339519619 6,663069975130786
3,8655654275782645 5,537206990105348
-2,391921796506452 9,654752876972417
2,6834836630234573 8,601569650055524
-2,980912496715642 8,455341343347861
-4,090979964171581 8,590814246503477
2,0335592698876823 11,714203940939937
-0,21754889602923555 7,7938783509714815
-2,1216343136639164 7,142135967815775
3,8796654431640896 5,915529480947695
0,8827673051951059 6,404661594805434
-4,443351212921126 3,5145849650278493
2,2149986330091576 7,851337050783129
-1,3109041757387017 12,068126416216804
-1,9301794991275116 6,108790438025441
-4,607631672729563 6,472209567641482
2,3567367540770423 5,815397093839843
3,4750233808680626 5,130586037012092
1,6217800173149088 6,495919056585774
-2,7009067798099724 4,539341260991606
1,835360452852619 8,430219630039383
-0,2560157325432648 8,723263613137519
1,8288221813901835 7,802931023744021
3,801446320042512 10,321345940167237
-1,251004274188642 5,458613147263271
-0,9597217651296646 5,182521139769221
-2,5640790102425752 9,194417591516961
2,6832061618678154 8,730792177502686
3,125393155615315 3,8168062328745176
0,41215563763682983 10,008165440075494
-0,16527150416873493 11,334050013577823
-2,1276021228263238 8,024380304230451
-0,6752311894670449 10,24899565967317
-1,764541419956699 8,763073866460436
3,7042789667944955 6,928905805036521
1,4115318155868524 10,079005981309605
3,0665484786890858 4,554557118259837
2,353645105111922 8,87048887401593
-0,20400278901734836 5,2386181093496
2,986998638525053 8,466236844133824
2,8227303339729675 10,413280011088766
-4,405500575025308 4,935886725450514
-2,9172277031942437 11,513463356205678
0,19539319415244094 6,758564825334663
2,6135765089012537 10,50186929567349
-2,139508890544199 6,540410685882508
3,4570108189191817 7,5549532444523315
-4,250827286898294 12,05437015417541
1,1389988453461628 6,00032164799526
2,2623598849882143 7,955734053514803
2,633639916705098 9,837334943556556
-4,3467462276362685 9,877214917453816
-0,9865768448647358 9,907252452052813
3,9892941052884243 4,529223917858861
1,3844200452317592 9,71652854661733
1,801785890790259 4,454642246449519
-1,9194608134758382 4,901572255946817
-1,0653438189663236 8,547647143688542
0,13715022388305087 8,780340672312386
-0,9215942593081117 9,949504486883471
-4,974314565884756 4,111297732467894
-2,0597545674181843 9,34934188566562
-1,2731883073094066 5,899688209914206
-2,782778601901219 11,040350674063177
-1,4723318886178092 10,10350326123287
-1,1819310930639135 11,00334448904318
-2,825739152363904 9,228967207039837
3,7876880415168834 7,563835002315296
-0,3494126048314907 5,266604092594268
-1,772816903023335 4,793719715054951
-1,1417980251846238 5,515651573044629
1,6074489781715062 8,104067433834842
0,19153748426999329 7,7952760457733286
-0,7967573642343115 11,011075775845024
0,8178399733605843 12,371447701861717
1,0224457393907134 3,645283198662023
-4,178374032236129 9,715027262109976
-0,3528419174877211 5,295299754254565
2,2440769059468852 4,925251120678503
3,7614921040780906 9,5852700375514
-3,3374854582866584 10,002747690734367
-3,9207546687014845 3,8887050493801247
-3,179310922766372 7,471943759635877
-2,230785372333291 11,145978055817032
-1,5564156852567037 11,559397205434557
-0,9401766190242018 6,0561890374955185
-4,561046450751445 6,052326363318391
-3,629272737698467 4,052828883312941
-3,75088127704898 7,523585943046044
1,6195586059512292 5,545679759128163
2,1117576520574923 5,5624433256503
-2,512029798707682 7,583729668520072
-0,2959657984177504 3,654951616768825
-1,460947658729371 9,180190041688704
2,8203911621901625 10,273991080980412
3,7276011548907544 9,926954555411912
2,2997353460120875 11,055199238883779
3,2840590525728324 4,439497766258434
-2,9129424689991943 7,476092646070341
3,49679306830442 4,0353861880251385
-0,39446989416830824 11,639269064400997
-1,9620088494777859 11,410545414506158
-2,1687623036967394 11,29244747494737
-2,2758866281518917 11,324797474434675
1,396113153778571 7,272830418239326
3,3109646042546768 11,00241796203725
3,915107723558547 3,636956483563803
0,3663620657763085 10,310436224458563
-2,400815160127432 8,508430964314098
2,266745503752616 8,842510655172106
-4,624565512056799 9,527977502195993
-4,942553613201017 8,767517340352127
0,88479511497279 9,90797696342586
-1,7584872798656046 5,550287891815415
1,2662318093942613 12,251102622191638
0,12007555206351217 12,498057226544269
-2,0331718429291534 10,079632241466404
-3,3542532685737325 8,709285679424822
-4,659499895722596 11,822457961275537
-3,609593466736062 5,470743250346228
-4,612150023472149 4,526090907599256
-0,9311050140973034 8,819593168848678
-2,458310422768558 9,850865557400047
-4,48582850216094 4,669871500131789
-1,968680602231636 11,850907417127416
-2,134080142617069 8,551193208257759
-1,4260371244352052 10,094599123809576
0,1387993281571367 6,666612077316883
2,575338092942437 6,938160619026817
-3,1238528942301595 5,1575264183798275
-3,333921935919657 12,070587626258318
0,4521173569294268 5,997980063031415
-4,619437724949849 11,065572234449217
-3,7439728369080325 11,435017712267374
-1,3314360881958396 11,513966364281462
3,7032503974890716 5,574553067766514
-4,27206112147152 5,335241579550784
2,872776463290263 7,066760024793508
-0,8159460858057335 7,422135659841428
-4,120890583398914 8,183672280062456
0,612276233411384 10,213784376018689
-2,1284105336327355 10,196471551214895
3,3196222085988722 11,245468986741693
3,803292124528154 4,8267333678379885
-0,005549126940724847 8,118645613564535
-1,8478202939923984 11,860409839865381
0,3195077789623628 9,269833831297385
-4,116908364247875 7,638569964455877
-1,1526214498818286 7,733329823677158
-0,03125406684049903 8,893939255127895
0,6287004220257488 7,603508067440309
2,7717419377838945 10,710331555252084
-2,593353274385099 8,056887394005022
-3,252736805251866 11,854152605843097
3,972858704910088 7,541566970315025
-2,061395213931152 10,48914011001073
1,7159022724014052 8,027709142621099
-2,132769985937242 6,021798952146385
-2,4221092777946347 7,988150063452236
-3,6885614731613714 3,740697461185637
2,145027685883126 10,885834759570304
-2,861145911811634 5,103937373116246
2,085065565731383 9,3036929823434
-4,935544405458557 3,573509994580434
-1,952361551866316 4,792759061908135
-2,6881203945652867 9,09534746614441
-1,8358020412669025 8,577994354732162
-0,8909181682008924 6,595936935572766
-0,6679440204223193 9,966356308346086
-4,010767973041477 9,129752106601835
-0,9428051991749031 5,552955124092611
2,5066886420737235 8,135338180593095
1,5898881188126452 12,451341798026387
-4,228686447882815 6,607532802482865
-4,609625806846283 12,3624734975484
1,6651268068472618 11,059365481498402
-4,146509620951479 4,9298170204309955
-4,129494568171771 3,921860815710417
-3,200425276631268 9,166757294822242
3,898813448853357 3,9512181440160337
0,6485709512282813 11,605651291107467
-0,598866898685114 10,220598203952733
0,4732808762090652 10,983204212755094
0,062174563692286355 7,313500264480362
-0,22625126543309637 4,366600065827377
-2,968306469169817 4,580489733045221
-3,6603893113450896 8,724569062858802
1,003211671456679 6,782288611566093
-4,837703501661336 11,567634098878182
1,0061765273650147 11,069502403731292
-2,6247850054399544 12,20747700914337
1,5330862514828363 9,728466527338025
2,372346273966766 5,657233436364492
-3,1382423418894607 4,791117486463206
1,7773356295410565 7,075727923485224
-3,9200937735033934 5,446241344342758
-2,5205879253998464 4,781810400164885
2,2398765118112642 4,4707645910775256
0,16038683812004084 6,569700640800138
-0,4388248974283453 5,780791448482698
-4,071492613343336 5,354792588382064
2,549324637941922 3,84934568439657
-2,495760257139411 9,945846706147503
3,9157138716654014 7,3311808024855
-0,16950620689974816 4,6452631564213185
-0,009392769809339896 5,10590592943408
3,397838940578847 10,735665408098878
0,39397081049107463 11,71673327654808
-3,25178660459714 6,367951559443575
3,3745454209759647 6,412081492927998
-4,340661546726004 5,794792836257226
-0,7752960831085982 11,34909497397268
-2,5348400059478435 8,787395303883443
0,8836025549688147 8,692623110983408
-2,303331318285318 9,662958106645512
1,4079085096157726 5,52594732053409
-0,2725719129143762 12,285573945463724
1,8271817444469223 11,947991367505713
1,9070304306215293 3,7620911796604988
2,3499664637417226 9,032327016949132
-0,045062825156476194 4,15230038342025
-2,4248462812021576 9,680121511560213
-0,6041011836652572 9,383937704181218
-2,80859755802381 4,5974186163389295
-2,0948684925976586 7,117060177694564
1,279845228215951 7,2498239926835515
-2,9306108190999822 9,636505943825325
0,6188593923633281 10,264053209268557
-2,2957021045226558 8,822695648437875
1,034807628980424 12,107398595759816
-3,475461505254743 9,074637750393181
-4,959850897867396 9,382936121913714
-4,990976556089616 4,399228215132383
3,9356915659974465 9,34343885558351
-0,3692335494695591 11,227012680537115
0,29086063336524326 12,283562649712989
-2,8396309950397605 6,52648806586561
3,0603904284385983 11,733806354881734
2,073640184573378 5,810758541051198
1,0339776142339794 7,287257658590851
-1,3628263476259157 10,911439470773942
1,0777346395304255 12,173530591801457
-2,1390462308760534 7,691880377634179
-0,5012756179073827 10,650588238584412
-2,728838775425629 4,322411745792608
3,9166831249042353 6,219527036057258
-2,1181990666486454 5,104568896312969
1,0735985196599733 10,711193556843337
0,02451004645181243 6,571742053183978
1,2980759781382742 7,452159239553821
-3,3606331345906466 11,22447299169609
3,0595314480955764 6,395393631427991
1,9841319616144313 6,684333680031116
1,9160239830380128 11,04031609569472
0,42737387308400354 8,732568426566296
-1,2345291476210836 8,189391900029014
-1,4695885983307146 4,288310547831656
0,41089162495907416 7,591279185648469
-3,317606018432086 7,387725320203158
1,5017423910004535 7,102914287263843
-0,28217822704007034 12,37523222723239
0,6664822705757354 8,731350718179627
1,4535427380016213 6,865450656585226
-0,8417629976833476 11,790647337442117
1,2007828477155327 10,648682185636762
3,991829366459614 12,233892828875526
-2,2230119586027106 5,119125325220679
-2,6424020691204775 4,9566875473054575
-2,4324350137179587 9,803395895963654
-1,7466168193921154 5,148428570058156
3,7085085213882287 4,627627473704513
-2,0289019742202843 8,158561506998785
-0,1463296010330124 4,435397468995976
1,2677249885487232 4,514786651379291
-1,6577846759443067 11,7810609849581
-1,4412432228086542 4,066415564952226
-2,1742244505549957 9,828285712576024
1,332790018351762 8,238279209832985
1,898658480990064 4,876086809963417
0,9259357081656043 11,421138797255825
-2,7634273313545146 5,889843031270112
1,047166945422279 9,83080325653034
2,3860046642987367 7,647833255830115
2,4675423569565957 7,398788499192897
-2,3474331644063926 12,26103714158283
0,7872322996987231 3,9162522533162347
-4,47414817146004 11,288330795404146
-3,548249575976858 9,632885052405443
-2,464148548904621 4,758541151805986
2,9302116760192973 7,370214879478416
2,7074413429889415 5,391864857973788
-1,4280179257205643 7,922643768916118
2,075949542781413 9,721754472892899
2,1087188252580837 7,904273169900924
-4,522699380242285 9,998404468048712
3,6967101205849424 7,107952192964257
-1,4337268931626497 10,473174040672191
2,0796514931396306 8,432656862042121
3,09041148227824 10,570389941131785
1,0848019810969864 7,055441487279431
2,7927531443900797 6,394057383814625
-0,8411026002349207 12,017966366569409
-0,7871713432368068 6,063915749114367
-0,32614801106601465 10,931514667434532
0,9583799535049957 10,014592030564025
-3,717406449874481 8,708187572609589
0,9031389786724393 11,376577675394408
-0,8647808547123006 11,970482181037896
-4,2276029188221855 9,8805777464231
-3,9048784735903364 12,10512022883297
2,3286963411887163 5,318647713930046
2,2113100373323515 12,39107925938109
-0,17415688353053316 10,543915757836341
3,9749089419674686 6,891677655719196
3,0111484620700573 8,945310189742038
3,847277276573813 3,9876749057826655
1,4270517804608112 4,6199875200462905
-3,4371101497362746 9,10415831565599
-0,9611774195806522 7,374738134352629
-0,9033342171644527 7,9238800557019164
-4,918670024144143 4,018231194067381
2,3143862471342675 7,800358401773219
-2,875549155168975 9,200395833437188
2,7001184005647563 9,952456497273964
-0,875709863489738 11,999728391200604
-4,66647352677769 4,065948598505775
3,7740605495492865 8,501561955801735
-1,32839066749698 9,270038252466605
3,47262985543483 11,572475515013572
1,5430624162123783 9,274940139391552
3,6879508684003532 3,696307984018751
2,001134567033228 7,293390639754227
3,063957499929641 6,682847137623632
-0,32215635526517516 10,566160474752664
-4,417509415200242 10,045382203165298
1,9944722430116038 9,426440843043551
-0,28727154129933563 3,669301131893454
1,042679533877731 5,426306500265934
-0,944719781412382 10,33815424664628
0,9120960585507749 5,139985908424267
-4,951810413508646 9,567558752939227
-4,471710972338045 7,4500402089063495
-3,139166329310962 11,746123555278988
-3,2386580322186163 5,40568926770055
-1,681669771783441 7,6140607033176115
3,736468812263018 12,369397777538804
1,9772992236231675 7,729912204578475
-0,14023351807957685 6,245540389760527
1,8994075301240905 6,535113254499859
-3,698027556264332 3,667624509986612
-0,671764580379226 9,45637931984487
-2,168238945050805 4,335277404400907
-1,795074755608415 3,749835043991596
1,8238435793943522 6,258091830987102
0,36822545770515713 4,420539922663998
-2,4359860531519937 9,161175453147957
-2,54907263874653 9,248779073655616
-1,7548270756455189 4,4650274140331385
3,8520493248353294 3,8878466049650138
-4,3981971345386714 7,252053211060855
0,5129114532608918 10,246861733621559
2,207370572503902 7,106670789374361
-0,9122029716815927 6,440479774682046
-3,8312283492361905 11,521298233376472
2,003062622260116 9,342116966762656
2,9755048879120913 7,9844765912016
1,8675405856661262 3,7636424636439756
-4,759282612302786 8,012258903305902
-2,249274278389161 7,123571877165536
-3,632747411865538 4,805670138381089
2,5598555062689483 10,312159276733913
3,7696318318504947 10,931183288427139
1,7765597209236947 9,346669090734212
0,9096271049061091 4,274657815553773
0,26620678617936466 11,794370679196797
-2,446820477851094 8,107517014552242
0,8830872316553133 11,979267470732117
-3,3525782116502603 8,802239500040043
-2,849294193499891 5,303695361559755
1,4558705991061327 7,7015269435426825
3,296285436007869 4,774783078033769
1,6161751645309428 7,898756493860477
1,221913901725852 4,9660581576403935
3,4298956019599594 10,834350856179668
-1,6921289040075833 11,304764439443243
-1,606007473234135 11,316204752663
-1,7785003259248184 6,487940071450911
3,0788211992254464 5,555220665139997
-3,5325807101803286 7,19211407855331
0,16503272181777895 11,978000373340791
2,5942524412313563 7,872633157322099
2,076590328119111 5,838510884064046
-1,4995510438165196 8,0303138253812
0,8991712692078409 6,217573897681592
-3,06487254432274 8,362530554161228
3,218570257164261 9,753709882135471
0,4709987058479088 4,018849028935159
3,115890516670513 10,427019886493822
3,538811530501846 4,488168743826568
1,1286561547331813 6,3502371399671365
0,2429608493012152 5,511645708616496
-0,4918970260708493 7,458695891479646
-0,5684626045731962 5,4059220459525825
1,1993608318235927 8,800429741820253
-0,6473652252625559 6,134983372157964
0,04440383454139951 7,454949876191847
2,071321586229992 7,83344829247925
0,7149084415788094 3,509111909284677
-0,053097470975175476 10,669938338289402
2,3919742491064016 5,6381281036251405
3,042484268536322 11,733542574812978
3,048926313113082 6,312998672242588
-3,194168317932877 11,565959929612458
2,7709701116112875 8,055111466844306
0,3715474548880664 8,49562641051487
-1,1562886518345716 10,515388640604721
0,36415449986967907 7,845936437047268
-4,004094961841089 6,364599175791804
-3,779222961331923 5,570876368901725
0,8408945107633308 4,68282761953366
-2,01088492445498 3,9408960005378573
-1,6082160365540674 6,178377304001932
-3,1488364783133767 6,0986428734072575
-4,374663508144337 9,812198883821637
-0,7593516280128458 3,51939353752804
1,646794096270252 3,7643700124734925
-1,4053099335233465 6,775294226333464
1,2854387120237885 3,9632310683115564
-4,517186035351334 4,779011023939654
0,2839731790674449 6,909871201452463
-2,872531424115501 8,967937510515927
-2,4936423060458366 10,876110878271023
-4,3494923841551305 10,176607298565166
-2,1251542265957846 7,457911621483616
-0,22868487682314154 7,626570896923321
-0,22056474434227358 5,779531970936907
-4,023046756933245 10,898596202976144
-1,5571517307811455 9,165396225433113
1,654403620756077 10,64481756345
3,630669854428019 11,84318865407545
1,9664551440248523 8,660417187353922
-1,3033148005221635 7,888347562796012
-3,6458239197266447 4,412659410984722
1,9615469172418676 6,032220611051457
2,4294270083069485 9,871446724180242
2,302239158443575 7,574339081925116
-0,44186677944399655 6,743463346223683
-0,4311716516232016 6,740298316356419
2,497337042946456 7,617466809390801
-4,009112081467382 10,292588690428346
2,9677520830466273 4,419769618700103
-1,7362044910833463 9,936220063833098
-0,6921544977577714 6,841997473813935
1,205754230976468 9,784684047587804
-0,5759005728049873 11,630246313943662
1,0194453530207568 4,368599764546094
-3,2221161029655443 4,357068536259833
-4,344709287021164 7,027208507602396
-4,1026904114734135 11,10748803391148
1,6952268455967596 3,685893288416158
-3,969788258693333 8,603414159403608
2,9955205575420116 4,434341139242114
3,1910091117432167 5,205097037854682
1,9316720477299194 9,78015767140652
-2,858428522852549 12,394697289872598
-0,6403000555939355 3,9331821045084276
-1,2038989023970794 10,686415226348547
-3,3654318623543116 9,690557335136848
3,6116528999682718 11,479449685148182
3,7360524073510764 4,66244750415259
-3,732105463636053 4,980862578662606
-2,555578220408811 7,948214702059392
1,2778425917715186 7,595751319691957
-3,1240632952496408 6,858192059730007
1,8569681628536134 6,3678808657156925
-2,7566329654623223 11,038585170214423
-4,023724584668747 7,794365311229785
0,3777453214702575 4,600383091058255
-0,7086876971818938 3,854067806125636
-1,2414935230564819 10,8447289304919
-2,85155493153725 6,469948730408641
3,4279200448827254 4,94293075943924
-3,139526884129894 9,65473616763034
-3,262768673155109 6,767304638348527
3,324146955094065 3,85482664465933
-0,5927996411172103 9,998395308318747
-4,02827609056861 9,011972414679853
1,8694278541504064 4,774517522837416
0,4526470064864494 5,546288681065915
0,6012141913218025 5,541655073571134
-3,1537408755150187 11,988908286066934
-2,2963451913926005 4,5802407435135235
-3,629535774649929 8,475869278642747
-4,812184950694857 11,424461986295753
-2,856097497728031 11,158142572924723
3,984232601269291 12,233342124473712
-0,27980457028357275 9,952710566760743
-1,4676495488350367 7,342853906736135
0,014480447497295046 5,658554757614144
3,571178844992792 12,443613922695484
-1,6533394024527452 5,920480462408222
-0,9110285206246624 12,194544840596272
-2,3546185556930155 8,309780507631734
3,6913865791408274 3,9893667943732325
-1,824740168597177 9,990037097456952
3,524642149001785 10,279262782332907
3,514106471465146 4,098123307509283
-3,9247750217305057 8,398492231482239
2,2753090957652695 6,203971185256734
-3,803085682668872 8,922011061961216
3,4128387661921167 4,402173842926592
-0,7567749877236523 10,192106401752971
3,0328365567284497 4,0809162487693635
0,5479942192292118 10,862434625423887
0,32581946769502323 7,648906763899483
-2,8467831546328215 12,001931314468695
-3,0475287254435632 10,349599327643755
-0,11631045464704659 4,718554548250687
-4,946721017414241 7,464504242921819
-1,02279528085998 6,121916023955144
-1,7127087664044223 4,149591023042772
-1,9658025784054876 7,960054159288904
0,21750294258154845 4,481526791233007
-0,7568379108595886 9,536466939075828
-3,8797984349055232 10,303929681409748
2,1713158490465645 9,321208254778622
2,38673194707418 9,115466147425682
0,7624676371139341 9,234442962929014
1,0120480873672602 8,846524392956821
-2,6540470372069658 10,955060600234228
-4,125881815587318 5,4343516170798765
-4,724741224589718 7,956274306945843
-1,289019934744819 11,114380745233344
-3,3859022006399004 4,4601195955583295
0,20872318623033514 4,36002078265868
-1,5344534642977612 5,241743465473812
-3,4147663108755744 6,00481808742839
-2,637677608795883 5,689441482080538
3,338201972836167 8,801726985315934
0,2660416381909867 10,859919915263013
1,7280593525216705 9,801310645945165
-4,0958669927807065 4,734166279923707
-1,2574188026201556 6,6491432086206546
-0,4153952536872403 8,286538157845087
3,3469831061778166 11,754047397998574
0,22497472093506143 8,779022336220184
-0,6213336367278917 9,05420681668287
2,637347816135456 8,49976080010644
-1,1555940372926456 4,807136256772955
1,625042278933174 10,743970948696738
3,237262921267945 11,009790514105134
-1,920603833964738 7,87541133990724
0,5708508453512913 11,016055719840205
-3,64796616729352 9,69327874770697
-3,844959290225512 10,063538349096056
-3,1848510630618154 4,992699386311832
-1,0991669085193698 3,61845524851136
-1,3422560823950738 7,550658263697433
3,632674401559722 10,15036513190255
-4,1311191893361565 4,478841018837239
-2,118830209040134 12,1969352403455
1,019118928927604 7,545333965896612
0,5169513770376675 4,588516130073522
-3,3379361637160914 3,8104317026935153
-2,62439440158065 4,0949858455691786
3,107349742895659 4,1531690570228355
-3,607830866788789 8,96365699677325
1,0054570973355803 10,80084067931194
2,7736072945385937 5,187330922603458
3,9567745493883475 8,333149650332343
-4,5175481627896215 5,8804486278851975
3,4197991856847914 3,96751180222645
-3,7543290633945716 11,36270162753814
0,021631221471309026 11,601245589336909
-0,5189036149931807 8,830302491707432
1,0383238899890994 5,290980595356947
-4,459652273599662 3,58183309202797
-3,848832107792473 7,938842777770086
2,511479250010902 8,030662346644643
2,316480606339133 7,730231978639213
2,423187280071181 7,93210050258752
-0,2828431664391884 8,606924856635652
-3,152759188915267 6,789608602267855
-0,8932997119134996 10,078839304254267
2,967342375221649 6,182481878402756
-2,519051055422385 9,579322808172824
-3,3154930718867806 8,57171439006019
0,543260742335276 5,952273952013515
1,1470172567660786 10,905251116124774
-2,590637115478895 8,799594480483062
-2,404852924753923 7,402816070321201
0,18189798789399525 4,87047215653948
1,4181158492154111 4,269574586043794
1,4275202644586988 4,080452420625399
2,289720332042953 9,625203686985689
-3,896994866373913 5,0948479306014764
-3,364321382436465 5,09177268354159
-3,0723648952456224 4,450273675950544
3,972774914063132 8,790697090156126
1,7786693213607654 6,8592548482676605
-0,17567446905576123 11,836698017505936
2,4600097066650033 7,300986506886807
-4,935612515589266 4,005595429662284
-2,7845003725506436 3,8414513107257506
-2,1465099432628625 8,391528370361115
0,9462965975840598 8,196234753826623
-0,110044396065474 8,345791493606725
0,0649690383904531 3,7485753180180006
-1,9149284698897002 9,451592199822503
2,9363020084418583 3,8429016862158774
-2,4949644790657333 8,839854704302956
3,9637122605406354 10,979468436644577
2,607971499834009 6,525989992966006
2,4136135433619375 4,2010651910394525
1,3538726611781726 6,58602849836034
-0,4031674069493212 6,286562116770401
-1,8726380165773526 5,093865024671391
-4,922770996059297 11,230695709507394
-4,444481910161992 6,569511942367097
-0,8236172952048904 10,802039773225811
0,5114281732386416 6,905870231044945
-4,746022513942765 8,974215235982204
1,8924640591369455 3,602549444270507
-0,16548538871390672 9,411379754473694
1,3132639202805443 11,359321338883841
-2,83612723382726 4,64913551602559
1,0331451170022818 11,983398060474476
3,0705240218925542 11,964856024327416
-2,988395962253624 7,079872633512878
-0,36988604092234656 4,754930043096451
3,1534235400004835 6,847548869980025
-4,0898045532161555 8,211294920809635
-4,938090962103205 12,117815281762919
1,6194441672652022 8,705133383027153
-2,102468333928983 4,1873203275468835
-3,222096925377633 7,567635767290229
-2,7940406590112064 9,114807013299993
1,7865855748103812 7,0002736112476605
2,954842367429735 7,40271890744041
-4,295428250942879 12,158039586018052
-2,959217409740225 11,514016367664393
1,2202569457778418 11,493734262048655
3,2071506263940712 10,593925459737482
-2,6287296005018352 10,84644454291871
-3,803159085047779 8,026089600852226
-0,08155925706864764 6,922741060307021
2,0316451791528314 4,117925201284795
-3,649746443329355 10,29549278344407
-1,5188738158784534 5,258409587547169
2,4601271078478586 6,997693777448445
2,2960996663187263 8,023026671794373
-2,3200767361307872 5,012975890630013
0,4418771077851975 10,281086405505377
2,462575472828016 6,358590157044324
0,11669585772353663 6,725734903165285
-4,9327994681792084 7,495475421934632
-3,1192562967664923 9,808559136706434
-3,959169325182498 10,867657807830394
3,0967134781071994 5,844724986989744
2,9018818483247317 5,261142883139023
2,498992743490528 8,083163436548295
3,043103357014166 10,19344518643338
-2,7461059331568154 8,696330301844334
2,530910967125208 9,238065372255946
2,474957538921416 4,349420683420936
-3,280951856437585 8,430478247874584
0,2738148153647533 7,092568766593807
3,066619086355658 8,50222431289044
-4,755925696055066 8,155607831382532
-0,6551088321818428 9,437068160884756
3,6820742709664263 5,318301924415399
-1,5488381301765344 7,685541975048415
-4,239296631570775 5,050029121373877
2,7304164390857233 5,4651248309507
3,5694177574600072 4,254846817052665
-3,027166681729286 7,250381825491314
-3,308188878198708 12,243753082064789
1,1495582965893227 11,510978058990572
-3,9641336174305133 8,453875278251942
-1,5162436120129055 11,954164618639973
2,907405712174109 7,943705697745832
0,7897145690987344 8,562424966144903
-3,6274329857058882 7,671805540397622
-0,5053894884897021 6,419697165234917
-1,2306343376053714 8,096090445768208
2,4349676109200047 4,71490594578059
3,1269043796410543 10,524384572716446
0,60203942966662 8,741782915330669
-0,15405638217922757 7,2570164097551695
-3,4257071424398897 4,659781650054473
3,2164059002799394 11,871538679504221
-4,012553049586227 9,19075189743551
3,7526931879492285 8,85986865915671
1,7630596063014048 6,482453241131
1,287133466740702 11,820628561561636
-3,8424759602570804 6,258588240707515
-2,399763920756861 11,919604623624416
-3,238893455203208 9,067311009438203
-4,843923004413362 5,438465343324915
1,5641240717980303 3,8543641955216223
1,5668867077350335 8,41376652374013
-4,538493444152785 4,6527637292906485
-3,185926558524436 5,751151741955551
-4,488520890229068 12,151375964969175
3,25790400979089 7,816507447761047
-4,467226194690708 11,797061492261097
-3,9066909780324197 7,279002882175998
-2,7159516441445484 11,969931960221619
-0,6427581331486012 5,924382617076967
-3,689626460151021 5,4467912498439075
-3,0891578147838596 8,612391219660285
-3,4044305953291976 10,20442186249725
-2,249596010035537 5,455045468998868
-1,0384673395949253 8,582580468664599
0,20862394164874942 10,693394927184228
-1,2749336157110305 4,009387807784236
-1,786808847845478 11,954412087892003
2,4070089620553716 6,8379361951759705
3,0785289638571083 12,367192257773397
1,158451522438483 10,144338121348849
-3,8795796541248775 5,666732726184284
-3,897177667885429 7,751350334017074
2,471504137547318 8,298483663648756
2,159892691529599 10,136643514503907
3,6692839967436246 9,210663375548751
2,2309959961934913 7,72351804459616
-0,24557165761334776 4,724659591252621
1,549859899526643 7,723896879337272
-4,031210012372508 5,271038271198739
2,4030699577859655 8,03448817799687
2,2123095149124374 7,977554899307366
-2,643117174956743 6,381186459815577
-1,748920937209716 4,534285332179477
2,622762836401737 8,832023233034924
-2,2148406084035908 10,926606714055149
2,4388111154049597 8,737858325263417
-3,5547891210068165 4,099642039671162
-2,1316455956047204 12,260592869640638
-4,97011629429707 12,056242828532088
-3,8025642869360254 5,596134033190095
-3,1518519345476967 6,98106122938613
-2,1907645249448864 6,356434468619829
-3,868127480801961 9,256538747494593
0,8351064344843664 3,908128543495312
0,1614553361863429 8,837400299969254
1,5315613485941588 11,419028484571061
-1,543343700571202 11,230934127274143
-3,014097581172858 10,493778118193443
-2,6435533072728825 8,813351109624104
-3,8346427561827343 8,3484089461198
-1,5103585480667618 7,0359697846666505
0,979243054129415 8,687022998305412
-3,185244291147721 11,261217054733518
-4,971130521688784 9,16103048522524
3,2713147246082936 8,856606968914189
1,944497229064715 10,028790183694344
-2,202460317422022 11,405651314643212
1,1432642244094025 5,2988238343819205
3,6516923128728873 5,707634749378297
-2,7153654525260467 9,172353868131388
2,8222244099508256 5,625632072196764
-3,998125045423956 10,129081482883407
-3,697517029405493 6,1458535215668215
2,1881583340333775 4,837456841557807
-3,3975209785716283 6,883511064542537
0,7044996616212496 11,369961403222515
0,6409132111782396 6,849820925958503
-0,680245135571754 5,5760749706753785
2,7880120154611356 9,435817035213026
3,742892125147737 10,02198177485209
-1,9822005370791111 8,769027848758649
-4,767134383405884 11,764710776466549
-0,8703181360634256 10,224293544662634
-4,846678695395075 3,838826294017178
0,22696083418930613 8,167640382896899
-1,6067119172294761 11,992018252786735
0,5951068158602979 8,142575689853453
-3,0255218562270842 4,164307114685441
-4,429306224160337 10,053095729589604
-4,54210588949781 6,0948762757064605
-1,844834577090245 9,314021826212972
3,038477187603613 10,430656784220314
0,3483920227438366 9,092728006384261
-2,743527789579586 7,8887165992079975
-3,047123099933202 12,320255461519256
0,8097738849894913 8,490958997131724
-1,457528634133523 11,748331032153835
3,007202827031959 4,996630088865076
-0,2524786801448009 6,0476332109175175
0,4360602031387568 4,717411493777947
3,613971424303884 9,462561897695545
2,315257367848039 4,371829114467781
1,1404880947104665 7,392071117310256
-4,109639599417187 10,181130366879202
2,450782615471031 8,24073668900517
-4,482651382412574 4,960607471573908
-0,38941676590217256 7,192383488107994
3,032900305641565 11,834562293508034
-3,1939892461769572 9,870062730783005
3,2901743709891598 11,059408669666524
-2,5851644899261212 3,698442862661591
-3,3918484458339915 12,319895404973687
-3,8061937358024185 7,285262142114879
-0,5466917665399382 7,751053740101136
3,83283499523459 5,8085264021994645
3,706158289513473 10,319933653171276
-0,35907624613994304 10,351730671119494
-0,5533375333033277 5,483649044978442
-0,21086038835813525 6,850507632137294
-2,2388872454704085 8,642492125754226
2,877325020483907 7,274579371357899
-3,787195463624652 10,438840833729579
1,5652641077534213 4,587052394597153
-3,0855875176844973 7,08974165525121
3,1889080852955054 7,5494849099004675
-1,9448476856709318 4,897439466087691
-0,5961789297349567 7,330875923453871
3,028629219895402 7,787951330605735
2,089680870635368 8,007694697483839
-4,7085844601205356 5,957936388959583
-2,8835659536211007 11,938792835905092
3,72655762844267 6,367455208401015
-3,3725033796683386 5,688661949701416
-2,872446464607626 11,503741029390659
3,0520951487459733 10,867760982366637
-1,7889643655962884 8,656672666699812
-2,5961612025422203 6,620119430522377
1,7084531613910148 4,006296005589734
0,8934658741583803 12,319004654672966
2,93585369296967 5,212540975087718
-0,22549908985622658 8,212571400595627
-0,14134741253767213 5,822160327137405
2,477175620613636 5,3016283380799925
-3,602965879661533 11,808335244359562
2,6468696713470363 8,777187867472037
2,5163763440697355 10,427061876060218
-1,377300432877588 10,33618321362886
-3,2858921268180104 6,75202640212626
1,6741549989622566 8,735344915717464
3,447817363768152 7,012479054030233
-1,7688286908425055 6,283320428372041
-0,5947655012670641 11,497006549330717
1,9028987862995486 5,279048985938548
0,8322119839720603 12,031003299183775
2,9236486800597206 5,012986514467462
-0,6930199973775988 3,640808982666327
3,8645650057207224 4,338411691965532
-3,3328543419420935 6,522231550817676
0,3617836852102245 10,494090053595158
3,00398052224544 11,261485363038627
-1,0091683129446727 4,916651952217986
2,196450839459544 4,757981639491099
2,9081020900057952 7,15310175758613
-3,8327780685113653 10,566181162011237
0,37299006849868643 11,143810291963796
0,7786583957223145 3,9653028293079116
2,1306115882184553 5,15011543824326
-4,24262340888619 5,141899638970245
-1,502753821044716 10,921113016432116
1,800100243641527 11,132782031493981
-1,04463177476992 10,643276435527207
-1,0221399460318534 8,270379458821363
3,382745983919765 11,091262436634558
-0,3284091073509492 8,57242619243005
-0,015328911339328677 3,794450967530742
-1,658128656520978 11,694118288593154
-0,027430035087379068 10,533606610162309
3,3014363103403763 4,801555874678046
-3,6371348678583377 5,86316710896044
-4,953487293893618 5,505558326354626
-1,090500106602808 7,975857091044452
-3,2816005727702837 11,540091175676967
2,5475942465795614 11,14942193554883
-0,3757751068162918 3,576432124002548
1,1025714718901751 11,72662796264076
-0,05148886301923028 6,9992623340229985
1,8628871923570314 8,98175889936258
-4,357261202322969 3,54767450281441
-1,0882190604817197 9,676126325995767
3,2656833471204827 10,816037163651103
-1,0003537597645185 8,14032286168649
0,5737912773832763 11,03497483575325
-4,387781747577791 5,718535396444025
-0,8217662291452417 10,27411889332975
-1,9914853160431796 6,199015637836985
2,7843085618828898 9,55391852655712
-2,1902550120596214 6,435869790865495
-2,5474192320873215 10,42161554100046
2,1571896297610103 8,70669328054036
-4,786184924322628 7,9737737157462485
3,3228276689477187 4,444865832398422
1,0311866629430417 8,458590582653223
-4,4572233819781 11,06682682016587
3,860675256212984 7,262217979238153
-1,515031192617263 11,696995932885589
-2,879766030183834 5,1515165005128605
0,6969349056962777 8,563826213987022
1,012833792407549 6,354509746486379
-1,6410977328954703 8,947411554765612
-0,22252711366735678 8,017029454217901
-3,1087422951738173 5,124501090048591
1,608979670304663 12,23134684512925
-2,020950311806149 11,270373756385935
-3,6571784408652777 9,082471768419964
-0,5487025225644375 8,608394791629127
2,6867761152540828 8,644994326742015
3,263516824636593 9,660583217847108
0,040335429267237544 8,218148467161708
3,4280346660738257 8,410601066892468
1,6804115174984702 11,201354406087393
3,274973776220797 6,151772753618943
-4,02626669225308 11,985277183879223
-3,8513148086064697 12,062946534873916
-3,4964976568774304 8,117699501918178
3,7517466033713003 7,115198459056463
-3,9448049570246875 3,687846893939407
-3,9749904041680937 3,6553427252746493
-4,454214012638977 12,327279591826747
-4,52713661719623 6,051208419288457
1,8461947958594722 11,4279421418995
2,76242462047394 5,5965065130836535
-1,5301993522433972 5,68834504842558
1,6323323806409729 8,377759351855596
2,4009414292095155 7,923049481167186
-2,224119602523881 5,424052596003382
-3,0627818303098513 4,42308866596746
-2,919940044260974 5,326377493814386
-0,5508204176597777 11,164609036348397
-2,783411758416032 10,889376102945892
-2,2440436830877446 9,80895000686249
-3,4935103998506674 10,200103015746011
-4,100694788873894 5,766819862777401
1,222997967099273 6,089444536396146
-3,3655817708367204 12,275790887270581
-2,197012109311424 7,82656988294922
2,174466030592283 5,7002830481035875
0,5246513640147157 12,193620452748537
0,3375393174914816 10,690149853010695
3,060416247974157 6,638573004881822
1,6321004747004606 4,033509478871937
-4,017320590027238 4,493066931623919
2,2015469714312017 9,878721591888322
-0,7299712874985866 8,977125236357303
-4,140881548237263 9,342375972603456
3,4529118192809882 11,160102670251915
-0,4901825968491904 7,321470725670783
0,3924728771903876 8,437820997724547
-1,152795407683218 11,273584880170137
2,7926292300335955 3,522752474343938
-2,2174401731229003 3,931583616596174
3,804838427043805 11,163595548746557
-2,8652672725589508 8,76311316742905
1,2128192077993516 12,451697234306629
-1,5204941886150154 4,509241484072902
-1,7372241131611492 11,889961883729992
-0,4183380195773614 12,135632711596621
-2,9776112593855943 12,428581693364487
-0,9536157888479995 6,34490108898081
1,4272660298751658 8,787800150547582
3,2344439412910866 4,770474633566743
-2,5302078340423275 9,888965416181488
1,4034244749874683 9,531346711229634
-0,11666674186761572 5,971635508869386
-3,361234932511082 6,440797520114608
2,150495988540892 4,903466181747837
1,1560939198865192 10,039702583037242
0,5044499383788441 9,525391619239706
-2,694320695209723 7,289613060207685
-2,2448630818799424 8,749458485148356
-4,753272387625725 6,9442410609835346
1,0119750933291325 5,34971906072688
-3,0370644022254694 11,125813979750404
-4,740871800819256 6,670097106207345
-1,3589522866379178 9,554520540762876
1,0970541831610259 7,730936842296108
-1,1201115237668504 3,6689279553322685
-2,538854977210892 5,951412124606442
-0,18521021054604248 10,752164503866663
1,0898635584765906 3,703361469206552
-4,003160261475481 11,5553439617073
2,4546543248527666 11,161902710319904
0,37623963272956384 7,005241639770002
0,9800294325312606 3,676477532465971
-0,35870257818836926 7,557255865875454
1,3616263392412815 8,14512215978672
2,0150538398000535 5,978200056676002
-4,347700492863346 11,270936903577624
-2,6938845313822255 4,109316476368776
-1,910401903595698 9,728227060629322
0,6977476969063963 4,547354050027926
2,957286938981728 3,7136778156818466
-3,743099989459427 8,646122969778162
-3,6329778466391467 5,827404289085331
2,478714906072778 10,865001568874845
3,779287354286698 5,879311352350913
0,354528417757181 7,7597289345704255
-4,220368758401115 6,128550219475839
-4,5679311219426015 10,543806560599958
2,871684992533476 12,232371978527684
-2,883179604413425 5,349061888603201
1,3699566015596432 6,8874343733732655
-3,1695657896380336 4,079493329964412
-0,1358591254811925 4,618303541760909
-4,145162764503921 5,9384577818778315
-0,7636339166436557 11,467193452210001
0,8182530335600289 4,816334240591352
-4,797822003466306 12,167470134744976
-0,6448505446075679 7,801392214793893
1,476339838109154 10,125285754039533
-2,2933309070782175 5,578250011302833
2,51904166155584 8,031219962249438
1,339298737967475 9,63322130922051
-4,2295689493036654 7,662330979870138
-1,5978897136848627 6,269977185487508
-1,0521839493709129 11,946466248908752
-1,3659184521768717 12,201264375349202
-1,3403249726108069 8,436867040783818
-0,05301998676099462 9,157952555973099
-1,768750687956886 6,0752836086286655
-1,1121703040256143 5,947811672945527
1,1022940830724606 3,517008191093603
-0,7613419860798532 4,210559084030997
-3,862215302766052 5,342717798521385
-2,8919456613503334 10,296340515519011
-3,806983238703882 6,0682073295535535
-0,910331406166824 4,715073570978504
0,1614803664867832 7,984776582191504
1,2295715490528476 3,566379817401344
2,4754712655620095 7,075769943876297
0,07485822363545935 10,474817438507808
-3,978601238653343 3,707953853228263
-0,037074310329132665 4,077043539668418
-3,8827674217247994 11,22155131767925
-0,8176101013253332 11,092612249764136
-1,079519997349288 6,046009069371692
2,5749418268782884 5,307893506848602
0,9161240945950873 6,051241620333631
0,9529935086358963 7,5537358929859915
-3,3069151996495423 9,638011054098428
1,773495749712648 4,473383268745375
3,574026494676522 11,061270743323767
3,661297732474214 6,176321994155272
2,686609894047603 5,283224269280312
3,386628192702796 11,529665006126363
1,5241168745128926 3,8057725298663074
-4,036490688604197 8,899752140545397
-0,5745446258752898 9,205361122801863
-2,7696580325934583 7,222901606931458
2,9549593734844066 4,592055051847106
-4,833166400660409 9,038995066761633
-0,155691320739046 10,818615151946888
-2,48107436048338 11,642188406018812
-0,7897075613433815 11,00049007854286
2,146352537761782 8,147231179225649
1,8804077441502391 5,414485691684327
-2,3352457961867152 4,6196540443786684
-0,7536526875984713 12,244717072557803
2,1823485260416993 12,357466285832546
-3,4091222376554926 5,335807987960401
0,16947030748119385 8,600378791163468
-2,6828677558914458 11,19763212655874
3,55622412696715 5,704056643776404
-1,9945550909912857 7,6634087110592635
1,5089720520180574 10,407553253594893
3,507998664356675 8,355513140391821
1,6825128803391465 12,350569280643175
-3,443055184002736 11,239629970493919
3,248967002966312 6,602956981145374
0,19095263580009458 4,634261432922045
0,950697090291551 7,815141991948812
3,5189077650384757 6,566980814668474
-1,8743076656408784 6,557489965716879
-0,04580137703039888 8,694744129271134
-0,17772546440744286 3,6478561842547075
0,290076637706167 5,037575078075825
1,7129848906739413 5,617958326655467
-1,1327435518354951 6,575438926391795
-0,9434100009028494 3,6105666539336907
-2,8649739850312277 12,111641651545106
-3,4238782598609294 10,69319827222125
-1,3280691415169548 9,191806707588347
1,1382741361848758 11,260204645543089
0,29054106287092196 6,284409578374417
-1,8590637718671972 11,381082571842414
3,087714593580209 5,199029970590787
-0,8033923251881339 12,413575528459095
2,611667811693404 10,404288989292361
1,7155085930681846 4,856572768653797
-4,710077488255685 10,809880754947015
3,3961488829491255 7,2608900078478165
0,9542875028045392 11,425193062747848
-0,6344979060911289 3,5238824038842385
-4,271811386477358 4,385234662766621
-3,61380698146173 3,9915527885751625
-2,430681983733492 7,750834218023878
-2,1818987397852707 6,518569144818514
3,355235995493711 11,226055157021438
1,493969840647929 7,623788299128251
-4,794223833173807 9,263627842570509
-1,801755428670528 5,608399717646379
-2,436401645498085 5,057007321696539
-2,2886735018547806 8,303931425505406
-1,4450408271861814 10,764591576701523
-0,029486022549424007 9,296813475894869
2,5633377287204304 5,147359347643171
2,1865454501259807 6,960415324076801
-0,8046586721322404 4,555498195748122
-2,6604447681826424 7,464137131440881
1,932817611410738 10,892842686649342
1,189526327856158 8,454320332005668
-1,976511904736439 8,441764492991922
-0,34474432252250153 4,206623260912503
-4,882672174623806 10,720779510550152
0,710142996253138 3,60621529702239
-0,579740407723234 8,107354635312587
-0,30569699729879396 12,069153227626995
2,2966081934773808 5,676002096382647
3,333495795759589 5,7331910688983605
0,10434863297606611 6,685650710755392
-2,55621928660035 8,602307560746045
0,19573878984699977 12,299346014604708
3,809592336251862 9,950339394405413
-2,4239359152157993 7,960588990582522
-2,9718149629638453 11,37404447395971
2,897441726032705 8,647142744408729
-2,4507168774984724 7,32790666834845
0,947251416590027 5,408988058318014
1,9487613586080368 7,364081631211334
2,1326937672339863 4,331340862797486
-4,501707015196579 7,055961054093097
0,921067856838536 11,547567566374777
-1,6230033279318081 11,078200962157982
-4,256720123846891 9,23776406190353
3,9584328920313236 5,118107544635884
0,7005988001700576 10,350708622619468
1,8881284743054767 8,696130971882095
1,1681293447690857 5,158987961010865
-3,8236096692413546 6,43222529069603
-4,718949878377276 4,282856912670244
2,8701555871729836 4,984633485793008
-2,4194224379460887 4,867994158521267
2,787822085242925 9,964807757697859
-1,2240615397018155 10,407453173679883
3,186542317952309 10,991669592960516
2,325017171383349 5,899608084718284
0,4801668438135893 8,309634402117009
-0,11594383097696781 11,777054716629836
2,761253422540043 10,857764145073489
0,4820953252708291 8,185240355154725
-3,9498983697893286 3,8672170581037593
-4,619498070105451 7,368711745731526
1,6103158605656276 9,305274262571082
-4,047259766113037 6,583009006489538
3,661765906897191 6,874944618234179
3,2037117737635707 10,557480097568654
-3,104499575520468 10,893685981815329
-1,8184233434154398 7,039336820857269
-1,3993857863031534 11,776529101825961
1,5339991595483538 8,850804558372747
-2,5943756589324263 7,795229570333871
-4,088090074087797 4,13276078336562
3,0016138146788567 3,688828479701172
-0,4928487822716896 11,715414608418548
3,902829518974494 11,508927957229604
-2,9783577252061457 4,7553349989936615
3,463225225613604 10,666170295089046
1,1310697085153523 9,812198307852157
1,9024863838753499 11,125471177053095
-2,0714372240672563 5,344353984337259
-2,837147104978378 6,2283828165089945
1,85556242592257 11,249168153161563
-0,42788565627482456 11,658516783174145
-2,8935311325313737 6,437912512100793
-1,954723680309172 7,137855147887024
2,0655896110600604 7,653026258650742
-4,63540426065625 12,46145379718375
-1,8729786125255856 10,188862420708325
0,06293402446523899 6,356981165456858
3,4639753419309987 11,279835927065562
-0,02051528888232923 7,653113249157457
-2,0352477326444833 3,9571275884487855
-3,294286821376856 4,202767763694237
-4,67872682848035 6,2630329595842085
-1,7949454242248892 4,9857005694943295
-4,192630701639682 6,4351180787010165
2,5537467868382953 7,1913430690031035
3,063272434129509 10,354832032703252
-4,348665505130742 12,299938912898739
3,862652085420173 4,504302689751153
2,516775631224652 9,705801314664527
2,061062259466123 9,313338175139819
-4,744679996384881 7,812091847414831
3,996114696983618 11,259996714528505
-1,4657038472772461 5,9838603670080035
1,8505373782481644 8,98148515392893
3,0156802957897337 5,889214950851963
3,890125560565341 11,730767184483998
0,4021564925013976 6,69374751578485
0,5919522917323503 8,480857170509319
3,864118617965179 4,109913866774605
-0,32808620978507896 5,19419951222934
-2,9259801807057992 8,737411877868706
1,818491337043164 8,064442247273629
-1,1260495518250795 6,108219259851565
-4,149556336285347 8,548073175868652
0,23267994392853453 3,576581996219263
-2,3916094346225645 10,380305030457109
-4,333053237504179 4,38537404202426
1,2703296166834184 7,044500680492682
0,12183310491184951 8,968900937867904
-3,1589684807637806 5,028062133609392
-3,317338413361758 6,424371258614176
-4,410773270694305 11,71040059224881
-0,6841805471236011 12,496230537862544
-4,0989379466574745 9,920193240868457
0,33838679696674046 5,434829149955205
-3,5948347544915267 4,185035234305622
-4,841198627332092 5,999342742222096
-1,5866685229982576 10,567743973993291
-0,9518333102033303 9,825676585259993
-3,050298244619194 8,816406790678856
3,282144310842403 5,927072034020913
-1,7357124951575496 11,128731599560629
1,7588465172796388 9,703352715374049
3,044886496704425 5,6157922878829645
-4,638075352100269 5,878620422142914
-1,1899567994766982 11,6601440715792
-0,8763678705666402 9,186605706477426
-0,25326474117165443 7,868025955524784
0,45762444122486823 6,594366067635659
-0,21235584475171176 12,396342628273763
-1,3221993540331818 5,011935062276525
-4,110184148055637 8,652788446346156
-4,301998674208201 5,928081874652457
-1,1580539563759844 3,5151196433099097
2,20692953228722 10,140203369941572
3,635784247859977 6,516895505272031
2,109282011813381 5,754282062543773
-4,187472598355805 8,481966100900134
0,2675565025784916 11,849262457401645
-4,379970830023712 9,69365542783309
3,6536924568157687 3,62012499779935
-4,69992698433029 5,1394040658532205
-0,5584763085280224 10,980648810108965
-3,4409263260679226 7,859728499048065
0,37138933015953146 5,634029628418296
-1,58013057532082 3,911553567080028
2,237241321956283 7,927946986765637
2,851760948585178 7,264645255876836
-0,8289764293808419 12,36949799161134
-2,3337680028316665 12,353341099000435
-0,33135678869133933 4,919832374330273
-2,3948232505887432 4,06121168583029
2,168459710840212 9,985474501362187
-4,958872529377744 4,976586197954301
-1,2758060093685102 4,614955512181696
0,9863196658598836 8,47345577572208
-2,2008052606792035 11,945857293952002
2,2312851401466762 7,514360278698319
3,292726034630004 7,045033032338031
0,29377687571084987 7,51161660338274
-1,815434565140578 7,670638522881739
10,76170096705176 4,904893965204318
6,310733344522672 5,458700646588411
12,280480634392658 8,613839248109063
13,01707728678305 2,609943784128208
9,315542894970244 9,073796392285313
9,887388685732386 4,89227773989062
12,021093338791216 9,322478279771111
6,969409851736017 8,089365931685492
12,063948418018521 7,770307708678142
8,126676668562041 9,157638700502236
10,4908385493923 7,5258040682589105
12,29754045723308 9,159351095623062
12,275416915757699 8,108439745899055
6,9053294590888665 3,7671573755785266
14,150660480519083 8,280505804061995
11,969856534038751 1,621006269851799
9,678255572307362 4,269947610006765
14,71645857090357 1,6713724972191581
14,837007176660418 8,610547275424096
6,855041174783873 9,641675956476972
7,515840252344523 5,304888836021588
7,178146507020971 5,910410918670437
9,855141353234426 2,3940706540356165
12,753033193472831 3,726041955214658
7,740535800890498 9,565393823809016
11,724528206329705 5,884613184198239
9,772871201618367 2,594031837744889
11,379467336566979 2,777956443235707
11,350143562794432 10,313616555578067
10,751816492614564 6,24822497156047
6,853506832056452 5,695856182793366
12,198591860262571 3,538370844737858
12,757545582659699 5,972011499591192
10,730766667131586 8,966327905903434
13,910381585496538 2,857455371737621
10,517520521477113 10,448029090072335
11,070240003562503 1,9716068417711516
13,772102299884798 8,408104634444156
9,135828903927537 3,6724367098726267
11,105603875267391 3,7244811936725326
11,190581658084923 10,272742186837512
8,15582029565837 8,33346983693044
9,004964956382697 9,388604013136126
8,593676368712394 9,330061693067158
9,831810561469284 5,461040999138039
7,425680416858306 1,7486991780797996
10,674935395606894 3,399985714052618
14,625727857891462 1,552752733847678
12,667722304840066 3,1683046693080654
9,72317511981888 2,9626716982250696
11,780920224238958 9,339320047435127
8,916736983701519 4,055699922221455
12,916683121859794 6,877137850314314
8,107028596265518 9,15388338179245
13,432623899861742 4,8185195010295
9,065121501750447 9,180035192636518
10,543821957268996 7,7507018543481365
14,617477367367883 3,829063531629871
6,346853308499254 9,300861305576674
8,980269033680752 5,991786893808105
9,66173439997879 10,038961415763117
14,347866929124812 3,8945706241787845
13,254112386194166 8,403557836752272
9,663863248421347 5,554131550470855
13,02547093020349 9,002601154755416
12,888301195811048 8,360934143521032
7,575145689761097 2,312329298385076
14,882136403623743 4,141596991298183
7,951733504873649 9,710691180055287
8,978227745025887 8,849545082321008
13,336793518894538 8,070795551339579
13,906972835651217 6,37177959288851
8,077228917112492 5,217951029889492
13,773297954237034 5,188979388748725
10,877858582530408 10,11258897811094
12,964565557043393 8,872126751772932
7,566890676922989 7,484745327916996
14,556989226662768 6,634276962514037
7,412384437258067 2,4398331829252093
13,877157629483992 6,611189566792072
10,196163726720663 3,8391467650230493
13,487569988788199 4,332542557424372
8,955845990062393 7,619053952293985
8,53256730386422 5,464586091197868
9,727921443577678 8,297009564296381
9,628760143103268 9,717390351195226
11,76321223393626 7,4637971747702565
13,4548786515188 3,558430954257827
11,704947076746649 7,31563625228019
7,025247236686921 9,480519225079892
8,18116324515579 5,025235352517942
12,458316647701487 3,160156422361899
9,068309789826504 7,670013676836995
12,81426418333955 3,5821893805835288
14,262401697111397 7,076595627165788
6,669388594074053 6,829455781837113
8,130407931008637 7,244397303145386
9,322190805971898 4,434501128427832
7,661842461825687 3,573382872617286
7,523296810361934 9,605165975005788
12,935073153254958 4,400515853668729
7,950084094729085 3,118966947191244
14,55237600140967 7,080521904963072
9,094307964034861 2,9193624117149097
11,73770460310741 7,879307529981216
9,816968446196094 5,12852264838726
9,786824292481787 8,32720420946038
14,798950770685597 2,954583592955498
13,036786476547219 8,369757949883905
10,273711591397529 5,6623189185173715
12,298754038562532 7,0747342566931115
13,534856991480286 8,355053692289268
6,408417027764119 5,475256620178957
9,04942755435182 3,571602733649553
7,687008650379771 9,770715712416417
9,251699246384092 10,005817831908608
7,910518177876591 6,63609134041962
14,668808027622386 9,905474908451588
10,630136812851202 5,228865756534182
9,097394263468846 6,978883349937963
8,35866573733866 7,3758294897427215
14,971745153937594 8,870231447622544
7,273635234167237 2,0139221172417434
7,456893968840374 5,634150961724595
13,862214678429604 7,420631655942763
6,5999631622799155 1,9505883425807835
7,702611369813397 7,6502680983433935
9,445013482992444 9,031513964324752
8,848540034056434 5,3044104791727325
9,6755555861218 8,328294651329983
12,143710734103443 5,749361702317879
13,42905526444391 9,51252291801229
14,024073538491212 5,89795369423493
12,651536949916931 2,401298707661757
6,552543568520916 6,249443162600432
7,446266456232016 4,513851404999801
6,645857355798833 7,448341749730984
14,440038870089289 2,8856323118587195
14,501239142926003 3,302604193838296
12,20315119809154 8,845951224191662
12,859578587564465 9,73865626904434
12,988354516813336 5,781703369009291
11,03241310192837 9,114825784244122
10,610901756701814 8,040171034014527
10,191880431142328 5,310352519275762
9,633511126649543 2,859359965533056
10,10460012375385 5,87813160404952
13,774806419414464 3,4764676859654258
9,869114469904359 8,950990736542732
13,472945398041945 6,454511662630946
12,59485586418701 7,1827481679122
14,972352698577744 4,982675832225395
10,560909042925434 4,031725342953818
8,370786790852502 5,797787391426076
6,350633807306077 8,845094573461175
9,915963496812708 4,723915641927243
6,4030553439341205 6,862742668623331
11,782864771836394 9,856537254318148
14,35337807038146 7,731849227748102
11,335431232565654 6,450250445941728
11,072724011024404 9,221621758218348
10,619209919856301 3,477836535477908
7,993056609276118 2,7500083316834587
12,724389359645356 4,438841855749057
11,84858818344334 4,538888047882921
12,35420524812258 1,7318255780366885
7,547698298290784 2,3356774214377305
13,403884031082269 9,622321392766564
9,689037014517488 7,830775594046425
8,232521268193118 7,090978238329187
6,440939644656181 4,3786373732220625
13,58802941860909 10,366306653620741
11,22520317329408 10,005962252234944
8,704532404902606 8,861008686216708
9,043868198405372 8,072877939802696
13,418561617950978 2,941367830599783
9,075189894826883 6,351374908768161
14,012228637344467 4,945628972824181
6,593387504081644 10,115022852558232
9,34852200564207 6,3809293317810285
13,937347379129854 8,221928400615681
9,321241590364675 9,34630667194214
9,521041651222271 10,402336709967054
10,577133423464508 4,306663414238624
9,807283918906851 6,386354175927781
11,811539886170213 5,758807087589022
8,277902687485394 4,801528241153615
10,236990041205821 6,2241227924810785
9,408998761734196 4,244869431423225
11,200922841306216 4,101145070374971
11,889752653565523 7,943709646939201
13,70385793606378 2,8799149090639755
8,364387158809192 8,477584139059058
8,526870245282101 6,30730897253958
10,039672996582368 6,635654353650503
11,761264301024038 3,7847789638817537
7,379147802457045 6,906291041185323
11,941101995923365 2,29910055417018
12,0782295564277 1,9241562535767622
12,711600485513884 7,891189303989071
8,500433318540276 9,597136147664935
9,214734943006501 7,462890867748247
7,289527509317015 4,955211015148696
13,719715749293087 5,191971536952435
8,449612729483896 3,1627684007594716
8,71403577203435 9,627819929837132
9,712526095242811 5,247857931610255
12,362988179520965 3,754664154750638
11,530648927769967 4,590201826438939
12,454382177324975 9,420818119206912
13,305376848271106 9,373426636193265
11,061072912136165 2,5051590952312752
14,380144560158623 2,5371379567286017
14,878662960240788 2,431672484839891
8,261546557990293 7,836341614405278
14,776962204869957 5,311710798039951
14,816350161459791 6,817358330797269
14,136654963335301 9,51859262317382
14,534453081620821 4,2119743457605665
6,985676078087517 9,464806542092703
11,561877786088818 7,836052324727279
14,161859697642177 1,557528308151254
7,878428336283037 6,047103581741112
13,014530604571501 4,964224872550676
9,572569131638433 1,5748509219281597
10,302169808592836 7,772688140765301
6,597882547367746 9,229818147651109
7,535495226656495 6,873390288789484
8,035950502834877 3,8032833615260317
14,600519177007975 4,741021839708049
7,043527780031461 8,293027890741444
7,072578227199486 5,425969853077487
9,035594397462248 8,454316991697848
14,714433863527361 4,286501319271128
10,25326451278361 9,70521530938778
13,141781805540028 4,662244062634317
14,952620668222018 2,3400501689623097
6,340795875576923 8,713377110734704
7,912233897042959 2,3752600463213884
13,660661612600048 4,649980364360472
10,865465636515289 6,048310877924461
14,952836614794318 2,0873876131429503
10,370877706431958 5,308388622533985
7,482562866595731 9,565450645831056
7,017981941413048 10,00475961659149
15,191043602789843 6,381607557420999
10,949995377894975 9,16291767228677
9,16082061061351 2,37083660953736
10,01522054376824 6,57338795540287
9,65838687435422 2,530394614346992
10,712490725941494 9,830360135311281
9,876775034578836 10,428751371287564
9,800418586244152 8,249013830075413
13,983894911321695 8,783754089439956
12,467795274030815 10,10447012522436
8,047977675486212 2,798286256701416
14,169043208197738 3,4120493362381206
6,954552668339411 7,348851724548941
15,158532427677137 10,472897845724471
13,955277952049899 2,7555441281612616
13,69746913572748 6,237708565300837
8,595238354185128 1,660267606583208
13,824468313742305 5,124517875798226
12,652238485413339 3,429373340177729
6,251629491207417 6,578250310857376
9,995286400311773 5,4360126609562744
10,077511945817125 7,9563669145246365
14,566846262594641 6,365446882213656
7,8972589065675525 7,84928162334954
7,145067173165706 6,720116826084304
10,647797765387192 9,978493848125058
14,866858948488968 5,086593487886275
8,125523795713617 8,280641204154986
13,63997750553621 9,864250718522568
14,18068657143316 4,934104286342562
6,441158559764983 9,829799382411595
13,487911544916514 4,194608682931413
8,579544199232652 9,943194337851853
13,832999379619551 1,9755310553581995
12,317977112691233 6,4752235387366275
9,041324977089559 1,6852571504485698
15,047820414059455 5,93592796576718
12,313759351942778 4,192148559704313
10,534209496788325 1,8374392466183145
11,190771544103427 5,388583621419573
7,146450593479584 6,3652664978920965
10,432845285233135 1,5200402058640923
7,228189187754895 8,883001560939118
12,604763313738513 2,310173393598798
13,825343762754585 8,998853559517059
8,546538830498633 3,4746684818163898
8,316259384874433 5,619403335183201
13,442262541853813 2,9926069923175342
6,674255626256294 7,168235322908111
13,373647946407946 7,4642390374848
15,146839513404576 7,822030638739546
13,117776745123479 7,769283182675209
14,662604692503372 5,121002808584776
12,38417374846091 3,571514222006583
7,40147262136988 2,4051281449451367
9,258798664603189 3,5177381187198664
11,859354287079665 1,8396360193846606
11,81584058894676 8,38626683833015
13,352013952239158 10,1304906822966
11,441324750890884 6,544898714184844
9,340320607741045 7,2989866523151585
6,884442675929158 4,283970649040054
10,054011637518014 8,059348435291682
6,590113638813918 4,751773259596735
8,653180109360775 10,454297133845948
6,776876055134457 3,372145222797712
13,323517848525256 3,4243990956512733
7,300070465403963 3,073231964104457
7,008360720746697 8,434555212077415
11,42504125662695 4,56315834066834
11,41842641198749 5,144730650825478
6,55488232635144 8,979046304610005
8,064511450168958 2,5594396726768824
11,651092837783676 4,597701825063462
14,51430074391989 9,42137306582293
12,065087712580858 7,724163376693309
6,452228003614694 3,82762897015598
9,600960551722626 9,177827568485654
7,6137615344385745 9,425972118048172
9,20117497820679 9,062474114063143
9,992429824706347 8,378544606406017
12,897713538519493 7,230640280766496
6,30934597075073 6,132172485287031
11,25825561147578 4,88011831423376
9,360341143441824 5,907478097648333
12,475048433225183 7,02296750740188
12,831032154188573 4,081336589651853
7,799496234214698 1,638929873433253
6,591580740826834 8,329535665164311
9,621293767140846 5,512778937511108
14,14035747965993 3,034690329907843
13,082238869373619 9,478326092320847
9,374540390794188 1,5400982887161891
7,902130844995362 4,149419939596061
7,127352871186004 6,881646106276493
13,690566364736027 8,482447457735521
13,836968681006855 3,2043243486149176
11,943352041775004 9,412970575443977
14,598872254056069 10,248305369099018
12,67627157337835 4,378782952437316
13,178479636967783 3,1829196464878193
13,600352098486368 7,3071252042437695
8,705994183414235 9,652143457258086
12,929166629840857 6,1137256603768435
7,78887520113391 8,560973820448305
14,75010042253156 8,984667082987706
10,474968890865185 7,239147149642552
15,17621861706166 2,2656086038635133
7,847789329242544 6,418293829294315
6,655519751988631 6,961220891622968
13,529489744041587 3,82867914875078
8,69421662472671 10,221255426779265
10,798528362836807 3,827435321700486
6,263987413425012 4,6379338205183105
7,297761043702481 10,248874713597871
6,587868046559951 4,3074137400291335
10,371457157484137 7,530838885282931
11,56542624142156 9,871847532480093
9,735916071826669 2,6574789587480994
12,990552435622511 6,867610384120899
11,887427681599704 8,735741188369172
8,591485766131848 4,844337566076816
10,184677475928487 8,955975651176429
11,18653107092037 5,424182213377034
6,341412049916937 8,688324031933806
8,338468835971415 5,341330310897838
11,644001791046652 2,507695382353402
8,612254200935494 2,7652076425810472
9,537229302601972 3,6030354630037587
10,504906753668205 5,472519170262558
14,374400433157561 9,932455470906927
6,774054811470373 6,113806781257671
7,283346739253193 8,73191077888168
11,131203411495896 7,326535672400478
6,272214902578659 5,503765141768604
6,404477050125582 3,9577625965529286
7,33359690451444 2,261763849898007
13,021426393260313 4,2522597947895
8,341483015617706 7,333605041443598
8,191226167171077 4,6843217145623495
12,996472632207329 6,85931642747121
6,36013634665372 2,0682575286356895
11,279192738643275 2,401997754338421
11,171033839563263 5,796815349163315
11,52151375724055 3,751787996853284
8,461602121446003 8,001776144601571
10,315031932135103 9,439075056315948
8,555194053148046 9,25709098082834
7,522307126259427 1,5992815698166136
12,508659612803694 8,283922251233575
8,414006962049214 8,065142299096179
8,79609484109697 4,227081820307301
11,942629649928822 5,819178460726395
14,855161511906608 7,193718071125851
11,006562930375882 3,4731848827999214
8,901364286023497 8,604441524474293
7,190730161884133 6,709964847345954
12,213721430695635 6,53591684957584
12,287869223426739 4,451639406313227
8,291024831112805 1,9573820191928177
12,19560672639632 3,4893866072585675
8,9898045081955 4,663460323185079
6,428489653910065 4,910659826814424
6,992686507165715 1,8200248952535398
14,754748240957948 6,736364013009238
8,52611578976046 7,903749795835061
13,78093782153229 7,736607546052938
14,546804149700563 6,441208819742907
7,840466004807157 1,5508082953039348
7,540055946647424 9,692279860072768
14,973732490667789 2,6650510101380607
12,200583464739204 4,872835136284937
12,264080928503056 8,316602808986964
14,085958389697144 6,6976422571616645
14,43886623332726 2,938492319673297
14,90226706580603 3,5636318562603053
8,300871683108832 7,932313513332874
9,472020072145353 8,622514490058702
10,040441611566152 2,7574580580804233
8,842302539328928 7,781466301941244
9,140625182004595 9,437394274150845
7,393299035857628 5,444429751125858
15,173515858201167 3,192685850592982
13,273471922166223 7,273842398821325
6,2375146183544015 5,398424104630595
8,107996802891256 10,309815513152698
14,192785344104138 7,659556843599885
13,373134633747096 5,695563308308509
14,606801786321235 6,3052724601547725
10,823485856245114 2,4817554766535124
14,491739441809376 9,687323201976769
9,677171609369532 2,606834733676069
12,383506574209308 4,742487201121785
8,548545830724006 8,177875527150007
11,64405868423762 7,4777332804785415
12,344591454721389 4,027601903602907
8,431256607686667 5,238625422211173
8,986461705533571 4,076422008648379
9,413371220527239 1,9719585111196254
12,669841057477488 6,016688932719921
9,922807121851616 3,1973472049707086
15,016877176953649 6,367844621899338
7,838720584916778 2,2768258130426053
8,201266572267507 10,41480792465497
11,75796541633936 1,8619622911565865
10,04813352878121 5,906811087494191
15,062841366645173 1,782678593711176
8,119849738851057 7,434190100107915
11,606678900122002 9,311110642242419
11,609931125803623 8,651299994993908
7,972719369195122 2,422524164366515
7,365863888873967 3,3948003462502445
6,221824537816642 7,198579263391157
10,042233944515258 5,319913725131428
7,695982699614575 8,524354801796491
12,171163311916107 8,980150968542004
14,509528484470355 2,8105420423437337
9,19405620676472 6,715959446360328
6,3618883538182525 3,80311891970352
9,65418473655141 3,26128877250805
13,968984244789855 10,083431027701934
13,561637599444587 1,790435452982072
7,651530526159542 10,223109892777794
12,968120503194058 7,54701081099627
13,392038668549212 2,4798137971939833
8,506667583604237 3,381763667186509
6,239500478951372 4,810440355338539
14,736557939539573 4,076027792521163
14,382860701651033 2,8894483615632494
8,462348324645289 1,669612943257179
6,792496721680925 8,73868280957762
14,989096985212324 6,847115327587004
11,440430887686217 10,060405200070718
9,532297814111924 9,791182553273993
7,08087375000008 9,061338450061893
6,969477208787554 5,020239671437899
12,730864791673817 2,0534597169009765
8,648321349119081 7,4037341731711495
11,750672686576834 2,4403731335852585
10,021773993487828 7,359092322533656
6,495471180618765 6,937101397105806
14,54075994185754 8,010109415177196
11,666841145732942 1,9470858788004717
10,931335989917248 5,573618293389999
10,590532945684323 8,171679749910915
11,519556954764347 9,027853364511902
14,638098033494057 2,229143152055828
7,99771743638478 4,079466972375368
6,411841363034548 5,944986694954925
14,946381429380356 6,947878853139877
13,9498372796893 9,240144187882375
7,1146904112315745 6,821471529603805
13,739771258290046 4,741291362043373
13,841213435229498 1,5923963201320683
8,210905791933866 9,106105761786232
13,220187346510453 9,445023937156142
15,117279213943707 2,1726219475895125
10,971458750509447 2,306735281284566
13,103317077009093 9,141229290694241
10,816241807565405 9,969828659449552
13,504145641130393 10,0798301900522
10,752470496249728 2,267234440081361
7,3374538993323455 3,979811149734874
10,404076296190633 3,0205291590479253
7,692589908387705 2,2453884830465114
11,652083468084662 2,661415247063281
7,512326621101355 2,5474521389222438
10,620241234077254 8,79049040022731
8,269760370872172 8,374796875022906
10,210676532591005 5,429072746598714
9,133198178213107 2,3913340689230274
11,162227260347432 1,6961225768794606
9,913149271966205 7,338320049920601
12,397453415700724 9,835613979000756
7,953519167662408 6,372983168714696
12,354709251424882 7,210069532610149
10,149521778859317 3,78091139584031
10,58933960392156 9,615920753668124
10,111367932381198 6,384257821254026
12,978288138986649 8,546010064380395
14,264149447794328 7,320278265503784
8,030056121133903 5,277979517187978
14,110641731046387 2,4534624492206447
10,427650786370734 2,8868644131620025
12,806787526321049 1,6821941588457643
9,402038658877606 8,221646457484592
11,5425608627428 9,359768994727968
14,00841766850763 3,1661419517303555
13,011499686522448 9,031037029539235
12,342005340148859 1,6094359780614642
12,524123691725482 6,12510514474771
10,965403502300767 8,380854181806232
14,480830666756184 1,740040303764869
12,121883513945527 5,912968020194592
10,332451230619643 7,825248405612014
6,697867368956476 7,103798606879779
14,30988658522022 10,074897234793129
7,685619923258278 1,8527782479856394
15,080943881138158 5,007626846147868
14,38144260051099 2,6702528372439773
7,707202048150516 1,9297016076416003
8,118193496196294 6,043363472620726
10,298505053268162 8,8161513790142
12,226001228092493 9,830808740518709
14,39233851210421 8,583989452118637
6,873317659127625 5,567928290765114
11,409438213644208 7,891688904296081
13,823513756539384 7,330984397369546
14,241698034389351 10,418912679217465
8,306663387389463 8,913490522157943
12,705045898317906 8,738379658287332
14,893199756635365 3,936421463348989
8,750387869560283 6,666004664335631
7,1759722141278734 1,8088819036560868
8,436286094765439 5,8800191304113225
7,741330557889011 7,8795051032536705
11,644965114004497 3,863356347734981
12,58838545856861 2,533806503330472
11,12617563450553 8,598601991239049
14,946308311308904 8,222481025325436
11,46274851981163 1,5578276593112543
12,450880137569225 6,221114017296976
12,821835524641656 2,501260424127577
8,103050782035506 4,415155939069394
9,33436741358088 8,663321725486178
11,91966583873641 8,891228501250776
8,22073890153903 5,044702791635517
14,457943215754774 7,387939159952516
13,949770711961566 2,566657708281241
13,39846578217788 5,917910325110186
9,600345986326642 10,136123400048685
7,459341603915725 3,9367007129830105
11,35028417103289 1,8087924496159287
15,070440342140802 8,425600129187764
12,175012052319854 1,9401581767417344
7,709757703489073 6,222834436630278
11,75438965216674 9,36272408678169
8,516838033939766 9,448921818563196
8,328598893292023 8,304735675331996
8,98168252651501 8,114908125991455
14,736129018517822 6,283847401561275
14,084424734788659 7,726881106719607
8,951187595569486 1,9967984909910923
6,551962911866532 10,299540888894043
6,223565577379587 1,5254174783478796
6,803906847420027 2,210433043710368
13,195506468905304 9,615301631274013
6,664513423180291 2,704534411012016
12,015368323150515 10,268092812813839
12,175239180192497 6,809307480722358
8,404123161103957 3,61795998950561
7,977917380784332 5,102220939522999
8,883201020785826 7,4434353133326745
14,988434208991908 1,6967322487963838
8,690377708131054 7,383834111155326
9,320861463253895 9,392522814506531
9,983371505005266 9,066614638750941
6,795107967717048 7,528478040709542
14,030418753524582 3,143087545724036
12,029669006992275 9,334297962616443
12,585556707013097 6,765928365056408
14,967244942328328 9,611000895626411
10,650269309512305 2,551140549086732
9,269812851424591 4,316840934901307
7,214102001275803 5,2606513174775875
13,606820900745824 10,193558620312894
6,864761969316842 4,387921511712664
13,359450208513888 3,796818471815141
8,243431723989358 1,8497170371626104
14,934061440661164 10,142278459689011
14,320313406077208 3,5654737813572632
9,758713513770896 4,878708125897805
6,273263401620966 4,215291014548352
10,358232051888482 4,326310257346328
13,416485684063913 4,1379229021765624
11,86730781846747 3,6709054206526113
13,337310630192363 10,229388754033893
11,400645862438864 3,395968940944251
13,336198758383608 4,258286024056405
9,221453211922181 9,34961367418912
14,511851342658044 10,41938230348137
7,000679470414274 2,8284279413222784
11,188120688650312 5,338361327221205
8,457147560760356 3,17000688003339
8,278138049711723 9,783991523181385
6,859128542610982 9,43075876992818
7,448052317906546 6,275819190320324
8,278923418357309 1,9482209041362935
11,749392609083024 6,235331115279473
6,637807902682583 9,578626023340469
10,6917079036659 2,6261791497036273
6,719432579419497 8,81393863733598
12,420781017046036 8,974228628587838
9,184105697087883 9,825853037606656
7,283262905688211 7,737478765008563
7,252211208610751 4,415717196168094
6,649234601233984 10,363438198208902
11,061753541471301 6,037087189319461
7,874219016957644 1,661032585717357
10,624028218754658 6,839082155750091
10,736093392157933 5,398606501451348
10,655214779854557 6,869017789009487
8,439482267657525 7,628977369408099
10,302253111139702 9,390190631843723
8,592648819729842 9,904502633098492
8,420953520047192 7,591311258083801
9,846584039159652 4,613801000918638
14,34584792411059 4,8598856081082085
13,277036574975124 5,250933417965573
7,129578110276797 2,4364025549953428
12,849905539271344 6,876738623393603
9,288939703064855 8,4962498143388
13,086004665903605 8,665366172345186
9,527252459650091 4,227983301552788
10,436355643468247 7,49862710297705
14,382789148435752 5,152624216006884
12,305036005521558 6,346170327662195
7,9755440570148926 10,405898063442
14,88397178800507 3,204570396552447
10,032418077131219 8,625367113101913
12,525851290725447 2,5587569930478784
14,17880421458855 5,8295228860383155
10,727039204787271 6,982168659472555
9,219805639637194 7,765068145753099
10,86069764526211 9,055101353661556
11,917754352695344 3,079344786316521
7,465974351028201 3,0356524921386976
6,397246787284046 9,139263931213225
13,17633554533004 1,6765510567223592
7,847696608437612 9,203534144076922
10,363476424004268 1,8787810654358839
14,711823588196385 1,9137430995762383
11,637682429060668 7,875187362061266
8,835636422271017 2,8553997062611045
8,866194537833591 3,3691671205065497
14,57810777557523 6,4290658352674805
11,116961835542206 8,615161506438131
6,534104978971447 3,7924109202947585
14,17080225100753 5,515046516908747
9,782551592470671 2,448070143066772
12,250304397366742 6,61198632882912
6,249234921766923 9,370917442178062
13,974964496011605 7,189062917323378
14,733476467862598 5,755366492887773
8,00394879935125 6,8880005651696905
15,12152620226884 7,698599491817897
10,394391588290215 5,586996895017036
7,817942574775553 8,602941408379014
7,713778694341274 7,812615341575748
10,533330566253673 9,093469379412737
10,619924425576816 2,498842836056772
7,215964654457268 1,9707926605481925
9,167983812108453 2,966856327101201
15,157731424067517 4,375045523958537
9,68678596207516 9,595150368357483
8,448896630067711 7,713451268757866
7,91710616174867 1,8271413377724266
12,804574209504658 8,070378438563367
13,012978574118002 9,356059034625279
14,254841778445456 5,164166735560919
11,798838784658335 4,8067427882400695
14,836848713872207 8,335910606576222
14,181733804880116 7,981768776226113
10,1227776876224 5,7714956327311375
6,818602964543722 9,185022550979031
13,29544352132633 7,686887695010667
11,147835090115581 2,0129538726224716
8,284332605801616 9,27043193125442
14,088174447593506 3,743789886112267
14,881890354897283 4,588566554153143
10,459611890098603 4,264937453514763
11,058698356026508 6,286663218041046
13,855407310236345 4,975256761836464
7,635715223912259 6,380887220539322
12,597058573839256 5,896016728946016
6,26827038176566 6,271744705249747
10,019834587258524 4,30558384820861
13,065058483543044 3,192482239494278
14,794212942213388 10,050232998127239
10,235141568744726 2,8216598877495755
6,824164802137299 10,401491039535458
13,763751208679171 3,701664973608453
6,941664472118944 10,472751763568192
9,378350135260389 6,841426928892951
9,063781959350989 1,619298155770446
6,331534833858588 7,825464260500175
9,157076382167837 10,142716832510247
12,692101462650228 9,352788413386591
8,26370273175385 5,863995963488066
13,320968462376012 5,90661505522816
8,019507278270705 9,897922372938972
12,810711677242455 10,34444169273648
12,970949756743067 6,581470920342149
14,164160853728267 9,878498134923019
13,505431443874125 3,0711553635172675
7,725378511998537 10,133316068522134
12,685557580306966 10,005012318569374
13,553031568940066 1,9447026484957104
12,551110114351278 6,356689920288752
13,954435016107258 9,401217312685269
10,085922112902855 8,14472632814148
11,901775894321805 1,7830905758204754
6,855347286362564 5,305684164069177
11,244046985738553 2,7543887443177404
13,87067481769956 9,850765229089014
14,139139543141098 9,079504394307687
9,46509406252094 1,5777967914024444
8,13958797394937 6,410486948107193
8,991960313002147 5,407556287213373
13,497126153857039 9,536847396264264
6,638122981028067 9,685275385594334
9,747901668351314 10,195476108190249
11,722522889347225 1,6353894473196733
10,472858163203396 4,60776490004967
10,644987137877123 8,939042758001948
11,323510288858612 2,2738518262782983
9,017036939454439 4,0129152145982765
6,810597396199528 3,1581731127148127
9,478502938064432 9,652424404795097
14,106496263596142 5,953416479282512
14,097332003900213 9,208652375675562
7,209800563463211 4,307383203229398
6,764390093007147 5,952176626153912
12,315878001405657 6,108394940343236
7,002888307087976 5,070094415009924
11,904032959717856 2,1647590893478306
9,172771233948298 8,810349426865507
10,736202900852827 5,993700471043095
8,033277446106316 9,275755628133297
11,041184185064399 4,948713567763202
10,317807389999324 7,684561754222967
6,405325145207815 7,889723391650314
13,22016206830662 9,894254470184903
7,416955068061919 8,803856349618123
13,803452892504733 6,997834809714472
14,015750506472944 2,7312888859080293
13,324193660042042 1,7346866650536166
14,740493264264188 4,438557663317234
14,56713746913152 3,637917696735394
8,970056630965626 6,542636726541093
11,429740749915636 5,900674217572373
9,841764743798022 7,285809273706402
11,51929673899281 4,020282162260356
11,797407935505447 1,619805973747659
12,041017985884968 9,754322178659073
6,231440444467138 4,67495365487846
6,587635250260438 1,7939246877233894
7,504942602652999 7,977829200361706
14,038488309201636 8,013905816951532
13,524092121862209 7,431282974443846
11,327968976272908 1,7026230640088182
14,770506362859962 6,1051827033852515
14,083638970544321 2,1791609938907595
7,9878382871481675 4,808705222684609
9,371926579371362 1,7603705661540647
7,087039022675813 7,616074059057268
14,544257584246534 10,483009243051843
14,75475506695501 1,6400720001733484
6,56654427026273 5,560823058585148
13,927442338837164 9,033697189590544
8,327069975579887 10,467400999078018
13,133965680314535 2,994437443064355
10,482734567123181 2,9341848672056847
7,814874655210002 10,109843670050294
13,621568802416048 7,67123934150537
13,351911912113032 4,580498358257007
11,361150278422846 4,925717284520386
10,787740912845138 4,748404710456494
15,169025379697167 6,102576484459346
11,104560696054833 7,002776102835613
12,811490529228138 6,957226714459513
13,742199457746825 7,5727361987877355
9,506562298237448 2,042277880799913
15,049240722820354 7,713871050048267
7,805579705474836 3,645315758978017
11,433897324092047 8,975078129204515
13,602298309602217 9,848798282212385
7,243807081932758 7,371569117880581
14,659505512715103 9,260866427002126
14,643707107819246 1,9536718816755898
10,005024636670916 5,632236778472565
13,78214234624884 9,650326043396355
6,446204877401245 7,49055587089766
10,93979738667333 2,13773217386405
13,772823961320086 1,6356957475287106
6,984260930368316 4,2722281921629115
12,928447481619113 10,316795285139852
11,123872502306437 9,034361141346693
7,13618878079117 7,677110015270786
13,370583162297992 7,793918647063328
13,935757818729627 5,186785434149181
14,191130694639849 6,367419554701081
12,031862369758201 6,480988656040289
10,964243708116156 4,07222834265769
13,440793735741002 3,139308518108984
10,811973535194753 2,491644722485916
12,462784166213561 7,2988963692365125
15,074676202246383 5,887179241454057
12,424764451318255 8,57192737886511
12,190286089159043 5,936206146245944
11,157447163637912 3,3563876591346937
10,30913707905728 8,031199606533002
7,544526543133429 3,3839249716960436
15,17626253296022 6,937240115713147
6,402361234849211 2,4403225690350476
10,023439846887813 3,5201846992863683
6,561797322696705 4,950878437382664
12,232720927996244 3,9359633831739904
7,900239354554067 5,273742267618363
11,269677194291193 5,445722371251903
10,24530747067199 4,952975531830937
8,927605460469376 2,295375231695399
6,662367792359954 7,721406766541833
11,907650774690524 5,056715676002536
6,680499297227746 6,83864777114194
13,587562494747884 2,4323602159701148
15,024946347605887 6,133810026668893
12,505323394250354 8,731407974649983
7,292610304182561 7,307599632021573
11,049382484382203 2,25408590825644
6,747642977600449 6,892209632590773
14,658285558476884 3,758883293532679
7,808635978802315 1,6566247785872097
6,3745369092313995 6,656843723936402
7,439711873745477 4,782048330415317
10,188677704354674 2,1572508267089727
11,244176867461382 7,73176732780801
15,000974436195872 3,8062644319856083
10,307136785189606 5,160378605834415
13,282344278453868 7,908619007264081
11,93740429977097 2,700337021382463
7,597636639075728 4,877272638800891
10,73662618334529 9,78093174426209
10,076664794422893 1,5209443935161633
10,742648037474208 5,965503947699595
12,15004808866976 7,811785943380068
9,068862575227705 6,135699948286873
8,961094423319024 2,518619441991411
13,469134118371548 2,5931820655425324
7,048261129196346 2,4388633954576906
10,84254933995792 2,8506757995516088
12,0999767715419 2,2448908642734096
13,291786026652847 3,7239490048005752
8,847423527552627 5,478032658018107
8,110286761795559 3,8955014841454614
14,251287178295247 3,6021328340719507
13,595421881788653 8,870181631811018
7,053961094202654 6,309002072847241
11,122648830185422 3,398658531676069
11,23311337149578 4,5504387828598825
15,180312372724678 7,8819617452564
14,911825217070994 10,377021500281199
11,070585567331381 1,6188585622603209
11,4004022522617 7,9253173209345045
6,718831336906449 6,892824676337211
10,136173429620854 7,031928769942841
14,86912118137148 9,711372786139712
12,968211078285197 7,506714865768536
14,89301151454082 5,6926566372528535
11,815519176380676 6,181668048440273
10,923290781074758 9,220982376929635
11,680167393387855 7,27280994705358
13,77833440671692 1,7562716343339293
10,517299476517913 7,966985952679
9,757456342684797 4,904510734403885
7,332962429971722 6,931907305282495
6,345308015106826 4,55779879110509
12,357358271342633 2,1843663728963785
14,521423500877447 1,590047315760239
8,353462285873135 3,5344550035528797
12,896434165280068 4,65913905315283
11,889573470478501 7,040675159040396
10,431594739796896 6,256737401597555
10,386031115721316 6,470114913318317
13,685779250018657 7,50374197483585
7,991059635476326 8,316997185390154
7,285296584071196 7,011736903087354
7,716178163438719 2,973603856781297
12,226279289724637 6,2632305215715425
6,392111802575498 2,9769193358740242
14,426906826380534 5,748520085003349
13,224182076668175 3,388700936857099
8,173874150878488 4,028006510400281
13,170202053898258 6,042692477126385
6,8161175086420425 3,810341271506161
12,981814726785853 3,801891033683483
9,126350640605922 6,016101059848268
8,315376677648736 9,111369399653679
12,555013185914833 4,9760821187975015
13,543469637047249 3,804836864740099
6,591008329236621 1,7115196968287107
12,023943552187768 6,3515867594675885
6,6643956679051355 7,38429705201004
14,168136186653253 5,495192342418276
10,866880286386724 1,5368146716530728
11,264545088198371 7,456277026429213
8,194501615892966 6,916137924830058
10,666187672029622 5,093169310390243
13,128286419018469 9,971164449321323
8,455200248166474 10,085246847258793
13,748232729931772 2,695103059361065
14,877207321702524 1,911227064325268
9,856876285051376 2,8017673915278944
11,85204723074089 9,739038340649987
6,961244880055121 5,418669320974434
13,408471321707598 2,6141758462860194
13,28708068933252 6,039661673948965
13,363143606895033 7,314287904873702
12,27317790693456 7,724350191424582
11,779617226129435 6,781771825237126
10,985814514901346 3,8384054961406653
11,000830885401541 5,304673730475761
13,253165080595094 6,62433852592172
13,736064443759828 3,227451569112344
8,492870657314288 6,086797577308193
7,817180497625619 3,7968194537170623
11,75394448243252 6,848313903928809
12,148064617768952 5,717983951426895
14,150532444822936 9,734432091565921
12,72376040442138 4,26544222918187
11,053312562477736 3,0016867496326283
8,233241491113787 2,2222303664073166
8,70701254686525 9,164328738619794
9,936220250777971 2,803086850226166
9,59981140157618 8,741903362604852
13,07152448660804 6,682963880774553
14,181606941469443 7,912486981481962
13,0409391122299 9,939385247052346
11,662469643343162 4,771625244745233
11,966617962203182 7,199966929298423
7,232771237227438 6,088867612150223
7,617369346717005 6,312115664670182
9,138635187039835 8,476780955229096
6,82058748791828 6,589765177126025
9,033378929732919 2,7913848145089912
14,786043736109445 6,605326078462563
9,841952866938389 6,903799641399733
13,521246156936122 1,5175672599049803
9,282925425448768 10,44043554347291
14,723617411528188 8,948739046705729
6,20000616305179 2,3572565903597766
9,653550399309577 6,01930773972446
14,623423689592407 2,2594591319438724
10,645506088509045 9,367020065544525
14,366756323475503 10,397311984364038
8,865785171952147 6,99708090339295
12,84820961832849 9,625765075786113
9,67004145335084 4,930812762927123
11,48129026669741 7,018032965735256
11,1472426764964 7,398558993668998
13,50626052735544 6,926672418980608
7,834309416429094 5,494967608939496
8,714066016851442 4,089811780586197
6,921151601641841 8,893454143506204
7,992157227528855 9,39408254742721
10,540881442405773 7,857228631207461
7,168281252222599 2,3142590710491104
10,294372115254667 1,750648462968807
10,290646423090532 3,38364550410332
7,3801774057659975 3,1606495649131556
8,37669059792141 8,273986106044786
11,610554694077372 8,427848221226316
14,721093628671614 4,129633087702666
14,300864056743617 3,7867804342228366
14,904924825409335 4,456335565742909
7,260770688498502 2,483240522209516
8,982714453039323 2,8121024822711354
10,13453808090822 4,275542229775138
13,718780089369279 4,7093182205110145
14,370341583366436 4,961081218745559
9,787050543652365 3,2163747080294014
7,120522918668821 5,743180657025153
11,739924007525017 6,024524194050973
10,296303290547456 5,658507202144241
10,609109524295992 5,783745139616613
13,946439214709773 3,098335795607942
15,014676562466743 6,0824551645366025
13,862738018866041 4,292251000255218
7,093691319284319 6,268646963012741
15,191629128229575 3,027097686190859
12,139786734292727 5,710584637403129
10,09509610377018 8,13741025135402
13,134734750322824 5,076313468515163
13,734286548890715 1,6102027212860759
9,265820999599748 7,6551258054146185
12,661417808511466 7,127625395206756
11,35742628337436 1,763019376400012
6,402978657035998 8,594181168370852
9,33092913950015 10,326047170038688
14,615534894495934 4,7497128175585015
11,701281644706693 4,0740857784527105
11,260388285949112 7,538330059308564
11,752762866030237 2,370989500625571
8,490595183759256 9,213801423392175
10,144356765820984 8,749570287136914
15,148834103443402 5,630251519374873
12,56818885022524 3,763319106066854
8,928206072691324 3,551225581402616
10,29644542916958 4,674879513540705
13,771462075908055 5,609616194042254
14,261323476995141 8,503033484174917
8,813732422375946 3,5186212488434165
14,877283516643779 9,111870344955552
8,239384781153149 9,050244061752828
14,42176037686832 2,3923808772491384
6,926302046248046 2,8056960854390023
10,429559671970216 3,2212962198598785
12,091901069808824 5,008528761875405
11,428876405888332 5,073594088542084
10,403877236790393 9,310072304449633
13,668996861848822 9,161165302763923
14,797759130287634 1,9956614569060385
9,09333192706128 8,575771772344849
9,856165641388753 3,065617953427201
14,517376127241373 5,912787547088988
15,166973642421382 5,582458096275347
10,408409782529107 7,884729026801062
14,691986451249953 6,264862984883914
12,838596087335326 4,223294218887071
12,528474193477773 3,567752048999447
7,2647867363279275 9,510503564633803
11,64142146958308 5,419081071573822
11,974179396382997 6,628089456441778
8,160563198267727 2,8223014786116325
7,178336215541476 5,277190393638406
13,702108012255623 6,614763746537749
13,384248808800049 9,771152891697092
11,531950802142825 2,816395378447499
9,222015124699471 2,526177537686565
12,014324230864498 6,305741253124659
11,492861416517933 2,41002019135542
6,784544747741767 2,380122228989717
6,752111761677916 10,096089634389076
7,0422656506902515 5,413255434605006
6,228570928346554 4,1458856877890655
12,603920964337291 6,966715308603516
9,272861071832896 5,1524971956674275
14,39161819231127 6,156979660727341
6,544973596644518 6,995205583602358
13,803003306896043 8,119558980670652
11,644280937550636 3,522347897339512
8,88282228383967 4,397329157924086
13,671444041633755 4,3837462696041865
14,847075294472706 8,729738871087523
12,044011347244926 4,948093624805659
12,335708477459708 2,618309443696216
7,709059403899207 2,187471297339686
10,023286260991046 4,41765069725675
7,281184323380045 2,727533807308141
11,558917698372445 6,500183194771053
8,487461885457094 8,84227971862772
11,007871360015255 5,986833041096913
10,106683981683222 6,826959627214089
8,149501031128807 9,640361432029948
10,477369624366201 3,317467058632041
14,86735955307347 8,372876942581122
6,30202648243298 6,09364860439855
15,056927778411374 2,3208623477485815
13,880294422379201 9,434673780765866
8,74119374373242 4,001331867434558
12,714782168196594 5,536937551856949
8,060485996812876 4,050324894859229
9,808147590680722 2,9072319027596194
12,629511829426539 4,813489429683105
11,86614311612086 8,398370040923853
8,246476986950718 6,084887232375074
6,809916114437793 6,885761889239427
7,592025198547532 3,02306522768854
14,104284016825321 3,758567797449858
8,372511810499255 7,34783871837461
14,227940005309225 3,2476014974457863
13,220191010255103 6,473743618352225
6,76217472949436 3,7252662290696907
6,6314719121368935 1,863824757581732
13,26320007067503 5,199447899112325
8,690096267172956 8,443756018007042
14,222143873631573 8,42667774581204
14,076345251028659 9,684554726036627
12,991353094844174 7,154740071468056
8,28523303826222 1,6547093260502963
10,702982556863045 3,677018527178069
10,465113185788386 9,853766943681668
11,22868133781737 7,944638627511492
10,588079388523091 5,450809009002137
7,597074851431364 2,833402173874285
10,626726105740165 2,2425508801600604
6,904164453702576 2,6018284162780936
14,73147133784877 6,056573779561945
14,964475039455532 9,263516232292803
10,803521323353404 7,365331567349727
11,468083014727647 6,685241886754323
9,240224751928473 2,2087870191126644
7,5968511434654875 2,640433866886606
8,156401321276014 4,507250450324753
14,580379946947893 3,924738845552301
6,676243624378123 2,7805430799880764
8,36687194105634 5,6846612225587165
10,842671705880704 2,544817920823691
14,369521154157816 8,687491776850463
8,616894920858499 4,031259739766571
6,240743599087208 5,1732629531481455
6,72079871442121 4,984691610083242
12,751771753603183 1,841505928603723
13,904512434385092 6,784435681914987
9,150912598546356 3,772402942968237
12,252484108215738 6,433733616350958
12,11833405901822 1,9037831018768117
11,95516603393082 9,707348541594333
7,991862142909317 8,239113947997538
13,549122883098104 2,830151335812189
6,974116252413463 9,541990314279445
9,5354861945323 3,098329418645487
12,750537241555476 3,69189480286708
8,641355807931587 5,1609939856129365
7,270959640255246 9,257061178799736
7,751315383820372 8,503013277167629
8,47095685668913 4,551190709218463
13,643521457103176 7,8603508166777605
10,859248172845252 7,034438754123649
8,404517740708503 2,292563857014389
12,607922556773591 7,86706104840601
6,909942248919951 7,169219975798869
11,087688920284412 6,266211222566567
12,161081389638145 8,950960790515449
9,859261896593267 4,1382211467492205
10,180390854044738 3,8828880760345434
8,885625122833947 2,405664577632719
11,611221290610292 4,934789796357649
11,269409020875848 4,449045671340201
10,373010717898858 1,528623278595426
9,588831349465508 1,9699258435769602
15,124325292453502 9,682571462337341
8,586338553900472 5,613138701822868
7,8503546117989105 5,990410034962499
12,429537015250844 8,429292960794232
14,552353783863875 9,67181160016574
10,688083984566097 4,286409853270245
12,33530280298383 8,81219369520882
11,410556637398507 4,400133816080751
7,738265003513114 3,6418875516207736
9,921793449277468 10,370850435274123
14,033527803563667 6,386063456286471
13,788049281915209 8,834169439858625
10,302651856629346 7,350529338803952
11,02016107805549 7,963454894948545
6,575442880799848 5,813560371439921
7,844726586669874 5,676021045429324
15,067038167750347 5,2239909283638415
11,367415939408144 9,685680349161668
13,41529419634591 7,270892444748514
9,934217007909416 5,449939680786089
9,240299416196368 10,052429468209471
15,017801038845821 4,297429935447175
14,077317486550989 9,530511829788598
14,770902636958915 1,511231542751736
9,016508002440652 7,24154969727422
8,23269803438711 4,60660492722562
9,206336812366452 3,530590979201926
9,715358708448939 7,81430389573522
8,71350914202219 6,958884441072088
10,210078067476404 3,8285921241239063
6,5090365072592755 9,19873673124412
13,202798362072173 6,934776679802449
7,476715158242367 2,193330997681436
13,00519334346487 5,737254569464195
10,845371461629828 5,4509733617216405
9,624270462502189 7,18785688450747
14,713006095160896 9,021081162395106
14,26404393360233 6,9267619761716235
11,307847403547523 5,877102098861368
14,22815813390324 5,08897856471749
9,95810463654456 2,736981193084005
11,494842767236406 5,939949888577125
12,903008511120223 9,187377323220959
12,242843673254303 10,046877444731694
10,726951891258395 4,574800266870739
7,409802845690502 5,873010151543126
14,236853786984664 6,287955652083203
9,112863620889367 4,713515296906459
9,194641011246349 9,569165784741658
13,536235754706823 8,151375452666102
6,7702254327499665 5,549304909001936
10,352208931385062 7,418443816116038
13,036019323784828 2,775083906092192
14,275965403332194 4,066638901005388
7,0363140056386495 4,734174421483983
7,680892037832394 4,636458991569786
14,447754486444094 9,688185920320596
11,948832944871725 3,4048398624613663
7,36685989971897 3,888715771169253
10,270787880395373 6,364703281431046
14,682367394320433 2,799446511789966
6,235475263035143 3,8028473859814858
13,378216972595137 3,219442519610278
8,9645875893851 9,622051840715176
11,382586384064332 3,7121704605835273
14,672516302093978 5,5664767151323895
6,415575861793341 9,780439036027728
7,567500290160189 2,1286691271192844
9,631558234400863 3,17159752760509
10,90983151640224 4,5739537207298735
11,24710883251836 4,133491916479553
7,927959901025476 9,508918371363839
7,583989035811254 9,924416855162136
10,46707800286914 6,826282059806569
9,333431604281268 2,0746331271160297
13,838224439579623 4,014925901433731
12,727710615445057 2,3820650543080113
14,920138851192593 4,276074626841347
13,226295647079585 7,347552044592549
9,784018951401737 8,475602278942489
8,563578218432156 5,041838585326242
8,542225516240443 2,2738907739621292
13,794567529598563 8,075542886404923
10,068031706109252 6,4723517759845315
12,82530410630974 4,2983524890544125
8,48377060347572 4,642899083505952
15,197737339100929 9,551629134969334
14,003930561399866 8,694363716952395
14,17484889758004 2,250486422982595
7,478019839995409 7,063916183484064
10,422871404134582 9,465477800457247
13,928062732640566 1,7215741321357723
9,560117791633584 6,769999293770926
14,864259690945829 1,9367257059828955
11,812530982329102 2,5577753125135745
9,847657640319529 5,101190704771338
13,918356740726413 4,331663962531305
10,604566763762405 6,917410431254181
8,618416791005414 8,00811660344797
11,769022083713843 2,1389344923826608
14,75298566260333 5,9765552487738
6,729782636519628 1,9272242150212682
11,639898597672119 6,10256953402115
12,762918332389642 8,307856803715019
11,339458524705258 6,310054607004596
10,086504495012548 5,493813921346728
12,99798384473101 3,936855202059318
14,912070575733 7,583224574500429
12,536589223199098 2,791975798289944
7,948756980044629 2,0944207037888574
9,950955114381298 2,6536623406646562
10,492708489961657 2,61532746556337
6,666885376841401 7,174959333698636
7,902227127132645 7,746667724463065
10,627648390632281 6,535982873388885
9,255243383075147 5,340952847206872
7,955070188859785 7,759170823519607
7,575302681546104 2,239847839798877
10,28739506207938 2,7592978047103536
13,802525342080566 7,883056558984812
12,277618253368523 1,6828027262333056
11,720062489329703 8,07821709083219
12,057723028580408 10,290146330102644
7,270772322394626 2,07495519991124
14,896826933559183 2,457349945886451
7,149008389130475 4,660752474579688
9,126936460397044 1,9616389404096144
10,14826006991246 5,300685527025236
15,121634500957878 7,2253179103952165
8,003799879194895 1,708373649613125
10,948135579571016 1,5696087231734688
12,368645494244937 7,378037061130661
9,71489084870116 4,35768805492021
8,554969983064069 1,936192470431736
7,986173191965775 3,353655910562579
12,484049413294612 1,699582307904546
13,807284634927584 3,0817179604617873
13,320443443009673 8,077836840536364
10,378280767244158 7,357509952143578
7,890812932713404 8,049560893530582
11,910037082001693 7,85207777578074
12,16117260753143 4,142663896706141
11,232344485600972 5,753809650822975
12,540614678574702 3,919107812029728
13,853193746233588 3,3464181329932416
12,350632405019457 2,8565455020488977
13,996056543347532 4,5309906660988855
12,359496480950078 2,145405052188704
7,768704789973126 10,410173028855812
11,062859739065729 8,486086068118935
10,3080770271714 6,30964750382082
10,00341075495605 3,015268561504229
9,602009086465626 9,075770774173758
10,752005977053113 8,26848525867117
12,95821176082125 1,9555104477670748
9,336487109056458 5,161752398620331
9,686102545370227 3,7900982432584227
10,028427158367798 8,426236856805744
11,106062864874996 8,679953675062993
13,709908752443706 2,4869413582623463
7,760614390591113 10,171802926390615
7,3616578978894385 6,0120152611138336
7,673777629086181 8,823424496977758
10,098343975185267 7,662531567186434
12,525007973967043 4,8148325387042155
14,923938223301636 8,133666288201916
12,400137353095861 5,376357292817589
7,592035513457322 3,877964902240371
9,074892568557061 8,086183508804414
7,930579754089882 8,052881103637002
8,948651485244971 6,0004346095047465
11,102725056202754 2,800184269915127
9,35865740803991 6,752637890183533
7,828347471542681 6,248053023684513
12,644988470391013 9,687472037502776
14,681617420559927 4,982292844966273
6,795993676644347 8,144506734348964
6,302775116978185 10,092195015017847
14,993335932456777 2,1035768800433683
8,866566463681155 8,627725627821352
11,564013016479652 4,076416655863558
11,578608321531465 5,97922099309086
11,975273220392094 1,9739626014668903
12,298213846459191 2,4562664703125794
6,565408717990516 9,908618938025263
12,742040185545585 7,03748204758166
9,556596671762417 7,592109245165951
10,352591003113496 9,848701256893655
9,60721170845964 4,461607813798227
12,95704513947991 9,896498792297876
9,881596781749433 7,9194819837506545
8,405572992585228 8,157348350414413
9,806731467747241 3,526931972149414
7,888554293004011 3,2203339213016497
14,092858638524993 7,908486126183807
13,856649894321496 4,267646446764277
7,936441116922158 7,4572542465611384
6,408724790540655 8,220482278134842
8,002550349672441 9,887369029936194
11,088792383357703 4,911889609922158
13,987432990671422 7,1056435906376905
7,29236285860145 2,48986074431613
6,4078138678051095 6,429207702803825
6,866618117298847 9,461783966553243
11,438987909638925 5,8986066613308
11,614667186061027 6,543402906001836
7,095753472349376 7,181783594888733
9,968737240203943 6,967742899747689
13,469748657684416 4,694583942771185
13,445103212266545 8,322364723797428
13,523237613732197 7,254968673830616
9,707105070070423 7,130462607370809
6,4562132456049905 8,049759268191
10,259889735913443 9,59976352018827
9,688514056358294 3,173941891361146
12,576383223540734 3,517839024148809
14,092633417950026 3,1412780722569047
9,878983740522512 5,552134667329109
14,29214022100982 2,41083247432937
8,70816206043656 7,735834420982418
13,648938674384672 3,2673421647355543
14,810016311817662 2,8353729655367785
13,30255772208617 1,8667035040649045
13,561142844015428 3,3621487748938668
9,862177351675667 2,002611523785988
14,35733201744138 3,8736587197775747
8,400649990071626 3,0966731797747578
11,550762920375458 9,95759848113848
6,528649043066252 3,651863847521584
6,855002219489551 5,220215996736769
9,603118281623923 9,344737798477798
14,259911140375984 5,766842404133965
10,727241231223758 8,266996204691454
8,922912899484494 6,675232417208666
12,52546414336166 2,2044653179234923
13,249205985977948 7,766889677190151
12,653989481660648 7,714380962336987
10,643154102167333 9,15297864958634
11,504451568118462 5,618943567632229
14,065238818127174 10,163640985908303
14,767507862025017 8,951437790679298
14,511544314205835 4,804415934178867
9,972121351556714 9,426235371596377
9,037084755859912 5,006513012303793
10,726344222117186 6,432109312805813
10,80078224655566 5,272945546749
14,10650129164836 7,814205735248332
14,236542035456182 8,256713070856026
7,103092228692123 5,804882659342788
13,706226789999288 3,4181802352382116
11,022025432377482 5,3975579040723085
14,228052720825001 8,0218806738764
7,848365675261214 8,349407795404382
8,586708588782132 3,342749680674366
13,223037460616805 8,522396630545295
6,5717011928378355 9,332596737033937
13,76934075153755 9,471697304713349
11,629882969036522 5,669622473525633
6,918947930533209 4,64002204569872
9,673394531642314 6,562113844046218
10,104465931143467 4,821867788842126
12,488945079625989 5,133359693566943
15,160541835618059 7,645907823864349
10,370416178135176 4,431805067199166
8,862100618717863 4,493033702294497
8,713531145083799 4,308411992540888
10,141135484500303 2,900538951163354
12,785939335958858 6,552243525637077
14,016385087575195 5,89216586445302
8,424054245559217 3,4726550547258155
8,208470902252332 4,496835560941085
15,070868105667746 8,974617460098347
12,386513979737337 2,1832763497400594
12,51449642001817 8,696105175069068
12,284972502621317 7,360590475288805
13,241225738677446 2,825644961572955
11,894884433038257 1,9084357350324477
8,357639401416987 2,853893517333437
6,474671390672312 2,2266546204427877
10,947102653681654 4,274519892779975
9,35243379281135 2,0293389464277354
9,657291625260092 3,931621088157595
12,88129784856959 4,5106465494835275
9,157395286890349 10,493355063121369
7,757863084947548 6,129593603905905
15,178856732652832 9,846744007369177
13,43583699573165 3,728637208690894
11,953782841512172 9,442473162576352
6,78106883938656 4,4960080874113375
10,848877775871628 2,0158176564142285
7,621024181968047 8,4054180820418
11,379416946268549 3,764693657351198
12,260072665382804 1,9502931723657775
7,425250378791629 2,700152677531877
10,256778039907989 2,5061340826166756
13,635455030025827 2,101664131744146
11,121585807689637 7,33281032253954
10,414879912685237 1,6080901571135648
11,290906934087587 5,4910925742568075
12,578846975192503 3,6404120602776677
14,054809222624634 8,081258995849515
8,584269634013435 2,699872842587745
13,580570974953055 5,870359078407022
8,547127412405883 7,357391817615442
9,091092606652676 3,711493539142058
14,102112565664061 9,609878313380044
12,70602061021301 2,4480042579790657
8,994371478776399 10,416413993814922
9,715254971795645 4,455658577358339
9,907977218587252 8,871849760184382
13,484847533207954 3,828393231956768
14,97247235463131 2,333298143144699
14,270696986643774 7,740190257312547
6,316798107858583 2,696661626563354
14,100793439047216 2,3836795808959903
11,292776388742737 1,9010555757906697
12,229795277328792 10,074155131381433
6,269122581463427 5,5163552111702305
9,264063664490024 8,801196618911101
11,169217363417783 5,059458234717577
7,697185151141454 2,9124748271763865
14,516976546214654 8,181354161289889
12,590563891529644 2,304684829915083
14,30056878474333 5,3945354270633725
10,322520414622215 9,176425133347639
13,910182588665162 9,711792204742146
12,241208699230942 5,055803084124644
7,1540915934796745 5,439316140291453
12,517615231568598 7,392352922221355
12,690419497501317 7,724263580186178
15,097522938213245 9,105332311313504
11,990366864058274 4,636482375663034
11,289135583174716 8,019466000484265
9,456842565263845 2,3613427157179787
12,695223922627658 3,33500684243487
13,483305905995152 9,069735034167392
8,059389547888415 6,445231237455048
10,412328236049124 9,126574047396407
7,266999871674828 10,450030085600142
7,809965925786088 3,545896711316821
9,041836564285306 3,9283442678849756
6,910914288518324 6,368218374706403
6,50231318425884 7,448733685618216
10,523861915822746 4,840425596772403
10,475944327277826 5,636592812298499
11,359039569565066 9,539645838653046
6,903287950980841 2,783105667312181
6,753194217124724 4,32029885354871
11,132934235187026 7,952219774323137
8,967276824012524 8,01888741130945
6,85428173072415 6,305826810164533
7,0367407804388495 9,549360120837964
13,351207668160127 5,0739734940294605
12,505204043438379 5,77573720968507
14,820848552966389 9,02407484048822
12,456641553540514 2,1324292642586107
9,997939186198018 1,9961344387225375
10,618932861327021 9,412003288905797
9,70677525026561 1,5242160768888668
13,557156015229692 9,950779687368636
10,331096893699382 9,157159652410932
9,392929659620037 9,746364941937129
8,475233277153977 8,562113575243146
6,968479482094134 9,094600878466583
9,82862953221902 8,56492373605159
9,488606766741338 1,5039666598535966
10,98722193405635 6,932008180208269
11,835283098447238 6,619140268008754
6,464084909194554 4,872368853154415
10,017129058316598 10,355281019620671
6,6416512391703995 2,247034768433322
6,428238413240287 8,478877560444387
8,376827564844149 5,640813420760906
6,493398301860839 4,4294292702581535
11,323488947174262 1,5676371220166048
6,685623892996294 2,21140706709685
8,183064970410342 7,542632728927817
10,215712689449779 7,527936878633767
9,470432123907152 5,283158359707646
10,573840133583573 5,292384398373339
6,459617219127155 7,126160405257306
11,217316081425775 2,133483916699874
13,962029351048573 6,562882268554343
10,395811014029764 2,4177140123630108
13,981838916847288 8,39292700726365
13,966610797335736 8,984769532238982
8,391599290192433 5,9083735245391376
7,648653149938493 3,7800541343473855
6,317544914894028 7,993146163487863
11,790234344586402 7,369486705228239
10,193436091457022 7,905899469577957
9,660034912401809 5,364800153824699
13,80446819526864 4,272174891860164
11,781477055645937 6,993350830330512
7,537156911453025 5,888102891442603
14,72166192101422 6,036713035036881
6,98764925262582 7,263806094200559
6,272656587394899 10,23833209349334
9,702177870022611 3,384793066806444
14,797907848286666 4,863798305311093
13,505823887492918 2,157316417992626
9,066941060357665 6,161407226984184
11,289879639969564 7,71192457228122
14,139576803039095 9,161181257870574
7,7242129489827 3,228104609399967
14,34835781345258 4,95834937395288
6,787110712750151 3,2669461163634477
12,593916412816158 10,476192337694764
14,369251113995343 7,947361707480607
9,183293340663191 7,677117548686271
6,9364902323222495 7,253077814230803
8,300721391653482 5,2812199301001925
11,873068489932894 10,426113133863854
7,425679974184074 10,355487559827704
9,176968035578582 7,134323602939418
13,498326944514904 7,619574060933196
10,064936586388889 7,717339225148258
14,242706642683054 2,9300912628276947
11,241462560417277 9,750681354556683
9,781415723200578 4,5856122545466835
12,348761071662642 9,169837965444394
14,757021204211128 9,294566144162761
10,26577799490332 9,38206348710166
13,794654311167637 6,594443796462475
12,972763947781075 5,663586984054628
13,396439805602952 10,376032981155198
9,823633241916482 4,626278769755703
13,909932563265631 4,538050315562774
6,529103321051117 7,819857739898148
14,23660727212252 7,90336089768331
14,873826802187722 9,421327607887214
6,641659757328961 1,6652630721520074
12,231484557128038 6,572603322146019
6,617303404104598 6,8204615492056
7,860376588220374 2,8626414948391226
15,008534882660626 4,029272248965361
7,074311559262301 2,0765408658238256
10,237760079044868 9,015880851805303
6,497429470767319 10,104918685933107
7,300714234946312 2,72158735173
12,961773205672014 2,231244994941299
12,590887272906969 9,541734150682874
6,494655220514471 9,48427448442273
9,36010166073827 3,057451584970866
14,738582310817353 2,5027100378671028
7,391803715087682 6,845817293953154
7,78821490029204 9,330219232600626
13,800168175660449 4,217504071569954
8,355916769791374 2,1941441605501084
8,463779088885852 9,841510216716726
9,924562656808611 4,698346044445621
9,251508499559518 6,955021772315709
13,794123347072073 1,9417687027942276
6,8644424211188095 4,108090765922023
6,429907606064411 6,456331313690337
7,6788492142655365 7,903823817606249
14,498662657991655 3,719769945771625
8,374005775560907 7,698740990992953
13,139857913908678 5,074623928996291
11,350611194054594 9,970859341900134
8,99734789858156 3,098803384149775
9,945206521098807 6,679299377242031
14,47445618140075 5,299017214913099
7,047363860325993 4,3145452412234375
9,970133881177365 6,827290448484016
7,1152979637247435 4,159212159951812
12,656408568632976 4,690691482692484
9,879788645422739 7,3070388532513615
14,046898708692657 6,24648468832133
8,384448407385783 1,7762381761935884
9,711954702976389 9,489649009687806
14,264186910022215 7,529255878327392
9,199214380062756 7,370836115572719
12,014856641273434 2,6624683455166833
10,433131625347194 9,670590088810545
10,62972195884588 4,444364805876917
9,298919415599473 8,15749415612293
15,1498575732803 7,20058853729831
7,866657145979683 5,0220759651621
7,522620464967863 5,835037066928755
11,11537227003112 3,7980273328181036
11,042025748266855 2,071682455478247
7,503612821941751 3,799867052838723
13,078713587748862 3,241741608281403
11,301530121615158 8,467119450303818
12,764077809155873 9,127596037524073
8,877249842741584 2,2326115953773167
12,090081169942623 4,398717158405325
6,5970774884359535 4,104748073474923
6,966278014529523 10,158438818396919
14,350867813156057 2,9108625052701087
7,683510376683582 4,5443682828710354
10,009149345101285 4,778901738187045
9,513784676952657 6,727991319600249
14,330657957139646 2,5435235075748532
9,328653815682927 9,18791248837427
10,547848384398156 2,0675255091259066
14,065051831390077 8,745920012942634
9,730073856438167 7,589431345046017
14,104107722000528 7,046893517335555
14,143127256276987 7,5237194990341845
9,787935219130969 4,786572614378584
8,20045098499491 9,202354974995476
7,3699409061321965 4,356760264240002
6,891053264873144 8,743104875308944
8,095800990540521 8,002409375481767
14,649446042261658 4,5709847567372055
9,253339486761613 9,902624000151313
9,954360732738262 2,6658216446494514
9,386542301431803 7,167977822549909
8,15698113186906 10,098674472672743
7,284523579507972 1,5614660679172627
6,570057519586401 6,554750782161658
15,060218283545222 3,261664467092622
13,77909777116956 4,802962650723309
8,38834878397402 7,885540412210839
12,835527023781594 9,377937733172487
13,171977337874422 6,2384556885873526
6,697983562704635 8,171930800428177
8,829509674162985 8,842773705279491
9,110530460108443 6,671685261714015
9,163626049062653 3,1378974050832693
8,807155792035932 4,289789166358825
13,16849446217269 7,840782249890534
9,29521568770167 6,389644594140473
14,583888708814687 5,0334582811365
7,324556118210769 3,090606507506815
9,202029522654211 8,580575379117708
10,56044154511648 2,516098297273766
11,282732213219617 6,04545582365328
11,728742312308594 2,7834653880005487
7,417757003328356 9,186681042313225
6,603932883764209 8,893619980677213
11,720212009108089 6,914840704217624
13,665556368376347 5,879664800377375
7,5385814990109825 9,121066848025853
9,625843257677978 2,505115586683
12,534143018772028 2,3752481958559915
12,083739722987506 2,518480829058096
10,211069072331728 4,460565614956957
10,209357886467572 9,56779552710414
11,543470029016621 4,948345699051896
14,347831152480076 1,885678832245247
11,10539944138677 8,049116307690696
13,91719794978248 6,4641196503520435
14,100193944694354 9,41659246277987
15,09885470198206 8,34780660403623
7,945467705052126 8,119696267877252
12,898488959034427 5,538970974632669
9,37406172589449 7,920621965767189
8,872717533447378 3,504418057454718
8,204508275995263 4,722150934200851
10,289016834543553 4,352408461387332
13,992897140754163 5,353925862124972
7,282468031976907 9,263156609319397
12,458463275128103 8,07944980232014
13,743813155472186 5,775923528156087
15,010560184544364 5,930735912572574
9,082869701903219 2,47334028065383
10,721789342475823 3,7331138677151983
13,499556213400739 5,398516170072211
10,00016673647559 1,583675331221289
6,43421923700725 6,3873652558114955
12,205949877367416 6,897323205790651
10,095926939040622 7,981009218784369
7,886939171172262 5,9655022714588135
10,478897423934047 3,3430457326823695
11,253805334964753 1,654349735893736
14,891241446064203 8,2564661385397
14,197698568484228 4,058607064277087
13,824795769150906 1,7493866714712776
6,737744832949394 3,8401753671387
7,507345431793301 2,1280807493229488
6,807760929183889 10,0320410530802
10,373599150684662 4,2852477437425955
6,2127069357777565 6,083693789498618
11,15037185273388 5,53973068366091
14,91538939485227 4,872303892355916
10,49363842318754 5,815323779247112
6,779570344895466 5,392907713365577
13,506105250273109 8,812131853371858
10,094608759694717 5,812467202481638
12,940913928958668 8,173459044957362
9,905678522331923 4,974697628670192
8,73406113523397 7,400099680406901
9,77719910991525 1,560357962623822
6,904478153176502 5,291854262598479
8,657916613965632 5,959494048952578
9,62122579120108 6,949135615971365
12,85798283188035 7,7784136495100125
10,933620385151425 3,3599155140693306
12,25074461099631 9,322485559057938
13,11716371875257 7,812359399208322
10,328794480464769 5,637622339600698
13,165078060593993 2,2038323786354264
6,482381485715434 10,442286882300449
8,086520383134747 7,610195772514779
11,85535830535295 2,813711012587732
10,158607645488875 3,4682674998028693
14,773620906367732 5,638190700655278
14,799280753484023 2,0431967340605404
9,409005528250857 6,792007990005883
10,396849495859655 1,6409383736799115
12,49396175904803 8,82593164391038
12,695785727420937 4,295348320236269
14,242440839554355 9,37120996706308
8,620078316896912 2,58642882142176
6,480047313853908 6,4073944961276705
7,852095645568756 3,282372757250152
14,161164198969626 8,531776247877426
14,071491809577836 6,033751793360489
14,958869246840155 6,743042766731809
7,883661931748903 4,731239310603991
10,208411287256556 4,412481349272213
14,035939567638009 8,827019142977994
7,463886397805442 7,96874574966814
12,667101140721755 8,872594215100854
7,015914797976125 4,4349370600299425
11,636675364122926 5,884778868681509
12,779958783989478 3,7005417048231624
9,329281287491387 10,446186038980198
14,803231360900728 8,890418343568463
13,64537257990432 3,0538057747030463
8,493358806318266 4,316140942554402
6,390501429170582 4,396868804820473
13,810511693282024 6,512942849110704
8,376025863346417 8,71656548824944
12,664215737191995 5,8264557470023535
7,019612546205006 2,5177914393385334
6,9586020593152105 3,2723239807241193
6,2913109280085475 2,499363531191274
10,428436738603704 4,249662268469109
11,107197726074777 4,318376027199374
11,067821848254535 3,1322175616404224
8,15338211431136 8,223897806367988
7,9127027071460985 5,791964726707335
13,950219649116946 6,941389110317744
8,670590194809606 7,275061991315191
9,33427448244873 9,290244939740358
14,127344534658953 10,038250390840137
13,208068170864294 5,641874334544051
13,317254681270455 3,4348294082298665
12,495370841706967 6,02232930679463
7,579962700846154 1,918690502483273
6,58821899121782 7,4526238165415615
11,545807264767422 2,427920240902008
8,381680018124914 7,9466286982997305
9,971060770034246 5,604977008481846
11,25203623443658 8,844527198192672
6,889026358557681 6,89657805330938
10,826469238844592 5,695126588272345
14,814456702530077 1,9441045487585735
7,035465682281781 3,0388772912298294
7,093564688746594 4,1174666902483485
12,84795985590856 7,799475358228242
14,022847188486217 7,747190811358618
11,868633279294109 7,808921727668127
14,916455567576257 3,4242351614473696
14,280114947396399 1,648830518119737
8,223690743695185 1,8508703365283767
15,063850885079447 10,349838801976993
7,639529926797654 3,522702599833276
9,097338473754608 9,859713653174095
12,833538681025992 2,472358895373189
11,86018731976244 9,677444031572033
8,499621506626482 3,9515341925453593
6,489618527776646 4,675333498877189
11,06409478104414 10,258130510085095
7,759203117877835 10,254021923756092
13,605590339323145 2,2959980328644907
8,855950292236956 6,72520242765865
7,746750416871522 4,562831612241154
9,558501087517527 4,845922351056794
11,985076172674228 9,09574744214198
14,913245456711927 3,0063386357104998
9,188899792639768 10,024061705826448
9,303306198439397 2,53192048800901
10,197626882482666 3,0512147899237023
14,30470953299442 3,374719877460522
12,06977530306069 3,0771858305150595
7,550224091424364 6,698860926921505
6,736571949173355 5,59982591380756
13,927815408363564 1,8831481105827095
12,313951688857678 8,70212718265499
11,25684978182204 1,7487556615561268
11,132694690787627 9,774890122553726
12,327046831002333 8,758068245307957
12,128558947494083 2,4401393409438166
11,136522261699204 1,9520139019275347
10,937097094374264 6,506262517929234
10,060112024467548 1,7810439813575663
6,218755589962175 8,920680311711788
12,69598013982261 6,118623815690881
6,8168783875517605 7,284155598284183
8,100573732209154 6,075013484859329
12,181539428428795 7,4449332050277865
8,255216352292386 10,497794718821517
13,190856478024164 5,462082457558537
11,024553056439565 2,9598637498505136
11,503936719036233 3,754802313962447
14,263139502335893 4,112821738887795
12,54467072902365 3,0028954095961757
12,270347937448257 5,711075890593412
8,757049873746965 2,739568154002585
14,534607100466854 8,439440412086734
14,046304525174493 8,633633669512488
13,35153538822555 5,7106622359721975
9,175050865499635 2,6326302583712033
13,360468557903342 4,727053410743734
15,074419945890153 7,1511011264087045
11,630358093758172 7,222963203049103
7,788342023213171 2,233775375059948
11,614523339892113 10,37011725885511
6,252071568981995 2,7206766255735753
13,76620685264596 9,379423504782087
12,197632885682818 6,271743481982174
6,426827440354607 2,4010379255140957
11,681200945740398 6,776630960565108
11,395408519631538 4,656256624013984
8,152322553209457 3,8601434220649358
12,65313502966768 5,633412496905983
9,287389982957798 8,094610173284298
14,910994849484343 7,156804806115891
9,476792715138036 5,89351261213248
9,01872199879966 9,671787092347664
14,053098980001506 10,241319150829247
8,984967813647742 9,131655158043191
11,262670936450833 10,341752942033782
12,82464418475444 9,750959771468386
13,614129215077414 4,7308951652356
12,193753262760922 1,7897062970877367
14,507384258977844 3,187312139605366
9,673077308169216 3,9390189852049793
8,981202138860251 5,082769858629668
11,423443380600371 9,771639487532742
13,229574098799937 4,59080690193443
14,856623990212938 2,481430749570758
13,227399761875795 8,296704199122882
8,7559642407314 2,952448634788661
7,897678303208423 8,451657064123571
9,096577827088657 8,205892423268153
11,92509180218519 2,58065854354203
15,077485667945439 4,872489929021836
13,029150614414394 8,417939802503728
8,720577179582147 4,805850686370935
7,02229097804336 3,6897417244599646
14,108148229273155 9,070520341101561
8,562591635200395 6,322655724389711
10,404751162519112 6,160056278966766
8,313537336566947 6,695924128468577
14,039705907213275 9,970281043672474
6,742420412424545 6,047940660149268
9,01107009694989 5,38010345719729
15,031619166074744 4,0534538789210135
6,873641808905009 1,676796097406232
7,163599779412253 7,686083684956976
6,346439053306612 7,256829422327881
6,728962142339998 6,983738197254986
12,161767176216596 1,5645321347512169
11,916738915948818 2,6616593336655456
13,678783943485854 3,279580236642478
11,14404990846305 8,607471303372929
9,171936912769507 4,997471044200644
11,114722743071274 3,8769212914902718
14,82570735852784 3,785559277991428
12,916465532374644 7,899989065835761
12,846021071608856 8,312343935473564
14,523849958621216 4,395173878734423
7,1187595726219 3,0239644836927497
8,950701452755707 3,1276426150870114
10,602727181271522 4,4619975307967605
8,448301725923361 7,774424039752044
14,53202455192356 7,046050036401924
14,308183614157556 9,778367594982608
12,336026625947415 3,7954577788113193
7,716410923696664 8,757318711643864
10,341871156304403 5,678543485723792
6,881046021860972 3,9984357575250487
9,569029274811257 3,715473399548848
13,03076473947716 2,257943628489857
7,533658399842357 5,067270558074847
14,124358093187404 8,424331354416546
9,569513244518397 8,238356707654361
13,767187459391476 9,431316000579823
11,548317453497095 7,312758296469947
14,892837776527479 6,336438320849229
10,152713085807022 2,3841329640786775
10,649290175075835 8,814880406897906
6,62724722241419 3,4154601879623723
9,310077382555718 8,352103561509612
13,504627616988715 9,755663401726634
14,658071758705375 5,131107552855629
13,52998780242996 2,904562630104942
11,816208592535546 8,939189213267909
10,602500362163617 3,7654037954923245
14,051863005065206 4,078836763211409
9,390689484029789 8,0739274546943
10,942491956403064 5,906162025346241
11,10047006949058 6,109866223771833
14,893800944183322 3,318255046661534
10,989759504050646 5,523831206704845
13,932096254557152 2,0804199528229104
13,390884501501397 6,381891023355359
12,30914217285543 8,025849996454674
8,820914212869146 10,398845495234069
8,992245136055883 10,15320314917291
10,431968514730363 2,9483593472042817
6,441888793877736 4,779494902550434
11,527993535280373 4,539255862613427
10,466167084514948 6,488524411102363
8,596732272866255 6,908429746108339
9,125740407024615 5,604411113895332
13,453531477994371 9,623285791432481
13,853917023112544 4,302938877973107
11,961525013432817 1,7896408148202942
10,973970789141553 8,013509076670863
8,11617323368648 5,341081104049795
14,64456278145462 3,941376435772201
13,366757849700864 10,155818322799133
12,480928967815622 5,099981726461091
9,975429547184667 6,0203893659168255
15,176768309755985 3,7683459511776167
14,943521136534766 6,867558554764166
9,858182382106644 7,102897001188475
13,570646572187407 3,69526998615279
7,369620879192336 2,8044821417745274
11,004526632302543 2,9674956508286563
14,447310486962287 6,700368579598837
7,525482678326125 8,63457949832032
13,159225549474616 6,579909899583588
6,584675795443155 9,116966024534953
12,065231577858434 3,982953227049089
9,085214087696684 10,105194506253268
7,973282507490126 2,0254219049780113
7,076532909335108 10,174221341057127
11,755884990688433 5,286268156989958
11,124866443741293 6,579444274184788
7,7877223061949294 4,590855325234393
14,14407594152412 5,068208526795615
11,524391326710527 3,2381997515091463
11,848147750795643 4,728716219016715
14,110196511749074 5,4805900717266915
8,293708632593631 2,595472035087344
8,415361384725387 4,924729563378453
14,22593424429213 6,166223201796572
11,578317184415042 4,920490581853199
7,490041721917752 7,7118655936881195
10,722100762151452 3,1769651239549024
11,64516388178522 9,992014330415374
14,011512115153073 7,8590932860332385
6,78716310846348 8,567693523541914
14,346063319384665 8,796994194088585
13,647719013158053 3,861539454352588
10,349823993677585 1,678326114145533
9,620860515583551 10,199049192364498
8,890461101068869 3,8016653627911756
8,523308603005159 8,315821267128117
10,342554167489473 8,046065619100998
11,504037517712028 7,575143786325818
14,708543575790923 7,768437525602724
12,657681554577502 2,7375395007417014
14,669248583217282 6,907468744014238
7,382020163102471 2,961081936367395
10,868668685980303 9,480193802632606
13,989550922822904 4,4172261091058775
7,901631399053387 2,780851286317045
12,58621862480286 1,5242333632795666
12,890929585106548 2,79664008295143
6,3486241452817485 4,969079341166106
7,565900148876228 7,52905067129977
12,205031517101435 7,805813778146286
6,401801844511832 3,1031922552654896
9,096809071247481 2,4428423339757734
6,404269851407963 6,448843422531762
6,436892457959214 3,687783920842072
12,997662147648246 9,044038290144965
6,7846820771350576 5,976030531568005
13,732493903141318 9,569187559550237
13,102193416070804 4,509746035699333
12,613258259836782 2,077519031010405
6,527909698955497 9,438335928107845
12,522767210425693 5,576643953492914
14,266022684043786 6,904207314643609
12,752780900184714 1,6042787378985772
12,58182856124969 9,259292342147813
6,385062447312801 5,677259087082422
10,76864749449262 10,18923647473753
13,971792547130635 4,583994164670943
8,851387506055602 7,607361870782736
13,997907915584626 9,238096668416134
8,508152419600805 3,467784357446475
9,942601488204836 9,419208791597693
12,523410892037486 3,6062999800421327
8,04967629802627 6,361333652126783
7,258254974792128 8,947015825952764
7,599273358359073 8,762335752225749
14,321154354829776 7,2575943824960225
10,24150247502444 2,5380771500693324
15,001892502946308 7,053348720840035
14,13581723431085 9,15129260220299
9,801601019625807 8,426948085498168
11,364651361995094 4,6115098744478535
9,18948176428643 1,8924380207267486
10,186179698788983 4,287032126690361
9,116918080748377 7,484718555334964
10,223285280386786 2,1717644214051095
11,88439999462692 6,784098473088679
6,275089001147824 10,224647799812619
14,177700674755464 7,841144171917422
13,411490503295491 4,6229447457071675
15,118690624989178 7,496110596315196
11,259659604760051 7,2845274473729
11,04199101336037 9,45064106279439
9,665557110535422 9,125730513669657
10,46893962461942 6,599125552323844
13,811148153885778 5,452663118687113
9,791597730805929 1,6330467804186268
10,487329225019433 7,352111111497108
8,25994246695088 4,443274513371017
6,2585937056155965 3,772364504400539
13,290504891870523 1,5024614317278533
14,400789986076784 1,6426462441182008
12,73912776158052 1,5553189664444105
14,502016944412873 3,938542372795709
7,004755912884747 9,141665763818573
10,63887884965791 3,0511416201770585
6,681357408609747 5,187412116626886
11,415949883123425 8,345824187994491
13,05639652645623 8,697967480196315
14,790148884880729 4,196045176021489
10,899435154859265 4,773707710423333
8,29958358427106 7,394315668776108
7,10785678705287 3,9297744625483984
14,970718796728317 1,6965774677936394
13,872404993215241 8,79459897975876
13,74153853344075 8,239619470924266
13,123667563243444 5,2638530540872015
7,492360268951613 7,773811068104425
13,100184829665288 6,870905286927735
13,715315670522017 2,167563661822538
12,266864711954526 5,615146609377368
13,11978974685578 4,58451167529453
7,400295867963085 4,061235101827189
7,512272022523218 1,9217088595328962
14,123026470111604 10,484042726501636
10,455052191085153 5,28223417624222
14,147709272262428 2,9485609287361245
10,73824398612161 7,23369611941836
7,9525966073520316 5,755967669116213
14,883080775829189 5,477150017606818
15,020518805939268 7,878494076524035
14,554194046658061 6,069853499164398
14,953704085726777 2,8612034292080253
8,64903093956824 6,932093652444268
13,62322500015708 7,099317997703229
11,288159517061487 10,073622755528817
10,672569889105956 10,227690092213876
10,650969808041406 2,721611606255264
10,593831710309267 9,90288705584145
7,59129879727155 5,777729050063571
13,253932872995918 2,8333305346295075
14,016704072416772 5,302534683883895
10,97514822262562 4,049200217636726
11,226882005270511 10,198979650097815
11,019488346143433 2,280792414467771
9,135082660524684 5,452460722392418
13,435394979895541 4,183904161028412
8,008341699914022 9,315452104177389
6,92563857694811 4,768852100518805
13,737616711502891 2,3567520336766794
12,053272503781102 8,45798657894066
14,472780522044769 4,36201657721263
10,411139524819477 2,5041090534503248
13,48685091849809 3,262640982010108
12,064465035625307 6,498622784185885
7,63302869637023 8,794492685059009
13,77252807927032 10,065073411981864
11,48058345408056 9,695487409323698
10,342026963251202 9,817208728267731
7,354007048874482 2,767968562103127
6,974884057020929 5,500295537313423
8,959232394541246 5,2357827812943345
10,784154781799412 3,861812894326949
11,53096114645107 10,271540642412184
13,793309835144493 5,047692955184335
8,8877314980425 5,288981106856765
7,158967412294258 5,020718626235057
10,701156674469626 9,08022182777724
9,264139853140197 4,43278304632369
15,067715494235863 5,5426867278606355
15,122082081453843 7,043346422201426
11,889356933549397 9,595513781254251
8,258179222674812 8,600631488696617
7,304847839040718 6,827568369216909
10,49344888334481 9,887706176969674
11,309277377026643 5,813528746398137
8,586960971986173 5,966990937495098
10,673390415998583 4,150285974721366
8,96232698485617 5,219878917828137
13,620482067678484 2,0916410888669654
7,657535802331621 6,851700270241276
11,954780314931323 4,605743742169109
9,251634991560246 4,108149927690131
7,493473126773473 2,642473369376881
12,664042305319454 5,910173026573867
12,79392688243109 4,546704628301912
14,9202241228902 2,2569824311248925
9,602492406272361 7,831485144726847
11,373933755465812 2,2563432548049254
11,118540156345464 7,650351173780276
11,494726568739019 9,120553877309566
7,553132804135316 8,52608196529127
13,510699574336531 5,730820351517372
8,71109824624718 2,072178155084738
13,084981734088519 4,618848005405903
8,661257044155432 3,3927514652117265
7,742892291074906 10,371631969279468
6,9723289483092055 3,221512832291785
11,902403918321326 7,203414755023311
7,941305028098779 4,5349425356039275
12,71503413707023 5,652720435047542
12,861681638040753 8,322129971891004
7,262647917254302 9,291374050022531
13,278793442998165 3,5096860227403748
13,025915808238572 6,206350160935099
12,709413988470748 9,198304561862367
7,52195669644759 6,827273671669392
6,592325009804081 8,699884590518156
7,5552106100788965 3,3559981479414445
12,747419886241822 3,26664965261623
7,26698626006811 4,049303732413988
10,861262114811698 8,345984202745477
6,895933263695481 1,6157348043011637
11,228946294086866 10,083598307288774
11,8911169260162 10,237764690878096
14,441390041557288 7,344507739944158
7,134836131509512 9,500728973908146
13,589168319026138 8,63933160292515
13,387974373701216 1,9711942802442515
15,161112973037994 6,279135480862597
7,510340863096253 7,38825519433306
8,241204679567721 8,92164522172234
8,245853499102838 6,58185846738081
7,6121079823435185 1,7626116258238913
15,067973243344348 5,993667573217556
13,637981472922647 4,2669315112901485
13,074133966782796 7,398507099091237
9,44388529185277 3,737706312695277
14,806458499876832 5,977450415017733
6,843595524804353 2,529392344267606
11,272556410351887 3,8595527723314396
14,236108218466605 7,88649921722356
13,531182378721265 2,96112393928226
8,225890665302302 8,843077698418877
15,045783146684546 2,7830990457538296
7,304725862781716 4,655239715191263
12,097512775860903 3,3668327776577316
12,583357735554966 4,506937427406356
10,746409870411313 7,760904323603693
14,992835013431314 8,99778929297219
6,403490886161986 7,904709388112945
9,010002087708255 9,231024945069779
11,368771155504167 5,882352376873732
8,23276881080149 4,870861957750141
6,485943425090805 8,17314390558093
8,668411271042341 6,973986437655381
8,087577152870825 8,719740980987847
11,644162637050602 4,649457578778224
13,889646794061736 6,47637850326573
14,577167907201773 4,804796650011877
9,772009155173011 3,158442846551831
14,305171290222312 9,247163781792544
6,900101627080237 9,893563468896755
6,951393273852432 4,142484511910825
11,703674566250537 3,3110994964238225
14,29359662486251 3,883985734137841
10,459711202786778 10,422721796384945
11,709660512027881 4,233627285230518
8,780055770433684 7,563348342726798
8,940053422402967 1,5290415408740596
15,104445100572526 2,47081502419516
11,91762450654061 10,042859182153876
10,597826532600823 6,507238171776103
10,565768621836478 9,517594720285372
12,081543576623375 4,080600341988198
11,097110668673258 10,272229547594556
13,576739642415825 6,163041577709195
11,70042478221991 7,154035328253054
10,249457078125204 5,354475740360185
8,321788804909227 6,590252498467363
11,044123596110886 5,147218716020969
8,378426886818168 3,79069961919389
11,292679436738563 5,578554351214456
9,204495356147572 1,543948972330193
9,440522390952793 4,20956131183763
11,51849442714069 8,18333190465655
12,70974761607308 3,929591985420136
7,111791227964344 3,620781940221688
13,601204340732092 7,522087058121446
9,905347619636775 5,04937176600194
7,402348457237622 2,282690743107998
11,863164514283064 2,8543506382141004
12,541049089282208 5,369072882904238
11,862246014398165 2,6587133737372866
12,455272409125918 9,318252689827386
11,827029703797244 7,745193962863638
12,954860062586153 6,348579441982812
11,866653553961093 9,66485892728207
11,096813181259758 4,65988228516861
15,171385958033927 8,050066051505693
11,95537513624874 4,368720999066039
10,416258324543417 4,396282312223347
12,480686073895033 9,017958825192064
11,119646542916295 2,558936260582989
11,692719442266249 7,19119435376933
11,228244670274796 9,804223976150706
8,22040833585817 8,689144482335177
14,907248007140854 8,605372361442456
13,996605318340755 2,2470008712904566
6,91728285265562 1,9711460530957836
12,418312711773261 10,02021837164947
13,023602191498007 5,980750964824185
10,680280100657178 9,005220914071442
13,843071500488715 4,2607286123493555
6,978639845036495 7,905213945826538
6,862161521169403 2,7334569983238644
14,013136553807197 4,69357702587947
13,508481609476053 7,131037875761473
6,941698776949671 5,0668256846151
8,026955761402805 5,571539186860926
9,304409225656002 9,401614998347995
13,021111371480238 2,6353950765091074
13,856537514574473 7,274013066828733
9,122156014558445 2,716491353197027
14,063578738059459 1,7277669297882516
8,678762625620891 6,73853264803782
12,70971310499671 8,91719318926219
10,500765775519639 7,354073442206495
8,01676343411732 4,188624479491508
11,564298037633527 5,518117030438005
8,134574146796659 9,044980331692484
12,252587911871458 6,495399225168239
6,559282453772863 6,591380769875892
12,432233057219658 8,697984713178133
8,025437388813703 9,219298862144974
11,048499117077675 9,414744823947169
11,515844512521632 6,039219194732825
9,004267756767629 3,778449438101192
14,872903468493085 6,88228981140306
13,914333572215858 9,435498698387606
7,06002776429815 7,912520718879345
13,86081070082945 4,058777422186116
6,841398796963982 6,294091071559766
7,941826777799969 3,5494266444983786
12,243011019069838 6,602785512143851
12,183189356758035 4,59854704952961
13,91534482522923 5,869001957356529
9,725151736517063 8,009185776427929
9,902216175380396 6,924122649816811
14,410235309617548 9,53920198170872
8,615757351372144 3,7673705172025205
8,474149789484546 1,761068177243352
14,446804523315787 6,9895416810585
13,245771874094974 5,437175379619747
7,672186807757644 3,289984478915835
11,111711257929858 5,4573447249240346
8,67545787528543 4,811019698510155
15,016864284417458 10,481903733371123
13,24513185797537 5,994247373535154
9,523395608135404 9,507743073644212
9,996491318185242 7,823901163178546
10,794640976833762 8,569277489685637
13,937824248350303 2,547724441550106
13,871351007176138 5,599459381955033
6,688971745115991 7,902448884532506
13,450547414025092 3,993728266956645
7,783668439587556 6,065677177700619
9,702736732365386 4,874999326526436
7,855326498309329 2,4034298324664825
7,6957898793672905 8,900131819070168
6,400005615919456 8,778325650585213
12,925155000304972 3,8943563782886925
7,492290491213595 3,0048290060883605
15,032078985976849 7,843507908654811
14,271746752993291 2,7545892132385936
11,678796013394109 4,268121445969491
9,646354464842606 6,096175621413091
8,31043337032949 3,468956175984752
11,571316112572509 8,681582622395673
14,196434884728507 2,7426628327911553
6,2337120351694715 10,077469177693896
8,170691218944947 10,195570841637407
8,305635292878787 6,081393299461144
12,7776555950453 9,817489938727867
7,544907522430787 6,763874411257275
14,328292990274868 7,3576078054930285
13,721417413513787 9,56321701526089
8,254414503702332 7,802611044173528
12,991121664836186 3,7161595793494846
8,080542062045424 3,715640001580528
10,334542530499597 3,394951512760194
14,149634224845574 5,4904329300158174
6,615426722355092 6,227822112179174
6,204261334059495 1,7123908513367716
8,849425117414883 3,393377402947132
10,131401206252095 1,5859802330584143
7,296789803207609 4,463269526880683
13,205411083695058 6,403254404918533
10,583378263365336 5,642971710346035
10,575713815104 5,180687085761241
12,1211870993581 8,091062714747864
8,976897934126958 7,5434257181156115
12,946388528533031 4,477902594969089
14,702769551084653 9,980922440481967
11,582807425263853 5,330185278056016
11,321808754980793 6,8545739152966805
6,6867835847658865 6,191474390721595
11,950577593442173 9,636815816308614
10,150457590024812 5,121412971583924
9,386218957973712 2,4380453292508086
8,490388926443103 4,515467762082173
14,982517628650836 8,273606826923661
12,552281379858012 6,80301947589838
6,710995451953387 5,009333070642255
12,741901215553163 4,626236581740709
7,6972291467223 1,535140992798051
6,548618664691615 3,376365758147303
12,40309326821479 3,2788525109464817
9,99210780268071 9,163827413025505
11,986668571101063 6,995271634992824
14,713148188239789 3,5465800012871638
8,617800899456313 7,476897745520055
14,293406211702514 7,66305045603943
11,331275192215818 5,28963041513274
9,182764413895356 2,504225318620742
11,757849489285956 3,9614407697721323
11,03091209763379 8,430455286089439
14,609268623861613 2,8543734908040626
13,113473356478755 9,126241034532747
12,25272859354087 7,646150175205431
7,584534595680638 3,616265170127896
8,056421390689493 6,387622393701514
7,694323090867662 6,868974877028455
7,1564109656436505 6,48492305957387
9,37118685220085 1,7006007550214206
10,287420827439394 6,683599036107115
10,315734671796363 1,7949833667730724
14,84895640758445 5,515515949836273
12,603111444481478 8,550072822109513
14,606961307650625 7,419832628422004
8,027959337070264 3,17404942967461
8,66239754399389 8,56786410808172
13,904332755728007 6,778516220020074
11,276336289013482 2,227971640276848
9,372915866865064 3,3294775382995283
10,09299315699702 2,0293146881726427
9,476200221096175 8,638085317637103
14,833290108843357 4,61746005789265
10,830966242996531 2,194040232180446
12,288363465425183 7,4525995832852185
8,91031661912072 9,089580351963132
15,196344064129935 6,412349895784945
8,802781774137625 6,049410154717714
8,961723846129122 2,3766963897749482
10,28974421571543 9,218420983021447
7,133150150123676 2,0975609788578455
14,021781042568165 9,533802652364386
9,783181807849758 1,7522362865932857
9,426269443672208 7,312238737328735
8,064791971659268 8,02218648314117
9,473474694933683 5,589815138083278
10,709051659165489 5,558482519711431
8,41469359774927 4,142049447449116
6,8279486452092994 7,370830725496902
11,46347637548752 7,3063575261672575
13,04060048066237 5,853340309414529
11,78592945352633 7,9690657851754825
8,23041175787402 5,978784238476863
8,773302574429522 3,8633222926773447
8,262789245432906 4,206487627891496
8,659328838972574 4,988823691289531
10,548891421419487 8,100116280741961
11,728027979422315 10,48513227029063
14,721475163302493 10,15230934425187
9,863080649870367 2,9506196153905506
9,780214491365927 9,971408275204046
12,6415055702113 8,576835079996314
13,957558895171935 3,6720372346125796
13,797741388831433 7,124302121757692
12,460799937763396 2,506022488305082
6,816137674630286 10,333158862208672
14,881434485567596 8,98930014110821
13,389927268779026 4,566288104699876
6,789619626146724 8,947253856803945
8,775724345374677 5,045880452719854
15,063648211968697 2,3149620825114856
13,139688755777513 9,21651361072707
10,968677649010544 4,901364910436461
7,363516255090237 9,577247668973587
9,247003952004079 1,594354608470419
6,357904528399572 9,141049536525948
6,419789485936844 2,5707774732523143
13,081545114262878 2,6875964212868295
11,117151193122679 4,183777469105298
15,179946639493576 6,676050118569167
6,827630200982723 3,0843223385322043
7,692331943494914 10,126943307740314
14,387260923037687 9,524618555814346
10,318274502585437 9,150534241546481
10,167415956931693 4,38116724644043
10,20502720832219 7,726736180394699
10,877145675764222 3,6499992346147003
14,80287955800079 9,640262485810958
10,502257982877428 10,368319711979643
11,92372028622352 6,142517552042666
10,852579576350607 6,592961802532005
13,749806591533847 1,863947351924728
10,136028351600297 8,163930195119569
11,145222639445828 7,799999695984324
15,036022462058497 5,437579314794078
10,491702870029869 2,003929888117288
10,661582450022678 8,84683069379464
9,426855475179684 3,8545051515800686
8,3085488829732 9,90717478822151
14,899602874460417 6,50392908716003
7,769235568469928 7,937586897181147
15,162577153671116 3,561332094733075
9,685096481568165 10,086811568377717
9,600723485855898 7,419214411672799
11,160040740559927 9,966088392448208
6,571690873371359 2,3174394862753056
9,457844346971493 6,464646787254192
6,308288337943931 2,1596549525843285
12,842268038054423 3,975929563830237
6,4782131981928 9,99518952134508
12,585109423922987 7,947682230021578
8,406223575347978 6,375842143573875
11,880074624763415 7,613463223974026
8,73241798923426 10,279436308126613
10,229110017329564 6,625381138746151
14,591817937770916 9,915178757411486
13,07773286979435 6,26557037339613
12,467571921906782 6,848644719926166
8,410465505044666 4,340798351936037
9,729816442982155 10,323831010903143
11,847044037221998 9,374241070616828
7,060307963791439 6,791768862231598
12,045662990996973 6,96812286692359
9,858407003732315 8,355510083934298
6,655023762448858 6,384031570217697
10,955614062376105 1,8749956265581669
9,219878684194535 3,548222897497547
9,698814097934685 3,3607794555856048
14,597369082305953 7,7820379473168
9,194749236998861 6,592554472043458
8,28759532053379 3,2944977722958613
8,771645111712608 4,903458170465255
6,911044370599378 10,266017078125493
10,911746256417388 3,5418717485084934
13,1981655575917 7,483895129000925
13,967678980034727 7,5719234977794185
8,33326741025306 1,806611086652807
12,269696676483068 9,233071453400537
12,411213812509857 9,661604211755748
6,352898819198381 2,795424854516546
6,20415819783114 7,793098454838015
7,229292623953079 2,8773615019588217
8,066347450556286 1,5453733375643464
11,481006847294223 7,645516094228168
8,13587961273971 6,894840707991199
6,363134894501661 5,962761922988745
9,037513483748931 9,696461156186164
9,048239728405445 5,218437402718214
9,0609095322788 10,044055780414302
8,498180237365224 2,3218903126586294
6,668834042716984 8,332056579308581
13,8596821622072 1,533481231792984
15,03953138420665 4,959112094410955
11,441148768426117 10,40792597406712
12,925456200528679 3,807548622082683
14,828248077403536 8,920357692271693
11,042179073573003 10,013876271920344
9,002384673842254 3,91562337419166
11,113088021608036 6,101547084258747
14,652328666594656 3,276297172214008
8,680862752772828 3,731232502144459
14,073205835729578 3,7590915449397215
13,558842124663709 6,009022842420575
15,131345325490848 4,8532096178819355
9,346301699106773 5,709080801916616
6,589295791535193 9,632372604456545
13,580881180371911 7,396201962281879
9,726872184905947 8,382855478684942
14,25739702045109 3,359116951910941
14,144228238485505 6,671693815069881
7,95708888604811 2,7284662921850504
12,089725723590952 5,130323027570096
7,01924677467792 8,515616638680717
13,66880994709891 4,8957309343881175
7,324258096338648 3,0948707014827366
12,556264362754888 2,884397922281964
12,776301923163508 5,844924409749722
14,516224596215459 2,552773885113654
6,798915291664807 4,061313481619831
13,410059580216508 8,738038217856488
12,433533081170498 5,870291444278136
14,400453548007057 2,8154371698084164
9,057801462846339 6,987847471029596
6,601671040664251 9,48249661519684
10,462873751267207 7,891772035613121
6,6756516678757025 9,082770901824311
10,28376891932221 4,685781786552214
10,530887882075277 9,929127820711155
13,36514388936591 3,3115532173877096
13,023438421146995 8,687022856635341
12,251935155979872 2,9837656475253547
13,999780301918227 6,754547890522284
7,321565696709896 7,823579697398061
14,311967544496618 3,769095695054584
12,919532968945521 3,1063381502092353
13,384786965960298 3,4946093101623408
10,385935428860478 5,452996197033313
12,710556986307454 9,83515636344433
6,317900002064441 5,0416281410491015
11,677739469993083 4,929228978390734
11,065508650658655 4,886917161771878
9,343907817226901 9,571382339438916
6,930340263089046 4,7528077074509625
10,104552606202002 7,346007543436927
7,446678656408889 10,128468519869017
7,720089496559521 8,710349562147425
13,661556544032312 1,9294962168622538
11,036524605420212 3,1292002679728026
10,622509895688367 9,258305741870702
8,353126462094977 3,8245049235080018
10,755705122184928 1,8876502520275955
7,940939767379708 5,2869625956131445
6,31466194833815 7,73999069179829
13,318630712978205 7,069179961111482
13,158356207702685 5,390214037546858
12,905567793854587 8,37158118953208
6,784906353729938 4,243591184826258
13,151566129816771 9,999888972058827
8,706663995882366 10,486366667014307
11,126626678614961 3,600812704621072
15,051670539575206 2,5239537010291166
9,048840446466567 5,634842545351073
11,452490497321987 8,423726477464166
7,6531033400760915 3,416061375668946
11,198269589811389 3,488901019377162
10,96514329624841 2,591192333349058
13,140749159691193 1,523909654617937
11,85202344460512 4,697179004674393
12,680921466180367 6,461370803401848
12,290359581611792 4,408873351782856
13,772511834282547 7,4247693062288285
6,609350499340404 7,176021808121306
6,714264076558529 8,840699542881094
11,225735036607283 5,5921970133820125
6,708543443685315 9,723149182316027
6,533528305414063 3,0244796368285853
12,10392027487903 8,559456343364268
8,638426226941169 8,524319270626986
13,617821240432182 6,136916622410735
7,219806493724345 9,597380131269627
7,824874624832237 9,47069951212654
12,271826612091221 5,984225903221775
9,95749371314636 3,0194119324428517
11,204665405943757 10,139864575202898
9,408506827372252 2,4444601439172002
7,613047585319621 6,855434666545435
8,537710074027807 6,606477223410171
13,588661997550062 9,028275733823712
8,273292821899961 10,329653234901148
11,683087483051473 8,442523210582312
7,630051352135815 6,530463083592638
11,21114227560151 5,331476505612932
10,43024382104455 5,196565097334657
7,7037050152993345 3,139060397206494
6,221089600953688 9,331491652269207
10,49557990487947 5,497069724688947
8,935268343669577 4,2023185491988215
10,039303014629866 9,746078257838889
12,874452212633063 6,0799025502931325
8,888532346740805 2,821168106671733
13,375207301721977 7,130279674556922
14,3485481890216 8,89631872914509
11,050265668528061 6,47334506133923
12,84736692153799 10,470759851095426
11,097458466890222 7,235686363147718
12,567246341227527 3,2983226538996515
10,052488969717329 10,39222633282148
11,502559807936692 7,245451448917609
11,842670830936857 5,472049665788533
12,453943481676141 10,137474420660515
9,48022476623949 5,678470037574254
7,104989753095587 7,140805261280142
6,772066217806455 6,506475115683938
6,878098400991291 3,7095490505398803
7,294264552370126 7,249387574887072
11,824196302150064 8,214563109937162
8,81095742165496 3,482069426299733
8,451144997581942 2,437298865366664
9,07519436383096 9,079027792729438
11,229409135110824 4,6190000313469834
7,882451297983283 7,77145238134596
11,115892134410796 5,888735443314698
6,299131726683453 7,137909065130801
13,065570717401435 9,774316832275652
12,054350582106192 6,285229264869686
9,104619529949202 9,94131315056007
10,743063363476674 8,016443394344195
6,977915465663669 5,555504084722427
9,578083750658532 4,9819963750567595
13,694484604610096 9,409318670480928
10,427289232307205 5,568603259952791
9,16576181170792 8,532897596771821
15,101748080216737 4,697686840462946
9,788905941416798 2,2001630603604916
6,573637633542585 7,6067261458861095
8,580282628809163 3,872541891422426
9,509707576335773 5,37086762727011
6,73261184269105 3,2444789677831425
12,992270423488606 8,605545071659346
11,389468033015763 6,086536395095734
13,66430001616068 5,061257694109504
9,698809305941895 2,2816379925425854
6,324548703348786 5,027996162928694
8,154662880634667 10,229882298653305
9,550269407696067 8,337071385301481
8,272209312530542 3,8278209900591897
13,621747313685887 9,70950229970088
10,56646552009747 6,714073949842447
6,44623798865255 6,994293061158149
8,791923003660083 8,408034105326445
10,353314791770114 5,262361010461039
13,043619157409605 2,4052495124835263
11,361495042474669 5,467049262651914
9,295390623392493 1,6808998205297414
6,327623634349984 7,093386841930997
9,204953875363524 6,037765650224646
13,316098808891226 5,602795637516318
13,559456032723322 9,820506000741416
11,89438593288193 8,228787667114661
8,824482871665577 4,8313619239459245
9,914907451498719 1,6996263558998153
10,623337231508025 8,21547316819131
13,916883520164253 9,743981855061374
12,270047269350776 6,792524826853855
14,132288235930162 3,69251066393123
9,28643460026403 7,747810132692931
7,654344247023486 9,217136248471277
7,098782243429971 2,600527671155986
7,083626390490859 7,468458428762487
11,061068487310719 4,042395237173001
10,874411880913167 8,207251166347284
14,687134388557492 1,678505219774491
6,263396594755169 6,725596261850144
7,220242936095126 2,679092321787378
9,978735489105096 3,305260136419189
9,139529499706162 9,30940227279661
8,994236754851727 6,296559964723046
8,878091939769938 9,794538602004423
7,099205270381451 4,406681927814095
13,031341788211648 6,3673566953954985
8,229262359569514 4,48487773363177
12,868583640947449 7,595970316608302
6,673266491394438 10,441374579901263
10,999941238737122 5,30742225951016
7,961730697872876 4,5362729155930275
7,053715150844866 6,572787233637806
14,193570114179995 5,990392647158918
12,990847783071668 6,849303911597384
11,571595548962847 8,845210864930106
7,5360187801698935 5,920027698076978
10,303323542627949 2,0978542068432495
9,433621415425828 2,8338674784415723
10,56724645272869 7,695667065835823
13,989723951633767 4,913431878240461
13,059379552859902 1,5398162499660037
8,923805479037483 2,173620645254105
14,955230712471042 8,980173135943234
8,828876126446335 1,5042319861771496
8,114675054290153 10,085190175300276
9,691112295974557 9,60656194285909
7,438105524053064 2,6113632168802896
7,037213286570827 9,132868387445024
10,847186712990148 10,05742564890159
9,832011687172507 1,7561680567975686
14,1652073680499 10,403576439899163
14,894490522546114 10,273676743561955
10,477605025215954 5,022854075946417
15,17079092278237 6,926331577242108
7,302192417649556 7,896886111305026
12,864902505622364 9,573886601131843
8,908641591539922 6,382592938857797
8,24131325321031 7,77349422783955
10,224576175835615 2,5477513962917246
9,48852610897995 7,559842813159461
13,580843952296622 4,236731002570634
11,52378789761223 7,420593553467608
14,125260134388562 3,686543529822965
8,180349277113224 3,665614074246334
6,488639313378558 9,354717235706062
10,036042612650633 3,8519905300278934
7,903058504883921 8,36247246563454
10,134882106880827 4,514627574229489
13,804076728883178 6,827039461312529
8,163514867754422 4,8419062334664
7,828218232198249 3,2134493308349397
11,539930509191555 2,322776351432929
12,5405992131572 4,437148162374092
8,945377330811162 7,312221299712567
12,590543077868357 2,8951193784621116
12,975410778192352 2,105020090017437
15,059955408737466 9,116181700753998
13,609100196988793 1,5369878301781383
7,6451933482654475 5,361978286633337
11,659986977346833 3,3368594687512383
12,84937957140706 1,5814049697621027
12,598492756413748 6,96988783491996
9,366153991664767 4,304997521346797
11,541626393477188 2,340323006966793
13,779331248545498 5,400531238389005
11,665900642548706 5,9627044470667006
9,51109783654686 10,281622634995497
11,296774156793889 9,026501814303245
9,634220481350827 9,242098045001669
10,112004194850313 4,5655277425358625
11,552446467238376 7,2159010573854125
14,168719767020233 6,658486505666879
10,162217487081941 1,8064302598087627
10,951029463199045 5,610837390799951
13,218463105540398 4,5657236109929045
12,521753012149595 2,9539213784227196
10,289363219163828 3,798772979752999
10,941406395221046 6,416576224745409
10,533376571527256 2,5802886346101905
6,510956623348737 10,370897646676868
8,542232637335623 6,4229262066202715
13,210553040106273 7,023881273988401
12,573260401377503 6,069518295407134
14,635888259187958 9,296819598088305
8,159189223551 3,5603402259745596
7,858378270682591 8,96344643171527
13,860494597421264 2,7969127752904157
12,286960970618868 1,9970566857249095
8,334126683637372 5,4973772751334185
8,47933607099244 6,157340463104515
11,037759672921727 6,41989219091974
9,000550806162089 4,843638923319336
10,28088568867806 4,3919653008721244
11,135636719570023 8,39591215520409
12,250982997698555 9,896524260664588
11,534465500682508 6,1807331938781775
14,095856547519507 4,663345457866617
9,012667754322212 3,5257181754629983
10,742449635798259 8,89862500243396
6,892924333499592 5,09054275751113
14,376702451215625 2,664406057489644
13,589997806503451 2,254728570060352
11,435610528657705 9,662177919202877
13,557011501703125 6,062409178614759
14,259005213182935 4,752955814208882
11,679744216319442 6,641354258030415
8,984967077254453 4,450445182865722
13,599575154116977 2,034587982940743
12,16158480463439 5,790506719660804
11,229042157030305 5,373069648726786
10,283933489707284 8,227423006408102
8,12219972624907 7,470933651168357
9,61751084994267 7,269635492837304
12,379207028896708 5,728440323707919
8,930910166186974 7,523996855393926
12,440052262160421 9,387981281136764
12,398319930493189 7,605231502893512
7,919184192155591 5,242096886651488
9,533249103874155 4,455487154937421
13,25101619016333 3,8974564437775183
7,094698413897692 3,513384455400664
9,485111625538583 3,701813808435746
12,179085380026237 4,050348828518242
12,237516357900468 3,889637486305698
13,402081912868805 7,529773716612894
14,143635567098695 6,824471817873021
9,622196662366623 6,525601684496653
14,79801946531417 9,7277235370137
7,4884461983021176 3,447506138297602
13,672131937934793 3,289447385566201
12,265863606625107 7,777453774736267
6,79442920176935 7,920133251165462
13,35614189292868 8,598849503514126
10,325691395465046 3,982221141651651
13,774086820480193 4,414294189256605
9,584049007668717 4,575193308135843
10,142173550323765 6,891428742537875
13,946496254259959 1,7451190557811191
14,216583613825357 3,3167101294207635
10,79924099350637 9,38816700464584
15,1643224991322 2,0095939167613492
14,922018015895034 3,494584698059298
12,744504264914998 3,6254346560114556
8,200410737126472 8,067002490677414
11,989160000914413 5,040599035180141
9,975628101822684 8,408572171356852
12,99456078619129 7,878566429224746
9,181138184620323 10,200306011254478
7,39188221748088 4,922942543847081
10,498897820125084 7,117377664854956
14,174484089151768 6,992379120808966
15,10148057328259 4,323821084009646
13,30108913706382 7,8640036151018755
12,610264726879223 3,52383484446052
7,058704437682175 8,137084766053857
9,271505854191119 7,545497234525686
10,827977401489195 5,6589415578280615
8,57310172561639 5,368542281902281
10,841964137631326 3,716058195409998
6,805531294496428 1,57906243544264
7,184516565232981 6,476076334827239
13,365564936022537 5,007464102781961
15,192896628155701 3,4406078523252903
6,578832199614011 8,908896442870232
15,170524070809837 3,445677453563918
9,675435910205307 9,452446437992489
9,727364817680428 4,140500271669291
11,176299781605156 10,011721203005044
6,409517773770486 6,881083825838266
10,756287891655793 3,2864365261730257
6,398868051381839 3,4127755925624603
11,536523916826848 5,489003549878848
8,48810757705088 6,618590979024587
14,303989203244686 1,8850009919645347
11,11260643935196 7,24343418546729
11,99971539144402 4,459798984888802
12,751133768754174 2,233484026341674
11,449405334340145 9,296847490054073
8,558201793599336 4,397788906800804
8,032169301708372 2,776984105231982
11,803131430599173 8,561374889766428
6,493364867968006 6,209263327017718
7,093484076358163 4,868534672086602
14,67966246838943 6,894876521747934
8,606076438705095 6,868082995700044
6,362874697816616 4,130608058254898
12,931311908185881 3,611527272299231
7,825100498884993 8,13016267835232
6,9995126501015905 1,628252329947308
15,187599041680294 2,9914858915378835
15,148818614538044 2,411650901212553
9,9346897699091 2,8740650104118384
10,106957023943755 5,3147094207275085
10,379510498641121 7,906669089371557
12,396214619101546 2,462002974940802
13,413140634331615 3,5987179788441424
13,079197173389879 8,875839603917564
10,855940826765167 7,5228278021945245
8,025160765444511 7,588485080999868
6,361849191399705 8,176641902004693
9,664822292344265 8,05559689558385
10,50470363744991 5,03539947466525
9,83446987166965 2,263681851249194
12,479449211498299 10,110406569040547
7,013292195123619 3,6041575781174733
13,218276935842074 6,498995633911386
7,887826006383016 4,27146015595083
11,03207034113078 3,4903172254415615
11,633384718591408 7,534697911469619
13,451413110232977 3,650752237164004
12,162711417006333 6,151447172126228
14,175519680267021 6,300115152859886
10,527462826560033 10,054904825481135
12,740074574891358 3,2513329644740536
8,964798921879458 2,680579090279149
10,304481442872582 3,2890997316909623
12,704568868121953 8,698184806859302
10,596042176353677 1,6374536650323748
10,456645755378759 3,41938578760807
14,915579333691372 6,889101914876638
14,942454204219441 4,72167830927858
14,158196041666994 9,943372211857776
15,002445078471172 9,366116323674738
7,329295809629079 10,25741675206007
8,374976762037244 3,5692711458075728
9,189502331632548 5,8016364956352415
13,689421699848065 5,363693387251441
7,672291970104387 2,7756005956818113
7,8810067103040335 4,945041995085117
12,716254613795698 7,700097320196426
8,05615878662289 4,363043406840621
10,121816694608736 10,308285609786346
12,421571751458519 7,832952172917224
8,390785054017009 5,375805388625076
13,186515734346113 7,006961705821607
9,362906415486673 5,320536256143297
10,277464055797061 9,425511397083993
7,7375388202093145 3,1472663709689543
11,949340954049777 3,803501489956194
13,376491494918845 1,6575318597021003
7,781630182892971 8,028649555062827
12,264241745107308 4,658394296436571
11,942501687133188 2,263467653957531
10,808944896238609 3,8251633360055957
12,336391419232811 3,196300138579333
11,744518662697581 7,6548240833057735
9,031063478803688 7,948290753756964
13,392752918541213 1,945163280490665
11,28254954497081 6,55294827433122
9,756461381965963 10,314853024529597
8,944595509763019 6,217241923680646
9,281689623079199 6,7796734993128585
14,160927451299694 4,815130332194899
8,976954386543362 2,4954054337748124
6,666473586766419 2,295982371310339
11,996829604268395 9,885323918593224
13,34079686381664 1,718153802534026
12,744933411465844 10,444753310651471
7,343070266635109 3,239457821676125
13,997424411323397 2,116529182603396
12,300749333589696 9,529412861460573
14,84964934077248 8,42906475870539
10,219334650770406 4,369543808969994
10,301432380980884 2,928521071550744
14,786752152092795 2,3102812945780813
8,76495433017896 8,053315372780691
6,273090090454018 2,065348604766248
13,803228483771676 3,9182147131031586
11,104179295584114 7,627582865914624
13,951108859469269 6,379963949669352
13,068807474464112 3,0835801167497214
8,789044289748949 3,9259229623303327
7,705223591912521 4,116838296801657
9,449198598886866 4,602881328315206
14,204548308841705 8,604390158050617
8,753481853921338 3,566990821690066
10,073411948717972 1,5913835849206963
9,239163643120067 7,9448902494809595
13,476150236547724 4,968829176073294
12,753155396749007 2,0911472578764827
11,423173257134835 7,558485006594863
13,98233374821926 5,050727176243916
6,413916633918008 8,169098043165056
11,218826366855012 3,4479433456823556
13,939793385685153 4,062139257435991
9,683647344164616 8,828877752084956
14,955091924308885 9,393685450051224
14,947622482706311 5,8741496345405295
6,810964872964245 7,695307180987171
15,002663677288556 2,5412862937525924
12,38230383680108 6,449710540955356
9,214592778629232 4,957758275058893
7,031410500748755 6,193160641056203
12,101446078819883 2,676750712470156
9,866350958827143 6,860565039902412
9,215905561448153 7,388952105386294
15,151968833360026 4,770565406009769
12,076937197109507 6,979736682663437
7,977345368140581 2,5768286719796327
7,070972250267273 2,8451255796663872
10,204257073650439 7,870678742570846
8,090963645555188 10,115026018387377
10,6836201275262 8,660209912719719
6,5804949755027 1,5002977477659738
10,764862533276212 7,781427765584363
6,246774801834675 3,5396950488448775
13,210033486644985 2,0953235764761913
13,477465042435654 8,837482184699486
7,115592845822818 5,172182096156524
11,761719848574007 3,4529727213703567
10,340088052245203 3,68845952666946
8,917696898658654 9,619154500284395
10,713196497864384 7,699199103345735
14,086128735973682 9,910402248528237
14,416078278925415 10,02187004488705
14,764315314922534 2,83749579970029
14,803617925941523 8,443232662431933
6,4379832188465045 1,9093586597985122
11,381732939833483 4,859616373002508
14,900547239507475 7,298236015727637
6,317614985303967 8,675586551643788
11,336563381233777 2,3308753960587425
10,703038143123575 1,8536810198372575
12,465336809330253 3,8096498970386548
10,796133894483582 4,373614295397243
8,302473091906451 8,941074729227763
6,962845016509052 4,741180352904819
6,930374132611639 5,074635998511202
12,421087790777399 4,492279441081514
7,726636353244675 9,393203736101679
14,630536348768658 2,077888209531195
9,151168722788187 3,9800850330682915
13,492525434390437 5,229804423099111
6,9853863635203535 9,357000387729492
8,681638175742606 9,97968299803749
11,27182282635055 7,610619037382135
7,93857191605704 2,8769210981278612
8,235617734017609 6,6845019954525196
8,147613389918574 8,200599220317574
13,835915858473971 2,975296643742529
7,018140253145581 1,5766467015286416
14,727184172067702 2,0738436228051524
12,720012202437363 7,105214368127015
14,003432635798902 4,447165611345673
6,882040443194074 5,711609543786996
10,115952543118386 3,073863031911353
10,436670082652395 9,430920583826829
11,605742183244939 3,282991710826154
7,7475512923619085 9,178362400104557
12,222931951242598 5,491563255433983
9,185113907694614 7,668808046313584
12,101334568550545 6,900401098602286
13,937965696659685 4,114923495954543
13,083673548583825 6,597216208517147
8,84556313813465 7,06387726404972
8,966230423146193 7,136726342874205
9,923391632715724 5,672148095954237
14,752694879422776 8,36601488916985
9,708436884326652 4,1563870387352715
7,421925719104813 10,119711990639567
9,201901585633404 3,514835421763493
12,22640958477411 7,279927829839274
14,658653093278694 9,105311566013146
14,465289454420269 7,730973709967881
11,05472384978125 4,707753848207389
9,803207719482753 7,660286009657817
14,133339028390935 9,643341927975474
14,118995670180244 2,4828467451588656
8,93709249083589 3,2896831444049295
8,825447166589827 3,375434634543548
14,290768400313098 7,406674013106619
7,867751127198741 9,637159688961367
7,2723519720875105 7,990116691933357
6,267716495090241 3,8112017924531534
13,375295608951207 4,461988226462913
8,721604964161608 2,392283919821316
13,606794375321874 6,053150803937301
12,364993484165359 8,678075086753712
6,920591741292416 6,000330415274997
6,727571265753905 1,5708196074576226
9,83674354122767 10,060584957590606
13,397976256403386 8,085812504803304
11,47049263816621 3,649394638976834
14,213625796340438 4,3430423754884
11,53477792512085 3,061014214845975
13,581575247869774 9,388271760207243
8,470635414646992 6,564213408312398
8,276962256307602 3,2787925111888914
12,681119280498987 7,3308493132249275
9,161447365040322 7,696843628720552
14,388536131892259 3,5493051140912466
8,621745869238426 2,1077159866672313
11,561016545069041 8,087711604308673
12,90358557786498 3,2536519122693215
15,071262099651229 1,8797664469274467
9,62999092406081 8,990379120400673
7,853878284486948 9,622752000593529
8,786754558314563 5,811280461288652
6,607300107301175 7,74677539621077
15,125808326445199 4,503300711142499
12,957014207948443 9,622995612582194
13,355445204840942 2,350877959605799
8,894270419238328 4,822616800761651
9,903263849141027 8,30629215078618
7,966464093871258 9,70070827119678
14,040991973206374 5,754023186035561
14,809981486351205 7,783302803288115
12,938660211773199 10,257287736096998
8,028738234560098 7,6038384525399225
14,676693487174408 7,117948108708867
6,435875118287637 8,265102472283179
8,331789953137356 3,2476289544484938
7,5240973023798245 2,353596960496522
14,774373295295796 6,088181747542084
11,213724609510095 1,7338735679537067
14,921137058476607 4,573466022552637
7,042304435241122 6,99560573516237
14,185728309703945 2,122106232469596
8,757427339931915 4,48791617774982
13,788193147633148 4,56127866228994
6,853376136322025 6,587242074632103
13,76769273802887 7,619538323184595
12,318222240258152 7,299985903930525
9,879196216998388 7,050310859631753
8,63829555855773 8,453475825313113
11,765992402014945 9,54668442690017
12,049147264884963 2,6483233602145573
12,898790906074566 6,977074207885572
8,732536708739335 5,64475655213972
14,095276384607025 3,5747224371476145
8,15541511963701 8,46229497107522
10,313169612814931 3,8830594242090823
8,83087502247707 10,262866667515846
12,075481799778284 9,95200402221656
11,695502188252362 9,68948315004017
7,868489721221055 4,277966920418414
10,08458330314722 9,604059728906547
6,737161602197228 1,991545730503976
9,321298961276902 8,701247306285252
11,680540689838057 2,4520016803020623
14,758813298543515 4,6488114682644905
7,124903922467947 3,205864470773422
15,10307801858944 7,048023663130394
11,223530127330548 4,295570555620669
7,774763973311732 7,859634419840013
12,528700244081598 4,394330097848178
9,010716474243623 9,381362529172765
8,958210938206584 8,186776676520235
7,127900563414224 2,610001368719481
10,118600289373738 3,7049020709293465
12,257034054043459 9,697819080128232
13,888965895290294 5,433140020888139
11,565718101604745 5,497515303258881
15,003919613046296 10,294390621265661
6,648953237971629 4,190037603838492
9,27631316905373 3,008146961222768
10,61945555812473 10,137493512096134
13,529567916909453 9,30854348059106
7,384580848664333 3,87660604896256
11,453093729199438 2,5312372661730604
14,970622757996868 7,611939220265439
7,571040909896426 10,462795191782895
8,588739797748147 8,673709630764392
10,310772230688617 2,129011923870653
9,422945776702544 7,143535410950262
9,475222700737532 9,839931666812218
14,461662065628328 2,3467816216022195
13,911677232689279 6,4281838164407255
11,823345014822888 5,745472369164187
7,594398453812744 1,945808935070954
12,517785554244382 9,96415893590919
8,020339530584833 7,555128972598023
10,108264221950327 3,2906822984893385
9,59917846719866 4,3238284313741495
7,161475692353 9,088715427952724
6,332691827281289 5,835506610046531
14,69456646086012 9,336832220307112
9,584991434716969 3,7759831912888715
10,483263195164884 3,352376112671561
9,474849721950825 3,2321488155714073
14,017835743133704 9,267803998361817
13,70513222761377 3,5457144745947704
14,426973626466971 8,685751138372794
11,638238740324255 4,4155732184755685
14,782107745264199 1,8388111390512087
14,455077412684936 9,091652359707886
7,106012012519013 3,1050129613773314
11,734866630479605 4,351179542303404
13,348241875384776 7,6750896488701965
12,682102868098859 3,0282567750880585
10,32865561466862 8,224255584661885
13,223255904443068 10,069254997417055
14,9958857471672 8,284127287154174
8,910340623479442 6,074064469893527
14,669727493291038 8,403092498536871
8,44832560751922 5,30508143777322
8,074668011975904 5,785457946838328
6,874884994199472 10,163202426550944
13,214529955517353 5,883743679540235
9,488216550610993 3,487665397239914
9,607066294404415 5,638726034896334
8,543128843503805 1,735229713208228
8,50511819649574 5,998464952632794
8,452991445464512 2,395391880798238
11,394796872722193 1,7801590179476934
10,755518357135841 9,138683733393721
10,7830242662641 5,580549435023742
8,549424489501805 7,8066617022145035
13,006254470038957 2,598915830790914
9,768257384935534 6,439287226161429
10,692420487772978 3,404488416000384
15,172789505814212 8,521730455716021
8,345188782487224 8,217677936580888
6,277247530900045 3,9230601701162198
11,45674887014268 7,678569705693273
13,987867815831947 5,754158239509662
9,341439595496922 1,7087313327768554
10,923825112422842 8,169700055832841
10,782142462559765 5,404491070361997
6,205714677148239 7,686646165000387
10,668928284867793 3,9600528323681363
13,722619408725567 2,2668671458478165
11,948925191048453 3,2368585048131884
12,696719634435155 6,446800507847295
11,266253077947372 4,0916358261888774
7,064166424579631 5,75361822812404
6,24416120392844 4,891611569093226
8,91651828070691 6,038376149767073
10,018709995090404 9,332039903847837
7,6186747383482745 5,679577928748184
6,910649552631423 4,721301034236085
9,527431451467184 8,654543778127085
13,268398144732563 7,709494944690428
14,39083322017299 8,055653597137312
11,314164044353404 7,290011858241628
13,825334134963994 2,1387234153676773
9,564477950680457 7,051845471340259
11,492016294377883 5,728217786501876
12,407553323660483 8,898358593277198
13,953578345851785 7,015599620967683
7,127364980810783 6,961630009971334
11,719107319450458 3,786404566668449
11,348171261394274 3,9842119454593092
10,207863409652564 9,188269613437644
8,141939698179696 9,703955484876252
7,346085425832317 9,220130467614162
11,494681870752233 6,830479715727189
11,000407454328908 7,53916540839111
11,15473407788299 2,7722670225682373
12,660985862588175 8,262854324830093
12,525185998397875 2,441236243876423
10,558591490247771 8,483277605262593
7,059039292387148 4,58556768085267
6,268099269698324 4,994646291494618
11,192089653335739 4,518513939923393
12,97805677437189 7,242669424906499
10,119621249093612 1,5913534853546039
12,838090548550882 6,932895495174044
14,20185521341089 4,170926552555354
7,795474616562867 1,6247221558913951
13,646328100220806 6,583823416069753
10,69328027135229 7,6232368879867405
11,029114022119145 5,388257974159908
14,802044908061742 9,237916755653007
13,053566569851041 5,500417388974152
9,094534527463594 7,714740210695904
14,448911104369419 3,8648564884248344
12,764091166526189 5,8115188842879935
7,246616308972332 8,24660665372668
13,04783624293097 5,833186860527615
7,6263532031832435 6,230998612464844
13,756163300187715 9,569683332757089
12,851718469231713 6,582309438597887
11,74054077703369 5,072335605917586
11,853372380178644 6,580601668223472
10,520605370959593 2,518183893562701
6,8530563347142195 4,576684506171851
12,885148067258958 3,4446870577474016
6,651079689779444 1,8405403274274388
10,044013905958707 2,5090121032841344
13,78043282286781 5,127337805010759
12,178453093580682 3,804389629803272
10,02568817697545 5,42783449503371
11,189877685288074 3,901054373415274
7,409372057023273 4,011335730223378
13,737941815996974 6,650627743338698
8,98100743923377 9,121255495188912
14,434784996383044 4,204425900358622
8,584842426227429 6,669366027580869
11,871488900454821 5,408556111257051
10,854440225916989 5,472311527221098
7,698544221482087 4,026957762355638
10,811252813098736 8,673023811223016
12,850858766507299 8,927769443296961
10,834872514961578 4,600160442179032
6,247231745183907 9,214316052024497
9,196283428363763 6,845207961837723
14,50020385243911 7,165167469933177
14,13381779854218 7,850355303799433
15,06213062183993 1,9095901107663584
9,929647402158157 2,844801579913775
7,716343690049678 7,325658150921031
15,140470458565389 10,493240856338058
9,887982633376776 2,8149547014503904
7,760384186922435 2,658573981605962
15,054508997153256 1,5335711476799303
12,452668287460646 9,20253525109445
8,229892338496304 1,9587860972704396
10,076987361289644 5,351585698642557
12,746602178421771 5,8970314097120475
10,037905003363822 7,68412331418895
6,29616867056591 8,368398238835615
6,582637938838436 4,152736545677794
9,774578842297455 8,20172623291355
14,383981083563388 3,4933135034668568
7,003262103310878 7,9184714190999985
15,165271362422875 5,687079109288875
7,304739355141628 9,546832807169352
6,281615207978971 3,8114325997929197
14,42708389062965 2,6138644640913826
8,56589046972767 6,7058383623485565
11,686498691682406 3,2940338640785196
13,875497371146935 3,6064884253965452
8,075679474459335 7,813183951170417
13,844137251664296 1,5995498954745304
14,74878699385166 9,626284377498495
9,862580943166035 10,07014225692854
6,322634022038316 5,024236447411116
10,781083285773612 4,930423929328698
8,04023135091253 10,401735421897772
7,092058453055023 1,8907206520255904
13,231260858434103 3,565740015595079
11,725451781503006 6,731372151925406
15,028176484055017 9,398700575960287
9,558011635516095 2,39010601261371
12,078819291566308 8,869930026575695
6,412878050212335 2,2491147961615083
11,169613964128034 8,498938512957213
14,160683987378071 5,37479402862378
13,542354297594034 7,008345537544442
12,313863653013087 7,956266402919215
6,332859405459013 8,080445229328795
7,773282697840502 5,2654642100536835
14,386526677728941 3,0224195756801464
12,454621613815807 1,9283007852517349
14,019793413206026 5,598184420969875
13,071558883465407 3,940687018320367
12,55858029996201 9,75524022085364
14,939946792011487 8,182655392810574
12,428828181365088 3,2081558024594123
15,085680630440066 3,182858590609474
9,29753529084433 4,1773481106536146
7,062300743637696 3,294949882596018
9,820583011065299 9,158565981280237
9,929581345850858 2,3740190893817466
15,014275497501608 5,452845587878119
11,433422401916559 5,386696495217032
6,335683703560028 4,423745361556305
9,387415131592961 8,389098889307862
9,842646153798807 8,988351831834144
8,878393253139324 2,3603363487696445
9,659080496321243 1,7453504109741913
9,02584259904706 5,2442199424303295
13,686280925055947 7,514603320408052
11,773898614003269 8,492065342654202
6,708658588451284 7,268467294316626
10,793414006351437 5,622405357746996
14,624604157287209 4,512978572720842
13,423021159089116 3,685560567267011
9,24065043422559 2,3291439011232336
9,152150430421756 3,6401806165468704
15,142323223680044 5,507039271939051
8,162314674808357 8,661944854788814
13,429770456651955 10,412434991860906
14,751699036982096 2,9887549433572085
13,047188497646912 4,45867681120214
12,786589791863083 8,778208527155627
9,905118613889174 7,2004295905053715
9,48714021649657 2,41750096053265
14,22616078308311 2,7649318564217897
14,824664041004802 3,7217833134113754
13,497356125401161 4,192845407195426
11,2889083352207 5,4846199021028985
8,821700952589657 8,299505642793559
10,29299655701858 10,265895810773737
12,613614567372744 3,319623458981875
10,36580446296893 9,835719017663356
7,668756590827272 3,409018962268047
13,880453977552722 4,3612146234678715
13,845458770798812 10,054131805144918
14,699546070262823 7,618236433244392
13,154897070693071 7,352311194712069
10,695491356355745 9,124429060581882
7,708688187403171 5,595089612922753
12,718649291686578 7,545810781240535
9,74351054168018 3,591436603673064
6,431154078693104 2,2495716545886535
14,015418517104235 3,369832223489137
7,598547927905978 5,78683486060634
14,51061546060362 5,489908543354184
14,300070730897357 3,621363241189837
14,695003688537469 1,750578407698797
10,29473361323565 8,81653566533533
11,105475776848648 2,9413826532456966
13,400854375523183 7,2006296806722725
13,169582712232437 9,10324780427701
10,451462043169172 10,481052660254958
13,121837588839703 7,204964898640937
12,598927944853996 8,340091955936089
7,537715627350339 9,453694172267237
15,155738373283686 2,5083269962626003
11,392063926659322 5,008311018708401
10,330714533565224 10,433371328713177
11,287255487630464 8,16504171502529
12,00271051062719 8,205142391109549
14,42252231920325 5,414988167562688
13,030462160613466 10,403935147301738
12,650893853002938 1,527796112988153
12,157711825950178 9,706117062156467
9,02675729555234 9,26823856269935
12,788400331668667 10,435814266024122
14,053375711104913 8,084875615255743
8,996953202399384 10,246417826925345
8,745225091530516 1,8852254849569752
12,385101185533749 4,693753899360653
7,987380275523391 7,914792622156919
12,993988111765393 8,101154621859088
8,18232592741823 6,958753244199246
12,281496562485518 9,970049734635554
6,234993075065342 6,555218823367628
14,149226692866907 7,552568610272585
9,219520078524258 3,989879079479086
12,996434654935177 7,800397551493597
6,917777490510139 8,699431093184081
8,538428375166596 2,823966855701371
11,001603711938255 2,2165661280599904
7,9963831717358556 9,236246686202694
14,491915705755584 4,427871019211218
13,584493657409306 7,194560604770424
7,182865786061729 6,294879417016164
7,190174166983118 9,352097308431244
13,883899186372119 5,540804990998236
6,924375141983217 5,0174666757882544
7,270204526203262 6,597861351378944
14,851637591010938 2,927410018323874
14,614031962448912 2,145615509083788
6,569370176429449 3,4683205505820043
10,920096574566298 9,13653737863607
9,46276275962541 9,071205306249112
15,004715260824625 4,131001219430779
14,012331136914701 4,932710530104749
9,919284278381046 10,250940250835662
12,751893921510485 6,042621206522868
9,876555400430234 2,6841480361370036
6,213786348423225 5,3658426279552325
12,946388074385169 3,9792779108045666
13,395592397960304 4,269493857838551
11,136665554606644 3,3735106940789628
11,603586744374809 3,2777509973858736
14,257111805518218 2,01477797659947
13,553784408921084 7,349366192316993
14,677036059380637 5,154951172928504
11,432919539567447 7,426805081365177
12,453771607338487 9,398744906706174
13,599431524102645 10,304098766555143
7,907063309387976 7,978381257464165
8,360182486041964 1,997180352939961
13,456849375880477 8,899369163326718
13,660751514698712 8,587804075153148
13,994287142735612 4,184445714615839
7,415941686629279 5,5987174184708275
8,933033589649995 9,15364000423633
6,524015069149419 9,690916282338343
7,1019613916023765 1,92331646136307
9,441621032351414 3,1270030883033515
7,948075092960957 4,3582367409778495
12,58159729608346 8,829559512314784
11,69820640433292 8,025064381101828
12,666505683667225 5,277516694609002
10,569214919663086 4,941704075105961
9,357276085373556 3,3564902104898926
13,3719346313052 7,923202775854589
13,206861915809814 1,768076035726792
7,249317247712464 9,61309828110709
6,297039342947668 8,907669523014711
11,154518605732063 7,065332495808515
6,970487847616137 4,54361759944831
7,143585797852957 3,355563658698702
12,697678992801604 4,451839887124502
10,044033376545226 4,69952901447
14,098363274013174 8,274180775774353
7,96613920426929 1,941520781449516
7,4451036111274735 1,6810278705285258
13,96322971156005 3,4212647854590488
9,47180004536315 5,273578157757475
8,544381522967551 8,217011634384782
8,46748268949258 7,770576145870913
8,649668255545716 7,363814947554043
10,822583353156055 9,703277059745044
11,387576443833916 1,521668561876453
6,693149403439986 7,4670869429274385
10,284794840587292 9,80720668375279
6,626583116718215 3,7815944372448485
12,795747013593747 3,73304671778791
14,519503864349616 4,1463948564005735
9,104690308743786 6,50209765488993
10,375930345139286 10,332692034542655
8,994165348971377 5,0351948159523285
13,72160509844691 3,838071271892259
15,01112434474485 3,6729195391350604
14,136803605291394 1,860811147278171
13,740383542267534 10,347429867510586
11,263391092022434 2,2900463180944923
13,288615832129286 4,77716035631868
8,996252446586478 4,0574011452159064
7,262269990702524 6,519312991344707
11,135295359130087 1,6707929689386058
15,19896743021549 2,6839638421452476
13,783317681300408 9,505612818610391
11,731872208374838 3,2922631528106194
6,7476631960088165 5,036172959746256
8,190084860765822 7,508585164013713
12,424243962762933 4,497002850831745
11,354577469665436 2,1878412758825734
6,497771206668866 4,821179694471841
10,838260546921061 6,365680337737435
9,801401622020489 5,624659659717681
6,927576783549471 6,925976118419689
11,346018072157197 2,0102182591470505
10,957170889579121 5,339322770032288
12,812336895476811 7,897486208221467
13,027827859723985 10,26302002721669
14,824838599382094 4,799409801785076
12,21608006092086 7,144448412573619
12,11792588052621 8,56475357665329
10,826500483062844 9,81646461736239
8,210138980344245 3,70634688187928
11,066140276008488 8,698604010837903
10,44207771333304 8,673683103465375
13,704048159614533 8,000907367707839
10,52030908614953 6,672999990445607
13,467842241675136 5,871157305519322
12,33325384287525 6,789201799415618
14,654701241310892 8,60347430085178
12,31182215248598 7,197978399417246
11,983330450426312 9,274568882922745
6,6433464904392 4,701734239746955
11,375922181825807 6,620014977278189
6,554861422472872 5,3877546609754425
13,089657728807367 2,150708558486269
9,055907332331198 3,229003334760675
14,668560253614707 7,199776982962733
9,514150071751047 5,0511213411793054
6,667951240167306 4,819533404249134
14,70492717954335 6,275477102318919
7,8614322097320395 8,836661649909754
14,267297475124515 3,339736842019457
14,925442170880455 2,9726864529390857
6,320060624981717 4,5454209400938375
6,4463111324024585 4,971186057743596
7,679790538582876 5,768985405534289
13,432876089311995 4,825981089625918
8,017352487272559 5,895081073487923
10,074281581107668 4,8769968451997325
7,271022046697347 3,784457434056111
13,7422092247415 3,011519162064652
15,125399281203798 3,886439710590972
9,326209525458797 6,187449341987802
9,441307334390169 1,7206588519080472
8,941096128647418 2,260483758830177
13,372730574940098 9,924286599599617
13,108936025805132 5,383418644791541
8,703630999145311 5,763237714672601
13,334561129748659 3,6348264114228246
14,50570721931691 3,183084902771036
14,768384656826427 9,025700137363271
12,991951152284667 6,469941448368177
10,528894375846994 5,318269481462099
7,7086431122420755 9,855563543496523
12,26261169375352 5,362065659801526
13,933548254824462 2,144757285126916
6,577445425331049 8,374880342702188
10,282691098829687 8,51910617613595
11,637826932748148 5,1123702120773284
8,772339305158512 1,8763014067555313
14,361361943412977 8,79165090582736
12,35173019560916 10,235214631263384
9,55428673258253 8,581883264225695
14,232850246153482 6,2611428018744695
8,05730139952877 1,5761906317427927
12,065262874473644 5,348272853193542
11,20335016134322 2,686661876258599
6,6663851336986415 3,147648909654559
14,96140419688588 5,822899776653948
9,05104517233456 9,152730893977456
6,670360521804226 3,6543977570301873
13,06159377208796 6,341734928357742
14,81831714199274 6,2155783731601675
6,211803575349255 9,016400363426863
7,681868995202674 5,292273942732077
9,997653224576096 9,76256142994977
9,5053549047715 6,053047574175482
11,65670459854015 3,0830610622868715
11,499188390828575 1,8466612432289846
12,906850667708937 9,153225719971015
6,259951468317402 4,601111203874064
12,96894966409408 6,079639013422417
13,1531319417006 7,705901800351251
9,623816169658397 3,7157051758642012
6,572906332333604 3,293051141768154
13,34932178025678 1,524438084620602
14,296731444269753 10,490401922684434
12,704699869842573 8,122660811281756
12,118948343954653 9,613589130383977
11,96114779393356 7,479431489115003
14,398438997903227 2,9413173934469885
9,875383130546375 4,4262147739616395
10,091225677130558 2,093860653987469
6,837123807519335 7,562757979163502
13,229639673104963 6,909668283253318
9,38367068919668 7,911541183197063
9,418964348319221 2,661278597341849
10,42891925248357 2,227679589006338
14,825033760674753 1,5405403671729039
7,273935151303217 9,059473636013834
11,019847581570456 5,882137093531583
8,199135641625888 6,165785036971761
14,767254113957303 9,299815841530098
8,63449981851187 3,8702879282767877
13,863150775906192 3,450020729418677
10,157579009179425 5,075174833221384
10,934123718693403 9,50946321769058
7,181528861426865 6,120105668339767
11,970035699845742 1,5491280946330819
11,758414688600036 5,166624194401951
12,9500621517947 2,1567131791490155
12,172241589268104 9,416498153055118
6,474219551754322 8,820631653434347
7,042878246925454 8,853786423096627
10,580433702853746 9,116093499285125
10,25824236714477 2,7850937810401315
11,233222473853768 10,49869560433268
11,928464769093345 10,147839227980434
10,063071270329573 7,9724283390237805
10,542115559895613 6,054487969837691
6,939730307426136 6,052625496458084
7,1086221190080225 9,66665798691197
8,09481633320428 3,765268037946884
8,06986496949059 8,689498556075298
13,944141637689881 8,387657532318503
11,945314232814582 2,64584005718042
11,773414735139095 6,8136903769021195
9,742553418773596 7,229611047049162
9,88637165844685 10,306122074361866
11,611210179734567 4,416627503601814
12,748848881455753 10,196646219101561
12,100122506758577 6,343319189616496
15,189486169466104 3,750598751809625
8,474462131554628 9,434644832675172
9,017266155741916 8,128384364708301
14,379851597603437 8,213545842515746
6,370286058525792 5,337523029406128
14,010920847274008 6,989290979570659
11,138062487331807 1,8049784575450019
9,783896594281117 8,708181513944323
7,580270633445504 3,8695805310683222
9,62453877767874 6,869612622577589
9,424887422299893 8,76668160868954
6,223253321152081 3,15407953141976
7,636852549860423 5,450229141327462
6,657050515431756 5,659968983847715
15,039123755844876 7,46677021036518
9,533375538248913 8,659472663763301
14,593992225685565 5,522931903494335
10,257789818976118 2,5046466263491762
11,110705926449054 10,010985278672258
8,04469712991935 9,787668515404924
14,485313301226153 10,288136397276716
14,876389229245728 7,081258841390941
8,216458624092708 2,5811428949381168
7,181240235990339 9,018868257048329
9,749915751055825 6,0627244305586885
14,333888806785492 4,2346353902679
7,181340082128819 7,267579870300292
11,76212866925988 3,2236250651569196
14,964732337603866 8,42316500695669
7,27007960505229 6,184701587115297
14,377967389802812 8,665433856208402
14,121064359296138 2,962252961314349
12,808376207314133 1,5726138026685312
8,330240355820994 5,286775626757073
15,020310097603257 5,566099626588262
8,112411789131635 3,8562941453476762
7,701089524210882 5,451407107107923
11,909266038550204 8,452895342829185
10,106460090903536 2,358982198607623
7,987570658289132 4,083039785214777
8,327055704219894 7,00958681483107
14,742175458191028 2,921985784282461
11,731983979795238 3,5287121318005594
13,963127298588045 6,471916910589231
7,058829019586974 9,94650274337383
6,588436990454743 4,22566275615228
14,83878408002074 3,024132108189329
12,857047773657133 9,711170085251005
14,904991871274 8,205432253813804
8,163955409354038 6,441616417368695
6,645212274056068 10,435701265449671
14,620161753436115 7,700675770450461
10,996816732929258 9,413863585684425
8,093869720565309 6,793590048889086
12,163682045948223 8,373696463962446
12,052979879814803 8,063675205971666
12,045825126991518 8,583802504630881
9,098651942386216 9,065441536811456
8,628665369937432 5,562151850879597
7,262173966218914 5,377179326103725
9,791950784601113 8,444644845458214
14,909173450578301 1,6046269314259223
9,426523949880421 2,7900612999851906
13,365746708589139 9,815657493605881
14,599239837229867 8,442316163404051
11,858470006958843 8,259420583094908
10,403387250930606 1,6972810221396724
12,959631913260926 2,163909574368133
12,65966023165615 9,515625355359402
12,281055808383094 2,919627103166265
14,329518220355517 2,508430908915346
14,908995010490901 2,480825759898265
11,041079322683723 3,7769707026577097
10,043573872632583 7,113467192126269
12,05997860265278 7,023174387141483
11,414832359446564 3,689451986491895
7,5100251035111345 6,241612578849929
12,037780154930878 9,183053666890832
6,748489975752914 8,16160833372539
13,040828958604278 8,875685115446604
7,137442313918038 9,430897082387975
8,001624228962385 9,929120296810405
8,549011129599124 7,609249383498517
6,568327837578007 10,28980496980657
8,702074938277049 5,588845458251427
14,062034718525227 7,654792262654147
14,113350803380566 8,610814209144205
7,5420138263205985 6,386222571930338
9,865230379282112 6,26259036216552
11,44950028027969 6,76057016655915
14,713295211462952 9,164897011624525
6,774893410547998 4,5652494282689045
7,793507061891846 8,94752912875178
7,105401550167958 6,206665003233761
13,682168185696295 8,26751198438226
7,9365067600052654 6,362716963472107
13,732531446995893 3,394196012747583
14,982225492669706 2,1803358300019395
8,65708679107874 8,78870525691697
6,416366797529853 2,789260832392349
12,60768802925243 4,398624815311026
12,579955545665449 3,072795154889521
13,52877915421637 2,579622409152517
9,462881191604783 3,2006599900783708
10,921170330897654 4,883803299835003
9,39317072553868 3,5647739714619977
7,616693343452879 3,265047371982331
8,274803725809704 2,8942133762687328
10,609893315102866 5,618024284344364
6,213864404095066 3,8146086655533233
10,942559295140846 2,8205886616055773
7,403998966344143 4,389856661852331
7,958279723247467 2,8178702513261316
7,392163024303512 9,461962953767147
14,734860160335394 4,004198969290324
11,861032591411972 4,404134647826501
14,256421963954669 2,3847214138384807
8,37300765156568 4,293488292663214
8,160072882263702 7,465495623227521
14,042259308463162 9,15727754238998
10,26121105550304 1,7078843849551029
14,289163568751242 1,9776855750315483
10,77509452210088 7,106962681844225
9,11035820140578 10,082594475894526
8,060987354645441 5,399669131028999
11,40957040077394 2,619180592731384
7,3406847445751575 9,981117236300326
14,224450603642087 6,201696948598781
7,709666445991718 5,688298243708023
12,162550351922071 4,139819668494213
6,205883487291956 8,163661719694677
13,746464180762374 6,218950503501463
11,1553181911054 7,413245208773633
12,344925128519755 9,786879737092425
10,77769048781143 9,119702731292865
6,416928547512359 3,01105584509366
8,596452321466506 5,448922494314859
8,29248955990622 6,807182486392618
10,613687229112791 2,892331362027166
8,825161579535347 6,0333346965083265
13,11795495562064 2,326950802115439
7,272079404252468 8,916346227928223
10,739316578056417 2,7596013002907434
12,520304165343415 6,53221414700356
13,70617443616748 6,807204729721437
12,402188428608838 6,780963011265607
11,764391742689448 6,558578625610112
9,534791217860825 4,566447546895953
9,496756095281057 4,524797213377967
7,232792158389548 4,698434305264945
11,685173972743033 3,8208449566645495
14,604517659206419 7,217484334104863
7,710120364759725 7,006890794237642
14,79017194982239 8,20721454962398
14,845923481829178 3,8536637319922766
6,911888358350291 4,553202121353215
7,552587904595734 2,7264096752041187
13,908817306299138 4,679848844852149
9,076883059557412 8,835783648168155
9,847388954159086 3,152595287867364
11,793155195882633 2,5639669910094343
13,175913609370337 10,098706661212061
14,26644666131602 6,8485577763637
13,399376036073289 4,847881152978709
10,177204416908202 8,844554595765999
11,67681694136483 3,4089275079662316
14,491374861060255 9,532085214113335
7,504994930532716 4,784452003500652
14,695834068106976 7,591087639139151
11,456633369587248 9,064837445880386
7,0738575963342605 2,2905944053913063
7,425185767636369 5,317681916206999
13,93516801362258 9,857360052464143
11,085983031095322 10,499661904940151
10,590695397497313 7,840586507769149
8,108107764387853 3,2731722536434567
13,405743208248246 5,377196806533602
10,704212482092894 3,8893322208021717
11,881974269482722 4,521590934771621
8,579495121562115 9,705504061333233
9,212925891975807 8,799982491896905
12,247894505538746 8,19393739625147
9,359644587852888 9,225437993133625
8,476156357483337 4,160377556279334
10,152771217075088 5,255985016361988
14,80054957848818 5,034872290529627
14,152086874169456 8,805184038979881
11,464399633732498 9,039565119961724
6,7069855330495765 8,182067737045617
7,755888375075431 1,5849747062656463
13,57501362246033 7,181396651268178
8,21705187725362 3,9353132537809725
11,024392159310235 4,9953623166957515
14,028963618481267 10,27697403656864
12,218900747800632 6,576998241414026
13,900536050925124 10,200850153799408
15,145415359822717 6,945274488238098
6,927626701697852 5,9315173791085885
12,059392581142745 9,942817864123345
10,141749033662128 9,03266554439476
7,678459114088689 5,964554780102133
6,280003263524899 6,687771043895783
14,117834270257394 1,6519624594457243
13,290464453643292 6,3249687740096
6,817566748568651 6,428165272512339
13,171700499607581 5,829414513712182
11,957552155269749 5,214821109742535
10,149464146829725 10,334908638339389
12,221690242144158 7,751917916221489
12,386136198727716 5,209262851313752
14,565553657057905 2,417947169153379
12,232874781470564 3,6763333171436616
13,93200705908799 2,1857013689985605
13,179568255564824 3,0108755207216027
7,8034543418116735 1,5940974625804216
9,892619502882251 6,147988098966793
13,069233212797144 7,767326997851935
11,363642742779788 4,0375085056023545
9,865483257151386 8,366033644603974
14,660634273179053 6,587051319272691
11,932211245136997 4,98529547824614
12,516260866369784 6,060835596879237
6,883039590335659 2,9368268119122036
8,22201238982116 5,870934904475128
7,682368615009469 5,354043555599256
9,87632548792509 4,986294185704297
15,111465452030025 5,976787953970359
7,839122767816867 1,8680147907049545
14,945074634592078 2,7604757824854538
10,039784778465721 7,738290804610079
11,117711020028967 1,640422751170534
8,153074532783794 3,831405611218076
11,979738885911107 5,745268054862285
11,373706326725824 4,979252381921011
11,649668504506334 8,097909331831238
14,892747197208333 4,319013161411418
10,087347038897091 5,124532238083848
10,770712493006648 2,9978303499735555
12,25901247206566 2,837625147802998
13,488980086989258 3,218935383461147
12,477903238331209 5,014368253868122
11,635220456503655 7,895140659039911
12,227107902704732 5,598450523291195
6,210767428272585 3,1260246396985174
9,670013614054326 5,529713522952267
12,440692628154375 5,456070375462149
12,73064046411897 1,7136979055688806
7,8043808258968745 5,078727144504083
11,986723461644843 6,507861214634076
14,88100041631828 1,7646310897857487
6,25377387034774 5,454514616638505
13,943839073184902 5,090788365316476
9,723227337484213 3,5801411344787315
11,29992441933204 7,783448170529936
11,314458285517926 6,83454880149778
11,513356500925605 4,9012071490920555
11,291888594786865 4,7908919279098034
10,996932383969197 8,425910372809204
10,729350848789625 6,8108065946702165
11,995153264501589 5,978438607229002
6,827029119459325 6,132721614138528
7,333209889215544 7,529959395848637
9,20569033908898 6,539653360909718
13,329466899473902 4,962325081736189
13,50477387023227 4,208758775662455
9,318903104249701 8,503757994789694
14,81457248837685 5,985564748736822
14,810572629001047 9,549953694901346
13,8853693105751 8,548618290073119
13,224371555830785 1,7333845472768221
13,769856216729853 9,2952709798033
13,840901005776486 8,383299728457978
7,958422005914236 3,692901266147084
12,356681437491684 5,331913357668992
7,633208817203923 10,384050054421392
13,888991939383168 9,531479403740898
14,817925819329187 10,075112881788348
9,68172924698426 4,604729827078308
10,488902950553843 8,982745113545544
12,74772585452239 6,186179353402597
11,181713585222415 3,998042646766952
10,437001212163803 8,712476726774486
14,528644463862236 8,055942455751534
14,085378848293711 3,1926438719755836
10,598758504170998 5,286515479654302
6,782925588865666 3,8112172167138896
11,760722044645508 6,234473846849428
15,013335016445065 9,537993240668012
11,712266522162206 9,0509077517633
7,237412178758959 5,982342662614382
13,616431422400282 5,536373725597281
11,83391240564827 9,767066708647636
9,161572722752386 8,387527637012507
13,168255477636645 5,1942091832650235
12,12127149153994 5,450865585678372
11,91923201974777 5,985441105623404
12,274247834410453 5,07788713249699
15,013644787649124 8,816733220493667
13,878269039859063 2,9430845027574346
9,14979750072502 1,9230092413672228
12,332419012294018 2,1537028931489752
11,152397767430443 7,263187885469334
11,830192944091273 4,406714430379814
7,59816069558468 4,88554356859878
10,657053847930303 8,925021121011605
11,593171462561125 8,023919322410254
13,257172663465145 5,241861863973051
12,098742868395558 3,6401954697533943
7,084594550674099 7,901817985508438
14,510422474558382 3,6856917839872265
12,459300899646294 5,7343653059524256
6,250841909774974 8,406151588336122
8,439193228737128 4,823080864282299
12,863126882978834 9,12156688730684
8,983787847536371 10,099422723819602
12,728436003306669 4,674667568500437
7,737672822596809 5,952629878026125
13,54003107404573 3,7329715997042126
9,733143773354753 4,866538211127491
9,338456991669544 9,122222014114776
12,478796273609234 5,765127624832854
6,203966823357689 10,116079911128452
6,5391667112899325 9,987435381335063
13,78509916001723 2,839654709691896
14,798359680124374 1,5356948472920378
7,4015512396816625 7,205473546539738
13,846535767246026 10,367215333443058
14,66922892787483 8,986981134158171
6,658541418363868 1,6867215855898006
8,276189178839878 6,987545217214592
13,91876461203098 8,01832899941246
14,064813465848182 7,836979954354064
12,975563615404333 1,5348339908331412
14,285457861439394 4,2214660485090585
13,327064672789117 3,590753657693867
10,149781833472625 2,362610841906832
10,216959316206188 8,639806282623361
13,016095201148733 7,309278264739191
7,8696915349301335 10,450509810762513
14,58165178447818 4,261736844208856
6,232698323322105 5,226147375202429
6,816356378597344 4,3737179943131075
13,306494592578398 6,266426923997052
8,760546337466149 4,632395299221938
14,019526724794307 6,833940102317006
6,633390357435609 7,02906852625248
6,511269753718537 9,448974149562272
11,344694663763878 5,8854443813606245
8,723033573152223 4,709742520599912
13,374462858981495 7,684584845485122
10,20739173369483 6,901099845561122
8,542713576276963 5,747309244290839
12,634570006899196 7,879724576521071
11,911023934414702 7,404218951952043
9,284981554663277 5,880796771741132
14,003448464969177 3,781450657127321
12,382876115290673 6,538741375942049
13,346655125764741 10,32855291441159
11,85711459080132 6,9496356318166095
13,542842201503905 5,2261097604121955
12,800239051543826 9,119813366355014
12,913222063903358 4,261809357316541
7,5875580851457345 9,576664263709766
12,966393900740474 3,3249444502240166
6,8431579293823726 9,402298375519532
14,875117158637448 9,956892145268197
13,718723921346406 2,5586243774505606
8,923593300835947 8,18383443040027
6,671474320801777 6,6900028077197895
11,259863147157393 9,044495796461415
11,215089495499678 7,402617562239368
7,137400460780163 4,069860026953746
8,179719283854991 8,539051155638848
14,463452917829049 7,752005449430703
13,446588120241577 8,40202181510682
13,32205536930654 10,175853084576898
8,804730947016516 9,437225893733205
10,49418887965222 4,889605010808115
6,2702320780164635 7,749686714676654
8,589176309932201 5,716572578063486
11,813716890615806 6,875810736827157
13,48121043237154 9,300451524289523
12,032056806002165 2,2288993036636904
9,281561606138403 7,517142822795937
11,629918441089075 4,391428377510706
11,559572231655956 2,132192829714924
11,119092087876826 6,530374179611131
7,65946315475127 7,0876660896457375
9,777252172451655 7,983114772805757
12,357239256023984 1,7724776073412625
7,176125317139876 8,32139300847644
10,378224161880532 1,785066792531791
9,831851659094914 7,516953281581694
11,813432109971233 10,490321502776055
15,043350003812606 8,869050779137936
14,09428596584776 6,282131121699747
11,97695036346307 2,4087797402487876
9,958223203114843 10,037985318025827
9,677005280621831 5,623877536054261
15,174555195286622 9,420620886667331
12,503224185516054 9,090503812309272
15,124982407024056 1,8861508558383528
7,7423350147320065 9,585839537101537
10,672930900878704 4,088243583865453
12,816867288198383 9,476905861271558
14,981278760883896 2,259612756228418
10,72805695077436 10,247850220353541
14,956143674625324 9,833945827758535
10,853766613164431 6,489749471182855
13,898291842970615 5,89947898629039
10,902968156671335 5,030054819384233
9,34963724896378 10,366301719336338
9,757640221576402 8,764914609381112
15,12035530511817 3,1094607161425944
13,355406967679691 8,719480245544933
10,00288737072946 8,813975296866849
10,197179296856419 3,187660358397647
11,48983316797926 7,306233166464114
11,381319344620271 3,5907126629991177
10,782014169393271 8,699510963407192
12,542843232280116 9,957027878374777
8,682250985397983 4,575510151904837
6,227692384505601 4,998642114169361
7,894356607660255 4,727121003817176
9,213024492243875 10,414595121622801
6,529166085909844 7,349065715399184
7,376080706979668 5,35229984102424
6,454632972498237 4,213851082131441
9,227821218096016 9,588686670748485
12,138584951233664 9,226227763544596
14,317379903153373 3,9575967743220333
12,823117847196887 5,492416923937516
12,557292518770804 3,9840588044313057
8,208769781776759 9,750697444851864
11,568459365851904 1,6230238110642699
12,346172094273676 6,530263103910853
15,18811707739708 3,6441902345989554
11,278269458513172 5,5137427637718925
12,536192565624326 8,375696832226646
10,314747650022099 1,5634342320998305
14,143428109907557 2,1854149173990596
8,97885468577155 9,372516856848344
11,477260195934399 3,697561737003826
7,8117564041681335 4,341623464462019
11,989515514662479 3,2610106303547624
13,107879498002944 5,156204210322986
14,091847013245886 4,1909783488022
10,092084506942783 10,286992792935113
11,724270542484895 9,708314215736927
14,05352091629329 6,087711451155636
10,882476173062475 7,97605143491318
14,657753209019248 5,810044905130736
11,710327064769977 9,284085915753074
7,186027744501819 7,475792825476563
7,084464093443261 7,303775939864121
8,274911384207137 5,372719007437733
6,480705774837721 6,347176699892802
7,3883450620570486 7,215141737062431
11,220111694073218 6,788300467712943
10,765254323330883 3,547785470475217
12,62300006663075 2,7656041986534365
7,374175826486113 2,0135127828085175
14,244497269364409 3,933169751281457
12,328423474344323 3,2638407239977374
12,336947233461418 8,319286054704442
7,8020647003306145 10,094864957818231
10,0328492230302 2,830738495153941
7,716724526942391 6,918777502925407
8,842504395948529 1,9158861565838445
13,846072693284674 8,501712815825403
9,310943376981466 3,795955464140988
7,909237913479382 9,875707937243467
14,187985863440144 9,39658221597293
14,607042843814742 8,175864698476307
10,727982413027867 4,964579890272306
12,739630804748213 3,7090964974899228
7,766242400384195 6,352699639462502
6,470415496112081 10,378811740480394
12,300429993761133 5,492581708500645
7,830296265350064 9,389435416888972
6,27904363992498 6,739043094995035
9,350238727680923 8,390558309445083
8,529123297260824 2,902169697483137
13,282939015278892 5,925467256432987
12,788377816016197 4,566777714824372
8,589598682773039 8,444569737824134
11,370563680712133 2,6516108026755747
7,139845174009037 3,005094741128446
7,758474985208366 3,1767778994912685
7,498235509072724 6,249670013136924
13,24819526182447 7,983247494590831
12,044080955553206 6,209716990591723
12,851189392675273 1,607045944185086
11,868966966491364 10,272163767232511
14,280255188602986 9,35538010625164
13,857401642295208 4,213080815263821
10,906955479874952 7,839977825314942
11,422202040507583 6,33465834204629
9,970558048313302 2,8191578511235162
9,901120139753914 6,609711312238442
9,200430368391471 1,9173239802450737
14,795842445416785 5,247889986907841
9,756549961484353 4,378848691542428
8,373143773421898 6,48940893452149
10,967936780754673 6,100248667564553
14,288422569200712 10,403627379749928
11,82138091455754 1,8032641735755575
8,514213037358378 9,764258559083705
11,139493831379639 10,374789078070991
8,251911347080222 6,158591230654367
9,426197684755927 10,148932831099895
8,916513657162682 4,044671970061271
6,526848875745708 2,5384824740290934
13,91128691698774 4,514185589777765
11,068439267327037 3,8531812210826706
14,509912316303296 4,375577859925682
12,03427952705005 3,879220907018804
10,269150876740515 7,534345376061292
7,223967501671044 8,326062773291774
11,416790042561384 7,154833147246646
12,521996909735567 7,7707010930203975
9,101400529216477 8,797598964987472
6,334527862854703 8,690105877495016
14,2739991226798 5,4330016587330805
10,727867592508822 7,624119514047011
6,8182756471326575 10,319328748333199
14,769266578215436 8,6240750697226
12,27048223221692 3,096161103330714
14,082171095099707 5,978784051953196
12,807181906791502 10,265156801062084
9,06544416420902 6,55202259405038
11,062721700656477 5,864180445451473
10,381914131111685 5,056955819044921
6,685379129177809 6,145889958514615
10,521501577344399 4,061911508346766
13,228678251868114 1,7958258189496266
10,519937432711927 10,043947026413026
15,002179019277769 6,461119828150026
13,948580967280158 8,172229198052072
10,813223828460174 4,280056527303528
14,74682389527344 8,587284967414277
13,29040107449897 3,087398819438752
8,767035166896179 4,503237113923831
10,351560387610395 9,497990292800846
8,168188221840206 8,359826332052432
14,503365637322638 4,849300711439506
11,985889379413859 7,729203939937161
7,90432458824275 4,00340433401527
7,087256133483379 6,5563458453014105
14,633371095291206 6,672802125992935
6,503396114930429 5,0154698472814285
12,452342108472804 10,44248302299782
7,628189591573757 10,287428887011766
14,595328889128702 7,014528409405337
6,802818151053219 4,683463883999034
14,186463360027595 4,816841591883452
7,186773304456831 6,591854231927284
8,63221702945526 9,151638161134414
10,183727476033923 9,808897955567591
10,881860949472742 8,191168669760227
10,908835185010211 8,645878963538163
13,095653533397435 8,411011687867934
11,521008482824627 5,799406343683326
11,248969707162475 6,779178333159768
14,112817215456136 2,3977882792111807
9,661066961152551 9,295071585418878
14,0372454184842 7,617500784560998
6,694336188139567 4,9620262537333115
13,356205148012274 8,575937673748262
11,498957026251889 9,77625449540254
7,570950328637611 5,633753006759683
14,429069684287697 1,9457823793766684
6,895377093687042 8,223197368181701
12,483843229593301 4,8726784378838275
8,816584573914746 2,616039783225559
9,30345036227477 4,452564558750248
9,910040391245289 3,660078236589328
7,603101199843875 4,201848952936517
6,974571335723141 6,7244890773891415
7,0947649332907385 4,39083853906201
12,367669341912126 3,06968061819099
8,899124016278364 9,31117902799478
13,86654793805862 9,298302262642638
15,159831668225149 3,5053736256011474
8,598037956732899 8,797848477252495
10,697249306124508 4,009522690683454
9,023024778962927 2,088856248878016
6,537980651774399 5,745119924174771
8,429578171678436 4,581226512281047
9,127695000123023 2,071307626470588
15,12254517876784 6,063201922373154
15,043668676729641 1,7816919786470522
10,228314344794619 7,990816061156164
14,975593347730975 8,471601990004977
12,9254024278241 2,8174987402840297
14,34046820014067 9,524398248157832
14,510379422895678 4,490271550620518
14,239876695576882 9,231898923451226
11,132163615804833 6,246925498846451
15,117281970181082 1,524285236741039
6,908669398347681 5,7400627692013835
10,938604487315821 9,210950995907504
6,562015921544458 8,562307777916317
6,727178792790615 3,648707319303365
13,860129043281589 10,134570635508368
11,351568403376453 2,577945209142511
13,189723850873285 3,9065608726778924
14,339566516890244 3,036223749697044
8,305326960906847 9,96872546572846
14,059353753480302 9,20317043832324
8,263297175560137 5,472860632115281
9,527869218595047 7,25286233560216
8,765802668497257 8,907603654173002
13,007887700427187 7,777518609580502
8,583458513219515 1,6165879779465617
9,346742066915791 6,295171807739431
8,184429495628809 9,157932427414575
14,796491362816788 4,770605172164414
14,310063383849357 10,150154386292584
10,819541411264881 3,697588151452016
11,536590863205582 4,545439821897257
7,141010892435598 3,1732922206452967
6,548014090788306 9,956444049650294
11,373852495733264 6,823814254518061
10,849720356841758 2,014034420382845
9,098818369853653 1,6447074713571705
13,008818212811413 4,899507354023158
11,543112414198909 9,035259931588682
10,024205050808163 4,777124880371868
10,555874220666137 3,5294021638287116
14,477144768809609 6,9246994316560775
14,980693413601013 6,678074912303951
14,180454657962489 8,831951551252835
9,599112924265913 8,150859518913148
7,7630119711939525 7,179690363927799
9,883961145740969 3,4806748188294296
10,561065361066424 8,328358962315683
11,297515870976788 10,472355894427059
11,401841676355538 4,8850154087691005
13,444806028907621 7,072587150047048
8,195284367714368 7,134633235385728
10,756617855822034 7,6849461408938655
14,106781355790082 1,6733252889287193
8,434450860345578 1,8318568434778502
6,8172572066464925 9,912124461397063
13,621168186344079 4,9355535348656225
7,0543158268544515 1,8201470316498343
10,583776921264981 3,7016079751521924
13,235566593934784 4,335936559211418
14,09353280085426 7,719082100213166
6,582950798664067 7,09170477026993
9,402326505933164 3,69758891750681
7,0176482162572125 4,304307790838344
12,347002550797868 9,133600770303481
12,969370747385476 5,979478295738973
8,699941461030313 2,091992415034704
10,850776502366713 7,313095619726841
10,282073171708305 2,3391872053541283
11,957597099402928 3,474733787508442
14,060626083652732 8,237203988338823
14,841024548286054 9,523465347336241
15,1907140598891 9,66251334329969
13,322830513537427 4,1239851455718215
8,423829481122468 7,302827047797496
10,00414929523233 5,946176857806025
6,857102141729817 6,132171342573354
12,780453173654234 4,652557052473413
12,218802127833246 6,844876077325213
13,40845280844977 7,0456770997152445
10,203375709229558 9,230004073626839
7,9437302011982585 8,523055397081546
6,64814045243272 9,98617165207743
6,209862646294192 3,562267367260299
6,643033131260689 9,81788876854536
12,973706461793734 7,120380228253044
8,529917311704164 6,91035295096063
8,757092397433926 6,326628981837292
8,169771395735857 4,67033750066607
7,451182842214411 8,476482446632593
9,120616705207498 6,910606938969236
10,024701702119465 7,831448381787885
8,429459749776873 6,718550236236799
8,700759961533072 6,34832832473549
14,045577948279234 5,44678447379728
13,533377448963083 9,322573775125871
7,54087900258704 10,07499030056771
9,010652565882598 4,323985687657621
6,674045382867851 3,318910293929867
11,07925940315307 10,108929151228848
14,255842077559898 6,4405201222389525
7,188954200961886 8,653539672151883
12,910850170134847 10,455926873662174
12,260967368683815 4,339956292461705
6,832694633005067 6,876797739995301
12,300372308427978 2,663208618505163
9,291366317296402 7,350465465041972
13,81471239552932 3,5595482162013274
14,427562251876019 9,148538786725776
9,671873486949373 7,588975190898764
6,7218173859269665 1,6828541547127296
14,107954630280405 6,799751565250715
7,7702663359187 7,420197041739952
7,374561368991719 7,0341935467147
8,826871180129393 4,131302365813443
7,146584262233714 7,034067877195152
13,326062014835 4,842188310692872
13,341670260019857 9,692742727069168
8,8847628173943 9,706873605231369
11,018454904091586 6,204573907873992
12,755725741008689 4,033696231630392
14,149575508703153 4,454031466917255
10,846137437265243 2,186115105663982
11,81992745015113 4,428019491331302
8,965841472357779 3,38758133249791
12,749653190246644 6,759684035652722
8,559904167417432 9,97888557849646
14,097895644052047 4,40400300663096
13,441307687065123 2,3583689181382574
10,265849230395194 7,378385691988732
11,280288805727542 3,352882382242294
9,540982771319523 9,507573065263212
7,883466930311034 2,7509263196894485
12,017148808536728 8,04787940132415
9,900979922540463 1,5418240420334401
8,822638614998706 1,5444959474560784
13,564579451308616 2,133308404718885
11,902370770276505 2,405351253085861
14,529837440586018 2,8842294619761253
9,818606989742403 7,95066132540636
14,593358212211864 2,957327317807212
7,5471213449876124 5,769366983508743
6,520839910520635 8,45488258926313
9,856546784848305 4,392087061945069
11,916757136197589 5,945698937960693
6,596662556622172 4,780698776689079
12,21967605358249 7,429164229966836
8,07904603146448 5,427764781944012
14,663197981514408 5,0888542236879095
14,905399551016348 6,80735366756433
8,492060104291483 9,595410716537508
6,8201667579265415 6,306626509252225
12,932545244540265 10,210065098512533
11,263817243581862 7,123933422929599
10,05892481419479 8,716655087132139
14,379654678416227 9,089885701437671
14,507266166230838 8,22021406779172
14,386914290469573 6,883800186097603
12,934483839905646 4,092995271475528
10,294591912406311 3,3137578313483576
11,658453976333085 3,4986093686792783
13,456233041611373 8,822540446609889
9,960580601891467 8,285287189670624
14,16059683216735 10,013041747828414
6,977293511911472 6,6491857848580995
10,662282901902689 8,00703786292637
11,778087721982416 6,808534119407646
13,009349000326505 3,3084775650677773
9,94495918002454 3,853276530350993
10,262887259562232 9,698766305804341
14,512768367863277 3,060952384490035
7,927001270397451 10,091334259668544
14,656941456440116 3,3518135300512975
11,32313211548408 10,378112626228962
10,721149408721907 7,104882922146949
11,557894872865692 3,9258836583636203
15,017828897937672 4,751159223468574
14,892430102912694 8,118523836086885
13,716496343975454 8,94520481057595
15,160956969522992 3,255047977652962
13,963547471163224 8,357185220526398
10,569882231102351 5,738102158733038
12,377790398949774 10,050618991457394
9,297275331684954 1,665230434440152
13,064204756897155 9,337139376166036
11,912775889475505 8,146124347553421
13,637212343262995 3,2527710773533234
6,31823085549395 10,069561272655905
10,150397875668016 4,84534519048805
13,795283923041984 7,311071640336528
14,185464909106429 3,392847105414822
10,134062965101077 6,160334560705014
14,768415094136802 6,884539876195635
10,732831854703875 9,943761134125532
10,287157827160744 5,064589817763036
7,6385825190092556 8,917860350009216
12,385117305247341 8,260107616019145
12,233220854671018 2,632526015069263
12,030803524463657 7,175802135634592
9,118824886153098 2,877601733676827
7,161159174352975 2,0699288253909907
11,660745382921505 6,646860765252862
14,722516409182084 9,143608193077625
8,174201496463821 3,5851032855942817
7,787126415520197 3,2089880971824054
8,242228621594036 5,1571736700699855
6,756819943074776 5,307311261197997
11,12812631854366 10,474796734896652
6,821673534727905 3,7035208815466927
8,631637872200365 5,609550560770987
12,740037785137662 9,456831296009133
11,482348871542971 7,467885704518887
8,293578495312522 4,53615149416035
13,285786858352125 1,6484775713784277
7,852684115194657 6,247624982172001
12,842772355294564 1,6778815106001372
9,395033465049247 5,990504720493352
14,390036454500457 5,266448229272646
11,20337859666623 6,781487293810959
-9,227732950372197 -5,4974555249701
-10,299947103111258 -1,7786037559665313
-6,003240573341091 0,001874510492344883
-6,652314638517496 -6,449464967728527
-5,08584663967128 -9,349043685761146
-7,243324627060776 -8,916299192861613
-9,587287544432677 -8,056150076083984
-3,8343306133429547 -6,455772847087332
-6,160829234580191 -6,052188895508409
-3,9790127914648004 -9,10862928669344
-10,257968504190686 -6,206676735012128
-12,268793607066188 -3,5999248413037
-9,52455243551319 -2,8123620571076717
-10,582096635309965 -1,3834591018257247
-4,6342347461082465 -2,5870556636168693
-9,262542013935903 -3,560135806600388
-7,950922444052982 -9,026594118625976
-11,389109062481616 -4,3384280971007065
-6,127683437781792 -0,10629340535834331
-4,419165260201545 -4,244263008225897
-11,139135825790099 -8,685238014187425
-7,7646555518411695 -3,901148393578099
-7,395506588367816 -5,390463600428524
-11,55555802297598 -0,11544212644304053
-6,755879331596366 -6,252933221913952
-7,174385426000691 -0,6854332116538073
-7,522234544028658 -5,930386709744711
-6,834380532883887 -7,385799221450589
-8,50947763511422 -3,5943430407197265
-11,685456989034959 -2,075217308680674
-6,884950327560136 -4,264903163831011
-11,036011515961789 -4,543213689801166
-7,6017365000737716 0,29088447758781555
-8,577764456359166 -5,548242391256538
-9,406008059377509 -6,539707768303373
-10,663117818068343 -4,452588955089543
-10,101585038342478 -8,337105753436573
-7,118968953697505 -8,05289321629003
-7,606667599615604 -7,9828872305373375
-10,086950951314698 -8,703320959252546
-11,880640288598688 -5,368822431620833
-5,331768576306864 0,5426571014691116
-4,109420293966686 -3,955137175227957
-7,656725357053496 0,02210808347943638
-11,318241529495445 -1,4355629935767362
-10,4196873372387 -0,1743531266065229
-8,455001404966005 -0,6184463674862537
-7,600010297962257 -5,707044300017437
-11,343454049504722 -0,8592567481229356
-6,242433156344017 -5,189802138621587
-7,691745257145207 -2,475982923583138
-9,949808440559044 -6,186845078385406
-3,687498609207749 -0,4775359360911573
-8,927995048808947 -2,796633073516375
-9,27642285838479 -2,2273590019679546
-6,952281257660687 -1,6889075558240314
-4,5327718761964 0,11366311647494187
-7,144393032020306 -6,639724481569835
-8,552479103651763 -3,162649324501512
-5,1412745515258464 -4,595814854178954
-8,29266548261607 -8,665578369132932
-7,254350885400921 -7,476122002663202
-12,240235340275513 -4,079184365699649
-9,735875369028545 -5,558376337679912
-8,327767851520761 -8,397335056830606
-6,800952132450974 -6,733877889525723
-6,483242005548326 -9,564716662939732
-9,101613561612991 -2,5134221113078032
-6,6385707813829296 -2,5539942992318156
-10,682105194185247 -7,882641510323773
-5,296462019504763 -4,322591072241201
-8,01625956236866 -0,7860681066388662
-5,596224900015015 -5,263266627979857
-10,809474382768538 -7,537472117480465
-3,892216000293354 -2,7079770625901043
-6,560417186702257 -6,723614306509998
-7,101152357872322 -2,070698872861511
-11,195922705004444 -9,613230727437792
-7,599146173392627 -7,20126287559152
-9,265203425839202 -2,468899357316234
-7,442020554751697 -5,5973749154106365
-8,866475276980598 -6,867211847760343
-9,044186005299792 -1,2056382780632615
-10,490176040339387 -0,6031146534593375
-8,893861322567172 -0,48348031183921814
-11,780836412667716 -4,6034471862519935
-4,41314887573699 -1,3450123457900365
-8,289442953476719 -4,745524215954587
-6,4538062468420705 -4,460032755992249
-5,769430408065296 -0,8250845764658079
-5,064624299784711 -8,627833634747713
-11,700545968504828 -8,597134669309373
-11,383758463188302 -7,637329283035366
-10,397484157989545 -7,725031210144512
-9,457785581754209 -0,26755297023126
-6,145794547928651 -0,2013927606369288
-10,036001281156391 -6,184391682890195
-5,052382646623641 -7,10206510370004
-10,095958966848473 -2,7106852990400503
-7,778092848413972 -4,1896345847668135
-6,571047779064414 0,6261147763689694
-11,408944526733775 -4,885067198084566
-9,032982538861013 -0,7052412941679389
-9,89786172139666 -2,38220170952457
-11,40373024671135 -9,173252356756908
-7,678309236707224 -4,765812000820876
-5,946409542605501 -3,81903913405188
-3,603111569120184 -1,664742171446379
-6,850963593737867 -3,360890853457139
-11,960946753875714 -5,53443123829918
-9,20075986852509 -7,244668162491785
-3,600572092919961 -8,242722211272676
-4,017037403304064 -5,862967704770375
-5,943194654642183 -2,9434854638787407
-11,079932935253277 -7,675990615301012
-12,424084470645989 0,41155231946558407
-3,9696973626147543 -2,3697274858947273
-5,048107926390481 -2,5145486612951737
-9,113713179436541 -7,306866371395837
-4,600392924854403 -5,8948341214403985
-12,140903423354684 -8,908815119811505
-4,452799994489318 -8,082493056626383
-3,579375047109318 -9,532348118355273
-10,037283697622891 0,10325078719316183
-5,68692006622695 -4,689679971082027
-10,915112394065574 0,6016832905691374
-5,164811980504227 -4,005513731495578
-10,237270394695217 -6,4247861504810295
-7,845662317165445 -7,9954935090342785
-11,013949862751579 -9,06812489391602
-12,218031473173532 -1,0609014115724953
-3,978467750353806 -0,9415615256753647
-9,568297477143307 -0,44620449009376384
-6,417577582177142 0,7680783298156503
-9,892952949400486 -7,9526453081303545
-11,995535147889512 -8,062057688465794
-11,582095269272342 -1,8747966748215192
-8,013938021729636 -9,045720502295106
-4,954931243113914 -4,944558680891229
-4,395182431323839 -1,032359488405858
-5,360647698079714 -1,3744836560917946
-11,826591514997425 -8,897071996681447
-6,466349983981354 -8,925276408396762
-5,69505360920891 0,30786743500659
-3,717860713717572 -2,281886105477289
-11,537046227672107 -8,78348909674614
-5,633087549382378 -5,514669366913381
-5,9746917381892795 -2,3228145529641004
-7,312048534009791 -3,646738896052206
-9,383872686917721 -6,025026071281886
-9,433298826477417 -9,119991387707701
-4,932693675724121 -8,980716442100618
-5,418370035358892 -1,6440876513671825
-6,1650415734693045 0,4462839565528974
-7,639450457434657 0,020125364991277483
-7,711817673073306 -1,7057395594798812
-6,446610282448085 -7,983526185114642
-4,060674295738593 -3,478813809259231
-5,974193694076013 -9,532421233037168
-4,789208897789347 -4,177021574049362
-8,08232420022478 -9,401950924954514
-9,64373693426043 -8,446036098097476
-7,934791621039921 -8,592460137183458
-6,2783841730632 -3,561613441012077
-9,69539681055221 -5,884440898631325
-4,645926484539592 -8,748154127791462
-5,65311609717483 -1,5047377006977578
-4,510580067711476 -8,351075355581028
-9,112707652826023 -2,11790388273094
-4,739403520986981 0,5239127364955496
-6,394461174121752 -1,0864610168993079
-11,312408026139071 -3,785539759670389
-11,019429959173655 -5,459238503393409
-9,185648754854714 -4,495364775495682
-8,61325401520212 -5,337333900451182
-4,645929182744381 0,09497165167085397
-11,62637301223196 -7,69120601351256
-12,034227724400553 -0,39438149009744183
-12,471823714341868 -9,203622870936197
-9,46910351975686 -4,869078683063921
-12,271116888000405 -2,2867256880489917
-10,844974868691265 -2,862821023303181
-6,130793673517065 -1,497739869782975
-7,997000232013377 -8,35930303958511
-8,402068896033676 -3,1970568262660626
-10,967816402764061 -0,2508989643535875
-10,488507529679113 -7,220538715384767
-7,292868134976457 -5,01982703680894
-11,740528096530227 -9,122878051873728
-9,032349116819999 -6,079958301150378
-8,884708899653239 -9,728607534113728
-11,736262935367446 -5,656361819190592
-9,149085259076987 -4,264976474851187
-3,7978042622718107 -5,507178509357179
-4,024912719884391 -9,257840119853736
-3,9162752769262656 -4,561976426461107
-12,036844870952615 -9,517310241506875
-4,539931504980314 0,5148880619866516
-4,229327489555015 -6,447066833567081
-11,956652554442508 -3,2447449201827494
-8,849546120451162 -4,206123595531245
-10,660932252399602 -3,539034567393678
-12,013807062457147 -6,46532959155961
-7,359869401849691 -5,803807830946842
-8,720539359520465 -7,745071489050614
-10,209951412092549 0,6172176500628521
-6,561600323043876 -5,749294611388325
-5,314381892887624 -8,606530131193823
-9,450816880598412 -8,628033798677684
-9,259468856417616 -7,246349567615119
-9,908915685837297 -7,424166355538117
-4,041028173034382 -4,677876338987344
-4,767191920926795 -1,9938785238579169
-10,366833425170604 -6,35285959932527
-6,390125057284924 -0,02219256474420017
-6,700676269927621 -0,6127929767595275
-5,265000428386664 -5,185800201305286
-5,811123357143082 -3,656236223844803
-9,281538698999054 -3,812996533254349
-11,522238263834936 -1,2258357674864515
-10,516141300881175 -4,877445476660872
-12,02909002163268 -9,151806188709683
-6,760472239041601 -7,061338706483536
-3,732050659974041 -4,6005918468004054
-6,255560162189977 -1,8273413212167442
-6,856074096536766 -2,3787676061281395
-4,937369438427697 -6,705207054668937
-6,342823276905945 -3,672855320871503
-11,406006249384712 -6,773860826966963
-5,385085708693467 -8,84968495414468
-6,2033486207117425 -8,756492736992696
-11,705403664510587 -5,474057192782006
-7,125063679262065 -2,899052355796221
-11,222770348321133 -7,842537762302707
-10,162989645321609 -2,5918386309351122
-5,037651908030075 -1,0289437271168294
-9,56992161664353 -7,690475999529267
-4,859858345775932 -4,045657429868754
-12,120419886809259 -6,642379429217381
-12,338574464448751 -7,843404558187621
-10,429625939538607 -4,600907369970626
-6,6604752697851755 -7,628586131781856
-3,5806060182534925 -7,338936244372257
-5,51043979629695 -0,33362470643720843
-9,254162705397484 -2,876824873204148
-5,851728610830774 -3,3875637470238127
-3,7377175069979423 -7,385335102933156
-11,006187454733354 -0,9522746850873547
-7,35252488811119 -7,735063723622667
-4,908251825581884 -0,7616954604175379
-8,208881613796724 -8,723108206287083
-7,284929362135691 -6,377414261379154
-9,330590907043225 -8,354451007430471
-9,138238909418558 -3,4043520110024392
-3,703984464683259 -5,219248769583453
-6,271616415392244 -2,6051103205419297
-10,456129907357129 -5,778869009634146
-4,144719809111951 -5,527607081295623
-9,706236712865866 0,7756036038257654
-10,154136470742355 -7,9394050314979205
-11,987379191461983 -5,435635411144346
-4,711171845034807 -0,39409368965599634
-9,99732412489838 0,48261428344199553
-11,286503943547999 -0,09778770920928348
-6,045592025162996 -7,711699865008312
-10,937877679280806 -0,03140685032591917
-9,681232459489626 -9,281022981494983
-12,469785511906686 -1,274743245485164
-7,386696209798672 -0,4854943352237404
-5,213259198965839 -8,462581344024287
-4,560446455316109 -3,105571216975628
-5,901727098783089 -8,47803272244223
-8,713327186687556 0,4081063289058075
-6,006001836713413 0,5509659597458881
-6,016942275448561 -3,710852096881175
-12,150032213834828 -0,38127038471715524
-8,280343513789816 -4,972377887606706
-12,198927028219783 -0,48673152687345245
-10,92092022240223 -5,786107171500225
-9,851540698364612 -5,2060201794831915
-6,359759082302754 -5,384097141518519
-6,008657372453386 -6,083494422128183
-6,306340850041788 -9,363086057606855
-6,579354939593466 -1,130514384926873
-8,458646620283517 -5,311737432667178
-9,705434081988965 -3,0236402598217618
-5,492915884031145 -1,2567660193390264
-9,187418350733633 -3,285912652003393
-10,833325158454574 -5,818473302425772
-10,064975177586334 -5,101043635591593
-11,746162919311189 -0,7761881076094428
-10,65061014411871 -8,548838924245617
-9,054016059024486 -9,106825178676816
-4,210005593877613 0,523737936608524
-5,079494857808748 -1,0644550928245724
-7,105356108784251 -5,18147249497562
-3,6164034891928605 -8,467805776018578
-4,241282209455683 -3,614083601947301
-3,8305457705789294 -1,719617551846025
-10,337932049725234 -7,7909391223477735
-10,696296312268066 -8,495430353072758
-7,162931045538052 -5,566859264768445
-3,5410016712076455 -4,428787324667231
-7,036203403876326 -5,9161399629575655
-9,913709437059639 -2,0106440402805763
-3,5476299135730187 -4,645646652688028
-7,521532499799752 0,7968378274366928
-11,316883774803918 -8,287813457452724
-4,318911313599811 -9,535417518329721
-9,971065967346624 -7,317389618458512
-8,393372039364879 0,18149138124046105
-6,498041888851018 -1,685459470310218
-11,807689410284228 -9,290385767527221
-4,428518464516046 -2,680255364274922
-6,199501077853026 -8,145036342914942
-9,492286360084556 -6,715713760156459
-6,136943657807595 -1,4540678730992538
-6,552773045151268 -0,4840453342688371
-3,707775211863021 -1,6959988849920526
-4,371408664745058 0,2631863540564524
-4,222178163938956 -1,2707577079972954
-3,904555314785508 0,35069929017594537
-7,57973497222958 -0,7709685797657442
-4,497024632254059 -6,18583702949267
-11,925090795816164 -8,918660806469848
-7,599888750693621 -5,710721319471048
-7,585352092616921 -4,8479964373834115
-9,282051711496702 -4,9217205296015605
-5,639260322634807 -7,387511750566069
-9,066594699609597 -9,528331619056413
-5,9069655491788176 -4,466553505264259
-5,4275499821851865 -4,302816284250545
-5,4608480297234365 -0,6436251918265503
-5,029639040333776 -8,489721345047789
-10,218725055685862 -2,650872149182013
-9,012028703630282 -9,7802575351579
-11,49277765286906 -6,422798985998061
-8,17438699820905 -5,203725507410628
-11,741827308857452 -7,2665343454864635
-10,389281812593786 -5,309149117008548
-5,185272099652868 -4,146480966524975
-7,004825115971987 -3,9588589532694654
-4,61223699745697 -5,408173987782996
-8,179560805238191 -4,509521437429584
-8,75712881306136 -4,5067983084222165
-6,1364004052417025 -5,211745718073255
-7,2238896439607005 -8,3701910814526
-11,219628944206674 -7,50864311131173
-9,965746856324936 -0,352070998279298
-10,92460636196883 -2,817011369077745
-7,855753469812168 -2,8851150835331714
-8,275609163878075 -0,2252257709750194
-10,903512848922988 -0,5498098068879405
-3,7064052449115668 -8,128943908658423
-9,290179161965668 -9,29697629204356
-11,9895665675382 -1,4811709802766615
-6,658494900497192 -0,4292967327270185
-12,28610543558182 -0,5103666932171387
-9,763160087601321 -4,827253966944593
-7,478264979814295 -9,608635244517371
-9,85326156932054 -6,098091021137117
-10,160036835791086 -7,259497666337695
-10,017970108366178 -2,8553066233862623
-11,010917556867946 -0,6493992265007964
-9,584063011837404 -2,9096446871865433
-8,140831255387955 -2,1179903590899993
-11,455701799096662 -0,3121891645319721
-5,710805003990513 -7,637261501156911
-10,237199274077692 -2,3188300176350785
-7,011514670705684 0,5977996703679392
-5,398071599863007 0,6835040818095421
-5,644042943048872 -8,833142810042714
-11,983121331744544 -3,688397413052958
-8,060052160489233 -1,410934456332299
-9,846479732861532 -8,807687273791789
-11,142019164933728 -3,9852856684775393
-7,296393495669752 -5,342967337878769
-7,515043153161879 -3,491829043766228
-10,682568621086087 -0,9887203928836241
-6,9260067810463575 -0,668186883152986
-8,135053374600144 -3,1056013973426992
-12,011748471375986 -3,195087611410673
-11,80881167953776 -6,717226090802327
-6,072347164123467 0,5433411696580452
-6,476947293065935 -9,335939401495796
-6,134316792020513 -0,8783406466492176
-8,894929614747522 -9,082733045785684
-9,804469615656338 -4,772042983918962
-8,067998832427127 -0,010882786642254394
-6,619605722482766 -9,020655779705995
-8,940772681670184 -5,478909432672436
-7,910719728021176 -1,7620186122960597
-5,828212143883723 -8,545911486401828
-7,987099903678767 -7,67037990895408
-7,658556966855148 -8,35960377168759
-4,880156621245661 -8,68708613732779
-4,126813402025581 -4,592224432820832
-12,494977162999623 -2,6265755930334294
-7,721000554248761 -6,835295594239896
-7,509777825225818 -8,715362556192849
-7,0360306299830375 -7,006437708826483
-12,373523602585905 -3,4214893273791835
-7,687700996495189 -2,272726100525359
-10,852683551189545 -9,531003946672678
-8,064488170929566 -2,2098052434168487
-3,7079364666959833 -5,662994383475887
-6,343012854819432 -0,35201504574514186
-3,8290536370844226 0,3480409520486228
-5,076772154019875 -4,673088352899794
-11,548262071479787 -0,049182015579989136
-12,031235580492172 -6,819931830959991
-7,244544566479832 -0,17848762221963177
-12,065986932739092 -3,383693420523252
-3,8329817601712985 -0,6681017087055188
-3,924195899365266 -4,7709776963704815
-6,949003356441176 0,4870782223873224
-9,612429757572565 -7,654355248340122
-8,63238399627194 -1,3530325791388254
-8,640255619057449 -1,31216706270922
-4,459274934024304 -1,8452154123653044
-5,773595774924349 -5,396996978627459
-10,590751359186452 -6,0322513898238785
-3,662702626937582 -5,923048338719016
-12,136599173530573 -5,820742817634807
-8,445887974901645 -4,12521089606759
-8,303355688717204 -0,16518741054762875
-4,009881858219597 -5,157784870144052
-4,9705573576417486 -8,021875524078673
-5,313885777319598 -7,805374874071018
-9,237008366014848 -6,989282913502813
-8,828889151158492 -5,231723789172833
-8,490208412429444 -1,4017364705797946
-12,252693383597952 -8,163431898821802
-9,138333029877298 -8,806816371972005
-5,513697544985067 -1,1636461602120034
-11,525285488147022 -4,531102215995594
-11,651052109343256 -4,243214041756553
-9,720180987414103 -0,8636612109563628
-5,681223958236482 -0,3760061745420431
-6,119599959209239 -2,143696074459771
-8,165697627522349 -3,836729925760957
-5,853055671324446 -1,4105149949065103
-6,1058553534288835 0,5372609342386994
-9,476735153433555 -8,068842085537938
-11,909336412767226 -9,047849656829236
-4,735437113664351 -8,688567397651271
-11,788135371872727 -2,2552714774447002
-6,278800670816901 -6,827183642765331
-11,566465525053053 -8,53770618717448
-3,942744119846793 -8,034905012798722
-3,631243496085208 0,6377843062866713
-4,185783982212355 -2,128646794545949
-7,534662585604558 -9,621075663911821
-9,250519728785093 -6,10462787046641
-8,468190854632082 -6,282066815926089
-8,791874721537116 0,3872408839137706
-7,863405460230635 -7,381671697571227
-10,236233270771104 -9,195952909196409
-9,904046064998091 -2,128743210250212
-10,129141433362173 -9,70260926897904
-6,499763037001635 -0,9268233202976632
-4,168875595080403 -2,190599602228027
-9,334031590299785 -6,358679669400965
-11,025620321448265 -4,555748066540404
-11,292567818428813 -9,423750037128519
-8,923549805437936 -4,705036665431123
-4,973654313299153 -1,0291075549942266
-6,168139334807056 -7,142324238869453
-11,444993775397782 0,6631644413186276
-6,184394149877562 -6,385371334669097
-7,127853832131532 -2,651560393514683
-9,275979732327043 -1,1330200748936345
-5,737570678201578 -4,845244636894757
-10,111218852094058 -0,043388656668199355
-8,150023992680687 -2,1650008714937803
-5,720179620365882 -8,537092873141608
-5,417973070746268 -3,465939623186781
-12,469933968582003 -5,89116671738153
-5,819609462105177 -4,814310054672044
-10,424123645557307 -1,0865154866819668
-9,855441306801104 -9,787035403524387
-4,800723956398379 -8,656325052077287
-7,11182611273065 -8,508780345553506
-11,641819623505235 -4,223824374042557
-9,029524680191443 -4,087310957225477
-8,563535321444743 -2,0248233754229075
-6,895955277880495 -0,6581343093579184
-10,410400100740805 -2,2884256422562705
-3,5951786996241406 -1,7567904729364028
-12,186204211857394 -7,500217095836095
-11,761671985995228 -2,712042109840059
-7,491940692600258 -9,795938279374685
-9,284254593968836 -1,8022226110024329
-9,01074879513524 -3,778061622987975
-3,710621739437638 -9,491733871563085
-10,904130297443455 0,6878180457439809
-7,449742041351394 -3,50981119671237
-4,6676902440146515 -3,3508909888960314
-6,114133722594531 -2,6557666609756616
-4,032868423499515 -4,48420139158975
-11,499083558747067 -8,292801236411846
-7,796253216540132 0,7453007719179878
-10,471736785887591 -0,9635018266582833
-11,72431261992562 -7,970401857815145
-6,1106570256448585 -5,597842360165133
-10,850878372977077 -2,7255035514799104
-4,70122516091805 -8,031640459827152
-9,118928322498254 -1,0932578672555349
-7,2145319905604754 -5,121706092215415
-12,286382975911659 -5,807975661105464
-7,60900036093817 -0,09095027889544216
-6,125428899243761 -7,011815592914274
-7,46029248007162 -8,490463570493525
-11,766961082072552 -2,9171967535861656
-9,952107082140484 -0,042422585752430186
-9,238696917539006 -9,797833155416363
-4,563216128329997 0,41422660506534326
-6,736198150330171 -0,8358285556296983
-9,73643772566268 -3,410122325824263
-10,71635441211587 -1,7882932161542644
-6,084380309710239 -3,482620156357907
-9,482724271945436 -4,160225533634539
-10,905289684883297 -2,688325129492682
-5,245114825254535 -3,5302304580559474
-4,188305334689934 -7,912140512643741
-7,93967926357941 -4,570029578300468
-7,711691141172503 -4,1850452560803095
-4,6999935000447035 -5,370404346750525
-12,397533042458557 -1,2408011620728867
-9,094488833917714 -9,074584874938735
-12,317880450006394 -1,2369924128608034
-4,895180103794315 -2,141787347168788
-7,7273159878732445 -8,758457722739818
-9,200376266806874 0,0342017163469841
-11,680004639763492 -5,587698235720889
-4,0639883214539285 -9,40605197104127
-3,7681636603330375 -2,901948002798064
-5,743074765727538 -7,668552790998365
-12,15896858970734 -1,2512298240751714
-5,924124636349895 -2,4205929378968634
-6,524771881754637 -4,786725648662626
-3,9404132301798533 -2,628377944714135
-7,307428686040103 -1,6671874645857871
-12,450088954021568 0,20341381314604434
-7,139652575150698 0,6364358559162565
-6,613761420422425 -6,434822903192781
-5,987329573842359 -8,193582394819162
-11,304567829123098 -0,11898696620487226
-10,049371948505069 -2,8388705117680413
-7,7383336669291225 -5,521280214198967
-7,859252449870944 -4,662090664230392
-7,228260057791056 -9,459935526473036
-5,345313312183225 -3,57685803347813
-10,952541680657887 -4,165147312408371
-3,609963914855493 -0,22783241381056363
-4,692998925361411 -4,114217851868795
-4,706626565073484 -2,6430546097374066
-6,534042358485796 -1,5358482131679831
-7,663328252062523 -2,049515988022816
-7,947836259703301 -5,1021959146041205
-10,887013875572634 -6,145483573035126
-9,025151151196024 -0,8070660118149837
-6,465027698777957 -4,349637394922042
-6,519894712697782 -0,5453125464192565
-8,673767879903764 -3,9880118517786443
-11,212189236205685 -8,373632597878853
-7,595436029712974 -6,762330909528273
-4,115585491522548 -8,00248207395927
-4,573495547481468 -5,671598196364258
-9,593023372388064 -2,3513179908157458
-6,9344681269260295 -2,8619777762983247
-6,623514943506885 -5,401909337176101
-5,161391482230544 -2,9538461338314796
-4,207384328884228 0,08829458706279192
-4,417878614347851 -5,3831795323151965
-8,646109947904112 -7,2090213828841945
-6,2923172287463265 -1,1521607032037888
-11,842315105238805 -4,273030304760436
-7,280664921986854 -2,013261429428626
-11,956344091528639 -3,297112030909437
-12,381679438510128 -4,586478807998742
-7,923675235123864 -6,470271039285994
-4,36544342694622 -2,965134484457348
-10,476165833316383 -9,137484339627495
-11,881849587262357 0,305808031823171
-10,149403191966224 -9,792855925992022
-6,947547145373813 0,13263711315304416
-3,723949702676965 -4,857256439529499
-11,413811125836514 -5,910587177036607
-12,263647972204886 -4,529090035247551
-10,578394598621145 0,25994620907599164
-10,124418819715538 -8,68258585801857
-9,99602189588002 -1,4730521775926821
-11,259073545369674 -3,484693411587253
-9,754571134597338 -1,509446379499465
-6,050239356942748 -4,498431654597885
-8,41839879070578 -6,0992625552357085
-8,531526203408664 -4,658308341216552
-5,596220485958229 -3,111511092252057
-6,101545428019811 -4,082947854282116
-6,500281474165427 -5,934041264279454
-10,361040766041501 -3,459198535865289
-11,833210759198693 -6,0021374217581975
-12,029154163570002 -2,7638030999500405
-7,404701042420088 0,27662085026903216
-4,023537617830332 -2,941813119959111
-5,475240172475033 -1,137650262318943
-8,827668968814471 -4,761340599352885
-7,346935411914229 -6,9719452986973645
-9,930815944481662 -4,235373330355891
-5,982389774197243 0,28364065152479045
-7,407128929665551 -8,066024059199606
-7,804690481229357 0,28098239458016805
-10,413589952197 -9,113369230763043
-10,516510116226781 0,04825560688769115
-6,9543708919144915 -3,327427780589481
-8,607427232784671 -6,6896110326173535
-12,469896339344352 -2,5793269270947237
-4,790079759919285 -2,8244635115174246
-4,7672196343716084 -3,7399935128247757
-6,740893379248772 -8,740393749665813
-10,750303418800167 0,7057686002787216
-9,644626619710927 -2,710096012787326
-5,0136056051726685 0,3361094309565846
-7,802917520727778 -5,792169796519182
-10,208140503746126 -2,4047034651149692
-6,939246376322464 -0,375139842410126
-5,103694497419382 -8,754414089440482
-7,553777654040532 -0,4979208827178141
-3,627830870282091 -0,23536645951676527
-7,214741720852771 -7,030606084765061
-7,3978823426336335 -3,9811216273295127
-8,221945031711531 -5,387104085803287
-4,101123843844874 -4,940963819581107
-7,293347468795561 -0,1028299126961697
-4,232544594854103 -7,409636761509154
-11,83152925586413 -6,216072778358728
-8,616491384478682 -8,75743655453333
-6,494330799669751 -2,543287925955531
-4,4995236364827225 -3,7117156821856154
-8,954300143661248 -0,5550440832027055
-6,503904076914278 -2,023898711902045
-3,9003219874842543 -4,872786291976736
-7,266194420961758 -1,6477519079071643
-7,901903068918051 -5,972253144799034
-4,978082474933585 -5,4782486252668505
-12,138610741899392 0,5471934227591416
-10,954107751385962 -0,2521443797146481
-4,980180539863498 -7,4939746973062205
-9,141714556083969 0,2001175870605968
-9,73418870328712 -6,185128116008141
-6,969832882028779 -3,614340630065783
-5,82695390896132 -7,821098986671358
-11,617624076902676 -6,6455609710035475
-9,075059567553813 -7,0408293761661715
-11,388550410011714 -7,291301389725329
-9,088579074751118 -5,008291326454883
-11,749233286164738 -6,725592201509818
-12,462302226325667 -5,81151430452811
-4,460294201581762 -2,147132739854232
-10,2434716948714 -6,857256764491498
-6,1424041284582565 -9,666006927643332
-6,644376472341173 -2,4067329594518787
-3,7995385222679445 -2,7076564331777533
-10,053097176540337 -3,6699009097218287
-4,913801985852036 -3,3916029553330143
-5,265040023146636 -9,790737944221807
-9,959360544921767 -0,9617619821947745
-11,838945121427376 -4,9380774619979775
-10,475741184160421 -9,208032089406757
-6,737769217924191 -9,78209141274413
-5,303247191819891 -3,853852166053324
-3,907423382624838 -4,386400451755563
-11,706733101039847 -1,4695949888270652
-6,416159677833253 -3,050579890181319
-6,921849489117471 -8,41330012933657
-8,446450109377917 -5,840408291676814
-6,765917014337473 -9,617131534101016
-10,111806219778401 -0,5021230370556109
-11,02144271926987 -6,52829246731518
-12,104633456540054 -2,549536642099638
-6,709277318210665 -1,3926802472606485
-9,395778706390082 -8,523033898352729
-7,506293922481262 -9,764137158201768
-7,200287533527695 -6,5485928131881845
-3,657381995351628 -2,938794587626618
-7,919952280770345 -0,2588853974724752
-4,270833553738511 -7,034123516352917
-9,978920979837401 -5,053420756618589
-11,885938800212005 -8,452677031651776
-7,645255627044971 -8,126896174682564
-11,676232516396396 -6,696345013020554
-8,1484440224685 -6,216488693581602
-9,793431411907957 -2,9491698272521836
-10,994102420753368 -3,9299065334648073
-5,564117019682975 -3,104088682936897
-6,153867273878321 -7,168218506113184
-10,429045866440356 -0,5180677953592185
-5,279911387844723 -7,059411888012406
-10,370805930980278 -3,1333459965453443
-12,186943871817405 -4,271572028914079
-8,430180157920582 -9,396359878709143
-8,888547343496157 -1,6445981058428025
-9,654647625024088 -2,1877429854649115
-10,435605416717245 -9,595514290121567
-3,7390639010574542 -1,1374318515304822
-5,776884753263124 -8,718356731630829
-5,560169461976899 -1,4705397316350093
-11,90138722471519 -5,310832177191693
-5,648316705618032 -8,816926645987959
-11,294852349705499 -9,011190832488824
-10,48460465719831 -0,8733831294765135
-9,924744908543047 0,3928846587959658
-7,982722987378085 -0,12115441635210522
-8,721028946794235 -6,313403389059601
-7,256319832037171 -8,235509459047504
-5,404057655132888 -5,448669284780865
-12,099487681603359 -9,317461908878004
-9,738651734228988 -4,876839201613897
-10,30402726960122 0,6672773208190679
-12,161543425058918 -3,1021892287247903
-4,523268737290914 -2,68253420783435
-12,220897712258376 -9,62905726744697
-4,094917155253272 0,04664764816301048
-3,983698269933992 -6,450319599136353
-4,873275682279297 -2,5320793068030163
-8,990594270598978 -1,3349069720254503
-5,5923490154262705 -9,753987432198015
-6,855644480540806 -5,441190688852099
-3,547776734193871 -6,871074614299622
-12,403419509677855 -7,718596345600374
-7,460142171113612 -2,0999860243361814
-8,969203898306635 -1,562659115253606
-7,62270982215032 -8,411124764167479
-6,905507407418016 -5,3442347148394465
-6,1011153420631405 -9,664638143462977
-11,378628995457326 -4,2800996477640405
-6,936807368918001 -6,0754703153880465
-7,139580440113481 -8,175625741279324
-3,8226369739238475 -4,386610380296472
-10,63393098089637 -4,569431467992632
-8,199197141527957 -7,49194275979633
-8,979815649785618 -3,046957886753299
-9,527112869473832 -8,86879706051322
-8,832726370003185 -8,835488035044454
-10,51410869849428 0,1226658447747907
-4,102037410297989 -6,051204636639502
-9,21969511196469 -4,50922987196372
-9,927275070352724 -9,520560490720472
-11,457295326237118 0,18047192559704195
-9,440300297713513 -3,5952776506173985
-7,179137958242449 -2,9439698468920614
-10,139312282117725 -5,406781178046382
-12,155889421464636 -9,007520654666545
-11,86780337579863 -8,228036742200384
-8,591704880142709 -5,845091805188085
-9,403627239781475 -7,4424377528027295
-4,734286106099908 -0,6404239637677551
-8,027822921281029 -3,3121240600304738
-5,754033129149506 -5,801116691175215
-4,195663046463597 -9,480875579029918
-8,927439245901516 -2,421123295540366
-11,940533742579833 -1,7908570265434232
-5,826834318651208 -4,638689994044833
-4,664013406543394 -8,634815116078403
-6,683386930182242 -6,002041921585727
-4,939550184721286 -9,352912691511781
-4,268037440314 -4,844269891131667
-12,180579692570625 -5,490190364011614
-8,196587604155948 -4,477023070264592
-4,8270744335509725 -2,482292667594715
-10,318658339424392 -7,949252755363035
-5,503751769000184 -5,2693897023101774
-11,285805865531032 -1,5795483195088054
-8,09681333130567 -6,326689056996308
-5,954635466941431 -0,762631958394393
-5,711611152358403 -5,987378155269935
-6,930202966606267 -5,995355154935523
-9,481823890405622 -4,073432252120607
-5,447884605664925 -6,21938811678465
-11,76270493659588 -0,6908488350610376
-7,976988188985102 -6,0958788800865555
-5,590763048082572 -9,310722304484901
-10,610297585394054 -4,922533929037928
-5,488838264716346 -3,926085526036685
-10,369469975782277 -9,106777697024546
-11,766585585240684 -6,7410358078952894
-6,413983432858902 -4,914760343631803
-8,05257483263141 -2,04503666494368
-4,726298722295133 -3,981096604426135
-4,036874858321747 -3,0555841313228393
-3,7064927534209335 -4,145235330745949
-4,88405489084754 -2,1425312894766524
-10,400640491441663 0,6165894718100055
-9,21957285292174 -1,1409979054253712
-7,844630682080114 -0,003903614581063919
-9,252021017398228 0,2742571964260958
-7,9622110344362875 -5,265338722637345
-11,282326336173815 -0,5999445301554791
-8,565450651808227 -7,837384284775708
-4,4157245679268105 -3,424164396908391
-11,315956216441192 -8,79514117181484
-9,660029768785602 -0,277906131518769
-6,7143819287192015 -5,698503527122832
-6,297670556448006 -1,2806394255320657
-11,067014712169303 -1,8872570179916306
-4,419696583689866 -6,10710715523743
-12,377368816362218 -2,0531862157096556
-9,25256980360886 -3,758266113505422
-7,740143736971691 0,5847428984183209
-8,99052173823219 -0,4039851124465792
-4,891824507366479 -7,36787409742218
-5,505480820264263 -0,24512397917481743
-9,443987836414806 -8,621414949325779
-3,661013866230393 -2,675214001460107
-10,968116475291145 -2,292805898170606
-11,632605539183317 -0,8792684695368929
-10,655070193472206 -1,035266963086699
-4,556430533325321 -1,6497012851201542
-7,800356382704309 -7,008968723879857
-7,070087304421521 -7,056212624216649
-4,525780514068062 -8,796548314586179
-3,6312045939654976 -5,452208655112244
-5,33815827693244 -3,598868127557978
-10,236835620698827 -2,023357265407885
-6,740408910459275 -1,9425899189161921
-6,262689901325542 -6,841974978831913
-7,942672478561458 -3,7917749552828255
-6,1808322257599055 -8,946023088360871
-7,184411292231474 -2,5606610083853187
-7,647686054554684 -8,569877599837673
-11,255860786197003 -9,016634448751617
-8,780921412320714 -4,599412420978415
-4,4130456624704575 -5,283557382132607
-8,882778031047886 -1,5434919259468274
-8,351077550802259 -3,7235775566190528
-10,379540255059595 -7,009669034857293
-8,841926297390948 -9,573359370358641
-4,869267514945889 -5,0726766771415654
-8,250240607145555 -3,6832698315266788
-7,6085327905477325 -6,4800082701924
-11,525348081711769 -8,265609462052867
-8,830836072262638 -6,734875872552482
-4,132384901762267 -9,306053272113038
-5,836268038820445 -9,011400774004317
-6,1628089281520655 -5,042738517499903
-6,819838170620833 -8,032597751655384
-7,472512249587711 -1,599238742861224
-12,10548034450712 -0,2537561781689277
-11,11074800906018 -8,16630926011232
-11,740689734865484 -0,616968230753451
-9,832788291485947 -5,8866136908445466
-11,395113537122992 -9,294856711893487
-8,56545379042449 -3,0685091041136463
-10,245775941803968 -3,1582103726351267
-8,317341858472481 -8,548743580993527
-5,334758029317076 -4,156398577814378
-7,796142312930174 0,020528398695127348
-3,9211792514470716 -6,09876517566858
-7,94424939164756 -9,20351144870878
-11,65644227120997 -3,370866266360447
-8,732626807075958 -5,483000817539847
-12,042252596471338 -2,9534207187618087
-9,534069974100035 -6,910190942800831
-11,596063934859876 -2,1313888380587773
-10,79780822256137 -1,0689082093166793
-5,635380099744396 -8,738065823266465
-9,285716166866392 -4,202068217916522
-11,147283996671884 -5,0522873827006505
-9,942639871328556 -7,326792343433554
-10,47301669403604 -8,624936066924704
-4,5185734948112755 -3,3127545747155347
-10,645702877989862 -5,078347564789369
-4,6249667838590485 -6,824947995592353
-9,877217460969732 -0,03341202869431403
-5,476538476316668 -5,485604069103103
-6,398296206683045 -2,7287933024182127
-6,469757247058572 -5,492537957916211
-11,241894687684027 -3,4292845493447546
-11,051516079169264 -2,296936272915924
-4,638052129092411 -0,36646841266998775
-9,95181645433358 -8,673727707461016
-4,443606950043906 -4,066959620136136
-6,698663666793745 -4,741942170981521
-4,8164193873581365 -5,847444590200776
-4,062159008748987 -2,8376814767359644
-5,139316489039867 -7,464838590368568
-8,416963495452844 -0,6485545686344882
-3,581851914284762 -5,927049324568635
-7,203294647209822 -9,651439018366245
-6,507543794110079 -0,5443017227281599
-6,027325087401281 -7,365197289077316
-5,532383025122155 -7,541588769001836
-12,434064110794088 -6,485882343921272
-11,478171922983393 -3,2714202023425454
-10,216045804778927 -8,919674487928146
-8,826853213441687 -9,549120824627021
-10,615964206473485 -1,729927865741671
-11,599436286322131 -6,077959977199462
-4,027595967903359 -0,5157079093536159
-12,154147658752294 -4,661991340193787
-5,415433140289016 -4,943399176991709
-4,809077470738632 -6,619138056181056
-11,51245516933707 -4,216247800093424
-6,882204592106317 -9,792284806330565
-6,608814581283675 -6,96103367659242
-4,735213578353076 -7,325462748943189
-3,6476581887646606 -6,18592347909465
-4,034736539037688 0,7653309396362376
-11,077299330364083 -1,779669031420435
-4,5718177280226 -1,4524393975173997
-4,168393733591955 -4,772555220087888
-7,1716124007647295 -3,351353924695813
-10,041817574029704 -0,40620807145041504
-10,167063162327201 -1,4001701313356378
-3,5172130065731757 -6,070052763811424
-8,360835362048793 -5,76680890524153
-8,302492397681029 -6,822476591857428
-8,447599561035648 -1,3019308349328715
-11,325118789101275 0,2919632814159542
-5,939214304976747 -2,781016675489906
-4,37152909125186 -1,1567173585217438
-5,930783827887878 -5,658523632731478
-11,266942915382323 -2,8178197904728908
-9,48941402310151 -3,1370852868423684
-12,023772003286457 -9,195859552858664
-9,118431295526694 -8,93007253501261
-6,978792344936681 -7,244290997807352
-10,324435133090116 0,7820355434734467
-8,198546317994973 -5,21364028526967
-8,182935958256163 -9,569423653333653
-7,724873485751466 -3,4656974942841554
-7,95061456380265 0,24965174990458794
-5,882052857531603 -5,185204719041459
-6,245679489447539 -0,04737502816400874
-8,696298819640171 -7,3702665842152575
-5,1088918246064114 -6,460698064222546
-11,938947797836176 -0,44252333857248205
-10,116197183426225 -3,360507210977497
-4,614601799204787 -5,734569462720804
-8,231843712152072 -8,602408427944178
-12,320747304159712 -5,521044752082009
-5,245106950351011 -0,6052254400217749
-4,804660504926557 -2,5447266637134547
-6,2231421999075724 -5,087055319766355
-6,079321775941171 -0,14174800910059993
-11,141301806579715 -0,6732372089653593
-9,496812544618468 -3,018672867376834
-12,30804304593379 -7,408399846783204
-6,182742011631339 -8,161360208712813
-7,116982973535723 -2,2160209811618
-5,206586195959195 -7,0235937830319575
-10,323958058498732 -2,12647938003422
-3,5478114473503464 -5,528912087205326
-4,56287581516755 -8,796389231575407
-10,162975688732022 -1,7956625416572625
-9,40317762475607 -0,15215892545200915
-5,401583796893643 -7,864134454341422
-12,384074496740752 -7,24247164696308
-5,475646930104018 -0,8122798301068035
-8,174130568959432 -2,7749491857207538
-11,441492766974243 -5,247007934816542
-7,807095320368837 -1,2033819202920009
-5,077550626179761 -7,117441294570774
-7,371932319087986 -2,3758004886055826
-12,402770792104084 -3,2890920061599127
-12,298536476872032 0,7017094022907453
-11,422760918236364 -3,126858484823769
-4,566577261825955 -2,451490277939718
-7,877102915655071 -4,455020509238924
-11,161103107731003 -1,8086466148053872
-8,70110355681497 -5,057965328410031
-11,290690143087422 0,32044997736513686
-5,147839135465437 -1,5794595331465022
-6,926248615108626 -1,2772802036912398
-10,401844059154593 -3,160735236627106
-3,9418843517998674 -9,763898554132549
-6,43869903621818 -2,747516094295147
-6,3954494077958 -6,984304258022988
-4,500481630619828 -1,8082244200365605
-4,400995367456783 -0,29099282303932195
-10,465922428031869 -7,932801835611852
-9,766436151181985 -3,373937200166207
-5,769932509232846 -5,884152225806055
-11,862342888990028 -4,5571581875459115
-9,705186911350056 -3,805840304816063
-7,296700132463509 0,7635741910535506
-10,735269801367028 -4,4766776272093045
-9,88494634560049 -0,07413724818995204
-8,72385593724872 -5,228911102632635
-8,945412519918895 -8,026773325985742
-9,42750433240798 0,29861809603991674
-6,964475736699846 -3,3021118219377676
-5,511505214700959 -7,246064993382624
-9,603254267797675 -5,6317428872101
-10,25793026108282 -5,167726783334463
-9,810055281251964 -2,9530680842540367
-4,358550153074415 -8,832256113433026
-6,3397394489533445 -4,993535208796261
-11,137445522784184 -9,642040674394714
-11,761942060708199 0,367053759728688
-9,40789240322468 -8,650328903204949
-10,101451702536272 -7,384235643779605
-10,893256128759246 -4,535167102675197
-9,546826974777403 -2,3658035077000887
-9,25584405618936 0,6480084149443494
-12,086025928687453 -7,994134327884535
-3,8899070743565076 -0,8284276014763006
-11,116703486770088 -5,825504436850007
-7,2689266540602375 -6,357122330658876
-12,496958827666425 -6,164226337968207
-6,267008182553137 -6,043135971761746
-7,277598055847697 -7,907773298074715
-8,318806867334407 -2,6256911495582935
-10,933384481880319 -2,7174007069925183
-5,193892478125831 -5,339784868777766
-6,765180037684943 -2,817675307582155
-6,092312012292875 -2,0211595215166946
-4,686395702555581 -6,62645041774081
-11,818412052834383 -3,270295224708626
-4,349026220779404 -6,712647024191507
-4,157890022511523 -6,797648121567711
-4,670158374171087 0,4003877282171289
-8,354809640919424 -2,2682561500331255
-6,327403805098779 -5,798436041113824
-5,396573402209352 -6,351811005087076
-8,688920347858598 -0,038700108676208655
-4,320857627159448 -0,2766704515111076
-9,48324142905214 -3,959131070169561
-7,502354341613044 -4,530073309578018
-10,174065514923683 -0,6539042996126949
-10,076893495980247 -4,21998965640418
-6,369881334399986 -5,192373754178996
-5,624392444236658 -1,7302850066472246
-6,499090027736391 -3,5768910332049098
-4,480227704642875 -6,739818466136001
-4,079991999100725 -8,731787989060848
-4,879637972743781 -2,686383623839382
-7,9918103871988215 -1,6144156819802677
-10,815308932190872 -0,3596405927990656
-9,6564750130548 -5,0278770544713085
-9,100428804600869 -5,294498469545275
-11,357273794861833 -4,108488778331437
-11,378263851638536 -5,257260123759086
-10,392260535588292 -8,16512851605963
-12,162052464258819 -8,924707596198372
-8,266739602546933 -6,410345047596207
-6,013619817530106 -0,9336642170734752
-4,615319574998382 -6,212606819204312
-6,336365406991268 -6,067485750530393
-7,1186785756607485 -5,3328085863076815
-5,046106768024082 -7,872772952744346
-8,950018547878871 -3,2155714248732687
-5,471272198779236 -0,4452232331509218
-10,809359442310653 -4,038692543904813
-9,647314219537009 -4,616875175333111
-9,733345043942577 0,0390200732977648
-4,889681889230221 -0,7350652468976899
-9,162199463160217 -0,3054486953071618
-8,872089444057401 -2,8569715208501796
-9,332338554777191 -7,245282749583155
-7,976926559405847 -6,7141227103548955
-8,167655261355964 -0,8175435499567645
-4,901739793754124 -2,603050465905489
-3,720198768070759 -5,283349566103424
-4,9504166826619915 -2,724198214166681
-9,801848963652416 -7,014960878413256
-5,894992632476055 -3,174634936948067
-4,043959422853435 -5,901591619917692
-7,489544551666109 -7,428264632554897
-3,7551564876765404 -2,4381469891035454
-10,62466007997289 0,16232840274718408
-12,275506169412106 -6,4627393614118835
-7,371916783617971 -2,952625891023427
-3,6153844578484797 -2,5890433883393227
-5,240930008557006 -9,755334266408964
-11,230266682909189 -6,739321956548212
-10,184671720093288 -0,04218031970681302
-6,112327276668806 -3,759876657259843
-9,075061989014248 -8,78486643256109
-10,766101208743823 -5,617824243447294
-8,290256105414517 -3,4155426847084103
-6,6524655125227845 -3,994286250473496
-8,560141221046907 -7,529394827618105
-5,344760470328447 -5,637347565815408
-6,34198471056184 -7,298244008550911
-4,157815092181439 -7,141303888561024
-4,384025301047755 -2,952524406389987
-10,82434791070244 -2,238426955901698
-9,607915424726535 -8,584607688690108
-11,52014889794166 -2,964176458975139
-5,00771164033785 -1,1567975678674671
-4,895659243533308 -7,651746350037622
-10,054086395406692 0,04972122739028351
-8,51161501786952 -5,208354232535055
-10,050918705857175 -6,2464840177211345
-12,100057927329985 -3,593338134243594
-9,648763720302695 -5,395792186238894
-3,7819285118514276 -5,984927799164146
-3,9868408115137797 -2,35955740182475
-9,558298861628757 -4,386271419738635
-7,3712942155881755 -7,284671577592646
-4,857719898991359 -4,440681547581625
-3,7926876407708683 -8,509276449357465
-7,688881090370123 -1,8950734242804221
-11,529469435000829 -1,5496030926105264
-9,080746817870956 -3,8912119967532783
-9,443326437535351 -4,492831044214371
-11,809809917737148 -8,721120839772798
-6,332004736395134 -0,921534102618975
-5,480775906851681 -7,818899832894394
-12,41374857294996 -2,548724034326387
-12,41102605822992 -7,915098168570837
-11,432250918204813 -2,1394808951465327
-6,40607186846383 -0,9485139387416892
-6,495486058471982 -2,689974077197954
-4,348613968201038 -8,90462119944805
-6,845414589910555 -3,4988891426537547
-6,473106858046638 -0,334925008809803
-10,196664555122986 -2,551589542442369
-9,623115582641452 -8,02495298718343
-10,141234243951288 0,17942254514124234
-8,332740390707354 -0,45576356864649004
-10,37510527997912 -4,925371240458956
-6,742934118415459 -6,857902542594299
-8,600052848763754 -6,031693964801793
-9,284071020859225 -5,234049582320702
-3,979956598216095 -5,994887807665648
-8,092958736842565 -6,155549413986006
-12,08951155985281 -8,067993763461248
-5,869395511047619 -2,4325996416019198
-7,429800155853126 -2,3691274114935466
-9,711127670775767 -2,739014328332102
-6,053657118119441 -3,049944283771169
-3,9529706165418173 -3,43372908055109
-8,70798370707002 0,3623274342702862
-6,651192049954349 -8,853459076803373
-10,217800675867952 -6,385932605604793
-6,700197127033541 -1,6432064627175313
-4,3256532565383985 -4,342925501425998
-11,492565340276117 -0,5404044436684798
-9,617872322110998 -0,15392221904832293
-9,279636341270272 -9,120899804078185
-12,074902446108204 -0,417564244202032
-4,096152226136731 -0,8384379151341408
-3,8147362778626146 -3,318859679110412
-11,504476965111625 -7,697993457745027
-10,72567649177547 0,5955003160732688
-8,016458604609937 -2,1264317060393463
-7,579532042600448 -1,7523542891809922
-4,494112354328868 -8,857830723828055
-6,977184263201737 -4,586704045540721
-3,7478527605915115 -8,270173909814764
-11,205791021368286 -4,9416530779522185
-9,429208551402377 -3,5822203532616532
-10,608981469266539 -6,193875272594875
-11,386751098279769 -5,135381988032995
-11,347011327041342 -1,6040905770150722
-6,031892688586997 -6,360767896282398
-5,031454802376863 -5,551244790591651
-4,89618361359063 -2,6480170205473783
-11,693911441685756 -8,897182730463996
-8,772938698347915 -9,696070155086273
-7,144300311645963 -7,462362559678939
-7,8988852185735405 -8,879521722109464
-10,000511423071245 -1,956352328607802
-11,592618617148611 -1,8153101989831326
-9,65451615373447 -4,890128967104113
-11,429063931177232 -2,9241024899270363
-3,8355824514785546 -7,88852655333299
-12,237257338652611 -5,4122080501682435
-4,997549507524259 -6,695705645708612
-5,505717932105637 -4,609313184847451
-10,87995285562688 -0,42551838053091817
-7,220194303556372 -3,915808223820057
-9,340878011344557 -8,565055194382525
-12,478401504143559 -5,576138553430667
-4,763801865295079 -0,1060150969627287
-9,761477615782304 -3,416075797815778
-9,696702708515588 -8,602360751525218
-5,24042048624888 -2,1940005804681215
-4,8949524728410525 -0,24724139025858216
-12,416063570769152 -1,8819914718192317
-4,129205810075563 -0,8075323939221621
-12,265342480374962 -1,390455321666584
-10,151171637439267 -5,361480826786219
-9,70298410943141 -9,127568703694632
-12,364444754620976 -7,555859203174141
-8,417661846372589 -0,8072285239396153
-11,88081152798776 0,7009507568430581
-3,9245602506204254 -1,6583138175577068
-8,09226776988268 -1,1726712960132615
-4,349231804303381 -2,877994853063428
-11,534501317003915 -5,507507553913963
-11,349758067396195 -4,400886473907519
-4,983639480476098 -4,120842682918979
-11,340820171275196 0,3155858813027229
-7,39936362562364 0,29089964751663855
-11,626298988289193 -1,2303284350445656
-4,818637855372804 0,05813060264777925
-7,252192219805144 -5,091966334572679
-6,10017569177861 -6,170470741599637
-8,677783337079898 0,4744131197866456
-9,903817005254021 -3,789079565605702
-8,962951410505966 0,5119961941379771
-5,1290103972913315 -5,886941786327864
-6,2653608909297995 -2,9339763167752624
-9,235041310201794 0,4721437786658567
-5,158984271610039 -5,806407139934311
-3,9512597519522608 0,32314171395838703
-8,353536858372614 -0,9492635732427899
-5,360954164975674 -4,320701621627668
-10,650401150048005 -6,7877280104479105
-9,974013022020848 -7,5474876787373715
-7,994938292711521 -1,4945913218606697
-5,473336639236514 0,4151399023746344
-4,070983851039902 -5,294922799796607
-6,869055880937738 -5,543554063061098
-11,200475728116352 -4,036983157501095
-7,151044400585118 -8,854910847069924
-5,971182692757871 -3,477174029057501
-8,3712151236325 -6,178075488482953
-11,264612225706934 -6,395321812760502
-7,919612841663348 -6,402619182906819
-9,334504459549986 -5,148804636314713
-7,725000921690273 -7,786131481105154
-8,44675736683396 0,3231960533550827
-5,037572784708876 -5,2796363964269855
-11,194734257204505 -3,9482834937145856
-7,912841620363243 -1,4532938780692362
-4,147590444010856 -0,953349414435706
-11,623361871494058 -0,9018684431663804
-12,41704737094303 0,29086846434474356
-5,324633301025366 -4,918567874797135
-11,74828886592848 -2,940794965981323
-6,358454104119112 -1,4365211198445842
-3,59815836955128 -4,493201890775035
-5,502978924840333 -6,834326759163445
-4,277260153443022 -6,740860720796243
-11,243753821391905 -3,245281900369525
-4,295063161737199 -9,644093597895358
-4,122369656326146 -2,4679305858617298
-10,09886656462075 0,5684197079439527
-7,141395406711115 -8,031439977903151
-10,959075686372314 -0,05438977014004087
-6,642337565134718 -5,19229989044957
-10,80822545445309 -7,239197185540738
-8,90455333244174 -5,007607177317693
-9,702137076017337 -1,8278500315978585
-8,306283174057075 -9,147108669438364
-4,939268734851432 -1,587617515797439
-11,253108209010547 -8,443264555181798
-9,013439695407175 -9,10354886522541
-10,688669826321314 -5,854428699923034
-9,023690107639872 -4,012082729764943
-9,448772811200675 -5,362574205470325
-3,871379242317513 -8,649541178414173
-9,849161016354953 -3,638377361349063
-9,278872825456475 -0,4568181687382493
-7,723543771431205 -2,710152554263124
-4,038926932513647 -6,7269845275937055
-7,01011467453712 -2,0868068761790353
-5,512476939899164 0,5081015596446202
-4,466191059438312 -5,628051294773295
-6,697056966631615 -5,102589228220897
-10,859575170133956 -7,146188039471529
-6,511775908087577 -5,460913114996242
-9,10228830785273 -4,115583970566673
-10,971857700895441 -3,936522274215057
-5,450578693057489 -2,405693658167544
-5,95843600429962 -0,9595623365579502
-7,20316979977241 -7,800938913334643
-6,349289549752788 -1,7379714449752999
-4,7865055690863265 -6,2360502087046035
-11,300557634904845 -9,585897059133428
-9,596464461027292 -1,859784664618169
-11,40229903305196 0,3929756961918665
-4,9610607201465715 0,3821114724532998
-8,97218542077584 -8,795136480942576
-12,107543090090644 -4,107263573043733
-11,758302031234336 -5,3998949575141015
-4,514075300414993 -0,9808636836478442
-8,648691789332736 -2,3725274440572592
-6,0974453928007755 -5,454228999096918
-8,301595261755832 -9,725369645068453
-4,0694280028074505 -8,466771524347612
-8,86597726650668 -2,8714684099380525
-8,840098798661465 -5,296560634142236
-5,986687544195565 -1,4863348238789011
-5,489961885489413 -8,051811384923507
-5,348304039423837 -0,21268192777663208
-8,267257247906716 -7,813370955050265
-7,111197744363452 -9,734436576017691
-8,304772920947752 -2,581374686875537
-10,347480839207002 -7,2575981279840205
-9,828978920010528 -0,5245763025078563
-11,157977422689703 -4,738347206976707
-4,553765094301039 -2,3292361991868544
-12,25203833555816 -0,22690732150994153
-10,970411028832523 0,41590282720924626
-9,978056974865511 -8,904127692171137
-6,021985661701008 -3,3480374053731934
-7,524677470290539 -7,356700933999778
-6,415336479250527 -3,1863716216963356
-10,729971419719917 -4,0424720436969
-10,141243535156983 -3,28772919146913
-4,161130094773156 -0,2681539127168333
-7,296625642026769 -0,6157315915187469
-10,061018297700931 -2,4321248401000357
-3,7688131211398055 -0,6298245044161515
-4,766713369090119 -5,225382324777398
-4,021343148506503 -9,305629212594965
-7,977504867654021 -9,037529611114548
-6,607421792154232 -8,371471710591909
-11,496913733250704 -5,259411999148862
-9,147724084707706 -3,769055693047151
-7,957625684834216 -3,953439190305099
-7,93765562878167 0,3586242242526791
-7,301607885604286 -8,76254679451812
-7,224430268494466 -6,1272901316751796
-8,700480295986326 -6,660806163195118
-11,005048910186915 -1,5746073090576653
-12,328320313562186 -5,794474933502967
-3,877835699493053 -9,671881176308856
-12,446474431307145 -5,159607989255187
-7,119240025283178 -0,43623625821371315
-5,600272988068381 -9,17320837911355
-7,765297366324934 -4,799301110907711
-5,918197606896118 -0,4522421917048709
-5,353996020450619 0,6511184678991917
-6,344542045370841 -6,054757316151006
-4,118025829538901 -3,7598046673314176
-5,159454296134999 -1,6559898556859685
-11,9427435256907 -7,546673780134571
-4,910485702702099 -5,0207849327387715
-8,261614822502288 -6,348675414676914
-5,126904955835584 -8,283119757020994
-9,661850188995698 -4,128953920472631
-7,6343510164155335 -4,3597259399842985
-12,419770707802769 -5,4901095429157944
-5,795169787672147 -4,102906451276038
-6,789235141203502 -7,542938377126537
-7,952799301367981 0,3897980128324547
-5,61548300977423 -9,724937410846481
-5,918363744849873 -5,009727338046529
-9,268381654775311 -9,56667410769852
-9,471830405334284 -7,971438382108796
-4,685744295751858 -1,660339382363232
-11,56389228750381 -2,540703541312867
-9,173986990945043 -1,6978786804361004
-10,20613172734265 0,5631599941766365
-5,580540581633587 -1,9458643414672785
-11,9676791734811 -0,7959390923717597
-10,070705579867344 -4,964817724272722
-5,995370789885778 -6,4221573886867365
-11,178583764224387 -4,84793524549313
-11,728269544067002 0,5590625912365448
-11,061948170371204 -2,8667732166596336
-9,185043795327475 -7,500802435003162
-6,179582685114046 -2,0057809531558197
-7,178978349824786 -9,546722340350573
-7,569668834510629 0,72695746759759
-8,603702752211568 0,6590234768431918
-6,325442512392979 -2,5029097722002174
-3,5812604983323197 -1,565530521359532
-10,425869801866568 -0,6325497315800892
-3,693478606845982 -3,8710273091551217
-7,581276923218787 -1,4796824023638517
-6,625101722841637 -8,927891134839381
-7,951266169229518 -3,6709051951927867
-8,77331118062334 -3,9321043825671937
-8,076269377510702 -6,560071514490641
-12,301083130859057 -2,3625612127925466
-6,300904822000304 0,6664806359244733
-9,038049358661588 -4,346028085087611
-11,61121804294494 -0,809063556744446
-4,359736951917197 -3,6354871839017546
-10,05093677373943 -4,927797319567121
-5,7323706397827845 -7,748535114919956
-4,63353170356346 -3,088157881516077
-11,668884298910022 -6,7734003970743
-11,504841583316297 0,587814231141289
-4,9924863269897095 -8,780766610006292
-3,989051425591473 -6,763451491276523
-6,987716655547602 -0,2861169259830241
-12,424406661262163 -8,66927537914555
-10,664905408306238 -9,584045959637077
-10,728283441028253 -6,231749628570882
-6,2601231249392235 -4,582590549285908
-7,257646457351048 -4,031673324365708
-5,766916462535654 -0,8157991822374224
-9,077951316803697 -7,789860035634173
-7,005558189688788 -1,4628827832464706
-10,37688013505145 -9,13690061189776
-7,121276339833975 -0,16061266405162467
-7,449008647869675 -0,808286161915633
-10,099949783091073 -2,81857352896723
-7,688594762574442 -2,169310160979019
-5,383704131700628 -8,940169569667063
-9,654199825386682 -6,393750029266994
-11,098522446765326 -9,433047080796378
-4,377708863657828 -4,278211582779943
-7,154944598955667 -5,512068716347943
-6,565657511757367 -0,8088047544551098
-4,706170901276984 -7,570361033536952
-8,377491667268812 -6,957951962313812
-9,955536217587067 -8,989936136995912
-3,6310651974557846 -8,24085373465038
-7,742931476036261 -1,8069534129585885
-7,186308908691535 -1,3199801556475121
-5,841463079683031 -2,2963162299221427
-5,155045483594012 -9,732360754292303
-11,307907750930465 -3,1703817975025483
-7,7002478616513725 -8,94854860853314
-6,345748978340331 -9,36145145814343
-7,102377943487197 -9,049631872138388
-6,787622895399741 -2,550512016986567
-3,5428692101591217 -3,1971822982472533
-6,392501429936776 -8,180473238940772
-6,723918523143999 0,47715038268032756
-8,624965827534012 -3,760280406065813
-12,375847001295686 -4,4005465258234535
-12,311552026886755 -3,2287626734030788
-11,338407189124636 -8,390068975439238
-4,575720861512162 0,46509959152849595
-5,022906767311705 -1,4244551430679564
-6,775720058701929 -7,003600941490927
-7,431845205224244 -8,410303005807002
-11,986112102727045 -1,7532873372666031
-12,151412866925245 -8,480911712383875
-6,751815060145784 -2,0268345451043697
-5,9371701716234595 -7,262918821124786
-7,759196392735829 -6,398510089779279
-12,349042458503664 -2,4410100119087357
-3,9557245351982697 -2,814876249712875
-10,155797337300967 -2,9735505858308127
-6,009681448317343 -3,2210516727856264
-11,774813144049043 -8,29701120799478
-6,9435561193250335 -4,764278423343282
-9,843554065860644 -5,994848347582046
-9,276083974294073 0,751687750848202
-7,04620112124678 -9,332491591461302
-4,5365202143260746 -7,732254852822158
-4,44188866799078 -5,458976411162853
-3,636263049145551 0,5803266459367047
-11,80043891285418 -3,657828319140661
-7,742774763507176 -5,806164899377554
-6,424478434289687 -3,0875664017471847
-8,139823771242426 -3,5604567447794464
-9,328917673529634 -0,7810722567596131
-5,967915137182009 -4,251545828036087
-4,627855498467752 -2,886508722445524
-4,999284019195976 -4,776828317297027
-10,439756449757613 -8,924223379200393
-11,178288230953529 -5,738322829794359
-7,19971333834336 -7,624441994877583
-10,321266056060727 -0,9272885977166534
-12,17640943414584 -1,468435152951595
-3,8444293229437285 -8,375706023779438
-12,477268631962453 -9,244754384667992
-9,705032953784508 -0,9981662547509687
-4,536311774555782 -4,780688048570048
-11,418541958114641 -1,0414313835902076
-6,644762627755064 0,013173233005909002
-10,84712181819207 -2,9256468820946706
-11,139510360283396 -7,437733498035823
-11,391517711634759 -6,716537188366733
-5,212255283480454 -1,5017621651793667
-3,8135176571453275 0,45322539045037746
-10,843956771563173 -3,0439577696104845
-9,372895180014968 -6,208513894239348
-7,709313408873125 -6,27208898996859
-4,309932284066205 -1,7873777661715626
-11,71057312317587 -6,6231709161340335
-9,354899755793909 -8,386863067222258
-5,808690452913494 -2,166240000272839
-4,2336964331673865 -5,243977046878494
-8,802948896037838 -5,287655151423705
-10,533948355615449 -6,655060085071035
-4,370272564733364 -8,07183864825673
-6,388467607720966 -1,026887757044448
-12,296276611594577 -0,9346316661911163
-11,942298887806999 -2,171544525830413
-5,592155051887778 -5,598761003076511
-8,95205881949972 -6,548411980840438
-6,0707157453938 -2,247423511853877
-4,576382592547768 -5,573107548427097
-5,426417562298723 -5,675555425543945
-9,933445152063998 -8,875440264544608
-7,626143711893062 -7,367834297297493
-11,594692113048612 -7,359179816822484
-6,593206010356539 -4,274936911258655
-9,480848152735906 -2,004544145115992
-10,053117169039012 -7,086477521965416
-12,388725740904379 -6,191502869631243
-8,24245484328776 -9,533682438540211
-11,548631923606706 -5,470479946622024
-10,102787568669546 -8,530190416794497
-8,976032414053448 -9,62272994471563
-8,61337653139387 0,3874396633680507
-5,443586719588209 -3,0639768941299392
-11,21928086401091 -3,278811748492359
-5,760389929668626 -2,392254716776012
-8,521492596280925 -0,09673692819994029
-5,390646892763899 -1,3007562090870641
-7,4482435217610865 -7,698374864876825
-7,8118261325305305 -6,154013718543087
-10,309618225309228 -7,309415822290341
-9,685235567887192 -1,069588067485958
-11,997020405796174 -7,646280368467253
-8,2756217846457 -7,315814544568524
-5,243327405192059 -3,2404960995932317
-8,469634188749632 -2,27841229835422
-4,414129632967676 -7,984622044096294
-8,441850013252665 -1,579597279117776
-12,02995829885711 -5,674508282031479
-5,25839750487332 -7,569958033203698
-9,237025871595112 -8,58825622550252
-3,6829773721453485 -1,601452249318969
-5,5917701565618305 -9,593801870786892
-5,482528790111594 -4,313346633764634
-10,072960432840803 0,476353423766378
-7,776714315949657 -0,4606359412693217
-4,102505129835066 -5,45464472937974
-5,12499926768627 -6,085362879277925
-7,410490970874166 -9,408713235402137
-9,169630956365037 -4,094700601701849
-8,911113860771914 -4,590356461419563
-6,6991872650154605 0,544829657762625
-10,224506110212838 -7,451429878710981
-9,609830485632402 -8,921162899898738
-9,627848230922291 -3,6835729892469438
-5,268623396991648 -7,377263088854408
-8,777524590011428 -8,778984716578115
-5,102166307328358 -8,954437158283667
-11,25778796067158 -9,32755953474068
-6,440851667639318 -8,814380408494216
-12,273858221474525 -3,9138466855307232
-10,112446572011802 -8,453769885039717
-12,220696824226987 0,41266863046289004
-5,649585048007198 -6,440368110546242
-5,388129632821033 -5,4036142120707975
-6,972031175961968 -5,244160942734679
-10,459740230380667 -0,9056174860350479
-4,421087670012845 -1,0340748043074406
-8,480934604953077 -7,170267878439136
-5,683953968768462 -6,527141442403065
-12,061695645535242 -4,409009219453792
-4,8042652323210975 -9,242211735083163
-5,488708926759116 -7,155069742770084
-12,192639348059272 -4,7121883960685835
-9,889235302823868 -9,199688833157632
-9,49155091391846 -5,268128717792678
-6,616153888374253 -8,872292478112744
-4,85039367415038 -4,1751187333568875
-10,053172612488725 -5,629855772968204
-9,22865439029447 -5,74177230461572
-6,763094552440111 -7,95596726829008
-6,5501432221732925 -1,819808024168603
-7,62443278666941 0,29241037058728725
-7,937203540810603 -8,320604771380037
-8,878258630450707 -3,730042104730919
-11,485395581683933 -5,467324194272997
-8,79296716045021 -0,6150206883727156
-12,272659526334127 -4,543307297646702
-6,042368582536945 -1,970552041039958
-10,979402738048346 -4,145133398772132
-6,794447828534116 -4,416262067885496
-11,090524520243548 -5,240365019636444
-5,788079176158737 -8,423003564053515
-9,655820583065406 -2,397720139848869
-8,289811630042863 -4,451389157483894
-12,108873214096443 -8,909352306475427
-12,253945237575817 -6,938414697390456
-6,624593464202048 -3,5902971992163355
-9,519533058612383 0,0999963268539763
-10,763563650900341 -9,636570289295904
-11,779586771244901 -0,3333497706419781
-6,636661896489484 -6,201114991547351
-5,900694884018071 -3,4028281010908623
-7,303177175467503 -7,575093264579517
-3,8929348748763584 -6,8543453389362625
-7,3936694347799286 -6,75770421629853
-9,616748842142965 -0,7370773445293701
-5,731738274162594 -6,369105058395464
-5,537974571143838 -4,247957007108072
-5,6676466104290855 -7,141214621935758
-7,698238777979998 -9,225543905884209
-11,212200955984287 -6,074977506275608
-8,272906106915944 -2,643337898243413
-10,331260705420588 -7,084539168354946
-10,864433739162989 -8,292687923265573
-12,402784765048036 -3,7738984689449824
-7,8199329951653915 -8,718225752787458
-8,562420827577016 -4,952108278973454
-4,865241994869651 -0,06216520307661311
-7,351445290157476 -3,373326374952706
-4,951397275791068 -8,254414051794793
-12,390768566424617 -1,8845003676381678
-8,080470708623134 -0,6543086775118376
-4,305525885728255 -4,176758135721882
-5,41461785770217 -5,686083271936283
-8,794244373310226 -7,537170029971208
-7,739746450443793 -1,5834169361574875
-7,38514878552849 -1,443130182657428
-9,90768541471453 -5,62496322024605
-10,846427961927084 -1,3567243317887632
-8,602743201445138 -4,810055182974388
-9,762703291719804 -1,3046032839195296
-4,453059433419357 -2,2491590552375893
-5,907743497472183 -0,7464582414758847
-3,68253476982243 -3,735072758096063
-6,150758677773961 -3,61268005614859
-7,37175756304434 -4,723848384556985
-11,237996427507914 -0,03813778666915213
-11,34468149454057 -4,252183668855475
-6,578964402244591 -2,6576517836769042
-3,8665801514998854 -9,245395063953683
-6,595151954735771 -9,539827312982771
-11,515249563187314 -1,5987799388464892
-11,728196358782741 -0,7642419619486305
-5,143273898557123 -5,821568156572009
-9,338326360632738 -0,2856064522437607
-3,6756715627136316 -0,2770556062938727
-9,256220051752894 -2,5239083154558175
-11,363524463161632 -0,03975588606649183
-7,64973736821193 -4,715439910099125
-9,228527786179079 -3,805542155635247
-6,3207490080418935 -2,0899211018094705
-7,711922596419076 -3,346359156424257
-5,55082748768992 -2,9108583858566632
-4,936941437641358 -0,12253702220373297
-10,804552533176194 -1,3773281433421511
-11,704206050998723 -9,363758879633984
-6,179895352104686 -3,2517112571277362
-5,228125471424331 0,12214709879152641
-6,270831913906685 -5,125162776420147
-6,073664465861967 0,2734154819108757
-11,088635076912713 -2,613160115509504
-7,07397984561377 -2,63013172689318
-6,268848670649992 -4,8530355811973065
-3,833206509369159 -1,1578902036020147
-11,509889743064731 -1,6413692547687184
-9,246961469984145 -4,130837754821287
-3,752361117693127 -2,687937749820799
-10,999320219563115 -7,467873493872394
-4,9204806165572395 -0,7431122183156236
-8,509119369176776 -8,28680057147319
-8,582245554388425 -4,823821343345409
-6,192890685002369 -6,476654182743049
-10,428244966924757 -3,0710364073906247
-8,418677668055071 -0,1926143279192145
-8,204976250822853 -7,681776362456845
-6,218558987618286 -7,4186568378056235
-6,551241050979009 0,7919016405927195
-4,496179376837098 -3,9337113689387957
-6,495197517614029 -5,707597059300824
-6,543240107684339 -8,803185826513712
-5,291219661190513 -2,0556566268649235
-10,445293606973252 -7,133710526879672
-10,088277539946844 -8,876454283924929
-9,380984590020795 -2,2179683460962565
-12,031801829238049 0,6380154815684844
-5,5718843999892655 0,09083944443536629
-5,293317883094845 -0,16069382701040058
-11,106075712798535 -7,4146110677328645
-6,886425760080791 -8,850708683627863
-8,584518340701297 -9,559820695085458
-9,591265711537817 -7,829006161379536
-5,840720673338362 -5,14231064353309
-11,482463946255379 -9,44072177457254
-6,595427074188294 -0,968256205741792
-4,910176467537406 -5,838059492617143
-10,913396534106234 -3,41256528177386
-7,742914211346231 -0,2776188773557229
-10,314610143307927 -6,50705682246995
-10,157551041497427 -8,624238426250136
-11,921241982744549 -1,552991971233692
-5,676351493904063 -2,074538896075742
-4,007202450429892 -4,000512131705665
-4,67223716861699 -4,4518571266199185
-7,956398734101227 -2,055949279080288
-11,571280356187314 -9,529369586533033
-7,43037591045768 -8,123698108569384
-5,830675422598949 -9,485176073551
-8,810679204640241 -0,11200853685898315
-5,391925809630597 -9,594341922453061
-10,227452910664905 -5,982592540852702
-12,009815173350438 -2,1401615667338234
-8,473411386986296 -2,668516573905711
-3,6079212181088423 -6,2496040820305385
-4,798494126341689 -5,709593542330301
-9,242800588289423 -3,516395077241077
-9,231241019205758 -7,318827754130036
-6,015297264286485 -8,82979671642608
-3,687715528895019 -1,4864212799869272
-11,166308103529726 -7,224784793702404
-5,315454505294951 -9,097525459613548
-8,110000324890077 -8,30460121565697
-5,90031885371173 -4,4066000385830035
-8,091839146542402 -6,911542935509223
-6,5758400626768845 -0,43839285937775463
-3,775806092598657 -1,257533997957563
-6,101548888307164 -1,6582731671706668
-6,0782207287236805 -5,975929897370249
-11,81473182208495 -0,9277002202129945
-5,443213995302273 -7,987734609680435
-4,39207613075139 -6,304141411054217
-8,28295381676909 -0,5200748808147204
-11,767015580390401 -4,151575044371171
-9,308558942653583 -3,0789425526244125
-5,803080389936338 -3,609763940394899
-11,058652442871125 -7,545266164594504
-5,542367484998597 -2,2933462349242184
-7,410016505922554 -2,7455216089029033
-3,6947611419742135 -1,320702791681818
-4,295539168208808 0,3738610449129707
-7,159779793695257 -3,913809668226744
-10,296892880255134 -9,025073320975775
-4,161966577309826 -0,9649590121595395
-3,8690003190229536 -7,92848487741172
-3,769684739542429 0,060940310249621654
-10,721989552571861 -3,9053858875970233
-6,392457409367682 0,3710022774462413
-7,952992404263931 0,7139892042974623
-9,205080414519044 -0,21846897401134124
-9,552302096310754 0,3786953258911695
-3,7581689320357974 -3,371382353254143
-6,833000527107637 -7,573124625394478
-11,15001239395715 -0,8852871725792049
-5,89278206354944 0,5980876667337981
-6,090024304676295 -4,9065164539761605
-5,3972889587426955 -3,2762788370855906
-3,8714433894880163 -5,154242007076497
-6,935925541331455 -6,066453458057657
-10,42034468603114 -9,15549912114585
-8,429964555694994 -4,2943442078009735
-5,160665063450229 -3,04473205139014
-10,584103367665351 -0,1050767690966552
-3,863185392017016 -2,931728454143201
-3,523122641078883 -7,371712958731018
-7,407258128728223 -3,6023345645003007
-10,617831556491542 -4,382581423361408
-4,8941236794982546 0,5341071889151944
-11,387553501963735 -2,0317824666540583
-8,268073622321007 -3,5568993262105106
-5,08363257198553 -2,438404415570729
-11,688124319653525 -9,665766733738955
-8,11564401607325 -6,0187793411093455
-9,397418381811644 -3,1905534330063876
-7,2730015899635445 0,24348372103008387
-7,829733397666657 -7,2304565224315125
-4,031012444372118 -1,489505618655924
-9,027265282421197 -2,71152249859035
-8,108266713534439 -1,7065420194201895
-7,449783558124113 -1,113340422190441
-3,9732018936256104 -1,0585453739104422
-8,831454568149445 -4,385159805752728
-6,0210631963317995 -4,019729136513813
-6,7158936271246175 -1,2052377213438163
-8,295325377311626 -6,243444076969546
-12,151375231552713 -0,059046995099654165
-7,238821191962697 -2,2316856246691295
-7,5798425310885875 -5,60369907965032
-11,6142952084555 0,7517432826019732
-8,61187755457565 -6,921587767208492
-11,809654913047314 -4,1868819642433355
-9,962577542169026 -3,955922309189382
-7,496148054789058 0,38221795131054664
-9,43489664972549 0,4439816214664122
-9,636790861630107 -3,751107018311539
-9,383494443169665 -3,944252210716951
-6,95887726205468 -5,514889653787242
-9,965054612832205 0,3183640306676397
-3,66487684043463 -3,646736149816862
-11,46081350610697 -5,188192141018034
-9,030596098108337 0,7978292100106997
-8,59500384202143 -1,625199970176659
-5,9174031256237996 -4,650806959771459
-5,1356886818043215 -7,828281621223655
-4,3313714611511145 -5,394463151920432
-3,9641731846078674 -0,9105427553228231
-5,637762878903269 -5,054253750809515
-7,730184276771302 0,3692886335723062
-6,9164029147003125 -7,576575085322195
-10,634096974498334 -3,3096728056226725
-7,41763667219293 -0,969468398058245
-9,753310530401919 -7,014671765377787
-7,245156968200364 -7,542330726118254
-11,070036095547492 -8,10223995149891
-8,988565073922478 -0,8219705421654526
-12,345136904569127 -0,1386937784308836
-4,049939029057688 -3,171494544955941
-10,280043722697776 -7,137022850027127
-8,340612828335587 0,07061830537492841
-8,422283007837876 -1,0247730513874116
-7,7867776977789855 -1,625364987604071
-8,013887288091063 -3,0208576569712218
-5,11733223933302 -2,235964577831762
-5,001811491281186 0,22543167066309044
-5,1885157603959655 -1,061524987410906
-9,577315134836374 -3,957148933168658
-7,641431572288776 -2,6402827643506592
-4,686301267039742 -3,068367583594208
-11,10877285995014 -2,8902427298706623
-10,650411538457263 -9,106526907678838
-10,27866034864888 -0,11040279695806177
-6,201187360654953 -9,05923055193242
-8,543460186820054 -4,00229285902935
-3,7944147702771858 -7,454995820649509
-6,225281494028062 -3,205771674468483
-6,762473700636614 -8,453162992997095
-12,178388786535077 -0,6490058144262301
-12,457716183608172 -8,436645719552846
-11,179889988312683 -5,210298989682482
-4,415383033297481 0,6564228524255311
-8,577757894631562 -3,2652264665148207
-4,893079993256214 -1,4321567302282092
-4,795367396299855 -0,5926258572611864
-9,30219503210807 -1,4220833184485333
-11,167682383950003 -3,0179578627613566
-9,045187346529898 -2,9357688374341953
-7,811118893807946 -6,38117176566744
-3,8506672091086447 -3,248687029666664
-4,5339724038913 -0,9467849019696166
-3,6497747972453762 -2,1548421789230456
-4,2924457195288745 0,6790331310449439
-6,657594745886879 -8,887731266391235
-5,682875224636239 -1,3807400841899098
-6,022467597687452 -2,1692088802605127
-4,886025075842632 -4,704242892406127
-10,818815561797026 -6,49548093040842
-12,123524338856473 -8,941495837225718
-11,399994991586958 -8,266940331253094
-6,22734408101475 -5,820890788275745
-5,213428625345326 -5,552121813267429
-11,890386557218644 -5,7565808549716255
-9,49442013728333 -4,742297710621285
-4,528232130142424 -6,323365411861117
-12,349014047193691 -4,354290458432836
-10,353932592151722 -8,948215513590155
-5,184206571768361 -7,590702106581719
-10,634357636251911 -8,841620781374871
-5,7016761811257615 -4,553268982474439
-7,627402704284836 0,6235573659057664
-11,170495080372376 -0,8542539815316315
-6,640166189175496 -3,3703729187445504
-4,182232527378574 -8,271617567444236
-12,247497668269578 -2,424982849349031
-10,566453566421032 -5,565329744944908
-10,899171623612117 -3,634858713839826
-9,645893722791799 -8,49409551301329
-9,860127254713245 -9,263989749379729
-7,63162046260688 -4,754736665701473
-4,685398944939571 -4,318640804008399
-5,371013457775146 -5,197856988294961
-8,939295141759734 -8,285471020223435
-5,461192698592946 -2,4316627775467667
-6,6793590265886085 -3,0648248690835214
-8,858323591037514 -5,176608605793056
-10,429700340827763 -9,568202088980616
-5,1397723794528245 -3,770158685567276
-10,847758607977083 -7,986452975842398
-10,602944709224937 -5,397457960955886
-4,408176097889868 -7,845122279886257
-5,537451792627323 -0,3932657132457966
-8,645072740909555 -5,70540972650157
-3,96884017030251 -0,5557572279184511
-7,750852399656935 -1,2822441466417678
-3,5497068847857314 -0,3815951789207761
-5,822266162389717 -3,259132815656886
-8,563713003590525 -1,2217579638459142
-9,228185214199513 -7,1526102139429915
-9,02930574960849 -7,458348601676392
-8,669164198098613 -5,078448748343336
-11,707263545662716 -3,5256306731592257
-6,454721731568245 -3,235226359048978
-10,271493745645706 -2,6832955569838077
-10,82523776046031 -7,487353096054986
-12,333389631423293 -3,930168556116845
-10,966508945567686 -8,771136147618387
-11,170582728828446 -1,8437982493010765
-8,185645403572247 -7,413512952295199
-8,218355386550058 -0,09971336659313124
-10,698059744820885 -8,242775025886813
-8,089139928894664 -0,13152450500177637
-9,120541824541819 -3,36904773255987
-5,109933629869799 -0,8316287411759473
-7,003181577254378 -3,8406630221628086
-7,458881305121679 -7,185943431983004
-8,671794732290799 -5,22784601730669
-8,317050035149208 -6,504493119617952
-8,062921294965104 -7,532234161186023
-6,385717462941144 -7,579095578939074
-7,242037563598133 -2,6541090422826237
-5,78134254931654 -9,228953154213952
-7,268893738972853 -9,61655189721014
-6,056245595788947 -8,64582313742307
-7,722426200184419 -4,787328237375509
-7,567503629926847 -5,319982726517806
-10,18943760680731 -1,9808491086336237
-8,589375263717834 -4,8402809402689115
-12,374441903834425 -0,5177763915533513
-10,656035999649584 0,6847945752005316
-8,931757179596874 0,5250449922228526
-8,972477478773294 -2,9988876524544175
-3,5738288001781484 -0,8334054189582132
-4,582588365974186 -4,359486694346294
-7,990879463090804 -8,5814555036407
-3,6322421785574033 -6,651852237083858
-9,549972003922502 -9,781580122244192
-12,318981396593404 -9,586648313130969
-8,339528698641427 -3,916798518124941
-7,013645836569599 -6,647105619967214
-4,35113395402767 -5,651961221655489
-3,5295071444679245 -7,244917991204997
-5,490591949373481 -0,3618501454832008
-4,796280731339499 -4,61550103129228
-11,996870261675072 -9,298003434566349
-9,641035238720415 -2,4462340228507182
-3,9553733513706373 -4,39286819893594
-9,56004315016711 -8,049877372215052
-6,870484315031821 -2,9427753061089783
-6,698276313715627 -5,179671390523589
-6,180335628173233 -5,581942310459206
-11,48105712895493 -6,4802931918556
-9,216074246602322 -5,756649597425964
-10,707361656407656 -7,920054947608395
-10,29600646300005 -6,956040128041563
-10,12573432744445 -1,546899062057238
-8,76752819637634 -0,8050918924488093
-11,005626246540613 -6,251634387926231
-5,994215748612982 -9,027111476432944
-5,860577206304875 -3,932292822400129
-7,827306344954645 -8,449151939125217
-9,850821402635262 -5,388280489317274
-6,448425170113231 -1,6947414661551476
-11,41218318783137 -8,171392887053686
-5,76649653740091 0,47732516194342817
-11,79584565200207 -0,7144418427884436
-8,797336578386519 -8,775512514159795
-7,913066264589584 -8,040364629955805
-11,335296874591588 -4,056331880398755
-3,9219658295252735 -7,955304682850952
-9,043489602804744 -3,3219793994152136
-6,485273811819677 -9,093382239007171
-12,235390095007343 -4,181602689207963
-7,117482203990898 -6,647709633329515
-7,877588344490967 -1,9084894558452825
-3,7018718328890063 -8,063034379663081
-8,562666506322872 -0,6280964564739846
-12,246228704622698 -1,8954007308031346
-10,211410942285282 -7,110730295760393
-11,40988052092897 -7,848433129192249
-9,580475884690209 -1,5575202156416788
-4,501290612170742 -1,750115521104153
-5,142029128090767 -0,4987828537258068
-5,978958871683108 -4,944541269447669
-10,080393402821375 -3,6386798025813425
-7,527931137437642 -7,720081890951415
-12,42210173762875 -7,716727795123211
-7,197627284904394 -5,49210885906946
-9,804691758076345 -4,2200834897669
-3,6242486737433257 0,4132763165926622
-7,756841359825367 -2,6625040193560237
-7,896028011824481 -5,320513914987297
-10,70985877190094 -1,6809123937358057
-10,473062711905147 -6,059294177844425
-11,981629159108254 -5,443089467247112
-11,059627150050863 -3,212719742732798
-6,159097793089709 -7,762912496457846
-3,9869892668839686 -1,2390980197943124
-10,629747060461314 -1,0740953149106796
-3,5389689274969935 -7,853147110951162
-5,220643286808435 -6,975499795832051
-7,640630187848654 -0,6155058082105609
-8,206166928658954 -1,8493017739611728
-9,461182515888765 -6,4348750679319675
-11,089222751347 -9,297724039251882
-5,7543284229046545 0,34771124995485736
-8,580767315305739 -0,5116557925483454
-4,4325248499248335 -8,146293211379977
-5,468542675941581 -1,946850644383573
-4,443416447677048 -8,261477453488117
-9,429279385895184 -8,686941295829234
-9,372232105776895 -1,723379245097019
-12,386780285400366 -0,8483180462263604
-7,215767239264659 -6,466430842963792
-3,5250057963463792 -1,0920026269238048
-12,479504406201968 -3,038973433003422
-4,3296501892554655 -0,7083790762864957
-4,971115180505884 -7,726220991338807
-8,6428575261209 -5,38487450044452
-3,856196790449035 -6,488107474124593
-6,621038546051137 -5,455093430415109
-6,47230278339642 -2,1441432222932564
-12,323813231595315 -9,433768242271722
-9,47324882581476 -0,7591280420937578
-4,876494602702711 -4,071574241217656
-8,114291874314551 -2,9563920176594216
-12,04947750177225 -2,793652334905782
-10,906852454961731 -9,133920662036434
-8,43429630539584 0,7339089905449493
-3,962736653053769 -1,5360472863085752
-4,931729308477324 -2,7390312283277574
-7,6578519432956185 -6,913933233473703
-10,013806554450966 -8,376580402665658
-8,01616399821247 -8,567867174603284
-8,013927529504995 -7,984644129853238
-8,018541802686444 -6,322211115978433
-9,213033624731954 -8,08676505461275
-10,292161090579551 -5,143075270206424
-10,412807230289996 -8,306798026434183
-7,535300327995251 -2,685391562433649
-7,04904695203229 -6,7138394346068795
-9,07284007090933 -5,454326997149423
-4,585771323982956 -1,9621571307332875
-8,53235815290127 -9,53262418896762
-10,32633181723649 -7,691693086875836
-6,247562997829608 0,1969584834692586
-9,260866581577279 -9,030038270244045
-8,070084159618656 -9,454337720504702
-10,650610211638543 -2,3851588471074487
-11,919613889505948 -7,120597643420892
-4,108719167902731 -4,605654810281603
-10,340081420486696 -7,408352812718355
-4,979238054073898 -0,6808320965949799
-7,868069459022671 -5,337609905449916
-10,906236533997149 -6,09704145004413
-3,9264159197762627 -5,829697450587562
-10,736843020544443 -0,9274737729322182
-11,066941729273251 -8,938638959467808
-7,230575005592516 -3,774179679187024
-5,7800867992877265 -3,3402036489780853
-4,3272482295701025 -7,298764023856882
-5,513883953342461 -5,517683198824959
-9,272682782043972 -9,13142627274758
-5,156588973274132 -7,186671450971806
-11,087244890672242 -3,9824201146248575
-4,450566478214361 -6,470772072774759
-4,931494835859024 -1,661172332186031
-4,9614200823029915 -2,5688126518533174
-12,207283762863016 -3,841502777955343
-8,160838033620879 -5,59964388115329
-4,603842440517397 0,7981051855153609
-11,170317047536642 -4,76172352363719
-6,6029948496722275 -1,1173580679595805
-3,7140995806504673 -2,2808792037335044
-7,203794388445733 -0,4673193318627624
-5,574285112837527 -4,097885329009097
-8,068601970637815 -5,43671299152195
-10,764517369924906 -6,859839509068971
-11,37341300691324 -2,884708988224511
-10,139645844399961 -0,9600927955369043
-4,344712543745656 -7,740730220493581
-8,47405044667391 -5,470308130863578
-11,618308310412926 -0,5250493040492761
-6,402323345112394 -3,714461355030938
-6,5864403619377 -4,595322682950466
-11,02975083876054 -0,1574674771861485
-12,485011516820201 -7,9626441294432455
-5,288593734485249 -4,779110040970917
-10,811029863085201 -0,6262155256493078
-6,410931813763206 -5,609828339912226
-4,238994492508548 -3,956920296040332
-11,514938693285895 -1,7497200963868866
-8,211379620103354 -9,670617304122395
-5,245180198378773 -6,554744307241288
-10,812111868990462 -0,25324894983070534
-8,267090967261236 -5,39319031307185
-6,310180689477138 -2,1274858407354245
-11,353624366400586 -0,4471168923514037
-9,00245846046532 -3,240234183387747
-4,153815199320107 -1,4718530002975279
-3,626634166600729 -9,470273822069656
-7,61154274156178 0,24881355531842442
-9,72015494267767 -1,2526158038886337
-4,627407000119085 -8,365477864362674
-11,264013378362261 -7,1042232451826886
-12,451453302635457 -6,582321817198994
-9,450550729539422 -3,437743122402246
-9,541934405744517 -2,171257567565176
-8,094845390231397 -3,597569598034383
-9,863043882687252 -4,287864343736114
-8,14447604886712 -1,652807781861448
-3,502745502059515 -0,33147506236220914
-11,858203526565553 -3,3183237657068414
-4,9696058054110495 -9,444565736387455
-7,1371414793245895 -4,946704884665054
-3,9264860129253876 -5,736042171208102
-10,989189983105788 -2,900275853435301
-3,627503748536432 -9,25372436276502
-6,717475206417928 -3,4768761853555175
-8,239162228403732 -3,238402877504061
-4,887887344855629 -3,64609467620647
-4,476671519701435 -6,800873111903744
-6,264748424426457 -1,4302597767250231
-11,658295577121555 -9,41134189463107
-8,389087272995987 -3,014038063491115
-6,464925907676418 -4,665408110066999
-6,0481812991875685 0,7662217842248029
-10,254490815799295 -0,8162782454535356
-7,828938391425268 -8,060270819076205
-8,562979985950268 -2,7320423237407265
-6,516169661158535 -1,614392189473666
-8,045644924453319 -9,410563252162428
-11,095904160646775 -5,349445452420653
-10,956582200442892 -4,210848484997735
-12,305284007770757 -6,713367529894715
-7,886287148820243 -3,11092354898841
-11,851866952479659 -0,32034426887020406
-3,7971589699524504 -5,714261054814271
-8,618193507179146 -7,779779345597729
-11,669834629400775 -3,090547328069251
-5,713726161874836 -0,5174933085793838
-4,520666727661227 -6,537803972591214
-4,8517071458221315 -9,376741086188904
-3,7840759503346515 -8,910678773994766
-8,70154969617511 -4,539184140679305
-4,291881880107219 -0,8600160292710823
-9,889125778870461 -0,5894259914213926
-9,884163525452312 -8,258895218756143
-4,441170067742995 -0,19519714154435897
-9,927997110038437 -1,749113380988015
-9,693825833837726 -0,32039514344503894
-8,200091864451336 -9,249774798416203
-10,631114551380824 -1,841704522390114
-4,592796573358399 -3,849858862052934
-3,614278104204068 -7,088177255944249
-7,969830946644495 -7,199642770682455
-6,254923051036291 -5,029452846084878
-8,360267329638695 -5,446545758963622
-9,276378032245937 -9,310421495450827
-7,70152744509874 -0,33604289604903204
-11,952668423110948 0,5193337817754252
-9,708661039558793 -2,080186175393629
-4,147281472884515 -3,9488473071640193
-9,176236622103655 -2,7042421803273777
-4,3360862459614875 -8,659422012708209
-6,928401664949874 -5,199282342581295
-8,24581824863444 -4,402138517756844
-5,8584733519468655 -7,775182611098304
-7,567716802305319 -3,6915717482350505
-12,066566140676438 -5,8998482340118
-5,523203113150226 -9,296275376376755
-4,656593152738107 -7,401812481311558
-5,874234014394507 -8,394719503450105
-10,341356548746097 -8,646768483736254
-7,175720017204204 -7,836598792074251
-5,435185274498516 -6,8225984661424555
-7,7682937623909725 -4,144280036479368
-10,7914841267602 0,32430866962168825
-10,827040290292997 -2,393680337945579
-10,990098545264019 -8,634822910995116
-11,425882017860543 -1,970720119083299
-11,401065163294465 -1,0736269667400284
-4,591289103162041 -8,924914768241253
-9,457627287185076 -3,05861939486281
-8,675414618523835 -8,380192630529622
-10,301877654919322 -9,114015246440257
-4,4851566657149196 -0,3424233845381468
-7,053094684832868 -0,006979645997004402
-3,9050174167732763 -6,8206319861143925
-9,038206815226632 -4,4034565918858215
-12,37644265501601 -3,1783949891675984
-10,879921282521945 -2,110778617941966
-9,132551462185278 -5,124821863638816
-7,458641497667441 0,1999266684850135
-11,443562836759485 -4,506578772234456
-4,537100087451219 -9,450920351481956
-6,87364537212146 -3,317694126915079
-9,234576029036624 -6,354613156214742
-11,81206857183033 -5,162096305482453
-5,572815149640031 -0,20477562223738954
-4,806095387906938 -7,606783317192497
-5,981809689198099 -5,1281186864115265
-9,671127803154457 0,5078949074378207
-7,648013386912956 -9,097743280076047
-10,649492334925734 -2,7318997935861598
-7,363289744756796 -4,933818877947201
-4,936854111124166 0,6779645402484641
-9,224415850860925 -5,607626027211073
-4,077334791174794 -7,5002756275517735
-4,165223617786024 0,4373751506330365
-5,907487683708823 -4,781957151854222
-8,757109266028166 -6,309373347096491
-8,227442084175403 -8,090084006542876
-10,291694065634683 -9,16057320851099
-8,80889718094857 -8,802105653487596
-7,758328964959511 -3,4281513005787048
-9,835243306335466 -1,7017366616909462
-11,509510121711005 -8,0609363358849
-11,569986917435665 -9,481452213918988
-4,2406490540773 0,1310897961591705
-8,803834345054783 -4,624050641382967
-11,643232973382801 -2,5615128672853453
-6,998712768910314 -2,7217689097578868
-5,44629018058274 -9,13116323803045
-9,782295816985899 -1,223095256338792
-7,99336062961732 -3,351436215029203
-10,89298265133595 -2,0659368672964753
-9,162110339475856 0,25775404648136946
-12,143298365181712 -2,4857729804546667
-12,491526267959772 0,5983722978304127
-7,8623952535422195 -5,962381230395891
-10,832022578523674 -5,743286161331518
-10,857500907712321 -6,580419995684465
-9,958734239581723 -5,040345199468626
-7,8548363678517354 -0,5247614967347953
-6,472401284774698 -8,712761833761427
-9,272262949667159 -8,060318796525053
-7,789490735587964 -7,948561345136397
-8,499925869806528 -5,570193587388222
-9,717691321940997 -5,693168205587403
-7,5428697815888475 -2,620234391775491
-8,323272465989119 -6,461321500887971
-10,100705181408854 -8,007577990466617
-8,81333017605902 0,42636164983867403
-4,35686295887081 -5,59816122978672
-7,5387305579392185 -2,8105161408396606
-6,017266618503685 -4,062059502710864
-8,039650007584918 -7,671141560855497
-9,143832336647844 -0,6175024204710253
-7,132098281339562 -5,78566547473907
-7,942247394903626 -3,8806996819827146
-12,351290223417909 -0,19888138570806402
-6,653359190607383 -8,797147099853277
-11,280561232028584 -5,3148675929742675
-9,710795185044468 -2,517339172502428
-7,092684167227468 -0,8293834380679157
-6,819359169699888 -1,851501327109567
-9,012786473451804 -7,573498021151125
-9,788735262788833 -9,392929286705245
-4,51310224150698 -2,284601438186022
-6,851143908808554 -3,6296797487583854
-4,911620818281224 -5,693314311094972
-11,545609584328869 -7,067569506953384
-5,788351378650972 -0,3528428126333416
-9,779363954620042 -1,171588292437148
-10,324584675076453 -5,9627247468912445
-4,230639550806055 -9,503285075796247
-3,560796367058126 0,4683570470037445
-7,3310861241168155 -2,339425208832612
-9,087858340742486 -0,6533470179857837
-9,19133076450374 -2,467939283654635
-12,056419227255684 -8,221051409825483
-12,445692601931189 -9,555699108445234
-10,211156311739655 -0,7216566352614244
-6,5452432962932825 -1,0694133658423735
-7,5969435316257945 -0,34468582748480836
-11,444550740910158 -0,6527218935660306
-5,77587757204967 0,7803348158453759
-10,153129884407853 -0,6255723918913254
-9,750401319621213 -2,6067721524779133
-10,95953376960051 -3,2431984951185013
-11,450480820391498 0,5394995924108729
-6,151433866060817 -2,1594739924490973
-5,557835787833462 -6,39568936513892
-6,057324781166515 -2,991426954312816
-8,035938568969971 -3,4702122600601095
-5,544411630279553 0,7324223535220001
-4,26967826021783 -4,598431078325515
-11,037433011332222 -8,26034105920906
-8,982795205786765 -5,353820077256234
-8,239788436517479 0,4669597025914345
-8,53530667034697 -7,254440270464815
-10,706575440393928 -8,019463318110988
-12,340588901418107 -8,25859256578682
-12,096428859417925 -5,459852017350008
-9,533533298578057 -3,0776740288077526
-11,009949614809143 -6,131580264532106
-7,025523033879961 -0,06791603419516434
-12,257222053832947 -0,8332891057592249
-8,248798095651185 -6,32768792566841
-10,153323336449745 -1,5420571398611236
-8,206373790583681 -8,850122334917625
-8,736313919135753 -6,645471485580203
-7,872759535816416 -1,1958223832051773
-8,687733064884714 -1,2795581607899893
-4,338187525466717 -0,9049563877469435
-12,172297761658006 -5,946525973075075
-10,433978772895717 -5,32012015252818
-8,251786884153617 -3,0417715028096177
-3,8274224978173503 -7,988256704619157
-9,183490953647352 -4,981182478956168
-4,393752519077703 -8,989871595339336
-9,39135548581546 -2,998329453535492
-3,5535754287536996 -2,435680528275875
-11,578797674379915 -6,589993470712043
-8,882382738125132 -6,053241488890276
-10,070234443894822 0,3351155673761335
-9,716771116307907 -1,5719425562614464
-3,862753808462811 -2,1672468868897203
-4,413229468911144 -9,184259933385649
-6,094893688322874 -2,4540075240518577
-10,673884306625318 -7,562388046610299
-6,438744523152456 -9,407791628433726
-3,7881150096446596 -4,2053467283395864
-6,025810713097912 0,2273698469722938
-7,373220807350837 -2,9515446272379045
-4,884380072593062 -8,501650571930526
-11,214777860301973 -0,8581373802843668
-4,7563457940019696 -4,147041752133526
-8,215326362964053 -1,0205564185388554
-11,309874224182872 -4,676973386417917
-4,5533795339816985 0,457811767335378
-8,112202903982569 -4,589567879769559
-10,047392299473625 -5,372796738846802
-10,727461838815874 -4,411694138408328
-9,623471293164215 -1,8520566801462308
-5,266205295934384 -7,536279743376631
-8,561416007176046 -9,693071548830924
-10,03654496971713 -3,366628428250901
-12,281686717826366 -4,88442060320887
-7,837493064915138 -3,6484359200940224
-5,3965369396853955 -0,4533701294327359
-6,214371363966684 -3,8066401776237937
-5,461932054086049 -6,632606984152222
-5,757445094146786 -3,0730240849350885
-10,709549969272802 0,7453831509434574
-10,926747257291465 -5,304458583616474
-7,591506994779751 -6,377580193581113
-3,72010248127072 -4,926857189239401
-8,357963052417595 -3,0866838675220567
-5,903029883701877 -2,3489311397071653
-9,916616007330592 -6,86276518926844
-5,396295376380163 -1,9767027771892993
-11,80527306330681 -8,547997933736832
-4,28003024126118 -7,587052170647511
-5,584750046029036 -1,3552217168932204
-7,445666119018569 -8,717580834024453
-7,763108459637189 -1,1230561444572342
-4,1819084970372025 0,4796160614366113
-11,381492293591823 -8,339243036832139
-4,762736598312461 -2,5553700021164936
-6,651519067466609 -6,102332329643234
-11,482676450373853 -5,057490352024776
-11,828564955849053 -6,35121976459319
-6,562110544542141 -7,320645465206257
-11,442632620967247 -3,5228823975295995
-5,562200582827359 0,008614947007475782
-10,743877768872348 -2,6038815632861274
-8,495905430153089 -4,92284617408223
-4,196336247389253 -8,187024155183098
-10,694478685261569 -2,033010767424713
-12,104226942976586 -8,551851286712031
-12,394370280555629 -7,0242073114807235
-8,394679207349029 -5,6985673872583
-10,039978745418964 -1,8744024566888744
-10,038571070200042 -5,360047364946469
-9,17099595160005 -5,099458621660962
-7,68750623654799 -0,17641792456043015
-11,75462691611239 -3,194074851816354
-4,299664829105698 -5,408335085919547
-11,262651004875572 -6,653799353045868
-11,252433386670337 -1,424051498432284
-11,738128689594435 0,37018190192777817
-7,90507376229824 -9,228234255594094
-4,265430115700182 -3,8082879177226365
-8,668184496187612 -2,5002955978482237
-7,46979438510153 -8,900914994439917
-6,258036673418688 -7,473398105263109
-3,577476320374524 -0,9192922619966886
-11,596248639370412 -8,188282323994308
-5,387540078371883 -1,5770770183442486
-10,971029779765663 -2,558929705394995
-8,217409618005131 -5,279821243837935
-10,731429568157584 0,1968510108968321
-7,3196007427354495 -9,024893175183566
-7,386771113080347 -9,518332740355863
-9,848951722481221 -3,187088926250585
-4,451216956543744 -9,397443834704024
-6,353264396314098 -6,237455037992102
-7,543117120284459 0,17063940065928895
-5,478939354837865 -9,198927443535052
-9,35821541377418 -3,841406417900176
-7,780679236459546 -7,947284496854521
-8,817604003597765 0,11974364288681882
-7,367154093993821 -8,262233250109071
-9,256331264352685 -0,1758316649357885
-11,740979439358494 -9,41079523850449
-5,343669472532953 -1,2754660379816307
-3,7732791677722357 -5,228720809188212
-10,305438712361303 -8,842292079457964
-12,135245606037412 -5,917960162747904
-6,262525431359628 -6,898612550982542
-3,6890816891780958 -8,013271028501327
-4,672513402708341 -7,241390546804557
-6,1809559315542 -9,651572548174967
-10,269947237696483 -7,833224857127031
-6,724264762485429 -3,3081613621541273
-3,7042348283748066 -1,9597441333886925
-10,329903341918559 -5,5888049800411155
-10,376147318295413 -0,5388036765263744
-5,031090455302177 -7,858640857230195
-6,473310367363409 -9,399733444217498
-4,438394906100195 0,4565162516845771
-8,53273976376079 -6,408398842852049
-11,287195842982031 -5,722741659067882
-10,196785661203146 -8,382094988458869
-6,31406132388115 -0,057374875992690644
-8,488097027527346 -3,1852639525990165
-10,03607120901138 -7,781875634209027
-6,112267659807063 -0,27531565354908616
-7,922982309737368 -3,30671054056762
-7,5785890703274275 -0,4262295563760268
-11,815579282633353 0,42995183400748094
-6,7391794242711915 -8,914407494833643
-11,386480532335705 -0,7979477249605516
-9,472849712629687 -4,29696695678053
-9,018561006101741 -8,206510635085271
-4,175237551728886 -7,645124165463687
-6,294058970026393 -6,50456993878989
-7,789626921237243 -9,602259123255688
-3,5724438454482073 -4,789062129944885
-12,420913186787885 -2,3620416842022323
-4,706102839221139 -3,237709812962864
-9,499289348593049 0,13867505424327053
-8,984246929389261 0,4763321099845979
-10,617188495754423 -5,785409900748973
-5,702538255626602 -9,336186995380842
-4,298175992124927 -2,038112594744244
-4,557527720768855 0,6952101501734076
-10,534080414648605 -8,491698900831594
-11,181471992948202 -1,9174019369509898
-10,632476262037667 -0,8181710796678223
-5,975859607336914 -6,21079619453148
-9,696868945470936 -7,900263966448976
-5,754820540197004 -6,761998132781676
-5,822072849156411 -6,557421543985553
-6,012227780902958 -2,1287957730909834
-11,864849245329555 -3,278211965215796
-9,580539198827324 -4,583282584630078
-8,945430740580123 0,07009734653417843
-4,457891947491895 -6,962940282530053
-5,004968118005134 -5,903794927163048
-4,79916676810014 -4,411983914593054
-4,525460409511821 -8,52871561002507
-9,777439380184092 -5,368968480030341
-4,844625284902923 -1,579975446918407
-12,203380285550647 -0,9107456347366036
-11,644843167160468 -5,898460461813796
-12,02000013575345 -0,08637069985852974
-4,486673230332604 -7,153905790660192
-9,12987798957868 -1,9198784347084017
-3,9073088070442807 -3,619537986222716
-11,253178502768021 -6,027048586344982
-6,724799190245024 -8,096987456790789
-3,892290165390163 -2,8106088291057105
-4,90045281966996 -2,575580314501492
-8,149152425821999 -5,551664959125224
-11,397896720213025 -2,330595185169453
-12,357959293195377 -5,280351521731713
-7,1540918939709535 -9,193848807958215
-4,147901701815684 -4,768536428439527
-10,264406524991609 -4,881364103354226
-4,84333194111888 -6,311055811101393
-11,399681777704549 -3,9881900889048163
-7,149228546626596 -0,2486390436792918
-11,376511903342584 -4,718885012085025
-3,755649397407865 -6,216936436689752
-11,74546682122001 -1,3043293297803478
-4,740587143162814 -7,243079093501229
-10,31716961381643 -2,8006183066663137
-5,860695840911784 -3,1763414216396892
-6,516171551640204 -2,5617487626735747
-9,450917687410719 -7,8425503945784305
-11,9174934366718 -6,131850381041913
-5,491770909107857 -4,841821421039437
-12,178499727345125 0,12294440853759991
-5,698883647805579 -5,16317817125434
-8,865418172700362 -7,699821644021941
-5,004052751443466 -3,891479593015662
-5,438403721673845 -2,693171325828925
-8,225239815636343 -3,8038157749241135
-3,9528174133051763 -6,327322490842403
-8,823647337226207 -9,213530744832367
-11,74205681803255 -1,0391386817384263
-10,912226386944134 0,03842250556745286
-5,836351416416118 -7,603167503347421
-9,627895624762802 -1,9515902109337426
-10,926327635486075 -9,59098349193434
-9,58053083724157 0,7897618322903651
-11,078816744534121 -5,890862878850224
-11,526470714239123 -5,310167056454025
-11,0122044103647 -1,5137474565266744
-9,186735510263636 -1,8584710111544875
-4,761554954474275 -7,144914637519138
-3,8485227038523995 -4,538037349962082
-4,6532134827907 0,5910515176126311
-5,743463586127738 -0,5888430290732494
-6,209587292451546 -0,24442478429869063
-12,370664321957205 -2,312414719693754
-10,172971454063816 -3,582658782384857
-3,848564875157672 -8,355950495384207
-8,507061304791222 -6,650904454719987
-4,477074678338468 -7,491132414899941
-12,320432084733296 -0,5582731109391001
-5,558221090080707 -7,606751012211574
-9,678090439662462 -9,204223190584809
-5,767675362476938 -8,757281386382152
-8,314909378628304 -7,248195680592043
-11,220094885356618 -5,101143029869412
-11,307335007692338 -3,0074584805243116
-8,438090077729878 -5,599285390435198
-12,000297326603755 -8,122924554929822
-10,3935934783276 -6,703572476903682
-5,933316667893387 -7,226937498872503
-11,143838236942205 -8,331035429993266
-12,48965144037751 -1,9395361862096927
-11,712021115254402 -4,448510479224315
-10,171223846073348 -6,412977771741705
-6,46612952179579 -6,243857110827446
-4,167596916600841 -8,292504824622466
-8,231403473663168 -2,0604191470541293
-10,331876564198401 -6,491164821191774
-10,884321149329896 -3,743501911255029
-6,830122586486235 -4,759778634569643
-11,093839412429244 -6,205809339143222
-9,943696473334832 -2,5899913266713757
-5,375447918133283 -0,5677891225279286
-3,998020943741386 -1,3944260143394815
-10,828759608728863 -7,564760996857173
-12,018399187321185 0,75350706243341
-3,844087742959619 -0,9148617129853949
-7,5738313266974 -8,120169947974352
-6,316951459850338 -4,3736153259145905
-8,017332937467867 -2,0125535490608906
-3,6178642570992476 -1,8428979213772927
-4,124443773534615 -0,7710765281983689
-7,336098300520236 -4,779065243095417
-12,406191751460868 -4,283435263727444
-8,363026559043178 -9,522256782282948
-8,498491495412122 0,2304463037342429
-8,545932283622847 -1,3920013355963954
-6,8250772744002175 0,033366899419210116
-7,514946015839225 -5,852608654381056
-11,073290493495403 -2,425288058418097
-6,202678378197623 -9,549485057238522
-6,187201393033069 -1,359902418738202
-10,22659059799064 -5,124777126339588
-6,488629881059533 -2,928187195417048
-10,329253507612076 -8,25283937692655
-7,537461110658634 -6,291812411406021
-6,644483085432933 -8,492597724872354
-4,733644962998415 -8,08103431257115
-10,083825046408709 -7,401718475030372
-12,091576675537734 -6,207720623878638
-4,813525367099119 -0,8750924263130102
-8,355835685596539 -4,438358685056019
-8,727481040616219 0,17433207626271352
-5,423642659619591 -0,828130184026513
-6,236184082366578 -5,518454502601493
-5,665959920802523 -1,0296056292674118
-8,412947728530128 -2,265324608768476
-6,539022665637613 -2,311274288326355
-7,335533385311219 -4,36015973664233
-7,219960553750275 -5,397488061299643
-12,100751673641767 -9,191110406968384
-6,1771771493176235 -8,949626865078036
-7,567814431937061 -1,4621797299089339
-4,791890639924853 -1,926457048458013
-7,312759588265529 -6,002720973314792
-4,607336241740811 -6,786291413348087
-4,497089312220687 -3,9261189180848106
-4,1655577585331685 -1,2751811016696049
-5,426308348529455 -2,6310764847347947
-10,164032750626497 0,7122937747538708
-3,596019085581368 -7,882317011081809
-10,654408431932694 -8,970929054351611
-7,606026251821113 -4,579679053983136
-8,999598941746122 -5,977681481208699
-7,627617174260794 -0,004980546041183365
-10,845135832009849 -8,299662412697453
-5,448214942488204 -0,7481244964383686
-6,283065870359499 -6,718667615103551
-6,659988888912382 -1,6697616845011776
-5,743117999608383 -4,440335259124254
-5,240571870418348 -4,6097900986557585
-4,0998721465178285 -6,332587310680547
-10,841895703270257 -9,332845834844221
-11,303504480685302 -5,736585771072894
-11,809407635221024 -2,6103527769410038
-12,368270450197853 -8,775037369010489
-11,108509806006671 -1,3350323848922707
-11,608624675254203 -9,140441129731254
-6,283003097727204 -1,3930776401797476
-10,286045897738372 -0,5766836176871211
-8,061993093007132 -6,646979528342631
-10,38347012001907 -4,710308096473059
-6,520064584820818 -5,192375490517773
-7,9069566072678885 -5,137493859410982
-11,71439821234537 -1,2289945636130322
-12,003848635458063 -9,150248179535946
-10,411827187021522 -4,8600343906707835
-8,49000257913158 -0,5729011191662745
-8,187946914673974 -3,0705310838869675
-4,863268388135658 -8,928556359718725
-8,79048228387958 -5,467195345890663
-9,135127451067014 -0,2804870191791313
-7,043767144964628 -0,33025364620731
-12,305376099848115 -6,918365686979792
-11,229800273502933 0,4287084420532886
-12,315754140177699 -7,617944105993884
-6,999175601804581 -4,26793941942061
-4,883320377576359 -0,43349310786412176
-11,345788963806413 -5,987731981545581
-8,433187886225777 -8,642719102175969
-5,35257847573233 -8,51167681429572
-11,808523069589945 -8,200403870406117
-4,35582985502748 -3,919189192361351
-3,5049315370827916 -8,289710181930541
-4,710692267502401 -9,383593733311287
-12,297778814748103 -3,491427595956705
-8,634095429268184 -1,989162283684822
-10,397108144066987 -4,335251575771876
-7,425970717550653 0,5986921371361379
-6,228732033146927 -9,491346298686027
-4,3456932497455725 0,2671391183519023
-7,036718086490065 -7,1783655406918045
-9,647639478056297 -4,982146507845247
-9,72674979258092 -7,164563217464977
-4,136967379310272 -0,47008303755624037
-7,254537051527624 -2,653938151545379
-11,29482421585743 0,6886677459174416
-3,886626494222618 -1,617651498628528
-3,9841205359162917 -5,223440778505183
-5,829667378236472 -5,868224613012693
-4,124257368530692 -4,736428554530509
-7,544652982936866 0,5230642385998738
-11,498954642874631 -5,743921319147822
-9,952562671995654 -8,611789946067963
-5,5853663361195585 -5,808364855428831
-12,420205702427328 -5,252867791727228
-9,533480652378763 0,09949547551041338
-9,800397844597835 -3,6403337114492977
-7,75910467971052 -8,073132660138686
-9,262227424897693 -6,324347492936451
-10,722311467108302 -1,8383635687557478
-11,949824134902245 -5,572064348576984
-11,51184301769096 -2,2250054068453204
-10,145472252733507 -7,344510762325457
-12,225044470362505 -6,381931813357942
-11,498859041717276 -4,987239070105817
-4,791076216478892 0,5504735107740819
-3,6313175572920873 -6,480213684287594
-4,4448538125576516 -7,4295601270806015
-4,262402005714836 -4,784000803104641
-10,566789727166 -8,067380766142088
-8,911333624633478 -2,080060784441252
-11,144490181328166 -1,9338331176548598
-8,203328485976336 -5,954165482806981
-11,339576123320597 -7,393478591868337
-4,150563541315824 -1,6080737828191214
-4,877601121170829 -7,904152753358265
-7,89163230290076 -8,925379379321251
-3,736144220955694 0,5623902852481732
-12,464148636234404 -4,036182284417965
-4,179904525566469 0,5972255694155584
-4,73313465173911 -6,83001994543966
-8,97777769693391 -5,426881665078159
-5,218406889921722 -9,280799872197472
-4,213697044125343 -5,447967060805016
-10,530549310440833 -3,5480705887165103
-6,704603376364644 -6,795078760536768
-8,547077041176312 -1,0645901624010259
-6,491336997873724 -1,4180965940708627
-4,3638670803438355 -4,974071373084309
-4,8577163292712715 -3,3339022837141643
-3,964453095134459 -7,986560535576733
-12,028323449627388 -7,143330745221547
-4,957064235166827 -5,1309825816499774
-7,555262070416887 -9,428033255242724
-4,665143708602289 -8,816111459852406
-11,767710820383767 -1,2901248948034711
-9,596794613301087 -4,498281929960874
-3,583300224606706 -9,410993794577827
-11,833035107957377 -0,2668438041313106
-5,115764196188437 -7,356551921581208
-7,886781314807936 -5,819364718889696
-11,865003814688416 -9,485450230569297
-5,582209346680193 -3,6415440083322723
-6,09047284311057 -2,613140320610542
-5,912023322456889 -6,071744961506134
-6,213119492773812 -7,761371474101817
-7,972365648133529 -9,705603762849211
-6,76896340100845 -2,49069898260354
-3,8468975532458654 -7,845299859866809
-8,190064472288919 -7,364398773695991
-8,711616464726315 -6,709409679814321
-8,544945071853057 -1,0850797917157176
-8,33596040528326 -8,229207097015289
-10,141739841104533 -3,241453153224538
-10,577954599947013 -4,516095315200234
-4,163353301950423 0,06098028677802325
-4,272829862368802 0,7361546480192114
-5,198258120890912 0,49963118503419585
-10,928604824592112 -0,6343131422183252
-11,980737555466579 -5,124999774764487
-11,249748316387075 -0,944163482056555
-4,262010647531863 0,28149191164862597
-8,04383390906196 -7,6586585914212195
-7,135909920854452 -9,107314658001595
-12,378007654634098 -5,436020290329937
-10,742501368089457 -3,605672119695952
-7,283490568305196 -6,9601321884396805
-12,48969306374329 -5,5307759787086805
-6,796707671156085 -0,4659182293950146
-4,3695163873033085 -1,1059826561691437
-3,5687057445188852 -0,22931689766371832
-4,9575973485917695 -9,143227028840483
-3,649714643290375 0,7929876802637812
-4,219334491226844 -9,244989442502115
-8,51963938011771 -5,846867164226965
-11,448840625425005 -6,557554981160973
-12,121093248971029 -2,544723745388022
-10,18517038746095 -4,098922259396059
-7,457460916231751 -4,610902471262439
-8,352218590557676 -0,31243703076850515
-3,6406335541377004 -0,4332455349240525
-8,321278859767414 -6,59767029512358
-11,190540514026281 -4,143843669931621
-3,8731888517918485 -9,46891606762831
-5,210939252761822 -6,593810662718526
-11,263983066329535 -9,483250417778672
-5,146104831990716 -7,079458974899236
-5,593959095797088 -0,9159951228551719
-5,368290923631002 -0,9177812646870638
-11,525749456396888 -9,616957855704229
-11,67388660177231 -1,610572845223721
-8,784691467235817 -7,752478289507381
-8,37514656033915 -4,413642966653333
-8,489959663652973 -0,4040562688881226
-12,11518411392812 -5,747549963265436
-6,128331150288374 -9,631872250435858
-5,364296011746342 -4,515558777315274
-11,292832218658702 -1,083105115209956
-7,582463016209483 -4,961759204258233
-5,098650282351999 -9,463908972006841
-12,251389797234765 -2,643107577085715
-8,65067014945433 -7,032329126339067
-7,303405430399434 -5,734205649328004
-8,330887581328014 -4,969337706609146
-8,438220314632462 -3,361337961510592
-11,124936977477137 -1,940680543619645
-3,6903964736057056 -5,701872767054074
-5,110062056933557 -7,170945461458839
-11,718452303326064 -6,084487398008588
-7,69149384092736 -2,9246356019437325
-5,114577758950288 0,6769751649755368
-5,524420017362257 -2,7425922654946024
-6,344429869245586 -0,6232695023073402
-4,58228388954994 0,7908483965185069
-7,3125434316009255 -9,38633913025707
-7,767227670328172 -3,7177536166031926
-9,870361340456357 -5,9064111589590205
-5,848224139444282 0,009548988307682471
-7,963553048585781 -0,8964094042909332
-3,5420223447799852 -1,2002497404271282
-12,034254208747356 -0,004573510152615534
-4,103125738795422 -3,8642924004421904
-6,3691577892209565 -4,077785071064449
-6,54722642786014 -0,24175032848660716
-8,238952676459888 -3,090856617309549
-12,462729738851198 -5,497983875824549
-5,3863445039875915 -5,759534695240744
-6,272397421768596 -5,279270890311774
-11,981419058601194 -2,345645523518227
-10,244161533497275 -7,95023436154944
-6,741316095515229 -7,585969023995086
-8,755817930508147 -9,40317947780292
-9,484299022064937 -7,509891018276089
-5,487624382974256 -6,912562114926468
-9,040157908498212 0,008129299437424686
-8,385188897616075 0,4957391281107762
-5,244429942482141 -0,6586436733948808
-11,354590627164248 -0,3058276587527988
-9,78722592610072 -4,284687746476284
-11,379497953093441 -7,227114941758674
-6,892758687142485 -8,018798431466163
-4,542725615363667 0,5345944094842358
-3,8249309736813526 -1,7675232450089922
-10,725091235458406 -1,7385340636677393
-11,115962324993145 -5,844390250653841
-3,8175755574495884 -5,427759586737963
-10,906902943880725 -1,976195006304273
-11,349213109101461 -6,624798788514337
-3,7269953603988686 -5,669221690078103
-10,78844283785758 -0,12537213935066216
-4,8606010141944145 -1,8775575219696956
-11,19671907549558 -2,4237788505734326
-3,913748355741438 -1,5548565350803025
-5,932881585113046 -9,675292610049464
-3,6578208723822883 -8,092746350080573
-8,67919809665596 -5,137215269507808
-9,213589019406914 -3,918856114275859
-7,229358415876306 -3,239074280539322
-9,903180276913819 -5,302066561310585
-5,951029285336201 -3,1917227691586163
-6,412191072348108 -3,990634841872162
-6,14866372877251 -7,7699233241023
-4,514554839596469 -4,113408001892839
-9,73452304624258 -9,541054777146412
-11,71491495426401 -3,532408029090629
-5,561269775599378 -1,6068584445326188
-12,33747193361646 -8,870963268109696
-8,31785134338773 0,6449679503213708
-11,748576260754994 0,2050286945331562
-11,997820547200165 -7,098531567813556
-10,978143379724777 -2,1149841858949774
-11,869388490341109 -1,0781935130838085
-7,472581917158558 -5,767920571524376
-7,733215656408283 -6,628392733038826
-6,8656440222257515 0,12247774076071904
-5,820218060528915 -4,101485468414508
-11,412908058548478 -6,918852349010091
-10,340329942461487 -0,5747178952327685
-10,825655746841825 -9,170785546767995
-3,5495190818297537 -8,367552589609073
-10,773348156903875 -7,993271623917626
-9,704777646200148 -3,113240820229933
-4,098280992236042 -3,9260556906298127
-6,581995864245476 -8,469920646502866
-7,909110076665657 -0,6589507859649919
-7,224292754988052 -4,940085500709949
-9,492086342068692 -1,6055946044779306
-10,302242045398227 -6,958214093200205
-6,580413101772795 -6,921164830368069
-11,324865139123894 -0,3642147872131205
-11,176571378989777 -8,234887332377072
-7,975843987496405 -4,273457786215027
-8,725334805052611 -2,117600604462363
-8,631858939483694 -8,910622552244835
-5,205792487744293 -7,25040392225548
-7,617757753981897 -5,964527187752202
-9,013510566285616 -1,1901967838678211
-5,578390183119828 -3,336643428696134
-3,6794428698831005 -1,5879924600210542
-4,437189010397008 -8,74290190116436
-4,3032029138352055 -3,1866097259116444
-7,367486770389521 -8,237829128387638
-8,187813333089519 -0,9990306499186539
-4,988506357162916 0,59894975239068
-11,289047902337067 -9,355054088291752
-7,334875832005782 -7,372597362430088
-5,6983113494150475 -7,855399927288173
-4,407425168195335 -8,987439242417159
-7,905339048535779 -9,573976498052506
-10,752380746548493 0,27602936575053527
-4,85540173962791 -2,4858740830865313
-7,429825395040739 -6,936212179022389
-6,439973926476673 -2,1957312898487977
-4,731812087555354 -3,3769082243519284
-5,975218522371058 -2,1497206699962943
-11,992497797489206 -0,11365799635046914
-10,915206700399228 -6,71544139136874
-6,797535900201575 -6,237640084746854
-6,005301929399029 -8,622877661111243
-3,5684912774479596 -9,550960400282566
-6,929735382821779 -7,674653066170186
-9,455884056886035 -8,84082290802408
-9,90539605994118 -5,432131946550835
-12,270851156439827 -1,0956584455095149
-5,293497785706871 -8,156438294910743
-12,340988312210175 -3,88617271526722
-12,136057935614717 -0,41448302502763257
-11,66222536449214 -6,354466476937944
-8,571809403354237 -5,19248366264192
-11,116972049603334 -0,39292871456967693
-11,279471555716622 -6,519776634305311
-10,034003839419974 -8,706328979756
-12,278025397965209 -8,685191994582954
-3,543617514649439 -3,3734360507083947
-8,207294775279237 -7,228958936794192
-10,524852747074243 -2,7516724041899145
-4,560603329400401 -2,984448056845566
-10,32125094190941 -2,9474013584942655
-5,53078953817074 -9,489022948524987
-10,024011056275105 -6,982757151452549
-9,604558321031371 -4,121572508612024
-11,683481167672596 -5,721041844391892
-10,824258347536691 -9,515055729070715
-7,523576943140477 -9,441290701677522
-4,328012912747926 -9,589656923582796
-7,152132465439692 -4,4809915961936895
-7,3755797618700845 -8,998358249979317
-6,210380160056592 -4,74147269764564
-11,525261690097963 -2,723052554723953
-9,930249345539684 -7,596039944241229
-9,072086084963589 -8,16571583611529
-10,19159358320292 -6,2128394300532825
-3,6469224938889386 -0,6179641836081557
-4,390415816194434 -8,420008307463043
-4,445896004735918 -2,933074012205786
-10,962107777492912 -9,375985642263542
-7,108534393735402 -2,1622601740597345
-4,169354593863929 -4,550438419649779
-5,02288130024815 -9,075036403225203
-10,280694796691327 -9,044904933921666
-5,331335044579189 -2,736211289899132
-6,64993581265319 -4,383736741996737
-7,37591749936991 -5,963648110911788
-7,575929683462112 -2,0915535007618917
-11,446559866155233 -0,5552225852627248
-6,41762910070174 -3,9606557024874025
-4,342524531740697 -9,59619809564332
-5,181557469519083 0,2380609016202926
-6,792272240774102 -3,586823962900559
-6,575428327618616 -5,7456245125569625
-6,38874084894684 -6,531999349648157
-5,48609499240122 -5,84715996150119
-7,119481961884514 -9,660693144253994
-6,32579448274505 -3,0207341406365895
-8,084088833999168 -9,337702281450118
-4,863855252777654 0,30943722195425927
-7,273368963284991 -1,8641894830391739
-7,227072774449942 -8,560972538173203
-11,018062270781076 -4,13362181264902
-5,416826279580823 -5,840926474673068
-6,460787191134557 -3,1898103167834018
-6,0829457203700565 -9,426786945787615
-12,402911781364605 -0,2238529651273946
-6,653506497846625 -0,4971940857373489
-11,494705187247018 -4,563653218189196
-6,145929120624156 -6,457209113149553
-8,64857427761857 -4,410949154457291
-9,398124928016893 -0,6066724125517406
-7,237749644986485 -4,484696984396344
-3,594187661973276 -5,375626019137224
-7,98186329913541 -6,5305093953261535
-8,9374136284996 -9,162180526974105
-8,492051702698483 -4,46126651595813
-3,8259391615319434 -6,779999702988442
-6,517919798067387 -9,793360175144965
-4,196657146402911 -8,401399116628587
-6,63251997013727 -5,18076609862046
-9,028601224326588 -4,759224183537166
-6,719570372227402 -2,3497112019404804
-6,457483766069771 -7,443193110768751
-9,465450315537318 -1,5480702865943947
-6,712368483300804 -2,5637508416916024
-5,103913143724281 -3,2225125533564025
-6,439987912605556 -7,4720202514659055
-8,853506174715374 -1,1299417492316641
-4,799176693567375 -8,457315685010595
-5,919377051215136 0,5834249044840905
-11,190868605867752 -5,115461543492676
-6,699502465102372 -0,6813252428764933
-9,321990605812957 -6,565398343022116
-6,830283797468786 -8,233874755248273
-11,133998157136936 -8,895019247422537
-6,499832278798083 -3,1346467514284404
-6,68634769797065 0,2295109062972761
-6,393416383504213 -3,7455750925395463
-7,976868333187574 -1,9894084496758573
-12,139773058299587 -2,140089456090215
-3,8706091019041278 -8,052482086626567
-7,643534639877748 -5,805102938702274
-5,425498810470288 -7,117192526616166
-6,019391115623054 -4,22859258566054
-8,408932578054578 -5,502358823701929
-10,760288515954612 -2,453696119067545
-8,1535331380403 -3,5446527859137413
-3,9893469820719982 -0,5533712468302514
-9,965207525063434 -4,277983445112679
-5,411219006759351 0,12549625779324025
-10,575142613524921 -7,95327194532842
-11,742848451229055 -6,381743296300248
-4,210350887491998 -5,205998936333576
-5,98172966174358 -5,940211368903188
-4,108469176472219 -9,278222329952934
-8,331844137069275 -2,587339669160161
-10,20134762400942 -7,9182936969465105
-6,145366406600863 -2,803171874044363
-9,665080020362977 -6,137600900461277
-9,304688831967546 -4,978448636876904
-7,791843817443412 -7,191187751065523
-6,728621198644184 -5,059011476015727
-9,64038072889038 -0,6428465438986228
-5,085497454844556 -4,607332861703007
-6,666559369940442 -8,270425817100847
-8,241178130894419 -1,820324275409792
-9,332153205835375 -5,789659835280127
-7,413361698583746 -4,826719189195029
-7,2785095992294195 -2,558779820007369
-6,440742647810964 -6,339890810539036
-8,60620241736815 -6,956875776444845
-6,325182306379516 -6,2273670289454195
-12,212316617838042 -6,7149111202987815
-8,452873160306329 0,37620099456409506
-8,762517846689654 -5,608904163474636
-8,57765486843397 -1,0257458971444136
-5,279661912354162 -8,547091742867714
-7,7343048117750275 -1,2449374199657404
-9,393584313021487 -5,027047174154425
-12,355112642972978 -9,148718689749881
-8,565418739351777 -2,340764731082839
-10,200602344618321 0,31262002755215135
-10,309856568823253 0,6190551721142874
-4,211010388113449 -4,815269461761524
-5,667930982721811 -6,15467070454796
-3,6770847710264345 -0,7871707436080595
-12,150158938774958 -8,551682387292928
-5,676375361718378 -4,800223137638224
-8,099791521357057 0,37900171877423283
-9,765275635508463 -1,6653674071333733
-4,822675098257449 0,5973253948924542
-4,851866262543249 -6,191527735263192
-7,327510965860653 -3,925080824851916
-9,229309352357276 -0,5034258192223375
-9,370799815322847 -4,820166099565933
-7,900721008242083 -6,602908600652005
-5,535749274700492 -4,636238471786327
-11,464465775120608 -4,487583742002468
-8,550191525360438 -3,9372307748945063
-9,724880691527058 -1,7411726512083667
-11,267400785740623 -3,3567798809386273
-10,59575476954901 -4,387031485601826
-5,28360726738808 -0,5464101516606985
-9,18320458671198 -0,7162985583438783
-8,108718017219868 -6,044665924751369
-3,5795238204310245 -2,6147278737578805
-11,278867017348423 -7,173761756352437
-3,6046426410667642 0,7638232695646879
-7,429992455496366 -0,3487583196218291
-11,18562050976919 -2,5341364832145485
-3,562605679953574 -8,306787290014212
-5,619289119149149 -4,383671393730438
-11,130258050038007 -6,75212725487681
-10,987896723614844 -3,8795025796276814
-6,315905514939734 -3,9720874962581236
-8,129502261804003 -5,177322469827542
-4,729001030298547 -9,732292472378319
-5,515278443070572 -8,414532194020387
-9,16216089118459 -3,4346753780860206
-8,7816706341702 -5,091705441833338
-8,28589188860839 -2,839630224702506
-6,595652900208616 -5,1932602094064775
-10,556619305897353 -2,80206924479931
-6,150722156656921 -6,601461191067592
-4,326994999024773 -4,254361661145262
-10,405969270202199 -4,804399478800211
-5,749415477001283 -2,147925839977174
-3,6428253492012868 -0,6975202782767875
-10,115914276575117 -7,603868143699752
-9,873701374292857 -8,91276526653793
-11,268848675157237 -9,748496849548552
-3,9128827426244257 -1,823955518339391
-4,600750496394224 -4,260639165076838
-6,309978854795402 -8,155984696661962
-11,121102651159289 -2,30817432170919
-8,437284634890371 -9,052138937535888
-3,6949886044154567 -4,737526021049325
-9,881240729744128 -4,914554787181271
-9,635076835261632 -7,277104788308715
-5,911226337277256 -6,944398001208047
-12,407180099968247 -4,358525178673349
-9,501919818596607 -1,7159911707335678
-5,634623157855922 -0,15626928392076922
-9,603712567379542 -1,4029490587043087
-8,251261977252657 -2,4149023994697405
-4,829097084447243 -1,0488346403719973
-6,19773983137255 -4,942215431244272
-4,909082713568895 -9,195414229729028
-9,66142536244991 -8,399359461497912
-4,902486499557499 -1,4345605954540008
-11,596605970104033 -5,271937478885089
-5,795373389639158 -5,843333582822431
-9,379826670702968 0,10021059892601147
-6,913125119950488 -2,8473327305388985
-4,873900549252699 -3,9198856475715873
-11,61895763666522 -6,40681211471008
-12,447932026378593 -9,53637256872653
-6,4873888195782365 0,7206227368264521
-9,393896441290684 -1,8475940521296537
-11,171226203414657 -3,951287579152906
-4,3627348686951155 -5,090442203450434
-12,197503880599884 -6,754610950404691
-4,7697390873998335 -4,809000734345621
-5,339002182046993 -6,68946808799274
-8,342447960723172 -8,555605020030532
-7,4017644087411 -8,359131476900039
-8,596633921932009 -2,342592252857753
-10,435273175148994 -4,270910900933987
-12,311379287800602 -7,643047045843205
-6,520601657683819 -3,8274856900765455
-7,226548424299631 -3,122751686491413
-10,410741786099834 -6,893486294209792
-10,583753627491856 -9,708020565272038
-9,085035028372047 -3,614298500513982
-8,149247035551921 -8,011080318828524
-6,540501046501102 -0,7737325631226053
-5,862330360974252 -6,1878702725731465
-11,441167098605082 -6,202915257188029
-10,989115824712389 -8,109532433232724
-6,401926675144352 -1,9110339466151
-4,599557776113092 -2,53713603083596
-6,981568811916497 0,5686705074338844
-9,009462996639108 -0,7400511969868808
-11,5573850829463 -8,913073949049105
-12,43808545903929 -0,0014831296681270256
-8,917183445976942 0,35745700878623843
-3,9635725028232436 -1,4537736102384253
-6,983168794326551 -7,598432053656405
-9,790511178381108 -3,808884984682888
-10,871753363872783 -6,973449351773486
-5,531081577033879 -1,887060339356194
-8,400466733187578 -9,569700581876418
-4,90030169826332 -2,0915253865709813
-5,751546851709667 -9,607054071880311
-5,597078408613502 -8,284183978962778
-8,302922314851525 -4,4258781708263415
-5,635785557876785 0,0161616179002394
-11,08514630133616 -1,6019734190645714
-3,724131899899481 -3,5918962224947064
-5,776512736166144 -9,336648017964851
-10,724367822075061 -8,671241894502707
-11,545548744480428 -6,130999531799102
-11,496245733444884 -6,771266416235637
-3,6135231305654365 -0,41821637541595313
-10,30640986935914 -0,8054737916505501
-6,95494346922085 -1,1757551998993665
-6,018096260739216 -6,0724185499213705
-12,411793771927218 -0,3761336550508272
-7,149453261649239 -1,2198635807235896
-6,84715973085193 -7,178024538227111
-10,498614154473339 -2,339220306992564
-10,154754166819885 -1,1507655729432917
-10,588979759701333 -8,913847836696043
-7,084541191242607 -4,0218162125206165
-12,052128154716087 -5,926195563742385
-6,444291102051696 -7,483185726929007
-12,33245086961455 -8,116271037448819
-9,139790236823266 -0,6761036096389068
-11,928394257859281 -6,136319303729433
-12,315073581615389 -1,7622812317987944
-7,489983446514125 -2,36326649933981
-9,408987614181008 -4,497931683814944
-12,080444878090894 -0,5050445709119427
-5,919399749205645 -3,1707003326717853
-5,590912341240289 -5,703686492230506
-12,48515235856765 -0,4173600666954247
-3,6263277877299664 -3,836333783738592
-7,810675027649438 -7,0757757619640635
-6,363427865006175 -0,1174149946631945
-5,51290086713108 -2,9013719402363067
-8,138637806056735 -0,908487506440645
-5,751325056666572 -7,599354330667729
-4,123641870931031 -8,318465889122994
-11,67720909958009 -9,110722919110298
-11,69194162585358 -3,737553486209001
-9,32451986826447 -4,171727293841061
-11,022561254318386 -6,978310861760223
-3,750389124079719 -8,991737836673842
-10,71413253643245 -0,7413271372458341
-6,415295378854072 -5,899377430562162
-10,080333891532085 -6,78614394902714
-9,651075084914641 -2,5968006694596664
-8,480941711195593 -3,491142336044166
-7,018825403301202 -6,580118887786727
-6,513111568024231 -4,854940522801587
-7,779576147273197 -1,8855592356278261
-4,612304700346974 -4,516932366806497
-3,914969381772604 -4,248132978176541
-10,864594159861767 -5,185906150354796
-9,88637922476859 -3,850153415015984
-4,144699232656885 -1,8349941743241367
-10,243624590492953 -3,614492735706489
-8,010141104214938 -4,312642459489798
-6,597718103600144 -6,303156321116193
-5,077852833942999 -0,37868010923876705
-6,025556886354216 -8,796788747387325
-10,169157697660527 0,530763930350125
-4,455579949414737 -5,75716215659262
-11,379835520018162 -3,3579180937404223
-5,4006601585788 -1,041644765005341
-9,763328733946238 -8,766073654947208
-6,458585152343426 -1,9534548316328844
-4,138760432384473 -0,12032988488483154
-8,537895164713445 -4,508734571606391
-10,574109828321948 0,7658203299141757
-8,921566992096324 -4,466198702127866
-7,843080187947231 -1,6450785228639109
-3,8745365060128076 -2,4071144344540105
-7,1806247700566255 0,1057729049993742
-9,619137404246125 -3,6657445424198434
-8,812814919094606 -3,0655295211227864
-10,610261610108456 -1,1677955546633625
-4,154907862376081 -7,969214140439115
-8,835505763971126 -3,888090676221565
-3,946517010432702 -6,305983145958469
-11,795152465761209 -3,1250737054187283
-7,763183814256413 -4,533740852062451
-11,358239930410225 0,5335576978157407
-5,538057145559378 -3,9023832932091924
-9,264646206978531 -1,9828444941794647
-10,125261880744688 -8,944337324081182
-11,466496578900069 -0,3982479350144703
-10,777944591461257 -8,421957112302852
-12,204917754809628 0,6943942543297966
-9,94014516213988 -9,607727658596177
-8,884934417837057 -7,285155928204962
-12,362620735161247 -1,6747919953345491
-10,302229582012693 -1,5218544095195574
-6,079131630018 -7,295324074395652
-10,17078992916537 -6,278122825141455
-6,343676450657067 0,4498798262703887
-4,697936344460854 -7,241137358125944
-12,279488110119907 -6,854811451549679
-6,41089350180439 0,7307058857904165
-5,897030078181912 -7,7698134865320005
-8,816947206635152 -7,83579863550633
-10,626024493297471 -2,891866465593173
-5,588105858566002 -7,274439429533717
-7,537172172640265 -0,06010524715557297
-6,1996831557855705 -3,285127632403186
-11,84740822681059 -8,068691623423945
-5,955302103086685 -5,867661269088293
-4,352747001749929 -4,804754907009751
-9,416843011350661 -0,6771419623821358
-10,100120043542125 -3,6960304606830343
-4,290299576087671 -0,8294980292495844
-3,658209946852498 -9,586800872801682
-7,053839651210898 -9,153085454690823
-5,631779086026138 -8,964069704084874
-11,695963293491834 -5,768270016530194
-4,901863577860778 -0,9179525364925951
-10,842135213965257 -1,9040285047050614
-3,9016109374750343 -3,4730936118341695
-7,332546513952675 -0,6089534736644717
-11,269293930164407 -9,027899471825558
-9,674501514878003 0,388046025673647
-5,214784493775857 -0,7674646943604235
-10,628200354505383 -2,539680837388631
-11,698751688077444 -5,0721336371498955
-12,153850249555749 -3,8768062017426157
-6,973830781991525 -1,869741942208494
-10,714878183003558 0,41827688905368526
-10,87811431059265 -9,237428751123957
-6,0074821754360395 -4,871087594056083
-12,221767858555088 -8,378026610951121
-4,733060085856382 -4,701867030981087
-7,058695067638515 -2,7005546076570806
-10,231508364192337 -8,525232264375026
-11,82261200705643 -2,6065467129136577
-7,316908537344582 -0,802524516050171
-5,069787203759928 -8,243355992965592
-8,353811701043757 -8,63286864589959
-9,890115365974365 -0,36526387827787743
-6,766271420249223 -2,8692071862378725
-11,296800650122243 -6,602744145134113
-12,124304485527267 -9,246834272143968
-9,12769007903125 -1,3580810511720391
-6,893305292348862 -6,708211766573217
-10,235584982293666 -1,045161152929768
-4,18998042248556 -8,630147340332623
-11,276651516148142 -4,857801946734365
-8,612731143047114 -5,503051418992181
-7,260669699013672 -3,3465455674758866
-4,864040773288239 -8,833573870619857
-5,402950756560569 -4,423985751370611
-11,024218238664698 0,0061910939371367935
-5,911556019572506 -1,7993031479390147
-10,144160756218676 -7,218428603978556
-4,2917075821511155 -0,10903932568946051
-5,016254613106341 -0,8833625611593947
-4,779742582786054 -1,0951156210078445
-5,873941498142016 -8,331604105041821
-4,738813266330284 -6,653207620053414
-9,232560663181378 -9,744307013432337
-6,675717132952401 -9,713276685928372
-7,174759060069356 -6,443674640036144
-9,144320154953487 -9,022657455909421
-11,043785571157978 -5,918669736519075
-9,879886325488405 -5,243442934964808
-9,895438543127613 -5,936984133745696
-4,423859543653924 -1,8358569843939743
-9,391446284543964 -4,754828431422318
-10,503391444426057 -3,4565978665699095
-8,340375248575663 0,6135035792230357
-5,2125751546668 -3,349053589793747
-6,256400179022645 -1,8091107993813476
-7,525112644287082 -1,7746066020304883
-12,350851755155427 -8,223968710914768
-6,086191935464091 -2,036507443910198
-12,248155516571705 -4,573274555559499
-7,921437766641126 0,1632661739216672
-3,5805293933115134 -5,324742759568298
-6,861067579839003 0,49444776069204954
-5,492973639755914 -8,52322505487483
-8,810911243152752 -3,7268247182194525
-10,88216021748137 -2,225226698357072
-6,926443612888102 -4,932521611771103
-5,481704621721877 -0,5144917743708155
-11,16856093799606 -3,774374358916659
-6,60410200258654 -5,460845714282372
-8,77314686332212 -8,427035150300432
-12,042935737767326 -2,5467679786102506
-6,655824344020157 -0,27489640109872626
-11,867437861234723 -3,955761268276982
-6,159368183149212 -3,9750178071558127
-11,727608169216685 -3,354337856652034
-6,663019746152681 -7,048675037600121
-7,401578680737624 -2,695640238359865
-10,564076299207628 -3,9107576800756894
-8,602654453584218 -9,002958352883983
-10,199084807982214 -9,111683799099394
-8,697856059031622 0,5154099983745484
-4,401630702091099 -1,0791421840226603
-9,5695560487339 -6,215282963318166
-6,756339780706023 -6,466494760145558
-8,934523821497049 -5,154534243200527
-6,3815632125627975 -8,959684471804671
-9,946671240968444 -7,208181636336325
-11,319759308747324 -8,726251197766645
-5,116671858825363 -9,470397982099568
-10,37593333066129 -4,104434672290347
-9,574488448529562 -6,8583350906230685
-9,514597631771728 -2,252219030557873
-12,480045675125872 -9,397681629671837
-10,782673521431299 -5,154120990602906
-5,1098266064052416 -5,439088260194981
-12,46357244497906 0,7427781468632156
-8,746754380421546 -9,34069654184216
-8,711997827354903 -3,2780708934330063
-8,044567519102118 -0,33982679307257047
-7,693317074740634 -9,297522019174801
-9,291966038384066 0,2675132191871572
-6,242642554381327 -4,410347483495162
-7,598117929100208 -2,1866768345534693
-4,463893088555437 -9,43010617784531
-5,317566925518004 -3,306431753139334
-9,697650867926194 -2,1945347809930347
-8,452191851147468 -7,131522355820602
-10,754723841419434 -5,642497728564342
-8,024417236741682 -9,673281516944028
-5,521400320377991 -1,7030608178252356
-11,969219735519797 -6,4406862171501755
-4,023845859251946 -4,565268727519435
-4,40497584991857 0,029046069325776025
-7,637512862931999 -3,9100089710106882
-11,776625769988893 -7,050133640833591
-11,990508512862338 -8,77537438231798
-4,364480894281066 -7,845333579502404
-8,366044293955824 -7,386956132153402
-11,07315586823961 -9,062455869451572
-10,449285031543775 -8,868031059815126
-8,813490586052257 -6,955700938807811
-10,002418420238739 -0,06736627695957442
-11,344255523445186 -1,639204413948052
-10,973847349383412 -4,468991508756253
-4,972614174555491 -3,0193486125119104
-5,968454959116424 -6,613713030958523
-7,494645738438499 -2,443281151381867
-9,136818299995586 -6,859365276253132
-12,134903833847584 -1,7747738203691228
-4,548628188305274 -4,415438694807545
-6,090898845586148 -0,3607486894347658
-8,812398475946445 -8,299230523315535
-12,012834475129544 -1,3228323635928836
-3,8555398585179255 -8,587449976343558
-4,777921642042271 -1,8890951484868503
-8,351651052255939 -7,5625047259869165
-9,474304613603929 -5,319693248539019
-12,380858192447041 -2,2714432003781724
-4,278459127823188 -2,670368920423332
-11,252535204028014 -4,264450682428455
-12,402047221989282 -8,255835754024833
-5,107915295571203 -0,8918478164976738
-3,934244217049468 -6,185978829682486
-3,7496717544831952 -4,9546199667301325
-9,547705628133315 -2,3904681854539227
-10,8215077188816 -1,8515121087982382
-6,834864815549233 -2,572975357696178
-3,869184965655334 -9,258186677220369
-10,124471493135195 0,7294339966963597
-4,768352809356836 0,14502813076517207
-11,88199332428172 -1,43129523462989
-5,25340675091225 0,5233085519346138
-8,337257578912414 -9,472833612331069
-8,919695241788244 -1,6873436912171351
-9,19015437387529 -8,24832369643538
-4,343500189762324 0,1541693259871154
-7,078913031943307 -6,7640691672732345
-8,332511929770964 0,2566577347076763
-5,020069390349145 -1,8117782082591234
-10,380350745825634 -1,666811567365731
-9,936993946052054 -9,289589734918744
-4,362236966210448 -5,447221251887067
-5,813237505731846 -6,405854508996955
-10,219406899740378 -1,1586497601152017
-6,40272837384204 -2,140914352524656
-9,299323445201516 -2,5787674310059803
-11,951579927273325 -9,095314106415513
-5,49126215454211 -4,840297462073058
-10,661571204494624 -3,9443959046864823
-8,287140828402613 -1,2662664732304296
-9,07157229251797 -1,4256412971417152
-10,789807545382473 -0,7623251385288616
-9,3567500182393 -7,541319956939687
-10,843746995373627 -0,5646181829541597
-9,61308266224591 -4,6793971100497656
-7,644351667029378 -3,0164274627918006
-12,005760766866752 -7,1661256006873035
-6,473779677873061 -6,425527090761968
-9,633733162982802 -4,897653840590277
-11,229595570836826 -5,170353026030893
-4,395362344495782 -6,7374933593491395
-7,8323738446858275 -6,694364733989867
-9,71302180395726 -6,972685033601442
-5,437050603337389 -3,965762996123458
-8,416206243371803 -1,8008235776429349
-8,05463779371167 -3,1864685713983185
-11,657050100881676 -5,605596276953381
-10,861575159412343 0,4263382570360816
-10,557912992677416 -3,300352741077118
-5,634705394847906 -3,3913864120564154
-6,347116884522783 -3,251572632207603
-7,574277210201026 -7,012241787913633
-12,12834934238904 -3,5586996775699324
-12,20006105631003 -6,515289408483388
-6,990577290211157 -8,926287378215765
-10,57971887940345 -0,781139485175246
-7,539075325380701 -8,746561536743394
-6,353806540960019 -9,641096338600216
-9,24930962117515 -9,179951141272838
-3,653463261501841 -0,47189337091207184
-8,232413785644596 -8,411760798244996
-6,523993907057149 -1,9397564201389954
-12,423617921158687 -8,362795866340845
-10,557371634365747 0,4893831013262345
-6,454350494324507 0,32737482607866164
-9,353030864398418 -5,511394381903906
-9,127963294168849 -5,837164701095808
-11,822398397797032 -9,10790531716639
-4,017741369900719 -2,9915111470583122
-8,667412920581462 -7,999158150389998
-5,125802210366045 -5,176524211238371
-9,467845140256161 -6,46089188867645
-12,292250389328354 -8,659227017057733
-7,7626794503178 -3,046763995258627
-4,739126964166529 -6,589950206696022
-11,3861116328763 -3,0088234759631867
-7,668816900668212 0,4259912722754175
-7,686704304618897 -8,721575842151566
-6,19455068089674 -1,7499763167519269
-4,073625260313317 -7,468142985067224
-7,945446372021054 -5,299411759075503
-7,566943728704757 -6,856810159659479
-6,832179361849722 -8,501739734340765
-10,586425461205657 -6,292916570324417
-4,213144417895865 0,43032686967871525
-8,064467800076153 -4,018776267185107
-11,471549374621631 0,17083354935373352
-6,979609708877491 -9,22378123114782
-9,38390283657566 -1,3932874573380534
-6,671406276987341 -1,6320142779884141
-10,39974735782808 -1,928855755995021
-6,6324426863409105 -0,8449261023666388
-8,548880657024496 -9,305767395980476
-9,147348525824079 -9,222885017268664
-10,92324851002408 -1,7556722756060472
-11,126808537398755 -3,8284513738871064
-7,127684785847016 -0,39970365246681183
-3,995888455529517 -7,965099413625219
-10,899183744476053 -2,0437579100299406
-12,422245712460601 -3,8674422616543076
-6,826898690364031 -8,98336297009784
-6,974318090711879 -6,399937436382786
-4,189143580608615 -6,522708071202016
-11,152932832472983 -5,340753035511412
-5,767892194887384 -6,5307143831075685
-3,866106812510175 -4,458540287372237
-5,014088472078375 -5,6511263836011825
-9,23290786958744 -7,172719478527804
-6,330320809095596 -8,84017587410545
-12,113511955044036 -6,204074560120812
-4,908340798846558 0,5995826059552923
-4,895185293048242 -6,653269285636531
-7,3924936661244445 -2,5503262029415668
-8,20797149702258 -0,24571168705027846
-5,598027974178248 -3,054448165567231
-5,722482421649961 -7,776509024767143
-5,026254879277208 -7,8220575006132735
-11,60951214394017 -2,80442179038067
-6,982903980602525 -4,198391096079841
-7,001951780010256 -5,2508061583819705
-8,806204513100157 -0,11053204792348148
-3,9014396264533673 -9,525469421280542
-3,517125188462389 -8,272676236557299
-7,323001518104935 -6,772946667044325
-5,782170391578333 -8,219146380662014
-9,972733795452564 -1,2541369646764433
-9,963791565373254 -2,60312631377583
-12,086491305660898 -9,550191184131918
-7,5556279245356555 -5,4863768988141395
-9,764314918257591 -2,4538583977051482
-11,86402677568045 -0,3186936804263365
-9,922286079500829 -7,287331767272
-11,873684730660825 -8,821690460846707
-4,017609758308556 -6,515728644826926
-9,513324741162425 -6,186426039024043
-8,072747243856682 -9,323905962851502
-9,70486164914323 -5,795522031220201
-5,473813673284325 -0,5726462831231802
-4,836249009395286 -2,256273370836582
-8,032486297252603 -8,496683116182023
-10,60488253406199 -8,790613807149196
-6,225014462542047 -9,776993900699914
-10,407808244981645 0,22267744385626342
-5,299480210637251 -2,475007061825014
-9,052735511775927 -1,2986171299410472
-12,305973609766758 -4,025681049239385
-11,168363972296385 -4,339290310039484
-11,90567242029725 -6,409602447563354
-4,9894860886681585 -6,559357457226519
-7,8604129679900865 -2,488893508564918
-10,63811189334361 -6,8266987638390155
-11,401219878219438 -6,6490126142330634
-11,085320848805468 -0,4368792265166923
-10,631941492070705 -5,891170945864113
-6,864963345325602 -7,418309360180369
-9,348424651969694 -7,713439830237662
-5,970971749375097 -6,55219291616817
-4,916803016798455 -8,548812330770469
-6,181509883358389 -4,026010526726048
-6,5156545493447435 -2,172374021104174
-5,597716396647161 -0,3261212431789886
-7,882143763966819 -6,032140601748298
-12,452768771899743 0,11753360600609875
-4,564199613187332 -9,322458709887377
-8,873200069373155 0,5773389668301687
-10,282590330935605 -7,487343403354321
-12,402925083936648 -8,045658068854916
-7,647726271652986 -6,336959405018544
-10,471919931182665 0,409961179209089
-5,977964519293261 -5,344986681541239
-6,437401741463107 -4,7561289769064645
-4,704787600220168 -0,1758843863752576
-9,697519977182626 -4,616276530231614
-11,40102642129906 -0,4493049946527272
-12,383348014440571 -5,504273569273605
-3,8486363312308267 0,7564473828185089
-9,992594800625323 -5,756174917776592
-7,534136515095748 -3,1026002113955116
-4,393611110808614 -0,3960037005870085
-9,663138034711757 -6,497834668958848
-9,00717102851553 -0,6560465158600708
-3,613567567570181 -5,706160532919145
-5,457009727458614 -3,238372934530453
-8,515325594491488 -5,090382029949804
-12,273128448711134 -2,2278984855515533
-12,144926216301767 -9,069031345768842
-8,347285117494085 -2,2372852411311444
-6,129339057649306 -4,706349135815618
-7,6707110722978955 -6,986006098367521
-5,736644826470407 -6,0107397597404
-7,117441218289314 -2,624659273803565
-4,349240856661163 0,6995244232013746
-5,3451331129111175 -0,47443547933948427
-10,019513932274915 -0,46380505290354535
-7,990974921807969 -2,2712615867571824
-5,542465443230992 -5,592163819988925
-4,613239547869863 -9,380893019775076
-5,909809288135886 -3,8598389554645616
-10,116866457108475 -5,081109499970867
-10,969820077417484 -3,038974368455415
-8,330863900552384 0,267426855060819
-8,750832676524144 -6,397788103664504
-11,597104092322075 -9,66412686923763
-5,252008982330258 -9,460806338384584
-8,418441865902194 -5,553617094178083
-8,097684165241134 -7,488415422312603
-11,916268087796004 -5,495710679934634
-10,345145184997982 -6,617388072593743
-6,732708264027533 -3,4480060731884272
-5,986900773314244 -5,776225412126664
-11,210047034425333 -3,648826034922214
-3,5116232566591954 -0,42137053674497404
-7,14419936636926 -2,509293732559968
-5,378037463239108 0,22431166374816813
-6,223378760441622 -9,30943854615452
-3,8954259819402974 -1,3466794296407347
-12,062254335429985 -9,328635085754653
-8,84263481416477 -5,285347035696168
-9,038888026127285 -5,520697085219083
-11,668860937619364 0,6375360795652586
-9,641847664933275 -0,5262186586375668
-5,831935329057481 -2,935822148160848
-11,77777920101679 -7,554736745803006
-6,650514923399723 0,17475838195504678
-4,791493037537268 -1,348783195135448
-9,295305891073589 -6,840959164065098
-9,370494454433887 -7,238262335993155
-4,922073250908951 -6,650694341242667
-7,627230301959898 -9,614366602029756
-4,372253459106794 -6,841641026986963
-7,503106370421229 -2,015640952917593
-9,541216267837893 -7,819356876555228
-4,638951054188218 -1,8279175579569185
-9,62998246965027 -6,058232664241423
-9,100947539670397 -7,801786993664147
-4,916789033160827 -8,475388389898871
-11,626991666080741 -4,651312335005779
-7,67967094944984 -9,606526888327874
-4,256341452767595 -8,545480854413755
-10,334896821330739 -9,799248848121552
-9,635558446338775 -0,445967701160632
-9,254516301149792 -6,140083994586183
-4,12391585347034 -3,2464195690495314
-6,51146963065111 0,6365151608885059
-8,87863342401508 -8,669495628040933
-8,47296559417445 0,023844659693054493
-11,58389186663277 -0,14177195369591633
-8,169448051671829 -8,669267740693746
-11,364953666645267 -0,03967702242350424
-11,903283826504548 0,3814116807032062
-4,356253739306046 -5,796265251889979
-6,846272731097948 -3,5653321779203537
-8,313606711795526 -7,685482349624933
-9,671305566480761 -9,704954087804488
-5,674863604420508 -8,856474398066984
-7,843335431313034 -1,1538777844514383
-3,5312770540122695 -6,6410132346387085
-5,127866405864693 -6,231573656562525
-8,770956817965159 -6,072379234405107
-4,725955318504708 -3,012946966198097
-7,107760579251267 -5,94817831970085
-11,658442229121194 -3,7476062055569184
-6,415702923761938 -4,07451303724112
-3,9223136241135617 -7,099320710436258
-11,182368510327807 -8,640726921411407
-6,318972226799673 -1,8033510107702637
-9,95128318088311 -7,671013652075884
-5,526981229305134 -8,603834814753398
-6,733161183902692 -6,937613323392909
-10,70322272402276 -0,1252572459168283
-10,910173614103853 -1,9458911996288395
-10,951202416395242 -8,828906041534319
-6,375045965502964 -5,21312578972916
-9,094903213157394 -4,360590423095947
-7,1810818638113165 -3,536631732497148
-5,518841010692411 -0,42760052973013085
-7,623081463055876 -6,580323426767281
-9,320662094495425 0,527781876772887
-8,843600164466284 -6,004601161156826
-12,086307488029657 -8,509457511283049
-3,848476366835609 -6,446264892490568
-11,642748850877537 -0,5122784104327622
-12,447047341593045 -1,2548483715930756
-3,811591676935663 -4,152631292448247
-4,183081320915251 -6,14172149001416
-9,413687807679295 -5,524704310451866
-12,390828853186779 -0,39139422512646393
-8,88325999759639 -0,3682561452712654
-9,025603223550895 -5,6075206403218845
-7,3800776072072996 -2,6781576463131715
-9,511748400442453 -3,691303655887582
-11,582765680141845 -9,63314421665797
-10,069750252827134 -6,558493641650836
-7,953499436814932 -5,929168942834201
-10,855608657459022 -0,5032812275016678
-4,536619302280621 -4,882566308901249
-8,469502039177883 -8,32310641723517
-10,840041757252143 -3,6483297024815515
-11,46149920352359 -6,716735498660313
-10,41522984599651 -8,972381443385578
-11,399840139576131 -7,830528672471133
-3,8729477225317783 -5,640935767418793
-9,477915967783357 -5,295936475588979
-6,844501239207211 -6,4852920853790845
-6,516038680910447 -9,124611535104306
-10,694161170801296 -9,167039790137272
-3,6879705020488114 -6,154938872389543
-8,68798998879206 -2,9914771642440945
-9,04168513072015 -3,825325253535567
-11,66202362865619 -4,9915185340997805
-12,058331995768881 -8,839878375978689
-4,929662980904592 -7,005044093743566
-5,106033899731224 -7,057671914518968
-4,45918354887343 -3,290570832234301
-6,49550354613428 -1,761430067318037
-9,071061546666918 -1,4398799872904748
-8,154329141899545 -0,10636378770862753
-12,18455444821756 -7,521329153103925
-4,108058080630123 -4,460419179423025
-11,447372914401173 0,5629593029160203
-6,792828814748771 -1,0790062978906712
-6,933487945634709 -2,4343094748714993
-4,355960419497299 -5,6442441863850545
-6,061659573450368 0,017137499261894673
-7,786092879926043 0,5615346273913729
-9,801476750578333 -7,670810780852084
-10,027720870014832 -4,627203201222595
-12,27705158013861 -8,987187676431935
-12,246000566913013 -3,3080499777794703
-7,86922646820094 -1,8511479525108088
-7,618071111139132 -8,574599406619992
-12,17570362562335 -3,8125582722308664
-6,472349468739955 -8,438931362827367
-6,759903559789787 -8,154450128148616
-5,611371055118784 -6,0401154979360845
-7,8338697921223535 -6,156750997889429
-3,7416336246297863 -8,950015477494771
-5,106275430101052 -2,106486330040541
-10,846845304431715 -8,16646907386805
-10,809976609699435 -6,705488978753556
-9,53449182050325 -3,363988498685748
-9,957396019475619 -8,206694991633842
-9,351115566737233 -8,792080442689917
-5,18193663060789 -0,2157272056491093
-11,587949702229555 -7,894510662281307
-7,607471400308297 -6,382984775039631
-4,758401923095354 -4,738748630871624
-12,21200197493398 -3,4459370908973828
-9,488505681479575 -4,307132698562832
-6,316682942955506 -4,280148366441501
-6,388280224699265 -0,6589667760247491
-3,6160110636510243 -3,2780714906426613
-10,727657192013583 -7,399459547954954
-10,942240394890995 0,3236295571613862
-11,104329391765509 -6,002830413178934
-4,793764083599823 -3,937777691731416
-4,850725186862801 -6,020410121174545
-4,765819923000004 -1,437185874112622
-3,7677187476004637 -8,86461979771336
-5,942018458027761 -6,283163483188583
-10,985787475897618 -1,0634747026800722
-6,5764626467109935 -6,197813559050721
-9,738552855890534 -4,0942227131171105
-10,101043878583866 -9,330854831114863
-9,030839157868282 -4,2986091750165984
-6,781026083405388 -0,8931534047388092
-8,037134499754988 -4,769789157932938
-4,856818198690823 -2,5798353780954946
-6,26096964560225 -0,21953795534646425
-8,404488578559468 -0,20802213754129362
-9,766705386919952 -1,6118600812855142
-9,12604159531127 -8,804287142779772
-5,513461111274404 -2,44380018923278
-8,88200847941746 -2,8810167787142618
-7,157237983053472 -0,19774300704661485
-12,069454874479918 -2,425205270542203
-9,911619085833397 -6,087655863996717
-12,36873154362398 -5,307140951051955
-12,409047911036524 -8,188612958672744
-5,846374113908012 -9,394493926752135
-8,664582323902852 -4,835933287165787
-3,7826093230361693 -9,523544474944243
-12,163624519960571 -8,180184712733372
-11,685657580106875 -0,7686924661068677
-6,902478469636698 -5,11277899661293
-12,082109460742421 -7,269352123666745
-10,024964849738012 -5,192225033138877
-12,259309893623023 -0,14254751884030403
-11,463262153554782 -7,154766461671285
-3,5618831569452443 -8,49337001076917
-6,982387293664806 -8,118743704193081
-6,7486746838812275 -6,770335442034612
-3,6213386211361396 -4,366345114270586
-8,496047877368472 -5,908944990167244
-7,875288837804399 -6,6796382300325945
-4,76509397052535 -8,265241056210316
-4,818634601567395 -1,2236920343062898
-12,384792860425257 -7,5734461239178605
-9,183343301960289 -7,82304337613176
-8,353206498469051 -7,791817895035542
-10,957527022956437 -1,0843031291353817
-9,867300468102764 -2,455346624634621
-9,816228031887515 -1,8911700925376544
-8,77717314070495 -8,71371948721314
-12,232946514079083 -1,0055137627433832
-11,235592679055728 -1,0954938766174755
-12,176563762852748 -5,15584664200848
-11,61173737059633 -4,241634133996559
-11,840143067430926 -5,191379152978018
-6,0097088545877195 -5,152741937203362
-4,634120190297386 0,7933339615857765
-10,839389798207963 -7,615466336922437
-9,194701341553513 -7,183855745290568
-3,738119003053418 -8,365343759122794
-3,9100926713069786 -4,25932407352992
-6,220630697854386 -6,435363889572618
-5,652537334721254 0,37603656772067595
-9,775114715079043 -0,049538019917387155
-10,126919575739416 -9,516189738732205
-5,574597205231188 -5,8670751967348815
-3,806300403121286 -4,694715679160682
-8,69821981098505 -7,109756756911962
-4,87190856152519 -4,326251831447465
-4,7301193523249445 -3,9227471291183793
-5,432078089092549 -5,497898692233564
-8,031906594033838 -9,415100450020027
-4,122338096497211 -1,49709539826603
-10,011786689501129 -7,617701402420031
-7,999300707865396 -1,240044129412219
-5,897448739343071 -5,241033947600886
-11,868055035438625 -7,593114534822047
-5,692563135955487 -5,213989157503387
-9,840717700073812 -8,979423185589757
-7,615477960170438 -3,824703189883195
-10,499124966023922 0,6372012012797428
-7,310249967187375 -9,69668306060352
-6,216829781124289 -3,906011704322646
-5,610684506943469 -1,6398398821947577
-10,750624687575128 -5,895517244933621
-3,704820640662028 -4,111807349296906
-7,085875569528985 -8,769272009284474
-4,527328511556097 -2,352673326780205
-4,70654733700492 -2,735049750728378
-10,210445315615349 -0,2854200301651244
-8,445222688693498 -9,678044451428711
-3,986829036210075 -5,407920342844343
-6,954387353392125 -3,1497911932825255
-12,003686108635181 -4,039134342710499
-6,85809958386463 -5,638749940549387
-11,964540117556524 -6,271711041061287
-5,111775288764149 -7,30400625677104
-4,793788297163034 0,08488674616945124
-5,299012184917539 -6,572323912138564
-5,5619797566251865 0,007780377780210901
-10,443057716764722 0,7016600196816939
-8,671526662673344 -1,6438970944295985
-7,323891852280644 -8,041399438401054
-7,560668733592888 -1,6915121983631052
-11,167438404089584 -1,206105161661242
-7,700474833080115 -7,871813002667058
-4,153816499751121 -4,995756494151641
-9,908210255977234 -5,245031443120209
-3,710639682007651 -7,82597089898904
-4,857851628311008 0,07680434507106415
-12,133590152870232 -4,262706052311639
-10,038577223598054 0,06574761258313677
-11,756758152312251 0,34420235741774646
-7,345634237983007 -6,074472385491141
-6,762859587270487 -6,873114742428589
-10,287881156584072 -6,308724930918481
-7,105347056849094 -9,152774802336266
-7,18184628809319 -0,8844933265202488
-7,421948588992848 -1,6596595278541393
-10,691243845315244 -5,600041034823161
-12,334289011290915 -2,240118959572637
-6,534100244049451 -2,335489713975031
-9,325590318236516 -6,655291219012386
-6,387572801532887 -1,1399491825465833
-11,580280388651907 0,15877754024713775
-7,252789696138431 -1,486004144659207
-3,9692075715658444 0,2791446520375359
-8,530673083757268 -0,7531442640722512
-8,306374088359668 0,18151512263660152
-8,67413699473234 -0,35690469895011256
-5,381799786431865 -9,529544537647412
-7,659524508933416 -7,6171113035415425
-10,31189840712467 -5,413852940517005
-9,81288291742461 -9,160915676347761
-6,860843455614065 -0,13760668591152914
-4,345206948765357 -4,0400308191883925
-9,473319111536707 0,6715209390421137
-11,599973298930758 -9,04893406829697
-7,292823367006438 -4,7855525800610526
-7,7982109514217095 -9,787881347612986
-12,155443473462284 -9,73650119788682
-9,013155902902003 -5,09821768756037
-3,54719943075661 -8,11981808957781
-9,652373182815676 -7,136960654229711
-12,028462494584813 -8,809965065506262
-5,660630247849859 -6,27294726996063
-5,050706788310439 -8,731204844777313
-6,097843278220029 -4,69332455030093
-10,137753188725236 -1,7845808697812793
-10,190340341788929 -5,89780118562883
-5,62637819442502 -0,9811085839073312
-4,87866663564565 -4,221756203467157
-6,561723661709234 -7,660147753808409
-9,633776577591515 -7,895103974813764
-5,459336850035408 -3,509030456909599
-4,351273903610679 -3,9981199181133915
-8,7809371847284 -3,792493416315125
-9,93494553204766 -9,358670278676144
-9,201736112514336 -8,322614833443811
-7,566900527938173 -0,9689999773824558
-6,653249652286746 -9,224659051853077
-3,844627639558425 -9,379974634383327
-12,258739279478647 -3,515611674086508
-5,498620915974114 -4,068735052088772
-7,099308246972509 -6,826562363104702
-10,463033272194114 -3,208794695709315
-9,795224284468798 -5,986844496342221
-6,713891561548703 -2,3431798982069862
-10,020705017957962 -4,412885728048449
-9,485716030671883 -5,678411047540997
-4,396276992352279 -9,27395588804003
-4,562674331074764 -7,389286754017188
-5,73937466437519 -1,1742127602555794
-7,119051002958872 -2,4262100903776203
-6,3071502435440285 -1,6672389532945202
-4,421885390860508 -1,5205403914452462
-7,942852931989262 -5,510002987188852
-9,816700261306945 -4,568920972218748
-3,785213907999939 -0,3075108000239424
-8,14212514408791 -8,203605410784578
-8,33484284544128 -3,561134276674651
-11,156235799213857 -0,3055729587879856
-8,004898733207181 -9,605893144409075
-10,863200958018146 -8,038218188025978
-5,3996339440056005 0,5044899971041497
-12,08896904805815 -8,800966949162257
-3,7898336086566733 -4,782833596504589
-9,938687476342785 -1,0878110284114284
-9,148198205439371 -3,703722248357866
-6,534274695627598 -9,70833299059835
-9,056715181959937 -3,5992791458848963
-6,547273211831184 -5,051446938248157
-10,495203575392186 -7,9683033941950745
-6,901322867528109 -3,755809130476754
-6,959282865706532 -5,187389029839947
-12,454098768806173 0,7721246642506323
-9,626942348370395 -5,011472687382071
-10,5731143858974 -2,4744264033224903
-8,671501669688418 0,5279818492054837
-6,6853762150304075 -7,957513125378495
-5,6916964745604455 -2,832557194168687
-7,145774290156972 0,7565081058529843
-4,624242888550739 -3,840962791998619
-10,135373468641498 -7,038669752295152
-9,901880973312572 -5,70302351781579
-10,996454123753988 -7,141370730121391
-7,899294083951536 -3,9679950180933705
-12,27188921462016 -0,06626915737525452
-6,244320436162164 -3,1239064169019324
-3,902854739246404 -3,277638967004467
-6,177217073784116 -9,473702791493286
-5,517136994589895 -7,9910074591008895
-7,158024811923724 0,010439237858402284
-8,217870190623373 -7,732890406030372
-8,729444759630045 -8,676083681717008
-6,411280736586808 -5,977409118207622
-9,251369641792884 -4,3694864076402595
-10,305314562305048 -7,049691844788117
-9,753731421343124 -3,231068983979209
-10,198488181549699 -2,2221614329871606
-8,317033513140736 -9,039291247186453
-9,284947919570673 0,44976352500165023
-3,636965347621828 -7,557723920412866
-5,30370907871267 -4,418406178323945
-11,691728195150128 -8,286817267938071
-9,457683486720422 -9,328737077727002
-11,424646224097943 -1,6009054044017994
-8,328540102437 -7,2173920785459265
-4,623602975422843 -7,506104724368053
-10,600836890070827 -5,815344917995441
-6,212841320582446 -7,856696770539577
-9,310187093261044 0,6257462325206592
-10,827108571764338 -6,657016594782779
-4,297147617376774 -0,24552252821419818
-8,787774758421273 -6,732906170432063
-12,189080596726804 -4,00935827046971
-9,513214614507914 -2,236116649558201
-4,036720079200167 -1,1548083078790925
-10,791292478949115 -5,689663629022963
-7,5585351895353075 -4,718173397879741
-5,3707114107297915 -4,694563757988946
-7,556015359546464 -0,760698553152749
-10,4800915660474 0,7427441756880564
-9,1693050970697 0,2887834121335138
-7,269488197435798 -7,799979998416103
-7,755441113319053 0,05600080311299083
-11,187071342852333 -0,17650722660007556
-11,688470582722971 -4,363869929473996
-10,433998117822236 0,4950966862710321
-9,149513893424803 -4,669281238731841
-12,128360417947851 -9,407978513791772
-7,741039127552598 -3,3263879049347915
-6,977603768533605 -1,0818788743636862
-7,250785633394216 -0,291828516227985
-5,072375942085314 -5,414793678731914
-9,805068531449844 -8,270450688213712
-12,409569586953147 -8,459249761630808
-12,034822778287078 -3,6743334443253044
-9,040182919998466 -1,5123854917538144
-11,968579406672655 -5,5953766867032435
-4,294254300188344 -4,760610061777307
-6,66169147188614 -6,582053319940062
-7,721188666813524 -0,2246849560976285
-4,477339507313259 -4,205710006381417
-7,867973988352189 -0,3642215326967817
-3,862429380512804 -4,766241519618818
-6,4173858523085965 -1,2971312455101354
-5,225602097733215 -3,2421492378562657
-8,239696019574092 -8,552935752523412
-4,333915320338001 -3,4433693955250835
-9,032692314666567 -2,6517997276382985
-9,461326950159645 -1,0138622179850427
-9,437364601370682 -8,171504681247033
-6,84195376651396 -1,7687754842519408
-8,990342124336172 0,6210566779444686
-7,395371960973307 -2,272837706157069
-8,919914227896658 -7,6347211485178645
-11,524294424438162 -2,4040960904159867
-12,387845456209375 -2,09033928093885
-10,942721276042368 -7,050834881716198
-4,623524779020579 -8,511772899474046
-4,693555144252373 -9,115137334908884
-4,521452459147555 -1,0588012749593603
-6,123182704243662 0,09386515700356801
-6,715980096995262 -8,935373628388911
-5,179047220596008 -0,5090412643285778
-9,511388603024495 -6,026591386246115
-6,38203276568622 -5,145740786983001
-10,669418078122067 -2,0267285301961335
-7,684606786108302 -1,7988149671526135
-8,331503237579525 -6,699601629588904
-6,001277175255561 -1,7803035387958352
-12,355439803701504 -6,147969000954291
-9,064953579740514 -3,686301669514771
-11,247874197689157 -9,197474488389883
-4,240464363943632 -3,4211596136017723
-6,490584132200216 -1,548975660011125
-11,533812301819559 -7,143854064616303
-5,008389651554918 -2,8191101155420197
-10,580146103593496 -3,7020480663070305
-7,10438453272905 -3,2123366738941206
-8,075418678940029 -7,574167897882961
-4,050056957480463 -4,6461952589436235
-3,5057415787296122 -7,251405192717264
-5,244719587670703 -1,9863151128494623
-7,325379578163108 -4,893770616599702
-4,561259029773311 -5,762759133343658
-6,893474728627576 -6,218816002370394
-11,229489711553452 -2,963059218173372
-11,980126279152994 -0,12850268389335384
-8,996537796562357 -5,646326659275489
-10,60845774649153 -0,9365540635474929
-8,819300192680096 -6,454510652521874
-7,602810081212818 -7,421664197022472
-10,870608668516994 -0,5748660629096614
-4,747100038891113 -8,803696094198347
-3,6372687418337897 -7,023179339997257
-6,002502504798776 -7,203112114353574
-11,644933442384398 -9,716047844935623
-8,490098960118619 -8,029532870183427
-9,103473536243618 0,11821339799783681
-6,150938747764863 -3,994173450322127
-10,675252935904162 -8,50453661903585
-8,975377353569424 -0,4768484516837843
-6,49716633978565 -7,62278823842058
-10,44356260559653 0,007517829864969072
-9,39597862352519 -4,595390103881102
-12,198803748919133 -1,663852562743647
-9,031732226457201 -7,4669565374465
-5,845830366689386 -1,5778409075857558
-5,373012707217171 -3,573081832856629
-8,452502867187059 -8,579314240603793
-10,588503549934023 -4,9724444521451465
-9,856140979428902 -1,3151084542686882
-3,615331748787021 0,3101775912368945
-10,219218612051915 -6,2474126051500685
-6,55968034916771 0,6522645295442016
-4,44012062293185 -4,6465281215133105
-10,13498539931414 -6,3695638438135145
-4,0580033821872945 -8,292521358380103
-9,345563890289547 -0,5873595415733801
-10,916152765290896 -0,138139339471542
-5,617186760519461 0,16864677957526975
-3,533820575175275 -2,0867805011799856
-7,129691561560873 -4,42065325811549
-3,9679221882761677 -5,512868561110104
-6,735527435475591 -0,6440341067597695
-11,735224969453643 0,4873066798384383
-6,9290639559031115 -0,7352578456169754
-7,298346883458298 -4,979390622716076
-3,6054043851861355 -4,764505452485136
-7,497924576842946 -0,18657601537200363
-5,990843889155184 -0,667368282124011
-7,259663556114262 -4,21047233689648
-8,345246781838107 -0,35087812000230434
-4,826688867395433 -7,409351815367802
-10,401352108591201 -2,009795146036369
-5,62189112071004 -7,038656776986637
-9,024979248296765 -1,3094953134221747
-12,237135222037768 -1,6333516452171668
-11,81468160684582 -1,8062945626281504
-7,367970087252338 -7,315042522315486
-6,9734838235495555 -7,076004116441344
-11,739624243532553 -2,1417791425503303
-3,9820074634842406 -6,31862347085762
-8,304001896359878 -5,662607738555058
-5,479983210006118 -1,9259521205859096
-5,4974541122458245 -8,809265473510846
-8,165415902323227 -7,22934054061587
-11,890979283190745 -3,0584095024587397
-7,0570160408091 -0,06294447883842202
-3,970580746870599 -4,15806120289808
-8,080742250505095 -1,9318884763857647
-10,074277122847924 -2,9790807289119483
-9,380957383971461 -1,4083018272912364
-7,6137262485704955 -2,1041174148783472
-5,8183986093978675 -0,1511501027296579
-11,158705072116769 -4,89491442879183
-11,397208413648034 -6,804151908497871
-7,11541910330989 -4,038669324707543
-7,723932120666574 -5,3118656608494
-6,912165843410393 -2,091702055222533
-4,120393925929736 -5,791878188289978
-9,907403869702726 -7,985945414501903
-6,3839429004004185 -2,6944788121518037
-6,984087404556157 -9,13294406414648
-6,924583974334136 -0,43549227258636014
-9,790813360750313 0,6104791900621414
-10,48151483895382 -3,84775328885568
-8,926616643898603 -6,200215776482285
-5,49145471897862 -3,2162493906926946
-7,374562207158177 -8,907644055092085
-7,527554634180204 -7,9455407205549795
-6,661421759336273 -8,201455440728282
-4,916964538129387 -6,54356129014379
-8,112073309717594 -5,845824085867664
-6,864691797818638 -4,309233160463875
-4,240566862623794 -4,285897863462559
-4,476839965457433 -3,5977100466579737
-11,16191382781492 -7,626027169128462
-5,813929087906262 -2,4372997143804715
-7,099862448710334 -1,3141494037376413
-5,947555327793825 -2,271005137630784
-8,171280671547333 -7,976842807861417
-9,060635845039382 -8,270571794181013
-5,8462545617584585 -3,6647839291895554
-12,44113140150095 -4,684402819153957
-9,865874581466187 -6,6838660612498755
-9,069590820640634 -7,3370886934537305
-7,253133099466949 -0,8020158337062144
-8,936123967656751 -3,1736683151270535
-5,699967214629667 -3,3148460781163074
-12,166781695370794 -0,21420586137798314
-8,622653801973046 -1,828653300492234
-10,830278808967094 -8,819792719854236
-6,478360502246982 -5,565700499938867
-4,999457283265104 0,7158851508283751
-10,608068228483704 -3,9085391878022895
-8,367456024547003 -4,189687618664681
-6,004706256937586 -8,323750197943227
-11,93918039292479 -6,444706737855997
-3,5830141729848783 -4,124326477819157
-5,084714980862799 -2,9846182569644855
-7,74407648530895 -1,5963369679438648
-7,78051367567775 -0,4659939698008968
-4,6820220076007555 -1,4873638697287526
-8,71062003180319 -2,048502857854154
-7,555852146631847 -7,871349083541337
-10,601527762653088 -6,803200713458169
-8,455880778787009 -0,054408544753797305
-12,249299844657973 -1,7779554804260973
-4,230576786005962 -6,773687839591686
-9,366780285388478 -8,696524082159515
-10,764496855488854 -9,719116893274546
-5,92261795213275 -2,5560966861609913
-8,661970513686654 -2,9714041409287217
-10,157887065011252 -0,9473623416686032
-8,343370956343932 -3,6721501486825963
-6,664396325170975 -8,085082907662558
-6,776024887438863 -5,607360653128436
-11,237529194605735 -0,5153640354494535
-5,578954597035892 -5,8410325601361395
-5,013356182471309 -6,2611305474159185
-6,469453399496434 -6,477619680924592
-8,307390381575548 -1,7198429592548348
-4,285578526931081 -2,287802609082564
-4,432978836083741 -6,4170237328362
-7,49585296291546 -1,9970624203296998
-7,479093848581128 0,315127722661379
-7,745885901863182 -7,4505567137495445
-5,610095725910304 -7,0392119076481645
-7,0106902423426325 -7,871537376830733
-7,69735103020358 -4,161843798416698
-10,689109301713696 -6,630983191183131
-3,575985416426997 -7,402874968257273
-6,5849554439755735 -1,1231434413218904
-5,981206745195917 -1,501275796078829
-7,5140890117572035 -0,14593025798610926
-4,581725598210758 -8,894147020066626
-7,809913302750042 -9,457635882564709
-12,407363450039803 -2,6798155563919055
-4,799559219912336 -1,355015761569945
-9,105934992919035 0,5018649900289862
-3,856255438214653 -3,0017334571600767
-7,323205607481629 -6,807471422984008
-8,527580186931221 -4,623814410442111
-6,387922586990207 -2,3539940195555955
-9,85986029071409 -7,535038922120514
-6,441115224672194 -5,325582140853963
-5,463742314017706 -8,407639696798807
-11,766924646182941 -2,8403562619221496
-11,959817205078927 -8,631614022836855
-4,151203777916729 -8,79633836618836
-5,264210301762101 0,28133267695096476
-7,895238791600606 -9,312566065300025
-4,683076085816725 -9,422562344174818
-11,623600304963826 -1,869021062170576
-6,660700875591827 0,4244335916454169
-8,233609986793674 -4,573339426067982
-4,898736805109642 -6,120039292654886
-6,7897982425357934 -5,537823314838808
-9,73329949077958 -3,5161599603776414
-5,441912436764391 -4,974358546152707
-9,577750911760194 -7,520409134670092
-6,7298680733019784 -3,317794360128995
-5,526369134136933 -2,776019939589224
-11,055704328160566 0,7676375812878887
-5,099505643316543 -6,5496985089602004
-10,690115238089438 -9,278183950479434
-9,337378307350388 -9,206190068471596
-8,802571370040557 -6,328698367699224
-3,7239745556110577 -2,102518282064514
-5,875329334835397 -4,282181699307348
-9,937196799888868 -9,76118995044867
-11,280899645938826 -4,330453096634724
-3,9805698889693133 -1,677842448826109
-3,7329544979595664 -1,6060490605562665
-5,386760995150198 -4,336942860676858
-3,8764734494762987 -5,456153231086008
-6,847434235615139 -5,200694878360763
-8,93312287552186 -8,93036366038963
-7,722202731391396 -1,8173896047057363
-8,00921601863881 -5,177376832129118
-5,340370730829499 -5,558887920406269
-8,485383323899285 -6,242948665851536
-12,155304912867143 -7,472374720882153
-10,049564301543787 -7,585240164295201
-4,049624324255312 -3,0478109173466166
-9,172285682238922 0,7222184906127185
-7,504949397473498 -7,960093958140603
-5,941767057946086 -7,758832218826284
-8,90403779333534 -8,818489395172776
-9,798417441525803 -1,4566707007143165
-4,052580535472188 -1,7615637907739095
-4,837043425607875 -5,447876455237165
-12,328963998048797 -0,8936036808642034
-12,325899540779915 -6,160889915089677
-7,2815326920564685 -1,7534300502380444
-9,40043698405106 -8,44046840555024
-5,726086256682774 -1,2322607747120242
-3,591524809370931 -2,0127847218283303
-10,260944863584673 -3,268394351151037
-5,482025412063294 -8,274425814899258
-7,736858071298007 -2,0247755061266153
-5,692511353745223 -8,489588794744662
-5,3375577468680815 -9,036339698636723
-5,344356848178442 -3,9326214546551617
-4,2596088549110505 -6,191166042673269
-7,453165467649421 -5,376955353089717
-9,928096275843316 -9,077070906385963
-7,904131466290799 -8,326125104495063
-4,459078808742074 -1,9686472480514967
-10,465630306057276 0,6399704301849347
-8,856589209897514 -5,43653572366581
-9,654751168826209 -5,081823988876652
-12,194871291872092 -7,44034251861047
-11,031841059582355 -7,738627435641157
-12,320694393976297 -9,687272949089186
-11,46718209929309 -6,606973725887463
-8,777132552521552 -3,7178490917705584
-6,789637786950942 -3,8535959269931537
-9,445639647449127 -6,161911705216417
-5,308758764154547 -9,098906401467588
-7,189762739732753 -2,687495007029179
-3,9218518909425804 -7,590837112242002
-8,460723332310781 -2,4984440196021387
-3,5134531647358394 0,37553121088995134
-9,129479486086467 -1,7360424658544182
-4,666002921060997 -4,173177604945272
-5,031090057776639 -3,112191283321077
-4,163854248762869 -2,0613290879458894
-9,500072834648376 -8,617644992166463
-9,902726512754267 -3,421122590391283
-3,5643845342104026 -6,739226426144256
-11,261516181050569 -4,142288885572189
-11,50023090830331 -7,8523463396914925
-11,401308198844472 -3,6514157854659013
-4,977516196338335 -9,578947458740021
-9,293910233463777 -0,8638380892343249
-6,9884436234392515 -7,525945508014787
-11,19078995109641 -6,919687830449278
-8,463714875172098 -0,15973781930428999
-6,0118623775426085 -8,665818309015327
-5,467848746863584 -5,106691032250708
-6,934406747330111 -6,867763299047791
-4,1293655248166115 -4,973788365003653
-12,172818877729721 -1,2659856844485107
-5,0519147718981285 -3,785141071763153
-10,19295199581347 -3,739715369019085
-9,516243731990134 -7,880556698601532
-10,21706178789724 -3,269836438179423
-11,093561253921198 -7,378106419285772
-6,720310356030267 -8,958562530764354
-7,89365392262849 -2,0334712126389176
-9,183851755783206 -3,357492622780934
-9,674349086269853 -6,288999710147352
-11,770516965697256 -4,112758051358883
-11,389265075889657 -7,18409575136045
-4,124129846952576 -7,392418362525947
-8,206921329063123 -7,251115396398515
-9,453876411998408 -1,5613872140144716
-12,203212805157165 -6,697560630963059
-9,246207895067155 -1,345602273009033
-7,1416762086239975 -0,7617172450931864
-10,59588049204677 -7,146748914688292
-3,9043679333502777 -2,198773135425286
-12,432871956213429 -4,311188084448202
-8,060975158542325 -2,602290775567698
-10,508921292511292 -9,424500395200228
-11,614309781256194 -2,2445064288000722
-10,58924704910128 -0,4055520657397935
-6,5528051836516 -1,4336004904244881
-8,29206103028374 -6,956723646111257
-4,0778900970093375 -8,664191933057861
-12,1114510820341 -1,6748852507118281
-4,173043406434024 -2,1450881372018547
-10,611148898723933 -5,995393023534933
-7,610867936521725 0,09407605189261548
-10,294112998550805 0,7053902587748458
-11,21892678493515 -7,287568055060249
-8,118653983834935 -6,127166821290015
-11,593657481439603 -8,971040521766753
-6,608159312458588 -9,661620345740836
-11,651094792290815 -7,555625131238714
-10,391758561442769 -3,2445767016583176
-3,524097030594147 -4,626202033511186
-5,1764788130425465 -4,256710261882824
-4,1267518625442445 -5,07669694182973
-9,74040891922851 -8,197404003778317
-8,343753003317037 -4,183728569938785
-11,535316997699079 -3,7151526367215464
-8,137908705092183 -3,942647837078633
-8,753269802759268 -7,807570799219177
-11,856358799497217 -6,958361265379821
-8,773948159999406 -8,864935960716613
-10,098999918295469 -8,83504912144154
-11,052327359912509 -6,876939530992646
-3,7978233627760165 -8,129144219441523
-7,766258419646398 -7,8633708184945155
-10,22466415330125 0,7733221570898969
-7,655126935125822 -5,233128413735229
-6,0895888474591855 -1,2774568129823163
-6,96786285508258 -3,1996847712995597
-5,759289841137138 -8,902048536735265
-6,987763061309346 -4,631187731602246
-5,74312919961454 -4,639544516773726
-7,939600358227987 0,6395189716487769
-4,569037585826518 -2,851044342114636
-10,485603190243753 -1,6115034540504507
-4,9458684562909845 -2,594961295257262
-10,567167922506135 -7,79789443302042
-8,395808433535688 -9,47143788084943
-6,221436166522848 -0,08798276103658376
-10,9930861492 -5,113952427189633
-6,09766033741509 -0,3822915533318807
-5,697079952052077 0,7198661698927773
-6,904800483150793 -7,860921746811813
-3,591796958695138 -6,952784303857261
-8,972267247070196 -1,3122809610289934
-8,101776629461465 -4,107444149518538
-8,456701415320449 -5,266401612693559
-3,5919355304967464 -9,224829628522574
-8,844262158057171 -4,067336052847167
-6,873515398338057 -4,578572737240168
-12,095211321973894 -8,879363553451181
-9,329155956095125 -2,963643945676708
-11,624188754913579 -3,4349715859776975
-8,865190830837053 -4,278280570233193
-10,058513302804911 -4,0868621748403005
-7,618195246952982 -4,742024487197999
-12,386962286439898 -3,6815043758905537
-6,552242310651155 -2,869947308183665
-7,909566046153982 -4,652115776968986
-9,984172237494478 -4,478033559522519
-7,330908579821548 -9,515574510993785
-3,945022884940304 -1,675627106591936
-4,6378483073641235 -8,358159892635834
-11,509174375824143 -8,378497376553016
-8,097811675339232 -2,1854143184785633
-6,430137222753573 -4,4819200331346085
-9,598935058205354 -6,202027798147853
-10,758686840960902 -1,0709002896001525
-9,71429907147068 -5,910627358494219
-7,7752413961293 -8,597910816083349
-6,317731754384626 -2,051570129524027
-10,710097312577489 -5,287949749154671
-11,91684569596067 -0,3459149161215731
-10,21196853576103 -9,026989327939193
-9,944848558199286 -3,1586469904566234
-11,22962207596365 -3,7589207411349097
-7,118525010328235 0,0244052779972751
-8,630254776188128 -8,345184685792873
-4,732049578116945 -4,168117296561882
-9,885737960941901 -6,6355635027671065
-5,056089371112131 -0,0027238737095477417
-10,227809020819054 -2,4084666191270614
-4,155576417834016 -3,5764303484604527
-8,214004082545998 -3,1782097956107114
-9,330335768065554 -5,109393218432707
-12,103652589183694 -9,022581913276424
-5,710283282325126 -8,439206564521212
-9,650724847314443 -0,6628519815293799
-6,479245138889813 -1,2466332569775795
-5,2872436529751905 -4,678796930950221
-8,238765018119174 -5,466385526760535
-8,171410422028055 -1,4520396865067478
-4,160809688661475 -5,570588401669828
-7,464118601531664 -1,86924799947259
-7,941359019838526 -2,351771519170871
-9,005636299867408 -0,9359354615166313
-10,838746618381697 -7,442305480068494
-12,414507731805552 -5,14061781698332
-8,386870363852637 -6,896066136015165
-4,960434347412289 -6,886163306538178
-5,548332576168223 -7,551321312748088
-6,116055792084342 -4,425274772119619
-11,41713196227909 -4,654122162323073
-11,326640162462407 -5,497298765088444
-10,938717656805217 -4,55956433304381
-9,70789759017119 -8,086322023948544
-3,6797530022341167 -0,41396866018534917
-9,20296660847004 -3,205195664435305
-10,575700682717557 -7,5058016881531
-11,18088770696363 -7,528858358368637
-9,02209917520381 -6,383249038789739
-11,475048938662665 -4,9195667235958505
-11,452373062682845 -3,525570644182072
-5,630992466807924 -1,3274972503676647
-8,278999752570272 -0,1724255789301734
-9,365230339809315 -7,866546286674388
-12,423526254633117 0,7448723542415957
-5,438246713778862 -3,643050917822138
-6,427718808352791 -3,1669299791912477
-4,935969134246884 -3,924023448932213
-4,631073772458384 -8,620543745674595
-4,644656166483704 -4,260786304378101
-9,220537827065591 -7,749733788335477
-9,917873242347337 -3,8391632153797266
-6,056817839277449 -8,537449476421662
-5,388126902610765 -3,248291985249974
-3,7784883299049294 -0,449826118326639
-9,930184946659452 -8,126322613039521
-6,5939194035575515 -2,6088256917514396
-7,60259463295511 -0,957717759538212
-11,709276622511176 -5,284943698508558
-8,966951503964122 -9,630902226430898
-4,347875411026266 0,7691706231765962
-6,685585088621251 -0,11616397751449348
-6,156136067626533 -1,2990830371630235
-6,900666915564038 -7,620187422846064
-10,331030007805314 -4,073225764582872
-5,015901800600915 -3,664332691556698
-7,482913227232367 -3,8492323127096864
-5,527042979486206 -6,826320479994463
-6,172340815623156 -3,9550763942648395
-11,257410764227632 -0,255761475443421
-10,795870182674754 -9,68951756767031
-5,486684320085232 -2,2569242186562493
-10,164313428770825 -5,879875925908558
-6,1870213489966455 -4,771257738948183
-9,137798416957217 -7,312892214941017
-12,199769336899841 -3,0370341075123477
-10,189841280991766 -4,199187257269375
-3,703972018362938 -2,5786353140274967
-5,022792617405086 -4,249967490155791
-9,455880142994268 -8,469351218437456
-7,098944903350004 0,4148903264103868
-7,753380770998051 -4,705502999168595
-12,004181427248502 -4,161933019069258
-6,273892784975247 -9,139129983183548
-7,375560952720703 0,7265667823585799
-7,020269671165068 -8,787910471796126
-5,833528997360201 -0,07654416225261707
-6,377617190572156 -8,036315240096355
-5,553003936457658 -6,392414458527759
-7,437625513448038 0,24305295850888364
-10,193883436744573 0,16781417565838808
-5,147785328846438 -0,6724835771571651
-11,146260310347134 -5,205171469933653
-9,852630474280613 -9,414903237075588
-5,874931067279389 -1,3339308530791938
-8,179741444188668 -4,999425112618947
-5,261105414662846 -9,68368232897192
-3,7108194627389075 -7,857075751938582
-8,267921240951097 -2,0222548004975467
-7,047171706796947 -1,36596093129936
-11,247209366568391 -0,5454161628801599
-10,58137515430614 -9,588108702476207
-11,595761601973258 -1,560574609680817
-6,390295652688978 -9,105698026283127
-4,25619343150902 -4,982405906316648
-4,64874201617007 -6,931973698162184
-5,360078665753424 -0,2262514231033621
-11,372411096090964 -9,422038371655196
-5,883445490923685 -3,883580382918641
-9,44580099465028 -0,9522453615999162
-7,539952014709931 -5,352254275836962
-8,971332199185825 -4,5087494725982085
-6,810203505312989 -2,5770538521273982
-10,773114667835948 -17,17636815509638
-16,888805842550212 -20,690022424084567
-11,474545725081152 -22,87338830156027
-9,78285417384448 -16,75061861856619
-15,497649954106418 -20,916872014328085
-13,599183825099725 -15,771461111708188
-17,417748110836563 -21,38149470323821
-9,508516484089373 -19,29778617841207
-17,33663470570619 -18,14353180973866
-15,636808805029151 -22,89947884051925
-9,77346770751064 -16,04418140002474
-12,678490112651444 -22,158876172730544
-13,398781070094099 -15,714099925697447
-13,395433968335228 -22,691061727201088
-13,331505029302239 -23,331111550073167
-16,13099537383252 -23,25667335170779
-14,350307925129025 -19,70177465631121
-10,665079396656218 -23,815786859978044
-15,829108125222072 -19,30442567494647
-16,443628474505886 -18,285942467535335
-13,76214717806279 -16,123854709937948
-17,366878163901532 -22,5838783613827
-8,905418189787966 -22,94765046775997
-9,487166276561682 -19,83499913256357
-10,394170855888573 -17,13537625709546
-16,00175782788046 -17,92456929448148
-9,096151281140058 -16,045973843687246
-10,766648208533104 -19,16121585452843
-11,265234843480684 -23,64770316561018
-12,912200807288572 -17,166835107129053
-12,291579456328359 -19,627636756379182
-17,642824414878675 -16,358110950255924
-10,61484325229289 -23,326939183145477
-16,036104127038577 -16,184722166318345
-12,251212164747917 -19,89541590309063
-17,62294345449914 -21,06124466385891
-13,950102872256956 -22,650014807546107
-11,20197576454348 -19,327372596112472
-14,16822389495222 -20,064520878192674
-10,91231069954988 -23,31267170610196
-12,971568367016168 -20,56621472437825
-10,385016016638057 -15,346365020868904
-15,526713381609206 -23,244221741919034
-13,278497587939036 -21,386247112834134
-9,619705722473544 -15,86941959967807
-11,244015543703995 -17,140661634330172
-15,491269220353992 -15,789454802627649
-11,743058664752962 -22,831727370165716
-17,58389863407482 -20,396143626015164
-15,431733698624484 -15,634543692887599
-10,565613425161477 -16,71676790122675
-11,26520821493535 -17,76098108024373
-11,141235116538372 -18,18732333101086
-17,226553088538942 -19,758160161681857
-14,271504929357853 -22,471208481734514
-9,580946729529835 -18,508849268908953
-14,17243085465459 -23,01109650036827
-9,735686567384516 -16,442606690063048
-12,148209773042666 -16,699411944116726
-12,787495515882648 -16,711297317635672
-12,518590983860264 -15,837918968374307
-17,609344126175785 -21,50266547478893
-15,24888566167424 -21,172481031853884
-14,446330492495111 -22,990929761244733
-14,674434639299466 -18,616755357219557
-13,556659462382012 -18,887746556947
-14,286146843030942 -23,313926109832135
-10,681895672110445 -19,17232284802758
-13,238979168916384 -18,345562179933047
-14,761243247578314 -18,351731697330408
-11,45863915795239 -20,84106875957346
-9,34888707114031 -15,420969633132628
-11,267211305089916 -15,542923856340135
-14,432465897997654 -22,037087595919083
-15,53746874582274 -15,318185713587996
-11,338756388539654 -22,050249222286066
-10,607367647215458 -24,1021392346655
-14,523027613386216 -23,32887294322156
-17,02975047270641 -15,618841989991221
-15,313547811841612 -19,8973282415878
-17,473161924524753 -20,58986093305175
-14,187482990297504 -23,386252311710024
-13,365638241638436 -23,622104016072576
-16,845190835265463 -20,035914716353364
-10,02844954374139 -22,93834820471786
-12,405111933234991 -19,103718958743812
-17,437966314346887 -21,196067995999783
-16,107874604439296 -18,58663371221469
-17,134125769075677 -21,439369302513445
-15,628780642454403 -15,75353460938121
-13,870296222256062 -22,66486667500662
-14,1566896371028 -20,35616859709398
-11,44374809907028 -21,809665977095193
-12,259535905402421 -22,536389379604568
-13,79635236152466 -15,644143705235207
-14,92697719622976 -17,218885207115903
-12,947337118625427 -16,229790381119365
-12,72794250138481 -22,84535624654759
-8,96889470814228 -16,69592955039529
-11,971109570874942 -18,269155955179954
-10,70055924961499 -15,554794196231576
-14,818069339314217 -23,272284345837704
-16,799734888158543 -22,578546243354115
-14,039147846178846 -19,55769027127534
-17,4362921579881 -18,757501776153784
-11,190925943575728 -20,71843893806947
-15,326979133136557 -15,938956220715186
-11,972255090662221 -19,844651894841434
-12,35615439662729 -21,698848167170514
-16,017483248336752 -22,798975102453507
-10,946576709092259 -18,932516798668882
-13,97918907555253 -19,969113081489795
-17,632254036432798 -24,139626569592007
-9,313664685302673 -20,342312451886723
-14,700363458591463 -21,20800623465284
-17,470345579078348 -19,495703846638378
-14,39158627373799 -15,65421207433009
-12,710569061694146 -24,17758595765713
-11,677618857803331 -19,16544477108595
-9,501663151970256 -22,59900426521061
-14,370073790039093 -22,80261981878834
-13,779483065342754 -16,944809667494678
-12,940995966132109 -15,976354707959926
-11,31133677997548 -18,740853045427833
-15,644565303417966 -22,36793606257249
-9,071952576334692 -16,91350776033491
-14,832667903859946 -20,18675099343662
-14,15252337051379 -17,08727429503676
-11,01161931152266 -19,510367085713792
-14,847340501036186 -20,43764174475504
-14,309625042409337 -15,974751919281841
-12,33439379129068 -16,741087991188948
-16,808659725411445 -23,883756171861492
-9,668011916015429 -20,176584651305273
-13,842030565352005 -23,970375867524787
-16,57405631230126 -16,640351426194854
-10,98801210765316 -23,805290783960668
-13,616571479355038 -16,740844912386557
-13,976557195100224 -20,72109711688139
-13,01631157861014 -20,988656636738895
-11,570542542172543 -22,37373359275405
-16,189793194232927 -19,394987302921088
-12,101283083332978 -23,546744581882983
-11,694130314732329 -18,516681081689455
-14,189230061848237 -15,284469876372277
-16,85233199834916 -20,638546787613404
-14,416922480799004 -15,945617401091484
-15,518095740680021 -18,947730179328808
-12,820210856669938 -22,60906903483608
-16,460403870686015 -18,19425604842679
-14,861689193546855 -15,827888406457703
-16,34970492530655 -19,590913282748918
-11,231167870844065 -24,191039646776666
-16,550708323704146 -19,875880711496976
-11,295389885574952 -17,098497849356157
-13,61969973479544 -20,575828939723543
-12,305933832820156 -23,918848708231945
-15,783685528183682 -17,201183743307794
-11,6150520977836 -21,45503319339688
-13,137322930851315 -16,574246554438886
-11,578895502087654 -23,792906269941042
-17,033672120830914 -20,333203781553
-11,969235443050701 -19,248095643589078
-16,193386417274407 -17,364312318111196
-17,65305651741609 -19,50423705904466
-17,471059908661246 -15,501735660187682
-9,455892421352436 -19,888397206644434
-13,30139779227796 -19,81756334700568
-16,48531039610118 -15,347446173502151
-13,697684959029964 -21,870672742557826
-10,715102268094105 -21,322165372567724
-17,754779666491984 -15,655698979894234
-11,848952700335339 -20,511066846243896
-14,727841201348735 -16,790838344681426
-9,244356101836145 -24,128424427945703
-14,734383944945753 -22,994944188804617
-12,68540845178947 -20,62914873540909
-11,965940125737072 -18,752948933077956
-10,79198313267527 -17,41232997947195
-10,906768736192625 -16,93554898967707
-15,60339375366413 -23,41598576922393
-14,265483300500492 -23,417888842159677
-16,276136764744074 -19,126431724885464
-9,696864403574942 -21,00652783708869
-15,266770836347145 -21,504636676702173
-14,479062240056182 -24,095806066390516
-10,024073802005997 -16,452930592835596
-14,561832260293205 -19,235752158701224
-15,010875053282362 -23,793962856151413
-16,848923340173286 -22,8749396096068
-9,360060486048058 -19,682687153183252
-13,708524563788476 -15,52071666958572
-16,52255569653261 -21,892786346207664
-9,90429291297328 -21,1626125724233
-10,710779418925181 -16,409287391157598
-13,454986706123734 -16,26940810675281
-16,09630051612057 -19,358877913772165
-9,601335632278635 -22,2951843140237
-17,858289283550093 -21,58503029993269
-13,185414524317782 -23,904109418202708
-17,55497888049878 -16,004143238850883
-15,563880130578696 -22,79452970028066
-17,403686877000133 -15,72497035078412
-12,101618447730912 -17,39631248274138
-10,497263073893945 -17,58629640684093
-10,050508709527346 -22,153951026737204
-9,26797077775384 -21,390372070261755
-12,133892597507742 -17,02306581360799
-14,398819663529506 -19,97747979908675
-10,011529288488141 -20,22103716751055
-15,996239805455357 -22,032603057031473
-16,477784436920217 -21,513091409598353
-8,95331302135609 -15,51663031611252
-9,627123991028753 -21,34424964287205
-12,249608589104486 -16,1642941769714
-12,939859313249684 -16,020039679360117
-17,256714015079318 -15,85819263568106
-17,300378154506962 -18,043046804525883
-14,945323563033217 -18,658050088677594
-10,202319120652593 -22,88972081962425
-15,910527552052239 -18,00600099947909
-9,752626096316463 -23,040192913406223
-16,308644173232093 -23,40230538043474
-13,757200445477274 -23,02922924334137
-17,609940201806605 -24,128099281529344
-13,351823361539163 -23,448755665347818
-15,747386384420267 -22,408000077379548
-11,761668789396378 -22,858389688445737
-10,737052119343483 -18,06118117859476
-9,390876408696029 -17,78597562429377
-16,19189382124157 -20,657897817495346
-15,938201250278464 -18,26220473792855
-9,147575362488874 -17,276886177667535
-11,351215480509431 -20,582247123973996
-17,67957153932259 -20,205348660482517
-10,633187529373638 -24,103221779675938
-11,085920541234888 -18,473355737658935
-13,010383202747741 -23,145987891040466
-15,417551952059528 -19,741034868630365
-9,01925316766161 -22,26728884453581
-11,813184448447153 -23,144448929909192
-15,08167665890427 -24,05320179123016
-17,824032125105525 -17,62910894314996
-9,544006006254351 -21,556099597200358
-15,043866805168369 -24,14994751381031
-10,671483748194582 -22,864153787489606
-9,707698716842328 -16,016085902996352
-15,534616007646576 -20,73239047882923
-13,273868448064853 -22,94049888210803
-15,757437581970567 -17,75083754433013
-11,458120753497257 -20,087629705555194
-14,310238358700062 -16,218807880172736
-16,45185836542473 -15,519877767407579
-11,321741926847942 -17,82135908652791
-15,802607338883425 -18,008751103712548
-11,75926072558839 -19,455003468226572
-15,185135136259724 -19,937706388671913
-8,962386509831 -15,276079007778677
-14,190642957989162 -18,146273543209336
-12,621728077176169 -16,361141462742562
-12,602205227381008 -23,84307519943362
-11,192439784712986 -17,733243975871837
-15,908381687350197 -21,970736876796067
-11,687210012036234 -16,51000165653735
-15,37699206720555 -22,96823798141801
-9,223550219065176 -17,84103661446799
-16,577610072217425 -21,59189810402319
-16,43470481075717 -19,157498731132655
-13,776641944532876 -17,596925800638047
-15,570474957705393 -18,336019820789183
-15,391011781208523 -22,73721421013255
-12,843637055914265 -21,035348568481396
-17,38156390571762 -19,22779900196258
-11,882851085853709 -23,898412004306522
-12,433279014579261 -16,211075723437954
-14,224947786974354 -21,74441700987837
-10,229138402227546 -21,603971572035228
-9,737790730528122 -19,710641773216736
-17,873984606927593 -18,516314460099505
-10,22931889915043 -19,669719013136067
-11,886131158748718 -19,39334907133638
-9,543013946199757 -17,93520868011858
-14,535201752644621 -17,565575871696208
-17,453490035188153 -23,029519052055083
-12,019498054693251 -21,399025256877437
-12,43860728744975 -22,794176226410677
-10,300766206778214 -22,174910857722036
-11,792034610016623 -17,02232885747334
-11,544061260009642 -17,261721774412088
-13,463673780125937 -21,678292198408084
-9,218882036165326 -20,6471458854334
-11,374178956210704 -19,36405324855982
-11,534719700543286 -16,91343412412333
-16,738026057902736 -22,252646945278595
-9,260177619140649 -24,05392337386145
-10,98624221888466 -15,538980543190291
-17,69064080165242 -18,260940109678465
-14,465759706559439 -20,283199018772905
-13,524170066598838 -18,975092474795538
-15,888892644152582 -18,02450669150307
-13,378665717689586 -19,45700018254068
-10,831985432431354 -20,817853378074396
-15,644234318066271 -19,903306311108416
-14,25010992613672 -20,205220998339083
-10,865479151092337 -20,24630171427651
-10,047055395908401 -21,710311270958783
-17,092597556302277 -18,701870651094165
-9,0000083596256 -16,022539812230033
-17,16653418147012 -19,58731564371904
-17,493962138921393 -20,68978619044478
-9,46285295984642 -17,43600553606307
-11,077688378617713 -21,641616118337545
-14,232699281224615 -18,070012063184183
-17,765579609932374 -21,468214698892588
-15,418571428371148 -17,532875938852694
-9,347942302268375 -16,521994843545713
-12,644046000151613 -19,616150020663568
-12,297524730459134 -15,390287480583131
-11,11095078154102 -16,320912204040116
-16,086598978654393 -18,213894768654942
-14,228673734235105 -16,66554227785877
-11,669145656039653 -16,061988925613694
-10,197030610496926 -20,571911470383633
-11,71099187477877 -17,16340555099367
-14,747510902665775 -17,4963454863342
-13,55240581530013 -17,588524380375823
-9,128599858026536 -15,979230085616276
-17,396364042335357 -20,681223780437232
-16,008019021036812 -21,75847557537948
-11,872085089674371 -15,991853078366104
-12,181498463390644 -16,078427931624823
-10,297316211698282 -16,400502951462187
-13,373819095036588 -16,316696567767725
-12,43070178821129 -18,787438360229256
-15,481218396425872 -20,069720097916004
-9,85525987428542 -19,523559846162343
-17,713910511407537 -19,202443101366022
-16,32797602870422 -16,835688222924503
-14,670799636666882 -18,979243031477818
-13,934850727769344 -18,4463343199609
-16,992507551508048 -23,77623781788654
-15,963381335552683 -16,805394915614205
-12,6900428315473 -18,505919620722867
-15,267891143052015 -22,959916479759602
-13,145763154864827 -22,031297297452465
-14,513133866969614 -22,76828456880815
-10,800566567825902 -16,064081312586747
-14,791055833016749 -22,972086058873003
-13,768224625447473 -15,995546993452027
-11,961351552166988 -23,272187324153172
-12,163903276240942 -19,259411981093596
-13,996951029238062 -22,715762387229763
-9,555040746191175 -16,752404781428464
-9,681353462827783 -23,517068357998852
-16,333174185643365 -19,555140347888482
-9,943500306739121 -22,920014215495666
-9,671250781310377 -15,902298847906431
-16,099852737883158 -18,438484451191087
-11,99105813661314 -23,32697015267032
-11,476907374045734 -19,40119092947799
-9,862895308876844 -24,011880579884135
-17,87157147723748 -21,60033594413723
-15,230280756279004 -22,104872054638108
-12,721004045072059 -23,525511091229646
-10,7890360523701 -20,316461428522892
-14,453752625529024 -20,64388321816785
-14,950509425361847 -16,52360793641992
-14,44961095647952 -21,191803192503347
-12,475653508105026 -20,7331456573463
-9,042504609565498 -16,705736240425903
-10,385909660145359 -23,909427050828803
-11,520628988454327 -18,114821149048826
-17,495865991490945 -22,342151161750444
-15,759235312387553 -17,990244520525376
-9,06302438234465 -20,754949205764788
-9,291474736429493 -15,624934318390649
-10,875916044517314 -16,494448422122723
-15,850376899956036 -21,838679528486352
-10,151859031139658 -21,077779457885388
-13,525616390142666 -18,014116666572736
-11,143009757542877 -19,557993032650778
-11,861354624684695 -16,727735512946744
-11,430486742955493 -18,80401876366176
-10,897910875499637 -15,419117797848704
-11,79618622820105 -22,68606279072453
-12,055321485228175 -22,46572520201559
-13,33050739199286 -23,611338852700356
-14,348408502487906 -16,006998340926557
-12,678083848558117 -16,7750384563224
-11,375247033815656 -16,964878742322913
-9,471327158358992 -18,999430188424498
-14,525112749763988 -21,777439374917257
-14,165216647912988 -17,225781934537295
-11,16425690332813 -18,286971377247063
-10,665315616700665 -16,50782712514929
-15,453428010969818 -18,01555418110742
-12,066423332258974 -23,453731968753146
-10,041983094985984 -21,456059045754913
-10,592968185650284 -17,370351309228766
-16,097276943720043 -17,634646696080054
-9,078603451308675 -19,038265071224085
-11,359794310197076 -22,951609558256262
-10,031672911187334 -15,461280331862277
-16,138810633436634 -17,967150088170435
-12,118247223804376 -17,81728375974059
-10,718691233701495 -21,50289146430521
-13,991158800964149 -20,009026245522158
-11,277055589684297 -19,449762658030302
-13,995284816905091 -19,999399333609315
-16,220453913932715 -21,95405236158642
-9,533439509726318 -21,13597949195624
-15,039953988716636 -15,480367137704123
-16,125603481363108 -18,976953192824027
-13,83470037321159 -21,931775501867484
-15,251244032041681 -16,464847785161886
-10,690250338434673 -17,84151325195871
-15,731540788713863 -21,83325039009179
-14,728301419832995 -23,23641798219449
-17,350119614647276 -23,744029038289426
-17,79106108178857 -21,476810566196175
-11,38480819647337 -16,18919545488678
-17,719578584453203 -23,97473634498419
-17,244884053976413 -16,561595668000912
-12,86331020055648 -20,034827533130517
-16,487869005311747 -19,615367274654673
-16,653702946151842 -23,630320650753646
-16,038162009059363 -16,693260486641734
-11,398300595587335 -17,089147094004048
-14,668444232966303 -23,34207141735213
-14,84906037499497 -20,033011958909206
-10,54375580728425 -18,264568466686967
-11,187323991855477 -16,14675554706495
-13,146809087607856 -18,810192898576798
-17,718923209542226 -17,923746332124765
-17,198996545410367 -22,505024355484753
-9,341709474396227 -24,15207289440577
-17,548199429152415 -19,157138716029024
-14,913936399681988 -22,796615162026516
-17,163442680468876 -18,326585106472656
-10,202848676345347 -18,308144900267692
-13,578877209027365 -19,688893480080687
-15,301471018895459 -18,572578599875303
-16,488344331110042 -23,023494594206106
-12,454234976897247 -20,782033085539766
-12,811244910139598 -23,62044137509919
-13,393545552071018 -17,55384934440332
-10,889093059177243 -15,26282537760818
-17,32055401993657 -22,79944706669182
-12,522347303916114 -22,190511566488695
-13,69021385074365 -20,8146602241206
-13,809594578589284 -18,161191103395208
-17,598309053148974 -21,96331686499028
-9,452163371870391 -18,02612011014055
-12,60478647601487 -16,052019553157354
-13,06301690771546 -18,094452231349187
-15,067328993701715 -20,588961208492627
-15,026285636431624 -21,62741559556628
-10,21396610624489 -17,465709531502
-10,68618177175034 -20,684271487568896
-13,295201430719768 -22,748117652879248
-11,75366934312601 -15,793074217929254
-10,383784105609388 -15,27832066660512
-14,484763357166333 -19,71697980886082
-14,547134142580436 -20,45677948704664
-8,92716696823446 -19,63601723305167
-10,228764597958502 -19,81509136715614
-13,271809810507198 -21,96623060071107
-9,723508259036587 -21,894789269459547
-13,798114468685194 -22,151628447167855
-11,121406204015154 -16,97769674886254
-10,977490307068095 -22,98535449847804
-11,642781967730194 -18,313724233887815
-12,55748807191791 -19,296475019265422
-14,72854157581579 -16,08443530861216
-11,008177039454948 -18,11082302418119
-12,574233312349602 -17,36220717776924
-10,536703645256598 -17,116258994821134
-15,579242100446507 -23,812327917483856
-13,279651826854161 -18,174001686262827
-15,703338221045101 -22,04857479072847
-15,813923410541229 -17,909335711721027
-9,368512253675156 -20,161416592420977
-11,195541501995319 -21,76307793142445
-13,515540667898652 -19,860647758599477
-17,24247773624989 -19,75003944831133
-10,904608367290617 -20,810146136653845
-10,0607907872954 -18,14648513175662
-10,791017206167732 -23,275506401136177
-9,842071455799733 -22,28979169026128
-13,530203982014363 -17,25865685064753
-11,397341369579742 -19,82887144055141
-10,84023755218381 -21,130942200635292
-17,653786048690087 -16,72978086733978
-10,806470556731854 -15,574670057135663
-17,645156302979522 -17,492682355294097
-15,745017975906833 -23,712688649149626
-13,986735455162856 -18,241606584363936
-16,350162126265577 -22,201908575990018
-10,477928259024415 -18,966048520759518
-15,197428735486184 -21,258008498125598
-12,895349467155924 -16,101118885960545
-11,137420189067445 -15,894707426180116
-12,167936641222907 -18,437501363161275
-14,283618731683703 -21,568852533485828
-12,812178814678553 -17,31702105079922
-11,616340760792262 -20,774291294561056
-12,659265941913036 -23,07393381520928
-11,90186646098799 -20,37997720451386
-13,070625699831197 -21,08684237772738
-17,057587068719698 -21,903628540374896
-12,630050300341868 -19,90294269660564
-9,957072972517494 -22,13815112384274
-14,239703704879254 -17,6511508196662
-15,348535679116566 -20,758476889534403
-17,034264529314463 -20,503622720168334
-15,026107682215796 -18,78748073548273
-11,530829758995331 -16,301714883851023
-9,364977915835194 -23,572255433514584
-15,324010965112176 -23,071768172325726
-8,921478377149228 -21,070233237325652
-10,072873982988712 -17,908854641855793
-15,706914684024273 -21,982850280002754
-17,157699339851252 -15,435238302952385
-17,548903309976566 -18,943558747710682
-12,054570073504863 -17,04096910054588
-9,151697115878623 -19,794579762005142
-17,36791615606782 -21,09158190772686
-16,969192586326052 -23,94678667170328
-14,847015987666254 -17,32710581522545
-12,840608279624496 -18,237492588058014
-14,476212029872226 -21,575218433274507
-11,781301194583799 -17,56698288443225
-17,709947882079643 -18,50144956331343
-13,59816015917107 -20,226381394946248
-11,353226083773084 -18,100941391142534
-15,464371327973979 -18,54032535152046
-9,909576705174231 -22,02478274953073
-10,637823585541273 -19,44172954121424
-11,33030823128895 -17,947377718540483
-9,757196556314744 -20,111001491007514
-12,60854442293907 -20,132030212160213
-15,017426825607181 -17,323523158379963
-11,288829072724964 -22,62347783378109
-10,688721261876244 -18,422462427814548
-13,880052177988475 -18,573423400920202
-9,947835288883857 -17,565115688337475
-16,495261695393946 -15,993278506625275
-10,063818125945351 -15,590328406718607
-17,397131946290394 -17,036655027263215
-9,63539930569013 -20,564424528010257
-9,581382421210716 -17,99901007943074
-10,07989415444315 -18,495962050897635
-13,022825326238912 -20,27559162557186
-9,660605696346169 -20,565336113619097
-11,847195058935213 -19,857376372693963
-10,738111267372132 -20,616520726353254
-12,655703494066382 -16,640246967589555
-13,047523896435358 -22,54987282446089
-14,33698063690133 -17,04819625821312
-12,240162608201114 -20,481839879396016
-13,896264464392772 -23,904504787708113
-9,236169932194143 -20,231309424953682
-12,546583738930885 -22,058261179386584
-12,46433093931175 -21,53653236051223
-13,566867863360809 -17,485622277692794
-15,115060690450111 -19,05398889647029
-16,07032718569012 -18,823575268397107
-13,327010382770702 -21,344404576347902
-11,873401828530994 -19,864902743744302
-14,26775851579739 -17,797186662826913
-13,907237460912103 -20,481924387399857
-15,795992317483883 -22,229950171564475
-15,506634326502994 -20,79154302283231
-11,219787304659935 -22,264231387644692
-17,605200391599148 -17,72715367196731
-9,701455296108335 -23,86842845683126
-15,3825997399689 -21,397581829639442
-16,49694000269683 -23,605819444607462
-14,321677276462848 -17,591555761291552
-14,608445111511099 -23,047193584203615
-11,484353122320169 -16,552609956085085
-11,811580332878783 -20,928466262292645
-17,81272484165709 -15,52844100886405
-15,640606999729197 -23,594724865356163
-17,12407199860189 -23,235570141601187
-16,2325141000988 -21,58117334568395
-14,251358921014564 -21,468205490575706
-17,593282289083895 -23,31517826025169
-9,012229671759927 -21,339901712457095
-9,213723783869414 -15,63864845509723
-11,048842950897834 -23,91239242585428
-17,788646331871327 -19,645646483628237
-9,53789702823163 -18,87348857932388
-11,87642181701616 -21,548708833374008
-13,161897281218996 -22,342121052341945
-9,281085649526291 -17,530514672823703
-12,085243582323695 -18,40374400020935
-10,169385835483533 -18,10940370531967
-11,685064728991577 -20,56153104528499
-15,82051741736283 -23,75786874607082
-17,473648610881106 -20,427246702856586
-15,803843618828715 -20,07484897309839
-17,304127879170416 -22,868914694966442
-15,76559216624402 -24,159587155598388
-14,461118972680708 -19,290085657104985
-15,056393790311827 -18,66812394786352
-12,560076141938364 -17,450042534160776
-13,4435305015034 -15,824287437008373
-12,614035568662393 -19,467899245728237
-10,693428705081313 -17,088903337582032
-15,213347309826691 -22,239772866141358
-10,15405325773159 -21,63912881385297
-13,374970634144173 -19,733232617012256
-16,67652978151077 -19,6301529184952
-14,013284809091733 -18,418575027400827
-12,564565319501815 -18,471515142163373
-14,845097006776975 -20,464917779173206
-15,932758341543781 -20,19031211454432
-17,302920571751258 -22,50103092013952
-16,40371613754499 -22,70589682731988
-13,500248210832282 -18,386372884094133
-9,650655485732159 -24,18163875479692
-13,18450514980708 -16,396483668338057
-14,667616356468063 -15,764562553465424
-17,19119793390042 -22,310657253811893
-14,055084272063098 -17,54123147415916
-16,208108205432023 -20,059999401778306
-10,965487805329236 -16,42780360362412
-16,249208144102287 -21,6436141014728
-11,831887122767931 -23,160800706963837
-11,155240303285684 -15,996029582751461
-9,025508553551782 -20,813117922715264
-11,415687990331481 -19,089319795560765
-12,387978790329925 -15,708969317102392
-16,590659467742217 -18,307664892871756
-13,23776157014418 -20,213876247355483
-9,925087312955817 -20,12970426996271
-14,286671998419703 -22,519055494586187
-11,446571733213126 -18,240589304982127
-14,999673424513503 -18,891444685986688
-12,203525772932478 -23,694911419616695
-14,593591730785047 -23,76749290310711
-15,14380740704759 -23,92309839208519
-9,876015612615285 -16,127260549162276
-11,44205019143414 -17,985413834703692
-14,122013821731581 -18,050692518436403
-10,14175819954974 -16,86524885560952
-12,109897264338066 -21,40920489801868
-13,716792491998696 -23,713565137449038
-15,096605503046687 -17,991576153385637
-17,42492734005591 -18,84396426333715
-11,49861088445039 -21,008462889434863
-8,93139614344106 -22,586955107710914
-15,02680311432038 -19,68839946833304
-14,37205649628393 -20,536819013782818
-10,536297184200425 -18,154944803125122
-13,616323771755244 -20,05401708802575
-15,373194608859723 -21,76520330391382
-15,06932284158892 -15,403667280181523
-9,062675417898507 -21,81879838118526
-16,7835052948444 -16,437941338854856
-12,375798666121348 -19,653282699695122
-14,506085676837635 -22,371639035206652
-9,210587112949325 -19,90221008105453
-10,64799914320221 -18,21111321451719
-16,359133259210424 -22,967839213937467
-14,697121108173985 -20,838328216576226
-14,200211578740493 -20,804083099818946
-15,506397294787813 -23,047731193002377
-13,149095124035343 -23,260854314210277
-9,153674922093014 -22,26719374638248
-9,029268898262695 -21,740827842413616
-14,897612155154345 -24,13268070231384
-10,219141312096056 -20,08861920659208
-11,533775676561762 -17,304576286693766
-10,80959149824917 -17,375006285010606
-17,581456644198617 -20,957085378141542
-11,267014082578317 -15,682633099597057
-11,466531179018098 -21,41139153640268
-14,699947036995994 -19,679229945624165
-14,03943531901904 -15,38755290771293
-15,228569059832438 -19,717853040138216
-14,710019449913132 -23,684010661017908
-9,380610539636209 -22,47603944706253
-17,49089340863084 -16,949667675150135
-17,893153292729156 -18,20457262047955
-12,588772470730568 -18,34240718443919
-17,386139273132038 -23,060490169508867
-16,507541981502158 -18,84328908458699
-9,525387751119853 -16,36180618010821
-9,180389740181939 -21,178829648933288
-16,450451684249067 -18,71862163014038
-16,7716074471807 -17,437870479859576
-11,83098812354832 -23,807696107639263
-9,88427455257147 -19,676708286370896
-15,514569625023967 -21,649850088415448
-14,66633508993554 -20,1250849828804
-15,602970305173365 -22,11396805952395
-16,57948137770895 -17,56289757433459
-13,008949687073684 -23,77272225722168
-9,446678102434495 -21,747726074879136
-8,96187621130129 -22,00971644750606
-15,535169536848109 -15,61214160103716
-9,466814787879049 -21,019127967721218
-14,480057755003523 -16,072926700079318
-15,896672723955756 -15,670614634688077
-12,711123707945527 -24,152344295004525
-16,099612747488816 -21,267482225965704
-9,572719113334998 -23,620594229728418
-16,805177888683904 -15,516925884327
-10,484350456997092 -23,52814779541501
-9,472606808761812 -20,97149186051488
-15,631626077570488 -17,327943040464298
-10,920188661959077 -22,04812339462421
-14,96236695109003 -15,57181786244245
-12,246239084015812 -21,309159701628833
-17,011480731234272 -19,086290625405802
-13,525504944663318 -15,892999055151513
-10,892133527816688 -21,471783652117562
-14,974561480639387 -15,799291298576073
-10,166256617587125 -17,77096120271151
-9,70430408199324 -19,43374217911488
-13,036654325858398 -18,33362806318995
-15,368819076614173 -21,584552389807065
-9,247690076766586 -16,2879737178778
-15,81589694345631 -21,882065492212455
-11,567378423006911 -17,74046738460268
-11,794328234660192 -19,809647161049334
-15,17245564111202 -18,846748844419164
-9,45740601256279 -17,34501111795533
-12,14081629456101 -21,778596082196696
-13,97099406781093 -16,06708425632571
-16,605355704831105 -18,84392875106146
-10,718660965225169 -21,847288749619235
-13,842498572841883 -17,928795164251348
-12,868663291798612 -19,8716472511555
-11,119435816724724 -18,381382631897708
-12,964652387886058 -19,75463913730506
-11,061412981889276 -21,77421058225294
-17,810517348985982 -20,267405364096145
-15,903654572996036 -22,031118165380107
-9,652412700491574 -15,840109407799916
-9,572633846643278 -24,013798494936403
-10,38647321519482 -21,762308029255998
-15,597693965246828 -21,324405733847296
-12,575919467372035 -19,724833061943322
-14,093298853475897 -18,811028324220402
-16,077170615876916 -16,01495267833731
-16,72171219197384 -21,09439712345013
-10,09279428810947 -19,820081315178516
-14,050429082892677 -22,21327136239035
-12,07686320482645 -20,999489013718147
-17,643167199169483 -21,152971507841208
-15,603133118252618 -15,696304760165738
-17,068122575597478 -21,41417530674481
-16,291090027268254 -16,45821352141646
-9,07834270000184 -23,92102574150667
-17,4778501736158 -22,485940574394878
-16,93964072775904 -23,864213396390703
-8,990397153422954 -20,212967165366997
-16,520031332572778 -22,404647796942054
-14,749105255888193 -23,140841900411715
-9,094967196422695 -22,769630610642803
-10,2616569206488 -23,09089824745195
-10,303413241772134 -16,964348947650297
-13,53975328145581 -18,164195766496224
-17,194281916645913 -16,430571597691223
-17,070655395567055 -23,111707033210887
-14,807076012828375 -18,75259852495379
-16,90277311883261 -21,216670776318708
-9,259008799344887 -15,664187365821167
-13,346457798791285 -18,54326940455589
-16,39364111069757 -23,480808881069798
-13,887832444733672 -15,728451996510628
-14,899618843685193 -21,590612579726255
-8,906817147251177 -17,645288253781416
-14,77471506810373 -18,077060030600727
-13,511225541147555 -18,783208423630143
-16,034781248653275 -23,19124876355886
-11,896480296073559 -21,785238815269285
-17,85459174940489 -16,516906680811204
-16,21048738846943 -24,106395153879603
-10,024604992280674 -22,41112017681551
-17,44448864878371 -16,142796388765547
-11,596832052168374 -16,921122810284817
-9,304563422012887 -23,09062674733793
-9,874697719460945 -20,28864890526544
-13,023000142536933 -18,509064224656044
-10,828855332640202 -24,146400347805088
-14,782711504122023 -19,39327498792645
-12,059105908744332 -18,555169627976454
-13,79343482980512 -19,47309925679326
-14,27363509245438 -23,859638705746587
-17,419112242840264 -18,483229576226556
-14,793811473677476 -23,11055988728585
-12,169395989544665 -17,520102458974982
-15,913670851449854 -23,43031144561084
-14,034276942327931 -24,041223845760825
-12,09874241141813 -21,47996585327208
-14,720285541916745 -22,67452118511924
-15,558193466139981 -20,168216477472257
-10,562959997174913 -22,236666879773903
-13,669879799041606 -15,737287378112066
-10,657228470365638 -17,511584532164775
-16,457385558864086 -19,990712133308243
-16,891747188436234 -15,61637708047822
-10,941095445510111 -16,659314248048595
-10,450246962960264 -21,665826332489964
-13,33816032397154 -21,358909387183854
-12,493257150261952 -20,380050784659215
-14,788532914650112 -16,465859401204096
-12,812481786401086 -16,574314146674983
-10,532552794084248 -16,909460597665486
-14,329184179623754 -20,575321469082198
-17,593881406120893 -19,20353683420519
-16,370894225752053 -20,99492997795743
-16,329986144568558 -18,94599495314144
-11,357894549019715 -22,74368353397744
-11,96754601951274 -22,786896414309556
-13,609535433676374 -21,389018910117386
-14,973146637751135 -18,831897349238712
-14,47818773612358 -16,12478284710396
-9,109077014097192 -21,532278652935272
-10,311128286343571 -16,643888634819497
-9,664164469800518 -21,94571176414874
-13,912001731590124 -15,344808669565285
-11,132841707431165 -17,88068943665759
-12,6451550883199 -18,24252580606813
-14,909668386111175 -23,206571767996518
-9,294004888205013 -16,471731810368606
-10,701076401220249 -19,47704684367379
-13,789850934850508 -20,01061839130769
-15,477823145851206 -18,299948671676766
-10,860186079225635 -15,600644807464082
-15,09586276166598 -18,862823011993022
-15,827382371431874 -20,050520642071007
-12,851236828870945 -15,23071010373424
-17,54783540227741 -22,39370798486882
-11,887137646782369 -23,517545433666562
-12,002636220364776 -16,321873796143084
-10,636913126736127 -18,8257240653823
-16,232365091784636 -18,654329487213204
-17,554037972248693 -15,280182744149748
-13,132011231238298 -22,74142906196448
-14,538302815720591 -22,504593742080523
-14,093946989826652 -24,169521811156564
-11,406227223299792 -23,73871142458906
-17,749025119877423 -23,55222958519861
-14,126248253313257 -17,02163047164141
-12,51911082312903 -22,96196326358175
-11,554280778201338 -20,532825602182868
-9,35521321330852 -15,234647710658011
-11,25587550786874 -15,366189274236145
-15,913594532759781 -20,454381578932676
-16,703548631645774 -21,156623721418022
-12,737620291298116 -24,177781253672357
-14,892383464878208 -23,36119756335284
-10,050288406792836 -20,179157154502327
-14,700855405717988 -20,033798228160524
-10,053662263599309 -20,587683125107258
-15,97448844484271 -19,949707916523458
-10,706834447587877 -15,329500787591225
-9,953196996414299 -19,26444153612753
-14,91405025832703 -24,072912606454356
-16,771637567634734 -20,53547549161617
-15,709648029198018 -17,751247002339557
-13,912070747433113 -17,330176221294966
-13,851798863543705 -15,527270585210445
-14,38966895779521 -20,479794085954897
-11,602197788192868 -15,475387009662397
-12,648637799895914 -15,29614658889423
-15,473778814403712 -18,276225529626824
-13,720625413333199 -24,166124011657296
-13,980272238297855 -20,000234622743434
-11,24127188891983 -20,350472957579115
-15,617575213529777 -19,95598205774421
-9,446182399375477 -15,94891823854061
-14,08588275957571 -21,79176845544483
-10,819940424902162 -21,450542604653663
-12,44749825306722 -15,208626405419581
-12,164086975878446 -23,12708896253255
-8,997798062352443 -21,007746883680017
-10,893998790220245 -20,337777778374537
-16,790854380110723 -17,38520306589775
-14,166663522125965 -22,800668665312667
-11,854963746809272 -18,634518668259023
-15,511342904371467 -20,854402583131908
-13,045965429767424 -17,281524634146177
-17,582466930817553 -16,561499018147813
-17,538512057633472 -18,32662424670063
-13,021895920195428 -15,71992601093574
-14,187924276986696 -19,367136720712796
-12,296404968582435 -18,487174564971156
-17,489853278043224 -16,9073743008232
-9,784136048339375 -18,413472829282476
-13,641327603064767 -21,06451821373345
-9,218222384147905 -15,85253443270563
-12,026625349252043 -15,659638127002317
-15,0865416867839 -19,681668529079822
-9,953050311011328 -20,76761797239659
-9,572948739243762 -16,0219969857092
-13,213338129574424 -20,49229852647243
-12,382822295170907 -19,115072222321853
-13,636832658129522 -20,290995860501702
-14,889415807462068 -17,849693105920704
-14,050636947498077 -20,768126099315644
-14,496060336221738 -23,20665234655761
-13,061233390360709 -16,724149953014553
-13,838494593038735 -17,040732242820155
-15,182449850151455 -16,206905301860925
-9,177875959178792 -20,77195874357054
-13,203787645701299 -15,375412987725767
-17,049231882220113 -18,477701460385212
-11,554380925461807 -23,39824689271557
-17,63615314111612 -24,174814580985085
-16,478302380010856 -19,426744603301994
-13,841723777873913 -18,690172016268587
-11,266681338212186 -20,77937750627911
-14,067472398640003 -23,302430363186076
-11,384664170417906 -15,226770237721489
-16,49665673737718 -23,924958421370263
-12,038576626401543 -15,631315183273461
-16,878826131538236 -20,09094176791538
-15,54449577801887 -23,11040024233256
-14,121180602713785 -22,12366838444659
-14,295866916895791 -16,669285972449117
-9,148603564341569 -20,966068824107843
-12,206823926695366 -23,833339227389832
-11,827027415908045 -21,428128199097824
-9,742941030375178 -22,92545589949935
-15,043583156346244 -16,57748039524427
-9,84167936782935 -22,66675337767648
-12,311925712460138 -15,77091030599272
-10,273631538589717 -18,299910237422694
-14,739286055569206 -20,39147747524514
-17,070803112776346 -17,76985546416841
-13,560639438361118 -23,3744709645459
-17,868615888245852 -23,362055652859354
-17,480704281149983 -23,630808459331565
-11,526083795587287 -23,306638352233712
-12,814190718949448 -18,44370139624962
-16,99733339041206 -22,72900031939137
-14,18496827508634 -15,537406938823233
-12,819429753880701 -15,239055178897274
-17,235348102026016 -23,572533202104236
-15,6486394624428 -21,135071636144087
-9,724062363446835 -23,045532835777376
-16,962449787557617 -23,728576920966415
-17,321326165502512 -22,662568657013725
-13,050550726293633 -19,469795511575008
-12,502537980964165 -16,829477011046187
-17,394034532073096 -22,226269666822795
-12,76480717041562 -19,32326992437786
-12,61764641939184 -20,562894387940364
-17,582660946663452 -21,181013873128986
-12,616429533916005 -17,887986857662916
-17,634248603864087 -16,56951225386467
-11,181755652373333 -16,522122165694082
-13,935185797005584 -17,995675876388308
-16,096052769450335 -16,70608535894926
-10,599785086847335 -16,561836137796153
-10,533122320589571 -20,851315453141098
-17,274314767174054 -20,78130836270251
-15,110206839166981 -16,714104037188395
-9,554216025773306 -20,859527923925576
-11,972292256714521 -17,81301241597412
-10,474666508186095 -21,369875563737462
-16,15193097709424 -15,510208784324464
-17,25611600948759 -16,661341551031153
-13,725315627560928 -20,189759596553003
-13,806228657805576 -22,936214298815237
-10,768989761127592 -18,36509362561379
-14,228641136804269 -21,92688261359653
-14,066870957186804 -19,022853582896047
-10,256946963997748 -20,635545671627547
-16,99497316568003 -15,219993123475977
-15,808058066732624 -24,132272168700997
-14,08838037467221 -16,923709266876475
-11,749966559579397 -21,875532761958794
-9,525840845326613 -15,219803486046901
-10,187861264261466 -22,778899578866326
-9,394904553912315 -17,363742315953978
-10,517053431822895 -20,9180283865973
-16,9870863753944 -23,60970723424778
-17,19588024341432 -23,014732991560226
-15,6440517242882 -18,489645986137152
-13,790262833602707 -22,199828075776026
-17,749120946984597 -16,4178489052256
-15,366649790784326 -18,144926035411725
-13,054088829121689 -16,309380539451592
-10,354872304565509 -20,538298545209628
-17,655274622190387 -16,53543377677765
-9,891771720201845 -18,43064981413501
-13,030326338673511 -18,33443390782744
-9,142876489754892 -22,224445931309667
-12,954907314806952 -17,98633352250587
-15,80663295401327 -18,924812819345767
-16,260723420647544 -19,480844743918
-16,588326505418863 -20,633598581372993
-13,459821896767203 -20,694038560714123
-11,565706165530646 -15,887474136364782
-16,399764376311552 -18,532372949698985
-9,682723205403915 -19,07689612372828
-14,396862980968407 -16,277552325491005
-17,181923979999993 -22,279435218214612
-14,241569670547271 -18,855564543173102
-13,395567295359719 -22,304796396326132
-11,85377597677179 -16,064085914749118
-11,48464062780743 -19,071217086275134
-10,545111147320577 -20,258282251888996
-15,303618864884843 -22,857795940339724
-15,470777671928206 -19,266150928016913
-16,98051272600281 -18,28635970916701
-13,98077511608588 -16,4040201548474
-10,467203271091824 -15,900182580753581
-16,515755980525633 -22,84366708049499
-13,323388910973918 -20,61506535832968
-17,48907100948241 -17,603473083545193
-10,243940619089525 -23,801283680926787
-14,535446676038044 -16,80414202426927
-11,566263405655139 -20,940900655760068
-16,35803988995896 -20,260188329354758
-8,918530217132078 -15,74965373032688
-17,82869742160646 -16,98352580037308
-11,218215927955157 -16,580922810721862
-16,81805589387112 -22,372941348431805
-9,710790656853057 -22,382258816973092
-15,120650449763335 -15,774071661333474
-12,33247173664747 -18,81753219263704
-10,224011309826244 -18,26116374030868
-14,328199506864001 -22,919951450029792
-13,887137444463267 -16,855219677267158
-16,980554107586016 -18,818230657624916
-13,652973671489974 -22,299020769269145
-12,670657647361931 -15,769004116063781
-11,500817042974823 -21,71388824230126
-10,378991737093036 -20,325597863302015
-17,03669253480958 -22,28319232508158
-11,137534844601305 -22,410320261715356
-11,835211231174018 -23,55833975508409
-9,269776088704893 -20,317510970560576
-10,276550930813713 -19,08827647986351
-14,274913120937496 -21,761344456439407
-14,73674825404094 -18,391045930070206
-16,22424096436192 -15,580311199509628
-17,574387331908596 -20,08116939725699
-9,389768118253865 -22,91945819590051
-17,80939924889861 -23,438197681417307
-12,962239972836027 -23,61419067485064
-10,968851027485071 -18,791286372387194
-11,46467732469425 -20,649854404457816
-13,299354501535577 -24,05647284909879
-17,840020667498255 -21,405850155136022
-17,459675464972875 -18,229234395856235
-12,748746501907394 -20,997859883632955
-14,973394574368303 -17,94610253088389
-11,756381436962005 -17,168012923269504
-9,148703772838315 -17,281569085390245
-10,201320091081962 -16,902791821057942
-13,697059276343246 -15,43171599951061
-13,5202008276259 -23,958267022567796
-9,401700043448844 -23,81999868026776
-17,017696902814052 -18,654611519003325
-15,47077913754153 -15,67839096744147
-17,839828324334487 -16,53328310016114
-11,128573404958896 -18,48706866757146
-9,983138746741195 -18,122398152924823
-15,800431924484922 -21,697012694164698
-13,314989889682625 -19,29371979563964
-15,970252300092802 -16,54885775056453
-9,943784127150838 -23,854733550257716
-10,700509779314372 -17,786304045747176
-9,55900944582542 -17,55049336203987
-13,831934711333009 -22,45552991529484
-12,321673520338688 -22,3732329911908
-17,674008110508105 -24,17963501836855
-15,535175806371946 -24,158553635112902
-15,472169834600251 -23,30512623003004
-13,860468802469693 -15,850162541661621
-12,209524933284388 -20,85643230452403
-13,588792107704712 -22,580472558099345
-11,153747540265504 -20,14500896230328
-14,535445248972035 -16,301248041123294
-13,713099542938537 -21,637271821170998
-17,107873582919517 -24,123532685285078
-12,158457358731345 -18,934969787537106
-11,538864010288128 -23,10527465278634
-14,366056763202657 -22,819720857085297
-14,303753876969608 -22,46754760511694
-14,436133112468092 -16,871115604986
-17,411430317748327 -15,364824025477686
-16,35536766177872 -22,62294516165163
-11,815499895032893 -19,841224540133588
-12,411637129803982 -16,53729485546194
-15,75368191562811 -19,28685480863888
-16,382931728855525 -22,849751797069374
-11,691413016502278 -23,120234895328057
-17,432280564576654 -16,584698567238704
-10,103968422568535 -21,744487104111183
-14,817884142495192 -18,87124226788998
-14,121086808790142 -17,38577938901352
-12,296747535376118 -18,96290563265754
-12,062679565188514 -23,376182276305066
-15,85669493259752 -18,701638691855553
-11,09554979084022 -16,223140249299046
-13,26960484792237 -16,87903151375232
-14,971494720308474 -16,69964760429432
-14,872946283924833 -17,081917937143373
-11,141665334148657 -20,516072010221666
-17,753143869800066 -16,68116327266859
-13,924590711843084 -22,371379931877385
-17,368245002272413 -22,774411107548968
-14,939747760573715 -20,678822410967534
-16,12544074951343 -16,059174606513633
-10,001636268881715 -19,561756365595343
-16,254271863954674 -19,575800933273143
-12,147810858439879 -22,341511462131777
-12,781611118149375 -22,150927019775967
-10,234381056444457 -16,58445823956636
-16,996720118404163 -21,58456211880607
-14,403083455430025 -20,886158753680537
-13,302554467415362 -16,885942570829165
-13,048361672325768 -17,6882887624596
-10,309442278393865 -22,496992232609877
-9,42422854418356 -23,47979739238987
-11,613713827866059 -17,486547446320664
-12,068906966685866 -18,612097968966854
-10,06666355373641 -23,832243296495168
-10,859639089293166 -23,88789000215056
-14,083553216981674 -19,978106401756747
-10,499904230554368 -22,50756912086791
-13,307136606966498 -17,76586743020468
-15,771308757832834 -15,841629261733388
-15,049309098739123 -23,208944212698995
-17,499204808928972 -19,374186853113706
-16,92515298311641 -16,297151756284357
-10,790761434736 -21,559506843637884
-14,86787966778168 -22,707958834855745
-13,27596752779517 -22,409540811545764
-10,630590865461855 -17,132527262808352
-12,93086675821492 -16,402392956240988
-12,997045673669406 -19,847260452713638
-11,83883740210218 -23,429463923077968
-15,319854218734413 -20,08211026449799
-14,409643443271207 -17,76642482605131
-13,711270174276805 -20,10738495252941
-11,085325440932621 -18,522343824063213
-10,452791659769824 -20,120557842232834
-15,878524150483027 -21,169806528755828
-10,952817620300985 -16,49698677373435
-16,98900259017577 -21,814792959292518
-17,539809497589147 -15,416238025520874
-14,465296638014454 -18,94560535307497
-14,21648028886825 -18,564774119373112
-12,676906010654637 -17,01755876502624
-17,758032377736573 -17,880581337119573
-17,181402984271315 -17,028400449965915
-11,73202615493522 -15,349023385560344
-16,045656924176026 -17,54777765884348
-10,50566965245627 -20,80826070216698
-12,344107146937292 -15,751870346810831
-16,925073349097616 -23,80598471988989
-11,902561488769075 -15,563590891584475
-10,302919181193058 -19,86795100967094
-9,550201491351341 -18,313159289675863
-9,442711873221477 -21,95858699541747
-10,473558020582507 -17,397121417776397
-12,982169078206926 -20,968235175318565
-13,6957271695115 -19,968413198601436
-10,592586408949131 -21,088780643143707
-13,27455304972736 -17,277641513611655
-15,6821501914152 -23,076976840814982
-12,315756211313925 -19,037251870857933
-9,942930709965422 -18,638064133390234
-8,912274762570298 -23,114656957388362
-9,834783113887928 -21,693946898865796
-17,803249197983106 -17,38423311019507
-12,598780554310883 -21,313950510745343
-15,94014870891975 -18,32015379321852
-10,192401314995967 -17,846417612460993
-12,744577088313084 -20,21801987153934
-14,058745775253009 -24,026270837655552
-11,691985058839082 -22,811498988113122
-15,706702381757506 -20,71329889562328
-13,631648662656225 -17,50526846023032
-11,423714263363813 -17,549285614060736
-12,091792950563512 -15,785892438507503
-15,270823460751517 -15,871510119732315
-10,130062248462615 -15,341012120522343
-11,928332397540085 -18,976166050989136
-10,324207159299752 -22,665279595716868
-13,471000248985892 -17,513404729359312
-12,7087649479022 -18,855926617724656
-13,313537047204587 -22,831793586901707
-17,695922355441898 -21,923378896045868
-9,906291735421068 -22,814272234727838
-12,125147563427738 -22,666292738283587
-11,881266824145785 -15,670387122051876
-11,511358512005875 -16,370200483397007
-17,716122099803457 -20,289427414002684
-17,794114655093374 -23,896765460049227
-13,846148600768942 -23,66270916622458
-10,127018855342456 -18,66448371273996
-9,891570251101323 -21,36094843407551
-12,785000303065914 -20,709029531114016
-11,050361243092755 -23,220081811423277
-11,341138566715863 -16,691966287424723
-10,312150301251773 -22,838991246635615
-10,901350956424453 -17,41950825537411
-14,72305432924056 -20,779310681322563
-14,522573572673343 -21,938977444136
-13,115641376644474 -22,112114843430838
-12,82627957892252 -22,2622180124933
-9,798640136854893 -19,045414500737074
-9,975545856226736 -22,909329036343117
-17,827063553399945 -17,30598825236978
-12,425137348486997 -20,556138468627218
-10,391307427544774 -18,232473934891054
-12,587244056470302 -22,837153447937645
-10,271530232141192 -15,372209627020357
-13,976454736734242 -19,148224630024608
-14,937478082872339 -19,88861612005275
-13,951144936983091 -16,102429208256968
-12,409244928687999 -15,624785797934852
-14,103522063971239 -16,10636758626951
-14,605452578647451 -21,126501481261936
-11,608931401629702 -21,827603831109567
-10,78752539896682 -21,864793653899355
-16,029956870537625 -19,196893487180628
-15,517488424647128 -22,072220206331934
-10,681483421239273 -15,397511521186363
-14,287926597291237 -20,91278912242766
-17,111040377712605 -15,917749478400523
-14,603795156569182 -20,299837610937622
-16,85780934302869 -21,208993815089585
-12,6751935782295 -21,561399855655633
-15,52082753556604 -21,05961043439988
-15,508941780310025 -17,528533860198152
-12,385241303054366 -23,021910788720668
-17,065701965629685 -18,146738387212142
-12,375327914927011 -20,675148521439095
-10,016135290609158 -22,73697857160404
-11,769807437885682 -17,72191427874385
-14,552571174917638 -17,734203334131074
-10,733336235208865 -20,690724223001023
-17,244647704818078 -19,164164366321973
-13,428165555392582 -16,474545016312426
-15,059631895182292 -18,52809028460154
-11,793486185729053 -17,524134281459006
-17,472511409400248 -19,18556099955107
-12,980662792849657 -16,394881054760397
-12,4142206871543 -23,799671375254043
-12,809083161034545 -22,096684415880706
-9,559160892005684 -15,323049234309307
-16,68928834801687 -22,713714793331143
-13,671711812508185 -21,44662328546283
-17,561486677329356 -20,90100871872415
-11,107767295944242 -18,437109706826924
-13,08293922620543 -20,899691803320735
-17,330553561873366 -22,574739372458847
-10,103647492360325 -19,47414497633272
-15,345243186998381 -20,986247103501803
-12,421961024601496 -20,965961461915462
-15,635478572656531 -17,126297414655763
-13,084896897433424 -19,35597019831836
-10,33067518027288 -21,341667212432345
-12,85974580437517 -22,270408878509166
-14,548098326483245 -20,8311557625622
-15,586689820919513 -16,370528900585224
-13,473719791309193 -17,4707581497357
-14,967222573161758 -19,234900030568994
-15,644560066993115 -16,103337872828956
-11,075412149634687 -22,80185535255209
-17,439327099002583 -23,606516336780135
-10,525857898790226 -23,657321407935683
-17,267737038479446 -21,44224647818875
-13,800061381170966 -22,518596163973896
-11,706884382037504 -24,14261736594422
-11,575537739000959 -16,757556883595825
-12,405471055236607 -22,17108475290464
-12,510886384486009 -19,29454415556264
-10,518113050840649 -20,7380606777339
-11,850061860893119 -19,99903619568896
-16,128547671451788 -23,913124579166144
-17,10575237876533 -22,522471660807543
-9,85028494014055 -20,149141616149038
-9,328060593592642 -16,218402534061397
-13,422171844481927 -21,713920507268796
-16,20865192327456 -20,317188912988506
-10,67535511616195 -20,387268610311555
-13,519136537955372 -22,242729427606676
-15,820380809842263 -24,01456644000254
-15,603345013741013 -20,87943817671142
-10,446176784860976 -18,871026392166982
-9,473963051720773 -21,455591496390923
-13,157021832442378 -21,52899402972794
-12,226661040781538 -19,766583023620136
-13,381727498289546 -22,42068686506595
-11,197376571923929 -17,775944497102543
-15,608918494760152 -22,747525121044227
-12,69684977236469 -20,693017134157692
-9,220988049121695 -16,03510352920012
-10,977838999709668 -20,26915978204013
-10,206715095549033 -22,422320794536724
-15,675300301544231 -16,15088876609029
-10,712467327952778 -22,49373143496267
-9,689938543612094 -16,404525096644296
-13,59492065910196 -20,505236918952175
-10,200610153765581 -15,747434769612175
-13,056655343471935 -20,51837968541986
-11,785161672883868 -22,583483943228487
-9,181667566344895 -15,613329920840247
-12,83107925157051 -19,879831872614883
-10,26673385175874 -22,000472660984652
-16,296871364503982 -18,154892936152308
-17,340122725017622 -23,908970459764213
-17,41276054074934 -17,177048712415594
-17,13980794266517 -16,689552117153312
-9,255558568482455 -23,84376039565167
-9,940412778873203 -22,034046774354408
-17,245732427699195 -16,609296952489967
-16,688569657150737 -20,24447174923622
-14,185044512923119 -19,50402396954823
-12,011892847843185 -18,4467284701715
-12,108631083667941 -20,181495051824207
-10,241616963056837 -16,94171976903726
-16,744400979239842 -23,249765019908594
-15,323059438085142 -17,663336816748455
-10,181641575344187 -17,647776857545175
-14,854636431822135 -22,01130591104108
-15,917560287958796 -18,045027672705704
-14,841535133180098 -20,915273901166746
-13,439369139345946 -20,14215570784222
-13,79813405848056 -17,58652033645633
-10,664035084964658 -15,814182119711568
-15,897047478442385 -15,980172702221639
-17,823136981936173 -18,924420771408865
-9,917761758531382 -21,66107670567072
-16,14238091313344 -21,083223473178762
-17,261758857805024 -20,2632181495554
-16,301928872165426 -16,311784696252104
-13,019259084276523 -15,644401031385431
-12,064381363285586 -19,1648472092823
-9,391038296242012 -16,58753065128878
-11,553398905500364 -20,534511080382043
-10,775601585773831 -23,934568654422694
-17,03466973500716 -19,51158987912184
-10,21223249568169 -21,653008565257544
-8,95235745378785 -21,423528210909204
-12,892876768277556 -22,50957165679185
-16,893939950461796 -15,279208196056459
-9,888214863575282 -21,776731142682713
-16,594315122131754 -17,459076570488055
-8,937082967191655 -20,013329650688252
-15,816514851706918 -22,573334825498037
-17,014240448483044 -20,936267782825826
-17,668765509678156 -15,203099542629902
-16,694050598379913 -21,07137597644067
-13,600081897708392 -18,26187965163047
-12,26268625027264 -22,142514580644548
-9,185904051894282 -23,032142730500322
-14,475729755136898 -21,54729251767769
-12,89277239735473 -22,428907261368273
-14,094778217086859 -23,133889694355876
-13,61241903556536 -23,587141634437565
-15,754090778748942 -19,201448584683426
-13,9887541814585 -21,34237967558701
-10,994606205446129 -22,784579182811463
-14,21310198376389 -22,63009285653834
-13,370968746309522 -21,990063864744645
-12,179422513098848 -23,117893422564965
-11,531395789695559 -24,024666784890783
-16,98291789729749 -16,90316691036951
-9,637100187595763 -23,926036380699735
-13,317218545938175 -19,948240600474072
-13,233373877018355 -22,031669861817548
-12,615427002440974 -22,297323070510764
-16,02347255963408 -21,878833143616376
-15,81245406396932 -22,556472485725934
-17,677419354195337 -19,556909506778958
-9,38479314237668 -21,11296428090099
-11,896450294473485 -19,781238178005037
-16,49860359687102 -22,15841676686394
-12,778017916204671 -23,57474682557343
-17,39990838281898 -16,807130588760206
-11,163854756475928 -22,853626574229814
-10,009654335563129 -23,777433662882586
-12,020553551016498 -17,115301610309555
-9,337763600949872 -19,758447767056147
-10,60916288386994 -16,181322455474067
-11,34960976921429 -18,48189915524974
-15,837980373358898 -24,181422928737682
-10,758529527260398 -20,180807576203026
-11,60494472680939 -16,676387454768943
-15,099515543167652 -21,056142931946056
-13,240792483592084 -17,540170820607884
-17,51772395680385 -20,181781159118785
-17,665793721287617 -23,768556378289652
-13,739142092081341 -15,830667875957232
-9,15724005483479 -18,299233316257546
-16,859873924838688 -22,26493559338844
-15,852675159738258 -21,055296300595288
-16,08851631154419 -17,541005740533993
-17,7984474111693 -16,17423238454142
-14,378097416801296 -20,61190123898064
-16,57728364743954 -18,443657029834462
-15,758906965391105 -18,105875141177005
-15,288353726926557 -19,95479568732458
-9,141239573898426 -16,245988277928053
-9,79756977578107 -23,029092960627917
-14,085392933379483 -18,892886308679266
-13,16940445849655 -21,998303458305617
-14,330141564675959 -15,755517861113667
-12,192315530667972 -21,27204562284405
-12,667350400557059 -16,11517769095712
-16,44347102241073 -23,337407605373777
-17,782441254305212 -16,341921947858403
-13,40574937534377 -17,761428230462517
-10,74322957175281 -21,833289505245205
-14,782352134827132 -21,648016043587806
-15,874592927460132 -15,467666168879038
-14,696061264154423 -22,48202143964967
-13,390471320869406 -15,842659797086002
-14,068490039358476 -23,469301383793145
-9,009928215768873 -19,82726974050081
-12,077866389671213 -23,95771471170964
-10,894432005644045 -18,076186715122425
-9,479092900051363 -17,88455415380083
-16,76848236963019 -19,82078301718105
-15,061559592186303 -17,921760290662988
-9,606826440876443 -22,78939556694953
-14,013461767720104 -23,168926333181346
-11,711415550630775 -16,832538631650575
-16,0940877786998 -21,475464587054933
-16,69820171618982 -17,18554994151994
-14,714029986334708 -17,324442815517077
-12,202906495090636 -18,64866629787687
-10,93856612136706 -21,28771394499521
-11,786253000684084 -15,71588702212888
-17,50774719691237 -21,308227577557133
-12,828251209515052 -19,250175545889
-15,84751497089147 -19,02107392253975
-13,94307058290861 -16,439815034041157
-13,01239166823304 -15,486280387542202
-17,21685211082423 -21,044761757194514
-12,770063442395076 -18,449862703909403
-13,75795321611518 -17,619321851380096
-15,135996171142141 -19,72556986217024
-14,623844948041835 -17,28024498630877
-14,481387569059493 -19,70397827851995
-16,349329052174888 -22,59593008197293
-11,198093199893982 -24,137379785730005
-14,430983594762846 -22,594733177836204
-15,006564543539177 -23,801163762374124
-14,293458692682155 -24,156919398794628
-15,209059201584353 -20,000411530184593
-17,386148875896737 -22,836525476780977
-15,989074710906351 -20,641471843199213
-15,828089179589643 -21,799634210951005
-17,726822103710894 -18,441923071004965
-15,587939892492358 -19,885608748300278
-12,316980364040148 -16,12104735828939
-13,713568154975786 -24,18139904736669
-9,491224180207183 -20,70142046258119
-17,35038238838847 -23,076350608548413
-10,419109866648853 -17,432918856894414
-11,271341494695069 -15,308225801396151
-10,77453107667714 -18,65587691311599
-9,154988149700943 -21,2541922549989
-16,28308487626821 -16,813356876287422
-10,896784633540298 -20,699119220603407
-13,944593804072927 -23,910497006598185
-9,13624361245021 -17,728222956523066
-13,341670822005746 -22,538616482252035
-12,554587147572274 -23,444391484644246
-14,758935093871855 -23,555059427256772
-11,601841102288871 -17,958559903368318
-11,850006594125915 -19,06464370066567
-17,123334942439314 -17,426705197799357
-16,437107126502724 -23,67161944493634
-11,932396983165075 -21,457723828577013
-11,912240528127596 -22,21743971472936
-15,433328206189124 -21,17418283538592
-12,557041421856603 -16,330963143771985
-9,355382892484725 -23,84154651392805
-16,756200811217678 -19,370786538821754
-13,192622656206613 -17,66948968500339
-12,436964763086973 -20,830704792659954
-17,460365440573465 -23,233396881103495
-11,047074038154733 -19,808620939762857
-14,292217080055563 -18,12954775153517
-11,277820831977774 -20,234744374967867
-12,966865287766307 -19,83455517508998
-17,253057951547746 -21,221872447811755
-14,277360817797405 -16,74290011894084
-14,474619828431724 -21,820015893354118
-16,94336229962709 -20,969082490680236
-12,47917884642671 -21,280460272954738
-9,63447334588372 -15,683474222702348
-16,585612155403613 -18,763363827681935
-9,419501937155752 -20,187851280406143
-15,08846126637302 -16,735796102177904
-13,655730796690536 -21,71352769048672
-17,525036936530043 -16,83105245397286
-15,727882457093017 -22,450397581594935
-17,405440878237172 -19,375053925890796
-16,005324854841728 -23,137017490072612
-9,334094902869397 -24,012622147929783
-17,667344868110597 -20,00155838916038
-14,812491813363653 -17,897409636900544
-12,684943542448307 -24,16621832720938
-12,897643690060805 -20,55997200775876
-17,26665884997486 -18,298325433684624
-10,79924288207387 -23,297397223120072
-16,627058840891305 -17,539934195886122
-14,447043178764787 -23,2588970873621
-17,787218041719967 -22,138279937796767
-15,214546412420177 -20,932454611628284
-17,0061390391738 -19,044296002937465
-16,984787563991443 -18,647225384342203
-16,626602403113946 -17,683182981021574
-9,77069483034332 -19,063647926001522
-10,56814362055006 -20,448936192759106
-13,75849657384535 -18,808874668451907
-15,713972210761167 -21,249800267180774
-13,61978996724148 -21,567870839432167
-9,995140682115135 -23,906316754099002
-9,066219810517877 -20,27199617118297
-11,86497190826881 -19,301315155204776
-9,95126074749825 -21,787272885484324
-12,734146669991832 -18,905511456153093
-9,52562850584967 -22,575251370711637
-13,724154903923603 -22,676234048299793
-16,17148745620712 -17,635610218781377
-12,591924165373591 -22,600747615507544
-13,434369360002652 -22,135920529965915
-12,452814800167438 -20,314119401433928
-14,663656586131633 -16,68968578544471
-11,819943812840481 -15,235522432809422
-17,79934242286728 -15,332069429252758
-11,55482817671794 -20,834876061731027
-12,408475900291766 -18,117543667381355
-8,962136505495996 -16,303315052766767
-17,173281716895087 -16,20072849963439
-11,884432361167452 -17,98127170711245
-14,83677364004496 -19,953280009922807
-15,259843330358235 -22,923968262154336
-13,64534869850391 -15,475369528378106
-9,101986343184699 -20,34987969604989
-15,125114683023003 -20,106189901070415
-10,647189811734336 -22,97463673000658
-15,080377492012957 -23,224668782365658
-9,469317457429726 -17,09835156629239
-13,288505868628155 -22,810235680272633
-15,590502696708615 -17,307633881376745
-16,911388867818594 -19,7772434843651
-12,918597997717736 -21,635242088229262
-15,092273381465983 -22,55292822148659
-9,034316156757027 -23,241830388143438
-13,427634229932494 -15,255798017554199
-11,669051212673017 -22,186779866327704
-15,415794675622646 -15,23487682651023
-14,706610650370177 -20,83441815988312
-12,22119899694262 -15,431012055593916
-15,151496948769644 -17,524399015265416
-14,443746799697111 -23,352762264513135
-14,621044002671407 -22,510962407275954
-15,653053878515284 -20,944844300244505
-15,206194217301817 -19,1007752215122
-16,935774216217478 -15,984617290930954
-11,436877651699247 -23,013043840557128
-15,85994955172152 -20,1948869576282
-10,744147926973469 -23,785957910734407
-12,703353132402974 -20,716101704057895
-17,437107493720138 -20,877906870171607
-17,14974881825679 -16,58557075714483
-10,643163422490618 -16,48836182198834
-9,243477663501151 -19,451789448501145
-13,39062355093892 -23,551180252846542
-15,312446133625938 -18,105525508480266
-14,179594192763439 -20,031706953430078
-15,534964393891427 -20,56609141385931
-14,061378495338232 -18,1662096891235
-11,900879198383542 -19,190349292232096
-16,652584521329402 -19,379020019785827
-11,979023541397451 -19,51787250436886
-14,03100725899722 -18,325202536490735
-13,768808101403174 -24,039400081994774
-9,871551987430903 -18,074678854128255
-13,01026799458792 -23,273291122057067
-11,616138777515868 -21,65364084983595
-13,411736154790033 -18,010629640569682
-12,859018187515412 -18,426964319611994
-9,349122332757778 -16,362185899406022
-9,484067607926008 -21,651205261661843
-14,226910893580445 -19,652637595748224
-14,952129718731687 -21,240112065539865
-13,842046500580915 -23,426468263048484
-17,39996835506199 -21,918667021008538
-17,796375099512623 -17,078359594049896
-13,77541684256984 -20,55047640569566
-12,651216837737834 -20,105787248976256
-12,51305385751021 -20,89157617403178
-8,914690185581486 -23,914723701093504
-17,134173831999863 -23,61285820448419
-9,775390327144612 -23,791947108266882
-14,35291603717168 -16,08866796400171
-11,770247025456035 -21,745711100973285
-13,229080276393656 -20,864003964245885
-16,17345810820035 -23,828599817211725
-15,358306256128257 -20,083458695832753
-14,794245455425088 -19,678883312613582
-14,999650637053282 -22,246991821404848
-12,400250249812935 -16,24890399907037
-14,439231295866973 -17,68522444433853
-17,7819864839138 -17,07334205434809
-14,748276362197917 -23,752845121533042
-14,603354728523009 -15,962790211196506
-11,3112763028045 -21,38845508778129
-9,922267770723533 -21,115256205029063
-13,7146260929137 -22,509990396574462
-10,793137935722612 -20,16332307983273
-14,759735419503087 -18,941785108321294
-11,029812223436359 -21,01869603936948
-12,100889666789913 -17,990339341984836
-17,111187683338994 -19,76332925658408
-13,988602549392676 -20,741866634894567
-14,303256688610885 -22,2788337033819
-9,195634300833214 -16,816465924755256
-17,781229475230973 -17,62105560471223
-17,46198803671598 -15,737390746934189
-16,983657306341662 -15,426019582432112
-10,132713433095573 -22,943786277350554
-11,761982745869926 -17,167648927060437
-15,98002244817867 -22,391383745921296
-14,253828936864135 -22,313684390431774
-16,087667886943766 -15,78704956312487
-12,512156093286585 -22,90801618855103
-15,997498998526673 -21,483383936394127
-16,446805500401958 -15,67302940978675
-9,515825694458714 -16,72300443426051
-15,59616434270093 -17,544620870128465
-16,248461982504832 -15,411919482122679
-15,475596042652143 -16,952405000881562
-16,786491764022152 -20,365196967212682
-12,992592523686163 -20,31041205298921
-13,355363914836207 -20,436008376413554
-12,886841640821979 -22,502199634449802
-9,609851510706033 -23,982095307080314
-11,700061334014478 -18,48999345596226
-11,301031329772918 -21,149122227362042
-10,925708470963546 -22,971942571373063
-15,14616766138073 -22,65321315536542
-15,893394000948817 -21,391853555021026
-17,41659983713738 -17,343537729212397
-14,883447010335104 -19,341799685894618
-15,130525948530067 -18,577368375619017
-11,975457313106567 -17,52760085761246
-12,557183478771297 -19,365287980609015
-10,197719276545271 -21,416053545062333
-9,175938258453897 -17,827675285038872
-17,281216356125135 -21,85283524808866
-11,72006381583041 -18,161052585666226
-14,479453864775785 -21,047821512863383
-15,882771258665162 -18,258576127987126
-14,454054850965592 -20,175623525457205
-13,185828546400252 -23,777983823515477
-16,684060948663706 -23,83217018663908
-9,394820450505634 -23,875704417768013
-12,97130033686863 -23,168528881924153
-11,37855826544913 -19,052897508853217
-12,252096151087681 -20,02187221064684
-15,510802389505772 -18,039558837029475
-13,76019242952223 -19,170331370913544
-10,547955450006235 -15,511939214777167
-11,051513596671983 -23,831858829595323
-17,715743921172223 -18,49878704202358
-16,894746414093227 -23,40593093682042
-12,293853533587631 -20,64978430203873
-14,426206988986557 -18,085767523842023
-10,777449772213176 -22,33900108730239
-12,389737836360268 -21,532804089599104
-11,211471905650326 -23,616578630914297
-15,137456041623519 -21,3020879098855
-16,290924334869967 -18,98115041373216
-16,926982117142465 -23,692329845051063
-15,418117172434506 -20,595752237790602
-10,908472875947268 -19,203807435998108
-11,168566612707888 -19,44701071784805
-9,774929953112085 -18,8890022656361
-11,65376126023096 -24,026591306844153
-9,269769758704058 -18,24701944441666
-12,771026443190088 -21,341740959739848
-9,515891016670649 -19,81877232608796
-17,320690357957844 -16,783103213125802
-9,081530707322067 -15,79411815055143
-13,253115239508617 -19,408569043823107
-10,414809214223817 -20,13183534007951
-16,514440396931167 -15,671087369329305
-9,170634765809437 -23,19794246045955
-16,281272503670188 -20,34825074297318
-9,104931114308929 -19,84002454584517
-12,938818036382006 -23,925561808369594
-9,871277257607254 -18,00632935613914
-15,262831740191581 -18,87571408287035
-9,358242361516972 -19,737125315987008
-9,834394887112115 -19,91188804564191
-14,20022692184325 -16,292317439860888
-11,414890280114154 -23,839099706116155
-17,14815213249815 -15,414042424222973
-9,620354251936647 -19,664645744792548
-17,41666300513795 -23,917531379297102
-9,740486233814565 -18,87124064427466
-13,901834994255452 -23,236289797775033
-11,868185521510565 -15,501012097189763
-13,543594068834093 -23,66433046776777
-11,977873212554627 -22,750976394071326
-11,332288146807594 -22,00835310738851
-9,427797841529125 -16,232032397907396
-16,142047262943095 -22,796057533801857
-9,20499728881258 -17,54746866585456
-11,017064990179948 -17,363314383519736
-16,926326515911242 -19,461390234285474
-14,696791241368476 -23,46236327348207
-17,44660911970111 -20,13390946962072
-17,816236249620488 -23,061618234832633
-16,062178392225647 -24,11664295986747
-15,17895513783973 -21,010120325254057
-9,560119135625074 -18,168532956527457
-9,700204736894234 -21,595303210756988
-9,972934147660705 -18,463561081581673
-8,972391566124925 -23,310215030697634
-10,886069532695165 -18,727918707946014
-11,081059435940844 -22,076470717019653
-14,234014189918295 -15,778774397618347
-13,83375891337468 -19,893811856870624
-11,262490837533438 -22,928924639948736
-13,631028481839486 -20,05556202417428
-8,931693973318508 -22,806828630179385
-14,125738650317889 -18,931929663058412
-14,88608041811143 -18,639642272301508
-16,214555942757293 -22,43466778000705
-12,780334785710401 -21,435970051323253
-15,686854916238337 -16,104728875593455
-15,325990330703817 -16,36973171360413
-9,832381289954368 -22,41589800558242
-10,861079589014796 -19,19285451067825
-17,404364788611442 -17,762665716314256
-12,031236979075077 -15,257726999121425
-12,118032093074627 -22,540624974217945
-10,016780363611998 -21,834469765842876
-11,964647066493157 -21,729037953906108
-15,48656173616288 -15,89036239608124
-16,38639443103998 -16,04690646115678
-9,460027696373523 -19,5287120533474
-15,812088739750235 -22,266621303511286
-13,49506953115154 -21,78626871288541
-12,039851128430156 -19,09954966834903
-16,274831304454928 -17,62517593859095
-15,44876888723828 -16,632837279036703
-11,136971511066108 -16,14870551301287
-13,318823543094343 -16,983731873723247
-10,363555559698602 -22,674355541632227
-15,997949403510896 -19,32225617316725
-16,481403062983617 -17,86060285350472
-14,498902356462278 -18,115150717162503
-16,426271654563866 -16,294503839549815
-17,511443764302406 -16,23053023170866
-9,011652957993759 -15,477480194258135
-10,03929775706218 -23,96420033573023
-14,090230890745204 -18,85287523936061
-11,115456052707717 -19,694620427483883
-9,792715505871547 -20,864199688586947
-9,98949723709997 -22,387014545329137
-12,022281966780291 -22,43427772740122
-12,686109264628483 -21,955565492065915
-11,30436081528667 -17,868209179534503
-12,679234217327812 -16,651669460193936
-14,54500252208799 -20,32749543796079
-9,48105787893787 -20,684441184354508
-10,60068667144034 -16,660955451919023
-10,931124896741162 -16,459876092975193
-14,307686218327301 -15,887671854987921
-14,554924308564573 -17,932473972396274
-14,648688718495734 -19,539117165283653
-17,638285207322 -21,519474157270043
-12,214048061423638 -20,60198283116644
-14,442443772628955 -19,765731410098667
-11,924975994672625 -18,19769545491562
-16,91453971874244 -21,28468254358426
-12,829710484017259 -20,036841258742772
-15,83595576994075 -23,348756355970018
-14,342706810469892 -16,602424551647935
-10,647694185325957 -21,141723366790814
-16,011334832778992 -20,71711809903014
-14,654844711519635 -18,249041563059617
-15,064058768296483 -23,39020483114761
-16,16926709377819 -16,502810933225078
-13,451164903645955 -17,46030546911887
-9,069710991734533 -15,82513983139681
-17,493628430901715 -17,055230497019743
-15,250134734040541 -16,692679273122952
-15,558353261292133 -19,184980905922636
-15,92523334683016 -15,907499525118139
-14,179952874503062 -20,78802095789191
-13,048272994059229 -18,255609472100055
-16,068719580292658 -20,460517186970584
-11,666210112431013 -15,966001045235938
-17,62111440080483 -18,870078896502847
-16,046738441750094 -17,98972758978819
-14,258563261049133 -19,426326788078036
-16,537167382583323 -19,388775741832738
-17,277577500869484 -16,087152506071906
-12,23367362805974 -22,3818040013868
-15,982567954239464 -20,53071552143754
-12,93479277836851 -16,05962425193033
-16,310639827441474 -22,806713662199847
-12,77277199158049 -22,31234172179061
-17,27905327046878 -18,812095377603423
-9,55780944556758 -17,10629132209791
-12,314613363924472 -18,39674465479253
-17,736385962124444 -17,47595802919134
-9,564423663207581 -23,49805485105527
-10,54442237842578 -22,239665668686715
-17,8201420095394 -18,70185516847772
-16,680811523567368 -23,96650316422786
-16,98129213532399 -23,31660064014678
-13,201566162691066 -17,699259943243664
-14,040270186304319 -22,480516469404904
-10,857891566798454 -22,142096530440156
-12,17463530213936 -21,061055765313473
-16,555827907274757 -24,156973297949406
-11,243726641954702 -16,147824100796534
-14,06588552790312 -21,886939993190833
-12,802070667320029 -23,841022616199535
-9,315813058115351 -19,20941845598414
-10,630509471691058 -18,153722509082733
-14,025285605704473 -17,708490343957834
-12,640105389792028 -15,376568840135374
-9,192917262685604 -18,716875303953195
-9,211161130099812 -17,721585160839346
-15,65361074371425 -21,486471319923098
-16,32435153557072 -15,213671555402364
-9,156322660583097 -16,791690513243516
-13,750012503716514 -21,734017265921505
-13,841374339613465 -18,692814996335976
-14,851275726359809 -17,99580546881786
-14,817146365075175 -22,863059869129764
-15,972904086637023 -15,797486279604568
-17,844550943880165 -18,69628712064406
-16,563946850544504 -21,891202202900793
-15,61446523091369 -19,535410976136035
-16,48042990988887 -24,10490432266615
-15,837845272393139 -15,344841989997873
-9,3660813345391 -16,26996834861183
-9,088837427633084 -15,991201488034216
-15,212198165887877 -19,16633247655772
-15,883010264333514 -21,49167684494496
-16,45056436623524 -23,315356831076727
-16,39979303302804 -20,578868971572433
-10,771869559587302 -22,993332728551355
-16,396525665353472 -16,912050939230138
-15,180185003887129 -23,936129622144982
-11,604632815832975 -16,298874132705865
-9,938695856790478 -18,40516513326855
-14,768111075579291 -17,183166814355385
-15,11376005390284 -18,920061453428122
-15,999615106223345 -17,27419172923975
-11,077514510575737 -17,373308524243658
-11,33800352983382 -23,113421357753314
-17,285660439774425 -19,599783011101213
-17,233515389103488 -19,335789228833935
-16,906579325032567 -19,03508446200023
-16,29868692896714 -15,704441242425203
-10,910148220316682 -16,533496710675006
-17,878512782126876 -21,123542817860724
-10,905417893087833 -24,068730739022417
-10,163449531134685 -16,986822162582275
-13,11665648968916 -17,59381873061645
-12,94970222235275 -16,466699140392016
-15,189591178037364 -16,621784600947393
-14,601215409569615 -15,529131366741717
-10,790672588491539 -15,939639481085631
-16,06381419653535 -16,06312257592302
-9,301921679925815 -22,467803859304144
-13,634825170178878 -20,4042070623733
-14,57879173564963 -21,119736837689043
-14,379726854126424 -19,45333164218374
-8,984856434399338 -16,555549449982397
-13,871204771679391 -18,977023638771207
-13,993907331075263 -15,706585830457096
-14,726510596685888 -16,269331741530987
-12,601315908378025 -23,29000100765952
-11,529155843589539 -21,240339500357702
-14,478464323897054 -21,85832790431559
-10,08667625836546 -21,355698342839787
-10,017360885288518 -17,920865168591178
-11,838381190821746 -19,85861616296686
-16,12094258094589 -20,33555632930399
-9,784999414928219 -18,99414338932743
-12,153544836814504 -15,402200580450963
-15,539638602591037 -18,610421564083765
-16,386983420030045 -18,15600602953458
-13,751473379966779 -23,19818576621451
-14,67566258909093 -23,93475671658011
-12,391852485442113 -19,50021810797958
-13,68036332116594 -19,721247122649977
-10,183736128248363 -15,899936514310477
-13,405337447883351 -23,502123009569843
-14,827721580036473 -23,785214857349114
-11,045944896741503 -19,160026852890596
-15,803473696808808 -17,12360319065697
-12,002351414962876 -23,273998459938383
-13,363818024928598 -17,26471036134651
-13,530310023963652 -20,487740627816226
-15,51412035168197 -22,894719167821737
-11,517232908137773 -22,91806478729304
-15,663636080563208 -15,598974648845152
-9,10834228706294 -19,866108006600804
-16,229902751650688 -19,32793123058682
-15,302070156815025 -15,40535814297507
-10,142000072688278 -22,91769426615093
-12,762812400413152 -22,94289462513172
-15,427940156316868 -17,635393729347033
-10,277656043205978 -15,972959255514871
-10,93343547724717 -23,807166326870032
-14,050531123753004 -19,617553940964196
-15,12030188772805 -16,77099735971353
-10,704543785950069 -22,948994442960938
-15,831847150064416 -22,785120071398026
-17,892283075234314 -22,01052349536738
-16,171695996130023 -23,668673318796316
-14,307365721149136 -20,69260062367622
-16,902367194613163 -18,147832791156063
-9,024911332096138 -15,216481873102847
-11,54877166308298 -23,12345930640595
-17,88845718929961 -22,41471060902775
-17,496502244504235 -15,329513225185822
-10,635365806056457 -21,93028222742299
-17,84708056093952 -23,1051890468396
-14,535730787664711 -23,136026615226655
-10,211860171068103 -20,675143378351695
-10,606030483495603 -23,757222722599625
-9,642134162831576 -19,713303056260507
-11,081114049625791 -23,85166720321165
-16,411438272272548 -18,713289310255966
-14,506651228852338 -21,331645450995236
-16,65941984922366 -21,046807388134816
-14,89646107319819 -18,320346370365726
-10,100770660397934 -17,802487664852606
-10,638321370973221 -18,67629651367734
-16,458009492659063 -20,786193031991832
-16,12194851639406 -20,286826706443357
-13,90821877408809 -18,20608324256554
-10,70592077449988 -15,839261105544898
-15,35670247740325 -16,92179675070414
-10,728741298901982 -22,38129195730103
-11,29363527859629 -21,264606976088704
-13,35141298472493 -23,862613871291323
-17,620694048676697 -18,382926128801344
-16,455688585620855 -18,785851978426273
-17,257833009637032 -18,443658477822055
-10,001082663580267 -15,842796411149491
-15,8958105392542 -20,999263700398274
-11,91496325290115 -16,281031670145723
-15,510462884506152 -22,80064241644868
-13,001930508258415 -23,182064723288075
-11,198860022987029 -22,18927351971924
-11,487638043043493 -18,992843953424572
-9,325448526673693 -23,968837484517636
-14,05164574890301 -19,399850868935307
-14,902582892163817 -23,835333898343983
-15,940577485043114 -22,968035381157392
-10,14211533162537 -16,26993143743495
-16,069229945621743 -17,597821998890353
-9,44725292862044 -16,66169541135027
-9,45151506403815 -18,913452139444885
-10,61816017802915 -15,742970480522471
-15,957138022119466 -22,38294758660271
-14,05576930236911 -20,16259135010866
-10,395870785824526 -15,458588336771747
-8,942276223041278 -22,67159665373724
-15,958035245036157 -24,18754866686007
-14,441631988035045 -18,481634899004302
-9,846908710278107 -19,543047788492704
-17,148994325232266 -23,61335845021342
-8,984621171058073 -24,16836632496763
-17,677366722313355 -22,689771234438048
-13,96144903763091 -20,60080116353986
-16,099585360324472 -19,403203140211758
-9,332453208769099 -16,233817471945194
-9,286731685443119 -23,966628622468846
-15,62411519235128 -19,915738741358325
-16,85385828210011 -19,466397681380293
-13,757920280642079 -18,40462836930847
-9,995085056685921 -20,168501451691206
-17,03750843936242 -21,516348291252882
-12,874110995928786 -21,834446056588707
-9,75206818460836 -18,5778982762276
-15,819412330049033 -16,64089236480047
-11,378649769467184 -21,690409064937143
-17,056761013830243 -17,889344882656996
-14,716904476208757 -20,24094392127948
-16,822888677415058 -16,49484160247857
-17,082145005186376 -18,51963581063962
-12,62430482630955 -15,275545985585842
-10,370737427185135 -19,005783002877358
-9,099140706274488 -17,427111367993408
-12,868417283294022 -17,6118410495736
-11,547762487766466 -21,150401657296044
-12,309288260305362 -15,74953059796913
-17,51603355203636 -23,329261211836435
-13,322315042736179 -18,351196683563643
-10,01208436505155 -21,525355336098574
-16,443549454345913 -22,2872315428164
-16,95628616688343 -19,92009092738703
-12,560241386207698 -22,265192429080074
-17,37750963145495 -21,86895069260615
-14,959228098519889 -18,870690549885893
-9,18796657834501 -23,284520609085735
-15,2638269874416 -23,204641353273363
-11,087782210301434 -15,455071836355419
-12,712900420703484 -16,42969864295523
-17,404128106863244 -19,670613415765615
-14,929735362010648 -15,504142198747038
-14,892420533376608 -16,790623254101874
-10,450692563432508 -23,78297106458674
-11,268552899458664 -18,44335142762338
-14,998348849202939 -17,607098144851076
-10,785892831570582 -18,95208364678857
-11,15824408910509 -19,710670332704318
-17,597120302519933 -21,851674047300854
-14,249742837783408 -19,984177399352316
-13,928164841584092 -21,63570487335032
-12,616140570613936 -22,736984604788212
-11,593206684515312 -17,831856720989947
-16,09799752830646 -19,340506727013636
-13,372817723314967 -15,97083061792048
-13,577207106506274 -15,667009706716895
-12,670075217873478 -17,521413904025657
-13,456445399726196 -17,181590273035145
-15,437381400415397 -23,741425378864882
-13,627906344234942 -18,00742540276779
-14,302336794236862 -21,097532678594618
-10,106046167589883 -18,46620361070007
-15,398764820409994 -17,353601717721833
-17,833067270871936 -17,611448936760212
-11,40425828650055 -22,030114853220617
-11,364855213960984 -17,307733810159284
-17,181613705988255 -20,071307010987315
-17,278958799015793 -16,749419552420306
-17,835144676319594 -21,262550573787323
-12,848851198009461 -21,144229219086355
-16,73188049959563 -18,325498614185808
-9,887492788977374 -17,53280554349253
-11,283030400871791 -18,862258891553786
-14,337922504238772 -24,121890127214407
-11,438397436917016 -15,30588011173118
-12,390968914696565 -15,782585997882515
-13,066772681755738 -20,479630479167135
-17,599745319921233 -16,9144908398448
-10,362343313555503 -16,0776029863421
-14,461545810332876 -23,683281783903084
-17,867603359191214 -21,00550176564334
-9,333383434442638 -18,579130784537767
-16,41400504876174 -15,927296518177823
-9,3430442206032 -23,38060967528845
-12,21241662280735 -16,960322565857908
-10,265855995871043 -15,935963795373404
-17,38617833183347 -15,694562127719434
-14,726001088286019 -21,772046070527857
-16,2698918567956 -21,247672268248564
-10,326618678978535 -20,255986351005188
-14,043021246397792 -22,066709666742362
-16,059362170857995 -17,503373683528725
-15,92283644198444 -17,652221123135014
-15,403378129335245 -19,489768907571396
-9,589501404799243 -22,8934581855598
-16,789391312431622 -21,306791207820574
-14,386949131457861 -22,060065498047468
-17,700149157773485 -22,63434324337831
-14,64203175526856 -23,84921675066036
-17,70513282757709 -22,564943029489868
-16,097674856891512 -18,921514292042435
-9,834886632351315 -22,710900641803654
-9,054309977227714 -22,225417759515704
-9,569820917453772 -22,19634229684723
-9,231752134605431 -23,737192338394433
-13,173475516323828 -17,87240483238248
-9,075105793144214 -18,03381426494031
-14,956271577114563 -19,76928078098565
-12,966840949842279 -21,3631316977751
-9,239213039632238 -23,693516744246523
-13,633557630303878 -23,245843104434826
-17,511469310351703 -21,36502597150165
-17,448672652752535 -16,751034930745757
-14,9682316248634 -20,182364667760638
-16,636307821522635 -17,119882224386053
-15,129519657549015 -20,91607795517903
-13,217934942216164 -20,400381317468025
-11,832517222203593 -16,33823757806486
-17,119119320398056 -18,599370071253958
-17,85016422853092 -15,90201651252816
-11,04904359295327 -17,61230605850447
-16,691010289831176 -22,52161663451829
-14,801230023134853 -23,041020271851853
-9,422924462387488 -20,66523113634487
-9,350746463886951 -15,542107222189543
-16,80251444109442 -22,438825678128804
-9,153934782698897 -16,429068474656745
-9,75073470621513 -22,454145099828516
-17,15514341419888 -20,231991701073554
-10,009732315167089 -22,079167059426858
-17,787181855637712 -19,703769655076794
-9,376805079016464 -19,534053462844017
-13,183397805512318 -20,640795250425157
-17,69561328727002 -19,00528096110744
-16,883051388397348 -18,237026829219822
-12,383750228882873 -18,27423458615427
-17,13934115392633 -22,407193801637973
-14,30410847636645 -22,033785728457907
-15,092712470370184 -21,16147716664783
-15,538981637869895 -17,37782051049863
-11,308587012820672 -21,99932969161788
-13,819392864723298 -21,766574272785128
-12,000071986624885 -20,01764857578017
-17,083909431163605 -18,778609035988012
-16,080247869341598 -20,756063053492696
-16,357749509446844 -17,7729444849688
-12,75181834201617 -23,61747257640215
-17,62454517261567 -16,04140613546124
-15,435976927884166 -16,194539995933926
-13,477315339212176 -20,424328597293396
-9,230875339348888 -23,67742537781632
-9,242099302475983 -17,638034077642367
-11,544782472928562 -17,00903376044327
-14,327000855684235 -16,139262628374862
-14,501393502830858 -18,33629760938262
-15,225116832259182 -16,482182941924673
-13,65620837072095 -19,590114576513052
-11,419093906401272 -20,42665250663093
-15,86015251192765 -19,479655013917526
-11,749694498985573 -17,570019443343416
-16,758291324061304 -22,035988477028447
-10,002266633673715 -16,223887663209585
-12,450754089419092 -23,558394307655185
-17,860700772680964 -23,75608971022745
-15,156744032857695 -21,462168931383598
-9,486060760921536 -22,82855265975869
-14,718865206664692 -22,129455990355318
-17,282737336506038 -15,528407869794398
-17,320671661522567 -21,27245380077723
-12,609983228141697 -21,180335252061397
-9,458136164435752 -17,686811804140795
-14,776421210843084 -22,25704745421643
-12,460867090547538 -15,321956569760964
-10,792431504146187 -22,01903055795669
-9,800988960523634 -23,848284485938436
-14,85677587187064 -24,166539019959828
-17,45482397745099 -21,95982900626204
-15,61534947549681 -18,817307971248088
-16,95881396119686 -21,430442669859588
-16,754989798323 -17,72228206614645
-10,537850219433672 -21,493719958034546
-13,68654365095665 -16,020018599215046
-9,8780907607029 -23,88619474317549
-17,626457498828593 -16,381232155269338
-14,907535760758414 -23,366908322978155
-12,957127322835627 -15,275167248016123
-10,18367576818384 -17,38864509951602
-12,251111143365009 -21,17965717544357
-14,444174848082705 -22,31549469724822
-16,10454329832422 -16,055395749664246
-15,542295519967627 -19,62005462590637
-15,341636531538533 -18,20594204971016
-12,2038543857372 -23,33487409273571
-9,15511272457919 -16,89855317197105
-10,076957524802115 -19,247100204642653
-10,014722725444416 -23,653187646818143
-13,418997605501389 -19,923264319307698
-16,25157776029209 -15,327742650111697
-10,624666638684499 -17,250204667375968
-16,901404680583852 -19,957468560522894
-12,457392272922526 -16,47978138249267
-17,145673819963783 -19,03170557672864
-10,629797303527075 -18,749759929071043
-15,280703494867163 -20,651130935891405
-14,205296423147963 -15,412154409340717
-12,493615532813882 -18,073967297433637
-14,39078393928183 -19,437285067173995
-15,807223216324598 -24,133392265888407
-9,552937319295138 -20,623857052146658
-11,174778412917549 -21,37075080956238
-16,01001453340392 -16,81891381310775
-15,157582883648296 -21,849635107663982
-17,31372526503514 -18,924750416848283
-10,146831184474141 -21,315738644523506
-13,293712181331333 -20,963689712886794
-9,145697472333326 -19,886130424025005
-9,817770437321352 -17,45478885627603
-11,059615518430716 -23,196721942497124
-14,831090736401809 -22,26334083110617
-12,82550383949725 -22,18471434517253
-12,103801666217972 -21,480265608175124
-13,355733680898664 -24,080774651299045
-12,106893395556613 -22,42041467831672
-13,97709000335049 -18,608524443678775
-15,809756777136508 -21,45298683471446
-17,519618775718314 -20,303868580006828
-16,22303982912434 -15,790157425353286
-8,940324301161889 -20,650158049053847
-10,061512524052187 -19,587479021251436
-11,111140536284957 -17,82813022098895
-17,092772624072023 -18,078502528091047
-12,443070012738646 -23,74125358085545
-16,08314097284179 -18,583224759141242
-11,082065117526279 -17,28996227453196
-16,72533555192608 -16,120914734606632
-15,259961103661382 -18,481840317956102
-10,229492196876253 -18,684926991195084
-12,348187941832267 -20,49830025257323
-17,5823570924241 -16,90904881670041
-9,457039702015283 -20,864154163293772
-13,607735905628761 -16,235385371212846
-17,078706581328674 -20,64512014227511
-16,80585111760872 -21,782427684329583
-12,211922264788361 -16,936378871932934
-9,044479735019836 -18,766491189267782
-16,077085217859462 -23,82409422915015
-9,715704320486568 -19,276313948086788
-13,180246758019738 -20,579032010763544
-16,573418390361482 -15,988494056117698
-10,343598914146522 -21,163684609164985
-16,777234488478115 -15,59209828673447
-13,604281989778311 -22,55035580036303
-11,37991609188164 -22,43909522123154
-13,29794380175392 -23,620328016994563
-12,100558154894886 -22,486916868130056
-16,952865796743644 -15,860335615637144
-14,393116959915389 -22,283216016563934
-13,471009382298554 -15,81228709481741
-10,143131420944242 -20,181035500792735
-13,18226325324208 -21,189206785088672
-10,41401152277383 -20,558954974988794
-10,560177282357845 -17,378721331430146
-11,638106090946843 -23,563521734382157
-16,945897041424285 -18,888201703469917
-11,40795766075033 -16,044601917880726
-10,051104708995757 -19,901483271671406
-17,402287130525476 -18,108995330723253
-15,99471804690759 -15,623427394094678
-10,642637552774131 -22,704975124303516
-11,824094700679137 -20,353415905757984
-14,709584581162245 -17,6116089903674
-11,811867585315309 -20,51121903165259
-9,35495412312235 -16,637543478977513
-17,007600575091885 -23,337600747213457
-17,00919249154207 -16,36615033181044
-10,0810835389668 -23,18334964315755
-10,268980207693815 -19,628769394153565
-10,905047365287965 -22,296109396818736
-16,387879588837205 -19,120477070590987
-13,553398506537157 -21,440684791761846
-15,019086209668828 -19,008639548490454
-15,446694807566402 -21,362725783212433
-10,889152800688285 -16,422779998718887
-12,02838070229786 -18,882440357198863
-16,654444246626316 -17,140687950083482
-17,421462736162788 -18,95651143736174
-14,322598947749288 -15,762477954658447
-14,4748324507281 -20,838722002835038
-11,110553116330212 -15,628119220488115
-11,292677126254903 -21,08924866663714
-16,53644381788114 -20,362176103642362
-9,11160434304848 -20,952045439833057
-9,740929938483236 -23,450501743296833
-17,525042850363384 -18,342722828776093
-16,90329392419137 -21,869873283097096
-17,81979096907167 -22,449382647897117
-12,047731334754008 -17,277426353125282
-13,524934089311888 -22,848386925942556
-17,107737406818497 -16,65713185296788
-12,550972544307452 -15,662857932086736
-12,535757036354768 -15,533908190854312
-11,288342621546981 -18,94142657059861
-11,882830442913004 -15,950636665385069
-12,110287814514775 -22,34644301108772
-17,44119773764267 -15,671507275427365
-15,762211931247482 -21,708927920336144
-11,415230669140525 -24,163435035628485
-16,949844807780003 -16,699084939289904
-16,07351672608595 -15,844074537457635
-12,65426441435866 -16,35298384566277
-9,056877615585153 -22,44871371386683
-15,581649697797111 -15,95326260579256
-14,316721232342648 -23,87774996811518
-10,911560187825282 -22,10051680696577
-12,484409219064766 -19,892696207806647
-10,62197957590596 -16,275469344595145
-12,755639783202326 -19,940567734049623
-16,723701819506797 -23,03782041428037
-15,039344843448998 -23,388256626290246
-16,767025873699033 -22,411553782141876
-15,910539137971778 -16,47915233412705
-13,106517814930465 -20,827149657396845
-16,672135584919573 -21,309372717298288
-14,877813098277503 -21,69391965668105
-9,94369850108166 -18,59773049056044
-13,395301969771499 -17,63781758998951
-14,97401001931471 -19,391948173108496
-14,351106540640775 -20,568339397988716
-14,817262021441657 -20,42940013692028
-15,52759611086486 -18,790049867096144
-15,365041505281742 -22,25630688647333
-16,502886089164736 -19,914380653647207
-11,4283285676397 -23,6737741722758
-9,214569629193235 -22,06903958348973
-9,7467067311613 -20,423947844569547
-10,695792876679471 -17,0955801924972
-17,505997380791413 -22,7529235835646
-15,116840891481264 -19,723842934788166
-14,103460399481005 -23,114084191774413
-9,0767705608229 -23,74703898897788
-12,043387557766716 -16,482164138809985
-14,248696901195586 -23,354048039635373
-14,448422353101886 -23,467676346370528
-9,531997402573456 -18,680578707793902
-10,064603451350223 -17,522594891433823
-17,38835146865867 -15,409973520640325
-9,57439916365636 -16,429903350839442
-16,503573477999684 -21,697476267902754
-16,404577570244893 -16,965542082192393
-15,989528830267293 -18,305587003242966
-17,076335323660373 -21,446707542900253
-10,844364820360974 -23,637525608321457
-8,972149484179505 -15,676551292096612
-13,141762052588541 -23,707249894956444
-9,00028801945303 -23,050928061157606
-16,363561080822606 -16,340320054353626
-15,858371933777672 -16,367092777265366
-13,99939981283671 -15,88571124632426
-12,512798839119375 -15,352096890270563
-16,603045943292354 -22,36269247759155
-11,150448810386514 -16,498025065608775
-14,217035549683853 -23,319457833882858
-11,785274710481064 -18,73027186469372
-17,861185995028624 -23,263255510757
-12,923301791247834 -20,488145458120535
-11,248469586862996 -18,97069874437581
-15,808152363757682 -23,58286025723941
-10,400442355361589 -23,15926713777604
-9,77496847602333 -22,521790331589024
-11,382741455838651 -22,20413807577154
-12,417979023833976 -22,153787060968888
-10,999115679390611 -16,08347957237434
-17,07797827130249 -19,528540342884185
-17,0693204471602 -18,28053436491279
-8,979700405676006 -16,355412887586883
-12,563496126892094 -17,380238836958537
-17,33473126640061 -18,051117135231703
-14,768427593950072 -19,663825897795455
-17,0920789629055 -19,2567257305068
-14,65794162451064 -15,938905865382747
-9,728079065153938 -15,953387185999551
-11,902310993474147 -17,794336860392093
-12,016123973376228 -22,716378820139802
-12,052538396241625 -22,809911051807177
-10,005253648831054 -17,676796916923994
-17,55733480091766 -20,622534353605378
-15,762067160428678 -22,862481708003703
-9,81438134193706 -21,28858412666424
-12,660884059110948 -17,90054521782763
-11,571660847347378 -20,56536322963352
-10,15414711920542 -18,317677079276983
-17,206569655931887 -23,685948388609397
-13,925759597279598 -22,216854312138125
-17,15780999433214 -22,56077772946688
-11,283604855455895 -22,12287267250978
-14,547193595870233 -18,202991087329224
-16,165018219635268 -18,338320276771924
-15,372268076972976 -20,76933742883251
-17,77418800772705 -18,313005418471207
-15,103833055393562 -19,181674843735703
-15,6341793509742 -21,93718843587655
-13,882002441713858 -18,776580097771447
-14,292901624113561 -23,992419620528203
-9,449001499088535 -18,641701383054112
-10,532066347277784 -19,202021007400443
-14,63069130021101 -20,979071453878195
-16,487953599168666 -23,090362889914257
-15,016382844324692 -16,868133731715947
-12,604581196646025 -20,789982157091845
-14,630663324501608 -19,563094000500154
-12,051243724240136 -22,690676588559924
-11,157638137516079 -21,46867145708527
-9,772179355427067 -17,725989653592606
-10,753511072383978 -22,215198193617105
-9,360028802045596 -15,285103695416485
-15,405126434812075 -23,204955298605263
-10,340044738941533 -16,988136083591264
-14,677949952638757 -23,838210729380798
-12,506932464519922 -23,656077073527285
-12,857362964136533 -21,82362454173047
-17,529803499275083 -15,357807746592805
-13,64369540451736 -17,722219956525677
-11,792637620619725 -17,781901262083352
-17,228898875381887 -18,14140829774524
-10,044668685676108 -20,77060920181706
-16,685282066356557 -15,982793298794478
-15,335158682487677 -22,067236667032
-17,49458385688473 -21,271491067430457
-14,594339722767032 -22,47810019624918
-12,60474238117367 -23,84904312562042
-16,846383271713943 -19,889706854297657
-10,065526188902538 -19,836463442726398
-11,653074236254849 -17,1240844843836
-13,522907876858092 -22,617444165920784
-16,05849153740445 -20,86031241411211
-12,275600969101696 -21,34196329530486
-13,29926793354879 -18,33764888400723
-14,413855969036831 -18,941480159356107
-15,936512743654621 -20,264396984688524
-14,811064404860506 -16,031205800816814
-11,232729477097482 -18,02955675643626
-13,08442220502587 -20,695222017328994
-15,383323380843137 -18,77992245150291
-14,595547847275776 -19,976583642986355
-13,2191220046955 -17,706462808850812
-17,22198302504882 -18,51496061979759
-10,969020090878795 -19,901244657852196
-14,421986503901653 -22,516856631122053
-15,426286991111088 -22,288453029643733
-9,773303146450075 -17,64723262744777
-11,231063225599955 -22,4069733840345
-13,518524597363916 -22,400548613412482
-9,389299637478322 -20,093961205262623
-16,17197321069711 -19,88008548596073
-14,315617660461129 -19,234962564082416
-13,949695127144786 -20,006359395723287
-17,1266633989487 -23,909871459719696
-13,253764853454964 -20,68142333935721
-14,090213334940845 -22,055964657448484
-16,500199445085265 -23,633251861174227
-9,43671477884418 -19,565122680227816
-14,529457717499538 -17,61508239955826
-12,076170375199514 -21,146879123369747
-10,193427704306629 -17,21520539324819
-14,456691018528005 -22,12352923801041
-17,802509060239018 -22,754933080734315
-17,41611786588646 -20,621706589803082
-15,175434179721986 -21,632431732019924
-10,660854363077432 -18,64673630097237
-11,207997853315979 -19,99814637083226
-11,27408926507681 -19,240006170989112
-11,831888069378671 -16,887482419064526
-15,315874457635287 -15,48876585409514
-15,522127303316324 -20,476496312763413
-15,307117634862434 -23,618970741651015
-17,67117456265327 -23,132407418652488
-15,624005872496792 -23,023077606633475
-16,60939449911416 -21,716891038489685
-10,999282743045384 -24,082194130942213
-11,551405654787418 -23,45972494376808
-11,272403717724476 -17,724036829430684
-11,700617486302013 -18,02025928636665
-11,123393876576984 -16,758300101979746
-17,330377375886748 -23,83684786243538
-10,180527079290187 -17,571750878347103
-15,515012528661554 -21,01991264688784
-14,106105525669609 -21,22089391234725
-15,153644895458143 -17,612331537858648
-13,455849270581055 -24,105145480376244
-13,794432583574894 -24,15098606806884
-11,243629534137543 -19,875885477496475
-14,663236912648228 -16,99370296921843
-16,299401050507342 -15,934204585188082
-14,199937883629861 -23,868087766960535
-13,810743085698164 -15,745352575671253
-11,478788976113288 -22,7649998305157
-9,088420175008466 -19,11961987271651
-11,831880565296437 -20,55911240557397
-16,667483021187522 -16,744832464735072
-13,534036219995746 -15,927484010169652
-13,555995389435127 -20,056208304647107
-13,461329413607306 -17,34988968589344
-15,248248133301058 -18,7811090708528
-12,040881441642384 -16,061134747920036
-16,19485926672893 -16,142056481211874
-11,129523999547951 -15,731849774111822
-9,591356737280371 -18,37060928479055
-14,510172027484737 -19,247801670942177
-15,273509631818921 -18,301559569507234
-13,934031327588325 -22,310290194491028
-17,802246377697145 -23,57705389829848
-10,923541052897288 -15,920861599706964
-9,133588434841686 -22,769532934016397
-14,79100542116613 -23,953216902287146
-11,065669485410979 -23,12268549972137
-17,60780790543322 -20,56587673372591
-9,196964856670723 -18,94123753741321
-12,176581750058775 -18,79701316146965
-9,20317196296581 -16,026635196890464
-10,62099418862838 -16,814105695729836
-15,752800945583546 -18,982392272136746
-14,60305329728406 -21,07310611266326
-9,112387333435784 -20,179127353523285
-13,641343207915858 -23,500644957598162
-10,091497458875622 -23,73026228669793
-10,248522205193526 -16,581051710729547
-9,390303779507608 -17,23487936425107
-13,435570882317329 -16,36053476558289
-16,30576995660018 -16,84656398863111
-10,257970555428546 -22,88608175177867
-14,14679695979316 -15,240810753368127
-9,013489912989616 -23,724444168388068
-13,644185223205245 -20,376982063465277
-17,602497059550597 -22,582796594652887
-16,853443120776184 -19,993623301139422
-14,356740121245512 -21,702326408319955
-16,386977207212652 -21,02016416941202
-16,793515200208848 -16,824404319565684
-17,570433055967584 -23,61933886885157
-12,42947390581514 -17,80800106082976
-12,539320857709688 -17,742665573938325
-11,448735290000936 -17,481821155766546
-9,270695358191425 -20,71857856750369
-10,045763984608627 -20,65698055214828
-17,311717859413022 -23,480215570140345
-16,70507614422443 -21,899447395096505
-10,012357672393305 -18,384861591374662
-15,931500163561992 -22,164351049610193
-11,237589673417888 -22,072759601763988
-11,370013805852151 -16,356490217592974
-9,393130646759271 -23,717935789646976
-12,917974785081707 -17,150830502177268
-17,227474427129696 -19,029974487398775
-15,78729898946046 -16,34399929828351
-12,71426103313315 -19,94291497252483
-14,574992705756976 -22,439828730827312
-11,589201465185855 -22,976226309931896
-15,79213202733762 -20,826784763092085
-12,21855633142654 -23,488831919285104
-14,217005462432246 -21,782329044414166
-13,760671923232831 -19,02851942217416
-17,239170926329756 -16,00952793209623
-10,292960736271072 -17,994681783205912
-16,91496998209316 -20,514900992382632
-15,278360095132317 -23,84489453549896
-15,700803145297694 -15,736964070350032
-15,818853992630931 -16,351236449386935
-15,890370625384806 -18,75054187036646
-9,543579401870506 -21,14350537696658
-11,84616659059117 -17,1351832860773
-10,647861113019129 -16,78854600535304
-12,338616454049689 -18,47127090074392
-14,436726188189784 -22,11014831134979
-9,241778576028448 -22,24978985330152
-14,269834313819075 -16,56597977346116
-17,61525496418861 -17,443851967775885
-15,13117333551505 -20,542150619220777
-12,128988698809852 -20,2979915347317
-16,7755384085982 -19,47960669877625
-11,997309323812596 -23,571370587878718
-14,64447888785354 -16,10023869845071
-14,119129027338793 -21,197963513517873
-11,604967150384859 -24,036924401358576
-16,38962299024296 -19,594357304617553
-16,78646564235038 -19,940134740133306
-9,64577481806507 -16,055852070485578
-10,827836015313979 -23,756061770588225
-17,479077218454265 -15,997049498878425
-17,468149773957684 -19,77301774156568
-8,950327763451952 -15,800312362768077
-9,997611481961295 -15,322763650480553
-10,892502004763823 -17,154627019071345
-11,340979165397513 -22,21565020436314
-12,391885183269126 -18,878009431310456
-17,48976463160961 -21,854435087107998
-12,626493730353848 -17,130244876195235
-14,307076734826822 -18,04062491060842
-12,659513712007657 -16,245360491401502
-9,846357813666398 -16,75629390424136
-14,181229327699356 -22,411338498668208
-15,520200695315243 -20,28558379520954
-12,859957198023038 -17,07989372504522
-15,401013780058722 -16,662139857498914
-17,35457686352727 -22,39206007468487
-15,61049080241072 -20,85441987258643
-14,483645737807706 -23,33582572079443
-10,01221974170736 -24,082631543058376
-11,941728970945885 -17,46175464687278
-12,447435944853638 -22,100502474981536
-14,83945042222011 -21,402822679169944
-10,827707725524855 -16,1900249595623
-16,304449513886624 -19,53494741977647
-15,486269593654349 -19,05900723454314
-9,914505502826156 -16,968359440306266
-12,299900830935698 -21,942064044177776
-17,381172842029528 -21,617903944827862
-14,89060400035943 -16,051714437956303
-17,119672066549477 -23,5715530044787
-12,98453446229963 -19,221888121366987
-12,830977404775338 -17,626528449541055
-17,756840081225377 -19,737925218269265
-11,881842246420597 -17,627433124455436
-14,694135249100182 -20,837389672956732
-15,869799647310462 -22,67662601651321
-14,166234533515446 -22,8186705095509
-15,44271363488338 -23,49429531423386
-16,222998450511177 -16,413894079137695
-12,813793302071316 -15,316813778623356
-10,19067145272591 -15,413501033693553
-10,828409083518018 -21,591919428897675
-10,092398128689513 -20,42998944814886
-9,127365312805605 -20,508843911245823
-10,983237441671571 -18,22976295406538
-15,590986352601359 -18,397896602799037
-9,54411866157486 -15,904964435552843
-14,27501253344523 -19,88464829663014
-11,013490361204294 -20,3029844886808
-17,647566178157824 -17,721163114625437
-9,022997236867369 -15,522528650659604
-15,29544734206576 -17,944014996752625
-17,878575130290265 -16,788142526068533
-11,587211189234662 -23,15253141255134
-16,730555606217443 -19,54406520771829
-11,931771354216234 -18,033305369456833
-15,479716306051714 -16,74437882587824
-17,158695476863638 -15,693389422992343
-17,60334601833415 -19,983084965347196
-15,351238042237286 -20,65636042631226
-11,740219611511186 -18,08583482597786
-13,285278895050425 -21,545402248726315
-17,128156836488312 -15,602156446520574
-10,165418961088676 -16,46268144317243
-17,608661632841113 -19,76351406260698
-11,44348938012944 -22,82373260589463
-9,77073014125049 -22,916750097779165
-12,707183814057629 -19,46513462908466
-9,967052898680226 -22,637719309561717
-13,789453429607793 -20,708509466693286
-14,357095697370521 -17,092272599570872
-9,334030654286185 -20,048769506062815
-12,848992677990925 -17,75482211208035
-11,267472291391908 -15,659303779662046
-11,92451324397171 -15,503743226104145
-15,479215550533791 -22,857468709971624
-9,534224815428603 -15,59647659688304
-9,443097371634462 -24,164537608955893
-15,037341798953545 -23,127864208655183
-12,361824770185253 -23,016447782185647
-13,778988873618864 -23,792645405488134
-12,671981583671062 -20,291119212363313
-11,253046906336952 -15,629866051100787
-12,275863695603308 -21,832942133248284
-14,458611463796396 -21,784459684881455
-13,469425152423895 -22,962835881230497
-16,95091443695714 -18,82461159658802
-9,90393881328958 -23,771043374486354
-16,55350815349165 -20,304722267879804
-10,600649730540566 -24,001282104201948
-15,929425897338412 -22,274488876433225
-11,584871631651515 -16,94241936856962
-9,345938805090043 -19,07783259096039
-17,655659192440453 -23,193344168083254
-9,694773763433718 -18,91822395199956
-13,431031441657154 -21,08480998549493
-16,895793225318855 -18,54168198294059
-15,958332983784107 -19,469576105552356
-12,684839681073269 -21,859261352031083
-12,412699235646208 -20,827585410316395
-10,35116301507258 -23,855884623827258
-13,208259187984616 -16,309825533230175
-16,68564181755711 -22,727411041776186
-9,6697903771884 -15,523470461527669
-16,293371890470876 -23,047229652470705
-13,436898684870574 -16,744757573981083
-17,225590201419806 -23,701305785577823
-12,552577106194962 -19,919838541533558
-13,65224769039153 -17,946626155418105
-9,219599885617853 -17,519774620065448
-12,226749479925111 -17,597357940730923
-14,788512567909237 -15,717143693454076
-11,565054902379813 -20,58281488558892
-10,02313298362313 -22,905921129258545
-9,615087694298333 -15,888648883111014
-10,538088485873153 -21,27289771525543
-9,1236937734132 -18,72642008612784
-10,926396741378749 -23,743822521878855
-13,00454783249613 -18,122878864693178
-11,770967207839917 -23,896208168367362
-10,116876347127173 -18,93600623880822
-16,928882115445056 -19,694950687296227
-16,74210836754473 -21,519628566027883
-16,954848683903563 -15,507525763492001
-17,816371543555114 -19,525198350410623
-15,151631446173239 -22,39404932843826
-15,65728716755416 -20,893084130362784
-8,957893262886502 -23,163775483353543
-13,167781101103586 -17,011998860953618
-10,831771089680604 -17,957294758979707
-13,741612268299537 -16,390080244454534
-12,048100113765841 -19,588114275780427
-10,919281338691443 -20,84117514355525
-15,839051942889764 -21,298502529066354
-9,69305174989364 -23,330252597085142
-11,922029202438694 -18,29250805946114
-15,824917060734641 -21,873573031327783
-9,183016523206875 -22,219667322305895
-11,894949205438945 -16,831160746884006
-11,869472484263381 -20,346062988482377
-14,514014827847953 -15,433633552801004
-15,440021050823546 -23,292304507914558
-11,891290144493228 -23,191420216349094
-13,6240736030806 -23,692928025222095
-12,128332459062447 -21,542961760468387
-16,45895238457334 -23,68061905140967
-8,930690616201163 -23,45168708145411
-10,903797090953576 -23,917696527216343
-17,83123955814527 -22,022051941903833
-12,319600323276216 -23,489158607240597
-15,347922765191363 -16,848308338228144
-14,374201975897137 -22,86465979354823
-9,804958446344445 -17,320061582249487
-10,796146927688799 -21,79961910642682
-16,260704245225142 -19,662874774506818
-12,645967401368253 -20,740776408565893
-14,820011195209712 -19,78274353852531
-11,681213829021651 -17,92166724588019
-11,864866887526357 -16,24167494904119
-13,770922039099123 -18,737741298328046
-9,851844379901124 -17,79849996420058
-14,293113551218932 -21,595109134513528
-9,874778979735657 -20,761007110089356
-14,65915240457998 -16,547092338555704
-14,243541021393064 -15,591918236768823
-12,313612240554155 -16,877140459234653
-15,282230443107485 -19,194645889278924
-16,023757025750054 -23,781418939051978
-17,70451215035498 -21,11928157141287
-9,009414487161783 -21,39279516674167
-14,782585282291173 -20,955170659295447
-9,750169970703407 -15,60643617108926
-12,244309895493277 -20,76217158620129
-13,725168904008967 -21,114099747367224
-11,350875635365234 -17,588239434921505
-14,216930265267228 -18,652839472850843
-13,422107292186897 -23,593744351858376
-11,438468068371838 -16,808842066369323
-16,492869073055928 -20,430779590214506
-15,97474060865656 -15,21026817495178
-17,77440879696927 -15,442704093882966
-11,012969574006425 -23,103439258969374
-10,206113149699704 -18,403129194639362
-15,074245021289313 -18,60235130724358
-10,428777587046586 -23,9640611708524
-14,779364386806591 -21,12442402016759
-11,46964137723733 -16,279904962763016
-12,161918448361499 -16,736499223594
-13,631440572591305 -23,636160335977905
-11,830196521990842 -21,993185271073095
-17,32206289328564 -15,557388148473144
-16,517528826168434 -15,897349113518843
-13,0430857345061 -20,895043422221875
-15,543636590483269 -20,746943959765265
-14,952119540173545 -20,455839823445594
-17,766389443114686 -20,85522294881513
-12,643361464060563 -23,28522862297046
-9,807157707263352 -18,603620811877576
-8,930999515907065 -19,544819839813897
-13,413972681848957 -23,006379176006725
-10,735664194250074 -16,080473308714435
-17,451246660900555 -21,588930513819093
-11,618060918926783 -16,619838283429118
-9,180232859166049 -16,15115717825885
-10,166776521483746 -23,92645453297846
-16,28459342370639 -20,1945734049741
-10,267778705545664 -18,30517884799223
-11,300455580142671 -17,57512959433723
-13,01320300542641 -21,240277096257728
-12,924195552771353 -16,374266934291548
-9,125611792937487 -21,826923423883322
-9,337881244127475 -17,47972741547247
-15,834886815605543 -17,770447504025285
-10,001775927875217 -23,48400063436093
-16,31210254122321 -21,2688289334035
-16,28969871032419 -15,597856956145428
-17,075117036645462 -20,873670944573693
-12,871522205337602 -23,595967633620255
-12,195278019191829 -23,753328202469376
-10,525694236885187 -17,278127487530494
-15,725730348344495 -17,84538567952457
-10,029410750862153 -19,44308185614958
-17,239777128960185 -16,580467932182742
-12,17461548674039 -20,5258149720639
-17,842946620434052 -17,406713300156202
-12,405181736450675 -23,623492698235957
-16,387974159779247 -16,80344593451761
-10,062250825500897 -18,082247828947928
-17,00263369263848 -19,616575174358804
-14,484226468297727 -19,703620332609432
-16,265590122431703 -19,931493027332678
-15,940162130432515 -16,687198518779233
-15,312998933027732 -19,181660289953133
-9,79835273518015 -21,23724687578965
-17,128834767778915 -23,41845640812666
-16,021869354322323 -16,210465785407454
-15,904999283798276 -19,416495110452722
-17,300052469818688 -18,143655887322925
-9,687710171286305 -18,47382876817982
-9,420035863736732 -18,604386112878935
-9,606088995289472 -16,868277078897947
-16,25995340799607 -17,510694491966678
-11,229904291259727 -20,373861005909884
-9,555832651882342 -21,419012364114394
-11,726831697929157 -22,06991838049411
-9,204339319637752 -16,54002533193421
-17,420098446404054 -23,9738068766898
-13,16445779927063 -17,691365790226275
-11,608922810485328 -19,973819011648168
-10,516469794802891 -18,884002826421693
-15,475330401053725 -18,741862466316785
-10,918931474969533 -17,45873197674337
-9,620802650482075 -18,68947603202361
-16,397820470684202 -16,79495965141133
-10,428385997239626 -19,578782009834665
-10,068589031278623 -18,252846718706028
-10,458807586639875 -16,432382813747118
-11,868685584114104 -21,962978626422725
-11,317023442035772 -24,109930352558425
-12,72126068445486 -24,144679405429514
-14,75351187660566 -16,979661182579697
-16,90367079541606 -16,186696252504298
-17,39264913691671 -19,302595901393875
-14,346352723322397 -21,36619891059992
-10,36915011707127 -22,55699238154886
-14,934029583533762 -17,700724028304684
-15,297201353092401 -23,350680610582955
-11,823220797181763 -23,850126454722357
-15,719796520657967 -21,41782924214145
-13,407146535339173 -24,05204377480218
-12,991062589097998 -23,5608565109238
-10,30016065093247 -23,054755878502696
-17,720397048426992 -17,40620457399272
-17,48681066615496 -23,784486785837508
-15,247791146493654 -19,267054092305003
-10,926195111596066 -20,078033483396947
-17,558258066978503 -20,296656468411747
-10,60514603345092 -22,016412069539097
-13,211961136584371 -20,200435562276063
-17,612064659293402 -18,021299903545994
-13,458608261419979 -21,203537150101017
-16,694456956462137 -19,57918517601874
-10,797867430289012 -20,245998649157798
-10,879687995053684 -22,325696503272155
-14,57379924061081 -19,305842971166292
-9,703224838627959 -17,747564924120216
-12,43774924487133 -15,58337809871435
-15,769311370441539 -17,840130255721892
-16,893279123066364 -24,13103846802455
-14,806990600509051 -18,612068278855375
-10,782861534761626 -16,833128730826974
-9,120858879067036 -20,89024661127514
-11,763513878302046 -20,873474705008206
-11,651388491372968 -22,83254937111635
-13,259690230101796 -17,38180362617401
-10,973642282301562 -15,398065677218792
-13,971337337380428 -21,747657163946172
-11,658008991562033 -20,581568872896206
-10,606025940536805 -23,172931404826887
-10,752006449972702 -23,781968902616477
-15,145464591604185 -21,732384074865916
-11,164240981413236 -19,04467683155071
-12,750092465770468 -18,475330866855188
-10,156846467753157 -20,261760209689527
-11,594325700066987 -22,488133097996027
-11,828525896794144 -20,716801204082643
-11,060853191845238 -23,004619738747603
-10,233582441929748 -22,79659177194993
-16,834862439205615 -20,280234437912796
-17,517209262256976 -22,381920976021924
-11,853974525620401 -22,672694047945356
-14,585799887468212 -23,590203951611457
-9,577882246289775 -19,138305045099877
-15,959128824122894 -19,932185525892653
-17,401307962788458 -16,81950093236877
-16,765805768028727 -16,20458959033693
-14,824346204910581 -19,651390583193248
-14,462980917411883 -18,22138480370711
-9,464728630776692 -19,175614092914937
-10,300011151351802 -19,868943351642038
-15,97435885130934 -20,751811881910378
-9,245925549769305 -18,170253215135908
-11,951367374447623 -20,18045766218171
-17,343125169521013 -22,613440350477816
-17,0442368523206 -23,135739429870533
-14,570612740283206 -22,953627595457622
-14,686731176722175 -18,976989671106157
-15,209001249293184 -16,384179126591288
-11,807380585540301 -22,058493244626014
-16,882870839860985 -18,957493208289428
-9,396940093160241 -23,603252770829723
-11,304750395167838 -19,5259454853649
-12,195107219427147 -15,608898387962805
-16,466899718411174 -19,17513464603323
-13,272215580521966 -19,655251741798274
-9,972500143304439 -23,6971706712312
-14,434076601417813 -23,25344643184298
-15,72628672913408 -15,333921380230624
-17,50228077966738 -21,064367127040786
-13,216497493918148 -18,011123998153742
-15,228389600107093 -19,92756349252632
-14,295243106403014 -21,950669685320065
-13,723771237052983 -21,09185228202695
-10,341671713078915 -21,04800845282896
-13,490895069856304 -19,661072313354467
-14,482132592194072 -20,192415221723376
-13,735494973926498 -17,90392470024612
-11,657859417673183 -18,77283503980629
-9,130968845784743 -22,922280439364954
-16,54222776096863 -18,886250015893754
-16,058851837570575 -20,634438493777516
-9,539737661934202 -23,280243645830367
-15,635169913463347 -20,220946755607226
-9,79577716976006 -18,641176115895547
-14,578060420922458 -23,83328555005896
-15,994517790222208 -17,36814174206718
-17,828990498470898 -21,705007208286546
-13,223224599661219 -17,757356683097974
-11,349036338774184 -18,366167934423054
-14,72612067528157 -22,978195345377877
-16,611208624503305 -22,215669795412587
-14,712736330009424 -15,591271918252001
-11,04778076531853 -22,464189331961787
-12,655026075353684 -21,406582227556992
-10,782702992947655 -17,829888172190486
-11,615023240462726 -16,841801032679903
-12,565551979173375 -20,629762953404644
-13,547133381367715 -19,368427158203023
-8,94448518733027 -18,512967297232
-17,144307779323576 -20,813207477625905
-13,864964237858139 -17,601455554329654
-12,162865892520355 -23,88361704634845
-16,65516343711573 -15,237730328568038
-10,506990000168093 -23,111565091849947
-9,482690723224865 -17,63753910589017
-10,13414251131021 -17,98394727744288
-8,970089392707825 -19,88421983798729
-15,679002128240148 -16,277186770085184
-16,891023919127218 -20,603541628774504
-13,85334353553257 -23,356994327777322
-9,912008678814653 -19,985397858645307
-16,851441007752555 -15,813529266039215
-10,786103999542767 -22,446985386887707
-12,300249035915275 -23,632760230384044
-9,914480219251208 -19,1204927396635
-13,370820851415248 -15,512652101377375
-9,801251872637478 -18,620116749181374
-10,529040147382858 -16,90717638447024
-13,742343224833157 -23,6842005595582
-17,227525787956395 -19,599418720417603
-10,826173229795097 -19,748075949406854
-10,921312890528547 -23,167037090417445
-9,008222553215838 -17,008776935697583
-16,213071367418046 -20,280322963876515
-10,216929257052026 -21,75746579713537
-11,075314481542414 -16,92985687641327
-10,742242742453993 -21,374578894814366
-12,510259679396766 -23,34567085596936
-16,5732675221402 -15,517283967089508
-14,20388721621632 -17,09501382695998
-12,711188320356296 -20,684947033307218
-13,002350076022761 -18,706509571856426
-16,412958478899313 -18,61872388185696
-15,89975929157051 -22,409663363337117
-10,845902721261966 -22,718175810604208
-13,751032889194999 -16,44769573194555
-12,2629897736198 -22,470191603023476
-12,358263548597044 -16,54661173468348
-17,005724474049572 -23,46854195810957
-12,178497834326246 -23,05773105503257
-15,602016706339258 -23,598047412085396
-12,213884035931752 -16,84046101301617
-15,465912512738564 -18,135419090153654
-13,59208966812984 -23,349601429900495
-12,56665700687555 -23,002906685508428
-13,431818484908138 -22,75276216601639
-10,077610259167354 -19,40325039077043
-11,733114329085566 -21,153054633849
-15,106141002555422 -16,291162297130533
-9,295895667102641 -20,35121863513596
-16,10212224905572 -17,8405801656104
-14,418731763213351 -15,45350110311765
-17,682668726897532 -23,49508630266386
-11,847903294164933 -22,6199973540756
-15,294476859135415 -16,447263766565417
-12,16143311253444 -15,891516883674806
-9,227586216972346 -22,419673518278305
-15,303240981991529 -16,59171701345638
-12,990480803488417 -16,133061855535225
-14,922096828757766 -20,998357797711577
-17,636130720498198 -20,901561862033354
-12,504082406722826 -16,320176974356777
-12,222050703677816 -18,349327539477358
-14,045472515397545 -17,237210828238464
-11,906841570836622 -21,288415771764033
-13,503317424878878 -17,62852629452072
-11,178220485826447 -15,729012287295685
-8,991661399434662 -16,707037123566067
-14,666411800705372 -22,645748738650596
-11,442857618869056 -16,26283861395812
-15,40802045368693 -22,239118856862294
-13,401551770559468 -15,321606463759993
-17,696132992916162 -21,64173576267994
-16,531282651753106 -21,477522493463276
-15,268491251240718 -16,54924570634254
-16,097077831120515 -21,04249278993268
-17,80991647460689 -17,9745946689506
-16,596064084515472 -15,464254621632879
-15,426474937565526 -18,29935602561167
-14,63289273158684 -23,384212217896398
-10,741327029773839 -18,206770888117674
-11,64505906630341 -16,0604815039814
-17,815825674691105 -17,455512989397544
-14,800153183703728 -23,78386581452662
-8,950437552577005 -22,57179720426353
-9,437866661902186 -18,614719142841068
-11,690231597830891 -16,190593932343358
-9,461770889320404 -18,25361929298816
-12,595621373537885 -15,306354816463873
-13,960336637701236 -21,99408200373489
-16,28712784356069 -24,02114395125261
-15,731780386080406 -18,942597469590268
-17,129731533121493 -16,717878417488627
-14,298868972332258 -22,216228202568082
-9,244261041174374 -15,507266659708282
-10,289784865817447 -21,59501505773843
-15,64235023434573 -18,037434653870676
-9,586001231273514 -15,968511360913782
-10,68725718214933 -23,09099387676326
-10,457315215682168 -17,325912928684748
-14,194427998155529 -17,667112388163197
-10,801673188048078 -18,64242927236176
-9,610257125318617 -17,99199656049194
-9,94213891601585 -18,37967631925904
-11,645918629512085 -18,17094544798791
-10,525285236346225 -23,26589109713083
-16,649530923927657 -17,84880886009927
-17,743386163548458 -16,952505106537178
-13,354728041290059 -17,839478899690732
-13,753165926428089 -24,173045380097427
-12,017819986390586 -22,475868028209966
-12,059493324782945 -17,876274556686553
-15,846768765384208 -21,97129176455771
-13,090933763242596 -21,851773151912496
-10,659667203185268 -18,53146717981725
-15,346315031307645 -15,572971134974239
-14,266438373871887 -21,68034307401787
-14,234605907083555 -22,089021059049152
-9,11601904606777 -21,614917180327758
-14,700160893321264 -20,653637155853424
-14,164568532114803 -20,890173992992004
-11,822185579799093 -22,538592594019246
-10,462339007003987 -24,084323055317995
-14,373484393715941 -18,74687354040785
-13,746372155954987 -22,49512759141542
-16,98740281390349 -22,006272730498214
-17,107035443413196 -21,197638106189565
-9,176832330771502 -23,596497649858676
-13,22071989168675 -17,34946940481462
-13,664120060901425 -16,61952684703966
-9,527195361117158 -22,08806958706812
-10,50665161543574 -18,72233376330858
-17,034015087153158 -16,065222950045605
-9,693544918706353 -21,083968646096757
-13,692417333313475 -15,294700662545585
-9,671293115302962 -15,969839666804154
-16,805568038054908 -22,922147103602992
-12,26723628431901 -16,122236283993068
-15,243008345601655 -18,42258081067339
-14,277438371348055 -16,789377375182557
-16,781546470202525 -22,780438752698288
-9,28741943350332 -20,41266388732151
-14,685677174678315 -16,710190342521035
-15,204440728257755 -16,659186863339418
-13,759394574567285 -22,904257689559397
-13,5357434582602 -19,492782130753746
-15,384490500926878 -17,899845463533104
-11,641170161285988 -22,655305488030535
-12,445916547889837 -21,652972339204517
-13,99289947997654 -15,690999258458158
-9,351596821728576 -22,22900421680126
-13,712654945517093 -21,384882227805154
-9,13537182693394 -20,533358730328708
-17,41190099387259 -23,523416873123995
-15,075515182974668 -22,460817344040983
-16,468283210421667 -21,549287369200137
-10,972772053629456 -22,621406450218494
-12,739515321495212 -19,279848831322102
-17,420483528418885 -22,514916649315857
-14,674748962076254 -22,151492716666752
-15,628729896925972 -19,988125802425316
-17,08759952258099 -16,71475565380044
-16,50341728060599 -18,48221235458587
-15,754764547866518 -16,880837002170637
-13,45578232599082 -20,94902904937759
-13,172911719901233 -20,42040426832149
-17,410264425980543 -19,885422480604745
-16,84833709082438 -16,452846417383213
-13,293084799330492 -23,931197723842416
-12,548257186171188 -17,07505936422229
-17,54626204410776 -23,99730026456576
-12,623263347471761 -17,816884479360233
-15,832963815449329 -23,61243490082212
-10,125682005425514 -19,687462884579695
-17,29127659199421 -18,22879711317685
-17,62417282410663 -21,069465622482745
-10,17661821480591 -22,95292472554547
-11,208810664737577 -15,970325138623107
-15,986802248605184 -15,798606599129148
-16,160055243420388 -15,372528180502284
-11,001877010716578 -16,31745358116127
-14,695928824462104 -20,186364069717648
-14,230442047054883 -20,68300589512652
-15,655161033578157 -23,339923547299914
-11,933676348143983 -21,015882163047348
-17,76181135803133 -17,680040012131904
-10,926208278032188 -20,372542707130528
-15,2569940935474 -23,946340013374208
-15,06724277511702 -22,64707527072152
-10,219558843654285 -22,68965076178353
-15,886606709845546 -23,823059224657662
-16,39989020887171 -21,987118130165314
-9,891109031573622 -19,132191980974337
-12,566589068221026 -19,961429673290816
-9,4748306758223 -19,774887715804528
-12,57448105124147 -17,052387112270807
-16,068281232308152 -23,796745731372084
-11,763035637386377 -17,341262182137115
-13,597530867583682 -20,428711856689635
-17,606549585832266 -17,112010498456456
-13,3074873910377 -17,69884223592095
-16,393805894924604 -16,800035870036623
-13,303685200978293 -19,425293757843903
-16,394370980267855 -18,490095879415346
-9,443466449117869 -18,581888860285343
-16,552920407370255 -18,45850852714476
-12,211205773911098 -21,58433422792495
-17,388096760665356 -23,939529870982014
-10,767007605708685 -15,501169678741057
-10,527484469376605 -21,42221504687709
-14,103820955730946 -16,859008471722532
-16,335714991903153 -19,550103679614807
-9,844571018706615 -16,157064398443428
-9,452209831194164 -17,596350470109115
-13,615065028450466 -23,53875691509225
-16,675706123581868 -19,95596092741836
-13,94287719408915 -20,38303085566688
-11,492093386406804 -23,109212502297172
-12,279564497713947 -19,896564335720296
-9,674230387576257 -20,23458500452629
-16,266085353385257 -18,641760010006646
-15,184070884211891 -23,948209089698107
-17,298700125457106 -17,34984919198906
-15,156153767411801 -15,395441991532493
-13,448434235915872 -15,989038045497425
-12,004664950138102 -19,541138848821564
-15,664005029408742 -17,66952628382661
-13,227846130952216 -23,342369091051758
-9,502013552345648 -20,667701351456405
-16,75575821221814 -19,434525530487875
-16,037377862547224 -15,922262731342052
-11,739569695720562 -16,180306991169182
-9,94929370087829 -19,93667938596363
-10,475897885983006 -18,338462637878038
-12,207340061249235 -21,70921915786903
-14,734312495019225 -17,471643475793996
-13,47895510780829 -19,573479603146225
-16,23958253775138 -16,227058096234565
-13,638794419363638 -16,65398763380587
-14,111414697455256 -21,610414014782492
-12,758983116564288 -19,66792228518952
-11,476044611680365 -21,96818363768759
-9,746041419795917 -16,378398639039503
-17,63414392404936 -16,993679801463227
-11,863503151469725 -23,53710455633326
-13,530166775105066 -20,632743062131382
-16,894104285732077 -21,319204443760523
-13,609373603048397 -18,27017995718374
-10,857792718327948 -24,089577149828582
-10,01413596954554 -22,024831871589498
-12,204939731976213 -18,41093521853741
-14,526362942796567 -23,88389598398188
-15,662805406770527 -22,185861111785314
-14,206804375925659 -24,022770528646603
-9,578103181988471 -17,349661402113973
-13,555147936390089 -15,23235453421572
-10,27908493063042 -22,953747954488243
-9,868440081746488 -16,220675026520443
-14,371143659404773 -15,357903399543664
-9,643337745397307 -22,90159776019425
-10,969285886381257 -18,029766713826316
-17,418096912866215 -18,26218541518954
-17,470272044888773 -23,099498820512085
-17,818886624749485 -16,643977502371357
-10,851636606388965 -19,73956625241209
-9,37153026018221 -16,296759765805295
-13,76359274130103 -16,812538804237416
-10,762030534100235 -16,405875528347703
-14,502118009413268 -19,507065476512235
-16,943840106775113 -16,143257250679447
-14,06340469072337 -22,829635546615187
-12,812965870290736 -18,278798082021687
-14,024356181278838 -15,205347263557279
-17,479408914051007 -15,343773667462003
-15,805412630215537 -23,719696504994843
-16,39555940656995 -20,625394345586454
-11,262065772848047 -20,3400832799946
-12,987442341758921 -19,79084443841072
-14,970723404847051 -23,982462174534177
-11,075726701730172 -21,676638652858365
-14,45516257825878 -18,040358767340567
-14,129689706229719 -17,240161884035164
-15,685385204041612 -17,269333481805027
-17,38539726223221 -16,70044595796004
-10,590940476088562 -18,774546922095137
-14,418406494968393 -17,372451415553115
-15,4245831448047 -19,764880803762583
-12,51151772302928 -20,29193587973064
-15,651268369734794 -20,445351663270237
-11,173887365676249 -16,90829281548354
-14,655823181200748 -17,95014510430612
-13,01191553763428 -16,0046060049801
-12,639194894351526 -17,846769208237916
-16,9762677166827 -17,880662789829543
-9,455269506510172 -16,385115264159676
-17,552208916920172 -15,527525102284073
-16,905284290112245 -16,21806720260401
-13,839967617313864 -20,76029424271111
-10,63921182474389 -21,120995003002648
-11,04000399696533 -19,69737907196288
-12,464477502182834 -22,521573892930746
-15,305876539705672 -16,80051445617838
-16,822176825982204 -18,055171091980185
-14,630801990004862 -21,617851057183632
-14,892285176382503 -20,594746646277564
-16,16429086694902 -23,174113801677414
-12,332926930329668 -21,108092666554164
-10,554305739321794 -19,269456934390234
-14,711503226492027 -16,85842758690243
-9,120838181216298 -23,755517252648886
-16,266445357273003 -23,458806413513834
-17,812911137448737 -17,39786827359803
-13,047455865163244 -21,79875567946432
-15,784336169350535 -20,48880797170473
-12,77232549632201 -23,772980044533913
-13,799624115331538 -20,437094818590097
-10,921875608990678 -17,309425924479328
-12,926884196551478 -18,07974926726394
-14,713347802731299 -17,085179468435218
-16,944828964111732 -23,501157846925786
-16,870769546151646 -19,796501271325553
-16,582196745774908 -21,25193883108402
-16,297293911004335 -19,315459900894066
-9,959326273001357 -17,81196517353921
-11,937030815587892 -16,81883131607572
-10,26484245648158 -18,26768132915097
-10,810236180202748 -19,477514661219345
-13,84607747604867 -20,419363820208932
-9,433649811415187 -17,795142645075952
-13,97472303992838 -17,836242888775878
-9,069203384149546 -16,782312963027753
-10,843438520643836 -19,04268813040599
-11,559061080022357 -21,056550076351254
-15,2352602589804 -18,956125374462893
-16,639390434109053 -17,733289413884165
-14,453826017357049 -23,407688809725027
-11,8989914230853 -15,638710770044948
-13,479072566027863 -16,83107508474039
-16,005691255221976 -20,173341029240504
-17,451437277838437 -16,05237835242751
-16,93541932917786 -15,88758728852081
-12,290006626125388 -16,745831257663717
-16,302593592400484 -20,498394627461764
-16,49173206038376 -21,37018138253112
-16,96190027465194 -20,857143121098254
-13,835379612582107 -19,077533894533673
-12,631708411824935 -17,19793885903519
-15,734107731103553 -18,77340266698721
-9,67174053239891 -21,516724508272265
-11,946404558261442 -19,013665951431722
-17,588968988663964 -20,139073036444472
-16,522373573026897 -22,036299768335446
-11,490121273428269 -17,471508927973897
-15,416327074847135 -19,478678577121343
-13,940322941982988 -19,037499474148248
-16,1033250060315 -24,051062896612336
-10,109360934046938 -17,89258594782873
-13,201184739595611 -19,53937629724045
-11,50923359627701 -22,173368162989455
-15,128354047893671 -17,45251518845319
-9,923980327594167 -16,057826357501508
-12,724829107979414 -18,674687153434327
-11,198526225042194 -15,756616017932147
-15,934003404444203 -18,154023481172462
-15,580011347983687 -16,755076463787375
-12,36861139501354 -22,73001947572243
-9,561181865295696 -21,19144768983287
-11,706988023091949 -23,898721675769345
-9,005035016366682 -21,93323715022293
-11,738465465017851 -16,0771935120428
-9,328020254891673 -22,881125161636064
-11,283247970533127 -18,541593247680357
-15,351974565771872 -20,37636797988695
-8,95905771952166 -15,903721259704648
-11,30687230763574 -16,80346181106494
-11,827769014917227 -15,580844910297573
-12,395618621547063 -17,88883457730749
-9,648307654317266 -16,64479400419008
-14,375522085955701 -20,59293138861613
-10,939092165276147 -21,322706396144966
-12,988792190524673 -15,30801049056245
-17,436348907952173 -16,810106455976765
-14,7839543952153 -16,023084296267378
-10,031553651615154 -19,44802119383147
-14,091249331188813 -20,915564002232536
-11,810376742289801 -19,454061826102212
-10,320167842100336 -20,64471695078424
-15,779010305143373 -23,024215143833764
-17,69052492618389 -23,32986955696586
-16,302156484164705 -21,26310455454466
-17,340316302442503 -19,286252172652446
-10,070366675685653 -22,171639797004186
-12,932280183759227 -21,30577665162271
-16,846393134844508 -19,671963446672212
-14,87202087040587 -21,674759046573186
-14,549108015650397 -19,34961833176062
-10,396624625874349 -22,264168284536666
-9,670343387867986 -21,156273068330446
-16,9291051014331 -23,12078483666118
-10,823016093576873 -23,77681862843152
-17,358121272385368 -23,87788008662332
-12,883754487023742 -24,151589473289302
-16,154663278476974 -22,932482923030634
-10,314125459887968 -21,3429593435157
-15,908647973100535 -22,67748430261959
-17,43592374568172 -19,192266625760148
-9,545502164102173 -17,906890524653043
-9,579118417134689 -21,852967857652025
-10,622461194503696 -21,686347034057533
-12,921700397926266 -23,614152873582224
-12,37924716886544 -17,347830228821724
-16,864482458747815 -17,660817522584566
-16,89691023658315 -17,563532506762247
-13,773236458880966 -22,29244981449855
-10,59321086270631 -18,44401690240943
-9,225529467880744 -20,554710216899032
-16,480172718416185 -15,901154095849039
-14,508761481314579 -21,153821196570476
-10,743188242027642 -21,343120050407105
-11,565772523042709 -18,43572002899003
-15,688817250757037 -15,215756100554119
-10,585172647251024 -19,76327563497771
-13,902196009513714 -16,12545115327221
-17,869295226371552 -17,080979227885745
-10,95339882970432 -21,2495944205834
-9,416881882550944 -18,17557088152955
-8,92760642440788 -21,644308497359397
-13,092515665829303 -17,314075020697267
-10,12630495622132 -17,656694789856584
-16,077728257430344 -23,724278290655377
-12,198233197556938 -17,784633668798296
-11,827913532273156 -22,411876366839294
-11,065411831540922 -19,975497190131087
-10,585792597729943 -22,702320102650955
-14,405665245383256 -22,788454354303525
-11,752121751631272 -22,34484446156734
-11,186746391873037 -16,750772677616258
-11,200710910083117 -20,677434817796964
-16,86354607530499 -17,576185094353853
-10,784592035366492 -20,063127517085007
-12,141766133089883 -18,047764904120044
-14,326467787635771 -21,82755096532224
-9,679830704837281 -16,306115111345278
-11,68224780546527 -22,875722469432418
-15,86790215322565 -22,706450880964077
-15,038037605492125 -21,645546756674474
-15,489388175594783 -19,374031875428937
-15,734118262585856 -18,667813852499613
-15,10320483276828 -22,902364620116483
-13,358849684042552 -23,366082410786586
-17,63532149441535 -16,08484303492337
-11,477689374801821 -20,890159406971662
-11,584603371762707 -16,5707282773884
-16,681814216907505 -23,547720485501145
-13,71822882116836 -18,037729621846253
-16,736277657559278 -20,78748451420037
-13,749300685515184 -21,91169357623388
-13,319676009844459 -23,57876600342177
-12,155151154590273 -16,190422043802535
-13,716723690362517 -15,730068425842417
-9,796840122222534 -23,492162244547032
-13,192631502301813 -22,2712572818977
-12,992027128326852 -17,89347092288275
-15,99309459291344 -16,357814910918965
-12,709651025434706 -23,30706835011351
-12,581602432933282 -23,49947604877068
-15,74611051310261 -17,783110913815893
-9,44659583383851 -16,195013157838382
-15,341173101696338 -23,59686615395601
-9,343086222619876 -23,44526368820118
-15,539558807945177 -23,45408722848871
-10,387413791902473 -18,15152676324493
-12,971807336528688 -23,61603678733715
-10,588436435880116 -22,748719667064222
-10,18578120598766 -22,542343160244144
-13,50990598006788 -16,950576712008626
-9,597719166229625 -18,06521828928915
-9,586186272234443 -17,822274786292372
-16,637947624479015 -17,868679401520538
-12,258822746557986 -22,921246012236434
-15,082569648535365 -19,94490647032405
-15,354723415555586 -19,623964765449855
-11,33202416961658 -17,42252288353999
-8,961998782621311 -20,876687106183187
-15,675844860989278 -17,82563794952896
-11,47424333010655 -17,03622198660114
-12,650463374102568 -15,862972222937707
-10,499960694532222 -21,917959690905498
-17,487209840119682 -18,67234569294242
-16,55469743272946 -19,71879013117901
-16,788728546697058 -15,661013923668905
-14,750193513837234 -16,75157697945553
-12,432972355591716 -23,40289222559634
-11,843464008521163 -16,348260657521664
-10,575050641713359 -18,779075826371127
-17,104429889589213 -17,656021577190288
-10,687768567426952 -24,15615368624475
-17,00394024345107 -16,6866197967218
-15,035035426686633 -17,02723126913649
-12,935530253499854 -21,180883724818244
-14,95061939488205 -16,42928521814673
-16,50731899060849 -21,0738847391125
-17,606421612661563 -17,277447261469376
-16,080141380514924 -15,968238295452386
-9,002991163419482 -21,042902379837997
-16,562899319545107 -16,025115839084204
-15,993243748429995 -22,739354855937158
-16,65313353837383 -20,015111619321523
-16,478126873579203 -21,834841963929218
-14,933715826870401 -20,010833867470353
-16,728234868695054 -15,875789672991107
-17,635797377767815 -23,332110108961594
-10,69057227628576 -21,02684988856663
-15,969314188674357 -17,684134658936433
-11,048360903488971 -21,57055587281879
-12,628888594318665 -21,47182229614659
-11,0632837186142 -21,733951777710676
-9,342737408908135 -18,578790646741776
-17,029941352232385 -16,8674199069151
-9,758182134814737 -20,48347734016523
-13,971644123706596 -17,870714370586214
-14,310120683955285 -15,560351875256783
-15,83499916939595 -18,07409059289551
-16,706289488492285 -20,166368000123
-16,76517735983483 -21,480212769426785
-14,563273233391724 -21,71914902068069
-14,785511401956555 -20,08969687320271
-9,609607369320242 -15,205950806763493
-11,674888259304723 -17,133100355161616
-12,925864244987828 -17,67556971689637
-16,17032023448254 -20,524305103832873
-9,369932949564049 -21,387468886678313
-15,950587411112954 -22,59155349759088
-11,721756330445054 -15,434088025390519
-10,193203290479769 -20,302331360652524
-13,192801914068685 -21,374390183784467
-15,792568881911858 -15,665896288126271
-12,02517489125226 -19,949785857092962
-15,623211425479088 -20,54484735705699
-11,939782794596482 -19,903388365585243
-14,42368325880248 -23,48354118853276
-10,192755128691248 -18,570124971738306
-16,221727367865764 -19,473125597343774
-9,681717141585295 -15,705263637776683
-17,054193336428032 -20,615962973220267
-13,477273270129668 -17,662117291547457
-12,285278503872382 -24,195736111812963
-15,744189578098101 -15,775869731152103
-10,336357734617113 -18,716420754880215
-14,497198517823392 -24,041498610901417
-16,461089668466343 -20,562173096860548
-17,785557816355034 -22,280633036958264
-12,695028714357417 -17,248980379781024
-14,657308169417682 -15,554614673059367
-16,893392775184953 -19,193968623706933
-13,689974035898256 -18,021384627962888
-15,284360596842323 -23,24012272517937
-13,984526787311651 -20,878131385995562
-10,382507104039417 -22,797339069122806
-14,133308411176092 -23,173242228083435
-16,584937960311393 -22,796144182206408
-17,643072508934743 -16,718008257651164
-12,121067810917246 -18,218037679789617
-17,00520575643986 -19,98847697065338
-9,455040311380612 -23,0944150023739
-11,946659096624073 -20,665273331902153
-12,918113140622463 -17,53129613856869
-11,710403940905714 -18,223937959425037
-12,331613509284644 -16,322156214924224
-10,495379473411955 -16,800960392369944
-14,33606793517325 -15,219042970641715
-14,728836930543721 -19,65664430330579
-12,402358997390206 -22,188834873238
-17,1912728705162 -18,20320216657084
-15,112556483546701 -18,524213257365624
-16,92897094329185 -16,699492512922912
-9,085857772232798 -18,666509236567794
-12,514349251533313 -15,38980946881995
-9,025165209247671 -23,2672350814967
-9,904109715269618 -22,158757164423093
-14,951521906225846 -15,642602292805332
-17,52498124011824 -21,659805053914756
-16,593773935505496 -18,92363147418402
-14,050389881112505 -18,397942758813258
-15,821085305214151 -16,98972026401021
-14,048709763157369 -15,972621476662638
-10,62000671923435 -23,88528613937661
-13,182104096456246 -19,94539531758991
-17,109152938232587 -19,49459035413036
-15,494202601514777 -19,527904494849565
-9,913873108583605 -21,809836990071197
-12,470981988566912 -18,52057732050271
-12,271920956987355 -19,377133661981592
-9,736883766161384 -18,354427125981253
-11,571764755733037 -16,231964696998006
-15,390762787936819 -23,361713639225453
-14,451293475410239 -22,60141015551739
-14,887899157178303 -23,124893017650916
-15,571330063438305 -15,661631925378428
-9,510388142142803 -18,422443874128657
-15,819805373365172 -21,27778528215378
-12,932542726655306 -18,99696938097172
-11,087951490067672 -17,964288386470333
-16,036403121523385 -22,403716353582503
-11,752199373832891 -19,019884453166657
-14,581496351578977 -21,664309586108047
-10,797333162015633 -16,881683851737936
-9,686739797611228 -23,234929548930545
-17,70182976587658 -23,66388534540982
-16,456871241542103 -15,28009877296966
-10,551282602344362 -21,336430544500658
-13,44029926808311 -17,352316071205127
-9,788374687799774 -17,855094631674934
-16,831662374910074 -17,73194019917484
-17,552104188331555 -21,1223324765335
-14,22658436018179 -19,298977718788393
-16,7334913727209 -20,830160650372818
-11,596767304471992 -22,089309186343918
-12,221933546782733 -21,00380656804848
-10,466917177856049 -21,11395898033586
-13,967947596766534 -16,778787474032505
-9,73344640861597 -16,9850371797328
-15,994746733256248 -22,424208448242272
-16,604113008226918 -15,329246853904976
-15,199201712904479 -20,383059783631445
-12,63715824438449 -22,650947553263855
-15,051897298449424 -21,29466665049661
-16,07514799185389 -16,22524042733155
-17,68383154377156 -24,13960247764944
-9,686739930441625 -16,59380652420453
-9,930505071274293 -16,817705450976597
-9,512249143294646 -22,368396479144312
-12,803957183508562 -18,7859080891811
-15,584135183233878 -15,725995209798986
-15,425887205446042 -17,170539489486615
-12,653465976790255 -22,619508457708964
-9,728894544068066 -22,18917943407842
-13,861658419112924 -23,572625165308047
-9,137167581261053 -20,022399553828294
-15,00969644599379 -19,580618482777556
-13,930842541161471 -18,198050240750597
-13,169385317766583 -18,70230819935235
-17,81150553273624 -17,68284874497509
-9,594089810693367 -20,888881224463958
-16,500474073836703 -21,491858510986585
-9,707892775187117 -22,474490553555242
-10,806282446098452 -15,638743585474964
-11,554323520576542 -15,54941723913821
-13,510639402654544 -17,325653832261402
-13,000881172536124 -15,812831483034481
-10,892731199042613 -21,027539870819794
-11,812218315638445 -15,697548201090203
-15,183019506028893 -21,864890247979112
-16,99319171635511 -22,099437983599223
-15,848243689171246 -16,028062806782582
-10,776075841987996 -23,732128820749857
-13,506027395081855 -20,167598042747898
-12,825162123499421 -20,700354375076202
-13,496843295273246 -15,636504961343858
-11,162248713450396 -18,11805778245592
-13,503045122086482 -18,818105860903792
-14,293217799507184 -20,401524685934138
-14,069786846152168 -15,833461124873638
-17,453137498307328 -17,49823278630442
-11,594532344384902 -18,656893408058266
-14,823692973159918 -19,434362235943233
-17,785120072768425 -21,481496243636347
-17,533440981250273 -22,330576193190645
-11,904152430677094 -19,660809829501098
-14,053349197206977 -17,305548900575758
-9,729632843109714 -22,631108805680128
-10,079691498223317 -21,022295886162688
-14,745531562637847 -22,409875710000062
-17,01512587594004 -20,483601084791445
-12,907964804279796 -22,126608655449104
-15,000174453496646 -20,19850275945786
-17,174796259385598 -15,883420444224406
-12,581101086493655 -17,99091905937918
-10,540581158363556 -19,863156571203294
-16,0813003484968 -20,878353883648252
-14,241957271037215 -19,453071268535602
-11,717075468867058 -21,780190635059576
-12,103853856544006 -16,990795386392662
-12,057259653832276 -17,08175138523861
-13,573483299177706 -21,50656452615658
-14,088278874665136 -19,7873439962659
-15,697674969487503 -22,497418782251547
-12,290367327289204 -22,998815968036425
-17,85741079691104 -20,06847249095965
-14,432050902997938 -20,874784799078057
-17,707384375483635 -18,004317116719385
-11,760803872877592 -19,77408493659481
-13,442055419286472 -19,780288121159167
-12,482556375209388 -22,012550341424443
-9,193685391383523 -23,215694651345515
-12,145634974242984 -23,565428979386688
-15,393265943334338 -16,771000711018026
-11,157229182592678 -23,61879926137391
-11,23432213823035 -20,14997582688884
-10,53543164170814 -16,043316622048987
-9,51456484315294 -16,60115902043882
-14,200584368003952 -21,956150016447
-10,423849662076266 -23,169896900146924
-11,422484716026437 -20,467835297492666
-16,06599614169347 -17,38201780584808
-15,155878437907518 -22,21978509532624
-17,278515606683072 -16,782058362992284
-14,279951639257872 -22,425880532064603
-15,878806348031201 -15,963227417276705
-12,96524078518188 -23,574378542030406
-9,240474524362309 -18,600268912880296
-15,733198207295347 -20,966059236719737
-15,844378442306853 -21,76796120702005
-9,42731132746061 -20,93391192067376
-14,500288162180626 -16,622366227632362
-12,190796939566924 -20,260785422922275
-10,673426395934822 -19,473502601588095
-16,0056117773563 -19,57054158003379
-17,790554049702777 -18,670698075383733
-12,359504397670452 -17,773101535849083
-16,93262734799337 -22,860791356802352
-10,970958862460602 -22,85606181078397
-17,135962325766954 -21,315204084596672
-14,74097675061638 -18,055548626801738
-11,390532416365629 -16,113058762033898
-11,177851933676422 -22,862550248811615
-11,394794095364889 -22,026949079118385
-10,244657110466216 -16,629769377850568
-15,176689480074577 -19,77572922246076
-15,583252272980559 -23,17035569953802
-12,96896846296681 -15,279614425168308
-10,190307773968424 -19,319183199701637
-17,818002805899688 -19,87373225635157
-17,854133751042806 -21,081298345615924
-11,214306354863888 -22,339025737357744
-10,186602499728789 -15,916546801730883
-13,020401369666363 -19,643454350206177
-12,603552169499332 -16,697727299248033
-13,699258779229552 -20,440165189578607
-16,98750419684394 -24,107760328298745
-8,962746907201614 -18,18523791453715
-13,890478185412471 -20,65258066206036
-17,05820942099176 -17,526710112354582
-14,794311605275045 -21,40624655578714
-16,020478357304864 -20,548697478656393
-10,283908535124134 -15,66660640280687
-10,35483280976644 -16,289974910322044
-12,363497664443413 -20,707822313408265
-17,657123405499476 -21,509248530354448
-15,316074181548068 -19,52208022885415
-14,78477209492534 -20,581641109859216
-12,39353440488572 -17,9247372881398
-13,460021830475826 -23,21081006713053
-10,664801545866016 -21,780853340737295
-13,33225929873559 -19,50075226300256
-12,422888681529868 -17,02559003201299
-12,427167392657255 -15,546791926153356
-14,566326084939128 -18,948580848150293
-12,678370512547133 -18,168929415760783
-15,402614499138533 -19,0086742536678
-9,106836155675536 -16,039448315085973
-15,867615916026548 -22,142243399893584
-16,11824759141377 -20,95005199465014
-14,52159599380521 -21,588642277796357
-14,280356128312611 -21,21790643812007
-10,894299254955897 -16,79135765398663
-15,587698103901161 -19,18438077028329
-9,563745654897504 -16,644645336837623
-9,95652158889652 -17,171003071656976
-13,47664035439686 -15,581451789514293
-10,486775703070759 -16,731145803931565
-11,322315454915918 -23,827127677906574
-15,904960736847114 -18,977999643618343
-16,472365626065947 -18,258489370643897
-9,656063189594631 -15,36503870115416
-11,380545814639177 -23,551249381788224
-15,926713953759322 -22,479401900272478
-16,035618591080304 -20,75577514783268
-12,701641880666202 -23,9405614114783
-12,659789976487541 -20,933756647418324
-10,037642259384526 -19,96643319345492
-10,745346299541053 -19,0440686826717
-9,247126579917202 -18,49049199543539
-16,186420751671136 -20,70101527106434
-11,717708055857766 -19,495649252292207
-9,53152250793822 -17,501716375555368
-8,917589533582275 -17,022974835741426
-11,110960773732543 -23,92974064267632
-17,395780985531612 -18,825395636497642
-14,69035031807638 -23,518351762072136
-14,970749979595837 -24,084072419479057
-17,808180188278918 -15,493306892772097
-10,64129397929833 -21,126888463180247
-15,027799770133992 -17,943095415868864
-14,926680384670526 -22,256645038671138
-16,969041321227788 -22,83508266068155
-14,703920571465508 -23,154079151734145
-14,258362203094954 -19,974797439238394
-17,07374770813752 -23,997415664759416
-13,977799795456551 -21,565333186892673
-12,693673059090823 -16,854852510059818
-10,477291336790417 -20,612445898822088
-8,957930318824197 -20,75953183164631
-11,565270530167174 -17,652676118569218
-8,917789587125647 -23,941987353113817
-10,650019262041415 -21,31950649689714
-13,252247265316619 -23,30134655248589
-12,283968254156964 -16,650195516482185
-13,273043890013597 -20,2648719794636
-12,008803972575983 -16,42038267684856
-16,03652172617499 -23,107327915015176
-14,704159828078453 -18,57735130152258
-15,038759776441786 -18,781469674518053
-14,073208854612306 -24,181762552491502
-10,811900569574197 -20,316740923488386
-17,200563898528728 -21,03372263989802
-12,986998505810991 -20,58726769939792
-11,799677201815541 -18,91641288934953
-10,861862844993663 -15,531714268458277
-13,16163790939962 -19,030426396623692
-11,26912505954997 -21,634155880238914
-13,982416635688452 -19,03089706193621
-14,734629854369311 -19,07284236788233
-10,14209090319953 -15,49373025022157
-17,528086089312126 -23,11336005943535
-10,023929743636593 -19,693223714596247
-16,905956311005703 -16,870906585679453
-10,529371574109746 -22,449970920141496
-16,614470966815816 -17,774632201036557
-9,069706364354017 -15,763616518981948
-10,629079228328731 -16,924444122979494
-10,763532853227321 -20,707431453117053
-11,829080610124828 -23,09906083377515
-9,77353096376785 -17,362891701031984
-14,555719862990005 -17,257762208509465
-11,00088687743336 -24,095445556984558
-9,684901411945411 -21,06602749633487
-9,662318242668658 -19,07156727130201
-17,766366408167272 -15,577328105563028
-9,189368967691317 -18,466758688901603
-16,322446460020185 -20,403333746411867
-11,368173138858271 -24,15853661767529
-14,003114447226121 -20,971770619834288
-9,882593044807 -15,479793445162068
-14,03441756188979 -19,210349756444046
-11,686011883227824 -23,77961806376812
-14,163858829513455 -16,403606380554223
-13,699439714842164 -17,536900532083628
-10,114607341841907 -16,33301880119203
-9,382440975827418 -16,886737019851566
-12,884201376838533 -18,23751123070974
-17,239641648399434 -18,609471878312856
-10,264670475070895 -17,764134739676116
-12,046658062654862 -19,98829745410412
-10,978843177012017 -20,049958517072206
-13,863986153177388 -16,76818989654375
-17,12959516503394 -16,280171767030073
-14,400367076304944 -19,781040659974764
-14,90150635003807 -20,85930097497965
-14,87402558491173 -19,18333712469896
-9,361054040066698 -21,351163663805018
-15,966382501209985 -16,148954625572884
-11,895312104093074 -17,410715905911502
-16,677421354044405 -24,197176474080884
-16,347557363246427 -18,593524739324685
-17,80501409840744 -22,934005078589266
-13,65161655289436 -17,03074727027646
-14,86251112935457 -20,566729190920576
-13,966161045402588 -23,200383006760923
-13,370295438061351 -22,884758393272776
-17,17911783424714 -18,326844895832803
-17,13416875475433 -18,04350918191048
-9,67279409636502 -19,32888574572219
-13,425571928383167 -21,574068704104892
-9,165221261144543 -20,8532439729359
-10,766866284518338 -19,731963730682963
-17,302874751173658 -18,467304675585588
-9,16650738585371 -22,96912094822426
-13,51710694786647 -22,693171435818915
-16,656811299581452 -17,475390680864514
-15,684922028966385 -21,270270439288474
-13,857928155874056 -15,968886849724342
-16,008932403859156 -19,648462658733024
-16,971803097038766 -21,415306489589934
-11,316269735349557 -18,592068471210144
-16,92192657903903 -23,568630891298177
-10,154471192718752 -18,578594749913833
-13,677642546990974 -20,412337217875397
-15,668425531092012 -23,991055333949504
-16,228699859733563 -21,168038372127892
-14,614508954770626 -17,321691360694206
-10,901646083972114 -18,704473187777978
-9,374479370047075 -23,85233363085475
-9,076501347611694 -18,761818207709197
-9,603610997299691 -17,80222272663796
-12,598421973019938 -17,667031455314515
-14,558959378757681 -22,51579399826429
-13,33821256853749 -23,303465518865284
-13,701784726106325 -21,80418789871008
-15,178275462027504 -16,876344885360467
-14,958829730393548 -21,638908467040423
-15,080012131855291 -15,634779004452406
-10,477433880882971 -18,281209072549217
-10,623787125635952 -19,09912538798503
-11,564322716255695 -22,834283575626273
-12,499935258718981 -21,233629583446415
-15,556401112600064 -20,912899223410896
-15,202247133741345 -18,161720309384396
-10,308530999934915 -18,914201178254277
-11,278484060041373 -15,584618151096642
-14,580274333001508 -23,00487364376433
-11,184595528598763 -20,517828753160124
-12,821593712052515 -20,02109374245172
-12,605502076199382 -18,02285373456257
-12,882676356797624 -23,138371942925293
-11,114046402587364 -15,455467062365308
-15,739798111588545 -15,331971688458651
-10,06011889194799 -16,243700604357436
-12,048775276127024 -20,84776806656348
-15,55864250056474 -16,70996668475628
-16,611221808937756 -19,815137569794494
-17,729772557637574 -17,021273894369962
-11,540172740893485 -15,530188609737188
-9,330077625827673 -20,06703395899017
-11,522468416698366 -22,924510961306755
-13,434808243671945 -23,905560551651735
-15,393550582841556 -16,027924009226787
-10,381847226265155 -22,387373171977906
-15,341462104815177 -16,731522913692324
-16,119613113969162 -17,80127666141096
-13,586820135059439 -20,62581776182606
-11,824945759534 -23,526174416347914
-8,935185729483054 -23,800683720860413
-12,817700770069779 -22,265660622543116
-11,438037207817771 -17,209849960169755
-13,729048903326841 -20,26390708762827
-12,357023739065182 -24,13405521425676
-13,633566425058682 -18,18616699683539
-15,150955102502827 -19,88129444172391
-17,133071010321387 -18,570585704886266
-14,056958261036392 -19,229923674708548
-15,32905443464954 -23,92029223427744
-9,580774919624163 -16,228637241265094
-16,9777901548698 -24,016373142826986
-12,179005740974755 -22,64793951441487
-15,410450022088096 -23,944509128710123
-13,704832250786438 -21,77930747888799
-12,28257436040446 -17,820100824098503
-9,70263650054326 -16,11427735831301
-15,740061795409764 -19,432947776924962
-11,881946413341318 -23,837786131102312
-14,136873438667905 -18,764047386051608
-16,217436605747558 -18,6486396588813
-14,436006200222703 -19,922884542813314
-10,25372845623046 -23,55998485492716
-15,881889775505684 -18,349628015825548
-12,854606993455214 -21,71672326435292
-16,574308902741247 -23,276701745327422
-11,768196515213948 -21,085475224565542
-13,259299507805247 -20,786950101437853
-14,366751284846991 -16,62718285896091
-17,420051249220855 -19,408643717251394
-13,052867482224826 -22,684875311577215
-11,195066867895065 -19,776461317787074
-15,510140790192576 -22,435466069496044
-11,112180546807028 -23,756001217877213
-16,857977451886054 -23,172008515375545
-12,140688984336627 -22,958110796034788
-17,833859117807854 -18,274059169786547
-13,111218524162666 -18,13643792487973
-16,207359164620886 -19,043365622920827
-14,091068205749721 -23,05649201368392
-13,148499232597718 -16,704196761244503
-13,78115512698355 -21,437828244414806
-17,80237412268416 -20,499017920475637
-17,746049649618485 -15,898011095961193
-14,692350747876574 -16,591532346691583
-17,134644833854658 -23,57960899090053
-13,686546300460016 -21,149467748693574
-9,477837366013969 -22,223254909973143
-15,839964427994497 -17,147516561077992
-12,251545240585484 -23,337006849195898
-10,837317165864379 -21,719474065806338
-12,091685704427384 -21,54811771769589
-13,714408442729223 -23,626034803367126
-17,85421881532413 -23,33151384027646
-12,781318702029127 -19,88992073300887
-12,093794975582023 -19,515574471724026
-12,581271895045944 -21,44532891329112
-9,741286643813174 -19,519545347398065
-12,074647396576285 -16,219650235795072
-15,77630415828408 -17,08950934577886
-14,000398318230483 -21,057585105412947
-10,254536865164763 -21,365664013540147
-10,034666207075368 -17,942936837532812
-11,675916529502992 -20,700430231596442
-9,70958823634583 -15,273861830832727
-16,672985159896733 -23,861427399446953
-10,389752137557476 -23,877901359054555
-14,315198781101127 -20,22452955901846
-9,32753508353468 -19,759111398252852
-12,174243272190468 -22,807374061947442
-17,13285346929331 -23,914092787419484
-15,76207843321435 -19,245121380071858
-16,22193086314685 -22,82007359165844
-14,920152775093708 -20,635363954414853
-9,343105840115854 -16,240302913826287
-9,387624420147265 -15,68120100905274
-9,573906373250656 -15,969206660330471
-16,015173214412133 -20,0271545635132
-11,626322031333281 -15,93357765017996
-9,284208565780851 -21,96502030432221
-12,16702257323651 -22,232028564220954
-16,391479121616 -22,94396986884548
-12,191713552137454 -22,11642601014396
-17,51441498501103 -21,866364169893927
-12,697978727226438 -18,719478077793372
-11,000882225334369 -16,000357477879973
-13,010466862071182 -20,930659729877608
-11,091549553077064 -18,66852514652792
-12,270306970556843 -19,350767353177034
-16,775648338719197 -20,34292471817526
-14,10492038889196 -17,12643794893747
-12,555558375380613 -21,115748840813595
-14,04634009516861 -22,783575888563888
-14,416364689268033 -22,86576151438537
-15,441489704999832 -22,76236596617217
-16,894500279554908 -16,734386611438694
-16,984982485019273 -16,248643692287803
-10,164252357757618 -16,970792843591823
-9,451185278363539 -17,472822694340984
-15,13122234995172 -20,580994103670747
-16,163074015507803 -16,772950468635127
-17,225979471839125 -17,128045015904345
-17,857638876782836 -17,693171391713342
-17,70641883308472 -18,725453597202257
-15,328792153531227 -20,508613238431302
-12,28082650935959 -16,571477582449088
-13,014156391779455 -17,295863377561215
-13,643199913407692 -24,10816733147704
-15,534979482650332 -16,4889376826833
-14,18449904394718 -21,701894567977213
-11,207792687830564 -18,098685182757237
-13,932071853543164 -19,109273485544463
-12,868938523898947 -17,13809286495629
-11,01534337915533 -15,62890392532188
-17,40399809429542 -20,95812141986557
-13,367400018610288 -18,382569443284563
-13,505638032011564 -23,994778755436574
-13,439433079808097 -18,675054003111438
-9,011522909487926 -22,356163971319184
-17,851098488739794 -23,61421512011398
-13,205872411876069 -23,428565027375555
-12,530755953534845 -22,00596287340025
-15,822637385838842 -19,823965523401355
-12,83299936152578 -23,66340015282679
-12,715318940086082 -17,393191521471994
-10,000489860671967 -23,931337572345736
-10,57619234418775 -21,88290932262141
-12,027607392984523 -17,299877206797937
-14,273437270034227 -17,848275974425018
-13,193275245991291 -17,49898058919307
-16,147452520022476 -16,070210550564767
-14,70043662361094 -23,485188657551184
-15,153675441007845 -15,929960542142272
-15,519737320196185 -23,066698268441215
-11,512643907853185 -22,979838792598134
-16,16657450342865 -23,767744222711244
-12,257488464043895 -22,548332105135643
-11,75496497024381 -20,745588376801198
-16,035659486688967 -18,548265004392558
-13,428166507524974 -23,829886727419634
-13,633426578383851 -16,90981845449729
-14,39907576858683 -21,33315282787749
-14,895816571743744 -23,471237398734083
-9,736728713137154 -16,771456665804976
-13,56670214084956 -20,140497897907295
-12,056308438023478 -21,75193842735318
-10,214856483807866 -17,74050057821811
-10,618522852836582 -21,31765638150407
-12,773164862086116 -15,512901222841494
-16,772760412429776 -15,810035012529518
-13,062426593751805 -22,4539174907351
-12,344010876406486 -21,586786515159034
-13,473621498168814 -16,38842036242945
-12,054974766086236 -16,311465946033195
-16,516266969102976 -17,844084879388546
-12,784820971240823 -18,742235525894575
-15,593825471583575 -19,763423769522124
-16,804606111384707 -18,418900273332195
-12,652504677836871 -24,034998823659553
-14,23774883633932 -19,82810300300061
-11,501053252843823 -23,426983872580035
-14,660049132482516 -23,993033865606726
-16,368434405442915 -15,772072749254656
-14,765558897991037 -18,768274673846726
-15,989095100785361 -18,506176053587296
-14,676631661519778 -21,520704833015525
-16,71568899789731 -20,921548949848436
-9,583594771253795 -20,64843642069831
-16,43897892293737 -17,453341836324384
-13,571928539117325 -21,460626562482155
-16,351775362207075 -19,50338712420357
-14,710966600352872 -18,800178083123285
-14,069536948665597 -21,1794708007186
-14,110057262292083 -24,107174015734767
-15,271399798300546 -18,772376958797796
-12,67585598487268 -22,338571272422968
-15,002826062289088 -23,62811696776344
-14,617961074190083 -21,845157255222567
-14,867378420415957 -18,65105248617021
-11,67144555705127 -20,627146698763305
-11,77443232425639 -21,986770158215634
-13,087264892516597 -19,154256632156383
-10,998849200077142 -18,160697602170913
-15,227615935096885 -15,579207206508489
-9,966034502939538 -23,358785792523065
-13,212217942209616 -15,836454680307046
-14,474153617227026 -18,414030071006763
-9,775631311432189 -23,423888880908603
-15,57031314996582 -17,80835451461976
-12,85550201354524 -23,788730844431512
-17,57289159412524 -21,741497267026304
-17,678499500106415 -22,71513885599893
-11,495506744477273 -15,430798908164515
-14,677692482607167 -22,64599060557837
-17,450215478875805 -23,26557770237639
-17,626844541083685 -23,29483201055067
-14,799696211651819 -21,136114151586785
-16,48426566242943 -18,63837697606823
-10,775200962655173 -22,697801025241645
-11,053532233467752 -18,185578067193944
-15,03612698959882 -22,20162158595974
-12,441542607326266 -15,329690157377858
-15,651861447188466 -23,61165410455763
-9,935902639996339 -16,34649204691557
-9,370241818432019 -15,718997150998264
-13,184139506066602 -18,57768490062419
-11,976384631738664 -21,699455913008567
-15,341350222451638 -22,773035341396337
-17,587968540147386 -16,31922235386891
-13,60947877124849 -16,78564199631719
-15,558859914842618 -22,10138583012782
-13,55264322017222 -22,279979279415866
-14,541725476020973 -16,353689789641404
-16,535959997240134 -16,695585532934945
-10,356465132722553 -22,146847258540518
-10,830115396198837 -16,633698885333803
-15,108830895693236 -19,87264889916422
-11,551332220620564 -16,073632481056976
-11,956075043301524 -21,520748909129082
-17,32323115980655 -17,025095941495557
-10,76024446406984 -22,192297726456626
-15,171240013028807 -20,80962451521602
-15,014337957514883 -19,60019195812541
-14,967175446717352 -16,04799222189638
-14,636339213592569 -21,54401507598618
-10,134591701161058 -21,486119318939323
-16,656743090175862 -19,095197222089364
-16,190245362983198 -19,090182653357218
-11,577320044376657 -21,415409203119122
-16,044302736074233 -22,28167250762275
-10,730352982038694 -16,257710490963024
-17,74073140958066 -23,89944382049884
-15,766944206752072 -17,391773028952837
-8,957863905998947 -20,97374471043485
-11,917970467609594 -19,317766292754783
-9,499850763513255 -17,593088689599547
-8,967824958110779 -18,67641193552848
-9,912281371532206 -24,132553814970294
-12,239119953203826 -17,997968705442208
-16,241345833909477 -15,741717051244176
-10,708868502004199 -22,057186976510955
-11,641721597809767 -22,0175997792456
-11,315282836305798 -15,266080792548854
-9,57111777808517 -22,199159968027377
-12,956305020227948 -15,846378955303063
-13,988824551099086 -21,725159401110545
-17,376810657961062 -15,824708818831233
-16,469721457495403 -23,84495662523451
-9,678574472228652 -15,813522186614932
-11,480578721887287 -21,118466675987115
-14,755487321318551 -21,568511564933452
-16,411423110036505 -23,76992284150151
-12,087018569713013 -23,4684303334501
-16,840954893385277 -21,23301902250735
-14,266760243520853 -21,543134857489314
-15,119078497369777 -15,239640530645396
-15,254308003905738 -21,214374629267088
-9,84862297861823 -24,07730492540099
-12,074127808432511 -20,423124839305174
-11,906171729606159 -23,075840188202612
-15,434483811455488 -20,116687000706083
-16,68427335786207 -18,307020308468285
-10,985941593060492 -17,33443938426392
-14,919729583737508 -21,92779594492248
-15,488872811141967 -22,330412430062893
-12,866529294296544 -19,659361694468778
-11,778287486582542 -16,562359879902885
-17,168873385669315 -24,157112719725795
-13,208193965863678 -23,861104618431995
-9,963812379586042 -22,400487805665197
-17,334678089684015 -20,290856662252285
-13,886079055073141 -23,57148227677284
-10,565336786876815 -18,35725141079006
-17,743792956030738 -22,340889288107135
-10,709498985489912 -21,943815971476702
-17,301540409591524 -19,122097048283177
-12,918219203302828 -20,971632263251596
-12,57620251085109 -15,74233161581741
-16,16253689627144 -20,297817853669702
-9,482372177797426 -20,822564851746634
-11,793702308894346 -20,82979818529087
-15,64551983766853 -19,89889581555488
-11,493353452235127 -23,559153545173007
-13,758789183732041 -15,88531796934211
-17,57448232223725 -16,336285916643167
-13,996687549473997 -16,978661892555778
-16,731693934559605 -20,151445580380663
-13,302097929605903 -19,20970390042249
-11,8097928545658 -15,561490556142308
-10,435223938741515 -19,76006781709716
-13,718975693332439 -15,944699499872163
-9,153639162459712 -21,51299210107249
-15,465249138442863 -21,788269544195664
-10,614002739650356 -19,840072283299847
-11,022789568941185 -19,470197348715516
-16,03681680121456 -15,389812745014886
-10,958330013604213 -23,62831873241285
-15,030412625405493 -23,974536195691982
-17,1012326826296 -15,506309264925209
-11,46933320297051 -21,992702614009012
-15,378348143519649 -20,83451786299888
-14,401581125743963 -17,006615721171997
-16,61484887575693 -20,954158590498768
-15,940013306601983 -21,456729573945392
-10,32720403774541 -20,491303748149743
-13,290243388074664 -23,289365131308205
-12,296268462121606 -17,024917498472643
-13,5380333418884 -20,73158506170669
-14,181296852369186 -23,080371965685636
-14,942370726887956 -22,12452381015305
-11,973687860551312 -22,825452427866445
-9,297114669075722 -16,582160880656147
-15,807251363536814 -17,600089887853965
-13,83410586103772 -19,648722406008226
-15,1294622491987 -21,32780758966159
-15,931351201359202 -21,452259315759807
-15,823095228709713 -22,679559547783168
-14,275268240195414 -16,71023937535897
-10,653299017779805 -23,981628471027015
-13,778111486480269 -17,892354529665692
-11,02323273827297 -22,409919779673725
-10,961085528676929 -22,479236651647028
-13,852088977657196 -23,021891416629035
-16,980073907788984 -17,601662695095833
-10,034367212119935 -18,54283748772736
-12,77125188990173 -22,470193701762057
-16,67297376515128 -16,329344667894066
-15,96702667819875 -20,504160182777746
-13,742790571020212 -19,732335104045653
-17,244700156677716 -17,806921200614767
-16,741104157820835 -22,272267103914835
-10,59006737647798 -24,168440170098876
-8,907513553972036 -19,55296453042197
-15,529169970275301 -20,341312139087073
-9,427554571408542 -17,259092604806675
-9,64825086515996 -20,37764079538737
-16,420461437362846 -19,589291827856297
-9,119348932020726 -22,37558710228954
-13,07970990871119 -20,983538157487413
-16,52402113646492 -19,582057611124824
-17,156438676692282 -18,44959987393419
-9,395273630105763 -20,125138006391182
-14,679837151624461 -16,296505311720388
-16,220408516219074 -20,68862573666294
-16,60284980771678 -23,63441989145387
-13,485464906699246 -17,011781790399876
-12,1129925893398 -21,16221417855946
-17,328926775028634 -23,64825885714801
-16,78879869305325 -21,28729894655566
-13,321674519960304 -17,90212255106416
-16,962783508099353 -19,23780504498133
-15,212099931824545 -22,04522698986599
-13,06467422167517 -21,64465982479097
-11,264699135700205 -22,127359237309605
-12,203897140933659 -20,813606433197293
-9,647095968101848 -15,829133412887405
-10,307845926728355 -17,45618649114357
-14,374940671309876 -22,570109679226604
-14,811063360650014 -21,78058654262668
-13,660155518126363 -16,65231533400513
-11,82962487715315 -19,44572297261249
-17,286250162053378 -19,416776113360747
-9,173905283544464 -24,0382670079699
-12,201414288352048 -23,00441683274638
-11,028883297550136 -22,382776766230684
-11,737882302182742 -20,670189064446195
-9,988276300812654 -19,491573223291795
-9,149351478265215 -22,309268870742038
-17,879403817525674 -16,786404045505638
-14,782764541128062 -19,906360072387137
-10,547925875400242 -23,142354878136416
-11,504324771007514 -23,472570900078207
-13,612018907958824 -23,529650125411713
-12,397640542834527 -21,649715199369744
-17,58846126447314 -21,264967528377746
-16,731259098450842 -17,595650546012855
-10,123355407793461 -22,08637221855462
-9,372046225989486 -20,855886405658183
-16,0781761703238 -17,274996827096597
-17,364603508036918 -21,154680351746418
-15,133543674690603 -22,70273652052515
-12,808745847294142 -15,524434543651044
-11,923682468741038 -22,53725677610928
-16,763553252271468 -20,734446699484717
-16,29624002016448 -15,623067359714163
-14,679267054336929 -21,537609930945386
-12,720960256287357 -15,352715436983244
-11,352321114881601 -21,646322798599435
-16,867420112702902 -19,602746763732405
-15,701873970429853 -16,60920790369729
-15,777514453920013 -15,47835195429635
-12,79989100613507 -20,44865977612527
-9,913831558955048 -17,349160441358038
-15,661184797320304 -16,563744492171615
-10,581066341816516 -18,68803177983604
-11,171949537156172 -18,28178624542716
-11,562099879051509 -18,183698738269214
-14,0359266266696 -15,69574355655626
-11,314711483831086 -18,083198262988027
-11,531956883520024 -22,177869461350813
-13,792306916929117 -17,71775500028063
-17,288556427716834 -22,56287759446687
-14,555975017749786 -18,264650403500717
-17,10451274419298 -23,734530416764844
-15,618329591098881 -23,554538419498705
-16,875601359341417 -18,652024522731494
-15,306342374417044 -15,405233926673482
-14,205291005066595 -17,016126314363984
-14,393150678101152 -24,040073830932602
-11,524465873238004 -23,959194577546395
-15,433627876195409 -20,80714950901532
-16,92591846090931 -17,301581541809636
-15,288578577902609 -24,008394369158708
-15,590678578411666 -20,90888546515678
-12,094384467903446 -15,998042740534066
-12,318828785226108 -15,259934049065913
-17,758249278422007 -15,207961553017006
-15,99712133371785 -18,941683501289585
-10,089926131093785 -19,805196640474733
-14,02535252421858 -22,43174763361623
-9,340219530442381 -22,100252729040328
-13,986957706171385 -19,999824045631634
-16,275553414815114 -15,639256191145298
-13,1798453950487 -20,858954438777566
-10,795146945335963 -22,732273285559437
-17,726334885849326 -21,55189023506817
-15,929993392750006 -20,507962006496108
-9,29576840686561 -17,474783522844632
-9,516582412753783 -21,710459241190843
-17,186045850513796 -23,460372664163053
-10,237643144697323 -22,365586841676603
-14,51739387048723 -18,983574496347345
-10,702000802784523 -24,18618023809135
-13,454438664925927 -15,909876781045323
-14,377914442964062 -19,45209286036203
-14,46716935629518 -18,04266945584663
-11,763510343405578 -17,28748412548365
-9,201532610428789 -19,782255103029847
-11,989220275517582 -19,750237808616177
-9,791112988769148 -22,70212158555208
-13,918701917494758 -21,05837680127583
-11,314984095681947 -22,363092852108743
-12,895202268058302 -19,211650433652743
-9,18971485132185 -21,702103710078312
-15,05803952051339 -22,51346636473544
-12,495132216515216 -16,690789318573437
-14,610302138491644 -19,93858230197645
-16,50664331966326 -21,345502068933857
-14,614686081152326 -21,835629896502816
-9,01960375103312 -16,140179927398577
-14,10929283509849 -17,647316685682885
-13,051977695460376 -15,29342288360777
-17,698165665647714 -17,338184602886102
-12,38536232224293 -17,323382151917343
-14,78935603419365 -20,330476747573094
-15,212776762437693 -16,45294631089105
-16,162386038621005 -15,22967178594095
-10,012708138499374 -20,27811029014984
-10,422587969093128 -23,841982907866196
-12,22434288247934 -16,116564457208998
-9,228868002556545 -15,30430368017912
-13,61177560310449 -17,28941980705346
-12,963390963024636 -21,480837646191134
-9,375987632486293 -20,41877685034279
-15,167958236586763 -18,871888312734583
-16,674267424298705 -16,791407429201275
-15,240338427033144 -16,390151387498776
-9,749022214471498 -17,717494558895787
-15,341008646218633 -16,50738850015212
-12,652809742504164 -23,094167246992075
-14,253877627674841 -18,89520506866177
-13,749869177893059 -19,245609283772268
-14,392356348686958 -18,36428048867569
-10,153859563618825 -17,15902577163085
-10,849627873366746 -23,81478679860291
-16,008980727470178 -16,745206919668412
-12,561953189162814 -21,28889890107827
-10,837970734954023 -16,595344845481648
-13,218488969412942 -16,655336247088503
-13,7024642243026 -16,010451835545517
-16,420923670549676 -24,17983846551965
-9,650502008966185 -17,33301750876109
-10,306113590181315 -18,7433008247008
-17,776201275366475 -22,72850172115681
-16,014975647756792 -19,203523736934642
-15,299277963545649 -17,359897186948885
-11,38051447973304 -23,648052645599897
-16,66536822440632 -17,42013614082128
-15,66369970400337 -21,7901958476306
-9,775358072214829 -18,689042154644127
-11,415953466828332 -18,02379768280784
-9,678321512405414 -22,486140965577448
-14,206773089395531 -16,52561038848231
-11,929078434472569 -21,00302501142157
-11,933080463711825 -24,19470321957486
-9,467022655771887 -21,161638237237206
-12,347363551412997 -17,653402990871868
-8,93382846977099 -24,12336322925063
-15,07173209912866 -19,335596138692686
-9,140022299461387 -19,789424442341915
-12,711612756682154 -21,296503228310392
-11,167935392380562 -22,642988654423803
-12,484723103603175 -20,555578878408394
-15,805435669631375 -18,168110080645114
-12,150422690688815 -18,84431188925459
-9,759472418912765 -15,513252332681072
-13,452786628021691 -19,933634844223253
-9,711589801449986 -22,430256669642745
-13,581090018386796 -18,913652108940333
-12,055436386668594 -23,662639075748885
-8,978571212740611 -20,84441190750837
-14,526927035071935 -19,16745034867647
-13,076796833726096 -20,607207957158238
-15,666734900998915 -16,673526030523064
-10,981298810565319 -23,762513316914713
-16,72740564989133 -21,807606305213316
-14,657591163801232 -20,79584737184162
-12,937800004365858 -22,90354871713921
-9,31164298129692 -18,624491140109118
-14,869319309809914 -21,595235726211097
-17,259181786089805 -23,655726595297097
-16,51227121699543 -16,19897845686219
-9,316935654332866 -23,156652417503437
-16,055047042784505 -20,544172446377193
-14,57257295192106 -20,843779042438364
-9,826526290672941 -18,5573389265774
-9,460045724804559 -22,02030115357337
-17,75545169069587 -19,7778230449088
-13,691189150131162 -22,18978728746679
-16,60397876127478 -19,388963614820298
-17,745067803082392 -19,205935527627155
-16,438107590532887 -18,551407553043113
-14,000445147054792 -19,733723012984907
-16,71766119724611 -16,689693009777535
-9,420736404155093 -16,523210193311737
-9,779369414992379 -20,446942078429053
-10,089875582127263 -16,417210400728642
-16,947916269928967 -19,588073828913025
-15,458718737488859 -17,960446803545242
-11,400374080588293 -15,725019257273395
-14,10510757652987 -23,702258073830393
-16,7622015003539 -16,32078017953121
-17,145848575884926 -20,215382392737204
-9,720141023712928 -16,095978685221656
-11,429883339393356 -20,115050706540348
-14,030684546677689 -19,632577055330934
-13,012941035275464 -15,429679157560983
-13,769715157810513 -15,210298413957663
-14,988541364617745 -20,78372832765367
-11,775340221087815 -17,71756179925508
-13,433604936690601 -15,576693255373582
-13,153994189251552 -18,450978998160977
-9,168351202536869 -16,170547249149628
-10,494689302143776 -15,938045254234458
-14,736718037053535 -20,77757725564125
-15,900179877607998 -16,504176857531647
-11,329765069988838 -19,833654806694184
-14,398685680793033 -18,9958809722607
-11,31432006810028 -22,029873546591283
-14,574962786545086 -23,129262500528355
-13,659754519882824 -23,752874855284325
-11,021040372345073 -15,382503854205552
-15,70169150997879 -20,882286695118346
-16,122246119995943 -23,655135654508566
-17,49726477967852 -17,595946888791484
-17,866612058911073 -21,101805910596394
-10,363934665705383 -17,82848191109146
-17,00769832813029 -23,60811513252804
-11,063590464981417 -17,355136258631298
-15,262661732146466 -19,231690629500015
-14,057372630641172 -20,332073965171336
-11,461434925901191 -15,416712479747913
-10,811555779418383 -23,078818779707568
-17,60336049693261 -16,654918047654604
-15,272087324222488 -20,36293547316366
-12,770171898546124 -22,800545619624884
-9,595474820741135 -20,904752911824353
-15,708012172669456 -23,638044796260886
-9,230910258778245 -16,43075996237856
-11,406722260856007 -19,142975717200976
-8,901299792478557 -16,694445226308844
-16,79922781672701 -21,220231010249986
-11,565182424921021 -19,624160851920116
-12,131756894240157 -16,55044419700349
-10,677193112208615 -15,989948539879851
-9,428270394255666 -23,036870985974016
-13,178886661235058 -22,91266459450651
-11,396236281856693 -23,18489926900431
-12,4892869256414 -19,573439074652754
-15,356559786311013 -18,009700485885155
-10,288696778328607 -17,8600953612179
-15,362727440903605 -20,19969650875359
-15,078048787283887 -19,556319672299896
-16,60188539220304 -17,046980333953343
-16,407671171834746 -15,960019855234924
-9,497516336525212 -17,9716713052839
-15,390991060499854 -22,27933707120085
-15,053034165258861 -18,18233021429073
-10,968625984079482 -19,19245003624205
-13,196558124723797 -21,127428729934348
-15,783974669841246 -17,37035347588936
-10,178777046699249 -16,968772604828207
-9,054956197018623 -17,031395752557646
-10,084123276467595 -20,400696336514883
-15,968832570181853 -15,401619626997654
-10,776000920337243 -17,714315464331865
-17,236327999284782 -17,083014443434926
-14,105395444851741 -16,947361100201118
-10,152169011842858 -23,015278022455842
-12,985815073729055 -23,972363856156605
-11,610464187470447 -15,753892154248947
-10,414971228266817 -16,5467097863067
-14,408136072188604 -16,995216851908964
-17,56885008872422 -16,114423188302403
-13,147849519410272 -21,706599147918944
-16,222854489269885 -22,021295596826324
-12,292822987221339 -22,713274339621865
-8,930585578311222 -21,266595913278294
-16,51590877098063 -17,46080732561119
-16,687421203060747 -23,863253311214176
-11,218175937294587 -18,416353438259605
-11,34133930008192 -22,127294160473816
-13,797485652374302 -21,893644375890815
-15,99685170283594 -22,537908575057443
-11,358673920835972 -24,015225112199904
-15,043487567826311 -20,584644231772554
-10,331681998833577 -15,800233576948397
10,975684404371478 -26,330664252779602
6,583201392964643 -22,198436729711418
16,819222791804464 -26,940847411943004
8,944080845808607 -22,19497461598067
-13,722613053421604 -29,019492391691593
4,44579944437092 -25,423354460679903
8,25919799559134 -19,97922298537828
-10,394645573066583 -11,976176225474596
-16,547587233536767 5,375823005926847