86422
98693
19509
90266
48365
52725
55110
89125
63712
59526
69847
19078
32208
45911
77597
84803
67874
35060
97615
38924
46886
96071
67223
69969
92509
6521
29236
25478
55063
95624
8024
42068
1780
96284
57286
22338
10728
97587
39197
67075
32083
63871
55180
83303
94722
32457
55302
1452
13610
69493
98347
58711
66481
72862
98599
89056
44586
2253
94896
94583
4356
42018
90004
19268
5444
99706
17348
7162
73476
18223
65707
11331
2323
12436
236
56633
40064
5080
55979
42227
20731
13311
9222
73703
37041
81630
46541
55328
92158
31677
43038
78062
77243
25164
99276
75139
51304
93921
63856
24962
81237
15005
88308
13447
82730
61061
44953
42900
11862
17648
99756
58118
33032
79852
90370
93002
59390
20220
26865
6076
724
37665
23743
5743
54507
89831
38792
24355
96059
67311
55454
19577
60207
78351
22279
48248
99854
10834
92463
85207
75687
55430
24216
87828
56046
51036
61847
45305
99161
98736
72556
50014
64992
40842
61082
61501
89320
30529
19002
7515
99026
61389
17286
49209
34255
60155
75834
38512
94171
92691
15412
62734
63329
68376
87304
68663
89995
21975
76802
48349
27484
760
4947
42035
40002
8261
70993
37872
28926
24781
65554
18247
40452
26031
60710
38703
65121
48716
37130
56056
91318
79293
93501
72078
17490
52693
75251
48228
97402
63993
3198
31094
23850
84438
54563
52113
93433
53504
85230
44258
125
19806
40249
39475
46341
29210
28035
9167
57885
9773
31221
26983
24142
89199
2866
76777
40296
50296
65481
94736
55297
85216
14843
30263
34404
34996
15866
56223
26827
26588
76558
43532
63365
2557
22102
10364
50747
96107
93050
59808
74603
44128
48170
55582
8579
72553
84940
5737
30497
43232
25168
681
71447
13679
69268
79832
29331
4447
18834
74363
1140
7050
9990
38921
77438
29317
9362
4172
61021
20395
98817
36242
87640
8497
59903
54041
11346
69048
21956
72807
40734
63709
74661
52142
46142
30643
26900
28030
58129
34688
75767
32017
51276
63771
57294
80972
55385
61361
78680
84429
35884
41341
35863
32704
15063
68255
19994
91123
45385
71644
47401
10252
15008
24536
90273
10287
61204
27918
37188
42150
11346
7010
34873
82162
58405
49581
27831
73786
85381
24453
81604
42480
86891
98970
10706
17782
43433
26809
85187
18288
61734
55173
34389
21669
54091
45329
82630
57393
78934
89056
3373
37461
49004
71980
96071
7179
63866
77157
30545
40485
71131
38429
83333
18222
684
99874
43239
93599
22178
14012
63966
38567
80445
2100
75319
59281
13394
76405
81415
86453
71300
26690
44998
71656
33298
26863
1302
82405
60063
16066
92345
17474
70096
53715
95283
44876
43816
18031
69630
56172
97065
15072
89797
43716
58926
31350
28766
63604
89705
45978
79794
60308
73924
94716
50092
89128
36116
84834
64643
89584
89576
43140
1053
68659
63765
92761
27242
5285
70625
17160
31609
28420
81899
76248
76317
49263
93713
91797
35631
43446
20190
87790
91414
56029
449
48699
46599
5480
13410
25476
28909
46476
95389
54340
68711
1200
72398
2841
64319
58660
24745
59289
2187
58199
19045
17026
549
4247
82881
20436
46494
28084
15991
69381
10863
30066
75379
92878
23534
259
7588
93488
71251
52121
62509
89855
61769
98281
21960
44866
11648
51732
21752
88141
96119
71289
91952
45230
1192
3532
26459
63670
63962
35142
84152
84994
12034
49963
69198
6590
9412
41099
19132
90487
46905
6873
6299
65368
83959
61793
7788
80432
71245
77715
78443
1471
5016
49817
64464
10589
21342
88331
23786
30077
84470
39461
40068
12326
60929
12849
31908
29756
41509
27042
7033
90960
86597
42582
59268
77669
30493
39877
15798
61202
33926
3864
7133
72463
67499
29646
52939
26621
70986
52905
67077
41539
50583
49189
14197
41396
43846
89158
13567
51648
6797
58021
89715
76590
68771
11436
11856
46372
64121
68066
54117
68889
48281
5411
94081
5292
69047
80127
18631
6996
33150
34202
81505
77538
44842
34138
26010
41946
65299
44645
56320
25080
45654
69128
98555
71374
57199
73494
16692
5062
2275
64682
15381
1397
2489
18926
5839
3371
36926
97630
73084
23718
73479
5189
81446
698
11707
44936
37594
75394
90915
46344
96442
41381
61707
15723
52970
41491
52348
84029
29602
74728
71848
46215
6482
10183
4491
49302
84774
87603
98808
21081
29248
99172
48404
74952
78101
44473
92725
57175
3066
34660
74610
31537
10598
13247
93832
63825
61292
48718
96251
74944
64149
23157
95217
400
10279
46306
23757
40309
49827
99446
19711
94879
27436
28814
12457
97713
96584
78632
43381
99024
77024
75380
46461
34955
86613
30303
99102
66179
60882
70637
87024
18920
19702
7918
50375
1546
8827
87375
39396
15266
96673
20039
57043
50381
30293
39875
74831
69153
72500
20120
28351
63444
8740
15128
62508
58561
15187
56257
52611
81871
70687
60339
82417
97544
43228
23253
37729
14192
15911
48278
91267
25332
57020
14022
51038
83537
44004
8551
14439
489
45681
75881
43913
8447
72549
15840
38492
21502
85025
5805
65390
67110
48178
32453
47110
56820
70447
75494
98814
49980
29660
10209
43262
75978
14435
15276
65594
42929
36759
50795
42610
43711
17232
32447
44725
55165
78201
41269
16111
13151
4381
78302
8692
6920
16656
23511
10255
37996
47038
68822
59138
96508
22920
93309
14297
13987
28009
830
48117
57634
49002
13916
77983
29303
3558
74737
15033
45683
58823
49146
72320
96612
40574
99694
48287
42962
65333
82049
99099
31092
41770
73861
50536
83005
18370
91647
24724
39169
80656
62528
23922
65468
77338
80840
91691
84362
33754
32229
98274
382
58446
35648
89212
18280
46299
17688
9918
74740
93786
95725
81898
64522
93699
5168
27064
36428
75844
29461
61429
39263
51961
68682
12704
75003
5374
14530
52013
7397
60542
41053
86616
23665
49147
24479
99382
95773
13341
84891
61977
59223
59578
27030
8251
65707
87546
66265
88828
89477
39292
49759
47154
23539
17632
76510
50459
50004
15512
52871
20911
31683
72670
58507
29218
66728
60442
61400
17166
30667
50369
70838
59995
35090
55335
64975
55334
15330
73389
35579
71982
87438
19537
81249
33948
826
17120
82808
80696
26831
2220
29771
94575
82839
73116
79996
89780
94143
72709
42297
3541
84632
34843
69455
534
88685
86176
97892
6178
38685
4038
2115
99221
68691
69182
27562
30010
82702
62960
90003
18964
9843
17095
50733
33251
58945
30473
74186
51502
89159
2243
91545
8570
36206
10323
53598
90945
24816
41111
37615
91
69558
60017
671
4437
19241
91350
10473
97842
82080
15063
50550
37830
77231
15279
49466
84835
60204
14447
4130
78070
51674
72460
85517
7750
91695
58875
32175
64253
22191
41646
5299
45074
86666
26419
86554
12597
25328
89526
66046
47208
63475
137
3145
47840
10451
56074
47049
17202
27027
53830
66706
16981
37702
38305
1933
30714
67260
19424
56619
83513
9782
12047
18286
79633
28329
88533
38765
62899
13525
42299
53477
7494
52054
38752
55096
13113
71405
18992
95847
11862
78659
94381
90918
9841
50506
43905
95155
37867
41773
47317
12765
19706
40038
48970
91555
7482
70014
97192
78891
85723
47922
66899
85541
14977
93569
8631
46284
30751
58288
35952
33429
70458
4591
541
17988
45872
95218
92364
41926
49920
28305
18373
4666
21962
49682
20668
60809
29334
86547
69442
50481
83736
17690
59425
72836
3480
89898
74015
39116
85537
80857
60311
22967
95824
49613
39235
64745
44783
30399
99634
93857
68616
96575
37250
79097
18580
12099
22410
61129
60503
59625
20326
79987
13406
42293
93207
97482
30893
30374
39557
61824
91807
10835
12199
87829
57627
44040
57452
67297
39352
48014
39682
86714
1616
22469
14003
80338
79657
78120
24625
41463
31170
19286
93622
73937
16212
52915
152
24691
1410
9823
88602
6807
51304
73073
2140
6267
95327
47160
80372
17783
70217
79642
68473
68377
41141
57157
61131
99568
40472
42113
85798
82626
29206
43314
90513
79620
37154
70179
73251
62828
39619
61406
88621
68703
60120
92325
92911
7814
93022
81451
62345
96580
33265
99409
77575
77630
14244
96057
49562
33644
58134
91863
93872
66242
25250
9210
7537
89020
58156
25462
93286
55356
26042
54737
51407
79707
84312
75559
10359
30879
87475
96597
77887
73598
14797
15176
79391
91030
88944
28935
21339
73262
52990
25015
44372
12442
1789
48973
18178
58944
23954
3798
99366
27065
89589
37601
11046
31370
3991
78550
70945
82456
38033
66720
50121
58027
98013
65627
43698
89974
69909
15108
97350
40795
56895
81875
71037
23685
26222
81188
86229
13507
43980
45699
65056
45176
31726
7349
96569
85388
96358
16567
23662
57350
59953
10049
30294
47301
57707
21586
81472
35339
63796
40306
26558
80324
99766
60742
65050
11427
20302
30514
76043
46901
14347
12524
7423
40041
49183
49756
46489
43536
60946
32485
36852
83953
59749
19414
34618
47573
2886
25777
1666
48761
10794
40013
67360
86373
95242
82436
11426
94367
22052
32518
62901
65940
33608
12200
68945
38128
60557
26852
41529
77643
17358
77044
30725
12723
90009
77903
85056
3437
35601
78150
38291
21828
65306
72715
16629
80784
20303
47151
37900
81113
31991
19785
49235
99329
83045
89752
1016
83485
86109
74110
98511
67022
93100
19686
81546
55135
49216
66968
15577
76736
15545
46442
3848
25238
50186
66100
65868
86275
31299
35709
38071
14302
23647
17819
97666
39656
46496
37838
30111
12545
18923
68900
28724
41304
9450
76438
35997
94544
86872
80513
34502
47851
39183
62490
91885
78289
87753
79330
80959
24733
26843
18548
47675
53637
88965
73131
11115
27240
40564
19425
37973
42872
53986
65687
82104
78844
81755
50717
96133
67606
30091
71855
55718
38005
63518
50868
43287
18644
15512
50572
70133
82916
56338
97445
74197
6095
88310
41788
98914
83848
52371
52851
93258
72349
80141
61301
35889
29524
58445
42490
11207
64609
67272
48564
76588
18336
34576
73101
18942
42117
14061
15110
69259
30557
96836
63481
90922
28575
12292
85332
46458
6798
64557
84942
24352
67402
50964
65877
55905
51740
16766
42680
77072
29627
10876
96896
84415
2246
3115
81675
63240
19190
77784
30815
86094
87252
5550
61444
80115
41367
25943
32270
83022
59076
8391
69058
87511
80703
64000
68731
46371
33429
10891
2494
52242
73350
87630
19608
36811
42129
53043
34333
55865
46657
17653
20055
9731
90156
91797
63345
62936
46849
94091
66433
9601
11796
92177
7856
55337
86754
26226
33205
75061
78939
37688
12236
25620
61340
46645
60712
87509
85639
42935
8992
83254
52841
26556
54857
57985
81423
29856
66769
81311
87167
28661
31473
69415
45066
23397
59878
4086
58620
73025
79288
73511
78251
29513
88595
37518
94109
56193
88683
87851
50164
11312
69043
13362
53377
29980
42646
21560
64083
56591
32883
69032
57207
24249
35351
93370
28439
32831
52443
30381
52282
24308
32798
57727
39058
39744
50734
98893
31668
92958
85482
81536
57133
9524
43294
23093
96981
36644
89103
95756
454
62718
7730
54344
44733
765
8705
36926
91345
61012
21288
84007
55857
22953
213
66514
99752
88874
32522
43873
55823
7942
96916
45900
84822
80720
19683
32478
97185
45498
71809
68033
44437
70482
62060
53747
61373
39990
16375
70047
93410
63486
125
37904
92723
46533
79771
80551
23088
31538
2728
81901
73767
36917
34590
92035
53074
92919
89595
1578
63323
47251
23116
66024
49419
66259
12498
60321
14453
81478
74729
46311
34506
68382
21498
67587
92955
18009
54284
60876
3346
33948
5166
68484
7223
42598
8538
41697
8163
28614
51711
42959
23546
89522
22835
22623
71253
64450
8989
3505
49692
61772
98484
38228
43764
37682
60851
70303
15032
96453
36060
38067
93347
17380
42600
96350
91537
4329
91086
68295
20186
23319
28644
75324
89865
15087
48990
12468
55975
36754
79383
18757
50036
15778
92771
40035
68962
18302
83282
46931
60441
67843
61938
13511
40140
53230
51556
5674
15389
96687
15604
49554
4884
18815
91088
49109
29056
6067
11070
98030
43526
873
96772
87813
76204
52915
94216
93870
74368
30025
78890
3695
17164
13082
3204
8198
20673
30443
35151
79290
7735
59794
80668
13421
50812
62131
91522
96939
75845
81815
6862
69768
87602
95137
12913
40605
48989
95249
25529
1262
35454
95868
28884
37337
400
98797
52760
67335
37813
28524
8851
48234
43364
97248
78759
28165
58056
92758
96512
88371
41677
95162
4240
78045
55665
68295
2886
21092
86733
56235
3020
11254
98120
37200
72984
37633
1707
21182
8796
87524
75893
36685
93088
96882
73365
34118
44802
14707
72226
33425
16086
14826
24292
66015
79081
98043
5865
6849
32244
67762
11952
64862
84815
46815
98136
81064
54912
94163
5978
81606
72822
97688
56825
80721
9283
70361
51352
65207
55520
58703
74572
12342
40029
15918
50988
99002
84546
59128
44728
33909
15912
38820
35777
50185
52560
71106
83652
76695
73800
88998
57549
63421
63702
40058
33502
16782
12983
22550
59473
4909
77411
92272
83536
27522
4639
17063
61892
611
6114
50063
4222
54620
81751
3878
2206
9274
47255
4332
7852
15656
25369
26291
97051
22744
71327
42466
34720
73146
69676
30067
88923
20764
5800
25331
75129
47258
73441
64941
74410
41117
52922
40941
81375
49069
86927
74366
73481
73780
13263
65274
63941
68474
53967
9922
16143
69246
65943
49338
12636
80179
92148
39663
19046
36430
80611
21637
79217
92750
48820
95785
42529
80038
70107
19129
40892
73624
39991
30271
2966
8472
17833
81555
72184
5205
4280
23572
1106
95102
45624
16654
31825
16853
76643
55110
92243
19669
25717
43932
18727
44610
17590
82207
64979
43389
79670
59798
75674
38642
82188
19748
3890
5553
9377
95135
14733
29531
58204
16310
56606
38024
37470
80347
62603
70867
64963
49452
73920
74238
79411
94205
26460
41933
20938
14879
92732
23281
27551
29801
5658
21457
84956
21613
95206
38839
44992
25785
3495
46266
12696
64190
26784
63359
41148
93114
1122
73557
78958
79950
10506
25534
21091
38637
48736
8755
77912
71913
75236
86895
69159
64601
92237
65143
51749
5888
92649
93931
41868
39038
72390
56267
19300
42843
58810
91207
32799
16657
61151
96446
39200
3445
74372
52987
73735
91376
50667
19397
70706
43930
74067
58488
67681
73022
26456
81161
57090
68732
11841
64979
77501
16981
31936
40450
51727
46717
69114
89676
84471
86046
45755
47985
77374
16629
22185
41582
4959
53503
91780
3025
1278
50483
59110
31301
9276
73490
90896
86901
36125
19697
5422
46521
34100
40805
19642
13065
2906
37383
41168
65384
71043
195
76346
20970
38920
98296
50058
88841
14862
49574
35401
60216
62287
43734
72741
71566
86772
18691
31497
69932
6859
60660
50693
48989
70399
19292
91754
31364
28873
9220
56910
33755
82371
70666
34632
23519
80770
33656
74246
80869
76691
55954
81276
72227
17945
87240
18799
72253
33185
79714
38557
88989
96625
2167
81765
15112
11918
78679
22376
35070
4930
3886
93307
97477
79123
50277
15820
40232
71668
84246
39696
99484
83879
75430
22960
62315
24926
40085
53615
45416
41016
24502
88506
83667
40965
94699
17176
86045
31331
1480
14038
12866
31694
76056
57549
68842
48058
68614
69131
15455
74864
42601
69784
51664
81552
86553
1867
32785
51473
51080
66076
49994
61358
66322
59874
14091
905
8636
15674
68065
58
45744
26888
64197
31187
84417
21957
60910
65330
72252
68642
14043
76763
77830
10685
18511
88448
36725
57323
60201
27787
49485
73980
9582
26335
25381
81607
44310
69104
28447
88891
17575
36928
51146
87470
56802
10633
9267
94989
79740
22837
3065
42242
252
35592
67293
48579
77318
91622
74852
36752
22417
63715
57987
24048
15069
85685
8466
67481
25263
29989
4653
1550
42346
77269
29466
14855
93035
36154
15134
25468
68582
16036
2760
36989
90843
61181
43761
48116
86829
71099
19193
7288
60937
55361
31500
67270
8133
17379
36793
55153
94462
91062
11742
38976
68123
58799
84559
83863
62332
88376
32067
11045
61704
3209
19359
43962
63305
72572
93290
81177
48313
98502
95922
50003
66197
45998
23726
91635
18407
7268
62256
77801
36687
20898
77360
93548
84851
18436
55247
8109
10601
97421
17401
81020
72781
6058
62639
40116
17347
15854
41923
36193
38229
9208
96475
79438
60878
31034
59502
51260
37991
45949
22560
18578
60280
18892
9497
57663
97017
25325
9314
7515
29746
68509
84093
4008
31404
654
14821
82164
84111
56920
11723
65876
36931
42970
28223
8844
44761
29498
60951
11939
58529
85891
4974
89254
47345
20490
35021
60554
67269
16152
92325
71608
6796
66272
91300
22266
82319
24954
9032
64361
56795
84911
80197
75818
8673
31927
42029
89404
12878
58362
45745
38761
92568
94772
53666
4178
60499
8365
82833
20561
98407
55013
54223
37517
29212
21887
76992
34242
89484
14858
83960
76198
19825
50849
84274
60377
99926
21872
69641
6722
88371
94528
26700
47764
22272
29808
58001
12958
3157
18667
74540
94728
14170
92736
10641
21079
71577
41433
66317
94589
78333
33011
59753
39084
44624
63964
4027
33223
9217
84318
66496
22718
52639
97386
56637
46167
45914
70382
76528
59277
38801
96821
67303
79300
77515
96444
94899
19636
27128
53054
38238
27096
77721
78508
53220
82265
29392
85725
12970
61758
58094
91431
11646
72004
64200
30261
76722
46806
49949
52419
4188
28973
50547
53493
70925
92854
5534
2584
85398
60850
53041
74498
31355
81323
24212
70805
55329
18890
17841
75414
93020
28051
50116
52187
89055
98418
81009
23553
92503
82949
72302
45703
90342
23862
85348
55046
15043
73719
89815
81310
1024
29849
90330
42919
24000
75684
27802
94978
86684
16051
17592
30118
41364
23088
69574
80665
60466
48784
19000
82526
80461
63171
55197
35009
52039
87908
75913
15822
1048
18967
69155
83970
42715
13801
80866
63142
51984
85767
71285
41628
92699
85339
64517
67426
74298
89189
41531
52452
85838
93954
25031
56836
2682
8419
26030
58158
34380
53826
88970
80527
82805
68466
51296
62243
41605
88747
18954
89755
48959
54140
58044
66715
48067
55654
47970
10386
17036
73490
497
15341
57734
26532
67067
67719
54219
95247
31058
31902
281
30010
6716
65858
40194
47885
90064
33836
55652
1341
28445
54931
12190
11006
62739
79072
22075
48624
10553
32445
87297
41947
17844
83076
12026
17495
58213
25806
25307
41968
83678
70367
95656
49346
34391
21156
51618
28559
16171
75527
75573
94917
62812
64389
38888
95674
26935
80813
29491
83251
14276
88357
96881
2784
65528
40911
76313
94008
82868
92164
91687
92430
13477
21259
40481
97520
66107
10967
62413
86337
67522
42786
42869
58119
12372
32551
68230
35544
93905
63282
36844
76141
89664
35681
2937
87331
37554
7677
98861
95411
76354
79825
97658
81966
42963
87814
95745
32131
8421
49827
31748
35346
21055
11915
9418
65061
16686
12217
77487
13190
76642
2445
97183
96938
3524
65790
11226
70292
86092
31060
13529
28649
42087
96413
81955
91258
20982
83280
46265
70972
56797
53916
71990
60595
23028
22095
90216
58564
43993
36780
5121
15800
82746
72804
75288
15274
27877
30237
9564
41183
29423
88995
62974
19595
21049
39510
3019
28409
79251
34975
35136
16731
23446
62649
58482
79659
32518
48843
48197
64369
98430
12753
81586
3706
47041
30840
51854
8746
53822
41339
6255
44852
39863
98517
21758
81469
54909
66983
45373
67316
22169
27978
21062
94657
11750
19478
65365
88745
79378
37042
3274
19490
51108
49454
79269
22526
23693
58605
52027
70786
29326
67193
89093
82985
16477
79224
10816
24834
81027
49367
34539
5227
88327
29376
42670
40347
90013
74350
65771
22176
77831
55774
46985
22554
94328
36457
6311
22835
29765
57482
545
19679
10393
2031
60651
13716
21613
42791
29363
74946
3243
45140
51662
70929
17929
66888
95128
97856
66539
3341
24036
60556
24507
44820
92960
27458
75522
71750
16772
64790
94414
85200
51944
77326
89951
40404
4924
3867
52951
30625
63303
88453
79151
77096
26079
24718
32551
44324
11801
76871
1717
6998
66248
2743
8510
93856
88161
53058
80184
90118
29577
81029
43984
17858
38080
84911
21004
89250
15036
91301
43207
46801
98304
77022
66027
30471
47978
98794
69576
72184
39633
9758
75124
49462
74824
55610
45018
74377
91150
33700
24086
83350
94452
24110
54621
30976
14057
36163
1468
24321
70242
21067
40521
34734
17500
31293
40932
20803
12242
89414
79098
16533
32691
69079
19274
24597
32819
25794
20907
84645
50602
94587
40665
94911
68781
55076
60768
35541
80534
97115
55779
53754
63511
53646
26889
66312
40657
20217
25442
42049
22221
55172
27050
25008
41030
81987
3206
77756
3558
49378
55052
7026
81137
41244
99065
97226
95014
69448
36822
32272
54072
82468
92641
77062
49674
85944
97440
11459
77560
17462
8156
21156
66747
69611
19170
56073
43393
79411
3505
29116
65170
36273
55797
84984
46351
13799
23436
67376
70887
48400
37807
69085
97397
50089
93511
56734
36003
91209
37175
35130
9768
69166
32529
20148
95162
98139
96970
47568
44985
36312
98824
54538
70818
98424
42318
91811
97402
30193
50178
87926
18100
42111
27572
29095
99006
61661
77306
67626
57200
2209
92525
17877
41938
27380
42423
287
94724
62444
67942
29312
16078
32881
23513
92675
9215
73511
15566
92088
34884
7511
97023
84752
44729
41105
74315
4832
30204
21389
76560
78781
80740
436
64139
31118
12914
1599
11940
35029
50540
21804
83963
48882
47604
17389
15872
68639
12509
40272
73871
17741
97631
61805
26945
85156
13735
7504
56891
67178
86706
88894
72009
74760
3162
50928
98523
68667
23841
35595
41227
79185
93821
71593
57322
38005
83624
54820
55522
88331
35077
51557
69169
29518
19239
55187
53372
51842
76379
24271
99301
82322
32098
31444
35140
49619
80608
59024
46625
836
54515
62059
48246
5662
89142
48887
16997
60853
13519
42542
29253
90101
9227
95498
22996
42002
62325
59551
22231
32030
97862
97493
78644
99324
89789
28089
86141
71063
9658
89755
9839
76871
20877
11458
7870
35608
18430
54161
61633
6243
95594
96970
30579
51161
84813
27501
70376
19162
74690
93562
3492
61643
22485
62
10944
53612
29147
21391
30196
8888
80078
59082
66941
57116
29456
48777
70434
9522
82354
50159
29238
2376
73035
31825
3552
8110
43395
86516
51461
49343
24447
94937
22006
94455
37197
46062
23217
92040
82883
85377
18787
25678
44701
93757
80797
50668
90752
9040
61234
55969
19070
44550
59446
51314
57311
87592
74051
52637
89354
62385
17719
30219
567
77280
92750
25082
25873
90042
74073
18298
23412
80655
99132
43291
36901
53046
87243
59242
16662
9532
56280
70887
57952
35305
20552
93287
90185
94120
72353
44532
33468
54401
65174
21816
46672
40543
46628
29070
90665
62764
22872
55283
93583
38243
46949
97185
59155
26103
3156
59251
71618
58819
74898
48540
86974
19918
56561
57209
66217
50956
48914
25087
82026
93498
34601
55519
27453
83180
13824
78674
64707
86792
78519
8503
13433
56991
70975
47335
17207
93782
53664
29842
30107
48061
99448
8316
24860
21003
67579
64689
83358
95286
27620
92485
72360
14466
79309
20448
57967
65787
37897
84898
1350
16154
42273
32096
76656
4880
43020
58654
91140
11428
66592
70979
18425
4463
35259
75130
18294
74356
82278
40424
41319
80008
7610
16145
52349
26260
9917
53357
19337
78419
69105
34700
95941
58241
78797
51534
76433
65021
20272
635
79666
54460
38821
3613
93451
71990
25659
76187
34835
96594
301
64852
93514
14907
74634
43965
34269
40357
81861
4041
74242
25688
13565
73690
78985
36485
35417
40987
20302
13061
90661
78356
24725
93771
68430
74938
36154
3054
62875
18043
7147
64258
51267
77559
92435
4550
57100
87478
99318
35785
45083
7842
80791
59481
6884
1621
12585
2238
84854
55949
38029
53261
89795
45667
62958
11272
97993
83825
16141
65620
80950
15863
2065
13280
4997
61555
40492
46346
25853
23465
81827
39961
24514
91541
86819
38504
62330
85111
98028
3730
2550
66724
85731
85353
50965
8572
51574
91224
63807
61189
82257
90734
88383
25769
88049
94416
66823
21312
93041
92709
61739
21523
62614
11929
13455
45842
265
47283
23885
38869
67264
10059
62848
24420
30463
90261
53864
59135
7648
87953
10001
64081
2024
22716
49376
14719
31867
56168
68393
36243
36117
23207
4047
97112
67928
80388
39175
1966
28814
36258
27327
46657
2605
38958
26599
88873
69485
93273
81583
43536
24571
84804
24513
50825
25379
40685
85676
20637
79673
70370
80322
19831
56938
87406
11818
54878
2321
60686
48761
50371
70659
61324
87142
69551
28936
14848
49126
76470
31705
88401
10796
29052
50644
25116
32762
52332
28944
31787
73294
7251
62272
4875
77949
44795
67975
50300
82922
67656
73126
55400
49912
96661
91261
29378
11821
5770
55494
42377
73981
3179
79928
15990
61648
35595
78615
29723
97807
74028
70900
39941
40500
55
44804
33374
61129
2754
42720
80887
52274
11589
38590
6176
54179
12543
3197
44664
30001
75919
61474
78282
52196
3705
1121
23105
46938
9525
96515
12448
30805
10800
74933
89252
23622
46607
25522
38401
45844
30962
90551
73866
69593
3629
24060
98974
35040
44346
88962
82731
14214
78824
94264
58674
58950
90400
47985
19512
23662
54522
4399
79185
9795
13522
38160
84908
41640
66974
95216
60663
72843
69901
67158
5853
59217
87598
2665
72940
31523
51642
20083
10926
78005
74324
18878
81685
78375
63197
21869
33980
2101
60763
59114
55232
19866
57090
23411
61308
57597
99240
26704
52951
11399
24374
6712
79728
57241
13261
43633
72352
97344
81259
29690
80464
34304
4249
64684
12934
16938
31500
49243
41340
85752
92821
83278
40022
81828
60189
30929
44150
93995
60164
36959
86089
37591
94044
88105
44815
14122
22029
53319
59722
9715
67078
75759
37088
25079
41433
27855
74286
98484
86332
61512
28675
69007
97918
33701
43979
25272
75640
74492
48983
69283
5005
9767
85974
13566
50429
45139
76359
91739
69638
70319
56677
57710
44156
50681
8771
92419
72681
29255
33289
4670
19152
56991
90913
42006
75118
22623
6324
96574
8153
33538
36838
95538
39015
6296
93949
2078
35243
53706
5560
47098
73519
73030
96152
13059
47088
29207
60251
16918
17543
35211
86966
13103
18550
75249
76917
66806
7041
95816
13042
22091
77459
49614
51560
15021
92979
83316
87283
46742
39509
44116
32143
48864
26109
29960
99103
96409
72471
42567
87789
57295
12210
17531
92127
58251
94255
78648
12250
18716
8864
62575
36904
54470
57493
66003
38838
27840
42335
2854
13368
10978
59790
63671
24407
39053
53518
3155
42887
14321
2192
92624
53390
67573
16771
76902
68532
51360
9390
76489
645
7905
1758
63463
97033
8888
5380
77918
88346
54725
88933
75668
41175
99996
98348
35616
18743
69625
10388
86198
74084
96059
98849
73031
97719
66017
10884
67008
866
61754
95393
39438
11242
87201
33590
6133
57739
48429
89807
75633
10997
17509
94515
58723
27187
16746
58629
70676
89209
72477
32073
11857
55142
90801
65053
97753
74929
12122
33434
48076
15314
32380
54262
84985
53702
49003
72986
54028
31981
38129
48077
95807
17245
45735
41091
83200
30319
76400
13299
36801
65650
68419
63649
68497
96285
98310
55609
27511
30343
19464
38996
47218
6067
5472
71432
3996
50471
32185
84348
96914
83239
42024
73335
54512
58483
56869
34691
69362
19554
46312
35206
45570
83832
44243
63127
88530
56533
58660
22400
52024
26220
90507
6507
22357
67468
25296
76409
53749
10419
9486
28832
93623
77115
75558
61987
75180
3141
34322
31186
60846
85817
50265
38133
66994
57524
68884
61802
2794
62881
5290
81955
61923
56700
2099
27940
76059
12714
11848
30307
46810
9929
96529
41147
95128
66945
68133
83107
10333
31951
93635
18624
55425
91948
50874
16435
23749
82794
9422
20438
98232
70410
10756
32225
50607
2925
72760
97890
18344
46065
77980
80197
34003
80163
24980
17557
65034
15531
26672
25237
28308
39920
15208
11729
73171
76706
60016
76867
92267
62080
49681
42793
53883
49849
50027
65846
56408
39860
53206
97805
96295
1938
17956
67617
56004
55743
52770
83891
69568
14711
50522
2485
31307
65038
96668
97354
43568
12205
8071
23943
51361
18631
64151
14023
16302
4443
34087
34042
60801
9643
12975
45968
10342
83213
41820
89414
73247
9774
90231
8870
95459
60327
95151
92296
59616
37138
4512
46440
62716
94698
21183
32468
3203
52154
98825
82188
8499
43455
51683
33824
63765
11423
38759
51732
81269
49198
59964
76489
63016
97509
95082
35185
97373
83961
63534
5383
10781
40890
71107
2753
83943
9303
5768
82817
17157
64601
4797
14511
85464
14761
96176
32434
71534
89022
4852
35965
91063
89560
35693
7653
13602
85726
27534
96187
93030
96482
53522
12101
86786
70068
47094
26557
6029
69460
5304
32465
70255
99236
30798
57962
48622
61744
25353
56090
94004
75528
71837
3103
33671
95116
27983
22390
27301
80115
56150
21766
51309
27940
10160
34031
85655
42762
97872
83922
79430
36960
54785
47439
63529
96107
60167
73365
22874
4740
4753
17710
1122
79505
61195
17100
52767
83097
91205
1037
39173
43404
52640
16010
13862
82252
82145
13121
87417
63830
4248
90982
22830
92109
96895
44124
49970
36523
46429
16729
31179
90153
42176
54833
51678
33589
16885
63787
19954
21997
91465
46155
36634
88044
75738
43139
52148
38014
30112
30041
93203
62603
76985
79070
13036
2800
53100
98859
89453
68865
81689
69395
74031
94281
15364
42923
61277
20645
74619
50934
91091
5914
72847
34194
24911
7655
77327
82216
11239
30125
52025
86987
58615
27885
29716
85984
15023
70615
42657
16221
85534
65645
34383
19050
3732
92657
40798
73775
77346
87346
74545
83726
29383
33013
74762
75171
54403
36015
67662
92277
64644
47189
41729
76040
27041
26592
14322
12828
98836
84818
65020
92832
60381
31850
87025
39402
96896
27725
85933
93160
53341
38514
53984
56014
5697
53185
36057
82152
38585
65141
5031
11918
43356
24249
74547
6385
14078
78652
26718
6053
82776
98077
84603
18114
87648
4189
29511
36175
28849
46996
91513
5486
33137
36013
2915
4532
75707
28440
35023
77815
96631
69913
96340
963
11939
82477
4259
46298
73202
26029
19507
17465
91811
94374
5748
88374
6072
8143
81270
68031
37897
53867
52742
94715
28280
4666
9338
96083
24966
21498
34760
73442
26711
10773
47547
91034
33633
31199
17664
46534
9897
44377
52164
88524
98907
7869
56820
47050
29964
61943
86683
63110
59224
1903
89617
30988
51484
92906
3469
69951
24168
34924
66582
98734
2663
97923
30194
96502
95968
5682
3126
67903
33405
81193
66087
74769
37031
22872
85155
88860
93319
4809
97508
94513
63919
16621
37505
34742
1304
57619
97530
29295
10849
20616
90827
56660
17205
87490
59872
10603
53235
70564
23898
9288
35525
74678
61129
52464
72315
42488
8798
86041
77880
85312
54207
84011
19530
76760
39570
4167
19227
79649
89565
56776
70638
47410
4196
49694
78991
79521
50458
40437
78782
30121
72523
44966
33670
89942
101
7295
60699
2447
18147
12720
14462
56491
81399
4451
23759
42738
36071
7311
58940
66055
93415
54579
53324
37668
52278
22068
4847
26651
5920
98537
85395
836
29727
87096
69155
72473
15482
19464
80787
87319
68815
50753
92360
15942
2533
54493
4351
67423
63177
91796
69611
79893
65894
1465
8308
81569
56251
67220
37339
77354
99856
21462
64786
7875
15480
34323
27021
539
89959
7791
15603
73379
71946
21918
8119
17336
95945
83627
59224
38365
82061
99670
7928
86439
10540
76703
1818
90939
29079
40936
68728
59357
37335
26829
7735
37125
31569
80543
26508
99716
5803
54746
73774
2934
67575
78854
13276
35002
11332
74088
9986
58419
53915
33555
17352
14141
7970
12900
74
45262
77449
55261
34228
5091
48003
21870
54819
55468
60409
73109
26215
86149
6928
81218
19673
16626
88057
68554
52179
69220
18599
51036
44770
30812
98804
23044
78338
26768
37811
53748
45258
37959
58286
90990
26236
44590
41049
56510
26582
95317
85721
55395
86464
24613
80111
9483
56078
73932
75330
99643
12817
59169
92013
68807
14398
8279
54380
11452
84246
77958
49869
56346
13434
64868
39606
64057
59971
86889
93847
95843
31235
8004
9836
39470
4511
56411
8451
19535
39470
58259
90244
9803
71442
91287
10672
82018
66270
90180
27568
29669
41337
42382
31126
42171
59180
39435
94442
20522
59413
16408
98801
53192
8462
5305
51149
26922
48231
51480
58232
11358
69079
88070
18505
57524
27533
85882
24233
52525
10993
10735
46376
84833
24527
33409
32622
22942
97045
4780
25494
35411
20607
51213
85510
84618
4588
60089
15809
54719
20539
18736
83410
54899
80152
24131
88655
16029
56638
75696
13017
61539
98785
1251
55942
66532
55029
70022
90002
30493
44026
95771
79755
94344
86643
5557
96102
82436
62080
87552
74259
8272
48396
10008
45158
41050
57422
66851
50409
43916
61296
53160
22118
31410
36517
82454
58936
36198
31823
63929
95621
19634
67256
10611
19885
13904
85834
39199
83752
71028
46482
69705
95148
68437
52565
91217
28875
15682
75664
28971
30556
62488
39342
75623
55747
52611
17211
57543
86101
34091
5340
49273
9096
50822
67720
22904
51133
58265
28038
63027
99296
96190
15055
64206
40783
10412
67587
81076
18847
21164
84452
22667
21384
77008
22763
65649
77788
91370
89705
65858
84515
83110
68162
71052
4527
83484
93866
64747
54205
5924
89841
73063
19840
93046
66461
47672
12002
10885
71398
98672
24306
34959
51755
8518
7943
83393
54223
11508
52830
69067
18386
96922
64245
7650
41100
5238
85701
11161
52492
20600
66386
85985
14983
81324
3136
76339
86472
16717
32686
60028
76250
6474
63375
89989
8736
99199
50918
90661
733
64824
86855
99370
45999
84444
81228
77550
53230
38561
95272
37956
12341
53501
26985
9089
36701
78108
84800
98041
50454
9874
86380
89418
73561
1170
93466
33783
9683
33553
83036
94970
91400
27961
87531
46650
69999
45540
91451
70256
43350
71189
13854
66865
75309
53649
31520
41980
55660
75025
16330
34635
88336
55724
586
81305
88089
13220
32122
32802
53511
8705
64796
38156
90696
66671
19473
44553
47061
88376
30067
34162
85517
443
98545
88621
92330
88405
54884
46726
81394
49006
55283
79468
75830
70911
42341
28725
18740
87760
19804
94571
35162
29330
34348
34545
93211
25605
33033
75827
24646
20168
23297
47894
14653
27292
85995
7227
97244
3792
12479
14433
26439
4327
49914
85153
22080
10381
58857
40206
1548
10196
38946
3732
26113
15302
48041
66761
16823
6920
33506
46247
91549
64699
82158
82303
72163
32759
69724
25089
84291
49387
27449
627
91660
72997
2602
4757
32961
40534
10042
14736
4545
54421
8759
2554
14863
75681
63662
20151
23025
59616
45194
2525
83987
76190
81861
85351
7524
62663
25804
73598
30768
71486
19695
90144
56273
22646
98072
28538
64586
89696
37376
44183
9994
57665
41382
87140
30355
39438
73812
21570
99309
26578
45979
3445
43680
52653
5361
70441
90552
18356
46835
15562
26946
57489
47525
55155
73422
37385
27296
10859
13781
52657
30632
54303
80989
63731
86330
36131
13958
47035
86345
95514
62651
35593
41368
91466
94564
26863
31899
49725
63716
28595
75661
85892
79576
44057
44579
60802
1035
35778
2377
31561
93048
5072
9636
61427
84178
2897
36549
6771
74892
47520
28266
99451
62343
87535
97173
67626
6046
57197
77832
37264
98818
76688
37120
87475
91682
52587
57297
64124
20732
63949
72008
85562
88607
34680
95898
1920
18818
63361
89867
35513
2784
20815
1817
64566
5975
60709
740
81120
93032
17386
24244
27598
45191
69529
54257
2262
39777
83459
19584
73815
90706
30978
30508
23084
82260
24144
45128
7758
1960
3722
52730
84161
83887
83618
41308
62630
27004
39503
38567
20242
77444
47905
55011
62062
19391
20183
54953
52433
229
54417
2607
126
29511
88033
94812
7747
25396
19953
61472
80221
6054
54678
71469
16892
59112
79063
40263
95771
65680
82403
77029
5909
43973
89655
8806
47315
93662
46137
55803
68997
97774
26466
82435
33769
33097
89846
43772
12514
83833
31964
84291
77861
40522
24038
12258
88272
49176
12521
62436
81306
90642
74072
59870
23046
72458
15688
74243
59592
88145
92681
81030
1057
66410
24595
56271
58458
74833
17402
14263
72894
1931
52393
86537
10930
11333
18715
82659
69789
41489
51075
77176
15310
30615
40629
58182
50275
23218
84619
69417
40731
82565
55682
14291
15955
58536
28049
5160
23873
41752
74514
60890
78208
95893
3598
18869
83092
60037
66240
70276
92695
17541
64645
4609
57009
19255
37852
21541
43958
72923
67201
17262
61442
30846
91538
49297
38353
24760
69142
99068
30611
90673
44153
69691
48870
34258
78469
84360
95759
87958
78661
62752
30077
59187
50038
94092
11179
17828
86470
22801
46531
99143
25153
15226
9023
53433
41760
6350
65985
92443
24577
95547
15905
18706
94434
27862
17137
79918
53723
84184
88511
90323
89778
68484
24265
57064
28433
44552
55410
52005
86925
71930
97715
53413
44400
88111
78890
90129
11257
21278
10738
35318
30599
11290
89818
73202
12823
24337
49929
72319
49920
97439
91131
66177
28711
24612
98821
30020
53051
27716
49581
78126
79167
65024
7860
51596
84825
25799
71171
39018
89200
36266
62290
29254
40057
88134
30101
51067
89184
8588
11906
31541
52955
79987
59833
68441
66377
44129
59473
97426
60720
61504
92353
72888
29433
39290
62023
90155
42505
94356
38616
81143
15725
6081
10324
22560
46173
80912
64069
94292
12574
51333
58496
66779
81621
68337
3641
35580
19132
80492
37774
14953
19007
58069
98045
23409
81359
62569
95726
33780
66639
4438
80270
59664
85990
85078
30005
315
21342
33607
46848
48246
88991
89664
83613
86292
27732
5098
75252
77870
76043
81709
18155
24053
75467
32198
22446
58079
79304
25068
2023
28708
63585
69823
64161
15471
67701
74654
6864
93032
44353
3302
90815
62925
44144
16268
70130
32272
50314
21636
6977
97660
44614
55590
31924
57198
121
84087
19100
96730
61863
86671
35970
73894
47369
13537
82929
37202
84923
39092
15194
84877
66866
33053
12782
40946
44768
83686
20288
43665
98129
33442
85472
67540
25661
26384
70666
44472
14169
88688
4469
31680
84734
52863
94017
91370
91847
67001
94492
87174
52342
39275
12208
70984
24083
8753
31257
45138
47601
20938
62399
11844
66952
6279
4856
37001
4065
34857
83506
52936
91810
20869
36191
76190
35808
22911
48568
62199
22257
16998
33287
36197
38074
41130
83469
92476
551
18580
92167
39588
99488
36877
5394
76232
41523
99340
31804
16306
55783
14132
6594
77877
7964
7289
25930
29793
27304
93984
80597
31144
85508
42526
23768
92160
29231
2638
11276
53876
99297
18064
8232
25991
78728
37408
27115
70539
41177
64408
4801
48354
28745
24496
80847
63586
35928
20316
26645
68385
13865
35327
39571
74066
15243
57406
42456
75069
24756
11790
28039
71768
50571
92645
83251
20579
37193
34720
59550
68856
5221
56423
89716
12179
26839
29740
24273
84936
65173
73376
5310
54213
77311
53412
8949
59349
44152
37962
7401
93398
14509
97202
8652
86019
71534
2843
16700
79055
54118
2223
91093
50885
61687
21513
61330
81269
96514
40881
92976
80376
97768
91471
11615
10584
91276
70609
10830
89577
81711
52649
70257
29831
5958
64169
47183
90754
38616
27396
66093
80528
82923
10986
97861
3743
94385
52268
94179
40871
46900
75788
70235
90493
64066
11443
26864
46621
36459
50938
97079
20430
21549
68963
20070
82804
58503
36500
44079
16372
3061
6300
62338
11867
9921
1490
17959
55210
88665
86756
87592
37138
50539
57362
44879
87917
46120
59612
41476
40682
97197
65280
41185
14338
91222
2516
54216
97173
63312
38731
4505
13972
13701
93336
70992
3225
65486
20120
34710
55646
63278
98090
172
71274
20825
40539
19687
80556
68403
22545
51865
32595
88713
28746
77423
41676
90863
99645
19237
55456
43692
87196
17840
9718
96600
12546
57079
89671
5409
67972
8789
49950
17387
85083
16605
7423
82559
70595
96081
44552
21040
99178
54900
45820
70249
732
97676
18809
12148
15588
48542
4286
14118
11761
92075
82859
41411
14559
72372
10183
65702
81903
51467
8663
47812
97766
76935
77126
50603
38620
38252
30450
75580
22071
82012
30959
96619
48430
44607
75968
14835
84466
634
1094
15654
61464
92135
39435
43952
40340
83210
37730
21268
62696
90805
85520
11099
21068
26902
78
60490
25824
35118
62631
10907
7890
40805
37429
81861
53742
34179
71202
85026
91048
91090
999
50859
22881
18212
53100
14300
69452
29697
48948
5862
11575
98423
46464
62340
56211
88812
37509
82912
86706
12789
19902
95011
66429
5584
24803
96270
89435
92813
48935
44134
114
76924
14194
75026
4802
4496
14214
75216
98950
58463
8963
10756
35117
55459
13890
92963
85485
58154
49199
98401
39177
70356
53050
71452
3448
42311
42304
96128
32059
5154
71100
92811
98613
64769
88797
25563
69520
88300
31872
98967
14312
57361
67535
86887
83729
18557
80973
69185
15141
11336
39587
41968
35121
21942
77942
69712
75337
7054
45278
25113
46696
1780
76082
4800
93686
98317
32841
77927
6173
78736
98215
9494
88654
47272
47515
12280
44133
64838
90486
93299
62826
65692
9816
22675
64196
56839
59605
42353
51856
84115
97653
26661
31798
18491
60542
75260
53831
4282
40201
85070
71447
14440
58766
31483
96269
13454
36497
86779
33689
42233
57207
61233
70184
33504
71711
31103
32491
4054
30458
97536
9402
42771
21537
44543
48072
28271
91649
1011
95065
19236
78038
20909
42075
11773
85602
10645
44787
65976
45373
33803
43818
15059
16714
57005
88321
4501
6208
79737
9565
3499
13352
7493
56136
21421
91353
87957
98981
73430
69713
60771
63370
56750
76334
1952
36962
30715
82030
72582
8246
94541
43664
87310
15504
75018
12974
73045
10365
60770
74443
26423
56244
68228
3479
42786
13921
96775
52331
6463
2996
41371
90985
63782
31984
58014
414
37323
87773
16049
24840
24003
79390
17947
64973
68888
396
78623
55694
86869
74277
31314
3692
75120
16738
11607
62339
36334
2688
93497
62075
50064
97151
90845
96907
59112
34428
33552
72101
52253
96591
3448
39866
53928
81084
80149
60178
34116
44876
93288
24152
80396
78864
2448
7043
32988
52795
48941
89725
66013
99470
15567
84221
6692
12654
74967
60734
61142
93370
39370
56210
79123
72245
94915
59498
81621
34
10991
59410
22174
12760
64731
86808
94328
65066
87099
95831
39055
7554
35139
28080
84638
23477
75856
82138
21749
13214
36956
46265
48686
39585
94930
80752
89106
38052
7585
15842
26441
17696
10162
48328
92335
15256
36039
21420
38403
56038
55225
23564
4115
2903
35000
62382
3365
1211
19943
28253
90804
365
87337
91467
17616
81561
89677
22428
92643
81173
85979
6993
6120
43447
97006
80739
92359
60296
2129
69436
76903
60522
62713
39108
83097
31813
52550
77177
72478
74948
7423
33387
57640
48556
47722
4967
63883
96952
57403
43379
21050
31599
42954
19395
94899
45963
23561
594
91537
31671
67121
16913
8883
60127
26925
16598
44539
47735
94513
67354
15764
99019
46637
29833
51958
84758
12507
14899
90557
40323
16509
11189
25471
98695
39175
78198
26276
41466
56285
98300
62475
77126
529
6099
61976
2717
22130
26330
57944
53634
28613
22378
41053
56731
92683
61498
48656
67714
91373
13312
89838
53609
8079
48986
45125
91462
63958
17816
80752
51152
24422
42010
38339
96360
59896
39435
58187
55633
87177
45534
13711
21620
28910
80855
55686
72739
1592
79509
98709
64376
20146
48177
12642
94877
40766
4583
41158
92698
74656
59655
96295
19225
18285
34500
9736
11307
20995
66304
46375
25503
29065
84866
11190
77734
75733
37763
96971
66881
88349
73096
78474
32414
68471
10482
47778
82419
4834
47835
21734
74224
17646
74618
74037
87777
6391
6953
67036
11137
37808
20215
50962
79444
23197
80218
27336
88492
82004
49535
53911
82099
74296
54232
91166
92292
8872
58921
98634
82757
97969
93643
53673
43803
38159
12439
26565
66321
28879
52317
89310
11985
71836
86890
36578
34202
98227
52847
91647
76100
90057
50820
49408
30932
45099
53477
41947
76587
61816
37919
23525
60028
97733
67826
96292
27448
80802
34790
79017
14006
51191
20221
76995
69494
163
61334
10610
14253
58641
82046
63694
19287
96621
73085
55851
72333
15881
53102
57019
80454
24230
99118
74431
29946
64846
35029
15701
94149
36400
93661
84139
50774
94405
95340
13463
4963
6406
44162
64687
97676
60022
11507
688
55760
31747
60479
17637
38775
2588
37170
72933
61972
11892
32481
60650
13088
3594
67718
27290
92777
51800
33630
38099
76111
74384
93973
38806
39573
57610
93934
76752
45988
18823
33832
18907
14558
34579
48874
65219
36913
67216
89844
15906
35044
93795
63375
64995
6759
24790
80867
20905
72892
54509
52028
70147
17563
98950
76238
82067
87855
94776
94599
60421
37461
74959
33022
44910
97780
56459
30786
93106
52444
54536
95636
1757
4108
63864
72447
49779
42415
97830
60734
33104
23790
78520
41374
68856
96749
14114
87703
30537
69675
40272
39297
29964
81235
96538
37464
66630
43237
60358
30867
84856
18670
59959
60647
18703
23529
27927
7832
50239
53534
16128
19700
55174
37909
20691
64078
51491
42096
42296
41222
36453
99509
44234
93344
97318
7025
48168
91807
445
42834
97039
97799
71509
27367
89845
19589
76182
18135
41469
64154
11305
99449
96801
7055
37514
60194
63147
81106
65377
93854
51215
84876
96538
36703
24845
7111
5608
60806
31543
58155
48078
32238
26853
64671
73674
82014
38100
80443
99152
4637
23124
80490
4755
9439
36114
85709
46601
76033
85668
25771
65126
63896
48116
36843
13084
87317
44094
26723
34587
39002
59589
12202
47681
83234
40549
32948
93883
28235
50543
71060
9352
47969
39957
52468
22512
21034
9758
98224
32182
36509
2290
5078
93306
6736
55778
58416
94416
11151
39058
19444
85492
33196
5122
73491
658
62864
10420
61054
52317
52863
17977
44377
84120
48441
76773
69807
85381
14648
49126
4338
69864
41213
15411
63014
31475
48586
47721
65995
13946
72219
91807
24924
33255
59301
65364
79325
20736
72749
55414
71573
69201
43211
69488
14952
64805
7769
33632
57064
98438
63547
14287
72297
77530
67601
75308
63275
92007
85481
48005
49697
53792
2575
72823
76718
53266
58041
45116
66542
29134
32293
68069
38023
18478
22408
66586
57296
76124
57246
4055
85742
3234
62275
65061
11337
90146
67542
57578
93708
68412
43940
95954
27514
66345
20
97030
84746
89443
25484
81117
95242
48360
54051
76459
63862
90090
73544
63679
63466
24017
36565
8877
33301
68927
94572
86446
70122
82453
10233
83391
52577
89571
64878
45253
87306
59278
78001
93338
91051
20181
81094
76453
52629
21713
21871
97050
11945
75498
74438
65697
39308
86475
68216
97504
29006
40275
94843
76664
61030
53390
79096
44765
59437
35216
19159
74468
54397
98889
9095
67735
38296
42528
40725
70344
64583
44937
36062
73069
20017
5834
79479
74219
1923
67770
51859
98436
42643
8468
13385
60595
98624
93341
77325
4840
75486
42078
72306
39275
54229
86325
75300
82690
30505
93326
24094
91001
78110
74747
28734
24806
67036
50462
93074
90025
42348
82890
48013
77015
22557
54348
30951
11581
65106
50269
78487
10218
48637
21619
87388
71642
1374
87062
94453
80253
24210
83917
31707
75032
34680
24631
22618
40230
58376
11533
40090
28494
48950
15332
20906
71091
60307
69684
76846
52019
99876
80468
97536
81661
75758
33611
2794
81096
32592
22557
80429
69783
68328
59763
2052
75031
62341
46042
54710
99126
14645
44604
41392
89766
31291
22140
84496
40441
53985
96566
59553
70255
77612
51167
49775
83878
16235
77945
15960
78060
93509
28920
55595
68416
19633
63061
91837
55675
34395
10262
21752
39735
66781
1244
48192
71767
13172
93531
91576
31000
27336
59590
74506
41912
66645
45587
84149
50954
70726
88540
21399
51411
85073
2452
12168
81949
16291
86444
87206
40479
51397
70520
55827
35285
7658
93710
87733
83604
47162
51384
94582
97541
32802
57331
6852
67609
94442
9078
66548
7072
54813
40408
16284
40443
25362
33509
42758
70335
42157
53666
44399
86052
91713
40416
42679
24494
52997
38722
18121
56514
86953
73605
59299
46552
29143
44326
19029
70218
66456
11299
50595
33202
94052
86373
63925
61944
84654
84379
51225
6090
26773
57689
60760
17722
59292
21108
6174
9342
14424
62426
83840
1455
86331
18117
75769
21376
47633
10930
10143
61737
29763
84405
64751
6881
71850
97269
99648
65434
76746
7356
82764
85789
23880
68052
51535
77321
59433
57735
93799
52508
55876
31500
77187
39998
3797
25849
90684
8852
15214
87582
67441
83917
46589
5190
16743
84937
13698
64603
2087
99708
23125
45927
60445
25773
35579
10413
22257
48065
85670
9069
5581
20338
17262
28840
55847
41586
72866
66691
61642
31672
8668
31369
96970
77660
44067
32604
16940
51802
47299
40271
11352
71755
2162
88509
13165
8278
87325
30589
33480
71198
44535
38551
20921
22345
83550
17644
84603
92339
75841
38360
87197
52082
3160
70125
55783
90817
86763
6549
77904
64788
66617
34347
19492
864
45455
34925
71096
41050
77620
19431
42251
47428
86369
73845
55004
73141
1077
38508
28518
67028
58530
23652
69353
89456
25119
45889
53042
4732
28402
6116
94497
72423
210
47876
79986
32600
8581
37023
59686
24887
73969
91926
21749
59590
49835
72827
69701
23734
53448
56789
71233
35594
28927
71299
52851
33885
52985
7171
88720
66602
28558
28242
54418
61934
31119
53090
43256
95007
50498
33362
19630
58421
52016
53723
43093
80179
40640
29084
78686
47420
45835
41856
77746
97573
16385
7357
48489
93326
91326
52848
72946
77420
70704
34324
79880
23209
84459
96880
61040
38480
88426
10408
50510
53594
84212
10177
12588
227
705
42581
25904
19377
98951
44801
99908
32940
9904
10075
84887
16987
34928
71887
233
30302
54063
13682
21701
80940
36317
71501
93912
34390
4390
20328
94868
16708
86337
2390
2550
68291
24328
10293
86768
75745
61687
27232
73107
12736
75365
98399
42880
46031
21650
98371
46732
83940
51018
25409
1313
56838
92961
68792
3757
35203
69862
57436
64945
89465
50516
3861
35361
48318
98697
60967
62082
49692
24020
55309
93347
47799
53438
70337
8453
61957
34594
56848
94813
28237
75365
60273
75438
52976
18662
81456
8690
81902
28275
87551
2121
2691
20862
56216
86764
29493
26015
49259
47171
44162
46247
46489
1053
8851
423
59844
30585
5699
1350
9668
43790
1994
41302
257
39864
41436
40141
83480
69332
39058
4581
89962
22902
56891
97222
16384
74126
46627
30569
11429
36709
63822
48798
11388
39654
88710
40949
35233
90413
75576
30072
956
22604
90717
86411
84666
1592
15263
28408
28321
48989
80905
46686
94646
64176
44763
14474
50684
27577
54777
58119
96403
97194
75735
14086
58540
24432
20031
90526
94310
85467
88773
78683
104
25241
37702
15953
90696
29322
13299
74793
53290
51415
92974
90507
33548
72822
2539
90915
95249
74568
4959
85284
50698
67178
13769
66642
51740
32652
48301
13806
786
17553
13585
84505
69825
48211
18645
8810
5572
71353
75560
20334
51792
28594
46728
84379
51867
70679
18543
14991
67551
89912
16588
41047
4257
63170
39157
67781
92983
50588
22391
13559
44044
9076
27086
83309
40768
35626
64371
16799
61799
469
64828
99073
54143
27699
37395
64542
86248
43157
27818
12649
95235
67158
93431
64463
97606
59502
89437
38937
20347
16174
25444
7975
33176
39968
81185
67397
58154
3220
29080
96710
60036
95812
71402
61898
51844
35852
3988
69475
65108
20419
22032
42159
1018
26857
13307
6560
48293
24705
71154
55295
4609
6665
97873
67899
96878
62115
44116
57424
45106
70182
33186
75362
30823
26617
3424
72202
90377
12873
1791
95566
28078
1444
32439
89413
67207
11047
70824
32629
1661
64350
29466
43403
64063
94372
27469
22495
11605
17348
17829
38216
92430
82946
45833
15734
57672
26118
66951
50294
88592
90991
73867
80267
46344
26112
10912
78963
61220
60415
70538
3198
65839
60337
52979
23720
65931
41636
2413
6292
4452
64580
35180
78464
89651
32017
26595
2940
26784
90771
48640
97880
34755
69070
3442
4894
52225
17331
99330
34181
30197
57145
54613
87733
59945
91966
2929
33173
36838
62888
58411
21844
1507
6282
71867
14148
78597
13638
3641
27829
15549
58821
74163
89059
94293
93326
67228
92823
13946
78453
46638
94906
20659
6179
59117
8966
97759
325
99765
33514
58737
83882
26618
32798
95340
69587
15177
16365
8978
43034
23442
89606
87493
57688
39875
96015
87254
46080
60631
76170
85141
48092
12937
1875
88335
41649
73850
76919
60432
87443
92852
79822
65909
53863
14935
86301
34309
23460
81875
58490
15004
4371
36492
95809
79285
97434
69606
53539
31744
15201
26675
90821
46347
37602
92092
45434
20398
2044
40747
2800
466
29536
87916
95862
7686
36585
81277
80799
29151
14658
34886
80310
50048
10002
73765
59205
16200
49703
31817
96663
91190
51678
38197
27607
22689
94015
45161
90606
89147
18649
76697
66312
75796
94123
2107
24487
45877
20314
7995
87779
3561
81588
77990
53552
59723
89017
82697
89753
87360
63220
12885
51533
18783
78465
40724
50526
26120
23869
23758
58732
18345
58839
6249
97286
11479
48311
32440
88013
91410
90404
65397
32285
29774
21341
69545
3382
83666
61793
58587
56551
73434
75189
11418
18298
31681
17146
33873
75255
49824
37842
11580
85041
58027
53983
18058
71440
26300
56117
37551
32940
61101
17557
34131
18976
91781
94568
81830
76127
88572
27723
32303
54991
79860
32682
49911
43896
21683
32950
68803
63580
19733
4186
282
26028
27542
76608
64106
24237
88938
27587
494
9049
58971
57035
63043
77141
27085
7992
38473
73815
71437
18261
24340
29602
92922
63341
79782
24148
59340
58188
61259
6115
99935
75354
83238
14069
97879
75027
44940
47411
39000
19171
10839
62179
6784
80507
42868
9047
47760
42506
77397
17757
54968
626
64840
49899
86112
77864
41257
5466
98431
67611
85876
11721
44071
54031
4846
66343
91112
4741
24989
32301
28987
52768
69254
49629
93706
80457
11749
13700
69704
41387
51190
34475
82764
8608
49495
5144
12413
86568
38273
1805
86026
67085
13549
11876
87559
1089
69188
52874
92602
97721
37053
3240
9858
68600
67760
18167
31994
15099
7062
66071
28494
12608
91510
18502
61238
83521
35200
78633
18438
12797
17226
98421
68424
94022
68097
70362
97737
30253
84057
75610
48712
45709
88894
38778
95744
7277
86935
92892
77876
47218
48329
70356
36794
84351
78492
13172
15371
68945
16291
67340
80170
85033
22075
75481
85983
67800
28504
57043
49594
95964
66082
17703
3221
56461
91623
29441
77985
70272
49557
97873
98726
38666
42609
92771
12886
76342
30330
42343
13503
29318
31346
49540
77309
95912
73256
99733
40711
45417
66805
51872
67326
12340
94280
23577
41635
32165
19417
21447
83922
32269
85185
84319
89027
6624
15657
47340
45883
35082
36734
12851
17592
6277
19264
14298
61723
83477
45919
63465
21612
88676
46147
16096
62051
66174
74664
85743
85530
42920
79782
1939
94901
31402
82554
92606
74492
91634
4141
82287
44327
51683
4454
25198
53993
15343
22428
11199
17286
7204
6724
52242
96704
15450
97990
4080
86718
42002
68119
8551
72584
4150
37049
40955
12914
79141
63773
29703
75221
1115
43378
47702
17742
98563
29045
11847
2166
18482
90352
97222
14734
92248
90510
31732
54523
1915
91676
40692
84636
34530
2999
87393
48951
53884
67547
39588
10649
91936
23419
64338
48158
70102
96626
34588
27475
44712
55
30419
13823
13911
78551
66309
31036
82111
62356
84064
10543
62734
29018
92290
39024
56556
34566
53878
36620
13463
95672
54860
24370
28977
48586
5152
18884
76905
26645
12771
87029
52138
62621
36002
66676
67537
84957
22271
29092
54966
57128
64676
93122
55955
91215
68557
95208
13063
34058
3087
27691
61659
51447
13046
93245
4731
97325
40133
88315
73777
2278
76560
11035
29543
51992
17042
8163
94479
42734
3982
74019
6819
96146
90188
76856
42303
42628
93434
55612
38114
50166
28477
77011
78875
11752
50107
7604
72765
15433
74672
20559
66459
58790
81699
24933
52915
89382
79181
65872
82050
78729
25074
40397
52152
13982
171
59654
73360
8380
62006
38535
48433
21248
43565
23239
33394
28173
31547
36080
35969
46922
77279
15796
2002
69196
4087
64690
97394
41508
11951
41723
4831
47353
37543
65712
50048
93616
35530
3617
78113
31039
63504
83927
32009
52887
84515
85865
45707
89592
5393
66891
4117
42013
75254
88524
27161
52838
18904
23215
81213
85651
14058
43461
31223
50203
79756
76982
84287
21575
76004
43296
11499
83740
82647
18872
83212
49796
53366
6684
95656
81165
46976
11136
35263
39213
13858
35448
15
29503
55301
22859
21287
66451
14335
59702
63254
78728
91897
39336
88978
4081
6256
52562
40138
79290
38449
40389
79078
87780
72643
88188
4002
61397
1381
42355
21493
95096
95612
30372
4962
64836
57227
19123
72291
22408
12232
5015
56746
58192
3510
99521
14347
88158
40566
59031
17179
62904
38650
64985
70869
49588
10517
25977
38642
57230
10605
83073
24218
89203
67349
68226
836
74493
9215
41908
70087
75686
18741
33831
40010
16777
13619
93918
64377
80076
20312
8494
84372
52342
17490
1141
66914
98167
59193
10628
23157
15451
70409
35357
21076
53
92605
83919
66442
23748
70155
93021
91156
8702
43863
94392
52581
51390
83176
97040
67281
78987
318
77907
48355
8631
18550
25544
20831
77678
29743
67502
6373
36071
36273
67108
84271
35850
73677
71338
54651
43113
39404
41749
15383
6564
34337
92765
20380
31682
87687
87595
5190
5964
61828
69808
43137
52927
27078
33100
87889
12056
17250
90342
45193
5146
25151
28477
23391
69601
13151
64697
54035
93951
24008
19146
65242
2796
43419
60740
47813
78961
67309
31393
20513
9882
20757
10924
3656
50655
22899
18539
3095
88879
29038
92406
65925
15655
87839
7437
96640
70175
34828
18808
89168
248
63973
60417
24942
57442
60837
60682
72975
7656
55519
2165
99042
43962
94465
94651
50102
35427
2767
7117
11074
11852
41672
35900
272
21336
5834
744
55841
35406
24188
13688
21672
74212
70022
13212
11306
99505
71069
26892
56785
98991
44380
59384
88748
75958
13481
54674
74935
58577
91620
19021
79807
62254
24029
73747
94631
79860
23968
34446
97768
82315
97505
21832
36214
93964
12650
93820
13134
65
25480
63972
51931
77670
37551
79103
94888
68562
7595
74293
14563
18551
77469
44525
31058
86241
97528
69392
96646
81630
98081
37072
54678
51560
26580
88340
55707
40834
8551
21097
17067
68483
77828
44026
90667
77742
5555
19004
35833
26350
39741
98320
8740
55918
81124
82919
49447
99681
84499
96951
30913
7954
78355
84082
17358
7657
3747
39540
20410
84052
3269
39919
52719
63974
72750
30027
36426
55793
47494
44025
347
55128
48716
72539
43631
54100
5788
6791
19198
42491
75610
38561
87660
93992
20036
23449
1195
40636
30599
20272
56898
90033
60091
99048
10564
30283
6252
41322
13112
73324
94762
53664
37584
66719
9456
69400
39759
17219
94677
22120
83453
82636
82684
64450
55998
97564
79686
30956
62433
87410
68451
67212
5021
27591
96180
53685
41243
78375
85151
97512
49928
75645
55558
6009
12321
44681
9306
62428
11713
59204
80946
62758
40222
66681
49952
76203
87742
72679
38197
51156
42602
61544
58911
80120
12553
70725
4017
83262
50954
75544
23058
24229
50152
43030
51586
25676
16222
35457
76814
96093
38284
51992
62198
40162
48218
97694
92856
74493
44126
23476
25700
16493
83101
87999
14771
98554
17429
14202
58920
90172
61709
13475
49712
85671
77478
45734
17211
98405
19072
93938
71480
10918
14731
24283
52011
59194
36634
68194
22156
4261
99656
44440
20440
20805
51883
2156
42346
47908
70876
31638
83039
5242
82518
58215
50814
3788
45950
3158
48449
49924
1826
13107
37232
34828
35423
30733
35638
88037
70262
13298
83138
23247
30442
545
7478
46690
88198
92006
62393
72084
20088
66829
47433
47364
97909
23582
80768
76974
70205
80363
72610
97464
70924
27451
62344
54463
26417
25725
24420
96099
69327
60534
5738
74490
29176
26491
4367
67816
88614
46181
71182
7293
448
20413
41844
22540
30837
72454
46776
48057
3437
81588
80873
86054
53351
20150
23824
93010
68926
95233
52146
8239
11010
92954
35010
87215
37273
71594
73512
77479
24026
31387
26801
94446
27424
54893
72813
83003
51773
8051
727
13867
97355
79628
43957
51622
94483
13973
14727
24006
41260
20585
63100
33697
52272
9941
6323
96902
40365
10533
61428
62749
3788
629
32821
34507
57954
31188
41126
63651
74871
98171
76356
51506
57743
28025
82480
5429
88769
68882
73794
39999
63717
96462
54079
58312
85746
48787
14191
17160
1396
56028
68088
53202
90503
37543
22867
80104
96746
52959
78514
58367
33940
46026
94731
86248
59936
95615
47490
14415
71672
51341
35096
8622
76142
96256
14704
45089
54356
54589
95780
62953
58010
35047
82761
57755
94520
26929
40796
12730
63862
34547
62187
31632
36206
93163
1228
20582
58800
20235
2037
67053
54835
35560
63690
60982
15856
17340
10433
2968
29635
94318
36037
68369
14905
99625
83341
25698
15185
10337
20440
24168
32818
39005
98290
65183
72584
51570
22023
2676
47808
61467
54437
36708
87155
99536
30825
55308
78093
75077
54377
43904
83656
55096
40634
37584
63479
91977
53358
60528
15109
77960
23678
10578
83694
50016
66824
68200
55176
4451
39772
83020
7628
28713
51059
5675
50142
90288
16717
2501
72273
16348
72828
90874
46396
81265
1457
56561
79635
99806
4651
70877
59577
97905
92057
93740
64247
84765
44601
24703
23566
42151
18602
4500
62779
40474
95150
6068
28299
94757
88299
1285
61186
80599
13638
8529
10184
58873
23489
43461
79423
9311
33267
49406
82724
20410
7733
16196
63024
46179
83465
72591
48410
34411
60685
36825
63810
82894
95899
239
87871
93089
54824
24889
37850
913
7254
71035
38758
28764
6799
11185
68119
17209
27252
61203
85263
51066
41106
52372
5275
70590
47323
39276
96042
22446
22014
86735
64366
50181
18538
3303
57596
65254
45493
17206
53855
43897
50347
14843
31478
42300
20666
69062
69309
38403
58259
22128
78154
32298
48013
36493
22061
80949
91399
92344
76371
50599
30931
81952
74646
88394
24484
23607
90453
8705
16202
79587
6418
52853
15290
24873
60811
77007
30004
88901
32798
63525
94140
96432
24239
707
48235
5858
53797
21433
46253
26372
55805
86800
63861
78023
66253
72054
31992
93049
36259
42615
1733
78829
40872
53770
46185
6818
99058
37950
47486
61413
26356
19642
8596
86579
6261
38886
91355
75478
66496
70065
14255
12672
44694
80969
36255
63988
60083
28422
77107
90989
55450
63548
49434
51662
10212
42339
91612
97565
48619
53842
32404
12537
15218
50303
39036
20862
81564
66156
37985
2388
10478
83027
38553
7689
92787
1859
53146
75616
52356
47277
6085
66504
6458
5035
77064
82099
67673
13905
62852
40064
92661
64614
34313
10146
99595
88502
41745
34574
50062
99032
10425
75848
4918
59735
9922
36621
22747
96124
34794
33722
271
32631
96578
63586
27874
66345
42511
23265
22798
13774
36500
93082
93686
47402
15269
44315
20335
77287
72189
86530
53091
10315
55118
84618
56649
13097
12871
57366
51547
96876
23141
88786
19932
46155
44695
45187
77493
44584
95478
84791
19499
59717
24896
92597
63565
86727
36938
46263
53261
69201
80759
70660
7519
75289
50083
55118
85552
52859
83417
87163
23672
14296
40468
30593
11982
33402
30935
72376
42247
63707
26850
9042
96707
59368
55568
28140
77509
30383
99898
14150
9489
51397
41552
80244
11373
41002
15445
22835
27248
80897
41406
58631
51476
53541
5153
54723
60628
61324
66506
13840
42798
81384
75259
10181
53086
8165
20847
47927
25056
30857
55780
45526
2961
73000
54781
94633
16063
40326
65011
22864
7423
81372
75611
55351
53124
29919
12599
49443
50482
48920
50426
22931
36950
59101
41367
53764
55846
90449
1525
17621
95218
71357
11283
21467
27956
86776
29435
7138
23543
89932
75573
15613
10919
40750
35666
39391
25585
94028
88344
85638
10379
61849
40547
94968
97776
40261
16455
37663
21756
19049
92327
65313
8801
70719
16369
34401
32676
48527
74430
9029
9140
54377
24971
76185
40532
62708
26268
84271
35684
68898
86577
59902
55557
24096
61076
78331
72514
15913
11608
77936
11959
16717
66000
39853
75542
31315
35159
46651
74553
8281
54983
83344
93488
47083
51142
25397
53461
69688
52042
19787
12009
44943
51778
3257
15924
34659
78658
47914
39752
48147
99540
60574
99885
26612
29698
37271
81391
94148
88202
48665
84280
82884
81747
34222
3469
3955
1970
79890
4812
54300
31034
5255
12265
81612
94319
49244
50382
84638
69340
86398
4302
49047
30370
8391
8728
97495
57940
11482
17642
78211
9809
1923
31668
49599
61017
68445
66570
70249
59740
92208
96910
75901
32803
63460
51060
38808
35555
10317
37379
27390
31626
15375
33314
12422
16093
28064
20162
11744
68856
89324
54753
40566
68559
43880
60875
77762
21849
37594
36782
93451
14829
46979
95896
51651
23877
65654
99128
50249
46346
57216
22672
57433
48445
72756
92480
56730
94795
78470
46089
5129
7192
54592
19167
64419
92511
73937
82059
36415
48495
38423
27587
4102
55031
31153
65381
62336
61785
70408
38708
60918
60128
30469
97467
35040
21562
46014
3228
13622
99668
39860
34518
51268
12148
1395
37969
71436
84630
12828
34135
62430
38675
88447
70092
10316
65530
54780
18104
87033
65324
15221
85846
5680
82995
97519
61760
53304
12272
6186
31983
53338
21811
30397
72070
92444
96587
97151
29645
70728
54921
12585
36902
97501
34485
69720
59057
21927
36414
1947
17099
75902
30504
74770
11662
92518
27745
74226
32584
14777
74578
99152
51831
51718
51045
58241
20671
10267
69533
46872
38293
32983
83411
92765
74671
338
92168
81552
40260
21445
52497
27905
76772
56214
1996
87245
25742
2921
71326
89999
12985
21110
26026
353
5441
6458
97469
55475
95732
12272
7171
42513
58460
52350
17462
26383
75458
10401
87463
16796
64672
59473
26515
92006
84988
70363
80147
11906
77084
40281
7662
12086
64930
41979
30339
80402
47762
9565
62767
38823
44
43082
59087
5347
22099
11395
71361
92433
26426
38222
3537
94611
6125
48247
4058
86245
10065
42185
76644
96442
12031
12585
83990
69585
50148
88682
9484
33063
80123
95257
92221
59269
22357
26446
65168
71483
40788
58501
894
10994
76850
53534
23468
85209
9825
60403
85826
36647
95049
90001
63906
9429
25468
40175
49060
48804
50319
89195
59010
46493
96606
64959
58622
6178
91517
79596
40406
87809
89719
60438
29070
81567
61821
74863
60148
4137
92643
59057
63438
99316
35410
84609
61945
28206
14548
29510
41628
17045
1507
90166
98398
4112
89125
89463
22638
75326
17848
43807
13124
49508
37961
38067
17588
24411
34203
44260
93292
14209
64601
49355
89896
92987
34243
43819
78052
53842
44008
52506
37652
43467
59832
21169
959
19107
49228
46242
97084
79237
30808
41396
67171
67475
88158
45291
13397
49282
3854
4232
52779
70760
23074
66233
75988
26876
47688
68905
76464
15462
80164
16456
31064
7083
6480
91403
5014
12347
49834
97651
93631
10552
45458
59983
17754
14779
17834
96034
8337
99016
13368
21662
9745
72681
23737
94740
24353
15014
76879
75393
68726
50178
21121
59589
86819
51917
78760
74880
3599
7137
95550
96054
10418
43024
77834
98460
49154
17320
57300
12740
95067
97669
19655
49935
16000
94752
97950
31884
91884
84954
45973
84388
30275
1825
7855
99164
54071
80429
9323
6021
2508
44131
74248
37670
68650
95141
10219
51032
4165
29083
34243
64799
47781
18216
76861
47112
76791
84116
70220
9054
72564
24791
10133
91787
64705
78340
10869
69964
95468
4043
82712
94548
28085
74983
88680
66523
81451
85984
69303
67929
81254
90804
17409
23831
64594
75529
70688
72236
78882
4484
1041
25127
3027
26836
12089
78849
51373
60831
79121
8667
87445
97122
9556
51349
70614
88272
95908
53240
26978
77415
12938
16454
39171
90429
88855
75950
52532
58873
87569
92672
40359
41347
38054
82917
82573
89443
2396
98763
54546
75906
80884
99970
19600
79715
23850
26596
76877
16280
7048
96039
91992
34941
15389
99793
58071
17685
57537
81528
72397
85762
90099
96818
51050
42628
63257
30154
13618
70258
56153
92724
51741
21659
37829
67066
58080
40741
86863
31326
64184
50891
54199
7488
1854
12998
86517
20904
31676
97185
98632
32742
21237
86769
4646
68880
35106
57718
6023
81726
87988
28599
8906
87983
36683
48058
81401
26425
83371
41215
30058
87603
10865
31789
50769
59284
22481
62349
61624
86182
14829
89194
8922
2632
57858
15652
41756
63062
44455
65633
91052
63596
21373
15030
4558
58622
95229
12938
89125
44924
632
11001
79509
9023
80529
92085
41542
75932
9442
92963
30237
90850
86643
42299
55931
24935
96019
30761
96463
5913
78620
39786
13430
8232
11600
89657
33253
95846
35062
55234
52677
63813
21547
73981
78436
55505
53443
40994
7423
7779
59185
76498
92130
85712
66485
15123
73724
88925
93553
73027
54309
2319
85612
64696
48037
16118
76720
4905
37282
76133
7429
22093
87182
6266
94700
74387
35318
45970
2789
37216
17893
15551
72510
20917
25298
75888
25859
33619
53230
11274
34256
91581
16663
57894
99552
61986
39758
91597
21934
12785
75434
11370
66225
96635
24002
28921
88450
30397
81574
83899
21864
44335
99405
88573
44255
64969
18914
45976
92068
74425
57223
28011
782
16389
6139
29268
42685
52872
70993
37728
67233
90434
177
555
39262
66149
55326
37692
17603
78839
36433
81405
27667
71037
66811
68459
52907
23634
23038
40255
90038
52042
93209
18897
86769
17921
83351
20504
54577
31661
96750
58693
2016
90312
99473
94484
27758
93240
77905
68305
71030
54265
5792
16521
61008
30437
25795
58271
70149
7345
52405
45421
51782
4309
66050
14883
53023
53868
75659
57477
71089
23948
50286
19080
91395
5751
33948
26883
13252
96270
67276
24358
11895
11798
67036
95508
89587
50603
23353
83042
66691
49447
26880
98051
9463
76862
16076
21882
89181
23170
49045
62363
49954
9155
16279
4086
80936
30308
98160
79776
17580
47685
30259
23440
37717
86681
49864
20272
9826
32603
2270
9367
51909
59378
69919
3049
83743
1738
98358
90621
29806
34252
51846
65230
50036
3673
44269
46732
63683
68829
67238
15445
14812
53633
82710
43187
1247
78842
84997
66891
38671
95795
19034
76000
20492
11309
50406
96139
81817
61647
70388
25035
33663
44049
68241
13917
1678
41213
82512
7410
49048
28866
8510
80080
6941
23309
11819
43364
43996
14129
15516
82431
34315
74337
72983
21150
97246
24661
3066
25405
18708
34324
17178
11414
1302
66226
6452
40146
17141
79430
18950
67102
55736
1592
78310
89740
97623
48076
67701
87964
13791
18781
81558
48631
65941
38991
46064
55600
43980
70312
20761
21317
7024
22565
27309
71664
94026
25668
82943
96304
26794
96784
48018
63944
17162
23518
22212
30217
65188
99457
29225
58827
49592
54077
93837
38484
32804
44503
74570
70945
73555
74128
97647
24952
89022
72949
17193
33484
42821
42071
99049
83280
96628
37090
78051
33396
86258
9072
53460
89420
50237
81976
6763
21082
41991
44326
9525
91720
52608
64657
79167
53906
59522
36474
75155
95157
44959
67514
94632
8465
12318
28726
62422
35100
76771
91276
83159
35979
99002
98726
75458
80989
60313
32683
35740
38643
96828
35583
94542
10890
84895
25807
68157
80622
60476
95936
15718
54201
4060
26827
70537
33914
69066
55789
53517
64559
28845
12924
47636
14431
69655
12961
5406
37812
45497
52928
8528
60536
79817
37127
36269
80503
74633
55455
81974
31965
61484
35052
59679
33559
74452
19250
87022
82909
48179
10719
61881
36363
33293
6182
94409
17518
46719
3573
78378
65734
26416
39049
27447
24158
37247
79657
43721
33867
88783
76064
42908
80858
25882
25968
10550
89322
18669
665
60591
49700
80496
54783
75604
56410
61482
83891
89770
70812
53024
2485
80227
40485
22899
54224
10000
85372
62009
54887
40006
74834
35234
38636
95321
2876
51081
65184
78654
24571
29409
82453
11155
77855
6041
20326
8844
61336
13456
88314
72590
24477
27919
84538
18015
28206
20039
35683
29064
25864
63856
47767
15226
95247
50951
60793
47312
20512
82052
69025
22139
54538
9609
25037
41765
14540
83986
89865
2115
67320
23711
11475
31254
50091
22422
64790
63337
5484
20145
54601
68090
62916
50796
42602
98463
48023
10305
24061
40702
66203
12688
71650
10254
57484
73088
37112
29214
17394
57729
86298
41591
60736
38745
9338
73584
28934
7250
61437
61252
30763
95313
19600
23544
38298
90903
53693
43309
64826
34927
18876
5434
28526
49381
69660
49484
52691
54434
48050
85372
85513
87654
62596
65460
64025
45548
37411
96240
32609
68159
79228
26379
27768
45803
70874
3548
7697
27030
11619
28848
2518
66303
26487
92398
81006
81169
9844
52639
6094
80880
49260
35795
26739
91862
99612
96865
93499
93137
13291
94814
27049
57617
34563
69305
55680
44453
31202
11431
54702
32937
40402
37869
60898
68393
76101
63220
24383
26360
83097
9400
97270
74185
69793
74046
47309
62627
12973
85055
17060
30309
29821
53785
46081
22748
32449
99735
64251
73833
95496
20189
49395
96583
46081
2327
59201
39839
3413
61554
88860
30139
21436
62326
5143
33445
58149
74230
88303
70804
63660
78855
7483
1327
58427
54033
46522
81260
3927
24052
41243
25488
97086
86818
25862
21164
38164
54398
74301
87329
40822
37012
65757
53932
73000
5514
15794
294
9164
94170
11035
23578
27248
4468
89980
31679
72407
80500
42626
88875
69747
98083
75884
6940
16832
35373
15521
17649
88383
47976
55671
35477
75875
20739
79837
47441
98535
17310
7966
74847
6473
87972
31269
96340
41380
37525
58972
51713
60534
8414
41448
10490
1801
52123
13947
72841
68316
17677
79265
51389
78095
61912
22505
19161
98896
42156
6581
19334
21265
88687
34795
13894
88038
85098
44066
63481
65739
10552
95749
22845
48497
3649
39527
41445
55336
64471
70003
25884
95094
87938
39019
17323
98576
32653
53545
10482
41813
48538
44657
14863
3610
68830
92669
50601
63617
66408
39483
52443
46453
92601
65018
88665
87538
32401
85240
81058
20735
23653
78349
23031
509
72702
51194
59514
47628
96946
42037
5972
42678
8917
9209
15872
6783
33986
41661
31480
74412
80473
19777
2018
3383
65655
51879
37810
17408
77877
88821
55011
80609
43039
8836
61566
46653
31240
27274
97075
23163
90521
65410
94255
66995
6398
90308
80931
47112
91854
9948
49124
37754
82501
41761
2016
77468
32004
83979
82972
34800
60358
64893
11349
39917
93922
25378
98178
86233
90408
53810
11529
51328
63638
1533
35576
8957
18249
11602
767
64907
90713
47295
96180
97874
4041
54433
18717
68798
92259
84546
12327
97246
97070
30439
56337
21277
21521
89628
20914
60353
9296
63005
51702
78257
52789
11047
80663
72663
5398
16687
26970
96047
76844
66165
67415
2899
97354
84463
52750
47792
3005
66303
61987
6960
52441
98631
22070
2647
50010
88695
76760
29523
62318
51676
55650
87116
8779
63336
19357
92563
33511
25787
92874
60361
7294
54536
16126
74928
85404
78100
74161
88839
51002
48260
64292
46425
14762
69091
16944
53507
78725
2540
84915
62668
19202
56076
57845
40312
8661
23177
29558
80109
20194
67426
62103
76472
78474
26941
37635
9453
24355
58097
30867
59562
54311
32319
50728
54017
82011
61082
61836
80728
63415
7777
51468
72139
82881
46553
67797
70746
18565
59178
1381
46252
7858
28418
44693
76550
14810
5183
59186
4771
54898
36147
73958
2005
73173
561
54712
72293
73859
4273
66339
95991
73455
99547
87070
53806
34794
71700
81398
60557
33743
63511
30356
26488
26694
38961
53711
15969
59601
26373
93942
57996
61765
57233
15242
1147
32569
41249
14715
24990
76894
1828
21042
80668
49110
63239
5755
34510
33677
14105
95014
16625
76112
62597
86345
98825
92358
57807
15282
4917
14612
41942
65904
79988
93021
74598
41625
28811
99928
4771
19211
81089
41584
19222
72147
25565
1978
51728
34262
53744
2195
30511
73852
39657
60972
55807
73247
43056
20940
74585
69232
43923
38134
81945
68375
94653
16526
29487
59182
19996
9094
94376
16879
86984
9068
87160
29341
8689
5177
81890
28628
37158
36999
4103
84582
79286
47242
13256
1998
38612
2517
5554
39171
28595
30997
62055
96343
91969
66304
74692
28370
33472
9731
73669
98852
46191
92221
63116
23038
96506
8536
79931
36942
87828
39116
86667
79693
27336
46054
56592
50750
73089
94923
46982
51284
22168
67632
65128
55561
47764
62054
72834
44854
26381
41108
56349
34529
18329
99622
93569
82004
24108
6226
72381
29271
9821
59725
80736
17054
1338
54950
66978
43128
14730
37100
48318
53508
35078
77777
407
69671
30040
78837
61613
12630
67664
20563
71027
69453
6106
3128
6903
50061
16107
1626
84091
40286
82598
35302
87394
53710
60277
58983
54793
39928
30814
88803
61765
79288
65106
69682
24008
37151
66597
65897
36265
81312
13751
75845
7131
10305
35413
67030
29690
75227
16096
70911
99072
51541
44950
99934
79603
91283
8011
82759
54590
45291
47557
49510
1863
37153
49669
64226
37252
61143
41158
28907
69172
30694
75594
93088
66125
49604
54266
59067
69035
10137
94037
90645
26919
51870
43633
7405
64861
41819
11565
90328
96612
81364
60806
54237
72014
84096
84300
21188
3415
68929
88617
61913
25402
44736
85220
33871
10622
90417
21482
45331
74397
69255
57165
34090
80148
14438
15053
71117
10048
83541
32252
9511
51491
9038
85631
2806
17753
42232
3953
72221
21637
61625
13929
42813
95409
64418
45277
84199
4332
9339
36625
52812
81540
74876
16554
45454
83348
62929
6578
33898
93547
42478
7471
13835
31891
49188
38099
34290
56525
47947
2617
73364
58589
86017
66030
18028
65040
71607
95580
80120
10908
16560
2193
84631
81812
93782
78395
32496
61891
21111
30012
94496
81533
60800
12701
65212
88041
44510
78369
62544
29927
28045
90274
27862
39248
83969
9865
53778
77971
25509
51576
9293
28964
57092
91429
35536
43238
34229
82899
26436
55682
63603
1188
43387
3875
43018
7488
872
69
15514
43907
6857
61317
62671
64130
83388
68002
64817
52872
47745
5932
41243
12550
43263
77608
60131
40823
39093
30980
14713
79863
83483
88347
23037
99058
16175
70162
7898
93568
40697
60783
91665
72712
46115
53924
95935
17814
12916
58474
13313
55827
66593
65181
89460
81045
51881
97355
34430
55739
7067
73933
84838
86363
53998
11303
11411
36215
46657
11679
23008
8243
50270
94474
58694
37634
70507
95712
1620
14581
2798
71972
4366
25779
84446
86146
95426
79073
46358
50285
39942
71201
58382
71021
78989
91017
65109
49613
29406
21729
8118
42519
56549
87772
73330
19897
72361
25039
67270
84091
64771
75072
34609
82676
38444
68941
36637
75967
56354
53766
44453
42854
2952
8611
16488
63924
7883
96159
24067
56879
80903
56848
38702
10051
53961
71988
61799
40717
42562
68017
27303
95042
47026
16176
58499
63946
71235
20557
81599
1656
1338
75302
83894
96475
47864
62349
95957
62626
60389
73093
72000
98209
75916
82219
75065
72184
99880
49916
41867
31886
22721
45385
48669
49504
3155
94276
69064
52859
35107
47760
22576
73022
25644
21167
2324
45289
25595
77910
53662
48457
32700
45921
41518
77017
23178
75589
65432
51745
89902
93810
42630
9842
12626
35681
11766
20144
99669
51637
75626
60321
76387
95285
98455
80398
87820
98104
96852
56149
57651
70051
96059
88048
86328
4277
70243
86837
58117
71667
26506
82265
93116
44643
95404
49086
93381
56578
73999
11998
22223
72805
9453
60947
72544
15150
73669
41781
62597
26955
50244
79074
39390
75488
38661
76855
90508
31190
41811
95326
62974
62099
19625
88718
62499
28116
67929
72561
58247
7994
82789
7189
79608
15156
57178
40968
31186
20245
72046
55460
56112
45888
96865
94317
91501
53313
25290
88376
96799
61610
66045
11934
52659
9163
32825
79402
93596
43747
41251
72503
70713
18687
49230
63897
99204
18335
89022
32992
4793
550
19822
60501
40117
39825
69999
98203
65430
71585
43935
28778
44379
72976
31842
7105
79620
71207
96649
80935
97237
11583
75797
55895
94609
37977
15990
53483
15252
11946
78916
31195
68588
37249
67254
67382
28803
92807
30095
66466
25947
48833
85306
46993
70396
54586
49570
23694
78604
28424
79301
98494
66071
572
50940
55821
88818
69197
95581
70945
91530
70442
20351
68414
68509
95903
85023
57555
31906
8722
28399
21168
42761
50730
23380
43369
80179
23605
90735
92796
14373
40596
12329
16321
83342
55982
9025
60730
40982
55534
63725
33526
27911
38997
1488
30979
85134
65133
29217
86792
58591
18000
53626
82026
62993
97224
71659
89542
63514
59883
50990
36243
73853
408
37011
95527
12224
80686
31997
76057
23482
11505
73901
49807
7079
19915
70059
6670
37437
48894
12803
77039
5186
12316
46477
85361
75465
83778
88542
13552
39866
37603
99565
91051
14578
20390
7745
61194
4141
36880
87667
59224
51424
66508
79285
51769
70455
14329
6029
28507
67417
84033
11353
55630
66791
51925
10748
84722
94358
68903
80395
89003
69261
45301
70760
88545
89968
63236
17472
92430
92366
23761
39877
94250
66174
57081
32494
27285
94541
8550
63057
39666
91481
19503
10681
89455
18915
70530
39075
85341
72445
17487
68943
93015
80365
70092
24847
96051
82755
42450
62829
26485
2964
94228
86118
63129
95597
71053
64082
27322
36052
11770
5236
21614
9847
52021
27650
12330
35492
61406
60317
64685
8741
68574
53413
71234
72026
83737
62696
67595
64590
86485
70714
13309
24187
46195
46759
34214
3482
16250
55967
93819
37634
93125
5048
50546
26504
29828
97669
17817
88928
90828
57766
36732
27844
71877
56905
75713
30807
8272
2325
3173
50698
3631
29673
92516
94306
38606
94522
79659
77379
33086
62789
29991
91276
442
48997
36292
23755
53984
17234
66348
18356
46805
46149
27886
71218
65745
53813
29848
44457
5538
72691
4157
28974
70559
2357
24284
80058
6962
48391
57598
60321
1100
24997
24917
74034
62510
63341
29198
2308
28317
73657
46075
46121
99205
23543
82839
23021
13764
9096
71491
89656
54446
74227
79786
90139
98268
3308
94334
63199
34091
25870
73450
75307
14958
30823
8917
77669
53853
35068
51859
51923
95732
81850
67352
49362
78365
55921
2068
51106
63772
16950
26428
27530
37295
73024
91652
28408
18666
49265
64305
11157
74486
4628
20757
23164
32669
9266
19500
58019
53157
93880
92730
50967
56702
25627
13337
86702
98941
39435
20489
64622
72918
82285
1694
29364
57263
7912
91008
91270
47723
23377
78100
38995
99151
97586
93519
52480
1890
39844
79896
51492
75188
83687
21265
1542
28899
93944
6609
41681
26224
19377
59385
10736
94113
78009
52429
84390
77912
74885
952
32003
65803
63335
47800
21716
42192
69904
49474
45590
3651
95111
94318
15640
50053
28430
86500
63220
88687
65352
24234
85104
49201
4697
74227
98923
971
79997
56091
88689
39022
46341
16871
32097
47495
59951
65269
35533
50837
79268
84632
50375
94982
36688
54170
85954
35545
60742
40389
25925
71385
81595
51838
35962
79367
97655
10158
18605
4338
53034
2199
77955
58318
10525
85117
55629
77076
95524
17346
73325
39330
57951
68380
97657
26617
65262
49183
48437
38466
21634
20520
39129
38358
48725
44516
37939
36498
51526
60097
12721
83970
85536
63887
69602
45988
90515
77431
44048
65099
17318
95268
1630
76885
98402
7539
8499
15537
34370
58738
42135
56094
87310
73932
27066
50937
88552
34192
52971
20520
54904
49388
30214
3270
87752
31519
64051
98468
78607
88486
30087
83871
24685
28776
16848
98212
78220
93969
97279
23365
77623
59406
26860
2248
17572
30519
12780
2256
16633
42719
4181
36827
77304
61979
61395
17688
95988
45641
20347
60570
92945
16590
92132
58855
83098
72437
47070
75569
33274
8754
70212
46889
93980
97733
70084
4185
61780
62480
46575
3560
88657
78808
82927
68993
28088
37535
24686
94257
87230
39525
80878
99683
56985
52232
26962
98824
98477
825
39722
30092
12495
65739
351
51121
30995
91809
17449
60461
2133
38578
39845
77234
50499
93938
44523
49318
41140
80615
44982
1617
81718
77427
93553
67457
40736
53723
1119
84035
54422
58867
73276
79816
46818
26336
86746
58300
70730
95169
13032
88952
59439
21770
89094
41306
84367
91991
40832
86616
73890
86704
72689
9429
28877
91226
99804
61314
24502
69429
52895
74991
48597
47787
36215
40904
18991
6828
67386
10277
83031
47662
17953
25941
41517
20922
16171
96413
93173
22458
31949
55573
44707
47062
65419
84136
11098
34860
87229
60546
55922
50288
56367
27977
50208
57549
39436
12648
26528
14001
13369
17500
37354
33796
58892
79773
91933
35851
95873
10596
14524
31088
17718
88633
17004
72441
46669
96657
96408
98926
59634
72249
42823
11146
18786
91943
85099
26352
79909
38752
84261
76129
96627
94255
57793
22789
84576
89109
87819
17792
4293
35971
20038
16263
25875
86533
2849
33124
396
52699
83208
45189
30364
20816
17294
49747
97400
34096
62226
45667
77671
65877
19673
72295
17879
87790
71638
81531
41114
64177
49912
75850
6628
39043
98200
89524
45539
55020
5321
94158
69935
2647
74630
93697
79391
37673
62139
73322
93551
74929
14788
22488
30929
36845
57576
22359
49998
56737
91792
12140
83266
65874
56957
92172
75079
17638
41486
77498
65618
98655
93023
62216
62040
68503
11247
75981
2255
12721
1046
85771
86335
86416
80058
21887
34019
1301
50319
18672
30449
27960
4469
22212
64826
55416
99942
91022
49512
21485
93253
86546
51605
5723
58325
62473
11576
68085
6138
7696
87816
60901
48304
58823
66224
64827
49996
34865
11555
91583
16680
25585
10518
89423
77983
16042
93000
99604
47318
62327
66878
11298
86288
78698
3598
59078
30369
17008
88963
93862
12291
10237
27790
7151
69740
40600
48374
58980
19915
28520
98945
62545
62808
86032
73086
86803
64212
43710
11
63585
41079
78680
28645
26927
7992
22723
96598
45350
15723
685
23487
75032
63929
15624
65653
64208
71056
59500
17463
2989
96853
11369
55374
40953
27587
92790
38913
41577
71971
14532
60199
6303
30865
65392
29235
93805
66163
77330
14860
67341
23013
95739
9691
96178
44206
24001
39098
7794
76104
68421
90560
73794
67322
80845
58033
8257
20873
23309
51217
47003
4259
85742
35210
22452
53501
67467
6777
81681
24233
46623
49955
4839
80354
62591
61106
72058
52908
11042
22467
41929
96892
27517
15196
92828
75096
31347
33125
86701
98253
97156
76206
70192
81756
38034
10243
52530
93012
8645
739
3151
5383
67082
63345
96547
44102
60716
25492
90301
77163
61105
98714
92135
48423
71533
15644
23647
82565
55301
81717
52630
70125
67720
37079
56665
49411
86605
85028
69115
47529
7729
37434
20606
94113
71026
95026
96209
20052
41422
83298
51016
9608
29879
82367
59320
86897
11889
32456
9748
48749
47530
29412
96875
80939
48488
51044
63075
77227
84206
810
5679
29968
24546
36282
99688
64541
51026
11855
50077
3980
43506
97735
88635
37976
55127
93535
78854
41999
83350
65836
53306
98410
45284
32664
58805
19105
12147
39953
75480
22844
36893
14397
1943
2173
60850
10951
93566
44209
10691
3454
78891
45867
72392
67101
18764
93660
46981
29435
29784
7894
18620
67434
43084
45231
68038
42837
70348
47770
18016
7763
79993
39101
90238
17263
12101
87559
63846
69169
31201
23108
23046
89146
79549
79000
20750
32104
139
17105
75262
70730
63676
70657
31486
96886
53073
84459
33669
31988
81900
40216
97246
30788
90670
1122
6270
43217
97698
43482
41238
47116
85180
50601
27966
9070
93156
76243
83829
44179
10910
11979
40107
53999
48605
36995
95423
3415
48518
58365
90707
6427
5021
30106
26225
59736
34097
26297
52706
24994
70627
76462
97059
60976
79319
46206
3867
31054
66935
39189
50598
84125
74585
36640
50318
73558
96409
83713
15946
28362
42743
66305
21060
34312
97755
83776
25473
12563
78406
75793
93244
7633
75951
26185
97315
65474
78616
74322
92024
94441
39567
56628
93933
20154
51477
99442
60678
49056
81516
72515
11403
32862
3029
78507
21160
9559
53918
9082
86873
31914
41922
27375
17878
95330
73174
67179
16868
86113
30735
79146
94759
16775
960
40315
13034
31182
68561
42931
35326
75687
34292
23789
28706
54982
74160
7487
75707
74334
51566
59021
11810
19009
82838
83401
53912
78376
70421
43112
74373
76020
52550
34879
13969
46635
18412
95558
54574
4338
14360
64717
87475
34804
39609
19478
21406
78422
7463
81664
70345
20381
83057
71079
64440
73524
96953
4832
88960
70150
11326
88450
61898
975
23171
53811
79427
47855
51747
87890
5061
67111
85225
20339
4495
46121
10290
86636
40651
82393
54154
31719
25060
98845
77689
53385
53916
2137
86815
62111
64187
34628
68980
19515
8126
40468
37498
31771
5677
29770
69952
27699
86826
25929
46854
70894
73040
41962
58436
98455
62672
43525
36037
20790
9344
44678
7219
73622
61787
9707
44627
53391
50297
58681
10434
8555
33000
60271
7972
96389
72244
8280
18451
90273
38503
64364
94861
31613
73698
39285
65482
94104
60239
62475
1204
15060
231
223
90071
29183
68649
89758
28262
53421
40515
54283
41910
53844
88143
14610
16581
56232
28139
88967
419
54616
78965
70763
93738
18335
5954
38317
57010
85409
4844
45239
24534
33637
25800
35998
62381
26698
63508
11988
30698
46296
64797
86853
59782
73348
84784
3288
80309
4325
50436
83007
23573
18350
82210
71629
1934
90675
95755
85392
61480
4018
73655
50333
93415
91419
2839
41774
59358
41678
46125
35554
16112
28494
90607
19468
10156
10969
86021
79686
53189
70497
63133
91885
63613
78753
95810
22912
11525
33556
78683
61564
77813
29120
13354
43263
80700
27512
99388
26416
1766
40245
15144
92691
57626
81272
19471
38267
66144
93380
57018
60834
96290
55181
25724
1661
59810
15244
73708
78367
71614
17500
37970
12975
68942
80354
90807
27157
65629
66757
74351
77850
99336
64720
74664
33919
14151
33147
48163
45782
45931
73380
46365
80033
69228
36759
87914
2455
16890
41910
15639
82382
7211
66285
62707
41489
708
9063
2987
50033
95478
91038
30134
58307
82953
86020
94539
42676
91013
97110
59141
80799
36849
72432
25490
25735
2032
80611
64560
85901
50733
47096
70903
26234
73066
33796
24364
89916
20995
2740
66651
38747
36398
48372
31538
41880
38062
26713
62205
35830
34270
65399
87893
10663
67032
8195
22688
57038
46444
297
70172
42939
55145
12170
19106
67569
71500
5655
46344
79083
77004
16686
25287
47907
76040
74568
86779
52452
59327
13631
79038
44054
55134
12323
76888
11299
77510
98494
93154
71842
53657
92121
74773
3846
61677
80787
25628
56339
83875
77226
55711
49566
42024
79575
7267
65016
79970
79637
27099
77591
42293
23262
65077
91065
75328
70511
18199
97241
46204
97089
82802
62848
6193
67391
81257
6033
88949
97578
24570
42347
37804
85274
76674
84593
56662
12739
69545
77436
28160
90186
59055
90906
56861
23165
69902
85537
12681
25967
27861
24441
916
78738
97352
3163
80762
60801
76958
22229
31790
86421
40140
47972
58807
43013
53389
40627
54377
38610
74431
79919
54121
5197
19616
39115
18708
70160
65214
57256
20468
14340
82926
2809
93073
86914
11311
78316
86331
9196
34588
33150
82147
56759
59957
56743
98447
94916
50174
53126
3642
30683
14110
74833
52651
9626
46095
17463
21672
73083
81594
8116
11486
28524
22784
90745
38106
55120
56550
26348
17982
71684
8582
38444
65652
28797
37551
52451
70679
99826
60375
97048
69454
7423
86851
45932
42255
86674
56992
10154
82731
15521
16060
34381
85460
32648
61056
99068
31180
24104
33603
85569
30413
61916
15521
12205
23129
6872
15581
56115
40260
47935
70692
83732
17503
3228
53877
56141
6360
33211
86938
12023
94262
25490
51797
1950
7488
89422
10762
18495
2006
34096
89407
58994
29536
18709
12414
68078
1952
50208
21949
59800
66679
59145
86872
66672
70939
48935
17777
97632
23682
36656
93446
82909
27602
48108
93246
62059
29369
38982
30736
63429
70920
44959
61398
8178
28880
14777
27610
61133
220
22659
64305
55824
82705
57998
878
64529
28749
31982
6514
28352
28561
93536
60108
81388
96348
8235
61362
96667
68003
42210
52407
31865
52470
13981
8212
52839
87942
94321
88309
13359
67480
55009
92910
85515
15351
64426
36016
18534
18768
61683
57842
19048
95453
61587
4745
95333
79676
39296
20780
56645
45447
38458
35666
29008
49565
22190
53014
45042
45001
54068
26762
6900
42621
73862
12089
24578
39842
85786
34185
75053
84669
28331
56166
78121
92646
77097
19515
86862
56075
14588
28857
71667
75435
72501
28445
32682
48485
47327
85006
70131
12033
56010
38027
95750
96149
2714
64640
31731
63556
69088
88200
58807
20340
11461
57667
24970
84732
23059
94517
43062
48035
40518
21918
71254
17117
67495
20498
12363
40866
40744
84786
8612
48362
31091
63969
95468
9044
51415
35651
24140
53329
7222
26218
54761
86282
92246
75395
15612
98950
81096
82169
57567
41130
72643
98534
62987
93219
89285
63255
32728
24389
40231
18180
79074
4494
39756
8710
67811
67421
96102
31793
75285
63478
89063
98747
66050
91650
95999
44780
44066
9802
98570
1742
2830
43311
33700
8189
61989
9102
12465
2384
19373
51688
56522
2476
12460
74649
21163
96758
73672
45803
19415
34337
59144
63669
6116
2572
48042
26739
75909
22834
69499
22997
18376
93330
31570
75468
96229
77099
44480
67964
81258
3437
93698
75017
71174
69683
78525
1647
84390
11708
40264
85421
84197
48920
69886
21332
28601
13026
63226
10198
52045
4294
45858
12481
45645
86087
87047
67345
20314
45779
83316
13307
86273
15453
27157
36278
98218
93354
53263
858
51319
5774
52296
94325
17271
42369
67934
98732
28526
62995
61283
15181
29539
50530
19357
29928
83967
35370
90123
82469
48481
374
90491
9420
32335
92230
1870
6227
40785
35101
27480
81052
52592
12763
31896
67785
86553
94130
43523
88487
88613
42874
87671
54998
31413
62717
66321
42633
98411
18589
1816
82622
67940
4890
54053
65959
78048
79657
71435
13408
97744
13043
80912
10628
74493
86912
80350
34883
23459
99876
10375
35139
56426
94850
1861
60412
33433
45385
12405
29334
41665
63761
71471
79124
11404
1686
37773
37052
34201
5601
77588
15325
15964
6309
89988
19959
16691
97807
62928
96961
9272
46807
7457
1328
99771
10411
54941
25137
42968
55432
3923
91417
97134
25530
79906
80225
915
67274
27430
35842
48065
18435
48586
17628
4320
27477
31271
40394
21342
39321
43043
63602
55766
25612
69857
21707
14286
4371
48684
53026
27339
10603
31530
53445
37539
81111
24436
79154
10484
35840
87422
59854
69950
50308
64985
66429
9287
27227
22607
94966
71804
55153
50025
79407
36598
29845
19127
62726
21569
94763
68659
37130
31826
93325
97243
47242
9168
21397
38086
60286
5528
70620
98700
16707
71436
10910
27111
96861
9758
32464
24644
86725
80307
22146
71241
10950
61253
4276
53395
67305
89720
93557
44836
22235
71793
33975
53929
2015
46994
25968
21704
26534
13604
96084
84685
41954
92146
49408
39044
67691
13004
36991
29232
67255
56236
47706
85044
26649
47687
10885
65854
24830
2734
81390
15638
68457
40319
86982
20293
22063
53180
21942
4502
41869
69328
33919
46968
8336
84162
11215
33808
8824
70155
88360
14171
74048
51181
74836
73127
44726
90522
70444
60087
33058
24620
47575
43783
88777
59340
46350
87422
71202
3677
28236
95789
64257
54063
57676
91723
74092
9971
78240
47258
84855
83729
96649
3771
50936
38761
53791
90567
17373
84475
29005
70012
13340
22448
37798
96049
8893
56712
52779
6490
16687
85361
73003
51062
60385
59875
96286
36811
99426
62199
27993
49671
61595
19352
45506
70037
5567
12213
33613
8226
11075
63557
35657
53671
90859
66090
9812
27814
78104
92856
25160
89156
10681
86078
67676
34231
68322
81142
74179
77191
11048
74626
19882
20580
91381
42804
98776
78421
48300
43354
42522
12743
18105
33952
5771
70495
45874
78193
13539
36406
69936
12310
61842
5438
34029
61286
60270
22491
53025
78115
77939
75172
98872
35932
30692
71447
1829
16485
93717
22289
17015
45778
67321
41299
15477
11866
92643
99863
60691
98774
62502
14970
9093
55720
49147
47891
78426
39486
14153
9530
5280
45707
7467
61831
44564
18204
26533
77933
48785
69515
31122
34454
57107
98409
30473
52828
74379
76300
47365
53234
82249
1556
75349
88970
26248
85823
27089
36498
54580
2621
20339
40099
60316
9166
15720
18474
46201
78021
67024
32993
7271
36132
68331
57462
50633
81302
64822
36217
45239
75152
75701
64479
909
6375
2369
67538
55500
41859
79215
43240
46846
41565
95454
90951
97338
81321
16009
73474
72005
75910
85221
58356
40706
95
37500
57670
53936
8578
75738
73378
84566
84790
74656
53200
20383
46025
74360
10112
71279
48954
82533
90583
13485
72741
46828
29579
21544
92399
39924
68695
97002
47125
80392
25254
13042
31807
56537
18176
54442
30270
64106
25228
12587
62842
40246
11326
13567
14418
38119
5910
93639
64406
86720
53803
60848
779
15947
55904
424
3214
23024
33562
41626
31411
9790
7147
76311
697
25917
72634
51887
44132
65504
57381
53145
80158
77474
32154
39512
41731
16907
92601
94482
17586
79042
81990
55410
45026
5926
61564
95879
40101
33435
30586
86699
520
68374
75629
83918
36777
69514
77364
83371
54037
42083
74240
94523
6960
13148
99672
11124
98417
74360
87794
26209
30807
33232
18039
40008
40097
37516
36436
36731
5430
61693
67570
48943
46014
74196
70407
25823
17874
8197
7024
44085
84745
76475
23897
62115
59732
34823
83891
41687
87053
99625
86233
53619
13752
80393
32172
67138
61754
88116
54957
54614
1378
57896
10213
23473
61799
82333
9093
95647
61703
1358
13196
33360
43308
60826
6464
81826
25051
59529
87754
93183
54839
32476
22563
54827
41628
5836
731
84255
48710
91201
56786
29680
60928
66267
50292
11175
73316
70328
24576
35476
28809
5517
46624
81735
15579
78971
52367
93446
45224
52427
58367
87903
46975
98835
54334
64101
77039
15492
48124
17411
40337
25493
76315
1971
84568
27507
68828
88814
75098
43409
31745
85264
86134
31275
23239
54239
86338
29666
64552
44821
47836
3472
85742
42786
52268
78400
72729
11345
10701
72014
2870
36463
17829
939
88336
19766
5955
94707
76860
65576
56458
53095
3757
47075
42519
89111
87819
69098
15816
6279
7610
39932
23798
53480
85046
76569
22790
4826
31806
18861
46785
83570
50489
19844
64798
768
84556
21215
17823
55230
91009
64617
75656
73108
26988
37732
54817
83934
69684
18840
31033
4042
70
88440
32675
22257
72692
24734
28651
65972
44383
38974
32874
88990
48839
53262
26380
13601
49472
37600
73465
39652
11240
15448
52832
31600
22528
34848
5131
8104
73477
42640
81098
96484
64172
73436
72932
26438
69911
18512
83344
44598
66997
74550
55437
43050
30792
30207
12978
32790
50133
53491
88518
44518
50409
21934
12432
66163
56011
19096
33358
137
48194
61214
27672
31813
52638
43300
90809
13386
95407
98893
36721
27540
96373
30955
28206
56945
64035
10139
41514
56438
16979
79192
74159
82424
79088
72599
61203
58409
84697
56397
80704
80312
29630
40167
68517
69504
46005
54928
2335
28504
13550
74181
47360
53833
37933
41650
60005
46458
84608
92563
20263
88079
85804
83668
21522
3562
96892
19473
23928
27593
90059
56642
36181
64802
44681
84888
29619
46882
52300
66500
37759
34015
15581
66289
34872
8942
70814
56227
66229
69426
15644
300
50704
92666
25117
62889
14269
43382
50161
20555
47408
67649
33551
35580
90803
48528
26185
63748
60098
73150
7863
13973
62341
61516
51425
57496
86197
99722
3786
34645
74546
59153
15174
76088
96157
20319
65313
50939
68576
86613
20743
63862
14403
24170
10970
33777
57547
88269
14454
187
51271
38746
98899
50434
96860
7186
42288
16000
53318
20080
38365
26315
55158
29614
99597
29471
69430
53593
32397
30748
35444
80912
42878
57516
98551
61928
18673
31471
52260
59865
37592
55032
13502
69894
67567
55450
61101
49726
74078
3902
23520
92948
41915
73344
39264
91001
36861
84054
7412
64328
39371
14544
2981
35262
53159
33535
15845
5279
16696
94503
28901
27645
97940
94513
76353
47015
45733
63027
44396
76813
20489
33723
60330
33760
79695
8560
9933
79444
2433
89610
84013
82787
73467
12477
72368
95797
92067
60625
51792
68462
18805
63680
39006
68483
49245
41016
28483
55801
68437
83125
74028
43891
89834
23191
68841
80720
86103
93192
78851
31651
62513
289
69623
35444
51849
98715
3507
91560
36848
90992
53473
75604
87085
54787
81845
67122
29414
88378
32700
5411
48857
74589
9190
34462
87574
72818
34052
32194
38559
22707
5040
76638
17138
81448
56339
85633
77537
66485
43298
28198
33231
36689
24236
58748
30912
26579
49675
4093
67387
10684
9404
5951
52386
83466
39157
42821
44400
36519
22857
74204
70552
17027
43943
67053
24745
67029
63198
13004
63717
62376
89181
50064
75371
97232
87246
62997
50213
97298
51456
34135
21747
81674
99368
37865
35468
40075
49495
68914
59023
23808
36044
32398
64622
50103
57215
55219
86700
98820
37879
89479
96007
78605
64593
19982
77335
20183
38992
35716
72855
72339
81046
32698
61723
93177
42038
41623
7090
30446
360
65107
92071
74129
59685
84607
18480
66400
35416
88162
3150
11290
75857
62331
50577
36133
51856
6685
67570
33152
54270
15261
68778
69251
72585
46938
94356
90205
75078
75190
31133
91122
75275
7869
29436
59453
84367
72044
30626
85502
59028
45768
51749
19787
80689
37896
17789
64677
38639
71365
28165
215
87761
56217
18735
37678
75060
73788
88424
67771
64594
1359
45172
46465
69375
88846
95611
96701
25532
11867
82575
8839
17009
17283
94526
30294
53400
11116
91548
12667
41876
33075
92283
26414
17191
74588
8042
41965
93141
62771
95852
77928
25167
72876
6242
9576
24358
52026
36762
74665
22233
19318
15505
90378
58523
84514
97830
2838
29762
13684
21881
96398
37446
39554
39769
43733
93665
46742
92171
87302
8958
35259
7538
82645
50864
8293
56627
82078
84225
43251
83817
19698
98483
84860
39308
30208
2536
61718
39301
9249
22588
71256
2875
31864
96022
19447
49455
27886
34346
14328
1762
13564
20572
61375
71107
79760
19785
62258
41135
45057
45690
42363
36979
56621
93319
85962
47619
8881
54113
91850
22722
84500
52881
53888
11927
9277
43817
31481
82882
29877
84990
79794
50240
79611
98967
95996
28901
47869
28555
29270
97887
96619
73294
36683
65245
25643
80487
5606
6518
12708
96675
72413
7296
75551
55641
59010
36294
93113
27474
33446
43226
97322
77447
84020
47460
60547
72391
41963
81167
47711
98616
49264
28614
64173
35681
45799
45023
30168
57498
41384
27939
18521
98944
29
42203
94932
97475
15348
19685
66117
83746
21403
79962
95305
35142
29531
55523
70116
8733
31716
68875
46087
29902
61113
60561
98064
25094
93369
78593
7816
23301
57398
40917
46746
85290
89216
65297
41836
204
55328
95612
48301
17996
48485
49136
64396
80475
47836
90239
21647
64942
79292
64805
44442
50082
48418
30488
33534
60563
99279
88111
86818
18806
26439
90957
62499
84235
15709
56622
98911
46532
7580
98497
49084
24110
94154
27508
10380
74832
3254
93079
64869
28328
76844
83687
94403
40817
19489
47943
80716
28953
72471
36049
92373
51680
89428
8538
31779
82777
45781
10138
70407
33617
52323
80091
4724
75226
7270
90583
28506
15335
53656
64446
28689
67416
73819
6416
12650
99001
22585
30355
76883
99871
13400
93234
3154
26234
42917
6745
20597
98523
73338
15609
89770
79103
58821
47170
2408
41815
31136
54042
13787
86221
51344
88776
81695
63877
13480
5012
86474
6038
9434
41573
88576
20298
87234
8552
56372
60011
47118
66562
75267
77027
34954
9309
8016
74185
95783
31120
99649
92121
61241
20177
62332
20674
3479
63756
3210
15966
21342
25905
27660
73750
68533
23702
54278
41174
21743
2229
14324
83784
54857
72710
59669
30830
48464
97194
7327
91245
35424
92450
40799
78075
36895
10913
54354
54358
67477
43427
6155
26366
30301
40837
45
41458
94509
41037
57720
15472
76375
2223
38310
60856
94149
83543
91427
2474
84348
48752
52889
15833
12277
90266
33304
81544
19853
79897
24631
82872
57331
31029
84473
70682
56323
60084
47699
37823
46966
60780
51242
58963
37503
39748
43029
45937
42705
90148
11923
8000
65274
88418
52345
44484
17526
56279
60368
40221
17150
97182
12455
52936
18610
57346
68976
95982
79976
18997
63351
8689
40514
64593
66364
34725
57335
1457
59888
75074
19770
34337
89623
32729
9159
55846
60540
55866
14490
18864
69201
34827
85487
7066
65764
69577
12775
10199
95274
77628
28998
1490
3997
4758
63031
59847
22019
18524
8770
58172
59892
38752
78966
33038
92809
67892
89266
62661
77655
80512
28328
70173
67573
32105
32577
63972
50726
5441
94973
16013
27278
22095
5865
34194
20114
45433
78303
78813
71518
38631
62232
22962
63640
80945
8614
96180
55456
50018
43966
70365
6107
19578
10636
10091
81857
83937
56801
85506
90917
88373
72738
17871
11675
22350
49206
17059
62318
47777
17765
69593
89152
34920
93788
50602
85101
80949
58041
43650
16283
56890
96177
50940
46696
4839
80358
91048
80034
50256
80770
61381
84448
85032
17066
74730
54932
16764
43560
14755
38570
96793
99032
67116
34237
88514
74580
44227
24856
80481
24131
15919
39363
83992
96606
37113
69421
76399
21061
71563
36620
87552
39818
33699
4463
25971
82877
81281
97434
54515
71371
70677
37581
12390
21955
27551
80204
71761
67381
11038
71919
94457
12971
69826
90157
98412
79990
83063
77053
96157
68601
73178
8059
28358
36493
31719
9338
72871
6228
92789
67222
47182
32616
9784
85571
96244
78940
12727
82767
50886
71361
36596
17211
24162
72315
46981
90959
8415
88230
50925
40507
11814
52883
93237
74096
63967
49053
27899
11472
31451
14029
41229
70183
33144
23174
51983
76553
90576
36299
17916
80033
83838
17350
4016
76487
6587
71411
47201
68090
66994
464
39752
93673
87359
78943
8569
16180
29138
66639
32447
76774
7767
68856
27831
22645
567
97541
68597
37602
8504
71670
37237
93233
88153
6548
72904
67973
60399
26473
91303
3901
7961
55413
64600
69209
72069
38888
37058
93665
56944
24433
57567
76935
61179
69222
23834
12459
77319
41194
86844
29917
33361
47487
85173
2099
21817
38888
37891
81365
57565
38064
81088
17539
77352
30963
52283
46892
75601
82570
51955
41763
36673
56774
88784
19656
808
59735
11314
68808
11532
43099
77199
86973
36704
99294
70229
53870
29607
23089
60517
51582
7448
29964
56749
30260
66055
25600
70769
23182
94854
99253
64603
42175
18889
80750
27911
59987
93821
94534
40557
39486
77926
79105
96804
86412
81300
19317
60047
16317
38361
87946
62982
74032
23067
38109
90664
89708
66743
57351
7476
23821
31578
55133
42241
16989
70761
81653
73017
7243
27530
89885
13503
5698
76861
83630
44964
13426
97036
11361
45868
39686
50128
17857
37544
1253
75415
73739
67539
82033
47824
36263
25995
19232
39115
56542
32169
96905
44159
11048
84186
83326
11984
53093
59683
72845
39193
49677
2563
83609
55221
40328
51883
20944
68474
99041
73599
16053
80023
5228
28756
68031
38941
88578
12905
77802
30450
29440
2992
53838
26973
20086
53129
71146
31143
2772
46209
25451
55498
12463
76312
53803
84866
37701
70021
96528
57024
25628
2805
30864
62594
50223
34567
40691
89222
46797
48637
56595
42261
83689
98975
908
34599
48636
29377
62203
98156
87230
41943
85580
1160
91279
62596
34531
79247
58043
66773
28976
75948
51748
60099
78363
59537
94905
41743
44629
18543
40004
88156
78999
34004
22061
58231
91648
25367
27559
287
81884
56334
74294
50455
7099
47205
11771
50263
97229
13580
92244
87433
30905
76068
36427
36861
31712
23532
84591
92363
21910
55459
69614
20860
35414
67593
54981
48474
34399
32550
69358
70681
84542
14604
60442
28050
49435
10425
84846
82206
86142
25300
22704
95884
91244
73452
67487
97630
2034
70659
32522
80115
27740
82664
52542
69536
8401
42849
11864
2022
93686
22164
13032
28801
15844
72202
81085
65446
96128
42801
36468
31205
38445
36460
71944
76227
60265
61853
56962
32613
94216
84001
62714
10659
77906
56943
79369
63217
12062
33014
38262
57190
12794
60507
18353
59708
39115
61034
77340
15755
95827
65809
15408
31633
1350
90279
53899
47592
21023
13923
5003
1508
13833
13184
69337
99718
94869
71561
36833
67455
99813
56630
85744
11965
16413
39645
25982
43357
20378
29132
97577
85315
37825
55746
98918
14363
58256
76598
20146
59445
53754
97119
32941
71438
87542
28729
28432
58885
9083
71135
5231
12330
69188
66501
34293
91985
81541
91918
40883
62425
10635
71538
20586
62562
39769
42141
23960
22304
6737
84267
10263
76521
65484
62071
22810
1534
30360
46287
14259
14486
4346
56834
52246
24567
3492
99376
3652
95683
20684
35529
79243
83928
77581
43755
30196
27127
72060
77985
49193
37049
80259
44482
78995
40610
36104
32684
49073
35802
43433
17301
27727
68093
10870
47701
4525
84475
54223
62093
51053
7252
60748
72742
58152
26969
23976
82229
78725
5769
62778
61839
65214
61661
73444
91645
37670
96784
45409
77584
49322
19359
78312
53582
23572
74603
4805
70729
67926
5270
22913
67438
99614
22818
27644
80054
4870
64115
26725
75682
60024
46026
32434
41805
54528
63086
28654
83770
7194
35151
34961
63029
6922
28691
41410
78307
25935
19883
67518
55037
79452
32856
53663
74321
91647
76319
53986
16643
50512
94767
87184
3499
54920
16627
77352
29105
30988
32481
34888
87415
87408
10862
41889
10952
32389
4201
34676
54536
99089
90962
52726
8463
58637
75811
48559
40931
41912
75057
78517
1709
57012
71559
64846
85130
8635
19806
