32226
71965
45768
40152
51519
85172
33484
67288
11922
27268
15594
41848
37054
18104
10178
4882
23170
16399
35552
61319
61711
64963
5821
17296
69003
65729
79272
29412
96019
85218
31490
69344
25715
53699
84818
41008
80617
84876
34831
49386
32862
39266
43573
36818
87502
78540
42966
48750
3171
6736
65378
35355
73436
46343
55087
30554
48955
19860
58149
15998
25024
73768
7714
12718
50060
70590
33424
63850
82415
84083
29944
26595
3681
5744
18649
63012
96504
70048
10922
61721
43041
34065
14787
2147
82046
78903
30666
69386
2542
33363
53273
16912
74527
65149
98428
67754
51115
71930
7488
23119
17821
4798
14413
38256
18871
41839
67515
69371
90603
39924
59340
22965
38754
25917
64968
10563
91561
68003
81374
36233
1061
50121
5395
98419
37122
5744
65180
67790
62637
14938
45322
59549
42508
51978
78917
72018
33429
36065
34872
12713
60691
70332
31550
9040
48988
41312
58619
57607
87629
82401
70306
74665
29576
35276
86128
68603
5539
99736
97492
78178
27162
44320
79047
76709
21285
12796
17774
74510
43860
10061
31182
13060
77434
74184
46533
55873
91623
24604
20054
82966
70453
31235
47656
66150
89548
92308
64455
62191
2554
88531
98752
15769
70537
65736
34189
40544
82473
21047
39517
26039
55888
2294
34254
56016
6627
52802
78460
73867
23586
47540
14933
14047
65316
80397
88490
93127
32256
3315
75281
54330
43289
20446
61705
67288
51549
39045
90397
20153
43251
26760
82810
49624
17491
63718
50389
7585
25760
22687
93716
49867
32374
1738
49061
74519
78538
74473
73350
24993
29774
33301
93619
18318
92234
87187
29790
48867
64349
83940
34292
63410
72491
41452
21376
17668
36237
67786
87444
3008
49084
19762
8908
79219
2569
55262
14424
73797
7042
77768
69568
58236
43013
34197
61575
51525
82360
46061
51340
65916
96187
1442
36355
6100
25351
71961
65148
64651
30030
45752
7030
64752
16389
1628
33183
88624
56181
50123
69065
21992
93710
8114
58524
58475
70522
4067
56159
78385
58807
62587
94483
78045
38065
41613
33339
65346
96802
79778
1675
8873
93568
68575
96757
5515
52852
38248
99808
9461
5414
24279
85595
4920
43926
75999
74020
98648
94841
96716
41161
12673
19143
15326
24698
80509
89738
10899
46909
53112
45133
2001
81110
11083
86614
1377
33792
99123
23076
77653
48546
11869
63718
24883
9422
71750
53174
65870
56467
1730
52627
86989
81979
7522
89938
87405
90740
77558
89362
96438
62789
67255
28282
59542
95915
54684
22211
67118
95628
11992
49090
32127
76684
98127
14785
26856
55570
5093
95918
65511
50707
90241
31913
81111
96730
24587
92132
30514
30940
39540
5574
73366
99532
65096
87904
13080
69962
25351
42315
45710
65992
60188
97931
9092
66505
58171
22947
70134
54603
85174
86983
94151
16322
90462
98429
37456
55985
72491
44349
59201
3093
90943
73033
58971
24925
18647
1358
10364
82817
67742
97660
46832
2921
23382
19868
74375
64726
47445
25653
51958
78905
75818
59768
30265
29315
5910
28943
14427
49038
71663
34777
69869
14544
58332
65348
16318
57987
34063
6398
94045
25413
51392
49457
11929
96762
93544
85664
83922
83097
95370
39293
78396
45139
88011
21652
13760
42203
94675
47979
10467
29640
67433
65645
12333
76331
58473
88132
4577
84892
33558
51399
29625
12151
61407
7753
6269
92026
47311
3219
58449
99050
90397
93371
46302
93003
68329
12653
63930
81103
66463
69637
62963
78172
50314
53605
71526
94340
62714
95362
47405
79705
52960
43200
52165
11245
27970
84201
27449
59326
61064
48084
99055
59860
72478
51625
50131
16561
21845
77142
46157
65900
43272
97845
11738
31652
54783
7249
52796
40397
45067
2525
22219
26639
43779
28814
22603
70478
80939
25399
99741
36816
14659
75340
4628
58423
41607
72981
28426
87255
47368
21502
47032
6123
23978
98925
43908
94615
60271
90321
86301
10783
59180
21115
1921
16855
52014
17310
72686
94330
76051
8187
77212
87554
11849
66300
59369
16226
77585
1065
81666
80801
26850
41796
79818
26439
68169
72385
57400
40624
80919
70082
27881
70995
63269
55426
56609
29763
19449
10094
36634
95589
52830
27157
11089
24039
99566
55656
66400
17993
1388
35508
7051
41944
50995
78509
13265
55863
69668
86705
91452
58090
90576
86090
77958
43860
37490
28127
9996
24507
71089
42718
9283
76995
46035
44111
1563
92022
79719
16308
63391
53914
51227
18903
56594
7386
65377
22750
90676
57301
42884
52021
81020
39026
20369
52301
89408
12682
70164
48264
79943
7135
42946
50355
84139
25108
95708
69400
59283
62252
55484
1317
16127
35715
45193
35623
17770
40382
94317
47679
49375
80908
68125
58250
75307
60874
27204
59646
40041
46296
72984
20815
18147
10045
1976
82990
43034
7366
8555
15734
22564
24085
96234
14028
55674
69424
54117
86425
42982
25808
19921
93390
27749
55663
84390
36441
71567
23404
86532
90841
62083
77024
83973
59766
95653
62995
79443
63884
92015
66583
33282
29537
27490
82422
70840
48273
43436
48678
23050
63751
42272
33952
29591
75619
51441
48654
84917
53296
75181
24562
43959
13738
65515
70602
46573
23601
11685
99375
39259
15926
97055
39514
7957
32033
95399
87141
18998
12565
18443
44264
68556
68164
36977
54537
21923
51083
95093
40783
20057
82223
3338
64972
14888
15222
81146
81353
85884
94377
22691
14324
59593
17384
59490
58678
6906
56112
58050
72040
54574
82447
33045
99936
74033
72979
57258
22170
32309
49427
14364
73267
11312
98182
33855
42337
43187
76082
42161
81392
90013
42932
24864
29504
32142
65065
62347
81465
44668
68652
66816
68663
79165
39007
50031
58238
26140
95965
71977
39008
54863
94231
66244
83357
66702
77047
82940
55323
35416
97501
25330
46613
25761
38490
78752
12865
3212
50916
59942
66843
53436
53782
72122
33992
25308
84585
4581
15045
20505
40396
80137
41895
35505
97206
32950
50569
58183
64361
75688
25377
91182
23674
22067
63832
25674
97355
10892
24387
7193
70228
26968
77327
10159
48005
7388
39326
67470
10332
93336
38468
17880
10252
44826
45609
38469
27252
26213
43357
87289
83826
91535
81145
80382
15664
74667
51761
26969
81620
5847
82390
60403
80119
28689
96708
75474
16797
54762
72931
94040
14652
87828
55230
27625
48744
40985
6198
65769
22090
86764
68538
31084
45060
18447
14958
3658
23668
31153
36325
13839
61843
31292
18999
87918
23777
97503
82850
21533
5814
47421
62353
25610
57754
71556
15385
92472
7664
99981
78938
7450
47436
22962
71323
41468
74421
54921
29524
29694
83260
69231
29138
59319
83225
96809
4869
79117
98534
61896
45348
45685
66227
58714
52872
14239
51423
17224
15000
40647
64314
45590
3298
24023
22197
88761
36324
84466
26202
25521
2952
44373
88634
80828
38513
8648
29806
93475
41146
41999
80164
87095
43468
95675
46374
56462
93518
4020
53637
58074
82405
16732
79730
90013
92914
18588
26864
57636
94776
19508
86954
40123
28563
51000
57426
98566
72433
82889
27309
16653
20778
78363
78578
15416
31377
36829
85649
60779
12879
69625
67475
85912
21212
17021
65849
40769
95573
27639
34234
78233
71088
96461
88940
18986
25757
65811
42712
97850
4201
40332
61597
59476
23073
96662
54450
40692
55118
93154
78816
30084
97670
93055
33740
68907
8480
50172
74192
18224
24511
83922
93850
92444
67683
61996
77093
58473
5463
74952
42546
67997
27688
22869
43543
89794
23953
76672
40152
57916
1658
86128
33533
97874
82646
56074
97516
22090
39949
22543
49144
96736
95263
36278
97722
9569
12154
17061
96725
3607
63209
80925
37394
13270
79514
89939
98850
99808
42761
29828
32692
12594
4876
96879
15743
17792
65837
27445
51147
68709
55219
19593
50088
69641
1238
63951
87974
92051
42692
42105
76441
31529
66545
40345
56100
84863
66936
97884
60777
67851
87278
23355
48992
40124
40207
9866
33757
49742
18066
56226
81116
5614
13299
83223
3304
82683
97197
73599
13261
65908
65837
36287
7223
53701
17156
52457
46367
92135
2478
17949
80793
73476
54444
75903
91715
48562
96719
2185
54437
24796
56278
66065
44731
27806
87417
99826
8606
16167
77749
74165
59331
61079
35225
47918
60113
93383
33261
93869
99246
88578
82127
8706
62994
5072
17830
7545
88439
86869
21178
83612
44381
47638
10009
75933
56171
40675
5937
79016
62320
69675
55432
60520
40666
25025
95151
83167
45813
33806
75770
28011
21275
95069
15426
47642
88785
68478
80741
94817
72341
56706
97683
21194
43854
33158
73472
31761
83166
16154
15206
98880
62023
89649
50132
83596
77358
69661
6764
13979
60424
90010
71787
68185
72788
50666
60914
21740
39429
19911
56592
74385
50856
16887
29923
48775
90688
5708
26704
83780
16595
68588
11873
92907
13655
14924
80861
55716
74520
87506
80652
97114
7526
89088
31292
37966
38258
40740
5559
33734
22568
50418
68727
11213
53867
60680
11470
33454
99307
45735
70137
18042
36029
63546
14337
50790
64236
22499
78683
35317
91694
78861
72905
77238
56344
74619
12427
69409
52242
9708
35833
75332
24162
96247
54785
18755
82558
83410
46684
65235
49907
93958
87272
78302
35209
8589
26104
20626
79198
11131
93384
54502
77615
13438
71269
88047
21408
85880
69935
14272
26945
72617
42943
14280
58293
74649
73729
49414
73523
27928
76967
99792
53522
33776
49440
61342
99053
85654
89703
38056
98081
10534
99176
7583
89261
57669
93388
69857
33146
81259
11957
20688
91325
97469
56862
65537
72658
21137
79438
33978
57280
41803
92928
8609
27918
70503
10892
70821
93197
77148
21109
37079
63722
16344
60285
34469
21184
53820
7659
1657
60177
57107
33876
61643
49047
29858
27845
49940
43508
99270
49289
7048
46208
74191
86755
15096
51505
42826
85505
70837
96818
64754
20379
37122
96378
48130
98324
51700
44879
51544
67693
7521
42313
25201
31974
25440
40812
51905
63068
89921
46061
83002
48317
52074
80994
77317
51388
80942
28656
3683
67699
57865
90715
31839
3348
28668
67630
40394
2755
45228
50740
45260
66755
16021
92139
4365
65813
20217
6582
16453
23473
58927
22860
26857
15251
93895
78894
53893
63036
29762
22812
17339
42615
84901
23241
31890
59153
52430
92824
1470
41967
91372
22517
57952
49839
34587
90597
96684
7474
93557
86101
78525
57520
49186
63118
53882
18514
68640
79039
71152
50651
38189
51681
38524
1207
39707
15155
28958
2206
48952
95028
98107
11758
77877
32052
29952
56066
84531
52746
21543
2898
92719
16553
9605
97431
63542
36496
27515
20537
6545
71169
49110
33578
89749
75897
34586
44660
39069
14348
30726
79710
43861
60563
55067
66472
69628
31173
39760
63806
67058
83885
54646
12493
37569
13422
89335
56296
13116
43375
67734
30328
42400
36787
9378
37435
9061
81677
85513
35457
63184
50837
64899
86920
5487
60004
53787
64578
68130
47632
83099
24280
69982
43540
24917
90621
46702
6356
52664
59691
32055
17870
77156
78487
65116
75287
22463
66995
83092
26760
78788
33904
69823
15863
81036
24067
63100
85740
82818
34469
77669
7915
44122
91817
39318
6119
31039
89921
65525
68183
46652
89260
9575
57534
65491
75970
58788
93944
55896
35192
14825
27053
68305
75434
84220
76043
13602
20169
19819
63051
23264
66110
27658
85407
22525
76226
51505
25569
96542
2063
63387
14850
7775
27356
98200
66044
8878
5952
41576
55113
65968
7722
75350
47726
9028
52847
36129
88372
37514
58845
13905
38742
33000
78041
12753
66206
74740
45452
28804
47817
50830
3662
66643
76289
55060
60779
67799
86883
5551
53319
36658
65749
14488
49061
88917
11035
76089
46780
83856
37875
75125
13941
1274
89542
32586
36989
11615
27009
45645
31762
59415
60629
25441
34316
5362
51251
31938
39599
87305
67429
27127
17708
49711
24588
86208
95044
87692
86597
47651
49431
3049
23093
75886
24115
37910
75832
24987
35517
99371
11657
23707
14695
76357
74451
52536
16282
17350
61839
23086
17087
5010
33043
56911
72017
99464
92628
45086
2855
45958
24928
61913
96543
18892
32904
9322
33097
15343
24918
79966
83121
59231
43091
88191
48687
14170
63600
52968
48144
96261
93190
72557
15182
71828
12100
49551
85151
56435
97698
67910
89629
85876
8241
30155
94963
55526
11910
18984
77325
63052
86226
43384
4944
74539
72367
59798
87670
7806
29675
25508
63558
79504
34008
63821
47893
75230
6321
53820
26914
2423
43426
96401
87819
71886
18552
44796
94256
12697
27584
52814
44707
8738
68505
19541
18351
4004
65457
36824
12364
5762
63038
7842
48230
12686
28994
7528
50585
46443
11577
28400
87908
19047
62551
78983
75939
99212
1511
36257
2416
47054
42490
96784
3139
66784
81162
71674
78384
19760
73095
11544
36955
90540
35520
50689
1445
63545
65335
69056
15428
51310
24137
56785
10957
79064
40714
1989
99112
26220
98689
27012
19737
79659
9406
52168
35682
18901
48794
99251
39704
26047
69933
88190
98853
89864
24781
83675
60874
63942
97475
77094
84859
61607
50500
6371
34286
80337
52599
57325
95538
29000
82685
43500
52171
90003
65058
60550
22064
61772
67236
46736
87547
28138
14141
67166
49218
98533
65228
36176
73479
41349
59629
4767
50337
64527
23010
39009
11657
17816
21772
70672
94384
95124
46606
51302
61348
62182
77671
97186
24972
75759
66655
68384
8993
92756
79297
42222
69312
54904
1892
72059
86607
93434
4490
40153
46993
95165
35701
96996
93939
59357
68538
71778
85915
68379
40114
50457
92264
84554
78996
23856
7164
98462
72109
18995
37582
80393
23303
65047
33560
69660
89880
12336
40453
67641
79657
6442
46704
39417
92048
4256
99196
42114
44701
86864
39982
43945
34880
90217
27941
8217
41921
85022
82395
45646
63468
38965
83480
16656
40289
45405
92103
11022
76907
38557
79939
74011
53837
29852
73294
85378
75860
46108
7890
92697
94117
43494
27920
11475
21288
71209
37699
29512
43531
44066
88734
55111
37108
96938
60290
96882
37635
11354
52897
91629
61199
10609
64877
71604
18253
58077
84389
89639
81558
84352
17770
56256
58384
18537
69470
69765
1842
13762
29087
4914
96994
2962
7509
61117
52124
23753
11456
20380
41920
46227
38942
3534
13827
30889
78654
38499
71126
10360
48363
33852
72082
85356
52198
67438
31106
85231
77627
12400
59197
21622
29394
87619
66839
23808
18935
19336
24509
95816
29222
54750
91904
24653
45909
55158
45460
69558
22252
52201
98416
39862
97752
12399
93458
7589
51658
29617
47192
40737
84167
27791
20833
68027
59538
3509
94351
40319
80318
8657
15121
67995
48296
72605
56047
42872
11382
21278
66305
72422
1556
61955
75193
45027
87177
60170
42404
50572
54746
81585
72862
78733
32694
52178
84257
96595
75571
43494
25935
32188
26227
36227
50950
97649
13431
60479
82461
68594
63496
55155
54304
38639
10966
74629
63252
40590
26274
40035
3972
81775
83624
52455
40211
45776
93213
60967
30206
5287
3225
79547
14310
74792
28422
90521
42686
62676
30279
56874
81163
4558
14572
56109
8194
70977
92038
39816
41694
78805
24332
67774
57390
99487
4153
86848
2671
54805
86097
79642
24737
84332
70355
83969
12189
10153
63185
77198
39125
25370
53302
44912
3957
56674
96930
2487
40284
44202
39972
82183
17609
11001
89908
36887
9478
13577
58790
43555
26841
4500
80253
96591
9392
16141
87911
75481
36866
68625
63928
59565
82267
14548
8090
24067
93312
75074
6644
94765
55131
25741
8641
33365
55725
37539
25913
55035
59893
6058
33813
23337
12716
62456
44609
1029
3320
21613
66979
17649
29852
43898
15586
11747
9833
47366
77775
38192
53277
63757
34162
52465
40487
45763
57788
48941
44971
81382
13623
67773
63485
21227
82039
29682
15272
52405
88410
24827
32863
18587
34305
50745
12516
48351
89026
46812
97803
4218
77161
90664
86278
81055
31321
75265
28418
72019
89963
7149
69135
76611
42051
19754
86609
76807
4696
3654
52497
21831
71303
32720
8727
83902
44141
11585
73630
54331
65854
87359
16005
84284
85314
36639
43218
53227
55515
49123
53810
3473
22328
15843
79171
62208
54235
51190
46399
39733
68660
8864
89047
76135
35235
60913
56787
41450
48250
67903
17151
72867
27430
96353
65534
10547
62500
62293
86320
37413
28264
51128
82439
67468
82583
83274
27455
22252
27286
23705
26447
31390
36867
59362
51630
55146
83069
16269
8097
23060
33797
76982
12716
47166
33494
95018
94765
96491
16063
87444
96825
43883
14829
42059
86483
9547
69873
44031
51943
50003
19020
22108
71031
97191
34875
20801
7836
71184
49013
26118
51928
57797
8718
87972
68949
9495
66091
93928
21280
23774
36912
16301
79682
13450
76157
52003
59002
52442
8378
38421
96349
63481
77244
79337
87029
11405
52446
9901
20262
23315
93753
90761
35988
23039
10273
54102
83141
80436
77955
35914
94993
80329
70149
73254
79338
62567
71689
37885
83597
2394
52905
42746
32449
85245
38554
27005
49231
71938
65988
84076
68775
20003
29984
27378
96618
15983
80225
89856
49761
67570
5247
83220
13248
99923
78584
81816
55285
87229
6549
81582
59784
97370
60203
36336
28309
25923
8516
20579
38463
76723
23593
47605
19065
76162
83003
92273
36617
56327
38578
27408
94045
88017
22053
38720
45842
3577
71540
51077
84975
99149
57570
74972
28204
69574
89276
51706
47835
30382
45881
78220
16450
17346
43330
24977
40482
61959
88921
5149
92423
21590
89000
35092
76093
49180
98553
46413
58779
34172
30763
24073
16644
80365
17594
91867
89412
25029
3382
11494
30053
67760
11352
13947
12109
61906
59760
63711
18061
70990
96912
75980
87596
1012
33544
26875
63178
18479
49594
88348
92344
22027
25365
37418
65067
30727
95227
45784
32848
66739
79798
39706
92253
24121
42416
85813
66887
1228
51976
59008
84692
26155
90545
47717
15959
52680
78642
16819
59540
74901
12358
96184
88066
67988
57268
34546
12797
1963
66517
84489
69062
88538
8577
72425
67482
71538
26737
54658
91978
19080
70091
59987
10659
30958
36733
36130
23018
51227
42219
35797
97027
11393
39674
27346
89474
32507
70390
31259
38764
91845
24266
85647
40819
71294
61708
64681
79727
47876
46029
99448
86918
54303
63040
8310
90188
90065
28109
34102
53991
97252
99776
21187
65156
74443
92245
52630
22240
25240
87573
32666
45532
63168
75226
76706
4443
19604
24423
52420
94137
41117
63399
51077
5224
19152
60896
84624
60972
42982
35351
84622
95499
36632
23815
91172
51887
95919
71105
46650
65880
11384
32985
78027
70922
84277
60898
20325
33044
93425
18736
57190
2916
83335
68572
53378
40154
9543
83965
7400
94400
39681
16424
30438
8037
92899
61015
11184
56785
53685
94611
32777
51378
71247
8784
40029
72796
93935
81962
58589
64033
89700
4791
20584
50806
22657
59626
51801
63244
71199
83487
88543
45216
86412
52834
26869
91912
62141
23786
60172
98199
26183
33849
22988
90252
49977
96964
36306
43009
48406
31542
79750
28997
80313
11635
91568
10350
4152
13135
26900
76226
90764
72087
52404
53696
95899
37154
8006
49530
4686
30737
3929
25439
50195
98893
12199
67547
34168
38269
79429
71349
56216
53473
30519
27382
91276
61355
16385
99368
89957
50727
62015
96119
30439
20626
49379
58618
81405
59554
32610
2824
70273
7906
58194
83026
74053
66550
75870
86097
51833
56234
64537
78628
21510
8912
96540
70370
81331
73643
51229
59549
59035
34761
7757
34005
87131
19148
17303
92814
37438
11325
88172
88714
44078
35880
88279
65130
88611
17053
33627
43537
20560
30006
36858
10689
78416
58171
68459
86290
69526
20410
85397
41187
47020
18251
97876
72810
92454
47280
23033
64228
80329
3354
47625
33797
64976
43133
25184
3404
5586
18961
22107
72505
63563
65178
76160
73171
43970
30375
26091
21892
71634
13987
40227
83046
39462
38996
80099
62075
37673
64269
7422
55315
45006
33014
9867
74004
53946
14084
67920
86606
50963
53716
7465
42890
56564
81540
83662
89329
92587
66170
75926
80025
91988
15457
27049
49481
52521
62281
73586
25143
90656
18449
4219
6695
44839
49607
2043
19746
99746
67889
39973
91070
25862
86330
86825
52705
93684
40187
79488
36061
32759
91064
23476
80841
97858
86556
84370
86819
82245
27951
99248
46870
8074
41430
35631
40670
93152
35229
48092
14337
88742
95173
58637
85007
24294
90266
44996
62661
90362
19365
67885
88923
44931
95126
53657
47198
31404
66068
89405
8087
27693
93389
87163
65729
74288
33726
63931
2085
2673
78425
72856
30261
41326
21245
70686
92789
3293
18124
96088
77959
19032
27785
23861
23066
67855
60578
30619
16471
16014
32424
16339
57280
14467
46445
76653
63380
77156
55960
22448
31138
37719
45271
66755
48638
58055
8937
75429
29820
35399
6057
47677
25535
47494
22121
68567
80648
93018
15980
10282
78917
18163
74540
71489
67152
98743
15604
77109
24933
28732
80867
86840
40655
90660
30340
39109
4678
4151
42114
85788
37407
50009
6420
44981
76423
67744
62350
71122
40973
94153
8172
92128
52718
96536
16640
5856
45469
16635
29214
26242
28412
67116
58952
84593
98346
19713
79455
76458
36334
91614
53284
88693
79716
72712
40229
74289
40441
76044
34936
8521
56264
29730
84949
75834
87608
89417
92663
52868
15642
79327
17789
30082
14318
20803
88722
9307
3657
72623
81682
38798
39200
3026
81447
72440
96700
29642
13416
80370
56077
14147
98896
72878
80712
5438
59470
62605
32548
71247
62568
23618
3565
22742
49716
27766
17343
11090
95641
9133
84844
61623
47115
50959
95332
42893
29009
30883
45751
17937
92978
58959
87091
7772
97362
15475
12316
77856
26047
80863
24449
86550
20022
20856
48861
69915
38496
50306
88300
43217
67617
81403
59596
20926
90832
2104
3390
25524
83174
87800
4544
89292
53207
63839
76599
58238
40667
6834
71718
85163
56738
25931
24355
31278
24956
34649
9435
14126
1165
3338
82359
80400
24224
43142
75211
26126
36411
87143
79684
70096
23872
93278
61399
18611
15289
34125
95645
7643
61902
15359
79243
85101
58978
83518
90955
61095
76407
42335
16732
95395
97721
60459
36161
94179
51994
74693
38396
42692
86060
1390
98501
83529
23982
51144
23758
86863
97907
40334
13006
26364
33354
30601
35681
93784
10813
29314
93041
13786
32503
43315
99193
46108
17123
3338
31569
12458
61739
65341
98825
99550
74790
15257
3336
4913
33466
30667
98177
57863
90869
30555
99655
46273
69781
41351
34997
96454
74516
87400
65750
68162
59772
20019
26678
94424
35011
28289
49596
76400
3040
67920
51453
53525
85145
30503
64624
13894
75591
9021
27818
41050
11606
32858
7790
94767
45820
70488
59159
14136
90165
97627
91920
35311
83762
89166
52746
74681
96925
7672
47267
30600
41455
80508
80139
31018
80251
40811
20742
14604
40145
15504
25737
90374
28706
86821
98235
30005
90046
33002
27915
35080
66829
25100
71417
28802
10320
24844
73555
35584
14515
78385
21734
53386
48787
11211
11702
12038
38188
45405
25025
10887
28319
53343
83428
26685
1672
20986
9974
44892
44773
43260
30334
89960
87748
64405
79040
89414
59673
33904
54663
67106
99849
42411
10097
6061
31603
92698
32717
7377
62082
97265
8718
13785
41820
8248
11426
64833
31385
21218
23503
56966
25520
59699
84857
65699
4895
48554
7162
61313
69796
65270
63936
38728
15099
30230
55481
68352
98610
33747
60616
21359
80825
69134
37565
91879
36836
2644
26106
93154
25595
15078
87312
27433
71695
91555
62556
26636
37077
60451
85489
78781
43354
80825
95304
99177
99170
76260
41942
55420
28648
16450
39741
61840
74513
47966
13711
42349
31459
42977
15841
94285
43470
55041
30897
4589
85458
44824
2687
37667
84487
59313
74402
69849
75447
74505
54624
94297
31868
61104
66030
63796
99107
7762
75199
63651
36907
92351
30149
42611
80147
89796
89741
91081
14173
7695
85391
52128
16453
86394
43539
51735
20208
76407
62473
80711
13135
47441
31104
5546
14205
68858
96805
6726
4763
29839
66284
6242
50864
47312
10908
98889
99186
73768
8807
36721
23323
91344
52607
10411
23426
32735
82330
52570
64698
78355
70505
63699
90371
54371
56527
80980
23075
34427
72318
71990
81021
31280
70441
71199
42699
55076
30305
5835
76602
80563
20610
8693
36873
72598
57888
26549
35509
37576
82260
3960
81290
72284
17968
13225
23115
84871
22675
18599
84523
66085
60223
98447
80082
71285
43924
15419
4038
69792
33782
84952
47671
67629
81618
84040
86405
30956
25850
13528
75197
38363
26668
15195
7717
88380
19629
82476
7163
75330
95280
40485
95265
95441
83334
61060
38020
87655
19933
60286
40261
84065
40819
29413
17136
26006
93776
31311
84698
86843
10532
67306
92240
99847
85007
43758
72717
11694
71716
75366
32395
82260
82047
95415
51128
57117
6748
19165
25537
91462
84748
41572
15456
93264
83687
46654
58938
70283
4741
15262
21295
50803
71077
83692
87122
50307
67338
49861
80946
75123
69850
81143
83431
97804
5617
22514
90475
74655
27464
14858
62993
70629
25847
33178
43854
90418
40620
96496
43823
5016
85555
35304
68682
53932
53655
89927
38965
44498
76439
89041
39060
62580
82916
33745
79236
16632
62761
84552
57699
73477
63073
16857
34594
16791
74967
23076
92888
73630
36137
90310
49465
66488
42470
53973
14105
48724
91855
19678
44448
89124
31849
65776
24216
25078
49554
61623
64012
83269
94727
52600
20303
65404
59312
5192
11904
36554
51364
57905
67425
19905
91658
26320
52687
59980
59943
94372
25329
40087
42278
5564
67447
1711
12994
51008
39758
8627
4978
34239
40066
58205
82942
44073
43709
57258
50005
71953
95449
94425
66908
80114
99267
25069
50084
83484
50178
79354
23488
14425
63010
50145
75756
17206
69568
81880
44231
49763
15964
20282
92121
52953
11631
56008
9501
52746
41166
17521
85424
62781
45178
51891
32360
11086
83338
86786
65266
82807
37006
77161
36517
92610
59807
23253
54360
58795
96237
3537
81528
99679
32421
97306
85679
32581
10329
91760
56116
85735
34455
72019
11095
1310
36316
8212
10616
16408
48892
49840
43878
60594
81121
30687
64513
3598
98543
26472
3913
2708
15408
16107
48526
25186
10139
75453
94210
43562
94494
83749
91193
5091
93482
27710
80144
3197
73113
27323
83515
3939
69210
68949
51086
79298
94960
71949
58404
60620
83687
21466
34424
19375
15405
46486
21860
23762
83788
20197
75773
8580
83506
77390
22672
6232
57248
22016
93429
65121
16105
88629
79938
77378
19679
40174
71960
39976
77738
11845
41579
33270
18921
62445
79854
60233
61247
89391
24630
64150
50756
15725
92957
21943
92565
16923
49644
51109
8847
6033
76386
17753
20601
5385
40557
87439
25943
49639
75930
6081
56731
50192
2869
41309
75416
6369
52225
85660
33400
66492
2682
50556
89495
73475
15904
16277
12890
80881
30042
29862
98090
50191
44176
67667
62823
4667
18802
54686
93189
40001
37008
68118
49093
53940
95495
54202
12394
27036
90157
22500
90372
22158
16648
11018
51238
28482
45549
47971
16492
62933
6542
91862
30674
72303
47069
78484
86435
70518
39179
21489
18825
5511
27012
62204
26855
58901
53098
68134
11990
11364
32609
49539
89406
89236
88884
6235
44775
12887
30167
3759
7766
90543
94816
56260
59839
88207
37472
55081
48348
9532
82152
49390
1743
67275
81267
27408
37187
95996
83776
46333
9927
96859
51964
44052
24335
79284
75975
93109
6931
98421
53954
83197
36148
59221
63199
95284
44536
66285
78458
81410
89699
2855
61326
65411
84851
91633
96728
11777
52579
30146
82666
17611
52843
71517
8052
10482
26794
67273
90658
80121
28367
40711
81828
15633
64534
44455
41588
95247
66259
11129
8884
99600
2160
56737
94638
80938
34023
79853
73746
88843
96676
15673
26714
74081
36879
40239
78517
93404
70542
28729
40132
83030
73411
99889
27293
93370
60299
89344
19940
93584
29919
90246
76280
91718
30710
30536
20675
1903
51854
7770
79214
48779
83415
97829
89916
27592
59542
73415
78552
15805
37278
53643
73574
78276
87479
97890
57729
77248
6401
75492
6507
53223
57410
74821
57704
56125
27007
43799
54871
89274
15542
70357
81139
94899
17649
32762
46573
89458
30386
83425
92381
58395
59781
53273
64939
49713
25988
99936
37358
89964
74188
64483
43782
31569
13291
25385
36423
23125
36372
62046
51734
30355
40039
49970
68558
81722
1058
47242
42635
84503
22172
39626
43619
33500
67284
3353
82378
31538
8294
52731
8495
45391
36659
93102
23076
24649
92796
63096
29165
44354
85546
9850
11827
90914
88036
89703
35827
14960
77438
19550
4193
23739
82484
63812
87774
56527
84902
56799
82124
3178
29243
68595
55787
16879
93749
53113
30652
8458
87981
30605
69916
98829
24062
52005
74755
18638
22592
28615
54990
90918
30126
75091
73352
31469
72055
7891
51942
56433
47737
45180
98359
19512
84069
49812
58274
69250
46106
59999
15782
41124
42001
39817
48210
19917
59200
89096
69235
74462
61719
16399
1812
88092
53181
16367
38251
43557
73358
15812
96912
18490
89676
37185
12301
88276
34923
60622
79748
71543
86403
81335
11131
51302
10230
24675
92324
64504
14773
77495
68637
15318
82209
35171
97988
64263
22557
98629
97075
94636
24139
38350
80906
18789
2057
99811
65777
70632
24554
57639
47106
60745
80781
64981
89749
85394
48873
79614
59059
20336
10422
84124
68272
46972
22846
4757
63130
78637
13458
57581
31574
3017
34584
77881
96400
18216
11688
57590
26303
62618
50194
51458
24568
71369
62778
58536
57366
90538
57460
25626
79839
87073
4253
42734
73577
81093
68603
52486
12344
17527
52235
92174
77693
64465
85779
69558
60612
10578
85918
40817
69022
42074
41210
76827
77640
83197
24567
70360
57524
31160
99275
44660
90922
67542
55843
29211
21240
31546
97756
46095
89860
79823
16326
79272
97599
6545
2207
40048
16039
50910
36940
87018
48292
97630
51495
39659
21431
6986
43503
12038
35755
38009
56785
26336
60960
94931
68636
97202
26446
87711
72434
80471
96458
19078
39385
75808
35812
26948
49120
16336
53890
49761
22678
42505
22782
50452
82342
69117
21669
5586
5789
44859
62760
10269
63867
40541
16472
98162
16170
54158
73410
98571
12957
75534
99965
12312
83118
87226
89106
66664
6650
35589
89326
1384
38793
85348
31938
58613
7942
25678
16511
38445
52438
17316
88625
67297
98213
14673
97642
81482
45871
52289
31120
2714
84049
60758
20408
65990
20495
91556
23479
87230
58481
99467
23203
11922
15028
79602
5012
11905
87194
10751
4628
72733
35716
17619
11285
11064
54665
23940
55679
47289
4447
98635
11150
21391
19756
87275
54538
84115
98284
27047
33337
34727
68410
98558
77685
78082
29857
28402
93562
70498
85141
32038
68201
20730
11661
90646
59353
58284
82121
72130
31361
99457
53036
40283
11446
23254
52419
35806
89421
25463
23819
67949
24607
86069
83160
11503
8968
78901
86458
62389
19946
15402
90969
93437
35524
91471
88615
52324
3133
86542
9884
78899
80949
24475
63841
68402
52577
33282
51841
97548
73420
43476
24974
48874
84800
83126
79933
50736
74943
46892
95173
9533
81900
44384
38030
63679
44862
5478
26022
77129
14673
44074
38455
68736
51310
5342
32175
56670
17651
88056
17090
27695
6633
49895
49012
96083
95033
1309
9691
55478
8302
6679
90103
71037
81676
40292
64976
59652
20284
65587
50766
8580
73216
49346
38817
32820
18728
6925
55164
23195
50288
43727
74084
17607
21716
49039
77914
93835
40383
65340
45189
28591
97849
95573
52526
48013
76524
21759
71068
14599
90139
7581
95911
92658
9826
17114
15496
98828
76011
25788
79852
99349
39943
35298
8280
26385
2755
50715
81843
52062
57639
15738
7904
97393
45620
54114
11773
81666
79241
32559
21374
81013
24793
52350
1640
68669
62456
77888
73563
47771
86579
67419
86438
96631
60743
57599
75370
6481
79583
33388
28466
25900
31221
61844
24654
62906
27680
54144
70985
36892
27065
54655
52873
8089
26859
25701
96266
72855
73431
18057
90389
14459
97944
80960
16798
69531
16748
6228
42064
98745
41040
57109
44970
67862
19230
34025
16333
71609
92129
38203
83231
60791
47842
89815
77067
47010
34139
70655
62235
75605
35946
62221
97597
38017
94257
46170
17214
10257
11582
1063
7569
98091
9444
33967
50721
26470
4163
62877
47095
74768
82188
26533
82208
61646
73341
55739
84859
59619
72839
55477
12517
45704
50625
19918
54458
32973
23272
8911
93514
38814
50061
24122
30487
53326
75885
97232
74557
30645
29347
88118
61068
88135
79936
72406
79545
52338
87905
74156
54939
92530
84201
9491
79770
70890
68499
87021
79152
5465
17951
47360
15288
45575
56055
50638
44057
5973
62559
36454
3903
17893
92347
43033
83818
76913
14540
43346
91625
89330
67295
47418
93913
17102
14692
88891
35322
97043
76793
20429
1005
62740
85795
20282
84784
48091
79495
16906
95291
40667
44142
77665
17428
53008
32970
25731
54968
97788
76490
60645
15168
48723
51255
11299
87930
53393
17740
69876
23848
79887
81529
79245
94941
38814
80796
15046
71386
44895
73015
97066
81362
17681
31000
3279
93160
23141
65397
22941
28934
23005
43475
81978
19608
42977
53783
6868
67076
62753
67718
73419
32906
50564
53835
73122
77422
25529
68684
4812
50265
93807
82459
79204
22315
22683
84798
86328
72576
5688
18256
2898
67388
20925
43587
14358
75191
9819
6453
92044
88615
79407
56571
64017
50993
44039
91762
38290
88583
3737
38380
91521
10153
62455
96875
94418
86288
51226
20101
48836
92563
73638
88752
78347
17144
63855
65344
21652
44515
36830
62280
28830
18168
36843
92671
31702
74421
92082
8831
34481
20718
87748
76387
42130
79871
22505
5863
8699
71561
14660
39617
95551
22816
47109
92351
29656
96521
55311
84609
37316
87840
98233
11185
69691
6046
62020
89178
19716
21150
3144
83154
24139
86924
20548
2076
4700
19689
1279
63035
45245
42683
5302
96495
4531
7895
19932
65516
45049
98808
72342
54121
40522
76274
81884
81765
53585
18575
13221
54455
86238
70038
44009
73190
70421
64672
92562
58979
55422
30174
86176
40953
84135
36964
16367
96847
23473
29616
19217
42894
18197
13014
61799
52367
77818
42276
61806
45958
36989
53232
75084
2700
78331
84014
22526
93526
9456
28155
79878
60293
54835
20930
41279
1488
88311
86614
13061
54296
23369
94002
86059
55384
93380
99467
1202
69769
16933
61319
54543
36420
73218
13712
20899
8698
59390
50581
14768
57573
44267
47354
60861
31604
48583
89543
54107
36724
21696
77021
6366
25444
81584
34848
65916
56724
87326
82637
47826
79772
42511
18181
4662
41254
62805
86891
19505
99344
72377
39620
17458
19755
52139
41382
94514
78351
7982
84408
6785
94796
43780
6342
32013
85624
16343
26695
83121
39448
93607
43797
32148
81250
33164
64977
73383
95632
46735
66403
26473
31940
87267
63198
4464
90707
7181
57621
80477
70722
13846
77904
36999
18596
49071
27881
42934
30242
31091
1163
47934
39807
76911
44701
55216
10776
68681
34951
85452
37365
97646
51694
25767
16923
94608
20308
86932
93930
82092
89186
4873
61635
7990
21657
61551
47844
19332
85095
70826
12177
47607
87152
10073
88638
81882
41620
65489
51815
45565
50282
34933
31492
90005
89744
75067
40288
54575
81583
17044
35587
84975
35225
45770
11691
2740
35770
98206
71195
22109
93528
19830
26343
16488
66216
88365
66014
98806
2037
96265
96875
49135
66352
91448
87250
69691
34189
41211
1808
50221
90720
72822
83655
38870
16677
75821
70641
37977
21131
94075
49575
5227
39546
83535
42828
1236
93674
22216
74486
76939
95787
78884
87228
40225
20188
27116
34097
33346
52638
52539
67808
72349
20830
18509
62807
61299
14166
3336
20721
82201
88144
37640
56133
88273
86016
86610
65936
93739
26953
71329
94119
93851
59336
28845
22533
46125
14449
9147
44175
41726
31025
5723
96685
69486
90209
87047
57697
18904
34277
17768
47161
52310
94616
14402
7585
70853
80706
2351
85626
56464
80214
80382
29852
18452
27107
66996
95266
91293
84174
58619
67798
93499
28139
71245
24241
7613
29305
54396
36175
41251
10925
20673
26420
98014
71724
81660
59503
97359
75085
13487
75593
70080
62001
81408
18803
90278
57141
33452
73492
20462
18572
82206
67850
86449
30589
23491
58296
35869
11883
12481
58029
66936
62640
23628
70750
26113
77127
62561
50879
60302
96113
46060
71366
68200
78224
36563
68336
90166
11722
53978
16054
58765
33236
5741
30904
36251
3712
75333
70949
5000
28109
51621
55942
61540
58750
83674
89664
32591
80875
52494
12777
72272
98281
9459
72724
21922
74297
23878
96512
70883
54712
20076
50732
9352
84460
30924
83651
10939
1493
33573
96257
2310
29493
60348
35629
92605
19099
30643
37182
46332
34269
75529
42325
91260
1316
49023
48040
45871
38332
56609
79106
20309
10075
64617
20598
54338
76879
84167
52093
37460
92702
39981
60615
15630
68185
70858
85251
64589
68033
87567
19081
32946
84073
40477
74835
37490
50398
93211
63385
92802
20956
32755
22202
47726
56443
91375
15370
63824
57335
5073
74841
4533
23172
24724
52700
98407
65477
17842
39323
71805
79483
85690
36157
55048
45401
32790
99095
35398
14610
34857
49303
60653
27187
12288
76870
90341
81385
73358
67675
70637
99257
2322
69770
35806
28430
87322
18033
27087
65938
88674
26809
63822
18908
5734
53088
74412
31743
43926
2405
62641
87673
72506
95338
24775
23053
48936
77711
26253
34730
76530
31856
44357
13493
61349
97413
94907
27487
74075
14996
10821
12951
77650
35588
92587
16708
72851
58787
68111
67374
69493
57480
96434
27977
11772
52485
77294
54663
82197
27253
62181
93203
9974
68508
7693
61599
17320
92346
61332
71751
99616
64008
1605
50278
49678
91330
86553
58242
36144
30549
6689
74643
9996
32735
93532
47322
42644
14960
41085
37731
26674
76609
85443
6406
33171
96479
17956
98829
20721
82736
87475
21522
14404
19418
47588
25436
17094
59870
62145
28424
25829
61510
36162
57625
45768
50688
10350
9922
65939
21006
4588
99926
51004
74115
44084
52023
82678
29200
3240
1309
72559
66780
44322
9487
92031
91812
2452
49334
22666
23130
81030
47946
6432
6465
40981
32855
34077
21871
42952
23594
31806
38714
80041
70208
40898
59305
62691
44011
85984
36188
17085
14609
19852
52494
48876
72610
46471
67728
78988
31862
35696
94556
10292
79932
30693
56112
26275
94992
54443
7049
43769
5026
17446
6610
63199
75870
13053
74308
22441
44080
96899
55472
11090
60796
37698
60212
4922
95678
64533
3813
2791
80953
6168
10631
68446
12942
91976
54556
77391
52636
87823
39705
4611
30592
88846
96254
97708
27783
26720
79160
28969
40934
87680
41979
3572
73717
9519
29229
77943
86832
55694
55296
71958
20126
51701
16985
99242
78617
37217
41869
71159
93021
21420
86035
73868
7604
33898
78788
89950
40151
14691
17917
41319
34986
11504
90015
90758
96739
9514
95990
24620
51638
78994
50091
42701
60235
73093
11610
60798
33651
47774
70852
4587
95492
92106
80892
25126
70432
8913
48857
36584
45565
18157
15636
93245
23523
77239
4623
98006
94130
40247
43443
21306
38649
92066
37019
60900
76417
42034
54623
52580
47985
52626
64640
51291
23819
37865
19057
63405
71063
17882
83959
60700
29013
74409
39877
96399
3549
72743
25132
61803
84237
81934
40005
80554
76563
11086
19778
63718
97390
78514
72183
68219
11948
52920
5742
35966
90897
23053
35546
41193
20630
57227
99753
50752
71424
7042
93134
52571
68704
71156
33889
27046
11101
41375
92399
28118
82590
99742
97518
98638
68414
84830
20931
32688
44828
71219
62810
98210
67257
17986
62668
32824
61647
81900
60299
12764
94529
34826
83597
76512
86608
77749
77476
86471
11873
5414
92891
18021
69114
63594
50469
48485
5143
77155
63498
21410
44932
43797
39454
85381
75778
26511
65230
10286
64320
2443
55994
47614
5821
87748
27634
65488
16061
51426
61967
84196
91419
40119
26967
98862
4724
43930
1919
71931
58755
89592
91744
6697
51685
64639
40806
22382
87179
71592
7468
18916
44022
88005
74701
15461
88330
14253
67805
34874
67192
26372
71924
49903
71753
74340
10152
48837
26023
75700
63205
75608
51243
60804
73100
28687
21368
75667
73481
57384
15921
21319
2500
49934
30608
33343
54920
44857
39097
11125
46765
50380
67023
48162
3256
49795
61102
36494
16546
44888
55501
19019
14340
23611
69426
75081
96300
17320
30922
26823
12641
44199
50899
65504
61393
30117
92121
74097
38557
8719
64674
72111
72178
20239
58043
21802
91250
49968
90772
8543
17424
93818
75420
7050
55280
48388
89923
82581
15200
51952
5546
54631
96712
27793
99776
1576
59060
88629
37013
72638
16719
3419
56019
40369
36541
9423
30121
87257
81819
95382
63383
63083
30151
42819
83721
72866
78565
66433
18561
85787
82433
92475
92511
79302
9493
36697
57880
57450
77966
27688
85413
72151
93557
24684
12632
34839
57606
24157
82109
43006
24674
69397
84867
12028
4620
57143
3093
52753
70096
59972
99291
4247
3562
48686
1063
6076
25483
36049
22132
11906
61601
49495
93012
32846
6426
2986
69925
9629
58309
62376
49098
94239
64317
72875
43471
70199
95427
67602
6877
5552
42666
50694
27256
36523
5373
68583
62604
74003
33858
51024
46689
43367
16746
14205
3983
53775
93472
80423
62824
39303
27348
92276
55880
13500
79920
44473
42318
36916
36703
43785
5226
13529
80750
97280
42542
11921
22732
37601
89494
48638
41655
91100
46513
6790
88343
33238
81996
49586
41881
21042
83050
18937
50384
58106
74974
12464
72149
53932
9687
71012
7081
62213
63749
11317
1106
45224
36230
33061
15722
46287
1877
54071
26450
30784
52777
11664
22832
47915
94287
8342
25592
44872
55825
88498
86486
42645
4524
92632
12622
70839
11030
83500
85497
92414
14738
37794
68707
92322
76995
77419
7915
63522
47447
64620
27977
54502
26204
40554
38382
57911
35835
62964
21540
82661
77580
54422
28892
51407
90201
74727
29731
38336
91711
64833
29843
10634
22469
40469
17200
78184
22732
90161
34754
25253
15097
24385
66973
32374
58225
44069
28155
9539
59532
84250
49862
9950
74990
53218
18141
29304
4382
94946
1757
82932
30979
35088
60859
98192
34730
21876
20790
85118
27667
34236
54319
10922
51781
81726
1419
34963
70281
43536
6902
4805
8647
52568
37836
74874
63435
3692
57015
97933
22840
24636
74600
26337
33098
13418
14481
77394
17222
6808
19777
65778
79691
25021
58538
43505
10646
33999
76317
23568
36510
29114
1320
12929
47225
81759
9848
21269
4133
69556
10245
1293
95342
69594
24263
91895
52585
97975
47032
65811
21240
48669
36556
91124
72766
46845
25947
53728
11467
50742
53088
55691
68853
21728
99198
29574
77626
74732
20077
75428
72667
37173
24275
88732
34120
17281
11691
55474
79404
27313
58318
32154
58564
94271
3127
15578
49288
8199
87044
51138
44420
29838
14193
4975
79378
80920
30405
69882
28551
54127
64166
24401
22530
17238
91574
66584
24305
90225
47744
59974
74886
78614
49780
10579
49110
65621
13540
84250
18601
61779
98943
61768
4712
40225
52398
43680
86908
70804
68552
64607
83836
31121
75886
32296
98159
32813
59713
77900
89487
95663
70938
81038
4847
46897
7005
49088
78996
78483
25117
86539
82023
72191
55735
74412
2575
80069
75579
8334
57898
58234
92187
30142
17207
76254
46448
22115
69306
64251
25764
65753
60063
3586
10430
12471
53651
63674
60827
90704
4647
35630
51676
57171
36489
88514
66107
50802
9818
4911
25173
84110
50453
55549
70764
82170
1905
61103
44980
21380
93575
26544
65875
23265
64344
87788
36985
32660
59237
94443
76182
50699
67225
48559
55613
30288
78757
13518
50673
28658
61186
92951
38448
54056
88647
83798
24418
63921
19249
33514
97766
30195
35457
90277
92056
78057
69833
56377
89259
75130
42546
23336
8623
3821
50842
24004
27814
41145
55708
17391
51275
10453
77587
50625
67105
31233
8871
35044
75608
70647
84125
35198
16366
66668
30233
88835
19659
61872
53485
57556
90332
42070
34383
20935
99028
14475
83748
8081
63520
69557
40086
51186
60249
49960
88313
71491
93114
70172
17026
92612
92975
83796
82198
52332
39668
28574
28445
24828
18280
20567
80859
91273
52228
19087
12215
46193
69345
25992
93397
13217
98392
81736
26661
6491
73026
20736
92740
23164
5754
95372
54446
15622
99502
99036
59980
29352
2552
22736
42122
45643
74162
15502
23921
62031
66154
42898
79144
70113
31979
68345
55958
74122
17541
55094
35919
19304
79728
9788
44805
89927
3724
53355
35035
37940
95419
38231
90331
89396
26481
48204
48084
44564
65465
14600
24576
94412
79766
97326
1500
9270
73168
96203
62687
86752
55957
49740
82236
75215
4026
10889
34838
80049
52156
52449
68069
71472
8160
62725
92892
69481
45599
14249
33081
7104
72612
33032
59074
77102
17020
39008
57630
4483
87833
65561
66586
20574
81276
95677
54170
92980
91841
12656
81469
31961
57776
59254
96016
98939
82673
75327
16723
80207
25504
7454
90657
73365
98079
58016
71164
7382
84764
15350
25108
56324
7667
82265
51025
19372
62000
28948
10200
31122
63926
14111
26217
36917
49509
88702
36224
56283
20424
17984
37614
69604
44769
44313
16992
97513
76413
47447
70204
63254
64801
97622
32261
19655
85892
28563
59694
76320
41162
52148
99284
78935
25093
33050
90953
75574
4789
29512
67342
75768
55483
13356
16368
65538
14729
9574
92949
60241
77713
35776
65458
73042
80173
86946
21640
94438
5789
1632
97746
97298
13658
95543
17957
69558
90399
4823
7129
16143
2722
81006
37231
95554
67338
68926
80429
3047
11258
22005
33499
32881
70736
35898
61265
34091
42863
27697
51751
87172
8296
50196
77407
47777
95012
29319
53597
21108
49465
70979
74577
65284
54237
80914
80910
45547
58332
57681
22615
18248
23864
63664
61541
88501
56445
84444
96131
22952
17235
95983
80294
4793
88289
91761
92796
77129
16221
77113
60134
40072
19607
13695
6573
31055
86021
3820
70708
2814
16197
85450
5213
34166
54454
58973
17223
61920
93371
92303
50547
88673
25121
16968
89228
78873
60799
5967
68674
16178
98041
69703
17998
59320
1139
29357
43460
49144
65976
45013
21400
12543
37912
16851
61734
95170
70570
42980
18838
72354
85588
48549
42600
33268
50127
27456
89555
10687
57705
71325
75197
85393
2794
5471
88330
73751
51917
42246
9742
35602
37385
37993
32561
51854
48639
31239
77863
5202
34938
29283
87931
72481
43753
84617
51136
36236
75101
87529
29447
51907
81361
78963
92546
36452
2441
13669
45570
87304
39925
99614
59554
95715
99181
4132
75202
29606
88295
49915
69355
26163
27238
25794
97969
8222
18869
15870
1419
69361
42973
27932
49592
16183
59279
28110
41265
34102
2135
8439
89257
77986
34764
96712
41725
58393
66903
90338
56296
46125
71303
32293
81975
2078
29856
44730
30454
86608
25280
90878
88482
88309
26052
58437
19412
8655
10638
20261
59713
63605
31468
13815
40025
8615
34183
53255
62425
54725
63961
99302
59062
69747
9141
40587
4251
78801
74471
14898
58712
79263
82073
55385
93879
89228
73949
43573
75845
71481
12800
23817
7204
6869
43540
84159
33269
84360
84294
47252
35627
4118
48485
3029
28135
57937
59225
17136
95062
34570
44203
82153
85918
1095
65975
42450
95250
7441
27453
12260
25981
19346
54833
24384
7467
60933
43953
47913
70159
60265
63680
70124
10226
4452
10095
48188
95180
1385
43675
69076
47504
23719
94797
12882
99838
31902
57696
32694
80006
21499
55155
34134
56861
25447
71561
50776
91100
55432
75304
99131
10231
90241
44165
56119
57230
43112
62485
5986
64756
79095
60858
61081
9704
85707
88756
13217
90165
66253
39479
5527
35838
33007
45784
55979
71836
60002
62253
76609
40146
99782
74030
55613
60274
3742
22060
35133
69176
49348
54193
99279
66044
18753
84215
31819
64032
94063
71670
93155
66617
30383
53212
79025
38902
67576
73870
81324
43672
88324
66269
73681
27539
71965
74179
36695
89399
3167
12823
4279
65295
55301
51079
23781
33831
68261
46361
14721
11159
9241
89782
33762
3468
16776
8320
47035
88208
17714
76072
32122
66761
9656
47941
3398
82600
68107
28753
35122
64041
76448
18200
46735
40276
67538
65443
55722
69589
32075
64858
35563
69631
14618
18597
6702
7748
99182
34772
33922
3172
17826
77461
79467
36435
67382
51766
8730
76665
41578
82017
69562
23461
37131
3083
89923
38001
95030
25233
62208
22855
85783
15249
45385
17933
12604
88287
62049
22897
17259
83668
6819
33765
56845
67400
43705
59408
17853
80122
75499
51505
77001
31965
20524
98038
71839
34305
55713
38698
15552
25106
94533
8191
68979
30013
80605
68052
10569
94131
26077
62088
18027
66656
52038
24479
36678
4809
38400
59103
27400
74346
14722
57164
79068
4160
20309
98615
25121
43767
91933
81663
29835
71201
32059
74882
56968
45778
32378
39736
25433
67678
56274
95507
23306
49592
38221
28671
55102
69432
97581
88541
55296
30915
36598
94524
99928
66364
11177
92476
88181
81478
29336
95398
35574
87501
24613
94958
23222
99169
42710
69349
26081
21214
47408
73714
58451
22095
87336
95583
88632
98105
24329
72510
47495
65050
73410
55000
61604
8579
37569
79873
35932
96312
7810
21034
30933
74564
53863
39853
58594
68267
81531
16047
35414
96610
46441
27953
98577
87140
71278
23470
1115
63741
76096
85752
59952
95879
63349
89204
48813
45096
40844
49331
32344
83830
44395
11592
63939
6066
49781
27330
24422
37893
68647
97355
9994
15358
60994
6217
17691
89427
64564
89866
72987
21172
2791
57882
46314
55690
33256
61826
86788
33543
91142
78922
26624
86306
48551
46579
29407
70415
66398
80053
25174
39183
66353
91586
29465
45298
16986
28561
29843
82822
47087
83769
13520
97081
8952
44549
32954
11535
6810
81353
25527
19067
59075
25752
33910
58664
11472
7708
49313
81559
2578
63096
74235
39217
52860
16230
15293
61297
94792
35350
11572
60119
39073
28218
97839
19273
44466
12850
3168
57362
24147
32494
3377
65961
44893
96582
67005
67919
13655
9122
48600
95662
81970
93395
10663
97893
54086
53401
65718
72955
3964
81831
20417
50948
75313
75066
75185
70222
1281
89290
17015
29115
82571
22232
29955
82460
35129
80761
9133
50224
12324
85976
30837
85134
74329
49677
50552
75690
65483
45172
24295
87289
40488
16807
62120
22301
30489
59505
96799
38353
49664
7464
62465
61186
32174
97045
30845
41859
11421
45490
41238
38926
84812
88965
1757
53173
32316
63830
66540
41092
68259
9092
68958
72548
40132
5284
23891
44642
71986
99316
24315
72144
4161
76680
14203
15974
8170
52719
27697
58467
8895
58647
6620
37542
50027
21713
17401
67072
88870
25287
76138
48296
58257
87045
73566
16689
58979
52319
83272
30184
14530
59824
6565
28974
44224
51226
28073
91704
44060
56837
69336
75188
95884
97093
31555
88228
56031
38157
2787
82805
64559
89065
56600
93564
41062
13958
84162
85812
31336
46972
37964
89534
21732
42325
24799
53661
69349
49696
13269
15209
90155
86555
93241
50651
15398
31366
47037
42208
73687
60355
3655
99699
25474
14512
21950
50157
78651
83519
56923
44225
94194
49728
17951
8087
97017
23294
30470
51261
5266
89868
8872
56124
90318
22019
18399
78365
37138
80984
73560
71276
45812
64847
84674
52671
37934
66559
25979
20351
84226
2541
49249
81662
96899
19673
60110
75411
97910
45032
88058
78442
89550
77102
25164
3819
88620
99745
89134
59115
83765
73761
59899
9149
42842
62358
72836
50697
60783
8503
47906
23874
1016
53667
42894
69573
4879
77042
78550
33483
88499
28341
66748
91996
26458
81858
93564
86049
99262
66549
18540
23173
94650
89687
17244
42027
26422
74868
96107
99475
7219
99208
28675
11606
37932
16623
26329
57878
17291
70066
55500
93113
25876
67923
27714
99481
81330
70258
93663
54729
65406
76818
82448
73174
60086
97299
13782
61478
30933
60687
43618
31749
25601
38288
40679
51408
44932
41859
19580
49641
89194
98648
11055
65041
83281
1557
75823
82386
94364
91316
9106
12231
99949
2364
45144
43159
49769
50273
18178
17024
95628
10937
66841
29215
8624
40521
92617
60663
6710
77028
20902
35087
5137
78225
38202
69672
1868
94946
14964
9722
64264
13804
59330
5146
71489
11047
79905
87900
31767
76282
41029
41854
63339
72174
43996
9782
34701
77943
76613
65088
62117
1435
48355
70329
78763
25862
99519
24950
4767
56175
18727
64848
7923
57829
95790
8976
67319
45981
24936
10934
80673
3513
47081
71150
47649
39210
99471
27083
23851
44307
23456
36071
92562
27982
73447
90900
21285
93232
13262
13692
82987
6697
12633
28745
52446
95561
32452
20847
48684
44921
30681
76827
13096
41427
81016
28390
44311
62447
56023
76120
12301
45321
13845
69018
7203
3955
2810
82662
80605
30447
52439
12881
51800
77717
37498
96964
70416
13087
2954
47720
54257
52652
86758
84573
72600
26745
81092
44498
75322
7073
42294
59067
85250
27693
17731
6621
99285
27685
7528
37618
23559
93339
69560
89489
89831
5086
6398
2674
70294
40414
53077
47154
21926
20347
27374
60654
12129
83560
26052
17480
27483
63483
16564
10315
21195
45116
5188
25463
98828
58287
81564
76755
44316
69412
75105
70784
87295
3240
12613
76319
98275
2666
85603
17337
54706
27711
58852
26736
68318
90176
11268
87065
51447
35976
28520
12509
73022
38664
89386
62322
63335
93955
65694
74312
48133
39028
79356
89110
54283
9374
37644
90986
55393
86102
71653
61638
2493
87393
85546
70456
61422
44954
49637
36072
19246
28625
53257
79840
93757
52105
56205
14616
94652
94362
81009
12982
36709
18673
76391
8074
97920
49860
66830
36728
31951
48141
79292
85011
1699
58095
66756
87786
99341
97436
80643
89762
97097
30868
96638
17405
55298
55104
57984
73059
93337
31193
52251
46908
76092
89018
49878
93744
98729
54576
87077
60975
15566
57624
69506
30295
32134
36623
92091
36438
94563
78548
45668
10793
94460
1947
27278
93908
73965
87735
34174
60109
27003
53142
60759
83749
21524
15291
6669
94468
57075
29464
79598
51887
91032
31774
30572
42605
98344
92636
48899
16241
34341
97070
74960
55913
6982
96047
77355
44263
32699
62484
99179
92954
10017
22001
64484
4093
90155
43832
45531
70664
44688
21322
83152
50059
75667
8466
50000
84036
11562
9450
60685
14568
88188
40940
82777
29372
59922
68763
35770
64504
2591
80422
89196
47194
50449
90781
14933
52546
69844
66570
24651
97311
4277
15262
19896
33482
26913
2470
71613
90117
31751
31044
88169
24523
49053
49881
65081
42101
21055
29710
16017
2702
56711
47707
10388
27430
8178
93882
94963
19961
81625
83068
86118
94130
20768
66725
77446
89764
75391
97740
33811
8742
26794
32454
76171
63149
19170
99117
80703
35985
96104
83310
87954
96149
9118
1322
73161
17566
72105
46657
66556
60064
70734
52857
17451
80071
27303
50320
59045
13491
92073
73120
32216
37376
86279
69902
99717
14386
10201
87447
15031
51321
67339
16306
62839
67548
38537
92605
60274
34425
46973
90613
66677
24144
42673
6229
32244
54237
8254
85424
15256
30161
19512
13238
32863
69677
71178
1013
1858
87527
93101
84853
52308
32498
86029
1390
44415
61832
30225
27169
50976
72112
76131
81279
71916
48377
34599
47149
87056
18125
47329
4379
57019
32418
55060
52270
87816
83206
18234
88712
37758
10049
52951
8468
44857
69870
35023
69243
98842
37440
33749
6228
11464
22196
75643
13644
84865
30364
96721
85633
17844
60359
98868
66645
8754
69421
89653
40727
61223
76507
2454
82776
27570
38824
29908
90464
53599
31692
28109
42867
99470
20429
90327
87009
50250
11378
33226
46850
24608
41384
44926
77333
48385
85495
97045
72792
58338
58192
64181
70924
67447
1241
27029
59098
90430
29870
80084
6416
25887
97931
27507
64722
94414
63351
99685
39532
2678
98059
51854
40005
78929
94564
35323
22784
7612
9077
33653
15264
52319
12178
75382
62467
77715
93413
38470
69725
37211
72595
7583
72240
45843
74963
28156
6071
41102
83280
38768
46732
14257
19958
39913
31962
43979
31463
29760
79672
89029
78854
57086
72802
23623
75693
67052
42709
90035
56992
79449
22396
41759
14394
30795
3721
73852
29864
43660
35596
87074
32246
65540
26327
52674
98806
66203
54136
86391
12590
30246
92474
66252
22245
52928
99645
93389
14672
49650
8930
30282
52890
54621
50011
85162
80847
44387
34352
8487
83449
88923
28157
93052
55723
80752
57721
36822
63473
29200
31069
60379
13792
56546
64451
22068
39458
29155
74937
11650
98966
44612
25531
76758
26410
83505
79459
67142
25943
59834
49844
17230
91373
16918
45677
38886
25602
30689
30535
24816
14401
32431
54588
26605
68578
31202
60779
15491
31119
43345
44506
32021
24536
52106
3472
72900
59551
68048
79996
93801
25591
70777
70808
51923
57909
69314
12200
68593
55671
79137
28630
68462
39727
46865
4327
93396
48760
19884
44683
26252
16190
78166
29213
48336
18481
43173
40662
89003
32306
41233
38755
16864
40856
99288
37619
16781
29426
78027
86342
64965
20355
54599
46695
18539
10248
64700
75119
54139
3033
81253
9619
14786
10976
8352
35443
5749
76068
69748
70993
8224
90077
24049
27438
59100
20962
49449
42726
46995
55246
28719
60482
80602
92149
8235
6804
85671
24110
39115
74883
68724
91259
12218
77334
40791
37787
46401
59295
99709
61546
50175
88033
59620
60988
72063
2985
66011
87421
92345
33928
7439
61098
61099
69914
35013
87672
16596
84682
86576
58068
35949
52585
95083
25360
37433
22268
87157
40504
82190
98338
19761
30761
87765
14904
61719
86688
97114
66240
21992
61993
9973
42917
31235
27733
72473
32954
63684
23723
16862
63158
45251
6142
29310
73243
48798
96624
81992
97211
69542
91655
83948
62936
27364
82880
27764
82684
29819
4801
92180
30217
99027
34208
61414
53858
37938
31537
73270
58903
88398
96104
32473
11489
3490
54820
88575
77792
1196
63712
97411
92269
67826
55018
76024
19045
28895
3867
21858
13521
55294
35406
42212
94464
86199
6301
29035
79153
46283
16675
82495
44070
25746
52939
22963
9166
20184
90314
14886
81785
86568
98741
63021
55811
92551
62089
1075
39732
18742
22591
46803
97822
21869
30844
84771
35515
4422
4548
13124
91972
87777
39375
83155
3240
59404
84134
55352
20507
54619
3939
75386
99046
4341
87580
40505
66284
78885
33179
97204
29384
68796
71169
9332
61467
64879
3288
32678
5266
69108
11624
15941
87177
12896
32253
17777
84558
70305
84569
36018
68491
39993
5228
27430
69102
73623
68349
23150
4671
57386
71428
90561
92857
52333
61809
6588
14797
12132
51518
27979
97701
35350
18168
15495
34555
53746
35976
21262
5939
20471
91358
37813
67137
38890
54494
49086
76445
80957
71297
67356
75653
70458
80202
67395
44048
94132
69867
43346
67486
37038
99499
54980
39080
80388
84817
16473
45661
76794
51949
32070
48362
20839
53290
8515
99621
66287
94974
19941
55476
45740
21021
99733
75995
60609
27704
68656
19029
4629
97612
10817
38818
17682
49870
39647
39127
32679
68749
70628
66415
6225
99889
16348
13791
38530
95120
53925
56418
14964
13107
40758
79541
32522
11754
40887
95408
97111
41171
66292
70562
93495
20920
41508
72854
25004
62240
30185
5066
4306
51643
77793
53280
56248
58935
64232
26686
83926
77308
97379
21350
52923
66845
93834
6256
12114
15096
42379
91222
35013
91877
61785
63694
75623
30334
89798
96338
63894
17078
34599
39670
5210
67789
16489
80492
38297
2474
9159
22628
21071
60037
38100
16094
15733
23406
65146
88148
66967
79724
63559
22563
80350
52038
57361
78278
35331
84283
44537
40440
71326
7780
93247
77037
42120
46679
14381
82139
46101
49425
14576
33215
95167
84624
10718
52903
91624
71533
2301
78971
55575
26283
91636
73970
83095
78294
78494
30839
11859
92582
17483
51144
16506
60775
90801
27206
62198
42893
14665
16396
80733
72456
68295
66297
68734
17762
38740
24970
21053
48096
95871
64363
10414
66152
70712
19954
21234
25283
87169
56131
58107
78074
35013
65556
34012
88719
55749
90404
47913
22196
10761
18089
74636
55669
30128
18341
61772
24044
78120
18415
22306
18242
18763
62916
63055
13377
70823
66547
45386
1487
36043
48664
44616
17022
2193
51087
99102
69070
80316
65721
43096
48633
15895
5618
91238
85776
91768
81202
19073
49797
19686
56635
60467
8058
78405
85556
82797
72053
36960
62441
32232
34228
29576
59491
91292
38281
73538
88703
63746
52531
6460
92328
75478
51468
51406
81049
78559
51713
39377
49479
61422
11819
31770
35176
53727
88832
87538
44043
64540
68463
31295
39770
18289
47604
42551
93921
46804
6308
92291
16130
38547
30691
15676
4965
20839
76639
70300
13627
28571
29781
39437
18963
34224
62518
22766
1161
1773
27999
86747
59086
90444
33437
95667
95643
24784
46386
85806
47670
78303
94457
66724
40009
82396
9993
79831
41583
8820
9485
81680
69258
7340
77083
86988
98975
96097
78490
20961
59278
71423
22823
64578
92948
97217
34536
92647
79014
76118
10951
19080
56641
49649
28656
57374
15552
63281
59525
75642
41141
40526
35712
53434
27607
64910
2450
53874
71383
29837
72391
31296
95571
97720
77064
39596
90375
94027
69327
7280
15926
26138
90881
14959
84138
21694
25401
46368
43001
33948
24750
95683
32634
18780
49455
53912
66545
8488
79737
88903
65568
63079
10896
5451
13313
14559
34824
3000
28230
7933
53344
64386
8808
66293
65885
34441
16664
29182
36251
55819
34679
86020
9944
75279
88443
4090
29687
91011
10864
40238
83229
7542
41071
77909
31901
87745
81785
63598
6651
78728
36450
64677
62148
52815
78872
87314
41046
11276
11738
36470
63455
11222
25117
52747
65896
65957
97611
16035
55806
34163
30816
37311
1861
95147
60729
50065
42191
78578
14161
48039
46131
90906
39806
11074
10964
22804
69989
20910
70016
14629
23286
7690
25277
92206
46853
86793
19784
7882
70127
72509
25694
74712
99536
68978
26254
46529
23459
40847
96484
73779
66740
3601
93039
89517
8526
13770
47165
42423
28400
6989
33096
15450
25706
70475
91364
53325
52770
92703
89067
50749
77722
95099
70494
41852
20924
5013
9041
79619
99971
87994
68765
64658
46172
9846
50534
27164
7913
91861
32151
75405
44118
21615
41648
84313
72033
84662
59815
28236
24984
80596
95016
72721
78297
12671
68404
73805
97638
48014
87952
71248
73877
69676
79231
21394
75221
77788
92353
79210
78300
54436
33810
62281
76245
17236
7722
19779
81445
62544
76317
20241
13131
6749
13402
14586
85727
2216
95169
46350
1098
7294
63831
14120
85783
9661
44330
69445
44584
51128
97116
8574
89697
26326
80307
35329
37672
21588
80625
32696
11379
23940
87937
86674
20822
7075
13408
65759
96396
88165
86652
90693
42039
2355
69013
73515
45444
28476
13466
45488
65081
27267
87651
55381
84892
39166
37650
94756
51323
2565
92168
31899
89539
76293
25317
66332
67909
87714
68166
17789
27486
36276
80883
71352
7799
46235
51936
41282
64246
1238
37167
80024
78766
64866
83346
9685
89094
77500
26318
92494
57890
13795
5592
43423
43376
23938
23401
36288
69267
94644
19324
99385
57631
46362
47812
37386
46310
98039
38818
19158
84281
26067
8559
15385
24616
5068
30754
50395
80987
85995
21635
16891
38350
89168
92129
24414
56804
91739
25815
75748
82206
68493
31584
50204
29975
28229
29007
47814
1476
48621
80304
36490
56402
53415
47198
45032
31142
2888
82761
22602
97951
91066
52825
15557
86313
78500
54812
17235
68657
25893
49504
13059
65604
40175
67156
16351
4350
73301
43436
24772
75535
85014
42918
61141
38503
8455
2404
85216
31264
77434
61143
90555
13338
87534
83113
28309
22293
2301
38050
66851
95631
40514
65855
48805
70481
53032
48770
59514
26682
4479
68572
56311
25012
56321
24350
86233
62525
38818
52264
96832
20301
66242
48589
86766
34154
97015
65280
18716
33245
21148
44199
20852
55821
67200
73498
2973
75183
2062
26255
95529
54930
11380
91210
20237
21070
59930
63976
79971
70928
66755
5805
5574
45867
13833
74568
61408
64699
56861
20556
26711
23272
15301
52375
93596
32093
62405
94084
91172
88118
18425
88346
63274
4807
43962
17641
54308
80014
92023
69963
52612
72250
69162
69788
69316
59563
59906
57733
62996
62850
24378
8803
20285
79918
85733
6778
72319
84255
98845
89927
91752
99479
79745
21442
61244
25311
76731
9835
40780
76697
35594
15192
18307
53113
49589
9373
61100
24205
36092
28425
86162
96008
1981
85424
97807
73058
24169
28189
40945
77458
38099
35378
55819
16105
13324
83006
53989
72470
73137
66662
68827
68375
97981
28276
33442
68618
50697
75985
98215
80353
74269
70021
89994
14997
57901
78857
95743
34176
36268
82651
47092
95807
59534
39664
92937
88328
92042
89303
54701
15671
48027
32118
54507
69112
60799
54205
42909
89757
85168
4536
18853
61591
17542
24852
83810
45685
78450
42263
68692
82093
50494
5139
17853
91783
95448
39133
58499
62284
38563
26598
31856
12222
87453
52642
91885
40143
90775
92217
53023
52107
62708
93149
63670
14243
18420
84670
61716
39984
45163
50042
74831
75439
75591
2405
37501
59970
60519
5310
83024
26469
91931
43975
46581
87138
44716
18175
81638
55646
98896
82213
88850
16796
43412
85489
85544
86587
23351
65503
4113
59708
36262
12638
38835
80337
41058
38478
23410
8071
97051
40993
53923
90548
61232
9376
5331
65078
40857
47009
65168
56198
40096
97232
7126
24909
53536
42285
82647
55881
45127
12892
61956
44750
16106
42760
51341
80622
9655
8379
6803
14809
34549
42700
88519
25438
32066
26049
29625
97998
34141
23310
92161
12764
91979
69126
83900
9364
84311
29085
26496
40909
72181
2418
66043
25496
36893
22974
99353
29725
70134
32927
75188
52826
42863
68662
2258
65855
92528
28363
13445
50586
92801
62786
80097
18130
35361
31029
72420
55793
15798
86018
25891
67746
67541
53179
65964
43572
15822
8951
63877
6520
46393
60594
80687
97187
61746
6790
74124
19751
26584
69312
62355
98093
99637
43535
53251
22358
90436
24465
36694
46394
24877
37431
76956
93524
2805
91207
90879
28239
47615
32351
10446
1020
63112
17626
47414
76897
52005
71976
58745
65315
71186
45360
9266
93948
42297
44294
35590
80070
63558
3676
52716
65782
44933
91041
30183
80592
75325
11236
2634
70053
5666
27266
48863
32522
30570
90237
31215
1872
42337
3809
51413
84335
25042
89828
58279
83713
42374
34634
64223
44305
66159
64324
37105
6905
70508
80143
22950
94168
27565
2199
51318
23363
30484
35223
75261
89304
82277
84508
49169
9929
91756
28545
23135
94415
60297
34045
56429
26832
11044
58400
49693
25732
75607
50953
1411
77680
95437
60807
7639
10032
35991
21713
84092
60512
50817
71705
34549
81551
16493
1400
95693
79312
99987
1339
78475
51336
63232
67912
29597
6816
25606
23104
69124
14861
11676
28418
4280
34519
50870
2097
55574
43619
85681
79186
35467
91764
6223
4498
75017
60789
29182
97713
55226
64328
24911
75698
26978
78024
18978
20843
49004
5208
28432
72878
51964
27799
87826
9318
45063
77864
27843
73248
76937
69048
28738
23618
24198
66334
16478
10548
58697
33697
11961
84519
45122
83903
39496
63162
56790
4322
18418
96243
64380
85490
78566
55076
9886
61176
34493
29242
50835
58067
64610
20861
84311
63853
57682
23297
47512
10371
53000
76861
16193
52005
54854
84521
19834
87614
15465
57290
54646
76666
85829
48001
25968
41135
6787
89917
46802
10850
27241
23038
23141
69312
49660
22745
11798
50111
97943
28289
53188
61069
62088
71546
33819
29106
16671
12505
90541
63901
55430
20715
33249
62233
81563
10281
29617
72210
52450
74653
78387
80471
3201
31060
53704
84188
2747
8744
22551
66212
11981
36187
28453
64139
55724
89514
44455
18290
22544
64632
1537
45713
49494
84025
43092
12728
13751
13887
37171
7713
69598
8001
44416
60842
92740
52370
91292
56460
75148
29688
33367
11110
84114
53983
87743
12322
23376
71544
36719
17838
13683
65352
95645
20099
91467
14764
88340
59704
89986
53909
68395
76276
29494
48976
35223
41085
99870
26392
48053
83638
2035
10736
25555
7890
19318
65692
47029
72315
44452
85572
84045
50033
79479
31574
79607
73808
87359
8359
29592
13487
6195
99748
11936
64500
60684
39072
1269
90795
34821
30874
50652
16518
22693
91801
74235
89470
47463
6244
96055
54924
72777
81267
17457
82939
97107
58273
87432
1891
36491
40101
7471
63711
47859
93270
32878
44668
37250
2453
78815
53710
76806
94835
99200
67137
18062
97543
50597
56286
21393
82218
55344
20757
20444
41852
77702
53758
64260
73563
24129
45900
88435
43173
24785
54739
28635
77910
75560
91323
97135
4320
3556
51843
85885
74233
14527
17942
67343
51358
55423
59851
95395
43614
57726
38092
93437
99750
24349
5197
42962
85109
78029
5474
89303
77245
75595
56412
10235
37199
6139
60650
70283
31592
10885
26260
96664
75111
93594
65910
40826
90876
23977
61872
86598
76371
12318
45459
58589
41277
11091
47191
82274
28889
94171
54564
59161
35883
47430
58435
21858
60303
22224
63529
9649
45280
68739
85124
12655
78767
27987
81175
65007
94427
97315
64554
2133
27091
23395
26278
89981
92868
29571
42579
98127
58050
72011
79355
71431
3978
55248
20677
5464
3773
73880
8163
30979
21481
98790
14294
34495
12419
29417
64845
95358
28611
4316
74914
21196
73433
7995
59015
98944
42234
18733
79671
9377
35776
17884
29745
77881
94728
36360
74899
8123
90299
69110
38364
10551
94528
55870
9632
37560
44731
9179
14380
9346
18906
42924
78258
92139
83705
70580
73659
28952
97939
37084
38683
63532
20313
36646
77130
12713
15340
9395
60273
43023
55468
10867
60586
95637
35437
41884
78887
86249
98429
50193
78254
40636
50242
17819
60448
83161
87786
88318
68526
68092
25102
29249
91123
47871
48171
42489
64847
48414
40430
94309
94236
76445
98165
82240
10183
9199
28677
34071
91990
77071
12099
90920
43873
88097
3756
5211
46897
86936
57035
85699
68223
31333
54589
49767
91541
28531
75205
21377
79280
40666
17077
84263
5728
44377
55131
98659
63072
90811
70342
14038
32212
42647
98165
26648
71647
64248
86017
63640
81898
67518
94473
63700
96323
87206
57834
86970
11768
83411
3023
57816
58759
30646
52986
19146
73997
89135
92353
96258
37235
72444
73963
13825
29264
2170
95695
73286
46419
63592
51330
25096
22106
82541
75653
44797
89580
43806
5883
3078
91195
71008
34068
2068
48326
88723
39643
52168
34119
25920
87105
27701
89436
63149
41134
32913
32145
50304
65940
59087
94453
37174
99847
54701
82612
62994
83884
16765
48941
54000
21688
14240
17174
96226
4132
47125
10416
3182
58267
76879
66863
9984
34401
93033
88828
58711
47052
16662
29373
87686
18357
87964
46553
92087
90275
76394
49526
74513
21432
70523
73789
29243
98387
70536
45816
1651
51042
73216
34043
28360
93293
30010
78581
85211
33297
23841
2257
33338
14844
24684
44448
24298
55812
65998
49939
93221
95740
17272
64643
29623
57222
58758
79126
63963
22523
33468
65640
53560
38200
55467
95583
49415
8353
23745
86856
53310
55427
40548
18992
50482
1251
1271
67438
3564
91233
80346
58536
54229
29085
87029
19970
42841
58434
20146
23960
37884
68419
95003
53574
53958
45349
37845
25965
58818
75177
73915
39593
49003
78540
52041
51278
23774
44741
36194
74309
90393
43501
24312
60524
89345
9403
25850
33368
25201
85204
49444
61679
69160
65358
98566
40336
19298
24447
83982
19904
4819
53164
41819
8268
90646
88353
39813
14316
79551
63542
73776
81483
65514
65565
76213
11730
8663
38762
53355
33461
78719
7298
89871
12096
63396
85216
5919
20134
7152
10675
9289
94148
8802
96290
75318
17734
24571
39956
52864
19797
70763
63822
16381
80648
94095
27314
86256
59634
22579
84739
23471
50312
51739
92731
91586
66398
28941
23357
32658
42911
40191
70613
93418
97274
92263
5552
6844
62511
59124
68117
66556
34466
38780
45733
24851
31364
57096
94285
70517
9044
61591
5119
23963
92017
91928
68189
98625
36857
44589
96302
98018
94981
62636
60339
72125
97032
2270
68862
29457
48407
51883
44195
66481
47751
5124
18347
70541
65951
95318
93973
18344
23129
93155
68409
77691
12376
29531
19361
18459
55462
49521
76309
82809
28417
48523
31404
70686
94168
65174
19493
65436
21646
24984
5890
20901
46644
11456
33763
40091
90828
45427
90609
57919
32466
34724
92683
50391
64772
41391
5243
95883
65005
40863
50775
44810
93310
3409
46024
2527
33818
29983
97504
55495
39271
56566
83284
63835
88407
74342
63186
17565
98824
27451
55766
28566
80259
88915
95724
4423
7631
19054
82703
51372
71604
91986
46216
33467
4624
15727
40566
56457
90456
40046
32663
90160
24720
39998
53396
44415
2928
21841
70893
5850
18437
69210
37345
86070
37989
69319
82637
68722
8862
25906
59646
97824
96478
56161
13743
67564
77760
92033
98060
41597
46097
98880
48613
65873
59869
33810
9001
44133
2450
50841
63913
45698
68519
31887
51907
44976
28200
73582
54282
65708
32350
27379
51159
96448
45651
10697
26266
40283
9544
31584
76162
73580
62816
80307
62772
85199
95659
89176
58686
3361
99478
41760
16153
76972
96494
29847
24387
48162
23696
47304
8853
41103
9811
19957
21034
27714
93633
2019
6485
90578
35534
87809
62765
83241
47880
82158
56167
52024
18263
96711
65638
30639
36412
56416
54485
97918
64056
14737
66279
69604
1321
26863
72792
87510
74876
83269
87900
53756
96803
81289
21986
86864
42229
39489
86227
80729
62542
13894
80973
88045
24675
18618
86088
32323
35374
6273
88798
89892
27189
97600
21651
29136
63048
1194
1377
60748
52568
59721
77182
28008
84650
24692
86268
27857
99559
75076
92726
83434
57217
35034
58010
80852
6640
36303
49745
49389
47540
39107
33532
37250
40163
3647
33225
78861
75247
28068
17754
81933
60792
52429
91051
80714
91340
67295
97797
56528
97223
50622
6129
84257
68044
70521
79242
98392
58096
53254
81244
54739
73074
17711
5467
44984
41515
88406
77289
94172
9720
37556
45210
44506
2820
38773
35141
22555
85058
64213
90929
18346
84237
51959
94445
21466
81196
93535
37527
81131
28483
18172
98740
67278
95232
75476
16017
8947
37729
84455
58565
17479
26695
57908
23092
48193
7450
7520
61274
5186
53447
58208
13633
64786
44675
32568
55916
95478
22698
22642
87175
23443
2409
79908
41603
10518
33752
31139
85902
12834
59130
39368
8302
57460
75526
78308
68963
74100
43054
81365
28399
87934
46516
34939
39878
88134
77302
54584
13719
65416
16528
31823
92562
99867
20936
89524
3949
21145
51235
11328
51589
48594
12080
20528
74383
57144
60158
57049
40082
47052
5031
65615
21752
60765
91602
67059
19386
14198
92866
2614
15211
18063
83112
74539
66505
2873
78655
37747
35231
18976
75529
77193
34695
8310
16633
58622
87226
18203
29614
30128
30885
59402
18106
29547
46271
35262
37626
47532
58051
78469
12303
75906
24089
22649
14592
89304
65855
22899
81087
99768
74800
36894
93587
12668
25561
41558
67578
33222
55146
27844
5801
5384
53165
49313
1561
74947
86658
87108
24134
98760
85204
74338
18667
60726
46050
82138
48652
14706
77589
65731
31826
83459
88125
49673
75942
71478
91730
75789
33512
39979
84553
68350
77528
92807
68919
99892
30481
77382
93795
31451
85475
34836
4021
96833
67533
79520
15686
93337
50106
21568
39590
82753
78191
64506
74060
93242
84504
48194
75787
90773
54787
87407
59390
63416
10264
33222
50703
20149
48911
82416
41043
24532
16608
27699
34293
15217
69964
67946
92735
85256
48338
43807
64598
7535
41534
23072
53410
5538
31814
14360
1440
88876
2207
82949
35978
82050
7762
52247
61746
16444
32336
59887
80679
34117
15063
93771
2903
18230
5766
81422
31736
41619
44663
30956
59314
14451
45657
46943
48619
22130
99458
84960
11233
12670
34639
15538
24246
86663
55960
15536
6946
83558
76875
59055
82712
99400
82218
59480
18744
94242
15002
60857
6252
38488
99103
70686
32087
74890
54946
89553
91908
61125
21210
14383
1772
36273
82312
64029
76679
96593
78657
36429
78694
72530
49140
24575
62871
73022
14269
2208
55607
14398
89162
29007
90683
76845
12907
80427
79898
6365
97111
88205
15944
20702
26417
94950
12197
43097
58096
98860
33529
42903
23758
68873
21944
97632
55344
24413
44195
98846
25346
47314
91252
18384
79007
61083
53700
20718
33601
1987
75474
73556
53492
99205
51746
77344
77295
25238
46987
10308
64472
63430
52894
53826
42816
35729
1598
39520
20695
76556
1155
32186
37428
36657
22558
13424
98622
22053
19751
53118
76459
60258
62387
70595
20663
67605
22502
97356
4002
47432
35828
65755
50718
71832
43724
27450
29755
42120
8853
49679
99336
82823
77312
98026
41518
88757
35610
40402
50132
37712
5120
37236
97268
60247
47482
83821
76589
63831
38653
61785
96280
56911
35062
30991
95622
9571
79951
35922
63730
28188
99745
44312
58755
83624
23791
39593
55393
16394
88453
72107
42367
11603
90748
89520
38302
98615
57226
64058
32890
48271
6485
84032
10150
76268
61295
75362
26399
85962
5532
56716
75835
34187
92548
63741
18752
22357
55747
71688
23578
90728
12689
70583
3002
1386
24652
62536
73734
33382
34839
17780
95911
6318
30832
62295
49789
1397
89839
86923
40414
94199
19104
9327
61634
23467
74262
62804
13443
54151
92879
31308
75259
23351
40015
1000
94402
43855
24298
70366
1052
69019
19291
45003
25497
42839
88719
96435
8961
38227
71770
44375
49790
75129
22891
52462
92894
69559
24640
69121
43874
81112
1440
79331
40781
46962
18790
87816
55781
84116
55916
88541
45727
4275
82774
17644
24191
16071
39700
28757
58588
59461
87182
15567
3395
68241
15853
56911
57558
54922
69783
61738
71037
76758
62964
55973
51556
82002
94179
88172
86527
63117
50931
49890
64984
53414
24939
89896
77289
79386
95414
32140
33475
86269
98396
95642
20180
69876
22366
5901
50174
71847
11356
44732
12783
76725
9830
22946
13421
59396
15882
82897
8586
3241
73245
42162
9045
76911
98893
48223
15625
38871
35565
29105
78150
25100
47357
13668
97631
26382
77568
53714
43838
82758
16979
83306
8905
84475
8157
75456
62119
84579
36355
89488
79942
15414
20839
45058
11964
7675
31980
12381
45347
41320
77588
98313
78614
49618
89033
50708
59776
44223
98617
59671
24093
70660
49747
1388
86954
19792
93284
59712
44367
31248
61880
91069
49497
84231
92978
11877
36086
41425
21171
38858
84941
40038
82628
66482
97491
15221
60590
48300
15961
44766
50771
39854
71456
59889
90275
3797
90456
48507
51918
95639
3871
91090
2987
15524
96547
48760
47995
56957
58722
71835
68524
16101
62973
52461
17628
23114
92353
69426
98812
45465
71791
26530
33142
44053
9589
82366
38158
3534
33419
58405
10419
13375
44371
31653
85780
83247
13576
38671
57622
72491
65959
3868
42465
50732
57766
72701
34706
49025
92639
5555
91760
18434
4926
5594
16030
7598
13840
36844
36309
28453
75696
64295
53787
42714
44278
5441
39527
90703
30213
39315
92207
23624
19071
15866
82516
59349
36737
76701
44361
39997
62129
78584
62332
11467
34782
32442
77634
56087
29930
11389
69067
91677
37217
41727
93835
77233
26307
37850
10657
48074
97682
90641
3905
30381
63286
33636
30323
82143
75057
1028
87308
49100
50651
49713
14329
49624
38319
54799
46088
57140
89854
80759
79300
89994
75937
85942
24350
68454
14789
45301
7919
40175
76466
73034
38133
8242
98212
85986
32526
86850
79046
44598
25689
49801
39977
82166
30615
62608
67204
40947
43027
21634
73505
94741
8956
90200
47719
16768
58822
98721
10038
78005
36591
71120
29957
5319
98991
43281
95190
50407
63627
81511
25526
85692
27448
3523
73440
29109
26738
62390
81657
64307
98137
10512
41460
78804
56524
87621
55550
52978
67177
62677
54204
98087
55221
46042
2748
47204
28735
53360
76872
26619
82455
99980
72634
57982
84932
34361
52683
4583
69808
18400
43327
83153
26019
10849
36427
39949
42467
47330
17826
30693
13364
66119
68460
11897
92932
50922
93291
93971
9092
33327
89814
75828
77519
20313
33700
78605
78687
18960
87554
82812
71023
51060
39562
35255
53347
74806
34868
49380
66773
31836
90330
50611
59282
1050
9106
78251
51024
93378
93320
88612
21102
5519
92557
13618
77544
5413
57721
57202
13601
82150
14194
22984
75132
22299
39217
84600
1376
68020
97398
86952
62125
12066
91728
26736
59731
8956
5031
82865
46768
3013
45560
81940
29989
24058
73532
49366
1716
10166
97264
56875
97944
60499
65011
77927
43398
6878
35959
38218
60353
32637
79758
67415
44677
17298
80704
55790
69545
81668
90678
80647
25570
9076
92513
38208
21699
42676
80660
88863
1199
60634
51447
16767
66195
84294
76233
49029
89058
58571
1131
96316
1280
76104
38316
56603
22037
94229
10820
76544
80249
67627
74832
64098
63380
59806
74082
22503
16263
19581
9949
73987
41593
15517
66037
60619
51205
57337
37017
54691
95132
98011
53384
95875
18580
49096
29659
61190
23465
73701
61957
47502
48618
11007
99518
87313
38048
38115
86326
13233
38378
57898
14871
3537
21978
89101
87041
18542
40780
76233
35266
83305
92536
38859
91006
50043
25622
51076
73967
34789
15373
60203
50802
6891
68330
1535
24994
58687
14053
3765
26814
70440
34164
53524
63794
98366
57356
82769
63109
54075
20626
94759
67488
26691
18634
84317
63064
46740
61645
11634
91257
88873
96288
3380
33629
13248
55061
35714
9641
2159
4430
83731
61847
40800
94109
39593
54897
86993
23614
33527
87999
8324
68681
25396
72696
43467
76982
71623
59479
25507
70180
89014
44294
80652
81852
65433
78355
31983
26979
14061
32553
1804
40084
58752
7873
44760
54147
58680
1574
43048
62426
70604
52578
89190
33530
21578
60976
87234
76102
30680
63909
20503
54270
8593
97040
31976
49763
34636
17220
26592
84890
85352
15875
50728
80161
22525
69702
1034
78877
67257
99794
87263
18820
78723
50147
40754
29845
45986
10695
63964
69216
11519
34716
68249
71222
45692
93601
42539
10723
85410
29736
70376
52230
8801
1914
90341
57986
85631
9608
32109
11601
13661
56788
73957
30958
68716
92776
23255
96308
86498
76930
67757
85287
36024
22215
38926
78704
78058
34959
23752
93935
68415
13233
24916
58498
54104
75275
11019
60732
55432
1107
37954
17495
42192
26299
5797
95566
79109
89223
35486
33778
65769
83631
43638
45043
37635
97462
42688
49181
81771
56352
87955
12245
94637
4922
53295
20911
1035
4255
50568
23239
31927
67233
56767
38508
30715
69247
97321
23141
59452
53805
90657
49552
51335
25899
61328
14583
60575
84758
3701
33333
18178
51634
60203
85620
69534
49528
71420
95246
90304
32368
67913
70095
61199
76944
82413
32901
45126
37082
88050
2256
12248
76546
20480
98033
21622
37742
60980
53833
39978
57905
5774
32328
2233
51259
26650
76812
37393
25238
23144
65151
50798
22228
56002
42570
6625
45615
71853
56552
32518
86832
4325
61779
82065
76269
79303
58428
68356
87919
40107
1088
46105
80199
61697
57693
44664
7514
3577
77535
57566
99727
5993
4818
42685
91786
77410
12965
9814
76540
20185
14495
47778
50614
28819
69838
36896
86374
61746
57410
5683
67805
82209
85756
82773
67910
80754
33213
39255
91178
41171
48939
18933
59772
95032
17170
96191
61508
7438
22707
34596
33033
98111
76102
57151
71709
7617
46449
89578
47330
25416
79203
5712
44184
90640
13748
71124
44982
53725
57096
15473
11351
19311
90861
32150
16754
73587
24410
99675
32436
38101
13388
93405
62477
82272
96857
32457
61340
72495
20509
98779
69931
68237
20161
14182
50997
33922
93145
50573
14361
97826
57412
99393
20189
12047
95317
85184
23133
72550
82718
80593
46792
77925
92582
64515
25758
18918
4799
66555
63692
57365
4950
65236
2665
34381
43092
42837
72713
19558
99701
79278
25712
14439
75796
11022
81410
52985
21375
97361
16791
31358
52783
75123
59025
3554
83586
19791
33448
83789
20498
57198
28804
27938
29397
41405
51953
31501
27550
30469
45336
83496
46956
23229
4102
56178
3737
6703
69272
48183
16649
88341
94893
15324
88835
5385
86325
65270
44544
26362
35547
34657
80930
73346
83581
52450
3120
75454
99480
6667
65528
44482
94658
47651
96289
5969
65696
48341
9158
78129
79770
49826
31889
91033
14215
66911
79435
75781
79602
59219
74026
77888
89092
16772
83973
92387
19959
35989
42880
39472
9120
45566
91022
32130
65427
56778
2397
94592
2571
11310
91166
95242
34024
18552
75463
47887
47901
64588
19193
96622
56253
35270
76683
25228
73648
47729
99806
60503
1893
18674
50416
37904
52548
43128
54192
20195
73207
34755
66030
24017
87668
65950
20964
70277
35178
93155
73186
73806
83596
88538
61408
34376
26684
46469
15870
6802
60136
79216
96499
70458
38770
50899
87994
71721
34274
38977
15759
84858
62852
66235
55713
78846
30817
63286
50093
76024
56093
13812
89487
11653
89948
80430
41835
19934
1295
17281
97781
28912
45802
98782
25444
57145
23501
83833
65769
52809
75302
18771
62056
45947
66005
69286
58276
26906
38313
68037
20526
66237
46830
62207
35341
37528
96340
33053
49236
88390
8480
6017
31202
61120
97972
63673
85046
25424
40361
56127
84711
74256
15449
53557
51899
3911
54015
72380
20346
66823
30527
46121
3141
75441
83307
33243
32038
31784
40059
3258
70292
89878
87377
54648
49311
65659
49884
51581
80161
32551
67320
40800
53370
72536
56282
82547
1010
88355
14965
6864
10471
91354
41734
37771
24752
35933
39345
39948
27155
20244
40907
12722
32639
91399
76719
71530
60245
90947
91230
65932
94728
80731
27065
73963
8337
67547
60274
4248
59307
52713
40821
19391
32509
32782
67902
53306
72485
84193
81503
88312
55659
44906
50666
38858
53952
86630
4970
28032
44242
77703
40743
78224
12965
29803
12372
79291
20766
42373
97695
19189
59234
69669
13838
24179
63958
56084
33946
19634
31559
68862
12118
96260
25101
9676
93343
77965
9268
1213
23183
41948
49650
1914
28387
97568
41649
71102
61169
39183
76586
4061
55937
96955
8581
66850
96471
4373
17662
99632
95146
72697
75960
77396
36195
41761
86251
25804
77879
70823
24244
15487
17220
17599
14445
5104
67498
41758
70680
21342
85088
82699
5580
84214
74406
95440
52784
80754
14419
99045
75293
60773
56577
25597
80928
32602
65482
27315
24811
1985
99580
22012
85028
27219
47666
54028
12062
66532
84592
60787
8940
92910
25695
93473
4863
92549
1263
67932
74010
45700
17308
33580
88803
77147
77981
68818
18847
6684
40713
32179
43452
83681
71671
55638
60394
58868
49985
20573
99824
3795
6291
18346
51429
56460
11075
93636
38758
41398
56980
78137
82113
82590
58971
11266
30063
67395
95241
79549
15251
52109
37489
51854
48148
92684
37383
44717
32909
82803
34531
44590
95323
73539
93927
32301
68536
9167
75386
28449
75340
87767
21045
87930
1929
94631
97887
2936
57994
7503
11883
47835
73697
87549
69316
25476
15205
13172
33470
26961
29404
73651
72552
4809
87996
60826
57696
74929
73487
54459
59305
35086
7714
98271
18763
68745
30782
88597
96188
69357
93179
64219
42382
8852
77425
78934
14676
94464
17602
46737
56522
22874
30602
51943
71767
53016
6433
14545
20873
14201
15416
70673
71425
76572
15774
32323
48398
99265
42746
32178
23440
25513
86256
71090
92520
59787
62714
55706
70553
73326
58984
24566
70793
40000
44206
40731
75026
92270
66051
16173
45328
97574
71047
62147
89470
94363
40407
93813
29210
5142
7567
7334
6137
57325
56867
87326
45780
94134
29515
53120
49656
88521
68843
62141
88375
60456
5182
38438
66334
87919
86889
30198
62342
71627
24174
14194
37057
35975
25979
91956
15265
20529
95450
85125
43885
93281
39432
57993
2889
47158
32024
88647
41125
84305
60406
27971
36190
17220
92732
64998
61865
82698
11842
62000
73350
27630
14353
30129
57987
21494
32238
44439
50061
54884
3622
62960
44984
22435
80465
94736
10984
68527
41638
79852
71369
58041
87062
42425
88338
13639
86842
13971
68510
81873
23843
39958
27381
86368
30456
76619
48993
87977
11047
99128
6317
78404
84395
20368
1996
54405
32908
62263
71705
54366
46297
66909
10510
77856
42671
19024
44531
33334
42427
4405
9254
90468
68148
94485
38452
26215
16049
36383
64118
5063
51192
21166
47479
71934
29296
61633
60624
59914
64309
83612
94738
56761
39082
32491
76792
45874
19861
60906
22052
43612
40221
39422
46287
95587
47166
27672
37844
95795
37443
61887
56523
57086
52306
91306
58805
92892
82369
97977
77859
5059
55952
15977
93671
21202
85882
37686
24784
35449
16287
48637
57115
6344
72166
23892
42461
1623
65235
62693
30970
78085
52786
91129
38125
83034
64692
11009
59516
26288
49184
60620
48259
39586
55694
85726
43400
74997
7108
98806
2054
20428
36446
65802
66004
84373
36327
32585
56420
7571
56436
78187
49259
38175
3170
20487
90274
73372
83998
39540
51663
89513
14498
87376
89191
11537
55563
53897
10696
59906
71423
52846
75941
73001
98586
89458
52857
94702
80754
83848
65159
86415
73336
26863
78022
54025
59622
38642
97419
86928
14694
69929
9152
50416
33207
29067
94303
83814
92914
32515
50110
83592
39712
73421
42515
60598
47584
9973
35404
80626
31971
31782
56789
36235
61459
80576
20864
35223
68767
67827
69974
9997
2014
52917
52258
68989
28240
76203
89434
78556
91099
83391
90254
54060
6258
32098
62592
46397
25031
46206
30858
69399
57057
62128
11962
66808
41574
59282
66902
21114
48198
98055
18923
46237
84844
71839
2299
62474
44227
86727
69411
77418
25431
50640
16994
36356
22199
62280
40111
20303
20492
59298
77712
59631
72170
68217
5864
94711
40527
61545
81223
28336
13030
39087
60924
85735
36804
33625
85075
70233
92432
54960
74217
7564
83857
81517
32884
7317
88045
68429
97498
48354
32408
25370
29298
94935
53484
90422
32401
68711
83513
45406
72116
30091
65978
21362
25736
71049
34837
72635
36973
70280
49763
53283
39868
51133
67522
67735
72742
11552
21851
82920
19280
32930
2072
32677
4020
37450
91887
33178
10080
43639
77861
25010
58841
13506
53421
71534
47947
11991
22078
84837
62973
19824
73266
11537
73285
96924
43006
31614
4736
43984
77214
27651
11387
93434
12026
8486
9358
60551
45920
41290
91088
70186
94574
13393
22315
26363
34374
61874
53161
86799
78216
56078
62379
68939
98966
60321
64971
72735
51221
84431
90194
49552
50568
19992
72067
10432
85171
23046
29097
42568
28629
99761
52439
35160
43657
88068
33492
33138
8178
78936
88070
48826
56047
59771
65429
87463
78367
17430
27281
13705
26071
15928
60020
56546
57471
60145
68510
81362
49632
62668
90564
88039
13786
50916
68717
37366
86443
81574
71727
79907
29300
6045
37098
89462
45613
11936
19877
94231
26929
10758
35497
86195
7609
29566
56136
98489
2459
36837
73989
52387
12646
66422
50651
13175
1976
41218
58928
43347
74692
55724
58118
19081
69798
52502
82418
17037
18273
4927
22006
77437
91022
7128
29693
10127
75598
99859
48062
22641
35385
20822
80001
46776
94872
62896
37849
1969
83550
98525
74161
4120
66740
79701
42035
46321
49472
87041
86557
90530
8895
39458
37311
71766
51092
52992
61469
7283
20441
67913
39183
9901
3387
82179
81582
55351
10976
94439
45975
35765
43514
39301
93994
76702
15394
71948
22848
35562
27382
73029
90280
89057
46829
42406
23721
27827
61230
67131
98661
75984
6791
24647
48575
95270
32409
60452
16463
46663
58412
49492
89134
28845
22772
22500
48608
82876
45111
32869
91782
91374
56827
41498
72232
97004
92798
89874
71241
99578
98426
16608
95140
49273
16219
52547
73329
18429
54867
21234
19916
36718
14717
63815
84523
23972
12735
73938
9108
8233
44727
82993
48584
91885
11363
11336
61307
60861
67360
49093
78953
51679
37587
32404
88801
12744
48449
60286
4471
93482
44822
56317
56431
80246
2365
63324
11128
3077
19880
22241
55230
26045
68189
98154
40594
24407
6072
50325
34799
79689
96146
57959
39340
26152
51468
97799
65326
79841
55508
43647
77961
98618
83540
79270
77483
79057
19493
11477
35940
98771
93719
68456
64660
48126
78201
99833
25638
79168
18244
94604
88213
79782
90183
89380
16945
75487
36486
63441
81159
59309
63968
85978
44566
8939
27129
10137
12332
48153
86829
21756
79650
88792
89689
63778
83186
28434
93843
79790
15875
54750
98971
51457
47998
82779
6496
82897
41489
55435
58926
23125
59046
63603
67680
83808
93631
90620
43705
76039
18849
26501
53579
36690
25011
76137
8398
39985
43088
32463
91845
25928
10279
51702
57439
10196
49602
80614
33797
33231
87158
83837
85577
33075
73366
87517
26837
98480
96494
68777
65630
16242
72203
84420
74905
24247
38687
54677
30323
50013
19334
53927
74693
56026
2748
40673
76223
63889
31672
87441
48028
22129
65450
53156
74346
97125
83595
86946
74683
86939
78292
54710
29526
5311
20663
77735
61180
25840
67012
70035
25865
63543
70141
12121
64528
80824
39924
43801
70827
14244
47187
76275
82253
65502
92706
75783
7414
1711
11624
86684
84859
89523
94889
73508
83882
13208
92728
16349
71142
5298
81104
86548
84382
95002
75259
52950
58375
21849
31996
72432
83512
45925
43497
24566
46271
62054
69438
65444
1162
39812
95153
48987
98097
92580
65348
90465
36679
20716
86498
90727
97652
72064
74249
6758
46996
57614
78011
53628
87547
69768
17860
14557
11461
94121
75604
87951
64571
2179
3356
23460
81722
23234
61880
99744
47562
91705
24012
18440
29247
14734
83067
71021
47207
54857
69007
77158
55351
50404
32858
78737
68473
9335
8712
78399
86727
41847
12176
24300
23242
60563
27908
44166
85790
87578
26508
37356
88392
11264
26360
34219
18068
9037
8684
61394
27639
2129
35685
68519
86591
23521
84477
30191
63006
69819
19350
81716
17271
9952
97502
47733
48562
76823
17950
57630
79239
74271
34390
38396
7045
15287
45255
66076
56072
85777
67393
31628
60880
12643
86151
22183
7219
89088
68756
9444
3407
59298
13287
62312
15077
17258
28687
69823
89827
91316
13617
45005
64023
82078
80095
87467
85032
90268
81239
41811
37210
28200
94819
74496
5475
8453
17726
82839
28243
27062
47006
87312
80496
20658
97647
75835
37860
15080
11672
69666
73125
10434
70583
96867
20827
37419
33845
67858
90534
59485
30826
39233
3102
53925
46089
59109
7716
85648
72382
59974
6056
26064
28079
5517
11528
56733
41989
67709
48590
57873
27499
96895
66205
82696
70384
45850
23428
98662
99203
17579
48687
76813
50827
91896
49132
95002
66931
33529
83342
57829
82236
21777
81429
8402
3016
30579
67517
99746
73208
81306
80099
32883
1379
89546
21468
4138
3570
14104
10207
68788
75683
94048
29078
55429
30177
41506
44674
73498
28441
20113
34453
32149
17098
13788
16325
28829
69172
27118
79681
40079
88147
87503
72217
81280
23940
67719
92517
91354
27604
57859
95512
58308
80446
53924
89399
18092
35229
56289
55433
93540
91825
22095
70409
50469
29359
51787
12387
56337
47710
96328
60765
74384
35374
57150
23229
14004
76648
53028
51835
28145
69421
54180
15867
27733
88667
63819
58174
15692
4612
88730
78937
3537
29932
55661
67699
27646
30977
54817
8390
72648
72241
67344
71258
96237
2763
28499
76500
76261
87123
35737
56691
18126
88626
4165
12927
89628
46083
47633
7970
8315
70179
21562
98815
86811
61317
15663
61619
74315
32991
13922
77492
77282
82003
7779
2520
61396
93248
11090
41511
51053
40595
89758
40363
48245
91736
34863
54287
69381
98385
20991
44533
97287
81731
17009
94191
7824
20232
33522
15274
44599
41303
17201
55423
53144
28271
37783
18002
72672
81451
3915
33674
75417
92515
22241
51537
33636
15046
97797
34909
24823
11347
24943
9458
26679
83659
40341
34994
62888
77367
94975
66694
95613
82801
3146
38878
76080
73993
24400
93174
6163
91674
48900
61646
21545
57248
8151
22932
95351
48081
15700
56057
33120
88510
17010
20000
79517
86588
66190
37187
26747
35268
92706
75786
46431
82805
84555
94167
20223
20581
29606
86806
69886
25979
38179
36885
48077
33616
50049
54691
82302
51674
41520
92656
38103
55519
72568
74382
26487
99907
29359
77865
93075
30866
95551
77068
57175
49559
48983
29529
18719
71329
10972
17157
8984
33251
30386
1332
48751
27733
16619
18678
26857
82565
8186
33348
91797
99414
13299
68630
46899
45444
74877
80283
9391
61776
78102
70321
67524
3821
38885
64283
65129
85732
63148
49475
42532
91054
47714
72343
32495
98078
36718
27064
1105
55072
80120
88846
74368
57646
65687
85529
49625
74924
4130
29807
45643
94554
2757
30673
19086
8978
10243
67822
38099
25518
20887
71111
40736
18860
5784
22437
74115
6342
14669
6456
51452
36396
17849
80359
13215
29144
27215
83386
88670
78965
64743
8412
2048
49318
29291
79280
60053
50286
35681
54784
75839
74730
73893
5984
90666
49754
3104
10762
8253
96909
72404
81001
45899
59326
4637
1518
38379
28136
27643
28609
8329
11724
5877
77204
3950
48463
86494
91962
69221
3117
68517
33152
24769
28150
36205
3717
63077
99200
11794
29679
59706
62998
25119
19897
30514
27365
94588
60216
30899
77709
31815
38610
71694
57708
95326
38353
73258
58613
10485
42283
99611
56740
34556
68388
39950
23121
39019
58212
40645
44897
33642
21195
1294
62319
77233
27371
2767
84232
40871
95388
37201
35663
98492
14028
70064
33693
34493
44710
21763
85821
32661
79214
48781
34585
71477
53802
2856
39191
40074
83864
70787
25878
94554
65118
13656
20564
82578
42550
48000
41132
21097
93943
91450
18135
22098
19126
46206
65707
8201
68051
36374
12657
51486
86287
53783
38696
14088
3404
18249
61126
38031
97655
79794
84438
7505
86669
83506
40774
99796
12641
93302
40697
25513
82328
78235
78504
29717
47461
52016
59352
56981
36565
42753
86500
80057
47123
76534
79298
54398
18192
80588
60794
99251
88613
96106
19029
31988
29367
32984
17429
26660
50080
39610
19686
85689
70521
96838
51861
10717
95373
57173
57880
19203
14072
12948
50843
84571
15664
82385
33535
12323
63914
94224
89746
55699
22785
34268
31783
24134
18093
78484
97251
58524
25463
69836
19789
98546
3850
55444
48347
44077
67675
46426
18879
84207
29147
93585
18936
34725
58032
41373
52982
1625
29864
47268
74987
29428
84853
44805
48882
73142
20014
68708
42385
62727
95320
4042
27558
25837
68799
63508
54632
40047
2107
94403
51392
54357
67670
31064
93912
34078
1014
34291
49035
99762
88139
8391
91420
69812
37756
14239
25062
17873
57605
51224
6857
47965
31727
87190
81039
77446
11375
48860
93873
10120
59574
67511
82763
11351
7608
68220
16937
99488
4943
89710
60235
2415
28654
66666
61305
73077
21655
13085
46658
77329
68302
3925
73181
11024
23553
72712
2478
56295
79619
61742
95707
82962
61705
65523
72583
86499
6772
41652
10335
72870
27687
76235
68025
47899
85973
69009
7167
20582
50558
93339
90319
3813
63093
24275
99981
26748
99950
1779
98766
60382
69615
83920
17431
16364
54635
23323
95582
49358
25259
9334
41376
27406
95953
14870
60107
8384
75381
81694
13724
55247
16286
52261
91800
53678
23020
17597
99365
91230
75964
57031
20787
31043
87182
18850
58645
34515
73296
14016
74991
17248
30843
83562
56239
8885
47862
44421
89576
62716
70477
5893
89492
63847
68502
85573
29782
76875
43016
92922
64370
28945
24330
47067
4235
11183
45680
22771
53511
59926
60022
70750
26759
11359
37064
29408
28249
49369
75757
68054
62507
81671
61622
54631
8426
69960
37363
80822
46954
45025
52402
38459
66352
52899
77725
28129
88880
55442
23362
43441
75953
19358
42737
36624
89663
21501
48136
73545
61647
63438
20366
97216
83716
9950
12992
82815
18963
86433
11389
57193
69538
33025
69988
82182
38277
68260
6139
16049
77836
28950
86507
45902
98043
72569
65361
48471
77534
30870
41015
90011
7685
75064
51415
65331
96503
71333
45629
89337
71904
43586
29252
68941
22209
84144
94613
72143
46371
10891
79167
19748
32554
97113
99107
34913
53259
65200
37406
63047
37569
48852
27868
81167
15776
86637
31537
18929
82919
98206
59685
51832
97493
59579
30637
13070
12480
29242
54009
21520
20464
67589
77512
11974
28784
83643
6607
51832
67954
39113
69349
56192
82757
97745
39389
98365
65445
43492
70026
20745
66930
25576
25504
26029
54003
13185
80317
16936
99227
14863
11480
47632
45649
61695
99893
10929
84638
37794
18397
33286
58871
39975
26543
2765
64492
39083
84745
61104
90231
9070
40490
78688
36829
21385
64023
68788
60738
40607
52510
85751
32029
91016
14514
64994
66372
75004
15178
4889
81616
51786
65939
28129
80513
20912
30677
89221
54539
77891
64274
90863
98204
70192
40805
20038
26814
50793
15705
27280
46403
45436
27191
58333
19422
15118
12154
41282
27529
36933
22037
86918
3964
2339
68791
91027
45121
34485
65496
89334
90193
93354
63299
36563
8023
39120
16815
42517
99307
39267
99294
18757
45952
56439
89391
86851
60284
93180
78532
64427
56655
41881
9039
68768
58035
21671
77670
95730
51664
69720
96285
51873
93798
3424
30845
66506
96242
58888
97863
36411
88208
75545
27381
42589
88116
45759
52575
3037
88938
69977
26027
54276
64225
90844
45351
27400
61301
64335
42743
16775
38661
72227
87922
31139
14759
50545
44533
71448
20703
11347
9707
7956
73862
88816
25193
24569
40757
21440
14830
42189
79721
67122
35359
7272
9394
44794
34537
87034
8284
90516
78345
1963
38433
19583
52900
15674
7553
27374
16148
65331
89499
91613
41607
33032
4192
88172
69057
53156
15433
49055
19144
62204
85338
99147
20893
2663
96399
13965
44385
75786
25878
54353
43051
14232
19526
61971
32860
5767
86965
9682
34703
54442
18219
92467
15757
29443
66378
85755
10068
89615
45214
36891
76575
53424
41195
23600
27500
50345
1320
30040
20394
24658
62408
18022
86864
63455
96703
37835
3865
90429
78465
1779
98116
77197
7931
14705
59705
10979
47361
92445
21967
72552
58982
10532
62239
12985
50298
8629
84411
71677
26199
71308
9575
16431
58933
54260
35863
81021
6052
79692
64010
89483
40159
7978
29123
92758
72593
81942
97178
60335
53363
29815
81095
60880
85406
19394
30931
71507
7367
41503
31752
16453
1976
75842
28916
59410
66420
48061
60431
38601
61358
59514
47242
8033
51920
56999
10557
12604
35886
66634
77082
70100
89486
29902
35182
71321
7298
6946
33710
12299
11213
19987
26775
2210
83441
66928
21273
57493
97688
48087
23652
19476
17883
16398
32271
12007
34596
41810
98148
47108
84184
42207
21703
61348
4364
52884
82920
52092
23335
25876
97159
57778
9819
44670
24673
32844
32205
74654
31659
73528
16647
61963
58301
17981
68074
98672
53377
85177
66537
73777
95369
84985
7802
60438
87616
24055
74351
94466
39589
86025
4300
79347
9967
49249
30756
86335
17522
79372
43974
52412
3340
79436
72966
94782
3328
69653
56248
17855
23778
79354
95920
72768
53680
53256
70565
54938
23007
89227
36940
51537
63138
16952
30014
5505
42187
34000
72631
61631
37350
99366
6175
87887
72034
74694
9378
31919
32366
76200
64778
60796
33415
76858
3356
91135
14565
34525
42001
77140
41277
96028
47333
7975
15537
18766
46425
87413
37353
63228
49667
8242
57754
96241
48244
33467
76571
95936
69906
24098
83307
14559
33535
77796
61785
77460
67480
18756
39296
93276
64472
15779
39066
49119
8369
39471
73219
36142
36250
91448
52689
95902
64065
29334
79331
54053
16081
52122
62873
75131
91515
20425
75109
21190
45724
56381
24905
1329
21770
36432
11050
97891
46289
86699
24153
36054
93181
66916
12143
84503
36915
75852
11421
96238
89983
84628
3592
78583
62306
57933
93469
77265
50238
89312
37825
55688
67735
34413
99185
65424
34944
50241
21889
67519
49424
55330
64699
21420
70876
86988
66306
50231
98918
90896
57109
24341
36613
28987
74195
19139
38586
35875
69575
6223
11388
27606
62956
35702
96779
80827
22835
33584
70834
91952
68405
50745
95956
27806
6837
67406
25424
65180
5901
60506
90534
38969
80866
47424
99864
49778
98311
67535
92777
44079
76236
91612
10711
29927
3771
28500
97819
50343
23916
83417
5255
2085
88697
10762
3316
24960
51618
69092
7648
24424
17021
59903
30323
63672
59255
48571
83283
59215
95441
4082
38677
9517
62746
98339
34122
4810
95471
44294
69923
86243
13374
37261
36770
15360
49282
6906
35893
16903
2437
59679
24320
49959
5479
89267
59352
80608
54914
75351
72733
81945
91514
18225
63187
83977
54529
60613
14755
94563
6727
2429
14528
47453
33898
82801
57987
39745
65334
21995
97908
88110
43677
56191
78527
8507
98370
66546
8467
59076
75605
85717
41758
65442
94576
6735
21550
35447
59743
41020
11478
29943
17225
4530
44685
9827
73339
21269
76189
76614
99570
92554
91847
58479
19476
65192
19471
57861
65282
25623
31165
67278
97850
13683
10580
77084
72261
67882
41205
48387
31533
37339
40350
99917
24512
71654
12512
18315
74072
65864
10297
20921
4763
5420
12407
59387
93537
22337
81415
70097
97041
45083
96295
95686
29430
10433
93161
89332
80827
34364
7218
28276
51303
22242
45458
84440
36399
36999
32563
24662
17433
46944
66251
63167
24321
23370
13047
77382
49592
68640
50127
60175
14954
14720
81789
31706
11326
50147
50979
63817
2221
50387
82790
30527
44335
21691
34234
62781
18408
48559
73506
20079
4264
49990
85992
8716
75018
22350
53404
81904
88779
28930
28747
61498
67414
50210
51780
13925
38403
99171
15419
54545
57066
29844
65227
68531
87965
23879
61995
16977
30559
13122
59765
31112
54644
33513
59802
59937
40394
32692
41477
12430
74297
56073
85841
73952
12009
11393
12424
96139
17267
57071
6470
86853
3086
56717
71192
59303
1439
33325
21075
89578
60814
76049
48388
98832
71828
67319
16867
48226
13333
75228
80457
92559
30440
41873
1793
15729
20844
68750
77193
4053
51831
62127
2671
54974
68738
93030
10929
26220
88531
94433
62135
12720
27374
92053
20244
21915
24333
17607
90744
52148
48528
64028
67679
91235
6369
93785
57677
40467
8855
89955
4493
7352
78083
38477
82268
71814
57786
45103
18451
98094
92499
49683
27977
78020
91888
15184
31765
77109
87605
76274
27009
6725
64237
51554
41186
14898
44863
56878
66334
57882
25466
37462
68431
80646
91607
58425
86699
29565
47874
94840
65923
87141
7358
13087
79276
42179
53366
54004
36322
53832
83626
48005
2262
74904
19023
8464
75146
61087
68817
17862
89441
36046
12620
28069
58130
12331
40090
91029
9966
55758
85752
57451
47884
39825
34356
73883
29864
78900
69875
22434
9094
69173
42722
82435
33654
72297
18222
29420
56408
24654
78597
8489
8274
72338
9773
6839
70003
36792
35310
27539
50619
32257
85543
49817
76200
63676
99838
95129
15271
82438
31410
60889
84381
26246
10534
69443
10357
82170
78939
73128
29401
38240
34750
3661
55310
69706
34871
58676
16890
53541
13929
48645
38450
82528
71027
8526
34805
49877
9047
49829
90026
88098
95651
20040
52543
24384
97151
17292
12957
86262
66013
56806
66348
48023
7842
23093
88562
50703
80226
12994
14430
80475
95275
53319
28883
9739
88409
34370
7886
1094
73521
49377
99988
58619
46838
32518
82698
90817
30739
34596
79816
94765
97197
29430
62966
93356
56787
62805
65547
48843
48280
99324
66214
39580
14466
37691
82454
40640
32090
18943
40005
20998
55204
27188
62707
51836
44195
54375
71118
90771
79135
52944
48048
48784
66589
20201
92017
99980
98397
26277
38331
62606
35083
73496
78627
48655
7287
53988
37463
22095
52628
57989
52993
59299
96882
88469
75746
63465
75979
75393
10377
73608
26999
29859
95964
11073
45894
86696
57142
27627
25036
68079
7891
85397
77294
41381
11792
91939
11597
23430
46346
63827
27084
20547
54767
76373
32190
27556
79164
81231
80261
88621
36254
28252
11592
19574
22554
49196
46493
95637
33796
91139
84300
22905
55496
66244
68677
44927
37670
32050
27033
26778
65678
79972
80437
88611
78265
15840
10916
15918
38457
9368
13257
5834
10421
14563
15127
77964
14617
41171
46209
83269
5897
6527
13481
41553
12394
48507
30151
84079
14694
13122
52464
27280
39999
99997
50306
89560
63731
25546
68771
91032
61438
98872
94976
10724
95056
41412
13963
38138
45811
15554
12893
31238
1843
93949
85388
18507
98719
99313
4162
74291
54187
37877
31460
73560
46258
1416
73123
24376
67864
10567
29858
17366
32243
64338
82672
39797
71064
35756
92650
57679
76225
89517
17581
32749
66911
15009
68254
87118
82646
72594
89709
92793
17441
76799
97570
44906
34568
12104
40799
15891
44155
46462
99294
30401
46586
55791
67595
3628
46842
62483
19425
10008
39098
55590
11832
46378
47182
79236
32746
45876
37124
39717
47178
44538
24379
99861
31169
65751
45365
90385
80926
31421
48413
84521
15765
13537
5341
32023
44310
35011
70801
69402
44556
87107
19326
34933
9948
59049
32730
41202
28065
2556
7754
12100
20253
81375
21233
8040
34618
33419
48016
85229
7818
90467
10360
25160
57492
63640
53529
52676
6434
97667
33849
59578
85895
49517
65361
52218
67626
61496
73545
97689
46209
73563
86042
79885
12090
4981
96627
9242
45455
32044
22644
32271
48367
73583
52877
50333
92753
85583
65179
88875
51134
16053
6859
72703
18301
91674
68593
49610
8396
84579
66398
65100
84986
23672
30463
46240
29233
61091
1774
81618
66556
71005
74879
92822
9042
77143
56308
85346
66704
13587
63906
79092
95411
37553
41513
65618
15102
38579
21152
10493
73971
98759
93592
2470
93008
17654
73013
6239
25529
82596
86785
64201
91952
79395
73809
72150
32518
41769
92982
86031
67571
67564
43536
40729
57676
67614
84920
5898
54596
74936
60521
53358
2191
29423
76842
13976
31661
77462
38887
2413
22623
29906
20771
8612
37304
96084
84785
69168
89752
95546
79083
38046
7490
48629
94384
2462
29357
48418
80416
76728
94353
6116
33531
74030
40919
29389
67470
17031
89546
74301
99984
59096
63663
44608
82704
97652
63296
62737
3047
46845
80381
25427
17679
33723
66252
24269
48838
91901
21167
79974
37771
54815
84405
46639
91567
70384
82920
77688
50537
74332
69406
62136
95176
48671
45056
76326
74279
53689
28548
10424
51664
19553
97031
71533
64498
1759
56169
33716
24704
53467
78702
81143
19361
31695
27407
43386
14453
41530
92503
32894
68630
94883
70855
59172
47813
8648
74894
6138
48130
3631
95660
62345
38111
25584
48514
34243
71478
24364
7711
4354
45698
59786
37699
56702
24177
53212
34389
45359
29590
50107
94281
6583
89544
51260
32259
29663
51344
86794
19412
44865
95864
48885
65410
58677
65593
67148
62150
32110
66278
97693
74108
47960
63045
83887
32285
43663
64557
74875
94889
82239
58866
9188
58403
67093
60571
40090
44720
84098
78665
51525
82400
62776
43528
9478
61010
77103
85090
63859
29401
58150
74861
17185
10222
70856
81490
1737
44740
33646
40592
55633
1875
23438
87121
73055
41465
50567
17227
8376
70619
23262
79555
81009
56107
47674
69618
41050
31279
3413
85575
14165
28643
55803
49076
94677
24927
18599
10892
95258
9835
40990
30993
44102
83711
75379
88184
24386
98398
37928
9686
13414
34516
1719
60529
35536
56540
75057
10224
50534
82043
19128
18387
74386
76226
14761
75160
84003
62877
7656
39532
42563
8045
9094
4611
65075
58366
89175
45296
73335
48501
33248
70926
54028
90613
56549
51600
37876
86399
94813
55843
41865
45513
24302
76344
53780
83827
26251
91184
31555
44922
27635
39825
39853
68606
86907
86681
18811
96078
55687
96075
15955
66082
23915
65224
57112
89809
57152
5500
31028
84924
65246
33354
48464
19221
72798
1797
56194
38712
87802
53205
82928
52622
69672
19268
3112
80405
10169
70539
25504
53297
66370
36551
10008
71282
35029
52372
26239
85196
53981
44427
41819
22491
44884
49282
59202
98529
12334
3774
96643
80665
60449
62271
88092
9082
16669
28599
81297
83670
82052
77350
16226
75064
10210
71830
97238
11946
52307
32133
95048
29413
49753
56800
4879
36275
27477
21279
78981
69965
66650
6993
74837
32046
51854
36986
51790
62627
59502
8328
34667
72796
65294
76126
62631
38562
58442
34710
78228
91247
99654
4701
97385
54653
8693
63615
65367
66275
88996
50666
53135
41143
87029
7849
34979
41423
2000
38442
35904
35431
70667
33859
46298
15146
2574
44617
76649
49112
72134
4407
4457
85504
54814
9997
42547
23480
53201
37222
5524
55602
13210
19096
31687
59617
12523
36524
4008
36340
66336
36633
74797
85967
64590
31701
13905
72867
72517
24525
87058
96827
86982
66789
93917
46503
65566
77529
55676
76487
24289
31945
86504
14366
27161
94306
16829
41998
13740
77477
65946
98190
20473
31509
66487
44743
74749
63238
19373
60235
6150
26960
6282
68740
68835
46757
63264
62375
38532
96335
70781
40832
26023
42048
28728
6802
9037
42300
2453
10140
10367
41212
34336
87576
31647
67660
27730
75964
41030
3350
44013
40536
95441
33097
81554
60964
77726
73232
8426
22665
89746
70450
11375
12511
72804
74577
21670
31173
87239
14165
46360
38131
36586
31181
87866
56714
52435
68543
39794
89669
90923
49374
55598
68942
35679
1899
17483
36661
65640
12160
83309
33944
46184
22022
43652
82127
64839
10847
26956
84189
10533
27478
10533
14279
59690
74940
85661
96103
48143
15631
94294
80849
45276
54082
33664
71175
6292
79412
45472
1848
95229
83109
83564
9449
7117
21844
38078
7815
4734
47720
87138
33814
42054
18955
37685
16595
6363
61463
19175
87046
98795
15870
17686
1073
18146
47173
23927
15186
57411
26091
1781
48740
79643
89771
77988
19528
94170
30281
69381
8610
69672
27447
21678
99776
75142
71732
45889
16743
83259
39219
92659
30265
4288
7146
83986
52864
97419
3788
36417
13798
90296
53431
35651
67656
47026
20139
20823
89198
93121
93058
68628
56991
28508
64565
68677
79807
86385
56746
4428
50040
62761
43204
15751
1251
62146
36660
88989
88593
75640
59193
67158
80304
11839
7834
24164
10631
7905
2398
54195
28413
70805
88352
55656
96010
13365
52412
90525
67942
52146
23359
27481
34873
66104
32300
5932
81439
26934
98123
76176
49675
13259
22397
56982
79761
32216
88050
22997
71490
15798
93884
46251
47070
9775
74294
68244
74934
70883
45543
2325
46361
52824
79992
82743
44718
75692
20669
40690
60671
87966
8717
23994
89788
99095
86560
79991
25073
91364
87473
80706
27571
98207
65638
72449
66923
79850
7859
62470
25934
80101
25135
49067
73438
47184
59200
93127
28724
64538
90993
98558
72852
78672
62002
84686
23868
66353
82595
73205
90143
77960
13615
19151
45857
91555
55116
3743
73705
34576
23176
85530
79138
6024
93769
80246
46506
73479
76940
66220
23243
9018
45030
22685
62600
55726
63385
77771
19050
3248
86040
53555
40368
39191
35518
32696
51483
56783
40728
48678
38607
32341
50951
25786
97327
6263
94637
85299
88720
75499
98844
57906
61814
5353
33369
89437
84118
72315
1725
43393
18393
24562
39482
3489
62326
40468
9689
69716
87159
40697
32113
67824
31837
58262
33857
61922
59771
33764
40565
64664
23431
60493
91540
26004
33693
76385
74221
63987
11532
1352
15711
66629
15696
46224
11721
39043
8771
59388
33502
10573
71767
24504
54663
40978
5331
85735
20562
50216
92524
79263
8582
74464
63308
92600
11662
69818
13900
95738
46635
96096
7730
17878
46332
57425
64077
76930
24665
8274
81254
64061
84070
39205
40483
13182
29982
36423
32305
19597
53682
8850
81692
99455
81179
35860
89678
92101
23431
88774
84353
61006
70633
68265
17782
97053
70175
73871
77788
76436
20707
19167
47761
44959
15903
15343
43062
70605
14617
36277
21338
44834
78830
8651
84320
27223
34580
76146
25296
40309
84585
99258
28277
46125
53607
59278
70864
3194
4275
40200
12900
15850
95713
51776
57301
68752
30562
98865
16994
31695
91285
98193
52727
26844
30291
39023
49716
98205
15425
61244
79407
89685
28051
99463
71902
84620
19291
75119
81118
27846
36520
53310
15155
11697
6938
72699
79188
86176
14433
7179
15640
21112
66491
14078
91467
2881
92453
49947
65361
32097
51641
66657
71623
44695
3853
87683
19031
90592
80948
53214
58055
94917
57855
14443
70389
56797
72958
70649
2905
78710
21951
95623
7941
97278
69970
54123
99983
94151
15742
19830
94530
83567
24937
46205
83167
94925
32622
78597
24052
56523
19576
22337
87251
71519
86364
84612
64223
21736
33338
89219
35735
93192
82821
19593
81320
49824
52181
80512
88284
95556
6081
9938
21567
58172
82099
94135
64503
38720
47955
53334
9028
59863
15820
23224
36132
52637
53784
24307
2503
49661
16382
42826
75449
23148
48107
56571
71318
99627
86069
37077
15474
14462
81840
99645
5340
1493
43865
88657
18187
49501
1802
61182
41597
10958
43698
50749
29528
70694
72058
18263
47775
53965
91637
25977
4594
5037
49203
38725
41876
7025
78681
56679
33578
87921
74497
19761
98113
13122
35754
81126
41129
1324
67800
48929
86677
65053
26523
93954
66272
31404
56197
97864
27349
66525
32745
68196
84416
56037
46325
72242
58845
86883
56805
97094
21402
40886
31312
19763
11480
31104
62898
57954
25180
50263
10906
47919
55034
40234
89557
80252
80441
79219
41844
23296
25954
65878
22520
19915
68835
1422
88930
30921
49466
22388
12572
1651
84477
25777
9474
24526
3089
15518
41251
39971
23053
66218
71988
99695
55816
74730
5173
84426
9687
64521
8045
53289
53929
63776
71957
36396
51731
51206
26517
19403
63786
66273
75051
33869
24111
38538
60600
11430
55934
57306
60005
39364
25223
20902
24940
57568
37381
74751
44513
22986
62165
17123
71890
62162
25171
65971
64538
87876
1433
57648
50061
50036
86549
19095
94434
62924
66249
89095
76119
2548
30694
65002
90158
96810
70358
11826
15389
94185
10728
64609
92900
94817
30674
53035
86336
17500
12290
77007
38674
75509
80274
96239
51824
73808
47850
80612
47232
62304
80821
91148
61035
7574
50993
5875
3133
6447
31177
84213
84837
40543
94745
58248
42642
93730
69448
83559
76719
37773
68398
55037
51439
11645
94432
66174
83002
39934
72363
27259
30614
18355
16781
73909
10297
93744
54714
4544
78291
81937
7101
79591
55005
54440
27766
26197
30469
63789
35289
86656
62975
31954
76382
65160
93274
76766
13092
77142
65076
25237
98803
87240
83938
88815
45054
63653
81647
65508
69892
88530
86602
21806
32498
36259
78898
90184
73736
76636
48720
88958
14714
33907
4032
29176
43287
56955
30480
85920
63343
5472
48638
41671
23554
1582
90641
95614
5466
55500
23704
48415
44263
62029
33224
70561
53895
80011
85032
84598
83023
29213
7506
83946
54374
93285
52835
82180
55687
96904
15087
82958
64661
11201
75983
88126
49813
71842
78046
70738
94136
83955
40354
65556
83041
78636
46674
35182
74317
58325
7182
8453
29830
69376
43481
5558
90675
6002
9331
91541
83607
14553
24491
24056
35928
48737
71812
63646
76968
84360
26675
64697
12147
93956
95183
1720
34484
69980
73075
70548
88734
59137
1822
89939
67032
44306
88177
55830
48170
63309
10532
75681
94988
78853
67144
78445
8206
25325
75729
48496
81733
90106
54954
65362
55292
35341
45401
40091
20911
75450
3989
11435
3028
15208
71829
34877
9320
7897
28784
99733
38918
21332
72049
48381
91366
21273
75212
23448
74912
40095
15190
34919
69632
98158
53969
8120
12675
32793
30162
38481
60384
93745
98908
5621
79448
6022
77843
6881
84859
58352
30531
3063
47201
79352
31733
86068
53245
62525
31077
64482
79543
70676
76507
59143
47682
52932
10107
46018
9853
95654
80798
25201
77372
52813
73616
55379
61981
69336
86438
3707
86301
11052
66958
42050
83293
72687
75101
77591
8867
86218
87857
68004
67087
6227
96255
28251
76600
33916
86674
52228
29937
10135
93839
81764
25073
20824
85598
19400
28211
92250
52043
67971
68478
64980
30411
87607
97231
14174
10622
56074
3392
4222
89722
12041
25374
11059
1340
21900
28602
87293
26647
56946
44499
20748
2149
96552
57983
6008
49573
55533
9156
55181
59790
31477
3787
25884
79887
87394
30670
61721
28161
32520
98258
82503
2360
97082
97926
89278
59584
89022
3396
63652
23613
47559
52135
30512
77671
38270
31971
11491
26467
46719
36272
7837
74949
39923
80908
72701
71355
24524
27897
66185
77233
3805
5622
37050
7832
44231
68737
45735
7335
53044
92207
38632
8014
84350
35086
53488
6465
82331
99098
54474
68795
72658
97640
53675
35056
95039
35292
27273
13676
71779
67501
35484
41022
1774
2506
39055
86200
73668
34239
91047
1269
28139
19156
14337
68160
18143
26256
23151
96174
49554
31455
8846
15997
21540
73042
33509
4253
75502
14622
82000
18515
55225
44087
47291
26758
92814
67745
4472
18830
55706
98816
75877
94023
14257
13469
42098
17061
33150
70508
46252
1565
93887
21603
82234
88258
24915
82412
7883
63233
54235
55924
96104
85553
9571
88148
74269
65005
66134
81093
34170
96700
89497
52473
9484
5169
12058
13865
33172
36048
51124
10725
46806
66847
15361
85649
92315
95024
86134
70746
68900
93226
85779
87672
9623
98840
78989
23448
90993
84567
60859
64117
60191
77136
67176
40599
52569
36022
90153
87490
61712
14156
94993
21614
60879
46782
69502
63777
59441
56476
45830
85413
6591
39010
86308
99072
23887
83118
20811
27313
38020
20481
52321
71522
41425
19812
97568
10286
62353
90476
97520
77610
61334
11248
79557
32582
70724
81083
67346
98822
25343
39381
87643
96927
46874
75264
58330
93026
49173
21559
99686
52522
32105
79881
60846
45340
21964
88740
97551
1917
17958
73526
72952
42988
1967
89171
7439
41270
59133
11244
74076
70243
66763
21408
28304
96879
8708
10697
34250
87046
39209
3699
57584
20466
17794
94503
81775
1809
41561
45105
91808
27319
15302
61927
13782
22383
67756
59380
79160
19728
28039
25780
96183
67032
48103
77753
11251
91153
93217
23039
3954
26480
22632
36581
66337
72962
70457
76070
99919
52411
91690
50664
46245
9238
72915
15482
38481
1233
90155
34047
5264
17280
40911
42628
58712
4049
33629
51492
12856
36991
91208
55592
40426
31244
14309
39430
30545
12381
61466
7798
78507
30092
28594
15869
89605
8108
73309
93781
43510
17589
29961
49539
10310
90102
2896
53459
28079
91861
18285
44211
22726
47046
47420
29567
88831
94432
40388
95314
39891
86280
7739
67480
7293
32694
90733
5908
23759
92482
31455
18570
76769
46283
25440
77198
50993
5133
25554
81494
61227
98285
72294
22085
36914
81416
78587
34901
60224
83284
41093
69125
55662
19520
82128
34564
53525
25698
42999
52058
52433
47783
55332
53611
58773
11723
20308
96280
1113
62785
92032
60390
50509
89155
47846
74947
37801
39926
23766
19816
62543
21267
53003
54576
83475
78323
34508
55511
63330
47814
30557
94385
38306
47574
70573
85463
16788
12016
96914
65464
54306
92426
28613
90432
18699
4054
94260
23091
36310
45167
13939
27168
59591
2105
93225
71349
35651
71025
51639
31440
8387
5159
12939
37402
7707
19304
23368
65858
45583
57304
69663
94154
45535
46236
14279
80577
34043
25977
30905
65880
45748
36644
99520
43530
26517
76162
41981
31516
67819
38520
81831
52697
64596
44731
24895
98065
38435
80362
67675
65247
82657
86724
88039
40237
10324
34779
30858
3775
2753
81627
29631
68016
75511
90345
60886
7302
68390
59580
62182
84454
66112
23608
30084
92044
66212
58174
32188
15521
88410
66749
15386
41896
29245
11678
24887
9749
75512
55690
4046
40032
44376
26911
39838
40984
96541
11103
5613
31157
11218
97407
85981
69703
65169
89271
77325
92523
48330
9645
53595
48444
38017
20077
81803
82002
49018
70820
10724
38599
31786
44173
15832
79994
79515
51496
43033
22908
28522
66013
41735
96857
70113
64881
68488
83843
58112
67423
49993
18467
21027
85514
30713
19365
2489
81243
10640
73404
49744
42935
67126
12610
53671
32191
14197
3730
60494
78644
69279
40140
6057
61805
83829
13326
70295
41963
13649
51394
73386
36105
10009
63051
16660
45389
98782
24175
3731
50140
66453
27619
60496
88066
98727
39957
93915
18967
91734
98943
51145
6975
8104
78530
47725
70897
44908
33430
25622
80157
71672
50132
73932
45126
52476
28016
67629
51626
53469
61384
35886
53429
33108
41120
36891
46734
2171
44926
89146
69284
63570
44782
9103
89575
72620
29988
97773
53290
32606
72612
84318
51939
37550
76725
14804
95491
77947
93804
52629
7931
89750
11569
59033
30630
48028
44955
29905
10762
4733
83627
61930
94692
30473
42764
52895
51558
81952
85066
52475
4035
65495
83052
83234
65075
86183
66052
62002
90891
35128
43148
27471
71055
62835
34313
81275
2195
68369
83909
26576
53498
77540
70323
40163
22927
61322
45668
1950
40933
7143
92390
65888
85452
46087
94617
5073
11194
79582
10430
24780
97825
75611
41155
93613
66551
68178
94839
99889
87493
49996
81091
56823
31818
99463
58388
49981
28880
26908
84592
51608
93861
17211
1233
88049
73023
43734
97995
43658
93988
78970
13589
5966
89116
82338
41478
77687
63890
55858
32347
57473
49794
68294
64462
94616
59378
4741
65190
65163
13882
6699
57754
33295
12895
45152
31233
64095
32142
34090
43445
36931
83188
44996
95676
94310
91778
56664
14103
90842
31888
85533
31723
55539
34796
30988
20411
32065
57877
84164
46459
5876
12960
16028
46044
17845
77593
28290
29565
60066
8483
80355
55302
54701
79057
8403
1643
43619
69376
20139
95169
87454
39591
77153
90866
19885
96695
96883
68742
89288
3359
87974
87784
90994
16348
87596
14060
90822
75127
58299
91612
38698
90058
33741
30645
72327
73708
46577
9847
41441
32408
69672
71406
31890
18755
85911
45479
87666
59834
12627
2622
55933
38804
41482
32394
91481
91337
87456
23321
62880
90351
35101
72800
11390
26488
20281
28175
21903
47068
2903
21081
12158
32428
74454
23870
85522
21081
44729
66700
79040
48345
39651
63475
56379
56309
65722
57090
7851
40730
5448
81593
6997
73824
42713
63833
35856
86470
90565
48929
80029
95993
76460
8733
64239
74753
60843
28410
53462
18424
20915
7159
59851
93644
65085
59285
31531
90941
62098
17977
64781
64837
55270
80035
1608
72461
38612
13986
19704
79892
37005
4501
53747
31591
85817
93841
90502
2935
33997
61498
42265
35631
75796
3208
47274
48956
19151
38224
21284
22892
58121
83620
32838
48933
55969
84061
24804
85321
26325
24332
99499
37314
26394
16702
8703
78874
82535
52479
30572
73013
76593
48219
98421
22230
88417
81598
16483
43121
18834
82010
47795
65942
23535
69199
22274
61326
30736
54436
46975
30462
30309
90695
8031
86775
3625
40838
38684
15996
68430
47643
78229
20447
20158
50949
56068
56393
54048
99926
60892
89712
50609
64290
4364
4714
14042
18416
84525
21402
14026
16812
62106
75791
5414
62066
29112
62315
36188
48582
82696
52447
86466
82947
71941
79893
39288
21738
61577
29805
76311
49581
22615
11826
78693
4310
36960
59669
21566
4448
8350
42926
89693
87993
40813
8504
15943
29621
40721
34169
92268
78306
89577
75511
97124
35472
99914
41708
67347
94643
97573
59412
5793
14153
9337
33927
72115
54063
93325
78853
27320
72066
27874
25849
70002
46695
59164
4378
43568
75553
50995
12170
24513
96792
51551
46218
88339
17360
81227
38464
55246
27666
35294
94191
83230
48274
80810
35716
45783
72816
58717
84249
3707
69504
88257
41823
94727
71650
89555
64739
66767
23091
19920
21955
77828
79935
2058
35910
83888
36078
87031
14075
84347
13784
46563
19696
5591
11678
46554
4105
62624
95004
70337
84084
93226
96763
60768
40202
84313
68994
79277
71630
25706
86128
65438
32710
38407
78796
25670
5497
92662
37304
50879
65644
51933
18435
98148
25768
74582
69773
30902
93851
43670
48717
85957
90634
82980
32081
13440
37261
7887
79448
33975
80561
15846
50864
70414
66458
51887
16623
79117
52324
61251
85476
73156
48671
37463
8633
55705
32847
85291
15233
70301
44996
96540
19520
17154
58730
22053
10525
96898
5115
44277
59378
28162
14694
91522
63688
5746
50525
47969
16140
29109
91145
25706
14467
62423
5211
6937
32164
99292
14380
77626
71205
90599
75769
5719
67251
69684
65849
95126
93293
16102
8742
49705
83184
66315
76499
13492
72240
66296
19934
45615
18097
78839
43762
54066
95796
44590
42730
33090
82109
44442
81149
91795
68669
58932
60926
28141
73814
63495
6630
63137
65035
50149
50810
73047
58476
26538
17265
81533
61294
78936
74466
12399
59890
56836
37799
62776
3908
71568
22349
28655
10241
82278
51663
28277
59906
87608
37519
92910
22442
86282
54216
3784
7988
12641
13178
73795
84260
99969
51545
79813
11743
66102
77315
7695
55844
15794
80227
21199
47622
24104
88626
77261
51553
32661
62101
59639
14754
83271
60684
33589
14728
30898
17734
43620
23194
94868
7376
72649
65510
4011
66663
65026
6737
96227
36732
16517
79788
90038
15149
58924
5981
36191
34453
20550
36802
72298
3048
98410
70889
37322
4054
98130
93172
49898
89862
59765
20492
84529
53602
57894
28152
48843
90934
35076
16697
37082
87631
71994
94514
17383
91123
96833
39916
87670
10680
41241
2734
3374
29945
63310
70065
99355
69848
76943
49946
9583
40545
6651
81568
30945
31752
44633
82739
91673
99051
84621
90997
79564
31690
55881
66600
41113
3553
18200
50828
96146
51516
21950
75301
95372
61431
95019
32230
76870
10397
87083
12931
39465
69686
99504
40558
32225
84933
11973
87037
80692
99247
1230
84477
37330
58513
31317
84908
42428
62029
29324
48566
92899
79382
55285
89164
67416
46752
84413
37868
56944
84868
77347
58139
92285
97848
98991
48089
78359
43628
85310
68707
64475
91835
58006
32836
21012
55685
65973
5567
75495
13512
85192
21831
11310
42708
22739
64647
53527
95615
67120
91138
73698
21092
58747
62390
74207
85824
41727
44485
37355
20469
99103
32257
22951
2163
55825
29568
81902
9916
7717
38227
45681
25726
71740
41950
73449
13428
91920
98954
20631
68759
77798
19644
85422
25156
70798
90804
5772
47943
55829
69772
52914
36000
42850
68621
67004
73019
39198
96078
39089
56552
67879
67903
66097
41897
74984
33444
22388
15579
64552
1291
79381
11200
87013
9364
10801
80759
16806
19172
11208
15745
46968
38205
76161
76361
73070
22159
88966
71599
30710
74605
88890
29728
84923
91021
50061
62032
74848
96980
2748
27989
41719
37919
17510
2426
5929
52510
42159
80864
42055
67956
5902
57564
29337
59650
34239
65859
18147
84065
26841
29574
30728
79477
99191
63412
20437
16296
41715
88393
76669
36432
33764
54438
35669
64423
92374
72775
8683
48400
63372
67960
4466
26261
15887
91840
43899
57001
90383
49236
70427
52831
62082
71107
33726
47804
29380
89110
41498
70707
36422
35589
33640
49439
82008
5876
45028
69679
38426
63121
5510
72290
91967
86808
74492
16103
5337
53236
32724
77644
56329
5213
63205
48301
38012
79180
60161
94464
69419
99789
14659
77069
30381
10841
90473
77642
61129
88991
27766
56532
90923
31695
61185
10559
10256
54639
3964
3717
32985
14037
38039
37135
3113
92600
7296
90604
61527
97064
8593
90984
64214
64493
84896
5731
41981
84946
40510
1275
39423
81591
31547
21311
13910
51289
9312
15515
39478
1819
85868
87602
25497
98609
42982
71618
33403
84196
57413
89122
11337
80140
98456
47384
80271
78872
27668
57478
48448
45521
8610
1471
63589
44965
5001
38964
58208
95028
79428
21952
6557
73518
89780
29973
67002
73464
8647
36503
13766
48059
41523
11912
76657
44286
91422
28016
33957
47202
93491
91070
6751
78927
37430
25851
30297
63941
97249
67052
52732
25564
82608
31080
70268
95482
75995
53038
70723
8279
14843
97653
29427
48120
52063
21938
18061
46307
76093
94008
55068
12836
91822
98155
82229
58025
94703
39560
30246
67350
14153
64751
4118
26517
28429
89071
40082
56647
81048
73524
57855
52792
52417
38448
24538
96084
93024
93366
24681
70498
30713
89385
36765
49293
82883
97619
43990
78929
8576
77579
13795
68921
34815
81249
52425
73505
56109
45298
23142
22230
17266
37596
16162
66372
50745
76529
97724
23498
89678
64115
49244
94492
48994
60915
83962
77962
6660
18363
89346
6366
21212
52932
88121
11847
77854
18724
89090
97455
12254
58763
49551
38287
9812
20200
71888
1971
27162
30799
98875
78230
78971
25735
17192
11480
92296
37380
53905
3570
16156
8865
32719
30580
36778
96133
75277
76340
16953
31307
42403
89518
90489
23838
63754
11485
67223
75459
54690
17614
69525
10589
10085
71066
82555
42360
21450
80631
4852
75265
7701
42035
70340
10197
13371
61122
19069
98782
74817
51872
30988
26628
35432
70719
47417
78143
15499
21161
87850
72947
61965
64030
61191
33113
45455
35473
9778
41178
67221
73967
36760
93756
23031
28370
66281
4014
4083
81804
57225
31441
37425
13481
87228
71693
36224
18913
96187
25413
62334
96849
72378
9149
35538
80334
22508
93059
56003
93223
72642
80740
9998
50511
8196
14239
17913
98911
83005
57464
94988
16920
82380
22835
25085
45010
85861
73726
61364
46116
10719
63570
68563
69572
42309
10497
47024
73129
60181
59315
41162
72043
28452
86859
13663
50342
90245
1015
87949
60700
65446
46306
56877
91375
90429
30116
91682
68193
34089
58208
48075
71983
42740
17716
66977
70193
27186
97556
28661
41922
6407
95981
79824
86990
38206
26171
88876
90891
68252
15177
40536
3176
64372
50377
49178
45707
17223
20109
73913
41422
26044
48239
98238
42745
41629
78443
7686
82923
56693
34363
15601
52150
39900
4355
19943
54363
39395
69508
84284
91210
66491
6940
86622
61922
58103
61614
12080
45938
25883
5555
37399
64285
60612
93182
78438
40576
22499
10592
23031
82200
19850
76468
89959
78324
54564
58510
12401
41258
80785
94185
27007
8419
77763
74355
97129
74874
44315
97598
22321
33727
44771
70901
76492
93570
15619
98347
57520
58128
23248
65395
76136
17026
54706
79281
99891
73396
30717
10987
85927
19226
54467
97347
77940
39034
37853
41435
66138
95112
59639
74550
25187
68342
43690
57050
22012
69536
49647
25750
57602
30129
93239
24940
23219
11980
60882
79909
16226
40769
6972
19677
14055
39376
59523
84041
60658
21122
5209
73810
68923
69512
5728
25772
24147
82251
93985
20185
99061
39883
49272
96739
80950
77711
84656
71532
50416
78200
28444
44997
89374
82628
30156
79674
51462
6104
19052
51156
45551
85600
76994
17171
68609
33286
67797
27356
36361
4981
20829
90785
98221
88465
8358
23882
22522
9364
66062
85435
36998
66893
28958
10262
49050
1377
39736
3100
73677
34623
27243
42963
63953
12684
95115
70042
19322
96333
77208
92190
16326
44051
25615
93292
64169
31737
86337
27079
32151
80854
13381
48271
47700
34959
33233
46780
48173
90752
50317
66352
68025
7814
12034
70101
2691
3377
48708
84595
13873
98605
5796
7090
81821
1549
24110
63648
94255
1187
1685
5085
3016
53083
20282
10746
95298
13836
50696
23474
73113
15055
44998
43804
88644
53575
58913
67064
96095
71152
81226
21460
12716
68467
82663
20021
94939
86434
81593
98147
32378
99022
8363
94000
52487
13075
51940
56528
12376
45476
66024
42163
76099
41187
96894
25766
55353
40955
34133
80235
64679
78608
18545
11359
70850
45691
21945
47531
35671
54715
5587
93212
31080
34631
53786
60340
21118
40497
99816
75331
27369
81830
4338
69855
99687
87370
65023
15584
38629
12447
90998
67873
73870
24409
66133
35074
33554
46766
3181
42298
83616
18799
15014
27082
66326
13985
13979
75881
27099
72287
12065
4314
66613
81666
84371
49308
10289
93973
19748
13498
77627
24341
97579
5081
25450
4219
35703
7637
78626
45517
2656
91489
19301
71022
20964
66373
44283
28262
94357
71935
41455
50054
44575
63361
48763
55605
91127
27577
18534
60536
65422
61699
30940
23908
87182
82757
62934
24077
7824
69704
91772
79027
97163
99801
19314
61931
92718
17038
37309
82357
85547
67643
67794
14151
98661
49711
56315
44203
78370
86382
19449
27785
52899
5012
89588
13346
84039
38100
98781
13736
34151
29032
79340
55295
50234
29919
51161
43623
6700
85215
8917
10297
95068
65862
91135
40230
63759
39939
7268
67426
33185
88958
91054
55299
98793
35814
28167
46331
57033
1583
4787
75980
74791
31564
79225
38345
67885
78407
49636
10569
85603
70735
75093
35083
83118
27639
39431
13512
71068
21742
48889
63522
98203
22159
23153
63458
33383
19564
38244
22530
67535
76441
10422
3568
24839
13651
53517
68008
13390
17413
80721
42583
53526
23893
28988
72400
89118
40523
19442
1760
74658
80051
94453
58031
58214
39993
24982
49020
72525
39290
99664
41716
30172
25009
11736
38841
54969
84730
46763
7088
78121
46228
64155
71053
54481
2041
59687
13941
9718
65485
41116
71740
78819
40988
29758
4463
94990
17248
52064
77471
92085
17884
53099
7930
96100
81082
9521
19499
38969
63211
62960
57367
84902
19290
2715
12164
70293
60497
21168
78478
23007
65983
38190
2296
90162
27233
49168
85132
18660
66224
1200
17703
7911
40366
18412
82768
43868
35887
22962
37204
19062
71378
91859
88759
79085
74230
42172
76268
91689
16016
4970
26622
84748
83727
47891
76708
74865
60708
90617
21635
53941
64567
14264
76042
25098
35441
93352
56869
76735
79104
8478
87571
20347
84463
81886
28320
91985
67712
7723
12086
34899
19624
36248
12264
69100
64771
71514
2845
51680
14164
65222
22436
18662
75111
33464
52178
10063
58366
19432
63655
82894
51817
94744
57662
20343
69956
31082
51142
36134
8791
80064
6426
37998
76305
91500
28320
76647
46344
58160
1540
1809
17055
27461
26165
9987
29337
90244
52161
13606
98925
61078
87277
59764
43410
57822
92013
97139
11658
36961
38632
49988
81089
11305
85286
87258
53170
59155
30088
45277
69035
2432
14612
7382
62032
1702
27660
36320
41060
63471
52724
75974
29767
59283
35473
83902
42946
58463
40016
28182
18716
21177
21075
79960
79888
42389
11252
78009
35065
81146
2747
52843
78601
31274
56973
96994
81222
3941
27673
2106
30817
72712
5704
70783
91315
32134
8471
72789
34237
94700
11192
23232
10012
71910
78364
88717
58646
16861
79617
51085
94784
46346
78128
99905
64813
95958
28683
61979
86137
60980
90531
71073
29548
72143
41846
51411
32556
33823
42525
75924
69468
86425
3711
56992
23378
84902
69252
97003
88370
81449
70606
6691
31338
96507
28975
32869
94662
75839
33032
14922
59801
41376
84472
47727
13982
11004
89887
65214
57437
50525
32907
97068
76970
15834
6773
55355
68518
16143
50920
49297
97871
59587
94790
87467
89710
39132
62299
69184
6058
70805
65654
34288
32397
99908
27973
62022
93121
9041
91325
90924
81154
38878
22388
23699
74392
5960
23198
90485
49396
69073
32320
80507
18408
74279
89333
90641
94757
87122
94757
99614
6803
75003
54137
95019
38284
60498
48195
31297
58412
11249
39960
16229
38082
98954
52441
4575
60314
77611
86614
88037
25274
47756
7459
21526
36084
3425
29813
48526
72972
32298
51289
23218
92075
85986
2045
89622
85198
64635
22471
71319
59545
22508
61290
31068
93499
20579
9291
74365
38798
57403
86555
76849
89737
52984
34693
67414
83408
14223
62947
67623
43424
41066
83397
10482
55341
86868
11142
57541
13603
4564
63235
90085
28806
30824
11252
94729
90800
24705
32381
88208
60006
14418
86495
50266
96677
74455
94603
14638
86173
99780
22192
94392
51098
43772
19011
53818
63123
86392
18917
91431
64767
8694
15160
63717
69028
41325
50503
43028
10763
5421
82890
23817
99611
72659
81443
95905
55909
83768
98271
85924
17377
39257
98774
29302
30043
97584
44750
93960
26204
85628
84212
62869
20857
80205
3435
73798
53797
96628
29532
33980
11016
90763
29825
48129
51441
99526
72690
25685
45684
67979
47210
60595
94878
61162
79067
43586
38839
24707
23302
96442
18364
23831
36336
80073
69810
75897
36532
71696
70957
52032
68638
63052
72686
56166
89737
38632
4295
11808
47015
81985
96053
75626
80914
98028
44587
86599
87002
41589
1387
54066
20781
50237
35410
66311
49745
35418
15182
16471
14472
3292
73473
71864
98038
51438
22284
36321
71284
75016
30605
60339
32903
70930
94383
9668
90242
89857
10514
67638
31646
76027
37112
89761
33952
66706
43282
49048
39516
35682
34613
40167
79403
85836
5300
16785
64397
5912
13476
53119
56946
88802
74216
6383
11047
3050
29819
45743
97068
64739
57944
88737
4287
91019
59352
91431
74897
97780
76477
17671
71369
89688
26609
71591
93958
98855
72991
59916
52105
8149
44060
99295
16859
39725
45738
92991
6139
71074
69736
90810
3572
36341
76683
40925
18994
18161
92727
61372
74552
35489
52758
32238
16872
4297
39299
96931
37167
12534
14595
50975
78678
91250
46398
5029
2993
3774
57809
61288
87208
96488
59578
98717
84938
59339
61073
36399
16039
19863
92789
48282
83738
10840
36220
6074
92333
55655
31346
64979
46019
95037
56782
12840
69728
61404
26048
21798
48798
12904
24500
68867
12519
35370
17151
94116
4164
82708
51025
75838
79861
14331
88652
9361
87060
3350
61896
97944
57234
79419
5163
83390
2164
41076
40966
13314
17739
27249
89003
37523
61817
88127
13166
52678
54552
78024
38770
49288
45199
37261
5678
39549
59339
82337
54941
38348
45697
11297
38116
62838
13389
44374
66035
3794
78918
7146
69866
38074
1968
48333
57243
24938
31012
20572
28478
34509
64927
5772
18057
17625
96792
14172
75071
22828
97098
45594
47024
82754
58495
73556
37143
79815
57791
71081
15597
45248
65841
24712
5075
20108
47116
93800
57768
60315
85064
17452
84885
11850
95385
39928
75897
91928
82659
55007
24812
4947
14617
71203
39491
87583
90808
4697
69679
54774
88326
8894
44713
56157
80522
42135
34972
79975
21518
23338
26868
69311
4235
41111
62423
27211
96006
57754
27808
38317
93770
9959
6967
31806
41364
32770
77191
33098
61014
11371
86205
93390
33625
97565
9128
77768
12680
50105
16637
42353
58606
55274
77163
28890
45340
66166
59426
14216
15414
16097
71773
65163
37178
41403
78453
11796
53336
77177
7761
95900
90319
41813
15379
88483
34846
26577
14114
92215
4617
25212
52721
15396
83748
59373
49596
69823
97691
52382
98698
84355
8969
17886
91255
97415
90256
69341
37659
42959
78738
17816
46961
51209
84177
14310
13637
71767
59206
51412
37256
66250
12389
91560
21699
5420
84731
39481
14744
28759
55015
94369
99015
15889
48580
78303
62106
50251
6767
45811
60225
62827
63819
15447
92619
27451
31587
66798
28223
70467
96586
35039
96561
5805
37806
90475
3916
45780
49989
43904
61403
99207
49823
67256
58073
36386
33781
12561
47808
80967
50439
54433
20046
92562
68402
93535
65049
97654
69806
43076
68066
94039
53421
84670
22744
72245
10260
2507
48196
5179
5854
69665
4182
39163
56793
31750
81976
99028
22452
99861
88816
55003
40948
12997
65904
38265
45388
56387
10161
2429
5400
77357
95456
28369
35617
15243
57928
58532
43950
61184
11605
92975
11939
41538
76014
21097
32704
61978
82850
23947
17891
48845
86759
15355
52394
56640
77469
96281
51129
49346
65346
96204
45488
73241
10888
46774
74483
19931
23086
60811
38443
36790
75221
94537
15217
32474
67554
72800
94548
31045
28368
78778
20065
25603
37841
59943
19421
4435
61381
12842
87543
89352
71158
83789
95484
95879
64659
20707
6632
8410
14999
80942
7529
17351
54207
78028
75342
92771
22259
19118
91984
18622
27796
51422
3093
19918
4089
83407
54127
58787
20220
38397
96393
75749
49396
40582
31198
19923
16107
38960
42048
59238
50296
7735
61889
88278
24728
45904
18861
13483
29898
89313
95843
31477
64234
49985
44211
86794
6685
41095
67518
13382
4568
91088
3703
40801
49107
10628
60914
99467
30198
30803
21068
26820
50210
73421
45182
47257
46309
94989
65954
5905
15424
70848
73361
33346
22125
33809
17734
66673
84605
46038
78908
97398
15656
7553
64778
71040
85334
43065
2612
28572
35880
8169
61255
86745
53937
44410
70886
83493
99400
13275
26970
56869
32152
94217
69762
29693
10274
69327
77111
79017
7901
91977
22714
84192
62845
22527
97757
53314
74062
42717
82132
14526
32795
27686
98073
18244
96781
69234
70080
67602
49126
76925
32387
60227
29627
57611
62255
75597
8237
40003
98142
21803
29954
17498
76279
95354
54539
97081
86423
68545
28608
47840
96719
65080
39725
4107
81091
85496
43850
28884
36432
96123
68555
46383
2969
65057
42286
45576
54738
23039
3483
55771
59982
84883
63593
96680
82471
15186
2322
28348
41023
9635
6277
94971
11564
70707
16866
71800
23941
67071
4241
67079
71112
57626
42865
47351
20567
49324
51039
55363
56427
10111
57016
13461
25905
66269
84082
68636
9161
45280
50013
48615
33775
72220
24054
64963
65792
52651
27807
62523
87657
28736
68507
91065
37310
56542
46898
5659
72459
85274
61292
54527
69540
6202
40032
8612
48329
2492
24206
86893
67677
79002
68431
38026
29980
3668
54031
66310
32841
5408
6849
97001
76090
10525
23658
97863
29948
70661
86531
23772
95681
43008
65872
87169
98562
9653
64099
6686
91521
14518
10696
17118
93013
39650
97455
55358
79255
84146
49346
11966
12238
26446
20247
94511
85196
72411
26813
4133
63150
46539
49679
99233
5792
94385
12623
64938
36513
9525
75620
18985
29569
48845
47864
69155
31538
4818
49020
65994
54525
46164
20142
86873
19124
33476
9954
4778
56594
97445
78746
6663
61830
69761
26455
100000
50196
16176
93844
46441
28490
17398
60489
1699
43704
54945
39910
13056
54966
45827
91154
41845
81607
86598
78577
75011
36103
70769
89027
34446
39352
86807
18892
6543
15558
19189
95839
66722
75901
43993
42079
7100
55022
67388
5972
49722
66964
10693
40652
83385
85413
32940
34953
10428
45243
47945
28236
12788
90195
71788
69874
37707
49433
7271
27562
73690
24459
98633
14518
53645
27669
20465
42960
18495
69470
17546
16677
90251
51029
51730
94955
56723
42598
36338
72946
51827
40422
80952
49106
96097
19136
46678
30594
16702
15068
41651
41222
52207
42310
17723
54157
20451
43811
69601
26893
22267
9695
18112
47898
1133
74036
89231
25783
59160
54120
12414
59812
56181
85059
31558
66371
66859
59876
76413
67656
54794
42054
98991
6825
1975
45141
38265
81848
44581
60581
74401
16672
90817
85717
28315
39520
84715
66829
53726
11722
39207
4192
21652
5449
46434
80202
59276
3971
28246
98790
24788
11941
66156
74610
1626
35944
52349
2258
55317
74461
65672
88236
57598
84524
69255
31644
87076
36158
14225
97963
82492
68433
10449
42245
68395
19780
11626
35479
33055
35746
75411
25504
32483
80565
95345
39251
70318
98331
20347
41611
26096
34166
29929
90892
50034
1183
15969
66362
27701
70146
87761
51439
46515
20003
63494
8698
60363
40372
5873
4178
81688
8888
78050
43299
37823
79132
96926
70894
67717
12652
76773
31204
48916
68572
42202
12669
45703
23803
18099
79410
36951
30714
35963
55111
81804
38870
87353
14046
76344
18752
82894
53367
15636
39186
98102
48659
29320
82935
19959
41164
28319
57311
94451
7606
62576
64735
73019
46044
18999
19500
29743
11423
33192
91587
72013
77672
91172
51194
53409
97715
83916
15188
95104
22339
64903
75207
10863
18777
54530
75418
59831
56051
36990
34444
24245
60965
71467
44537
44348
66469
17625
37182
14403
63961
91300
92276
74118
86839
32453
79283
81029
79820
32378
38063
84086
96292
49222
86770
49321
47598
76444
87257
77844
84936
57362
78633
5245
74337
49326
16584
19370
53361
32840
98505
87483
27091
51771
42894
6810
9950
31529
32585
63355
7260
23638
92746
3261
54525
81986
26185
76861
75847
32346
45665
28729
65882
99396
39814
94528
10816
60234
22067
95964
38430
51165
86316
28768
86063
80694
24890
94881
48748
57316
16029
3611
17887
74738
56647
80755
50033
97829
73825
40714
15749
81157
55797
70329
29941
60632
7330
79752
66563
93660
35736
90591
55182
89929
39808
11187
24318
2760
61804
93227
66204
49622
49500
21798
9001
66946
28978
17726
99731
87066
18558
81107
30708
18859
9532
56258
82034
75964
55830
90990
36538
38896
87128
52768
73241
51639
52085
79331
90773
19029
87321
10979
11736
99859
80797
9535
66719
82474
57812
39273
61921
55161
59983
37383
46602
57600
12084
60475
89080
42975
69853
83152
2199
83196
1237
74525
58628
4521
11984
43423
91926
55172
78629
87339
98412
64226
70210
38396
68605
7718
83131
1896
99128
4405
29620
95337
69362
39620
88559
54929
71994
57372
14527
91214
17174
67686
66655
65788
39319
28749
14343
46668
76843
7987
49980
63716
17684
14602
78380
10178
8018
79504
15481
72107
21805
24207
90895
6641
81219
35604
19384
64410
96969
83105
89375
75567
23860
27109
81647
63323
6011
44608
18865
26448
2124
37844
19771
31619
91253
19699
30675
43414
36418
58685
32128
78845
22533
95643
93250
68586
82315
91343
90135
85827
42008
1008
22332
74192
59955
83802
82915
35156
17137
16782
97186
48416
60521
20732
97086
55623
75722
2975
50924
54805
50745
10330
31269
26881
38433
45484
2546
30819
44925
83606
86852
66827
30301
61556
94519
51852
31890
24304
71422
96025
17941
71136
98099
36087
6349
37347
16489
13336
59943
35157
74028
96724
47568
79040
53210
45202
36863
60661
15702
18150
7948
15848
11950
33446
88663
80867
94077
69885
81215
92532
23140
70139
42964
55151
91571
61170
11413
64517
81027
56147
7076
63366
80768
96775
77425
71033
11692
85505
35736
36725
62269
37711
75135
43103
89003
88262
42668
12356
14840
86129
35191
22922
88206
17871
67701
24573
22660
34004
56393
79338
97497
80120
56379
3966
26193
4093
10838
60255
97785
19688
31399
68814
61800
70180
33869
75664
76504
38843
49721
35715
12233
70293
72066
17999
48017
60491
54914
58200
18708
52614
87346
34955
20985
1610
44555
70134
32411
45326
64257
96500
87190
91830
32764
70651
16013
34036
80769
60887
8861
80419
47239
15902
92546
27519
9484
43726
40380
86593
91379
36577
23260
26184
87715
4258
61791
20490
38814
24541
5277
40890
44007
19745
78432
61522
35253
84809
78495
41486
44134
82449
31888
24505
19186
72098
66866
40826
33216
10347
36836
3738
72812
6085
25184
5981
2860
63989
43401
49407
39969
58621
74941
2183
3775
25395
31327
77913
35577
94938
54476
92109
92102
49156
55004
70563
27385
96082
50724
19275
91813
3381
58197
24726
94035
37415
76026
27346
55744
53115
93762
24516
64987
17892
2162
69496
45363
77007
17156
21557
41217
33997
69802
48712
17386
12086
97842
24726
10157
84499
67894
86558
67368
81886
65977
2065
47594
92939
65684
83892
25758
98518
35230
3931
