9.902095713 -13.906018931 1.7640089381504591
-0.212602022 4.344610025 -2.5561146532574766
-11.424503867 -16.503114331 -4.311998796170125
13.096842959 -11.867873622 0.15952636412368637
7.32660736 -14.783014443 -2.5659773836425015
7.582596936 -15.731542672 3.347693037022502
7.180996943 -15.637637093 -0.7380014179883521
12.86437385 -14.525918448 0.8966905113085231
10.062943897 -16.230050479 4.36938791640633
13.40305703 -12.875731966 -3.651553583117085
7.190851644 -16.781866439 -0.11043764544091506
11.61456621 -15.841789198 -0.8263533140575401
10.81781152 -15.991939685 -2.3973344758368507
9.760592891 -13.1632304 0.4172805325679576
11.556052427 -12.69440771 -3.5501365937669647
9.200222149 -16.100680895 -4.109477150584447
11.804857096 -14.722227788 1.5932955344286608
11.588597829 -12.26086681 0.4759732476910594
13.092701205 -12.532272602 0.23606796078334646
9.379634135 -17.381659529 3.783548002972566
9.870352705 -14.027555838 -4.437969549415848
13.800888922 -14.69458828 2.3968822646349732
11.460072893 -13.504604906 -4.300960281732853
9.236408386 -11.908889499 0.37824507369111515
9.782966208 -15.724598845 2.6564066296280657
8.906161855 -10.184066412 -4.067743195199255
11.261014276 -14.221204384 2.0379917521014193
7.600756172 -14.78141883 -3.488094061417615
8.540863123 -14.748999371 -4.036752297852165
11.714999922 -15.276511619 -1.3046249793239828
9.17135488 -10.099691698 4.2120324297224805
7.873551987 -11.594553219 4.853923277117001
12.900612886 -13.080664539 -4.602833774554178
8.610296683 -16.972345417 -2.0519531288161086
11.945248807 -15.840643076 -4.868598940408518
10.409652882 -15.598878929 3.88874508980021
8.499645745 -16.926379101 -2.0380178085387888
13.091909655 -11.549571 1.5365884872488564
12.884060295 -14.344680165 -3.577585093001562
10.721810833 -11.061626199 -4.117614652998663
6.209635862 -13.161590721 -4.253657148972913
9.676808308 -17.009730435 4.1940354532463076
12.895050738 -11.966767227 4.096817817731576
12.643357927 -11.210794825 4.973336117302566
10.731228676 -10.244507371 -2.514359344177529
13.200063128 -13.009094337 1.269274630833472
12.919274061 -15.627427777 -1.3881138612201305
9.73361387 -17.681591914 3.3331444324361232
12.60935733 -16.253875588 1.1059153667977437
10.625984393 -10.35118715 -2.857459748110106
9.315567348 -16.293788345 -4.601284701000702
7.176048653 -15.917260343 0.4209419820569247
10.896578293 -10.64736931 -2.037568196032514
8.749783127 -17.157397685 1.579513050470239
11.685625877 -10.940434234 -0.4097637890057797
9.364913533 -17.035216219 2.656943905492345
11.447280183 -14.725571577 -1.4769035194384719
10.013271074 -14.699109947 4.687920522892092
12.281266047 -15.138856025 -4.3400448806579845
8.869400841 -13.497899543 -1.2498485130513712
10.347372101 -11.872885167 -2.060497926445123
10.845165922 -16.729087195 -4.390827672178235
11.70608261 -16.186320548 2.8658897713748654
6.066205603 -13.195672261 -2.0728882533170303
10.274943214 -17.235457976 3.529087130098919
11.646245135 -14.988074126 -1.893614380257016
8.680103312 -16.763664889 -4.469446563889921
8.039196215 -15.299728904 2.6372088075536766
10.262391999 -16.363409232 -1.1085309443844036
9.830015333 -17.794703899 -0.7114918524294733
10.944630378 -14.407022554 4.865407319132123
7.250001453 -15.270548266 2.9418582150797903
6.480377756 -14.269303698 3.698407036046085
11.96359914 -17.265603414 3.596967684193899
12.098735685 -13.683052465 -1.6050827807296675
9.417530621 -17.355767824 4.4279400864496115
7.732699235 -16.202708043 -4.3397850911885385
9.522617375 -11.825199165 -0.08022588334204794
10.372272857 -13.216097494 -1.3926257770063333
9.666838014 -14.440396269 -0.14582721947788535
8.987009228 -14.440631826 0.7035327039104731
9.682978467 -17.630001211 0.3589291275292448
7.757576934 -16.480740056 -2.8066083476577983
10.933142963 -13.180374298 -0.264413185476565
7.07449789 -14.461870539 0.34497887114492176
8.80638292 -16.739407384 -2.8135063951982096
11.540415542 -14.890814817 4.46769084489179
12.279566606 -16.140928015 -2.336900681029508
10.52060397 -10.79869091 4.936387307672579
6.331623985 -15.354623349 -4.96489795760499
10.971811345 -17.355872828 -1.8032153772798623
9.723616989 -10.732745644 -4.110337102330885
11.858800791 -16.103189059 2.8218287420168657
7.984350372 -11.166652118 3.1991991401714213
6.15032562 -14.431727818 -4.7806795204941155
9.751751816 -11.675257612 0.9186128454059475
12.955857295 -13.785357551 -0.12080125424689747
10.468944282 -14.154878673 1.9230190123204602
12.42357953 -11.95755253 0.7307702686045605
9.670263945 -12.217299269 -2.8030569300597383
8.727721438 -15.014339735 2.2425634403195636
9.503405269 -15.842085916 0.0508766058326966
8.658806713 -11.923040326 3.1707555708588444
8.628507857 -14.781652125 -2.099144586445779
11.403785412 -14.079008052 3.6240523020502575
6.64563325 -11.599203433 0.5094068676788304
9.028961707 -11.417587578 0.6843204263301903
9.519994273 -13.969513579 -3.3295432522384596
12.018126713 -11.390020935 -2.7940564507175134
9.147888776 -14.442591362 2.6257303256799585
10.392690422 -10.712705672 -1.8134041478821663
8.929965496 -11.692422693 -0.9951459742896676
10.532969924 -13.808769711 4.247936417677279
7.248480393 -12.449223591 -2.9836535118171668
12.621172866 -15.256938557 -4.465400123645692
12.671170782 -11.571033065 0.2399447797369607
8.724511352 -14.903432689 -0.4171083352638796
10.417589759 -11.641945938 -1.2525022192200899
10.901916226 -13.427065532 -3.392025737430855
6.642908442 -14.667550675 -3.6621692819723095
8.692814813 -14.836989059 -3.989130983855924
7.902831718 -12.853979869 0.8437848305125604
12.90819748 -13.102171394 -4.474379393992462
12.487069997 -11.529610818 -3.689054817805799
10.915238588 -14.416745769 3.507936384529888
11.292329126 -11.796437394 -2.5818146557552812
12.980220209 -11.462235349 4.220213394698433
7.639788108 -15.325799978 3.787414771113113
11.084834231 -14.43753505 4.234252184675659
10.120143717 -13.94605998 -4.392797522049818
11.985443911 -15.860598166 1.0543015577487882
10.438409474 -17.328504156 2.2491334379641303
11.39493593 -12.901573445 -1.7951124175677755
7.698041547 -16.210012099 -4.1211348499846
10.36008925 -16.570881748 4.388216939012121
11.328812477 -13.723979841 0.286179161414438
6.950198424 -11.372767177 4.524108238713426
9.322739812 -17.333085022 -0.22173606271989588
8.356678581 -10.555809727 0.4200620176091032
8.774978819 -15.495900588 4.428312461253496
8.387799897 -17.161740421 3.9715191418918643
7.552922195 -12.567000903 3.4691685427485126
10.075025854 -17.01002375 3.7528786193939254
8.919446215 -14.069949807 -0.3649454545087689
9.729801342 -16.249494293 4.0299800592439095
12.849568227 -15.951515139 -0.5405430782101543
10.494809634 -10.925593851 4.583031990491055
8.577737447 -15.268768334 -4.198203932916132
8.135770748 -16.713729817 2.3879226254008827
13.653477602 -14.418845133 2.3305119086613013
11.250050003 -17.208848532 4.017620113717143
11.627542463 -11.36096027 0.21261860499784735
12.959952057 -13.832180839 -1.4048814293501755
12.705879394 -11.718474454 4.0082757635315875
12.883508779 -13.898209404 -3.4758227083767714
7.486742231 -11.639223473 -2.0242741376418216
6.210549442 -13.69746942 1.5051899556352737
10.426273006 -10.199357482 4.428731408451416
9.295147625 -12.934627446 -3.677883197429087
12.349801579 -11.838607095 -2.420130881720697
12.40244756 -13.094520013 3.92160222126798
11.2125085 -11.148913916 -4.856951818617214
9.783884128 -15.484752706 0.7161909881969866
9.181471261 -14.271151613 -0.7424134558254725
11.508497918 -10.376432187 -2.5123230843444135
6.11264515 -14.241564564 4.285213420744617
11.791638834 -12.430734107 1.1556886939347955
8.171794889 -17.133905543 -1.9843048505932623
11.116211512 -12.298962909 -0.8962980301711561
6.525516641 -14.023440305 -2.9884637722466936
9.948358156 -11.263892438 -4.276547760612301
6.302399066 -12.379062426 -4.543073829019697
9.929681653 -17.539965184 -4.516756907267828
8.506277871 -13.733910381 1.0782971420916878
11.773888534 -16.141653311 -0.6428717056209834
7.783934731 -15.314643399 -2.685062322920646
12.296646903 -15.179171451 0.5956060162729679
7.488315275 -15.013787347 3.3879835937909046
13.397786399 -14.498172542 -0.41882317571073724
7.875360812 -15.365272064 -4.231561316396798
11.239267047 -14.054838872 1.1881761256359136
10.298432609 -10.649105011 1.4621010447404288
10.304934587 -13.926546772 2.8050569946477086
10.774821836 -16.961211295 -3.7031492441943015
6.568691526 -11.784296675 1.8018907043028412
9.844968492 -15.853652415 -4.438333079680243
10.014336225 -10.112975534 -4.148032748936909
10.830081527 -15.406277693 -3.830500838798959
7.565408025 -10.891634252 -3.555457458599265
8.284601014 -12.934919891 -4.901392145118248
9.27506472 -11.658441142 2.9895911720882484
13.052304661 -15.272430068 -2.9600462303147057
12.423431425 -14.290939831 0.6142842852264288
11.060445458 -16.379977503 4.481301830194479
11.867206126 -15.913239858 3.05639593017586
12.437070363 -16.713401727 0.3812333706971094
7.653272342 -13.264652237 -0.07625528298577411
12.59866516 -13.623690446 2.7462790907165164
11.300084674 -10.774800093 2.110303778772881
10.721832897 -16.837906026 4.942693919759304
13.389822521 -12.1156801 0.4239446631204977
13.404215464 -13.680464453 0.8042217958410811
10.184884403 -16.656634442 0.7371935934673051
12.54027005 -15.245471235 -4.933217726920864
13.064679324 -11.692071114 0.8597247281544895
8.840873784 -16.000860093 -1.6061284406643384
12.363779251 -15.064449628 -2.756171979287525
11.13626583 -13.280869632 4.547553412115116
11.032602601 -10.905801959 3.6625500598010987
8.513406313 -12.89528767 0.6473796457154437
9.591987827 -11.7289773 0.14169081378562343
10.728947674 -16.121531771 4.881093866638141
9.778432333 -12.880165823 4.581091957065491
7.251168506 -13.643740491 1.9559800850653453
9.32070826 -12.38154998 -1.7507252303834173
7.813105757 -15.86987408 4.383708781632967
10.738509019 -10.66197245 -3.9030778139168554
11.392467617 -15.795339975 -1.1596785641713159
11.741791785 -10.461458859 4.962116002369907
6.972122835 -14.991577006 -1.8119736891669778
7.774580644 -13.056283442 4.744566394391498
12.475410932 -13.575121235 1.0465570336327623
9.5240972 -15.772509128 4.8077596098348785
9.481293578 -11.520575506 -2.1896733649760214
6.356468427 -14.348625124 -1.8581835227297083
6.166780849 -12.932834297 -4.131333235993429
11.9879052 -15.911183798 -2.847047103408711
12.555182668 -11.095604736 1.0198193227755432
13.53099552 -12.687430121 -1.4666223496723196
11.621771304 -10.649656027 -2.9018475070913805
10.107714886 -12.116990237 -1.568320627721823
8.741956974 -10.270537006 0.809762986151787
12.229163772 -15.515870583 2.881759108306964
10.088664747 -16.743196196 -2.6170188485664125
13.444611655 -12.917769498 -0.5166085618129976
7.138725175 -15.798476217 3.3369069811214978
8.301255326 -13.949373463 3.106781136725674
9.199351132 -14.282845982 -3.9764434672638527
13.658846002 -15.164467029 1.4559661418558756
7.206415929 -13.356269501 -2.124621107845056
13.53051346 -13.271502509 4.996623517030148
10.440800248 -11.195402893 2.2907090326746307
11.590361261 -16.130435919 -4.138658777945841
6.826477771 -13.435950234 2.215647924568959
7.384103907 -13.236225518 2.860220246771158
10.515146834 -13.336395426 -2.978933236783159
13.148277981 -16.142159484 1.293526216966172
9.3862112 -11.596933955 -3.6567671581457573
8.715084167 -17.022513734 -4.014880033172021
10.892600642 -11.175413466 -1.3163797525632326
7.120720088 -13.168515802 -0.2516866787931713
12.117577869 -16.883683624 -4.536212081653437
7.396085944 -15.284631374 -0.6748493485250542
9.228867188 -12.721564134 1.6714488888049397
9.496335206 -16.473824386 -3.548160665347868
10.725625273 -14.995970206 3.7248036179030777
10.699375299 -10.157691684 -0.6210240278003667
9.769161847 -15.742310735 3.1507747499047856
11.570874658 -16.527176381 -0.7800258227932124
9.38511452 -10.11800386 -0.33256339036254445
9.358310897 -17.626871099 1.0083584620300448
12.680219529 -11.985688279 4.298165403932975
7.926647126 -11.358551031 -1.0742856126350988
8.915987396 -15.877144502 2.240838842192919
11.74823663 -15.565083684 -3.5816417708021744
12.242682117 -12.778438968 4.927918859499011
8.684543695 -10.445779443 -4.6253147472713065
6.84205254 -15.306554381 -3.1303395558420135
8.37676682 -13.677113558 -3.626997232233282
8.197001977 -13.960517058 -2.1858571002736173
9.761514754 -17.189185397 0.4874873590366686
10.661059712 -16.90522771 -2.4176039384373906
7.422879351 -12.490364571 -3.330523462568981
12.032395539 -14.436075729 2.170149274197321
8.913476577 -17.076644666 3.583900925557126
10.284848622 -14.564119975 -1.9200185327769779
13.220914018 -13.444389197 2.7846842055006604
7.403498712 -16.545265102 2.6938579148538198
10.983641518 -11.834799542 1.5151500857305962
8.160360368 -15.41925366 2.3283355448385743
8.173169588 -17.248509526 4.890314528769764
13.200257951 -15.972694564 -4.822872730692128
8.974982995 -10.822556322 -0.08843921288804513
10.273702133 -17.856306237 -0.7310631863609709
11.393997449 -16.058878312 -1.9664175639960368
9.215400986 -13.675537057 -4.802882642117147
8.91137403 -17.30906762 0.8938557158086722
8.603380264 -14.916870412 -1.4373033298968751
11.164602833 -13.198633647 -0.045903700598088015
13.466867982 -15.269400248 2.6648006995824893
11.005289362 -11.51806448 -0.8651442888724308
7.385687298 -15.535879307 -0.09078621942062082
9.999119669 -14.749441834 -2.5331493472436764
8.796473535 -15.809266034 0.6340844231861578
11.558579068 -11.113548022 4.20812783139864
9.041622614 -17.643519192 -3.3481784284173677
10.514931263 -16.63076107 -4.028053659346661
8.655368713 -15.363276195 3.123792796597403
12.777101205 -11.24315509 -2.6414336724851717
6.65861238 -12.868662235 2.930579076038943
9.773386739 -14.455854721 -2.9429325973778395
8.200642722 -11.039253217 -2.6227132310482526
6.429082294 -14.296853726 4.957292851176145
6.996793656 -14.755451222 -1.932081747165487
7.186441948 -16.509967846 2.3780830491813454
12.116782222 -13.489521165 -3.597367837251203
12.625376007 -12.69865117 4.479233399157934
10.451212916 -16.126239568 1.1074519680794808
11.648699658 -17.468641933 -0.5548962576562548
8.326028534 -13.288592747 -0.8755555123316041
9.10682623 -15.802239758 1.171141070474329
11.792722052 -12.842725446 4.781190479912995
7.801876999 -15.75422794 -1.8188495893968284
10.594043375 -13.543692641 4.16001760943869
6.505783363 -15.865499471 -1.9239181585417384
7.472007888 -10.804472329 -2.4525143882331726
9.195970506 -11.077736971 -0.6518276094470785
12.771271074 -13.356618733 -1.5087973413020581
10.326739377 -15.98312653 3.2454315258903073
11.86755127 -16.746678495 -1.8830575792148974
10.556877528 -17.489907521 -0.1348738940077565
13.419502326 -14.750448814 -4.991855387774258
7.938289891 -13.127314973 4.803515675082037
8.57845806 -11.021529031 2.5881785927855194
12.551844127 -13.306108829 -2.8293112601399995
7.515552069 -13.810507195 -3.7501975852488467
11.65617506 -12.187570384 -3.986296720215127
11.877713931 -12.652018066 -2.4085035048433836
9.772799403 -14.888227991 2.5278672195872156
9.976599241 -17.27030576 3.081601330553678
6.89470828 -11.398427462 -0.3903584336693102
10.177420423 -11.755886595 2.712456341136738
9.250171644 -13.670248259 3.1424624513788793
10.102032445 -14.672563224 -4.431774242766994
8.68411328 -14.740894238 -1.7125827647122458
7.787618036 -16.505111543 1.6867446414141494
11.118150765 -10.287984202 4.446750638659209
9.13378612 -13.86057413 3.070046645224041
10.534830536 -15.21403774 0.8017203675140614
10.678871904 -11.405274427 -3.6042717504535626
6.078563927 -14.938591738 0.35917503669315654
7.636579912 -11.080509178 -4.495811460848635
11.647483239 -12.182977202 -3.394242734867108
11.963199211 -14.204285493 -3.8908622454485373
9.250055914 -12.051851777 -4.941764518512814
11.459085269 -12.276675098 3.741836109208286
8.357273527 -10.822580961 4.594068668881205
12.201626234 -13.639593911 -1.4923571317453508
6.319560094 -14.471770719 -0.9317004995978468
12.836440387 -16.203591297 4.368870251811057
11.861912372 -15.145352852 -0.1012956239832743
8.035005695 -11.759745572 -2.171265106456781
8.21815259 -15.167135327 -1.4059228905200172
8.338498374 -13.883586813 -2.682436181289206
11.825490804 -11.326284574 2.0069509207102962
11.676358207 -17.430426365 -4.818247176205023
11.013172682 -15.414392128 2.0261813811023224
8.882358423 -13.501197078 -4.600684114467461
7.655283465 -11.8025992 2.0146560910890754
10.540823668 -13.265304604 -4.610787104619989
8.787516908 -12.651560949 4.689253200103757
9.663351176 -14.512725849 -0.3225171375572433
10.13936479 -16.033100697 -4.211451234628677
8.030816276 -15.410861815 -1.9191863733911605
11.358321795 -12.719987843 4.473061489952849
7.095954393 -12.17845002 1.1188981087132
8.323800779 -14.385379962 -2.57796883309652
9.852278859 -16.766344441 0.14074984720014072
10.144103646 -17.35168686 -1.5699135421486554
11.789322682 -10.602345351 0.0360896173090719
12.660156509 -13.464271378 -4.249382615983749
10.410064258 -14.998322012 0.8979165218392158
6.606020416 -13.852697879 -2.3128312179836694
9.537517377 -12.802946506 1.438679261558164
9.810790289 -11.857748455 -3.183202709603611
13.032156612 -14.081488785 -4.126442102149826
10.876873348 -16.008790487 3.893994442807779
12.025929013 -15.09408041 -2.5747666325500065
11.432180048 -11.25497706 -0.05965551375815359
7.363346261 -15.974331989 2.9465820513525482
11.087976062 -12.450908992 -0.3901264188251252
12.171816537 -14.164065166 -3.3104637282841507
12.117085085 -16.156280523 2.7708433463695474
8.024030359 -11.653526439 -4.445782060249147
6.115062373 -13.059977821 2.1745367873725563
9.870879913 -17.280139329 1.0497840442175264
10.6032177 -11.814117777 4.306426658982893
13.081695908 -14.705522012 4.725305637735367
5.943571862 -14.012401129 -1.9727836116397057
6.529943795 -14.640665024 -4.308629035625185
13.4036671 -12.875092937 -0.06346821517166834
7.165141565 -14.88968075 -3.2476854086219022
12.377178669 -14.03113013 -2.801945510920162
10.739348841 -11.121321814 1.2844309069862616
12.511938977 -14.104346232 1.7563009950249429
6.992991331 -15.776668317 -1.212197894749064
12.413148887 -12.331490595 -2.6973637717599708
10.526216175 -12.981583486 -4.980211984224171
8.2600262 -13.742546204 -4.718739829794373
6.944262477 -14.641322109 1.2156103328996597
10.801867206 -15.627174969 1.3227059644495718
12.32695893 -14.277881325 -2.682551730667946
7.749151173 -16.100008254 -1.4085522916470126
12.462524458 -13.246559355 -3.8071426156304957
12.458630264 -12.030004292 3.822209087859134
10.49550691 -11.546341045 4.176331166764564
10.608695451 -15.616984825 -3.871788100350858
7.915280797 -16.969116576 4.6090807805189975
6.98285687 -11.869618407 -3.3970771126132093
10.158557142 -10.406481158 2.8997573072495397
9.529324502 -10.702912063 0.8433297366868961
11.865303535 -17.006297955 4.210844146891436
7.137914759 -16.497669525 2.9384579216425966
11.075423386 -16.508269113 2.5852351311030963
10.670828849 -10.250213091 -2.4910069080900477
12.958439338 -15.967608827 -1.758857736755263
10.641947387 -14.041127566 -2.7056536258871056
12.713267889 -16.444811237 -2.044775327057403
12.119806921 -10.880386801 1.9747705069106019
7.008315027 -15.343466176 4.099103976160874
8.653995421 -11.374104726 -1.2439699433354634
8.433669808 -17.004446064 0.29020844684511626
13.825798885 -13.600360958 1.5008580736694457
8.701393198 -17.404521707 3.8895383268245087
7.559271687 -15.9614494 -0.5674558056998693
11.74499668 -15.264197346 -1.6299920996992814
10.549358395 -10.933789586 -4.11131295388666
9.479298209 -16.325491548 -1.5735621991218416
12.66222635 -12.147093368 3.639225365368228
6.948215443 -13.93980734 1.6540752227745248
12.908648996 -15.484232541 -1.3098642334412212
12.999346542 -14.03605663 -4.229608909517592
13.413878597 -14.711027559 1.995489673637226
8.44991881 -12.817395604 0.9812066872143355
10.046665715 -17.776111717 -3.687656337003049
9.504269252 -15.096746831 3.902945205851484
12.502362249 -11.260289838 3.07308412062474
7.973139388 -16.763005175 3.0241581329469263
7.176750901 -14.985202677 -1.311429029432536
8.368681933 -14.253191549 -1.5214705474729673
9.24053353 -10.460779498 -0.17994805214122422
12.160351611 -16.739210064 -1.8730906279778847
8.980464894 -11.294361286 -2.3604134043803517
9.101476813 -13.552590487 1.6734235196741327
6.496497755 -15.830696082 1.291885397495486
7.849527032 -16.56924063 3.9630432320560303
9.460891213 -13.503195444 -0.23467561617784494
6.440808353 -13.933477289 2.659938940030525
6.708667522 -11.886462199 -0.7587765827956519
9.924136319 -10.959046631 -2.5882002273223623
9.000352049 -12.917733629 -0.19667215291697993
11.419988656 -16.921455324 1.571527750082553
8.978138214 -11.41943252 1.515188494632552
9.438374592 -14.651770725 -0.6755160478754574
8.185445031 -11.637716702 -4.2458777116078394
9.19084324 -14.289197474 -4.531199786389046
10.554778279 -17.2361837 -3.0622584598161726
11.941961008 -17.131940136 -4.885701578625748
9.03126849 -12.528793903 -1.9065084462363702
7.362892116 -12.096463696 1.750553309635782
10.494516631 -17.172769598 -2.115316602174635
7.732030031 -14.099575621 2.8982022442860957
7.631921528 -12.892982684 -0.7959058559896617
7.49537824 -12.914075563 -4.338552837178389
9.042245727 -12.767935757 -2.7921502976935573
10.518015756 -17.188732037 -2.006309407063539
9.715890133 -10.361645661 -2.4215239830436373
11.264621021 -12.801798233 -2.3605267005060715
7.909252166 -13.62796074 -4.431633557496725
7.481833327 -16.766733376 0.7855505898058563
10.954977558 -10.62569151 1.5496846871422987
10.873273314 -12.338870202 2.5685361008423513
10.259297582 -16.956639658 -4.193944697553292
12.016769877 -14.010256684 2.9951816691397717
9.443611291 -16.499700723 4.709295567133562
7.555436658 -16.515310953 -3.870640542461492
7.933162318 -10.792363426 -0.0578698026085247
7.010438076 -12.992461407 -0.9310496707163809
12.21704829 -12.508510297 -2.3797424405499212
10.461892715 -16.407354097 1.9234850025163306
6.902254309 -16.066382226 0.9828145588745665
9.285149648 -12.477784756 4.560107350974011
9.325815052 -16.224366491 -0.13089119080892164
10.835333356 -17.226581394 0.7392509648088916
7.300261087 -16.560713923 3.819309764341389
10.053464859 -17.437925046 -1.1292985765243344
11.995524656 -16.390335974 2.6704542153859654
7.912464655 -11.84197189 2.432448199682847
12.233299389 -10.866802255 3.9415331404942062
6.514141151 -12.725171 -1.995454726181464
9.562066114 -17.728781715 4.5425485914002
9.618589848 -11.753188025 1.1537048635463467
10.108576631 -13.926088929 1.7606376188656068
9.677599615 -11.316412668 -4.864814652709829
13.505539633 -13.663859974 -3.195657551499924
6.26905061 -15.130425854 -3.556190998750396
11.699488589 -11.337529886 -0.2143067019028022
10.39044738 -17.482427733 -1.375300874610621
9.666602443 -17.64514727 -0.7546684598392854
9.616377326 -12.656895505 4.636470085891798
10.450697214 -13.965415279 1.6350772555559203
8.885615262 -17.587229416 3.9512120746577644
10.81766933 -14.938108765 4.269289576144326
11.28343698 -16.748714573 -4.8452829957334345
7.858048214 -13.26671723 1.48216525091149
12.422616037 -11.474394082 0.19979107934250884
12.272698255 -12.811813834 -1.9876524201959067
10.059560658 -14.607659751 1.143067394293559
12.956205919 -14.308229955 1.3816322065744737
11.27010884 -14.167017664 -2.101514616451893
10.582884784 -10.445303087 -2.377423258308725
12.091942707 -12.257195982 -3.39759104746875
11.913725869 -11.260744354 -3.043079000547373
6.049013634 -13.330042279 2.0077703234025055
6.255349384 -15.317473697 -4.933377823913064
12.296886322 -11.013623889 3.6691539005736704
11.045849432 -11.498485556 0.6909017501663692
9.225613541 -13.131153686 -1.030421330492255
12.308830105 -15.960281264 -0.3260982411736135
6.138852625 -14.558616751 2.307180753044735
11.746592736 -14.628301414 -3.264179743799306
11.37717633 -12.321670653 -2.5241435232021825
6.637911262 -15.237767407 -4.918942009981805
9.85086313 -14.977971325 2.2550682556841117
9.185705397 -14.318835424 -1.2882723570999222
7.733623511 -15.939693139 -1.4306249983938777
9.803824477 -17.873798122 3.572765010612379
8.357310207 -13.63075649 -2.3317654718662526
9.491571652 -16.986208928 1.1979576577695639
10.220532345 -12.763517357 4.303694730345212
10.041189503 -17.31001004 0.5121025770881857
7.225530039 -13.478151287 -3.3907278935333416
11.171130526 -13.324820284 -4.716709543994835
6.393630675 -13.499105086 4.8831362597301045
8.675301013 -11.813848169 4.588874050762174
9.081132719 -12.037393088 -3.025966575348197
8.083694917 -11.17644022 3.67427904394072
10.149298816 -15.189734926 -0.29549173164521214
12.829717419 -13.25521478 2.2294597326039405
6.024179236 -14.332082286 2.3427741372458666
12.367226594 -16.844237943 1.7833358453767287
8.19987976 -11.223628781 3.0374775388771944
13.12157889 -15.880325032 2.900969453005212
10.289269107 -10.129891383 -0.7412200703827345
13.405936515 -12.185541959 2.862637708765262
8.961502759 -15.665940334 -1.6412542750907577
7.63136671 -11.546692209 1.6419004816089515
13.386334089 -14.40420383 0.38749199223231745
11.973081465 -12.891507078 -0.7859318447223931
11.002353352 -17.260130877 3.382340873451602
11.433105736 -15.319558527 0.9219891960130022
13.091819178 -13.698366702 -1.2172306609064645
9.847471428 -17.359649451 -2.795931157598371
7.322606017 -11.262219149 3.9055674192834378
9.915621698 -11.201731161 2.565157540432809
8.656007708 -15.375944661 -4.201362647124086
10.032265406 -11.034202898 3.2581199644092216
7.598791029 -12.154836652 -2.9333755995686195
10.389095474 -17.205226234 2.412212750363243
12.351548372 -12.062165575 -4.362463819162212
7.591370997 -15.07609341 2.451126022181497
11.506333771 -15.538478143 -0.12521367326567834
12.068785753 -11.802436932 -3.5316196668618915
12.399888879 -13.171895402 -2.8143152810969685
10.656751666 -15.379382482 2.8005528191836904
12.289256381 -12.810249578 0.511073317568763
10.663039481 -13.703633258 -0.7144044123653925
10.098757198 -16.678375757 1.5058761663848452
13.023617096 -14.798427469 1.0655175762163092
12.075303402 -17.017638776 -4.73194365211964
7.271456472 -14.860748275 -2.4623856874832786
6.151168662 -13.79961577 1.8765598521431004
7.26833619 -13.366780835 2.975015403088877
8.307258952 -10.335748295 1.064681492669827
7.759410165 -12.266940848 -2.2996128105011007
10.776227227 -16.559258046 -3.411689546061041
11.172441395 -14.164478699 -4.013861474384038
10.516186904 -13.814104883 -1.8452724332727453
12.946683242 -12.706058385 3.731165724699361
12.325378417 -12.112221687 0.07255600442673948
9.257337312 -12.030615122 -2.92763117867733
12.489343167 -12.274683093 -0.7419427773157627
8.085616906 -13.594188427 2.227047049238352
13.357632975 -12.703923909 2.3216299157897167
9.399755745 -15.67000176 -0.9255214553204363
12.469347345 -11.054840667 1.5198578195122447
10.716516666 -16.808945544 -2.997490769067388
9.061437353 -13.875526313 -2.1757967540856105
10.334819269 -10.04690709 -1.1768825279456219
8.604753021 -12.295819951 -3.4746393303347043
10.785873882 -15.538067109 3.4241249734415415
9.542182519 -10.762811901 1.9236720755553147
9.549929775 -10.568901497 3.9021956541864515
8.061900156 -17.415496999 -2.7821443943992707
6.773289757 -14.773920404 0.0037385486193013406
13.699498523 -14.396528409 1.3930998015964482
13.071750519 -16.195815639 -3.808987530002085
10.373614834 -10.572822043 2.46858302231347
10.007421906 -14.598085763 1.761589243168313
12.382232499 -13.132588788 3.952436902164081
7.185748272 -15.349830904 -1.5466005503590772
12.267921275 -11.441830084 -4.069041299925384
8.026286705 -16.383870669 4.349457421377224
12.273253286 -16.831493701 -1.369333615677899
7.543048516 -16.353264868 4.854885401072448
9.13868439 -10.710742404 1.8967541001970956
9.320637735 -16.148051574 -1.6904104109147235
7.458159761 -12.833268375 -1.9495157812351516
10.774416013 -10.271843389 -1.2334462419880787
7.779847646 -16.287692823 1.63571291535402
8.273623216 -14.416994001 -2.2325304656041167
9.139900679 -15.923590333 3.787586571022082
11.856455315 -13.45945449 1.9232057280823502
6.634852395 -14.701367868 -0.5814901738980138
8.322494143 -11.053513978 4.618363229246722
10.633394079 -16.135264936 -1.395955221279407
11.031856734 -16.841956508 -4.0731758020775075
8.981576178 -10.496798413 -2.6254605597878298
11.561502711 -12.653495856 3.611923606465391
12.074159213 -16.664964531 -4.2010786777107265
10.118751797 -13.539745354 2.5533195228309236
13.467329913 -14.653629315 2.6355631422479053
11.41593284 -16.137271781 -2.6145369824971176
8.94031456 -17.050585153 2.371799531038513
6.365596744 -14.730294978 0.822914243037971
13.493530055 -13.835466437 -3.5549985868204645
12.996245558 -14.998055799 -2.856912314181944
8.592974202 -14.993301043 2.541931765868207
11.518007486 -16.615001674 4.03083647143562
10.622734167 -15.947856019 -4.719680993786671
9.670456835 -16.554547837 -1.5806444486634872
11.063551916 -12.689785949 3.9046217806620263
9.496227351 -17.836119528 3.09438887081142
9.580173352 -16.019184274 1.7589134792168126
7.611906522 -14.852390965 0.10088371731105905
11.584568238 -14.814690776 -3.604662319969665
12.604856432 -13.786150153 -2.601013671288177
7.876324497 -15.776198441 2.4463835566156735
8.051250388 -17.199590048 -1.4365276285007358
12.065739346 -12.928333882 -4.106762904596586
7.519329241 -16.009535528 2.343275218521084
11.257887226 -16.261378209 -3.255377040333778
7.931178716 -13.650327317 0.20335942157825393
11.063361131 -14.647814088 2.66663075306826
7.473726109 -11.753012013 1.0976688372842496
10.444688202 -10.29057342 -2.814311345856244
10.708237691 -13.277120855 -4.496207051335258
6.993270122 -13.867759896 -0.07941067914537658
10.010408047 -11.215745867 1.9475896470263452
12.445889105 -14.120351495 3.085491888461643
10.639187526 -13.781703343 -3.0933989769913097
12.464814241 -13.329667947 -4.534608587933238
11.048274412 -11.193345115 1.3124752629733472
11.670005169 -16.577070333 -4.944656602303415
8.454291849 -14.485447438 -0.11586541969983433
8.448410802 -12.453902803 4.2375673160287715
13.023828755 -12.869696228 2.292359527590677
12.530821594 -14.194535747 -1.0335080825900942
13.291860724 -16.002378014 -1.8120443781228204
7.197698028 -11.552180882 -2.0143399622443647
10.715412669 -12.653329857 -0.6954541576328364
9.240107188 -15.28573501 -0.9903911189171293
11.316044803 -12.772756758 2.611348758877698
11.589473874 -12.246304316 1.9588041072595033
12.242414703 -12.783177223 -0.369703893104127
7.601800011 -12.505741596 1.1062124822643318
13.825990008 -13.739783888 -4.8595383590436745
6.861427488 -15.814737827 0.9635689862267762
6.950598091 -13.873307793 -4.18750817599919
8.663577916 -13.014355323 -4.586383657975045
7.132765392 -14.786494595 3.961729931782287
13.541440084 -13.654018941 4.272209276200581
8.243664152 -11.781106366 -0.7127018903163567
8.537053288 -15.044935052 -4.793938206479171
7.921617889 -11.982398751 -4.427135482341176
9.252770151 -12.95240252 -0.4754548943662398
11.855181655 -17.256417424 4.746574378534769
8.399363653 -10.556191643 -4.056584585450381
13.725365672 -13.345486297 -3.003074283067757
10.920134115 -17.746493904 1.1984682692888757
6.80346107 -15.516737149 1.3495767523902042
8.455420807 -13.083976181 -4.657595274577422
10.839013909 -10.666563529 0.8590671639749274
9.466832463 -10.759869091 -1.6953979454229637
9.8826123 -11.639967692 -2.6235164453675397
6.650038893 -15.793960653 -2.9214720058378543
11.059246873 -16.355751874 -3.6839683033639012
10.78714752 -14.734757733 1.5971867983456267
11.450768804 -12.513858643 3.4670066776953608
7.965832717 -14.371886921 0.8005759837050688
7.227967637 -15.964554045 -2.6420825584496397
11.783808661 -13.790563711 -2.73005416411371
9.908127439 -10.614750024 -4.891824216894497
10.538829509 -17.390900825 -1.6628974101485694
12.884945545 -14.957002659 -4.8264851407800835
8.482645157 -16.371967938 0.9142872003450151
11.470841692 -14.845356922 -4.334388222002895
9.839789663 -10.064741777 -2.395846079022034
8.374306519 -16.503008622 -4.797081431779542
7.281847762 -12.294542004 -4.219638984034217
6.251624167 -12.909712988 3.2924046905320807
9.184903197 -13.118736427 -2.9773413402633375
7.095397314 -12.71227465 -2.9925683086848585
11.206272924 -15.654694849 -4.873814859257784
11.133440458 -14.176756428 -3.7729876895919165
11.791801818 -16.006224158 2.694155905472794
10.747503594 -11.138569765 -0.11220365740191518
9.432542449 -13.30058889 0.529649575070799
12.375746243 -13.935858586 -1.0120435347743717
12.052346093 -12.974509739 1.7090206879372296
8.237928947 -14.379241212 -3.8188310115634883
6.476993838 -15.837898464 0.48876080431463187
6.512704955 -13.422029758 -0.19196947393817965
13.720179314 -12.779569019 1.8904046337695402
8.958595242 -16.821352221 4.9358441716584895
10.122410141 -14.007162271 -4.1499484099857495
10.536082117 -13.779942508 4.5304520664781265
12.987571052 -16.440262353 -2.4084776850672487
12.356541039 -16.958763669 -1.801994335244573
11.674290883 -11.572324442 -0.020544520393006138
8.483691379 -17.338665282 -0.8239450871639606
6.47889289 -13.322678086 -1.8021913775667366
9.309919574 -16.7306062 -1.1989027344956025
7.823494208 -15.815203174 2.9442009125083395
7.151891494 -12.254284091 3.8285246097025105
12.496567744 -15.593767817 4.057265188343305
9.147974725 -15.825967691 -3.0712712545855925
10.602067422 -15.154419849 -2.1381625244676816
12.783204007 -15.898303351 -1.4838126035132406
7.746398388 -14.792045466 3.384529675877351
9.424303099 -14.54263257 -0.6659961855422125
13.149003987 -12.606686526 0.14533129188641603
9.663638503 -12.188474291 2.2299110424305857
11.156677612 -10.45548773 -3.0765613266140033
8.625816282 -15.34332664 3.4603963115699052
10.660338081 -15.951109441 -1.1781953444599425
13.73458166 -13.537334202 2.3645748758586214
7.637917664 -11.838361374 -2.2406703170435796
7.353902838 -10.934154951 -3.207932348890753
6.991411458 -15.623753548 2.854829993955005
12.334437361 -16.341657909 2.4751195061281894
7.404894181 -14.881111424 -1.4933683929610888
10.90640743 -16.301795953 -3.611767713879571
8.832067702 -12.014552212 1.6564886901173868
8.900618394 -15.897492815 0.30792828301849173
13.042911232 -13.015383114 -0.22927204665748935
9.115567652 -15.855572153 2.7269378089163006
12.571681556 -13.989374635 -3.7174092501441525
9.607769187 -17.074432533 2.6191202142653482
9.091558095 -14.189425014 -4.193158177458313
9.313376345 -16.159356321 -4.13881412426246
11.148640286 -16.95088371 -3.5507153278810524
7.878596299 -10.740225638 3.782582012824765
7.939842713 -15.892010593 -4.308385607244841
13.489106738 -12.255548372 2.797090146447352
9.667920395 -11.200048166 0.7527881476861973
8.203568444 -15.690481397 0.18532559736454868
12.405337866 -12.529034666 -1.6334926537885708
9.1721118 -14.33927614 -2.05227512617543
7.449384376 -12.280614565 4.527447168141908
12.576743522 -16.334200725 0.14102984028152132
7.536011378 -15.085016294 3.4540876815396473
12.238278207 -14.833088653 4.853764247008385
10.142521224 -12.931247995 3.462571588362376
11.877162926 -15.396994902 3.781851533870853
9.258103988 -13.506794619 1.3737401108455716
7.501793523 -13.170503844 4.209682488373298
11.283648008 -13.357696396 3.5045727634928667
11.984700512 -14.278945469 4.6980604070397884
10.046638607 -16.091383036 -1.193049309618103
6.383123259 -13.824083945 3.657606567030058
7.998286577 -11.716953392 2.0552284645248164
10.227119648 -10.195843977 -1.7475816574209482
9.756958364 -13.111980137 -2.653650640244858
8.52697532 -12.86884132 4.126543404685686
8.470905967 -11.763017463 -3.305280325842548
6.834902868 -11.854471958 4.491287904594049
8.825275736 -14.278423261 -2.8841241786478977
10.281966855 -11.0494138 3.5519066091991345
10.406336239 -16.351037317 3.906814351445993
7.166676023 -12.011626828 -4.258390695531128
10.286266695 -17.583273682 -1.7816428448364716
8.798367268 -13.168866481 -3.3096299777251827
13.526800858 -14.749262215 4.025710255068196
6.63886553 -14.209413815 1.1006687803347992
11.635500218 -13.270779055 -4.138348338827389
11.269304317 -11.80782353 1.2836906049534482
13.122643321 -12.105552156 0.5398446054844328
8.622964215 -15.110861879 1.0526924904266526
9.010044571 -14.906968908 -3.054047297245507
10.615141605 -14.491993944 -3.7967321682601716
10.758741798 -12.206693845 4.0801765250415585
10.160827498 -10.677001143 4.334225658234169
12.482067456 -11.416459462 3.108437909909089
11.351642333 -14.853784301 1.0203409786064066
9.434228767 -14.90616888 -3.2837167545766413
13.378195383 -15.667343263 -3.928742709853684
11.408812887 -11.068066888 -3.6516473337034308
13.44913363 -14.61227333 1.8386694824824632
9.216587532 -13.399440553 1.354856020945892
7.382360771 -13.988933248 -2.171406013959145
11.822650665 -15.01228148 4.471943677386829
8.306635463 -15.542740608 -1.4152050030246475
6.634590114 -15.940743198 -4.861841197459141
9.964410308 -16.047493599 0.1912979091512632
9.282704236 -15.979724794 -3.0236831119731757
8.602183685 -11.614632676 -0.1361878003538166
8.893463243 -11.684407915 -1.4342137592356128
7.860610719 -14.110286801 4.801779648412035
6.003387961 -13.74842491 2.739392518969276
9.933812117 -15.121836499 -2.861122810255803
13.847677013 -13.438167593 0.8795865578800397
10.907189395 -15.990100592 3.110811288161452
8.5051511 -10.6908889 -0.8958976795094875
6.253776118 -13.052855247 -0.9514456953178998
11.328477441 -16.595373036 -4.345009716038857
7.818181865 -13.05928007 -0.6822534114821099
10.151464485 -10.369811232 -2.9384083548358344
10.424697765 -17.384456499 3.5529062610111932
10.311736457 -12.731591767 1.6727045275538472
12.252086427 -16.537251072 1.3997868368060633
8.845956584 -11.56626286 0.05788371591696162
7.95794279 -13.589914316 -4.941053145568156
9.526309332 -15.905165773 -2.073256324094931
8.453595694 -11.72295604 0.19878994611900147
11.86497842 -15.073555927 -4.533599932392036
10.83447344 -13.484314988 -4.9805197589722905
11.790371748 -13.640668139 -1.4383202165314501
10.725496058 -17.272151507 -4.668228789754854
6.659016464 -15.634071348 -2.6020030806102437
11.87414892 -17.203765727 -1.8721502412553157
9.605728983 -16.271837198 4.219023980852921
8.762622672 -14.688448518 -1.4408104826950465
6.594559969 -13.261170681 1.718855821504114
6.105426972 -13.261285055 1.3854629621965948
6.743297661 -15.528588276 -0.7717207020555925
12.300802164 -14.516231912 3.8543271736096294
13.660843791 -14.965662039 4.813872653888772
12.780589441 -14.013193684 1.2990594044769432
9.864347437 -16.246791302 3.8597312787127276
13.409896913 -15.408609742 4.572358062854823
10.752417939 -11.446885497 -3.741305696519377
10.596088693 -16.907036004 3.7521803488139476
12.734682951 -13.872915576 1.9680495892104632
9.633455781 -16.844597694 -4.364198362389002
8.744985978 -15.768611561 4.295855435245931
12.582960388 -12.563594465 3.7187813426901926
7.109821903 -11.755946306 -1.044348005422898
13.644890062 -12.728730201 -2.6145047959918353
9.550581864 -11.97024486 0.6111356441054641
9.128276321 -13.061449433 0.12568199548870673
7.406123012 -11.765608573 -4.433368321833218
13.703969735 -13.487398664 4.942995654994759
7.451059592 -16.003059012 4.980911964802186
6.932752879 -15.62929553 1.7427594538602822
10.038410018 -14.823297717 -4.0545154875249985
8.199818403 -15.793033592 4.973634953440971
7.770114994 -16.041685595 3.4093912789269147
7.302863874 -10.979884198 4.509516079345538
6.58646637 -12.849520291 0.4196286418165993
11.16993152 -15.90946212 1.1548690440177465
13.8766232 -13.606473868 4.171153086488967
13.327709816 -14.397643056 0.7015320484811767
9.971782872 -12.556587823 -1.0758101369099138
10.928729713 -11.865687502 -0.7395477489979765
12.282833862 -14.677069014 4.461986941962081
10.80224897 -17.501515677 -3.07023499861136
12.203053145 -14.779999566 -1.8617408321354292
7.923985478 -15.024079705 1.6171662301810317
10.577690915 -13.699399477 -0.01724973342288383
9.948471665 -17.417883709 -2.618670304895818
12.677570106 -12.449143266 -1.0395966558445178
12.611078071 -14.662090023 1.1688175785724155
10.911914955 -12.281486026 -4.025732629798863
6.641409034 -13.034335271 -1.7862488043997224
9.122535373 -11.973825199 -0.7567973590126078
9.565073073 -12.214097357 -1.3925586028655679
7.723388105 -15.550657995 -1.9550216636191733
7.456191656 -14.548310726 4.6336336190985445
9.694593728 -12.331595419 -3.054309269874863
6.097964268 -13.102286571 3.8586700498100672
7.904450242 -16.370871195 -0.41117599190805176
7.363028539 -11.769146566 -0.699775767156491
13.172674342 -13.985535806 3.859671757837617
11.798605992 -16.962326358 -1.4613817997955691
8.057064965 -10.696925265 -4.850316877514106
9.741229601 -17.661638481 -1.7112477052820365
8.181308367 -12.365706613 -3.774433844970717
9.552251249 -17.843339683 3.020540976722444
6.589574015 -14.832489595 -0.49645937144683217
12.904142045 -13.868431813 -2.6529207469969873
10.756233519 -16.520775338 -2.7386123851049704
8.831065965 -13.62438552 -1.519029727733642
11.909660831 -11.755460556 -4.875885892226597
8.780874147 -10.522506728 2.526888620475498
12.518168416 -12.079817944 -4.8916595346939795
11.791589239 -14.355543357 1.1482213348967143
10.070431041 -13.35709399 0.5675657698151992
10.062011406 -13.070602656 -3.6894069440916164
9.941015561 -10.53984547 -2.547754370612614
8.793924431 -15.913795428 1.6240930408704157
12.681987195 -14.826874534 2.8548648446662828
12.928390627 -13.161820219 -3.258823450662518
9.330472026 -13.203413499 -0.3129096335009942
8.998936748 -10.544551359 -3.826929207062059
6.896734196 -15.190252971 -0.7065599741016504
8.18465897 -15.493515082 2.3733908829984376
9.439022331 -13.669239166 2.7448322876468847
6.923612934 -16.334161226 -1.5505797627877804
7.213132864 -16.155953015 2.834660894541753
9.469208611 -11.810893248 -0.08994479767936348
9.02599725 -16.445229865 -1.4843909524661814
8.138957384 -13.562827889 0.03789691469812695
11.06603943 -16.144924092 -4.102534367660136
7.306887305 -15.248179902 3.2783930621140804
7.634731918 -17.056221779 -1.5136011080725655
8.249489661 -10.485630737 -0.7132510383722863
7.233033697 -16.877501983 1.966375165386415
9.117006019 -13.013620082 -0.22167145658053755
11.968636698 -15.439825933 -1.5292496743753556
11.025957164 -12.852183058 0.23702835177402992
10.359704784 -12.718114775 3.4880834988733174
10.475870977 -15.331330801 -2.35082542295579
13.71012104 -13.80269984 4.922206142948394
8.414209381 -15.339339488 0.8155069423973247
8.890740411 -15.546660033 -3.840362065967069
8.878720607 -10.281357655 -3.720637440546335
13.031185946 -15.624362005 -4.8580701141655585
11.964208066 -15.165613616 -4.2760816258714005
13.439489302 -13.191653662 1.3440976772696214
7.498331098 -13.936341377 0.5284210188153784
8.979391391 -11.814502404 -0.9932168169826046
12.874381867 -15.626548659 0.6253428170927791
7.628945749 -14.028116558 -0.49158621613850784
7.424942587 -12.083186772 -4.814989735854817
10.888031066 -14.425318493 3.9508627317904867
9.657094035 -15.17357382 2.0740122782264887
8.201535486 -15.179809847 1.4223042367332521
7.417277239 -16.093304271 0.35752594206920474
12.086663933 -16.698742517 4.803015385173346
11.085895794 -12.923748676 1.259555090550756
10.219551209 -16.871485676 -3.5774780094676895
11.735027623 -13.195924875 1.8312085012411767
12.725347703 -11.22593358 3.5662149471390254
11.032803351 -13.561772673 -2.9361582869806666
8.868841962 -11.338670425 -3.137235060821361
10.26023251 -14.711111419 -4.470716103863518
8.630634357 -15.24160608 -1.4348792336375316
10.718054764 -10.525673086 2.0273739631329786
8.323085984 -10.40389861 -1.7108789191639238
6.561532703 -13.406757023 3.455616277398553
11.458993675 -14.021639002 2.9164270341736316
12.579810295 -16.210617271 0.6140174390158561
8.881961391 -10.824660667 1.4514892135728008
8.638192457 -12.086675385 3.373741601146854
11.065758812 -14.757210318 4.57039848076057
12.732483489 -14.270855403 -0.5117441731194416
9.331765128 -11.346086016 3.7474104409723505
12.744927291 -11.672505585 2.736032375407315
10.879374702 -15.709076809 -1.6678305184537336
6.374138858 -15.086621094 -1.7698677442775255
6.35899575 -12.085623182 1.1925938207441353
10.976270615 -12.847802694 -4.439838800407055
7.475304474 -16.915284746 3.0760182303702592
11.413423429 -11.375728357 -0.9820912439029943
9.317706827 -14.420655762 -3.499340059332492
11.403308375 -15.429491165 0.16258129040075708
10.787869922 -11.734422654 4.127253278989421
11.382875184 -12.047997304 -3.1756561255162365
9.117183641 -13.275143355 1.549388029646983
8.025027833 -12.563452206 -0.2271934203682191
13.327145377 -14.315482083 -2.405041268804049
13.577510985 -13.908454885 -3.8260799772546017
13.826581384 -13.931214762 4.177672206589062
10.162293807 -16.285789109 4.964208933816771
8.074888946 -15.793013051 3.100640265410169
7.232451036 -11.638499025 -0.19721461720790234
11.539272474 -15.389657703 0.26115132787943374
8.260026795 -11.228219752 1.6596184115638941
9.245941456 -17.3863722 4.319689732621537
7.130426092 -15.510929194 -4.847721010576026
11.401810539 -16.700170145 1.8928023627769877
8.718078885 -17.331020051 2.060525217567136
7.140359686 -16.052084058 -0.7113934125488663
12.81616862 -12.562573991 2.6938846449123
10.005081 -11.12593593 1.2302998788126178
12.139469709 -15.480229278 4.1714640356059025
9.212795945 -16.584746036 3.6008358621334065
12.344199118 -12.274867323 3.5058086520711758
13.564361002 -14.61416624 -2.1064746355687394
7.386120718 -13.520998093 -3.6300553277047785
7.860412688 -14.95568841 -0.24950572759804057
6.088556104 -13.696564446 1.358512280576547
11.749703459 -11.288727244 -4.311703969282798
8.238704609 -14.320643114 -1.4501854748889587
8.128928651 -12.503000495 -0.7495485445787873
9.252602123 -13.4947464 1.587858576419646
11.93725225 -12.354773698 -2.2539843881123245
12.258391968 -11.255040016 -0.9599164882451046
12.811247867 -14.259952203 -0.6681571867285552
9.103767081 -16.289903974 4.058806051231327
9.23784809 -16.033839405 -3.8785196040381145
8.340007131 -13.631178356 -2.4194424534721657
12.770592253 -16.413949787 -3.683815293519758
12.569507169 -10.96856738 1.9464826613426798
11.538005731 -10.414467212 -3.5131398085463905
13.515527116 -13.411418526 3.2374873221285476
10.725015799 -12.473784179 4.354247273654764
9.183871186 -17.04788249 -2.0859188515812175
13.576241372 -12.851344915 -0.4523348873868933
11.705662214 -17.462300587 4.314891272088973
11.578710065 -16.797819015 0.7361584642739789
11.617717007 -17.230155736 1.0275539523018047
8.300540261 -12.43986474 2.2525743690587685
10.977315833 -13.637867975 -1.4752198690352958
10.172951882 -10.280569613 2.247139533498741
11.155751533 -12.500207528 3.2359545693905982
8.358164418 -12.360928319 1.0347104676087913
11.961103438 -16.840184816 -3.1269615370548065
8.693121167 -10.931284335 -0.7730684531998708
10.738109949 -12.385796714 2.9783793175315516
11.738785311 -10.834838355 2.4311748692678385
13.619617823 -14.490769554 -1.7519270410503163
8.02987295 -14.067325472 -4.90103002783508
12.486368779 -11.571292867 0.5643415750701681
12.384779716 -16.069025616 -1.3389883496387665
12.723424414 -15.395444114 2.2029242062657497
9.210236123 -17.370973097 -2.286653414559047
11.363586096 -10.57451245 -3.726174784390428
10.194321433 -14.479643502 4.474895151659611
10.853308445 -14.004760911 -2.5514202305436595
8.711068241 -17.253657343 4.86135404394641
9.37740342 -14.739424368 0.4381422418850933
11.612798896 -16.595993081 4.792843211207181
12.299556365 -11.617664087 -2.674926414868298
6.22766046 -15.127417345 4.161415997980015
13.511741047 -15.089905386 0.2750398703327095
9.144490851 -13.620936468 -1.342590589983299
13.626673781 -13.872754381 -2.170077800486927
6.050938265 -13.191701596 -3.29279099379719
10.822137291 -11.860064684 -4.4871739166965705
7.842357027 -13.711729018 -0.7083103790966581
10.289298165 -16.786424796 4.835482841788565
8.24969256 -12.365343783 -4.041482410489358
13.1779665 -11.818377348 -1.2588595351043343
8.397615945 -15.288427913 -0.5598527502989707
9.280241681 -16.491236232 -3.034134537831471
10.182208162 -14.19421799 1.9543093923021697
8.509837026 -13.352033843 1.66857567826884
9.221308294 -16.455083822 -3.0508111631612733
11.823515918 -14.44909079 -2.198614591921484
8.511540358 -15.198724357 4.605514928302126
9.460323947 -12.767122446 0.6674318453202126
8.515263805 -15.010440432 3.2718574744972546
8.262147894 -15.971622362 0.757464309470441
11.002799611 -14.103085612 -1.685534265345603
10.784821277 -11.291409885 0.7263191297329801
9.451971534 -13.058871724 2.776224647958987
12.588461077 -14.726897262 3.116862978891904
12.027635009 -14.972125611 4.128907353820047
9.094010687 -10.198676072 4.350634599699214
11.546062247 -17.31808006 1.6789479960131724
11.238564988 -14.472903367 -0.2855536568130246
12.763733183 -16.104892887 -3.350251460713607
9.650631236 -15.43992059 -1.8566206925086117
12.355398211 -16.723398076 0.3025753531297841
7.98087304 -11.080864197 0.18538962816402993
8.809132987 -13.97357612 -1.8284082302364157
10.049460247 -12.002814631 -4.230434450421335
8.725477429 -13.736214792 -2.0102022212674617
12.435053459 -11.249625537 -1.5184986464347547
9.436976189 -17.809277402 -4.3074489028096945
7.309193729 -15.319437587 1.2139785297405918
12.45490925 -13.391058167 -0.13641429925955073
9.494881186 -13.175252681 4.984563442240594
6.991911536 -16.41662643 -2.873832393402264
12.630987982 -16.115664734 3.69209814141753
12.76406288 -12.804374352 2.0254907586190853
9.867568145 -17.145400166 -2.009217317335319
10.193890124 -15.573151619 3.814375037520053
11.952078694 -16.518631448 -2.980185367873933
10.613425182 -11.179993852 3.9939797518924287
8.205072219 -15.312090846 3.0735309339573575
8.508881243 -12.24208552 -3.5594161443445627
9.613000061 -10.410605302 4.485912115522446
10.612643056 -17.119156678 4.613398387336783
12.027447161 -14.561989825 3.0906251439890564
11.824261063 -10.614018367 -4.316351496633654
9.933793337 -15.270243761 4.0758508070967086
10.334547921 -13.481108447 -1.6181865008688847
11.320758394 -16.323952653 -3.922279380953536
12.041483015 -14.195162302 -1.81397229936303
13.568562437 -13.800955871 2.1709970659628457
7.80540056 -14.836754119 0.08115126367680325
11.553183997 -14.019518374 -2.609620600318394
10.087582464 -12.027868522 -4.191168794040141
7.852458433 -13.929239225 2.5327572576199318
7.584625486 -17.014543911 -0.2776269954932884
12.761113971 -15.473539122 -0.7258086574661977
13.484377222 -13.440651394 -0.2555633705195941
10.391375022 -17.083916836 -3.370677155079017
9.952229982 -11.57854868 3.898726870014624
9.3137419 -12.298489277 -3.337504560589757
12.184030549 -11.429337896 -3.390757360873674
9.979743016 -16.478318184 -1.837160498808934
12.671079262 -14.562812792 -2.98264542545406
12.609886589 -13.895167043 2.151269221633335
10.716644421 -15.76621534 -3.266431218041037
8.505653878 -11.090687655 0.6015059344609348
7.239166847 -16.037298568 0.5587819741769326
13.060071684 -16.008871482 3.8379791745110836
13.313590958 -14.519458157 -0.540838351228019
11.478995769 -11.935643972 2.821804771259787
13.330205866 -12.907492099 2.3586575241916066
11.988315903 -12.951416751 -0.0837566416611697
9.101998723 -17.76925021 3.317304574598996
12.361571785 -16.747285241 0.27929395635844845
11.122140894 -11.814057519 -2.135373385975848
11.280653255 -15.002144409 -0.2221483228860608
8.621785062 -10.565950973 -2.6083466821564762
10.866996604 -17.366102855 1.9552968207236017
9.359184678 -12.978124807 -1.9203740058422456
9.629166473 -11.032194501 -0.8265180201596412
12.447979386 -14.342748005 0.3253661064702076
10.798693177 -12.325495769 3.907806399746068
11.219758014 -12.135762566 -1.58335111963284
9.384819229 -13.15214028 3.9084306818320282
13.04387038 -16.223528027 3.4056681147905223
9.882779754 -17.672977164 -4.868574368678143
11.516864304 -13.407773772 3.4175643697517106
8.667370173 -16.535996702 -4.647603444351791
7.039266803 -13.14544165 -0.25566625268545895
10.133339534 -11.658688604 2.175757883962212
13.308152113 -11.905047873 3.542399443871327
8.750762642 -10.39182557 -4.6517212323700505
12.345294411 -12.476371778 1.239216878748115
7.592897271 -10.941804682 2.502796534541906
12.385090504 -11.953378033 -3.8093851002176757
10.194947929 -12.153629452 -0.9347746508648207
10.482365582 -13.94167883 0.9245387342159814
10.265611723 -12.966483799 3.062433791893909
8.615292349 -12.954219504 0.20772968575644501
8.104751215 -16.620720067 -2.4108011510801686
8.273077328 -15.603468436 3.6355436011077984
7.49445234 -14.530344395 0.24057406473808207
10.271838968 -13.685550205 -4.820045633808131
9.715544273 -13.173708386 0.19163001539239133
8.665252806 -14.585331351 1.7097404222322776
10.159159841 -11.161290371 -0.33864279836305755
7.302553544 -16.444457341 -0.7185046168509643
12.456538385 -13.620032067 -0.7285999384204169
6.235729406 -13.087540951 -3.477967142592493
8.430330252 -10.557973524 0.19351181460520195
13.096504433 -11.699352345 -0.8664807520692621
6.297813779 -14.509505339 -3.9962543608676637
7.934678097 -15.005108955 -0.757917105583255
12.555523107 -16.507913506 0.14583771626285724
12.396147538 -12.541720051 -0.1231480227376629
11.968388086 -14.637164611 0.9252331428465261
11.907375504 -12.163788328 0.4023629370046038
11.101075595 -14.696766057 -0.5748684285630459
7.257590047 -12.97138781 1.3687446160414805
9.74766879 -17.407905435 -3.67500662444686
6.477781409 -12.530842548 0.6973667582509089
6.924694484 -13.589281555 -1.3604847141551293
8.283738273 -11.626168661 4.0923600676000085
11.82201916 -16.72072937 3.7535429923395256
12.620557944 -16.772805632 4.689126812499582
8.92105133 -11.673276623 4.683025852632559
8.649340552 -15.556657028 3.7464806514300477
12.138619031 -13.222917932 2.8027254177223124
11.442457664 -11.686449734 4.597438529810379
12.575903116 -12.003692911 -3.169862122609468
6.09172342 -14.872505315 -3.3451439337353994
13.399605474 -13.384360716 -4.741665491329254
6.452163567 -14.973312209 -4.638598139063474
8.239848188 -12.480003931 -2.8948310748008166
7.751543571 -15.054563833 1.3542490899985822
7.98450896 -12.487001873 3.3805431888592565
10.391551465 -11.021438752 -0.7651991461334307
9.217090633 -13.340998211 -1.1201676853533105
11.428278301 -10.45257613 4.679406345884859
9.978501572 -17.014152033 4.669321635793819
9.512495901 -14.317170937 2.989314706597553
6.481238601 -13.364632058 -1.4785804489675303
8.099446335 -14.618293734 4.606964884202945
9.248724562 -14.187983183 0.5051521495633873
13.027751836 -14.314640321 0.5089851811800861
9.440467775 -16.006246753 -4.3382122693059255
10.185223801 -15.502073262 0.17650033306176116
13.08708945 -15.56856685 4.3197612473583025
9.332405961 -11.576080902 -1.2544174849607104
9.487454205 -10.392325606 1.4783393325346639
10.379161033 -15.462900764 -4.2738990728111865
12.545047666 -11.303090255 -0.3728153359565347
6.891900369 -13.511016134 -1.763139488135832
11.567884909 -17.52251272 -0.653608004544596
12.220272368 -16.583682893 1.9820027674020535
7.693085234 -14.021085696 3.1128547774206297
7.632569159 -12.157994584 1.5208478059640909
8.318138878 -14.886932172 4.4397676744376895
8.951492101 -10.861322959 0.7740532166639458
9.808065372 -16.961725855 2.582239756728603
13.699354512 -13.315524801 3.664174435141872
11.229761905 -11.461380335 -4.1215862639962495
11.587095795 -12.147012412 -4.8041286530320315
9.876052646 -15.129423874 2.949289481156404
11.354077755 -10.281920076 -1.4583663673365042
8.646795585 -14.767582749 -0.048264689519513126
9.688816852 -17.660441391 -1.158942790540416
9.787370567 -11.105266294 -4.985693918557215
9.700459358 -17.016421575 -2.537644202538878
7.657293663 -11.655898036 1.379014020255819
11.940181905 -13.720972234 2.197416955258732
6.166513703 -14.722410236 -1.942461311028679
12.91085419 -13.561373542 -2.791415770866154
11.715761249 -15.961732105 -2.592306154526397
11.09943288 -13.575132176 3.8629854529797374
7.21616022 -12.298553837 -1.8978725699337695
8.400803991 -11.929125794 -0.15301658426682785
9.469961427 -17.531919813 -2.4275024402920486
9.763934511 -12.246515566 -2.5963923400238897
10.874144627 -17.696540898 3.856807051465399
9.656535009 -11.058958635 1.845054644828922
7.538534505 -15.906303047 -3.904379937779372
6.787851268 -13.699487461 -2.9063839826415663
12.321409079 -11.993397852 4.490306021093701
9.583073458 -13.797616725 -1.7919671754165565
8.221780859 -13.613945498 0.1228627000743634
10.881554168 -15.752803665 2.4188621666204373
10.534795392 -13.454239702 -3.2204603309662727
7.264923274 -16.204541276 -4.0561620746832325
12.946005486 -15.499649788 -1.5406668034713586
10.505606349 -13.772736763 3.010418139382514
6.396464393 -14.042661342 -4.240146193819291
10.37710571 -15.738598275 -4.587330854811197
9.688392056 -16.127204401 0.780937120682065
9.850544759 -13.653187812 -3.9237308905999315
12.732583226 -16.337010778 -4.373897161820662
6.642624124 -15.702874602 3.6278289334716654
10.92831756 -15.787616272 -1.8093279261320863
7.420812106 -12.643451766 -4.3697014720687175
8.900546642 -13.104355774 -2.688483350740519
10.642352125 -10.232933806 4.956700748147979
10.897249303 -17.724108503 2.4323092425894943
13.194769421 -12.177603961 3.019941932715991
13.55154708 -13.122544004 -0.15569131940124237
12.83896759 -15.170338031 4.164010560900966
11.558725886 -17.228100416 -0.7155477129780374
7.834769018 -10.527705642 -1.773774989824318
9.474287574 -16.527143466 0.9537748136955679
6.722217068 -12.780051557 -3.8377757809146207
6.670468006 -11.897206027 -1.0534856335152396
9.966183118 -14.276681689 1.055232592608589
8.128880289 -14.650570129 2.321942166520257
13.143221714 -14.966835374 2.4317356359868594
8.711980398 -17.068396331 1.328049558480135
7.481406278 -12.839026885 -1.117112956520765
12.479761765 -14.156500734 -3.9043362772880617
11.863965489 -14.884868643 -4.402710110071441
6.27203271 -13.31072537 4.311558963330594
8.795424862 -14.253091558 -0.9281605033643325
12.150885865 -17.187615525 2.5680741345231155
13.23272413 -12.426034472 4.196252557567826
12.48280024 -16.239794161 1.1098863356615603
11.545469612 -16.5704483 -2.205522048757498
11.107537636 -12.676813714 -0.2783942727373052
10.01191957 -17.106368717 -0.17977101464932765
6.775607031 -13.098208895 2.852610514159455
6.839045586 -11.56364892 2.0291851327595616
8.457206375 -16.352909376 0.47048358496072584
11.726448732 -10.445818895 -2.2525399473460417
9.786140893 -12.381347875 4.1963745508582555
9.530863342 -12.633271412 -0.7623900364710376
12.185690102 -14.150199158 4.908476275068315
8.829805523 -17.75680318 -3.728727909055991
10.377306274 -10.465603896 -1.2457849750166226
7.568653043 -13.47272705 -0.16391228819902892
7.022557713 -13.381846729 1.032042662541456
10.685293944 -10.515639083 -2.3064496451475716
9.07736169 -11.327491541 2.400768990736985
11.280929908 -12.132727867 3.74574586334022
7.977140716 -11.710346856 -2.5019270483829734
11.095490466 -17.428901855 -2.02261237524901
11.900787284 -11.475051724 4.9946967205514134
10.390477189 -12.434746666 -2.8184708971858177
6.741154191 -13.385674811 4.005850225708979
9.699738637 -15.269806125 -3.005677255719046
10.589279597 -14.157971135 2.311343658565179
9.06359722 -14.38158529 4.747240560254317
12.223415419 -12.62397858 -2.012160449113675
13.186736435 -14.905028047 -1.2441936162215441
10.576387754 -17.53064035 -4.606509164031525
8.224599207 -12.790571446 3.1713006005908912
6.130247969 -12.622136218 2.011382500448109
7.476911157 -14.943314309 0.29409396110803065
7.417696727 -15.983222264 -0.9018669470802267
7.830595437 -14.485384116 1.1023687765551937
9.248395357 -13.058864859 -1.7110117834763483
8.746126777 -16.037942453 -4.9803276220488435
9.918666381 -13.079160912 -2.1269022348557542
11.242795118 -12.783391851 -1.3866584165219962
12.007944192 -11.890985649 -3.2861491650396757
9.100999687 -14.64711957 1.0823274032362882
9.656263959 -12.220232497 -1.9022939559037577
12.393303166 -13.745565541 -2.01657788846049
6.453044157 -13.051651698 -3.2706007955548646
8.638609647 -12.52853301 -4.254967505126849
7.965309792 -14.486773579 -1.9291939428063198
7.814138404 -13.395779384 1.0405545666292015
12.23041255 -12.241185327 -0.4882818265077038
6.637221028 -14.004721113 -1.0783381423463978
7.294315076 -13.492178467 -1.2163651474362824
12.051991735 -16.675565178 2.582799853651875
8.057420847 -11.467272546 3.372291212938192
10.934298528 -14.92696095 -0.025286086181210088
11.500998486 -15.70418486 0.37131148211225184
6.709780138 -12.227226751 -1.9678604458000502
12.56448138 -11.972538099 2.3620088489832636
6.370463563 -12.307264089 2.1871980500445627
8.015534788 -15.806923442 0.12613128516695937
7.715729532 -13.708840578 -0.1569377640593208
9.515155935 -16.341011907 -2.789389158973581
8.238116484 -16.990981313 -4.845105283431865
12.712669871 -13.108707529 0.17750433862079618
6.664315772 -13.972872386 2.166454705476484
9.689978269 -16.522230652 4.67022389996057
11.240308923 -12.911136069 -1.1019063422007411
7.35309733 -11.088608436 3.926357631281416
11.981366659 -16.551759936 2.1903129474994127
10.651415203 -15.103415861 -2.869684816264212
8.390966304 -14.138777154 2.616546657006401
13.306610741 -12.46253305 -0.47302170722060755
10.767911109 -10.682328993 3.880162899487953
12.270828377 -11.409438708 -2.083399895822824
11.419750167 -11.111254555 4.97061367556884
8.977313448 -10.269606849 1.752841245697656
11.432910341 -14.755352336 3.82667466465613
6.22684247 -14.477615719 -0.10679767709897625
11.440449512 -12.856642253 -3.123221754183312
11.129752788 -13.405613942 -0.018420243370894873
9.061717947 -14.881785614 -2.6040294777721176
12.778605072 -15.64711917 -2.067494616261565
7.945388842 -15.172559208 -3.803960212680039
11.650403279 -15.878211846 3.9286360870696626
12.16404864 -11.505017989 -1.7105396961033756
11.329216877 -11.502474201 -1.9639806951493588
8.044949375 -11.583612833 3.1855909652117713
7.347344217 -16.895387782 -2.469533237748199
8.630795064 -17.240668539 -0.7870872842311369
8.839649731 -16.114073554 -3.1549847625277563
8.965193286 -12.704248546 -2.796314902356637
8.774476523 -16.839651612 3.4892340510384763
7.350064508 -11.857764854 -3.13921852222381
9.981259145 -10.418633902 2.480805288999454
7.95326254 -11.926476454 0.04622037924266831
12.654397663 -13.837939331 3.915911711814994
9.179349193 -14.178331157 -3.92184932248358
9.278724215 -11.830311721 3.8194646802632235
10.609419823 -10.067633094 2.168345105734483
7.803258558 -12.222055064 -0.2336712173332245
13.273984378 -12.242103835 -4.303884987891692
7.99997835 -10.421572844 -2.463953474454362
10.019128675 -12.931426926 4.9047655955171106
10.064327372 -16.782844133 4.417605342077884
11.34811194 -13.118152429 4.325550980237397
12.012261949 -17.113708978 -2.1397822870753513
11.537149906 -11.639780224 -2.1845423472754275
11.590244728 -11.498843339 3.3431998802581226
11.629290284 -13.846526401 -3.205065285848142
7.986445432 -12.740441693 -2.935366376224171
11.243601838 -15.383688508 1.0411164975602993
13.274982434 -15.525311491 2.713571228298907
11.897933677 -15.048340804 -1.057997617930094
9.524612122 -15.545142826 -2.253897855334884
10.940677274 -13.004764685 -4.615196701682136
10.141993229 -12.70417553 4.253656084429405
10.105638694 -12.654870309 0.7150784637670249
8.51874951 -16.912500021 -4.467493869329716
12.432536467 -13.023553217 -0.87670560190631
8.224814815 -13.668932415 -2.2686456620380104
10.230757457 -15.014658479 4.078985822001508
11.590358571 -11.441393485 -2.8332017271353727
12.000321204 -14.288376951 -4.670672430803363
8.212500491 -17.250746857 1.934538750665257
11.828895651 -14.082963738 -2.034648792533147
9.079437053 -15.842093599 -1.9220909639630026
11.446227983 -17.476067667 -3.235025884694319
10.645532733 -12.541691654 -1.1383582910842538
7.831016442 -14.819568541 -3.587316765897003
11.063947617 -14.609340191 -1.9417158868556825
12.975795928 -11.368359986 2.768824593222563
8.995429957 -12.004929608 3.2422887085134278
7.629079078 -14.473677177 3.306087100396727
9.677264222 -11.315684509 -3.9680032629837902
8.724195624 -17.268768576 4.212979532084285
11.941377471 -11.280430817 -1.638686030441383
11.929934442 -10.632849763 -3.5389408802739784
11.845526977 -15.144981998 -1.623404495163979
12.057171707 -15.90194298 4.258433725115067
7.940245116 -12.952856745 2.101997004967301
7.620787448 -13.967898805 -3.6686905171582884
13.254504245 -15.351253337 2.052230273690263
9.423027289 -16.914750389 -0.34887209096616356
11.418774604 -12.683369368 4.520552513278529
10.794795591 -10.280553679 -4.248265061813978
11.98918689 -14.694481056 -3.7169829235796827
10.08577586 -11.035641577 1.015318090144599
7.946867466 -13.421000911 4.361822807112667
6.213632177 -12.848512524 -0.29275437506017
8.807035737 -16.440362446 4.973428230766556
8.294654753 -16.791730029 1.5152894653602296
7.211553972 -16.459201829 -4.0538632164089075
9.990464648 -12.175828265 1.2114461386533995
8.354670602 -13.733519226 3.2861483412960286
11.576268078 -16.85987904 4.033540860090412
7.562938111 -14.713750293 3.673432984524645
9.104955075 -14.81639297 -4.176137102159144
10.901559721 -16.594434555 4.701027467564986
11.818631796 -13.951617569 -4.501653249601322
10.047110936 -11.042074644 2.3041065547245925
7.921476511 -10.723161852 0.7396075936290742
10.357229988 -15.673928323 -3.243302355171731
10.564192337 -17.504018966 4.114407656947023
8.562634233 -13.290234692 -4.773699024145003
8.717204613 -10.181291286 -2.114326252349903
10.667177309 -10.472035965 -2.7537454199878884
11.924147492 -13.93212839 0.6835404518500434
6.201442705 -15.313923708 -2.0085030586912267
8.629718323 -17.214330097 2.4213812110072634
9.665579078 -14.160166785 -1.1091894011133085
13.382219618 -15.691463174 -1.8142647544848511
10.80590813 -15.790548941 1.4097691216985329
9.159886806 -13.192436564 -4.2735874250879196
7.874368822 -10.660510285 1.756293541574144
7.554190779 -16.78808955 1.8808786015537606
13.249233235 -13.383102759 2.608096480192831
12.333357308 -11.095204036 -0.27450968042926505
10.85213619 -10.867201127 3.819897121517675
7.378945186 -16.00065531 4.58418304299663
6.696632957 -12.324750424 -2.596453515408058
12.451126877 -15.037461697 -3.491674807714115
7.016112674 -15.098568705 -1.445166942540288
12.351981825 -10.93806827 0.589679596866473
10.049036489 -12.97653555 -1.2288260696411077
8.594124393 -15.159528532 3.505479004695564
9.8374353 -15.376148103 0.8037854099041848
6.740698283 -15.360057669 1.5093204906983102
13.395330061 -13.608552891 2.5172099284787572
11.526303041 -14.230478854 -1.7279866413853142
6.525533561 -14.319976073 -1.954529151654738
12.668221071 -14.703652096 1.404363839307
6.955645938 -16.128114681 1.9025391174749604
11.060245743 -16.846855536 -1.4312377083317407
8.086287784 -11.211181608 1.6435899787202608
11.420613599 -13.954281634 -2.5585846946646065
9.37882713 -14.427310356 -2.5943496496214715
9.607064262 -14.230321862 -4.5434481116636585
10.061703605 -13.677552545 -1.1774395768120138
12.519249537 -16.463080917 -1.2863238791185094
10.542064173 -11.110638946 -3.2944678406980477
13.55842399 -14.849590563 1.6899413081369454
6.83555482 -13.072891416 -2.622796445050005
9.773420083 -16.609719541 -3.3452976829205916
9.566964845 -12.773149221 -0.01589355357958233
12.192333296 -13.495689418 2.4380045767868133
11.213866297 -15.950223268 -0.8230953260520497
9.887627028 -10.105907859 -2.5789000388188055
13.107965122 -13.69766727 2.2409393460152183
10.249015098 -13.611714678 -0.8141891854265442
11.742488454 -11.459054483 4.144938821120451
12.424882906 -14.829548934 -1.966734717182347
12.921948065 -14.321967405 -0.04249975458275301
11.410717653 -12.922478425 2.4934206189627357
10.356115626 -11.94157502 -1.6566429048570441
9.316970649 -11.454791406 2.138255816355378
7.575883257 -15.01102265 0.46244663139365194
8.793584661 -14.364748167 -0.6525951331705491
11.001489019 -16.167132406 -4.024992555510783
11.76262824 -13.914689598 2.120821135308195
9.079824344 -12.573052105 3.377679315336392
7.516860794 -14.784752347 4.75972919819954
10.782569127 -11.502551049 -2.3577854603104864
8.667213714 -16.525133689 3.553453063395315
7.182225217 -11.91654345 0.5625924431835898
11.229650709 -14.098916018 2.9149977246549854
9.009658502 -13.654805533 1.611960476811456
11.539856756 -10.393184335 1.6921249692975096
12.107607663 -15.266387065 1.336517670792345
10.586305153 -13.429949289 3.0398761809901824
8.670206507 -17.23270365 4.608871052900547
11.70838653 -17.232318812 -1.7355297855243066
6.930113037 -14.730859177 2.8013199172590486
11.046410773 -12.086369916 0.08039985754199108
9.228860608 -11.094831438 3.2552126661222704
8.578872491 -13.513727926 2.798627565952315
9.522655165 -13.153956804 -3.927120623699887
11.13126135 -11.819898692 -3.839544219856049
6.541234502 -13.957660655 -4.449504908960039
8.275212533 -12.242365213 0.33971442593168
7.999910656 -17.149128786 -2.0325462498122593
9.350838906 -10.457297472 2.939890770392016
7.535879281 -16.382326255 -3.265959796024486
8.517488322 -16.150898264 3.891667935468396
6.526462456 -15.57581333 1.740376064717049
9.143277483 -12.190387964 -1.7565898640764965
9.013623437 -14.653168223 -2.7395175094811286
12.390487787 -13.204253428 3.420110948396564
12.670662111 -11.853523085 -1.5796350287330094
13.307926459 -15.236700758 -2.8735592792614706
12.456465424 -16.654051601 2.2725440103193097
12.381488411 -14.784912046 -2.8619764007204553
9.104860509 -12.387658928 3.2931730251989073
11.70760453 -15.413864736 2.5367863564796034
12.026350478 -12.476063113 1.3927246366620647
10.752530924 -16.576572898 -2.646320847911613
8.88669974 -12.960036775 0.8045499773147746
12.816851434 -16.016818835 1.058113902938981
10.957573079 -16.208996965 -3.9520693018302344
7.181529985 -15.318590458 -4.349972595327088
12.862552411 -16.395549889 -4.505454784825057
8.419796116 -13.976674122 -0.20902391983466373
13.710805559 -13.1980758 -1.304872950810739
12.420830516 -12.006888818 -2.120327242841867
8.803846176 -14.099010939 -3.2679491782279637
9.952657971 -13.898517715 -4.8834860435740435
12.107015992 -13.210141707 -3.3818901640641617
12.015649815 -11.541283623 3.4405630382102306
10.211946499 -16.34531547 -0.12989080090486738
12.608654318 -15.021281713 -3.283534444696911
11.006739179 -11.088590064 4.115324784779011
12.511366883 -15.448772848 -4.867913666865963
9.203809535 -13.490468144 -3.941389458309633
10.077414164 -16.81639778 -0.4876382796038552
6.954901356 -12.337169387 -1.0528003073772996
12.97382157 -15.386101931 -0.414944065927215
8.101387819 -16.261386198 -3.267331550606353
12.006223117 -17.18514251 4.779082886428938
11.073401735 -17.582353634 3.625625291709378
10.236159873 -12.723998445 3.706054367559929
10.51851074 -15.33385615 -2.332940308499587
10.664694516 -13.942258814 -0.3775747814311572
7.653385418 -17.087758729 4.035533165252801
13.69301518 -14.091197468 0.2918998658176619
12.876698705 -14.727510704 -0.33668840748078566
6.849941844 -12.063547078 -4.582045289326305
13.058670806 -15.622629951 -2.475077625211528
10.253207672 -11.842809897 0.07629929611656205
10.455556223 -17.567977645 -2.5398539394995288
8.363920133 -11.777022528 3.3586559930399833
11.364361263 -12.049353973 1.338375727881015
9.491033275 -10.150326915 2.1536111807784595
8.018022514 -13.203904393 4.152251546653767
6.237125944 -14.359996313 1.884480817564147
9.231611416 -14.329298137 2.0813948260633737
8.245161602 -16.516638332 -2.5295654938360803
6.741375275 -14.146554093 -3.9912966907859615
11.053320777 -10.725891526 -1.7259698043241856
9.548502089 -12.349782792 1.5652047713799746
13.433157094 -14.358843668 -0.7146995526982796
11.834101622 -13.344301466 -4.200521881048224
10.68732625 -13.351206844 -4.704152015013351
10.334241977 -13.745698492 -0.39726373863106446
8.753812425 -17.432697253 0.2870948257340613
12.358130928 -15.583422366 -4.526538449428567
12.376969225 -11.019085408 -4.818657139921646
10.324042124 -14.012512223 -2.4880732135120267
10.327657085 -10.45701113 -1.4233593057551888
7.218622239 -12.390227572 -1.9475657568015823
10.782213375 -16.222559393 -1.7480209097113897
11.509965368 -13.851394265 2.770058046678483
10.996023921 -14.278078294 4.641239453071803
11.536217516 -11.170142364 -1.5192007693671696
11.753767943 -15.029195928 3.116370697328124
9.973908318 -10.815849659 -1.262245595363459
11.118520826 -13.343453874 3.2475400873528777
8.736723147 -16.401815479 4.087077601083122
11.883536651 -14.67580182 -1.9737947107355835
12.596373344 -15.470055314 -4.042017820370678
8.360783426 -17.181194367 -4.386649751689694
8.435908951 -14.883283086 -1.4615560905503044
9.852663039 -17.044702233 -3.198152961165653
7.674123521 -14.431230166 -2.609733990533518
9.238703869 -10.878852892 2.937230561068046
6.488596926 -12.033407114 -2.1559821207351195
8.052127991 -11.859816977 -3.7512614518368803
11.212624082 -11.401127348 -0.927126796747344
9.253279905 -16.112730511 -3.750419268875016
11.927046238 -15.611821584 3.6897174123260825
8.815398159 -13.098940516 -4.976224920024135
9.260311695 -12.742298701 1.4617385706693398
8.954405109 -17.733066347 1.7134129955264088
9.821158188 -12.112852833 1.8444277252713857
5.999860955 -14.41345045 4.542824534056699
9.447986785 -15.113530432 4.65200015000131
11.09346325 -15.554305953 0.9537459297613271
8.541413094 -16.690655985 1.745699754236365
10.120723916 -13.052195841 0.48831118529189776
8.800356278 -15.251347533 -0.8718744571317592
10.264545629 -13.451256042 4.316006804017922
9.055858011 -11.285855986 -2.9362838481555062
7.755045973 -14.130949707 0.22131849329400488
9.8866326 -13.651952681 0.74552949774366
9.775560863 -15.353092979 0.2880877276443776
7.845538847 -10.58150601 2.8978519353429233
9.476021011 -12.096275072 -4.437035229182726
9.774579036 -17.049004262 3.43951968566237
8.083438778 -15.790082999 -3.6669264459315976
6.216841652 -13.040811257 0.8527880886310468
11.418957845 -13.198529538 -4.854359914738015
9.729205427 -15.382417471 -2.791387063575698
11.018244966 -11.303770603 2.0563067398754455
13.55780926 -13.173622323 3.3203330891858815
9.837177483 -11.951364003 1.374170758944775
9.800848773 -15.93988219 4.757995584309247
7.672705964 -10.873266219 -1.803462939967766
6.859164427 -16.070239242 3.5703229621539023
9.384846627 -16.647509297 -1.7869371456700476
12.50286994 -15.153050446 3.5369463939533414
11.95723284 -14.545185131 3.528886844444024
10.750467778 -13.338523814 4.4147098230650315
8.997282675 -12.623162962 0.6585330085955139
6.59588544 -12.405809874 -0.8332064237080683
7.085469404 -15.908392991 -4.864833479016224
13.245880062 -13.611046812 0.47151268692497617
7.76302296 -15.732822222 1.6162892601093626
13.030195219 -14.580028995 -1.2003187140646565
12.710644615 -11.461389104 -1.6174590873910644
9.039695702 -11.109818203 0.5089755041894168
9.063904357 -15.99195567 0.3141355719225558
7.911817788 -11.999737462 3.6578910802434716
8.527113709 -11.11807329 -1.997543045032245
7.818461826 -12.824624789 -1.4894107532395529
10.821926134 -15.328217484 1.5794508103955032
12.370850999 -13.149808546 2.464100252167957
9.291872203 -16.947092895 -0.01854077086876238
8.87876258 -12.596198183 3.5266036242903187
9.126765281 -15.131659511 -0.8404428924602989
9.156865908 -15.786133095 -2.295682467852397
11.701796174 -15.932305858 3.3583303070336807
7.65217774 -16.96584415 3.5140259513837417
12.423328562 -11.85893121 0.027022652234212075
8.541299143 -14.614515112 -4.766067582319086
10.751068128 -14.609487101 3.50353646708861
10.448190181 -16.194103778 -0.011204447228037928
10.278610067 -16.023325287 1.377906432203706
8.010933545 -12.29656098 -1.062873530570517
12.19673805 -13.08868307 -0.6892569388448528
13.176309992 -15.245041984 -3.9972591650766667
9.280826314 -10.778515192 -1.0918632540421247
6.166991186 -14.094153139 3.5425537312692192
12.054603979 -11.51617202 -0.19798569972233793
9.370674755 -16.121516252 -2.451250176050742
7.714309551 -14.027452459 -4.228708367565865
9.032298706 -12.603763407 -2.4102898208624612
8.526900729 -12.377187669 -1.7003933373164348
10.426693632 -12.654605388 -3.232027919069067
11.63741603 -13.390868249 -3.7573723183991015
6.946019399 -13.667809087 -4.784864295547521
12.118141438 -12.447099789 -1.620146771032255
8.796523136 -17.231596629 0.8244926383614359
6.644666618 -12.605269075 3.998349690183165
11.796889701 -11.118241991 -3.185537458385431
12.710255016 -15.604576178 -0.2906804715337499
6.105630977 -15.14749928 3.1059844952081797
10.893954304 -10.037046448 0.1947176197360454
8.39767749 -13.697858004 1.0184486175923189
7.024099014 -12.072535692 0.7631399178573357
11.571142612 -15.365841436 -2.703417916509827
11.752753245 -15.785573246 2.695066036907722
-2.521824666 2.144943174 -1.3010425870989017
2.489368616 6.2250913 1.5533501137086834
-0.715271878 2.915350734 1.5648464929247226
-0.590705998 0.615846238 2.6298321700699816
-3.55369418 3.87327413 -4.88811185067552
-2.124026753 7.775365494 -2.223691884824195
-3.902833964 5.725750522 2.786656043692389
-1.344677454 6.816419403 -1.9274924608297583
-1.757536293 5.044304808 0.2313329355995064
-4.11202332 3.92172362 4.8901927476033045
-2.418538477 1.7621319 4.6118703294353285
-1.909083606 5.674784211 4.536457260526701
-0.390919961 1.524766122 -1.7721461100196843
-3.409349416 5.930872313 1.234851442880478
-2.783667695 1.437203738 1.6350018886739655
-0.618489343 3.130831619 3.03384240813196
2.806709157 5.862288672 1.8036145315272822
1.226694205 3.714063512 3.1875328230785236
-0.286582953 2.668647318 -3.9713334309103745
-0.00370044 4.376866167 3.857738316974565
-0.337425582 3.232076407 3.8407618963175736
0.284140246 5.633952092 0.3691966596644978
-3.505921479 2.131554337 3.4018367981957276
-3.997764255 3.889362527 -4.3441449147023885
-3.285131804 2.004253521 3.726992207468145
2.511008249 5.128228383 -0.08239048477905442
-0.5648054 2.87565077 -1.707078407259889
2.848344969 3.884787561 -3.337834539350969
0.996260763 1.189348199 -1.6780359076137499
-1.908636095 1.152394218 -2.4042214654576366
3.733076823 4.894372856 -1.105400948590832
-0.05632901 6.158552467 -4.349221558187634
-1.11284326 1.348899619 4.536415597055797
2.446380407 6.640143015 4.715746225909523
-1.769254119 1.216188353 -3.3781405831405165
-1.963852399 1.221847397 3.3112024166560126
-0.331424575 1.069187185 -4.049484431499537
-2.154894447 6.224109738 -2.1689706926154217
-3.570843344 4.435862006 -4.509179920381728
1.529806263 5.472941702 -4.066674462303345
-1.151068232 6.432287779 -2.4462532135024126
-0.729528006 5.482016432 1.3478975123791752
3.19384546 4.731137874 -4.648644672052795
3.465718638 3.081503497 2.8952625963433025
-2.948331391 6.833341577 1.1775860626234858
-2.397077777 7.019955239 -2.796271962052461
0.546493357 7.643678079 -2.1709226375748623
0.630715306 6.439811837 2.1961260755580705
0.435486755 7.583254508 -2.561856128716352
-2.163420268 5.225899499 2.461829851179907
-0.09815042 3.81686022 -4.434818377966602
-0.408145054 1.547058522 4.698919831102435
-1.354561898 1.655200488 0.9230437243841738
-0.186673365 0.76279862 -3.492271287415246
-1.367842075 3.666192936 -0.7099507601990505
-1.702572366 7.091924242 -1.444552319458948
-1.632818378 5.485415427 0.9448354834085197
-2.425260656 6.517527056 0.3342518908159029
0.540567013 7.830786311 -1.9681514319382085
1.029941007 1.9643526 -4.9852590450287515
1.746784635 6.350899093 4.673994949763422
0.654945774 1.910497448 1.6343373239389738
-2.0201573 1.1469507 -2.924737543718907
-3.616149201 5.849074923 -0.37214244919865447
2.287034701 5.954391224 -3.8393177936629987
1.601773779 7.237174062 -2.05253510367438
1.413504888 7.14489877 -2.817594008296387
-1.737926456 6.551717632 -4.89938137308012
1.743508053 6.820899693 -3.3571874216060236
-0.542533024 5.841723023 3.058616469384498
-2.872801196 2.418702181 -4.289722882530251
-0.88579767 6.181214377 -4.219751512716108
-3.32957992 2.57528781 -3.9507677325295054
2.505595155 4.706316471 2.857666209120807
-3.202941717 5.977168926 -1.8735971158850084
3.230693095 3.187224143 -0.5261371203611942
1.421191243 6.370329132 3.1972259354905415
0.742273862 4.234855447 3.404158153825609
-2.288148312 6.264407728 -0.31271483164380864
-3.011033959 2.980220858 -1.2491367458543112
-2.034655253 3.85430988 -2.58442155018751
-2.135045221 6.802040394 4.001526541613046
0.029823619 6.804526322 3.894366480045269
1.547733889 3.826830231 0.8285800680362723
-1.100397197 3.328767727 2.282105333677049
-0.073790252 6.599457677 -4.442687276610244
0.298164811 5.70748927 3.9484824126432567
2.7260507 5.558541367 3.7290473050775432
-0.615019513 5.158353099 -4.381822008782811
1.400435189 3.105021246 -0.7629776720297778
-1.667061795 2.668578795 -2.482540492890898
2.868849204 2.893928557 4.089651778407854
-0.07360266 3.601458682 4.665136944221105
-2.638197288 4.805269723 3.218389683689592
2.542302348 3.103688126 2.344161263970551
-1.191614445 0.871156878 -3.9934948837121986
2.737025106 4.466367891 1.7403075078925863
-3.74536685 5.747717154 -4.33470448400422
-2.550422756 6.061460698 0.86039788481194
0.592581185 1.613236077 2.083910974539381
-1.71441856 3.67961902 1.587957825887453
0.012436312 7.47120036 -4.660506415695157
0.321250386 6.810917563 3.3149402640565775
2.989576672 5.74835311 2.229269393753416
2.294308276 6.884151634 -0.8373644707712167
2.089533173 3.47318485 -4.506102670035931
-3.526619461 5.248977007 -2.943803021103213
2.415963774 1.413214285 0.9109875868725856
-0.069073043 6.969330969 -0.5014974711247273
-3.472272287 2.515081545 2.606874736365965
2.104876346 1.470847411 -1.1114449152234829
3.012679646 4.850368383 0.8020972304913121
-1.067258608 0.921635229 -0.55591955063848
-1.458152287 3.40119891 -1.8244364553347214
2.79166078 2.067212736 1.6359535955041586
-2.884409559 2.086248532 1.8245258468681058
-1.413612425 2.058177277 -3.538086701222365
0.679468739 6.62685628 1.4654395931589477
-1.857907128 7.5190485 3.1772887588883076
-0.753523813 6.108841082 4.986023568134144
2.804225479 3.324210652 0.23971991761670708
1.01079219 5.375256602 -0.500830266869202
2.199381941 7.175840953 4.291109548164666
-0.898238649 3.087589559 -4.055409435141916
1.690019112 7.43236399 -3.1444902858030224
-1.9727293 7.869668772 -0.4423665736741036
-3.316069935 4.218399015 -4.280857200878287
3.260646097 2.484846529 -2.7775982900223397
1.531481264 2.437166563 0.7923814504051414
1.49341849 6.294434265 -4.65056452035131
0.418088345 2.51288207 1.878674802208189
-0.798519703 0.971698841 4.281185199552928
-0.282018625 3.136811143 2.752017737366762
-2.361167186 7.611187352 -2.9314370849042817
2.317865773 3.979100407 -4.309942907832969
3.491614932 4.801090523 -0.8781497437498551
-0.740292727 6.982810625 2.6794179012566532
0.040334446 2.268957628 -0.8683877210532049
-0.688306502 1.290420028 0.44050658846324087
-2.342998214 4.635095795 0.9682530066989656
2.318056851 3.06122782 4.738439336215878
3.092691606 6.073419905 -2.9302299702863035
-0.002974496 2.695435627 0.26144790808245855
-1.051603559 5.683200223 -3.2224831762816275
0.491920692 4.958159606 2.1340926081583973
1.196641924 2.32656804 4.0848067500552645
2.064191908 6.486597842 -4.863459789626187
-0.930463443 0.708319726 2.571274671278651
2.093339257 1.754580968 1.6015242549116504
0.40110333 4.573248747 0.3734866599816291
-2.472335209 5.527244021 -4.505787953195249
-2.773178488 6.452699575 -2.1982041467702307
0.47633163 0.990341452 -2.8274809086485853
2.545534374 1.71341071 0.706039133551462
1.384836774 1.696097723 3.60540410234446
1.156038362 2.925210778 4.718646755146123
-1.415155148 2.456547907 1.051019150474092
0.765317862 2.250761371 -0.19969746827958712
0.551397965 3.111260161 -2.990528535650058
-2.264792796 2.855624002 0.7308296321317851
-3.633165161 4.874045241 1.9764565446533506
3.416874412 3.129497743 0.48097313183296464
-0.547301178 4.823224437 -1.815089554986721
-0.768236734 3.093587392 0.9925946071315108
3.335111242 4.70893657 -0.9159884668901741
-3.565109777 5.298326479 1.4616382442936526
-3.460110652 3.015229341 -1.4427414182911713
0.312161685 4.783624226 -1.5109659606382495
-2.137214998 7.250018743 -1.4164238665482207
1.063065413 3.593336332 -0.9921542067758562
-1.804955841 1.807286571 -2.138127415848592
-2.294482494 3.000007599 3.50511281674995
-1.13198714 6.397928177 -4.526168986357418
-2.263463303 5.488433297 2.438743972578461
-1.952986995 6.454474005 -1.053166524729722
0.545133982 2.132192347 1.8259744089341154
2.858701515 3.824291498 2.8542767752346254
-1.403198715 1.719127312 1.2946732823218738
-0.638177743 1.531593762 2.3105069521265182
-2.877324725 4.059270945 -2.60558855535494
2.236461169 4.638417783 -4.746635704359088
-2.302712945 7.649950842 -2.091237892895461
-0.672660912 7.805934938 -1.4134874088211524
-0.736430532 0.718703483 4.5298544765742665
-2.526471429 5.936156883 1.6769072567015195
0.332589781 5.506130566 -1.3797642612620766
-1.938614196 1.148215945 -1.5830842128909883
0.570360541 7.905049844 3.3028713652439343
1.396575181 4.888616739 2.7813532434073265
0.052275445 2.233793549 3.568464036991818
1.798131926 0.944972172 -3.8320572949607676
1.794563666 2.984432913 0.5172679294503135
-2.973625484 6.931187064 4.4385936919547895
1.704915437 4.324668558 -0.5966126758108068
-1.784175528 5.116089567 3.4364074668961067
-3.948159817 5.410625228 2.1104416138288897
-2.320427828 2.898511155 -0.7077422122256021
-2.890524303 3.228883862 -4.8958587561516
-0.303253787 6.91725631 -3.955036604751152
0.218206131 0.868966819 -4.782043955330292
0.632315486 4.432814397 2.564861995553203
1.91587473 5.982044735 3.1617845976195227
-0.081893309 7.611972157 3.842236952840267
-3.287863522 4.310739157 -2.3444084968033065
1.047984066 1.442527159 -1.9493444997050124
1.568210165 5.426390702 0.8023807532431428
1.940475131 1.98519107 4.058469786433795
-0.860013333 3.348029285 4.139709935241177
-3.644380847 2.989871668 -2.4376677100920494
-0.633959608 4.243474893 -4.1731659534330685
-2.363673146 4.544379427 0.9830067890703766
1.627798628 6.843239173 -2.010323680599959
-1.548674967 7.272134799 -3.8599644443951178
0.707785993 5.476655606 -0.9375472927443429
2.682677615 2.592700324 -1.8501545542219553
0.878067519 4.329866038 2.5232412506119006
-0.036149009 7.996267102 -4.189823026386139
-3.294634218 2.076328456 -0.367459450407579
1.840386699 1.2873802 -3.9211954848350894
1.380603771 7.74327666 3.2999496296780126
-1.996403927 3.695994496 0.6786243720704199
1.574155266 3.487922543 -4.035082294560613
2.159519515 5.794288898 2.7479275129938383
-1.589678061 4.148719621 0.9760206247564307
-2.653151219 6.71150251 -3.815231823390212
-1.447036356 6.869736437 3.9187213494951596
3.39733262 4.650278063 -1.0112920148473394
0.698057483 6.920805198 0.5405165977592858
2.948075399 6.423106049 -2.8211358960819846
-0.803804419 4.697295583 -1.7321376626757488
-0.114970397 3.024047391 3.4718616815139214
0.976721098 0.80448514 2.700971915007184
-0.840947839 5.36054099 0.9580599928659144
1.429504478 1.69320848 2.105055684365067
-0.944272397 5.125659698 -1.541067517759637
0.34247928 4.114006197 0.3433492496923378
-0.031026546 0.619060792 2.2158784992233613
-1.525173686 6.526684281 0.8126767749419139
2.812160952 5.865054605 4.714582081639627
2.93618667 4.013590118 -4.772908582540402
1.558715646 7.602565916 -1.4259525842267875
-1.149519851 5.177422611 1.868007233747944
1.562724713 4.706473307 -1.377333251290529
3.252765887 4.210505826 -3.5979957324256215
-3.664440069 6.280713537 -2.0693284039459128
2.045968286 1.638058782 1.2333407677026909
0.461315016 1.103587364 1.4793994654451756
-0.132559514 6.963158959 -0.26384717051725914
2.09120593 1.89329 -1.0341835818660385
2.460501351 4.802417595 -2.0604246102407564
-1.649624657 7.027930197 -0.4436929505603935
-3.528485565 3.11634093 -1.688099878947197
-2.40159408 6.410409309 -2.795989968391648
-3.158270102 1.883591791 3.820017063976998
-1.937217531 7.931323368 -0.023654099533416684
-3.622387689 6.19239262 0.1880902995185565
1.441081067 6.387090678 4.404180015678527
-3.275341377 5.416849271 0.309320014871842
-2.339309632 5.523042647 -0.7700652604004272
1.618196555 1.497909307 2.8474363613212628
1.393943391 5.144873358 -2.8001289875791704
-1.167641817 3.427586132 -4.5409343936813755
1.266696569 4.572376427 1.0517756397255118
1.359395467 2.293629446 -2.0364395815888106
-0.419453165 2.288130576 3.0940048295806175
2.490136708 6.850082405 -4.338773213621928
1.312047268 1.605811259 3.794153438837908
-2.912863507 1.750414048 2.620154220905916
-3.974193837 4.245432489 -3.030694810154545
-2.197295106 2.117318876 3.0301975551267937
0.946899759 1.755229638 2.1325892641640234
-0.497250108 3.44784423 3.6341668983286333
-1.266046098 3.382868273 -1.0189549281499044
-2.343472823 2.17885784 -1.630613052677056
0.746875038 3.066745088 1.363857309255713
0.537339287 5.027425417 -4.6722163541376185
-1.256129682 1.377590228 2.1627423609412606
1.496183953 2.769618052 1.7425908065645679
2.955337575 5.516947013 -1.668100208928902
1.79736988 7.463438235 -3.0390270424281374
-1.459156206 3.189254133 4.182149580256846
2.530267061 2.883487018 -2.2600616016885224
1.011001187 1.660296956 2.0110529446572496
-0.698550303 3.901564617 -1.8780333360561539
3.297866958 2.615235636 -4.144871485498921
-2.738024419 3.179606538 2.64462332678625
-3.795287408 5.492616631 3.3847133594309025
1.627301871 1.467012095 -2.476502420180824
2.898243007 4.30364322 1.0031064412273931
-2.346399722 4.963833513 3.0633646845325906
-3.814761567 3.317660596 -0.3901962231036009
2.308467891 7.141492602 -2.865018306722834
2.455425941 4.300571171 -3.605667648249109
-2.102492329 6.509864525 -2.1645571490131266
-3.199137724 6.620605197 -2.914605044274455
-0.347836767 6.238777953 4.582449577932774
0.239848404 3.807357195 1.38055158862755
-0.740825859 5.405495618 4.991414963334284
2.474859051 4.178938056 -1.944938755460842
-0.534470382 5.154126092 4.691792586385569
1.226379144 2.967898515 3.4986710544239212
0.69343062 3.604861551 4.277958518689047
-0.401948683 3.147761647 1.195310109234823
2.621850546 2.489472999 4.028678617687763
1.772307508 5.279959268 2.981661856875027
-0.4322626 5.518528911 -3.465326183931144
-2.580134213 4.816132569 -3.6739116953536968
0.596121005 6.20031695 2.4560866143675035
-2.003001337 4.083616922 0.13143212721555297
-3.647302166 4.282307507 -2.4360982420390123
0.744120616 2.497525477 2.7994170027731515
-1.754036546 7.246152029 -1.2327476689247674
-2.12193108 6.875451595 -4.404281887037223
0.347425169 4.507364029 3.579107986922468
-3.320147256 4.98500012 -0.94209687688004
-0.129806466 2.201566221 -2.700268098108254
0.812631686 5.792718125 -2.610379031882246
-1.898142046 2.415704244 -3.874034726909704
-2.635934747 3.977311202 -2.400610432872506
2.502777916 5.373028396 4.144717906608875
-0.860952617 7.759587672 -1.1264323201811521
1.486355807 0.909558404 -2.77186763239912
-2.14376362 5.874493701 1.7723584572356188
-0.489883179 7.006970162 0.958997986950596
2.057928613 2.846078555 -4.331255389888491
-2.513596558 6.084760737 3.009974801950099
-0.29122109 4.984885322 -3.889453321284594
0.047204973 7.233381524 1.7165105570517882
0.78518967 7.383594898 -3.3964176678279747
-1.192387898 4.499071414 3.7944278420758124
-0.722614353 7.697206653 -3.7875637572855636
2.081291212 2.01489021 -0.39608408590124533
-2.727578593 5.188293102 0.22419455783545406
1.599314307 3.018636362 4.958247351123111
-1.760578308 6.601423709 4.496547058268446
1.345872866 6.726237188 2.6225096496105174
2.047306044 6.378347255 -0.5610101651048556
0.498171899 4.986486946 3.3702660449273036
1.618561721 7.070813757 -4.389817482464786
-0.402277215 7.333689885 0.889622110608526
-1.481368058 6.033228758 1.4535153637694718
2.328992878 4.586465119 4.6822814239943895
-2.604712131 2.50405068 -0.8787007835707881
-2.05096847 2.399859607 -4.137867014281697
-3.343792107 3.754910326 -2.456750299740472
0.42007122 5.919085905 -4.931556022754801
2.402944855 7.263298966 -0.7295767837658076
0.853885798 1.392118761 -4.961585336967287
0.161125728 6.388415424 -4.2891547033676805
3.248091995 5.30768214 0.23994417630761244
2.513200222 3.644727463 -2.795214967265036
1.350977742 6.92758865 1.590846430027506
-2.116916786 1.448060812 -1.600585154079075
-0.227766091 2.594975007 -2.6126623814210017
3.403425577 5.661431807 -1.187264546956933
3.084399434 2.703357083 2.3534845854066058
-2.106204715 2.642056817 -3.4745645568984362
-2.536357806 3.14899215 -0.140809790178392
2.931291027 5.94886156 -0.9350420808191977
0.044654299 2.977490904 2.7023821924726636
-3.098957131 5.894197961 -1.8672323507184299
-0.200622715 6.441354308 4.550416515710289
0.645592918 3.181990396 -2.8903347627333362
0.621945529 2.310874162 -4.636866661429956
2.389905349 5.175636972 0.2971161048411215
-3.383849651 6.182569118 2.1581232892976185
-1.813356576 4.417372217 0.3604035621899797
-1.45439933 4.684651216 0.7621005814416719
1.908941495 2.45569007 -0.6500856027011022
-0.327589327 5.304305326 -3.986774528660173
3.019010423 6.207423722 -2.2433624404008956
-0.754637944 3.937942893 4.949648308296389
1.00918887 4.80548353 -0.40331912054560703
-2.431869802 2.867092576 -0.699700428212191
-0.947671792 7.087849473 3.431710424702896
0.301497561 2.967758824 -2.3499560316758727
-2.467800607 3.854941651 -1.184045220154749
-3.561764238 2.304468669 -0.16344550101561328
1.427838113 1.74059289 4.127822139376118
3.615192534 4.180695645 -3.622650337499752
0.352691689 1.713407039 -3.1723017582005886
0.234397049 6.069825406 -4.257264381733669
-2.979352504 5.293611631 0.004423963809603748
3.133715622 3.598546085 3.5139636357397723
1.13237647 0.800585448 -1.6869969956500985
-3.765312063 3.424034307 -1.6514426975096574
-2.348712871 3.278518952 -2.7154288275571448
-2.263421768 1.656943637 4.2444974700601374
-2.957745472 5.096237777 -3.5925823224730924
-0.047227402 4.826596203 3.2293748763392873
-3.883941957 4.589170349 -2.3662676181159545
-2.410440309 2.469404547 3.260908581171984
2.478508761 1.945716634 2.07714894426251
3.237192592 5.268816009 -4.289623427423839
-3.468191531 4.896614758 2.7022169590716105
2.002351305 5.448706569 -4.8076644781179905
0.898347537 0.865126153 4.52380903234465
-0.794398006 4.604447442 3.6657029858589
-1.163916687 6.010398701 -0.7979154094867056
-0.734407489 0.69736115 1.0148733261424105
3.461367643 3.145290109 -1.7897149587078252
3.354863766 5.539983925 -4.355279122903855
-2.416056765 3.770726866 4.633419412313026
0.166868269 3.197106315 -2.8043198716567175
0.88835315 3.863808389 -1.6043583485807922
0.559027178 0.742156239 -3.742485165180298
3.222920104 2.305127271 -3.9888415065410454
2.288960821 6.281285299 -4.053741586705418
-3.500863222 6.535227547 0.8469245406991908
1.593581284 1.994221346 3.9280165464856456
-3.319199489 6.702638095 0.9014851524821204
-3.574872789 3.091605063 1.422167523311309
0.00727871 1.082824275 2.820462670914795
1.777279133 4.351924973 -2.4471534148444096
0.61047774 4.281616646 0.9712939442618609
-1.607852641 6.58015542 1.6430004906188076
0.673895429 7.034845848 4.880219161501904
2.103483792 6.883245236 4.912394369189398
-0.095057358 1.270596315 3.348996621782117
1.40237633 3.209006868 -0.21376744714006612
-0.304696532 6.672992013 4.92362438442381
-2.357512315 1.481766148 -2.2723037949097256
-2.575367876 7.05554001 1.8447463503825432
2.895404253 5.252052191 4.961097890524055
-0.21650648 1.264733498 -0.8873421517920219
1.232063122 3.869831434 -4.549215643475671
1.80402076 2.537724861 -1.9582270649533373
0.774408688 6.63985297 -3.046489231678775
0.767986944 6.433168673 2.7011944756971715
-1.861765012 1.529649962 -3.734239286550609
1.947768397 5.808322471 3.4742449622867007
-0.975476695 3.417566286 -2.2728029399465477
-1.365166182 3.569026837 -3.8567988459133407
-2.480367309 2.769395261 4.5579434656770506
-2.448695277 7.407732102 -2.53370359567914
-3.553367315 3.616397711 4.004595072745712
-1.717303433 2.312553515 -2.97949473397765
-1.718182363 5.588599438 -3.6746537316253103
-0.554661675 6.637624993 3.105952006085939
2.432216498 5.533090739 0.03623141075929226
-2.296980814 4.381743029 -3.6130896617170793
-0.158326067 7.521355251 0.0572296391229159
0.639943082 5.245153756 -3.027679915149728
3.102365515 2.466564023 0.8346402318127124
-1.276932889 2.583347396 -2.339711635847829
0.416063987 4.757237302 -3.850707207538917
1.461689384 4.511236336 -2.9330710796212256
-3.274912371 5.4093006 -4.465323917695372
-0.348869748 8.175449487 -3.0852778629095545
-3.239576213 2.28150237 -1.726448804570464
-0.81526212 5.615350473 4.683531814526241
-3.034663453 5.585233699 2.588478879813999
-0.976982064 5.969957147 -0.557261226363412
2.068713068 1.293772198 3.1858489582145832
0.433126176 3.596133539 4.920169320590569
-1.345527847 5.505197074 4.940230725210707
-1.690647553 1.508557679 1.410260378571376
-3.555898512 3.817116663 4.4255084738216315
-1.250761906 1.829026724 2.9816664717121446
-2.929848814 4.817826312 4.146870107696627
1.080486452 4.955964864 -2.2066679611844977
-0.050451709 1.520169976 -2.2297701250330624
-3.85295416 4.762029098 2.0897158254700354
1.188699919 6.969559389 -3.3876798493238103
2.255463192 6.475017984 2.8824821438519246
-0.248212877 6.097793773 2.40899639880114
2.179254413 2.550163769 4.1565897844992605
-0.858265242 5.461204952 -1.5958517227775881
-3.775256025 5.508053348 2.2718917684420337
-3.090227217 5.812648629 0.7701215499390779
-1.427747026 7.290819611 -3.545460266875986
1.909263313 5.093056077 -3.2277994441061173
1.047225811 2.03121944 2.3024808167098687
-1.950346907 5.751859389 0.09594789001053172
-0.235632894 0.548006706 -4.544751246446404
-0.654338234 0.661124089 3.3150461962611892
-0.839079254 1.606738221 -1.8011061024435229
-0.41586582 4.738170852 0.289674690350914
-1.095512497 6.807668973 2.661232458938681
0.269291099 4.175234603 1.9202999008013624
2.237451346 3.694644201 -4.342596017048297
-2.788038732 2.083479811 4.526888871420079
-0.578855735 7.523294777 -0.6981734837510514
0.641864489 3.705520817 -4.71151015045014
1.748950767 6.988554644 0.15803711141287113
-0.729246052 5.481242157 1.0811688513462112
-2.87566567 4.600209693 3.27784178098511
1.810829139 1.352697367 4.660312191871716
-1.575333609 6.897026209 2.409908559706036
-2.984263838 4.884445068 3.1573834576678976
1.016639051 1.432634656 2.232711734780329
2.693132813 5.309371438 -2.1888286353683006
-3.508589475 2.806454227 3.0387399748585864
-4.023318827 3.309157769 3.3766496914856123
-0.433002038 2.487457367 3.0798023865701225
-0.588794501 4.094681816 -3.3896769587482343
2.336307701 6.65978221 -3.6497946224206723
2.064565958 2.274092002 0.7732659011522669
-3.602252012 2.625558983 -1.0101007398202668
-0.784097724 3.315859949 -2.295377595303724
-0.259255593 2.294368271 -1.1150203989896665
0.27086883 3.236731894 2.257460863110918
-1.65027666 4.745159082 -2.1712633845926996
0.249611603 4.068922144 2.682525944897879
-3.609920063 3.367212959 3.6466209709975104
1.218676992 5.949174176 0.25383756813912495
0.400708961 6.154944908 -3.5834356901533115
0.453518519 6.474595852 -3.162224557212814
0.685279597 5.889059565 1.0485369581139468
2.105728708 4.602470246 -0.2615214354248163
0.834711983 5.918508281 -4.302696237777461
1.611385472 2.529057355 0.13358029447489805
-0.727558731 6.44163844 4.363480914585969
-2.160516744 7.224800802 -2.988894820001957
1.145964496 6.654604109 -4.765551923380764
-2.262596406 2.918077483 2.844620148482859
3.603670973 5.024564784 4.635400139569729
0.431257554 6.211973041 -3.1565454353860822
-2.398835379 3.617219475 -4.051081389846493
-0.230059203 2.902392633 -0.5294945134197366
-1.898246215 3.520370688 0.21063479489930437
-1.009040035 2.874801115 4.038193941802469
1.017451411 3.281510956 3.829561429528285
-4.11620387 4.033835986 1.2461984541054303
0.379820695 1.526884795 -1.8409091698961824
0.869629645 7.313674793 -3.0921589094037003
-1.463591267 7.948848438 -0.9225749242335679
-0.321206567 1.855635245 -1.8694580303254082
1.422033819 7.200144271 4.534986293177523
0.852532516 4.691409715 4.722734631538955
-0.74470832 3.527107795 -1.7623396160575755
3.46827942 3.29759298 -4.030129062501334
-1.236561039 6.471491061 3.80060203955418
-0.771204681 2.550148421 2.047423102081096
0.877421729 5.768703724 -3.6561768911970374
-3.116223841 5.706984057 -4.121363633722779
1.686434109 2.862295336 2.716279488320872
1.242539142 1.658771001 -3.4798166888989437
3.348109742 5.741116498 0.42734685399910255
0.151671021 5.015424926 -0.06500947662520762
-2.461723058 1.422486171 -0.20013877038395655
-0.691318162 8.283459934 -4.703164958942684
1.757755057 6.788727195 3.2386146302019956
3.058049104 2.832325028 1.884387184538606
2.591771878 2.569670854 -1.107645725534081
-0.144581338 5.706640913 3.913766336904379
0.159852927 4.575083196 1.0460294228926834
2.872928345 1.951842772 1.7383466417407405
-0.132994292 0.403995858 1.8195125801636376
1.380809811 5.367935428 4.039357618177133
-1.393238939 6.236993925 4.163713714167217
2.637391476 5.735028637 -1.5488179167318261
-2.461444823 4.755694559 0.2780508159617838
-0.502082212 7.650395379 -1.5067783234376773
3.298692913 5.839546444 -4.225425395597964
0.618068174 2.080154829 1.950937603996083
2.503332875 5.693323652 3.0156193526488124
-1.813535351 0.906566598 -1.925058655493026
-1.841211004 3.104727954 -2.881974926137909
0.642163032 3.954009706 1.1664897220566157
1.522092098 2.328987834 3.7444819347163847
2.33653354 2.200575521 -4.790417274519606
-0.043497357 7.297687938 2.842228464205717
0.58185323 1.549334749 -4.506908629857021
3.402695179 3.234770054 -2.4871683624598417
-0.318662584 1.882381091 3.35322318041546
-2.585101211 1.630155094 2.3172195750550673
-1.486011054 6.518281493 -3.159946285569978
-3.211514718 5.555871479 3.537227793147844
-2.927036229 7.259458965 -2.809465674124697
-3.449555219 3.003045175 -4.643565006578965
-0.564631236 3.68059745 2.2060922671010985
-0.530191664 2.31610302 -1.8895798637956718
1.28953625 4.486657912 -0.1549421466383505
0.346846453 2.783442913 -1.816876212577394
0.789812888 4.769504601 4.355147539116768
-0.393166768 6.482843605 2.590613047544503
-1.519552867 7.576898222 -3.4220590758263225
-1.322015597 1.474002906 4.12786312185502
1.037117822 6.064425275 -4.741141240083535
-2.570532802 3.317976512 3.2482511483625647
0.460877869 4.127867811 -4.038584496248739
0.557915479 1.168705006 1.312544945134352
0.507709001 5.778972372 -4.174273018804437
-3.508125566 5.772974384 -2.9742785235046707
1.211095597 5.609284597 -3.370759218184628
-1.432890033 2.994306267 -0.2061798547704532
-2.450082705 7.106966929 -3.271467366632513
-2.362684806 4.936229776 3.686485577862298
-1.410013811 4.764038359 -4.480647864069312
-3.853196927 5.061151491 1.9324951491454616
-0.210747215 4.930348052 4.942386192192906
3.235592843 6.067123055 3.619130391260313
-2.722545269 6.900267474 1.8418467020382048
0.501150971 1.948373719 -4.425360490066859
-2.090286725 0.959364178 -3.11025975095806
0.947334897 3.54963105 -4.659606636842202
1.181696066 4.007880184 1.58624582430138
-1.365257247 6.582376188 4.890992458838392
3.317859304 3.859200071 -0.37150990821680274
-2.169842027 6.148694595 4.924517182396915
0.610739821 7.649724768 -4.282373402383578
2.779699471 3.840626477 -3.8867291400637605
-2.791709761 3.123704001 -2.565478735315639
-0.919925549 2.488386553 2.171493973587392
-0.501846918 2.603204219 4.483030316191289
2.539387373 2.899277624 -3.848765187465062
-2.655738985 2.357249429 -1.566458440714694
2.000848318 5.955409813 4.659887079901397
2.639755808 3.214410685 3.9815536963620435
-1.504239477 1.558485169 2.7770469692518454
1.805538592 1.674599208 3.3194238204118136
0.464354144 6.952549819 2.7957526491632017
-2.19043954 3.67029307 -4.937915171740807
-2.633551427 1.723989763 0.6862476455839115
-2.219234821 4.205552066 1.4360516561557457
2.009015791 2.585615048 -2.9215228325929465
3.06189945 4.580884337 2.8936956244844882
-0.778941105 0.751755887 -4.157782547323184
-2.469821849 2.645975019 0.08994779583078394
-0.376062722 7.44752858 3.761498556721458
-0.303857281 7.673018848 0.698243834945572
-0.537759905 4.792030567 1.1587127808835582
-1.211120272 3.228801364 -0.6393542250457855
0.638550511 3.071098255 -4.503433198045008
-1.123304482 7.506218368 1.5860699876985782
1.804670269 1.046725556 -2.7817760089383436
-2.840353839 4.337113274 4.622922916516197
-2.040984831 5.413803628 -3.3219889133553204
0.909891338 5.025867964 -2.8105533257538786
-2.85590037 3.007716493 -0.004431906083680381
-1.63269287 5.683911999 -3.852130417029198
-2.452066391 1.733103821 -4.729304726398742
-2.03264132 7.610731307 0.20086144566183517
0.288726327 0.627710006 0.10180863759203085
-1.631043215 1.622514192 1.9124424398413051
2.183649829 2.987887313 -1.4639792189151102
-0.2285519 5.596388102 -2.2888322770415614
1.279696853 6.091305746 2.359068780152535
1.301824851 6.041892532 -3.780417184218845
0.619309454 6.520821338 -1.2303785127276958
-2.697640603 4.038748127 0.6845518788979525
1.744087041 5.497154355 -2.341040040679471
-0.12370913 5.180891994 1.9752208949017733
3.556384257 4.56847885 0.5362709382478315
-2.718450082 7.394778494 0.2725186304171512
-1.448893708 7.676204697 2.425792096396611
0.418777016 4.293749111 0.4115939671388835
-1.662218262 2.311739122 4.3939880016106105
2.835577081 2.080699255 4.0028644734608445
2.51067872 2.100575256 -1.6801772152487038
3.1588367 4.98794203 -0.677030193159819
-1.177389015 5.027556934 0.7655592276814804
2.438347173 7.250109408 -2.3348888965174943
-2.603173142 1.886724741 -4.630249612192452
2.33205831 4.111679328 -0.33599467142399053
2.370198462 6.32983719 -3.5858873210268785
-0.738796839 0.60520391 3.36682927859464
3.189102555 2.242637516 -2.931468291049757
2.795545699 5.746665006 2.2695697199490503
1.877682199 1.868987103 0.9422940522639696
-2.240512193 2.422933464 -4.92129781059657
2.805516085 5.696049705 4.301167046676774
-1.081996456 1.230304845 3.383039997530501
-1.766798044 3.706250531 -2.90977106063951
-0.417302051 4.642698587 -2.7396524494925387
-1.735728231 5.289388944 -0.07484105382898587
3.030066795 3.11705901 -3.6365161474489396
-2.352309645 2.810367559 3.103308599665672
-1.905670475 6.794986556 -3.193590890675615
1.038191946 2.46627735 3.826255581522556
-2.076442081 2.993338347 0.031503741775402716
1.8838056 2.736145589 4.147597969515788
-3.288598287 6.006249589 -1.6406862827807842
2.770318474 6.916747434 -3.183452962844381
-2.26437776 2.363857457 -3.5927200418949736
1.226569128 0.721876823 3.2097274073195656
-2.827168857 3.781405889 4.066082527839223
-2.276262192 5.620615549 3.1103668231421118
-0.369376761 0.821264663 1.0308866829441516
0.554247197 4.302709526 4.2948364211077
-0.733788121 3.539202894 4.98464658660143
2.814077711 4.334333812 2.8898541744689785
2.773798997 6.627488962 0.4675101431724915
-2.229832866 4.918368719 0.8222388012934836
1.63778825 1.949493721 3.1273260052602296
1.703403757 3.204398415 2.9111847448269623
1.742815619 6.213651716 -2.993863128756349
-0.969114736 5.316303084 0.10198434729537631
-1.105144744 2.112868149 -0.5594877275768573
0.765450339 4.913905229 1.9751059992867903
3.414242451 5.014006826 -2.4353170596693916
2.309589741 1.6115406 3.764175733145839
-0.167838171 0.759842639 4.113255782785355
-1.848918633 3.0641948 2.842688406215091
-2.254725725 7.470938143 -1.1569764662887714
0.956628639 6.196085509 -4.315183882966272
1.850649657 4.901058936 -1.9279823126424658
-3.950202804 4.585404212 -4.722663536556825
-2.174022967 1.756157 4.8623585809513
-0.734577662 1.887151278 2.6208256820436704
-0.750604935 6.442287837 -2.240361657720178
-3.917183422 3.838262039 -3.4117021505063274
2.341479152 6.981078759 2.6618955030541525
-2.093975422 1.396687861 2.5161239210777193
1.162722626 4.461057163 -3.926684291337753
1.40306866 7.881552645 3.72355263571464
-2.655991491 5.175400594 -2.7720957607827676
-2.44814077 5.370533388 2.474455401747723
-3.06661175 3.510804261 -0.6831637082600892
-2.410454355 5.044524239 3.360949633914162
3.550639629 4.506097292 3.4150548182313134
-0.299215565 1.673718354 -1.5961187182288317
-1.597060394 5.007484036 0.27901511929727096
3.524826856 3.847202834 -4.166961983359015
2.047144827 1.594718305 3.881562633618241
1.266373035 4.270217563 -0.9427269548674602
-0.765060862 7.020041037 2.652787589422644
1.287525356 4.531343784 0.8983279255019099
-2.865391212 6.09084575 -3.094998780445671
-1.932751084 0.750360287 -0.6651106682515326
-1.47230161 5.217989797 4.536691364464792
-0.998168676 3.526198457 1.5556825053764634
0.410934612 2.412254646 -2.485101008807976
3.22605786 4.07393756 -2.2260105116562934
1.383772584 5.440017524 -2.797773452913217
-3.484254079 2.702254625 3.000127199118637
-1.063944547 7.70770713 -2.995856348241177
-0.781203003 5.651713296 4.21336013024224
3.003810805 4.435672191 4.7301342539705775
-2.427304256 2.354880929 -3.780428949666309
2.865624227 5.787265538 -3.9298652087707997
-2.358834339 3.454485023 4.036216492717031
-0.490061099 5.162779172 -0.32519994030937216
-1.498211182 7.244842681 -0.721340510815839
-0.216259894 5.845898293 -0.8970944265204128
1.689727449 4.018447046 -2.068847617775499
-0.04318773 0.516321523 -4.935865199573591
1.342187057 7.193043102 3.400002016526768
2.400722423 3.029559361 -0.13358977333110733
-1.065714353 3.065090957 4.759069565484658
2.026517363 2.842176976 1.8480533137784727
1.678588968 3.608001925 4.262551569980749
-3.3346174 6.063378222 -0.024541430690111277
-0.572707515 1.676749345 2.8021881675171
-0.979645279 5.593400775 -3.23415594475849
0.519240563 5.310475167 -1.1203313356957945
1.730572016 3.46869476 -1.963538581267862
-2.85630255 7.200990881 -3.9673925131735177
3.198329128 2.761153844 -1.03628460526863
-1.562753372 7.109750427 1.9183698899667858
-2.40167941 7.293993045 4.698347448022833
-2.579823574 4.352494249 3.9228847829076834
-2.033607388 4.13936973 -3.598299942634091
1.978429653 7.583152126 0.7596835011131784
-1.253308885 1.586003644 -0.013615421338140088
-2.994027379 1.695100284 -3.051457705814543
-2.018738576 1.826311656 -2.151059259236998
1.955279926 5.606979813 -1.4227296501048214
-2.005459687 1.298725946 -2.043662250245246
-0.897098152 6.768769493 -3.052562855161046
0.389266137 1.741247222 4.8132040762014405
-2.398486589 2.028070626 -4.209593444749094
1.764174822 2.876149653 -1.35089981388231
-2.859168688 1.498544307 3.7432739827371737
1.460129009 3.770219075 -2.6126143022110337
-4.129730233 4.600769395 -2.9920914585876144
1.315529372 6.416604359 -0.5081514809147869
-0.752599411 5.082263589 4.803047858646973
-1.642034622 1.32947945 -0.7489876042214512
-0.115734209 4.458780964 -3.407429916610507
-0.329467258 6.071268588 -3.614069565897371
-0.064859093 6.770609437 -1.1692277245900962
0.332202238 3.113445247 -4.348780209246032
3.210469419 5.50186786 -4.141099359873621
-0.384419828 4.26986906 3.278983565251009
3.150610476 2.913140149 -2.228205105307126
-3.597265031 6.027939946 -0.9908555383630455
0.447122309 0.568572605 3.161901715188632
1.029361019 3.190538462 0.7837398093855485
3.337719144 5.208515398 1.9762319756620705
1.260755197 1.031305604 -2.889248494933793
-1.392077659 6.267980637 3.5032895681041776
-2.41658536 5.941118059 2.9002530522482015
-1.399050357 1.589820902 -1.4082554920446966
0.429313465 7.027489313 -1.984359405660073
-4.094809012 3.393852702 2.680219950539647
1.584219899 3.263906797 -3.22290969911296
-0.310454469 7.517156404 1.2031504762925493
1.498059896 3.469520524 2.109615845032047
3.202748497 6.064384322 3.133215414213991
3.13732578 5.765786499 3.493232058044148
1.083320104 4.768420655 3.8751253742621365
2.307013417 3.943024405 -0.8546581037227918
0.139310168 4.282899318 1.73423004729064
2.15244979 4.13994194 4.2726930866515325
-2.030582321 2.505683772 0.013718703320284575
-3.556163022 5.845424119 -2.659179520090528
-0.104223501 6.545495562 -0.03583889244967153
-2.23793779 6.49164156 -2.991936774178855
-1.420919907 4.788428942 -2.3645828584367443
0.721693651 4.634613015 -4.022768060709284
-0.208962856 4.488062191 -4.951228670354345
-0.177373224 6.716174749 4.325238875394259
2.492637474 3.310516484 4.986723059076528
1.242269816 5.057601187 2.401980840632132
-3.348908308 3.696743167 2.816485309446639
-1.253087223 3.73507602 0.7939378071122363
1.631676889 4.004741253 3.7664199586311504
-0.814170907 7.983358424 -2.3213477155920605
-0.835550644 6.920256646 -2.146147391377916
-3.814990749 5.867672831 4.68335729602639
3.538946244 5.280288858 -2.8140985093231596
-1.03415334 1.030542902 -4.864580771724819
2.928784942 3.413546992 3.876637113290686
1.967597485 1.169643333 -0.21394790850994472
-1.832650611 4.190446149 4.7251388432591845
-2.807735187 1.864214559 1.5672145520960523
-0.694788252 6.322579456 -3.040194406747514
-2.050755314 1.599634744 -0.010444711573358134
-2.490642139 3.580247822 -1.229519435031813
0.31323506 5.520803584 2.596617753678947
-2.191931912 4.602613761 -4.504343712919344
-3.361660772 3.113403505 3.0835001724205036
-1.705078933 6.906176016 2.930677129868852
-0.862719642 6.771579804 1.9080006418492896
1.919574195 1.556003524 1.1902552009894798
3.10926534 5.061582365 -4.410093380454265
1.979072281 4.043697641 -4.683276836295056
-1.174386509 3.766603162 1.9143686745069521
-0.972474626 4.71565356 -3.9090999552672825
-3.673037992 4.012419048 1.331501371118918
0.041364535 3.414282936 4.642121453188343
-0.081737999 3.321899697 0.9488831304155507
-0.129773463 4.919435685 0.22216710522506933
0.933132465 7.775095169 -2.324490948739515
0.011121825 2.378279216 -3.5324368632332517
-0.063773237 4.700096825 2.7341179401984306
-3.77881088 2.593725128 1.924495731660083
-0.273283174 7.324009359 -4.04407586577681
2.925769404 5.725993668 -3.5850269901023446
3.338729197 5.159827891 0.3955438388585968
2.349802002 1.604591514 -2.4422628989027517
-2.462927698 1.865300531 -0.47238340701777304
2.817078306 5.996639433 -1.875826897860835
-0.866407498 5.533295395 -3.539660089448935
2.445057501 7.249702441 1.3210121475553454
0.737867692 7.237943845 0.1621970041624543
-3.54447212 6.003169307 1.3909575920732493
0.667625555 4.326034428 -0.5665883510345999
-3.971059918 3.003947358 -1.4485773523324639
0.056559606 4.478474264 4.018274384387336
-2.456495904 7.262913295 3.3784625939325643
0.699463595 7.173932294 0.9788376445409375
-2.189759382 1.957729967 3.907985555851674
0.371269963 2.756328057 0.9528601183735139
-1.159686593 8.14864807 -4.168809181031453
-3.533015841 2.387044599 2.069762777050494
0.053889132 3.59926595 -4.654898053941142
-2.577205376 2.059559982 -1.0738590325387043
2.037391963 6.024867286 4.834938408293375
0.464771968 3.186533253 -0.1616330703301294
-0.448046445 6.870741819 3.87401468500652
2.32798756 7.265399978 -4.1832576754056126
0.30325129 5.397326873 -3.547907256802504
-0.280005528 4.797657685 3.7301031648822995
2.550317877 1.752336086 4.883876919631325
-3.005119972 5.900437159 1.8096439874939172
-2.509272328 5.635118967 3.598159522967496
-2.055603175 3.780558129 0.00523229105410028
2.517379008 6.695197783 4.814552925919003
0.272327579 4.983690414 -1.8604800995377158
-0.306583503 7.714675143 1.8840653989788123
-2.488233865 7.580765082 0.31731238095471603
-3.69154181 3.106977805 3.4864034493711067
-1.274325583 0.751298354 -3.165881714794555
-1.397725 1.22364711 0.7977780104452421
1.977638926 3.939787527 2.961575858228062
-1.068313145 8.248105212 -1.8838039141411587
2.156502246 7.076095587 3.113663738617758
-1.75869445 6.899387496 3.7442156860226596
-0.588331912 0.66534902 0.5430477457252394
-0.296898055 5.415494798 2.0885002774338792
0.435399431 5.220318734 1.9151205885577607
-1.22343545 2.156298872 2.4336378669737453
1.457903021 7.512587701 1.52842594412685
0.881483816 2.094607626 4.488057688159069
-4.009796678 3.226850018 4.089699895335787
0.934140926 2.096357152 -0.8896877246588915
-0.881482407 7.515640411 1.852425651344591
0.988658216 6.484263179 2.861346445973229
3.673952871 3.722297415 -3.288530620063057
-0.889545755 5.39478864 1.7567783165652395
-1.225995882 6.849931359 4.1532067358874265
-1.761672388 3.08328732 -1.8690980358045262
2.046352101 5.215083174 1.172590543524631
3.425164058 4.098734252 -2.864703971963304
3.257650241 2.606176425 -2.8707149046684277
-4.073900164 4.786939535 4.16283138111668
-0.727408616 2.525952353 -0.26987781674224287
-1.157761672 7.079298886 -0.43286409919422475
0.533582675 7.218338699 3.6042338564224625
-1.790068781 4.292992799 3.4680154781018846
1.534377973 4.263604655 -0.9889303716037423
-0.857900083 2.390754185 -0.33719162429863125
-0.537990417 0.601770933 4.029023852694499
0.631552318 3.600656977 1.8677398541999004
0.41635668 4.988023724 3.131701632772817
-1.373631428 2.814941662 2.285364070664091
3.275826329 4.102012635 -2.5430971640687194
2.271770545 1.481811883 0.36974215994417303
-0.226610562 4.971877935 2.4423240998722413
0.957049464 7.814784347 1.150445639998563
1.512696353 7.092716186 2.1909724303037104
0.701992488 0.997753424 -0.3237922199675065
1.195058049 4.273420014 -2.643703629347063
-3.047751331 2.784867655 -0.5551983845660509
3.386642154 5.760163158 -4.757292777549153
0.141407616 7.856812846 -1.1383444907177562
-2.430638268 1.126841578 -1.3931766272591197
-0.360451915 4.208930562 4.74833088844653
-0.452731345 7.358565781 -1.0157676382159742
-1.12198038 1.995011704 1.5604412384646356
1.046707005 2.331145724 2.9824895906209825
3.161513756 5.873742855 4.097443724041259
1.264659792 4.341633712 -4.428636804073401
1.636680661 4.153258541 -1.382771175414442
1.650630979 2.453794547 -1.5689234978002684
1.189891527 0.60067421 -4.292716555251575
2.201692121 5.676000596 -3.890864336480914
-1.147639777 2.730024218 -2.5815339718837036
2.31098971 7.250426163 -1.7257048544924833
-0.615882557 4.5067695 3.0191046325947184
-2.380100196 6.623801003 -0.326163767436328
2.380461847 7.107129207 -4.0934218340434505
3.70214614 3.548137023 -3.1825407450295184
-2.792020425 3.844837928 -3.0667781021674623
-0.614355404 5.697839749 0.43204364693501773
-1.055949235 1.022636147 -3.9743638728708874
1.839340068 1.731897444 -1.9487420939473035
-3.505032663 2.854628868 -0.8487372383448601
0.91770747 7.435526963 3.6955972115420437
-2.530664986 2.680435318 -4.239398626302702
-2.487315488 1.85557748 3.687580919810461
-0.796440772 3.629369068 -4.553985196198628
0.865730957 3.309519355 3.2904159260076167
-1.623435622 2.050095181 1.8189129418977892
-1.037946723 8.083064691 0.6199182112459738
-3.627825964 4.505562569 -2.659862457004084
-0.825972034 5.087108524 4.423013690895845
-0.874331682 1.209587145 0.3834732216802976
1.664856027 1.428656723 -0.15335046109423267
-3.780518267 3.081333082 0.7170042800739704
-0.85096547 8.006165026 -3.668307719780496
0.035265117 4.141634179 3.443436118075592
2.733175703 3.566644282 1.8559684843519015
-0.024050002 6.109893636 -2.014700287531914
-2.918895215 6.01106232 -0.21425272073147372
2.175121564 6.557558077 -2.968257470076101
1.511190124 1.691658262 -4.689320055102632
-1.825217844 7.414562115 3.5751896348269625
2.647430531 5.078891362 -1.6317383316868872
0.40998386 5.248675641 -1.9342371967307228
0.913309387 7.687546907 2.688766792216879
2.812881719 1.901858006 1.4363311390321734
-0.019246706 0.92745101 -4.799780115335279
0.894111165 6.132649753 -0.7918146220112163
-3.747195754 5.692601524 -3.2500046407115035
3.353373368 3.417304042 4.1934788356188815
2.212604048 4.935003453 -2.537856226661579
0.709480109 4.165198493 1.1143194381262012
-0.689932941 2.085461941 3.1605068790873894
1.480686053 3.521349832 -3.2456673997237573
-0.454454369 6.216306908 -0.6381566351891141
0.045577841 2.523751541 0.9628498913112935
0.178612025 1.891301759 1.619728495631204
-1.781652161 0.755174277 1.9887851128144316
-2.915560599 6.97585489 1.5601864990216416
-0.960554111 2.162290595 -3.151055811889889
2.16655899 7.205976986 -0.023855847261648577
-2.800781155 2.814897455 -4.1856984502041685
-3.704260939 3.966716022 -0.4425032426641273
3.100463214 2.620001361 4.714445016682774
-1.910141659 1.488170204 1.7739587476149001
-0.91610285 8.059033892 4.482152565929811
-1.994040507 6.704794307 4.71404590743712
-3.825575112 4.595621807 -2.749185496759534
-3.8345329 4.649384691 -0.9386454282778374
-1.227613142 7.143364458 -1.762076034114112
-0.603495814 1.459533352 3.933831005484233
2.756719419 5.796005897 0.9028453974370585
-2.998320792 7.197010836 1.1906643132146142
2.661670717 3.752509971 2.042056420807369
2.631906355 6.786322491 4.091929422339442
0.816741061 2.395976105 1.9114311473499264
-0.620222919 4.732007042 -1.4344847194020405
-0.452121082 7.584851006 -4.4880659424923595
-0.511552673 7.572889813 -2.7931450438331384
0.461007914 6.494097362 -4.31719200375173
2.597067666 6.147415557 1.3017530734027076
3.233768956 6.18369028 -1.7602562532938615
-0.13251341 4.251713926 4.938660448546715
2.981585424 2.113554498 -0.7258188276120849
-1.960650825 3.98484029 -0.42467993402075344
-1.126689829 0.455608174 -2.9592955093642925
-2.815758436 4.337931383 -0.7583766222899708
-1.876539168 5.22651621 -0.04506282223555047
0.08714872 4.869987673 4.661982196411515
-3.089660774 2.800072781 2.130293292492798
-2.096062605 4.227117797 3.7386514068533323
3.553435531 4.795889115 -1.7054099053203533
2.164325227 3.348653478 2.3999502039554503
2.11496262 6.090641914 -0.7151241294214525
-2.18303541 4.714009424 0.18053053167377087
1.663479344 4.760713814 4.592127772298474
-2.421843611 6.474757416 3.082355156369008
2.542693302 6.446329468 2.030768640907464
0.959776394 5.348576137 -0.999125627711348
-0.572338299 6.056132213 1.7682640152046734
1.378151821 5.0292691 -2.278325627217507
1.64390753 0.951070493 -3.2366028303989527
0.49301138 4.208460362 -1.0896345698615386
3.026946536 2.121402924 -3.482467119293794
1.720588668 1.213029484 4.361693597552069
0.165329954 3.689520252 -2.785958579077743
1.056932335 1.633708404 0.7089667229404455
0.792018608 6.876726068 3.063548919954558
2.698189341 3.745377383 1.6266643137045111
-0.235245833 2.142600087 3.879241101036703
-3.134923689 6.781074119 -1.0790086318210514
-3.334389106 6.037147948 -4.065000038208363
3.526835285 2.941663404 2.7454111827417513
1.820339445 4.174191451 1.5071724220778577
3.427064076 3.16306686 3.9083785499725963
0.43433677 2.994367564 -1.6333643438047227
2.073051455 7.419174058 -4.020697787290014
-1.197388622 5.365687941 -4.9411709665510815
-1.762343393 1.620968406 2.8789573490409817
-1.374272273 1.945376682 1.7958478916359075
2.939333341 5.782913959 -1.0828192832125225
-3.7365954 3.533926413 3.917221399409449
1.315285609 6.227474433 -2.229543887713399
-3.57088459 3.284788803 -0.1435412791559436
-1.013847271 7.922692162 -4.306568939604841
2.377745381 5.088179137 1.8257309041993608
-3.170631284 5.400748111 0.528243178449701
-1.319844303 1.957973109 -0.18926867700037153
-2.174399932 4.233544185 -1.5523746646793555
-1.550500022 2.33663508 2.6866354737902887
1.982341863 1.905161791 2.4298494431679067
-2.051292717 5.421216408 3.794984767644049
2.006553405 4.741052213 -1.1706169126960941
-0.225462532 6.413806921 1.4662317904892808
2.468589409 6.030226711 0.4769088805518651
-3.698418527 2.556874987 -0.1590538569285913
2.522675111 6.249272713 -1.8726745187445895
2.425417927 1.840559446 -3.854171851662059
2.528019648 5.669570305 -4.268515627013487
1.199099945 2.14681042 3.8268784641365983
-1.968523993 3.066039298 4.0116140893038565
1.263309104 5.213537435 3.1211224146062904
3.06448293 5.726733521 -4.3439916100793905
-1.12286713 4.804882236 0.4625205894193938
1.817428762 6.877854547 3.5188057932531045
-1.826396865 5.332105149 -0.19874753841761894
0.907967207 2.37934185 4.101027232008976
2.665189551 3.403582994 -1.1102032005298312
2.172449868 3.076392426 2.4152421805334034
-3.317539803 5.888440615 -2.869834420930577
-1.2251671 2.92770942 2.6485231627180585
0.219613879 4.269071124 -0.6884370413708476
1.405225491 4.632620496 -4.563841123380991
1.960001425 3.64197798 0.11447292175539481
0.896364748 1.403228264 3.0765269612175956
-1.396629261 6.850950462 0.1924913460216784
3.424157093 4.82789647 4.68734472465807
-1.759314645 7.948981752 -1.918913089363504
-2.740283479 5.545547359 -0.04293959587685947
0.276724167 3.451203331 1.421766362261124
-1.863379502 5.610284028 -0.6837734879933413
-3.316990753 5.083997565 -1.2098426233077477
-1.907269119 1.576121827 -4.478429796769703
-2.723880816 6.088556126 -3.312119274162084
-1.594352046 7.151958268 0.7474600306391697
-2.805249035 5.837341417 -3.6784073435018727
-0.427853543 3.726356354 0.0015795315589421932
3.630114173 5.215406864 -2.7038769071972837
-2.307433347 1.323061884 3.464873309170331
-3.089324043 6.801275822 2.854448113839993
-3.402388668 2.99271052 -3.4330254782279224
-2.1764428 1.004308797 -2.6278262377511896
-2.14082742 3.987062535 -4.748240158351091
0.969296567 7.164555889 4.451725275130366
1.332369724 4.739179369 -3.6334444050650507
3.035134703 2.581820287 -3.10206468399889
1.872052935 7.349887139 1.7067139578693933
1.63309947 4.570398397 -2.396025213447338
-0.179261275 5.099966941 -1.7013876237615078
-2.529150214 3.295298841 0.9835427581264513
-1.803634076 5.59811948 -1.9780865026711947
2.496799332 3.837998939 4.34044857846507
1.992552958 1.626456653 1.4669603952217347
0.79972954 5.923709478 -3.1973419451160767
-4.0511765 5.101609122 -0.9644766888449503
2.205270445 4.828618257 -4.084869258263964
-3.03127329 3.271702583 -0.4788806391456788
-1.211539894 7.734706249 4.116519354076102
-1.926976061 0.783700644 4.3759277264587695
3.3093284 5.314270081 -0.7292681750971095
2.537221956 2.781160323 2.6738420965221525
-3.762066225 2.737715735 1.3419353661539617
-3.869411606 3.883681403 -2.3817072357981695
-2.94215944 4.300843912 4.278670967330376
-1.812979925 5.748417208 -3.208184657806995
-2.82515967 2.534988359 -4.830791868476799
-1.574320732 7.672187138 1.535945622589587
2.523715129 5.952196663 1.984153277613503
0.067259849 1.476494013 -3.487758127088252
0.521991696 3.907403997 -4.331578352156402
2.543552422 3.038107493 4.343485968969542
-3.548395145 5.301444882 -3.7549376495448215
-1.062842804 3.532758438 4.627059723912788
-0.412465213 5.041584802 -4.8508325035799205
1.455186493 0.794961806 -0.5449137220262141
-2.371945563 7.688885596 0.5320275138487425
-0.586632038 4.211366535 -1.8761996851529972
1.074690128 7.475583497 1.5815747150781405
-3.351760565 2.301482554 -0.2915497672818006
-3.529627603 3.112034527 1.9872833134333003
0.803247937 5.329556177 0.9254143794408289
0.202835366 5.164236827 2.752220514611267
1.021337912 1.075365366 -0.22250196869074568
-0.971650222 7.758465888 -0.06041817816304018
2.817804422 3.124521566 1.428668537460159
0.623339465 7.116157864 2.9622523779838605
2.140041003 4.497171102 -3.7166113527603075
-3.262275888 4.46619995 -0.6105917753779346
-1.984099213 3.960244798 1.9348926946402658
-1.005398223 7.152772377 0.8989164649108226
3.289457392 2.841379309 0.1320584924341599
0.294986475 5.636843959 0.6454499377242859
-0.005464468 3.293930038 2.343269137220801
-0.976125929 4.110354638 -0.9767032279571941
-4.014469181 3.544577954 -3.750131857686745
2.658650816 6.151565872 4.373594844174711
-2.650486983 3.827538256 1.3937807024183346
1.739960964 7.745967329 4.18544990447716
3.225709852 2.922741385 -1.37639577314875
-1.562235324 2.217230686 1.3023993077084892
-2.688304197 2.282851049 4.837189726483796
1.053195638 1.466194838 0.577711346929358
-1.390513212 1.946424832 -3.788984855874973
-1.041741634 3.770101996 3.7866704807387173
-3.068318731 4.264437305 4.719789103035318
-0.781262297 5.378589657 3.2291877825676156
2.882085183 5.030352533 4.229349196570073
-0.141243719 1.52714699 1.2478758423328173
-3.127435815 6.335578924 -0.7073096446946883
-0.28909801 6.894675948 3.469349369291111
0.902685533 4.234756143 2.059782015063921
-2.600847963 1.669439549 -0.5496012052604291
2.781776482 3.075273315 -0.37708663453034674
-2.065800146 4.694138585 -3.8813847188333153
0.43554241 5.039280786 -4.566980382415729
0.217682644 3.668608903 -4.164523355942005
-3.544360902 4.215755144 2.076931601371853
-1.025516205 3.694027273 2.3262388192884442
-1.283852452 7.303969449 -1.3042679542253302
-0.865814449 2.759240366 -2.3211697151354382
-2.548790672 4.504812086 4.79591906312028
-2.091283276 6.123397449 -4.232219343470525
-2.120858054 3.979231476 -1.3733047501876658
2.285444108 4.430612249 4.830497679420695
-3.69875868 3.204608218 -0.0030972719058119935
0.919912523 5.422739456 2.022119589310866
-2.724769971 1.78422709 -2.782656170150571
-3.238393585 2.181351886 -4.9924835428756165
0.942616626 4.131023598 -4.420480317962595
-1.29700788 3.232730011 -2.4417316686788917
2.881952629 6.158843897 -3.0888754034838306
0.817268581 0.876697617 -3.863347596037582
-1.577024043 4.320938444 -2.8003775355217786
-2.88455846 6.837918156 -4.454169447348919
1.272651316 4.318409999 -1.0735442593286515
1.531813153 5.420718011 1.6300204517737802
1.218741584 3.629261868 -2.1027444842849494
1.74681006 1.965128696 4.122749581961067
1.455104595 4.124774316 -2.770261770765685
2.193623377 2.634180281 -3.2310658584365815
2.093306985 5.383701179 -1.755046093577012
3.218772598 3.799318353 3.3679838203547856
0.596930849 2.491886035 1.653739479637811
0.713462619 2.367598683 -3.726761953011728
3.6475284 5.205913107 -1.0396040863942169
0.310720875 6.493111028 1.3330587073758302
-1.06949335 3.083106723 1.8896238985046665
0.351349105 3.454034494 -3.9326919752964096
0.043774889 7.357417231 -0.6545930151423773
-3.281893222 4.310851304 -0.2508744823349094
0.314855601 7.738356874 -0.15078000509146516
3.224957326 5.894965845 1.2976303150716735
2.546686654 6.230983258 0.630686008877305
-2.141027137 6.652340161 -3.288935886101637
1.224979084 4.142016662 -0.0677765729416615
-1.029648237 4.443437196 -2.3812958664796477
1.793174272 5.617610566 -3.3457501303803716
-3.643021001 4.408076969 2.412171520691051
0.446605324 7.07553698 -4.438585413911027
-1.255418533 2.593979704 0.9358791094221974
-1.167411909 3.228881114 -3.279671637578626
-0.092600958 5.831638013 2.5157234201689693
0.38238894 1.597363654 -1.327646927452193
-1.540333087 5.071175016 -3.9789200304048644
-1.728168002 5.126733282 1.274505447662472
0.444047768 1.287015244 2.0411541340792834
-0.20970588 1.965671254 -3.658284633974432
-0.860431804 5.388429163 0.11640737896388487
2.402537144 3.690641133 -2.843014127700987
0.929278223 6.831247633 -3.0430401466933588
0.366130268 7.796481247 -1.598103695854749
1.184465694 5.808950864 -4.151325142691608
-0.887654097 3.615682581 -3.412360968805382
-0.616858391 5.480471966 1.9098530799135327
-0.549416789 6.032585125 -0.046424529838144046
0.343237829 6.240027047 1.7628561363687831
0.305798421 5.529918079 0.5726369914598859
3.101866964 4.955196109 0.5638695493078227
-1.842552829 7.385208414 2.0353054601167555
0.462440946 0.53414838 -1.830822388348634
-2.887053715 6.192716749 2.489134997369945
-1.243041091 0.48768299 4.771477515527639
-0.992790126 0.447672287 3.536083529680848
-0.648480509 1.292933901 2.760879500382842
-3.483148744 2.185757009 3.771443015819658
0.579443685 6.968706886 -2.5627208863600437
-2.612120082 7.482329061 2.536489025378339
2.921909978 2.418782718 2.203351965274444
1.744582958 2.022793927 1.5918811555368952
-0.479579345 3.738417237 2.119565718135088
-1.370821863 0.535735127 3.1853581820848618
-1.116457522 3.50266405 -0.34192101150651766
2.877966843 3.711167228 4.90238682964174
-2.10908087 7.811650423 2.8431174925221567
0.88616816 7.340473151 -4.348513426892389
2.437994753 6.4722212 -3.333684979410693
-2.281231228 3.33142085 0.329607433697225
2.658166396 5.613547578 -1.4481224446559429
-0.281698782 8.115123477 -2.9221185577319266
-1.881458369 6.831016747 -0.27205652029487837
-0.52700834 1.442001162 3.1595489096606286
-2.163447461 6.352814009 -1.1023246995176015
-3.260097524 4.195580658 -3.4992132046550752
0.998266234 1.567386339 -1.1956139309305636
-0.309358721 6.448101064 1.7560120592204793
0.867179093 5.289935408 -1.1417163962463062
-3.048110694 5.100438141 -3.410237203126271
1.951534288 6.233477549 -2.40552805413349
1.245718848 6.710095233 4.497398118795607
1.357677487 7.477249515 -1.1410746468134692
-0.956203097 5.143100365 -0.1009754337131552
-2.106399491 6.307088867 -2.7076804985057388
-2.32217642 2.107394998 -2.0863123282618123
-2.098528607 7.520318564 -2.458196131124424
0.551680028 6.867972968 1.668565087573704
0.231166452 3.563502413 2.9873826448447964
3.511546739 3.827037116 -3.6547987052848576
-1.918410078 1.312837511 3.4363957528598394
0.582310712 7.811484635 -2.2248690647978
-1.271809819 5.614992245 -1.3157679911053743
-0.52992147 7.355806549 0.5927532715477941
-2.938115312 5.081450483 -4.829435235187653
3.0606838 5.897400824 -2.1519596183683243
-2.383267036 3.591495095 -0.6206263327573822
-2.657194359 3.785505278 3.7181155202056964
-1.072867248 3.726444856 -1.2854158509144975
-3.237686377 5.875499374 -0.5563866447572803
2.627123096 1.664821999 -3.939094632238188
-0.845840624 4.773277731 -4.431183389436785
1.048976125 5.520955962 0.966731308469674
-4.13634302 3.724717042 -0.081380711343229
-2.288828637 2.79762105 0.3400693292871608
1.698732327 6.498627166 -0.42240574228222805
-2.290683306 4.003347808 3.1590739685203335
0.232538478 2.472946393 2.279704151562173
-1.883573353 5.048248694 4.606925513639524
-1.195910809 5.576091643 -1.710897511908751
1.68804855 4.876013962 2.119548571092139
1.242161175 4.856571374 -2.345036217117028
1.022815612 6.03295699 -1.5157955779045507
0.63530699 4.120790175 1.1468087192821503
1.161507553 5.748527726 3.2109378151022767
-0.727450068 6.289173844 2.9816960853881795
1.017616948 5.224875931 3.8900387268207997
0.986278557 4.020505527 -0.8183230536546322
-0.827526919 7.806121313 -4.821898726368012
2.412851514 5.13883158 1.5952947728153566
2.034328612 4.826655311 -0.48058279000907955
0.942697693 4.986485095 3.790361419757792
-1.562785061 1.779910326 -1.738657694577097
-0.054905705 0.624978613 -2.7238075959209693
-1.787720307 6.53646506 3.94725467601174
3.66361635 5.050603858 -2.165201164964672
-2.635986535 6.652254558 -1.6816867952977175
-1.303402399 6.493705205 1.0916300414465017
0.573811402 3.279672999 -4.149908209540593
-2.410514893 1.337735079 -4.380863481710015
-1.39282879 1.310199515 -1.3526838007268092
2.451639913 1.625954981 -2.921208649856355
1.613527366 4.750259887 -3.121793382370365
-3.210504288 2.546690577 0.2488524331370412
1.564301666 6.744149382 4.066021005735191
1.819369075 2.506142152 1.2488780730089388
2.279326513 3.249344949 0.07568995266887768
1.155494753 6.150519419 2.063341332013165
-2.197390192 2.084752814 2.2809817359851836
0.496114932 6.761012917 2.6823919540112513
0.366799542 1.330685254 0.5713088707546907
-3.391656099 4.310570546 -2.3964725189048144
-1.39583871 6.205668506 3.627377495478271
-3.142364593 6.221901164 -4.190958581044298
1.657320912 1.470980335 -3.024136135622264
1.171040484 4.35503947 -0.1817570887583937
1.590634113 6.427024802 4.201765087468294
1.36251308 3.088502259 -4.998902933481898
-2.045237878 2.048634433 -1.0117070008951523
0.385787255 3.787711866 4.5792850797857305
-0.82722373 5.34640033 1.090541865766781
1.565418755 7.707261266 3.0965253030880078
-1.574804184 2.653373576 0.15668291768785103
-3.798228763 4.906449931 -2.8435752715533025
1.951392403 2.889870098 -3.556352324732747
3.122867092 3.038192469 -3.4904088113178897
3.077433037 4.328290667 1.3551884956499594
-3.200039776 4.811560834 -4.447193224126479
1.479131251 2.003609777 -2.69257570581517
-0.300377621 6.354993682 3.883922619988173
-1.511001317 6.957880566 -3.067994168092395
0.361838482 5.794892382 -2.049556657617498
-3.138546551 4.101147312 -2.6418988928817178
0.153211892 3.701741297 1.6681135956509872
1.462815185 5.863889141 -0.28337940570420184
3.403067185 3.91433823 0.4598234073174323
2.590632637 3.889127032 4.237576031216786
-2.647707136 5.882651058 -4.983530692363369
-1.938182874 5.464827833 2.073162701562051
0.797505484 3.761238552 1.1458785020139892
-3.302823547 6.020433646 -4.244823301769934
-1.532457113 7.407467944 1.1749947185565208
-0.476891877 7.080026515 1.1685394431915679
-1.661589113 1.726573529 2.06543555691942
2.062458526 4.930431901 1.43828438418688
1.280763051 6.443145255 -3.1449269858833864
2.780475089 2.687064792 1.5527513247203952
3.43257373 5.829026152 2.071602943930909
-3.08794463 5.536148216 1.6989664205680102
-0.690548168 3.439592666 4.080920045036645
-3.176072333 1.705968379 -3.7940677503460263
-2.455243181 5.81207288 -4.012605729436254
-1.350667961 1.536477681 0.5660886280060442
0.416110773 7.951409972 0.42868249938730596
-2.182539167 6.289656586 -3.5247687134063046
1.03362152 5.364356285 2.238395634780705
2.527519722 3.048533056 -0.2291458642142601
-1.243747669 3.234187294 0.7272417074935564
-2.806673462 1.627854966 -4.274732749276124
-3.793793944 2.882217387 2.5659052679120355
-2.85369936 3.649779265 2.0166010647406996
-0.074728498 7.354017638 1.4050074514505715
-3.753269514 4.226571125 2.595781229399769
2.984998978 3.449894059 -1.6599009412781607
-0.043923463 1.522569217 4.652373483489928
-3.620481913 2.84263192 -0.3496143560942109
1.965611707 6.896461266 2.107353813235501
2.45181616 2.238766481 -4.085892098552185
-3.249721182 3.537221808 2.1784916471373696
1.818216841 1.192165958 0.6562781032961551
-3.127044409 5.999014367 1.7261429399962953
-2.13976816 4.924713622 -3.864439409146195
-0.624564173 3.69973563 -1.7468531723916012
-2.123890467 1.390847063 1.7883754400313823
-0.055995478 0.355715216 -0.7930486640131029
-0.567933929 4.284294372 -0.1919079327748232
-0.743543008 3.70204737 3.8118964980712846
-1.871889098 4.359308126 -3.3856138488097507
0.638641128 2.382847746 -4.361396787216734
0.939027553 6.399481732 0.23382945276473954
3.234176078 4.04291564 1.897899562666189
0.602632115 3.633087108 -4.60723079660551
-0.656365377 7.235235452 -4.974009522600985
0.53221192 1.41444442 -1.220920474506194
2.769627714 2.554353129 -3.94000714524808
0.850372796 7.946083527 3.996566932885184
-0.0390835 6.998688281 -0.4850185847790911
2.355129828 6.896801805 -3.753955501257704
-4.180272426 4.631359724 4.552568166197904
-1.242999659 6.531055079 -2.165726088504271
-3.317717218 5.54765289 2.1041201643659075
-1.623345665 4.307909735 -4.026226733529014
0.232978769 3.032616898 2.5344456969445393
-3.904122028 3.90562516 1.308970306541707
2.97080433 3.080768268 -0.18045929836919328
-2.087841299 5.675704648 1.9756813827574051
-1.360042484 7.718080948 3.348736997701689
-1.057944898 0.714770429 -3.768915209646928
-0.865582385 7.474156886 -0.5919797706950494
-1.360924113 2.341191642 -1.1808420959262325
0.78949956 6.972564076 -3.8999036140377505
-1.651184033 7.09110375 -0.02768593408379072
2.158332223 5.048488886 -4.611030802615687
-1.844285196 3.915952705 -2.6227774704068043
1.962584222 6.309259061 3.050982482881439
1.127583901 4.572182366 -3.578039954864134
-0.99978509 1.246038382 2.076499911179223
-1.886128116 2.744424032 1.9678792089815058
2.266530783 2.627366334 1.7208166986501645
-1.127601331 0.51998958 -0.6409226570041371
-0.991926708 1.230538017 -2.179475617106653
0.61871099 4.466170236 2.48197240422493
-3.068758107 6.677434831 0.22886428195754682
-3.6349603 2.952012396 3.089097101641169
-3.356981085 4.174658905 -2.995302253246771
-1.571937464 4.361271885 -2.895780197035717
-0.114917256 6.46703985 0.5958913258568463
-1.60734931 2.821250548 3.242964633397511
0.843782136 4.20809963 4.13283296619513
0.877937594 3.563615804 1.485123764706712
-1.246277583 6.589537931 4.044905845700637
-1.184062567 1.39902375 4.691476460803104
-3.287142625 6.307117554 3.93164904577203
1.762803766 5.053560214 3.84388691371411
-1.729095676 5.721802636 -3.1717355562189367
-2.434260512 6.062205382 4.773685997041259
1.091811927 2.765712328 0.24878988064200858
1.197936563 5.901025981 0.7937439472407846
-3.63760956 5.964479347 0.45103376662723793
-2.731842505 4.98305109 2.1971727824375478
1.729978422 2.892573636 -4.232028595092164
-1.639688249 4.446200413 1.549288433042788
1.661223027 5.094801427 -1.5332031235659715
0.927981711 1.403637085 -3.170765692658163
-0.258089588 7.98789744 1.5502185148570211
0.039210971 7.503638701 2.1396585565628143
-1.512372958 5.770670064 -1.5106187711059293
-2.604409274 2.26850563 2.288413348029912
-2.852675858 2.563289307 -0.3380178512468577
-3.937413343 3.876784487 -0.19641981647506057
1.908981624 6.359817668 0.01007544764658519
2.101993059 5.434829711 4.647667545828252
-3.479882383 2.116286066 -1.288917046931247
0.757768384 5.335542113 -1.125407878813541
-0.206383553 5.77636232 0.22038082166688433
-1.281378483 6.088059462 0.9640639107390143
-1.100575094 5.330461341 -2.2951077541126796
1.269612567 6.718443411 0.9424563017278391
1.237639519 6.374944681 2.097542916646616
1.372173427 4.687553886 -4.048389452978953
-2.050115112 0.911690614 -0.7934170631187172
-2.066333415 7.709058081 4.059063959577129
-0.719531947 7.376037274 3.1178475044633824
-3.043014681 6.434200183 -4.894426744253288
2.776418634 4.017786379 1.650884205907511
1.862053968 5.195254044 -2.43901618177666
2.430051156 4.648182493 -4.265482434681346
2.428561547 4.205382525 -4.619022636921768
-2.334531015 1.169698807 3.284471578129013
2.915053041 3.50712803 -1.7953945262626023
-2.29691359 3.720612565 2.064093372179218
1.253982469 7.57686575 2.8068478646236628
-1.253905394 6.601441716 1.851417816050728
-1.354995452 7.529099637 1.9612794548991488
0.800611704 3.679462767 2.497501818187443
0.953421397 5.983750003 3.455872576421772
-1.201792921 4.567380089 -3.970720781538132
-3.461760414 5.001303221 -3.8870722564660696
-3.771474081 3.650981619 -4.90814099578151
3.489961855 4.130132616 -3.827273413197675
-0.971000956 3.202948312 -3.0472920657313685
-0.342057037 5.834224002 -4.574077486950142
2.260849326 6.636484186 -3.692335779153723
-3.311038995 4.688817019 -2.8834384915100153
-0.669875209 1.587958611 -2.953799697079411
0.360197606 8.03712544 -3.474328311993281
2.236448856 2.474981836 4.547453599295672
2.597466304 2.405063982 -3.6316125877176173
-2.055584174 6.792657716 -3.8930259742861417
-0.609464829 7.406410328 -3.6806698405767135
-1.530746941 2.226732811 0.9040450419754817
2.85397935 6.458701258 -1.6350689537759067
-2.05546359 5.956844578 2.4287701725186803
2.856875015 1.909405213 -0.8820729161992542
-0.496799456 3.257240658 -2.044280197477293
2.135684698 5.297539351 2.5841424884677098
-3.21734495 5.920076316 3.7149464494408946
-2.300163682 4.61135795 2.673070878804456
2.790582719 2.090799871 -1.506485653074412
-4.057675874 5.424428381 0.8752339730190588
-0.170257804 4.759528987 -2.5349873860897274
-2.770999897 2.305551248 -3.655063660890334
-3.344117775 4.761032093 -4.6748774066949705
-2.249091589 2.846015254 -1.2198812026820773
2.591061073 6.962187937 -3.512605424014721
0.61746394 5.35094606 -1.3113027571637623
1.004797855 1.38479354 4.102161539116512
0.692233251 5.004802366 0.943249274849479
1.085896439 5.951792335 3.8621860055555963
-2.614532569 2.418503279 -3.1846048344399867
-2.37759785 4.494742497 3.77117948814357
1.901377127 4.22736169 4.939647345331583
-3.492319876 4.128309237 -0.7900000479865312
-0.078387892 2.409965842 2.6293995336016485
-1.751936465 3.230610276 -3.773561268219472
-0.706814491 4.508435809 1.8089227778939252
3.193901882 4.054186964 -2.736297216253083
2.277235021 5.921774167 1.462686481405986
-1.567805813 2.457022298 -0.6172266829231008
0.624814385 6.871109959 0.8883970873339688
3.058943234 6.407335901 2.496866656171788
-1.465313164 5.608992701 1.50976322621492
0.199166984 1.384374189 4.108753691735856
2.173590319 3.77544774 3.9294714078551713
-0.195409535 2.555264882 0.9711891366562933
-3.023579603 5.105997027 -0.18608843403302444
3.488732878 3.948978712 3.240855883184002
-1.324843865 2.771871499 -3.483167948674022
1.05856869 0.759749308 4.188801305774586
-1.056525877 1.591885259 -1.3409322393860101
0.282301646 4.207865424 1.5322203622644013
2.122792715 6.869677348 2.4250486254220878
-2.203194593 7.309333785 4.295968937873589
0.712575943 1.848489279 1.881344846245602
0.359231947 0.765664778 -3.7912871078005175
0.617875355 7.213866091 3.9667895031726044
-1.255871133 3.197990715 3.592962566142532
0.298931953 2.977795067 1.5390194357160443
1.56885053 5.957295369 2.317408702091935
-0.180256151 6.30891976 2.164524741123847
-3.564116474 3.055877225 -4.890122429611527
-0.322981598 2.682231518 2.074689672831046
2.67116667 6.45982747 3.756317176506462
0.578017785 7.7599698 -3.0352664640918547
-2.133734314 3.115649469 -0.03658583172823171
3.385334403 5.70650771 -4.882445720581943
-1.552930735 8.061342663 -1.1467017741625805
3.623555636 5.219721514 4.878841913632106
-3.337264373 2.537257479 2.5654040075919617
1.267564545 7.681228786 0.9631661334622059
-3.821066103 3.95267285 0.7023631425115786
-1.091898602 7.580014343 -3.7896001366634344
3.748401426 4.525499735 3.650233047914135
1.737590565 3.462042985 2.250929069012164
-2.004870934 1.321257359 0.7311255771019631
-0.145219894 1.184097943 -3.041819052905088
3.660445131 5.231555074 2.078561942377447
2.608786408 4.206089076 1.1257763111263994
0.322148685 3.850585987 -0.14928738705906142
1.120573031 2.394919161 0.01532850219843862
2.650830179 5.826817992 1.9121349588369716
-0.260053937 4.11301516 -0.4190525878069735
1.652372089 0.819460986 -4.768095973081012
2.188458002 3.364661318 4.454396763895938
1.282344283 7.893083089 0.6471234368873962
0.903048014 4.903141746 -3.4569168581508625
-3.242260959 3.941284076 0.8411940656112051
-1.225853473 7.048649429 -4.139306706189874
3.649517314 5.25349635 -2.314661497318702
-1.465109426 2.101502287 -1.3670083453427981
-3.977167792 3.514918214 -0.6081662771907812
3.374436592 2.914752277 3.3801660437786687
2.487023342 2.063801949 -0.06777398266745482
-1.2189948 1.704273564 -0.7458227649574658
-1.654905548 6.813710126 2.2788829796145027
0.013414055 6.604409546 -4.471000532807004
-3.377012832 5.672859083 -3.6687938202261994
-2.46510001 5.616791671 -2.623558225217082
0.59543091 4.874940104 -1.6465164714520664
2.485959985 6.324892393 -0.17124712568299394
3.006571115 5.610536056 -2.9304456987341743
1.760767817 1.854211437 2.0760235714537796
0.068689149 3.299100719 0.5546924691837996
0.67415433 6.215094618 1.957318635116212
1.636709335 6.744761667 -3.5964506617819003
2.924093568 3.814670618 0.38946471810216376
-1.640117918 1.802367683 0.48130961853027365
-3.995962861 3.147495019 2.150865770747947
-3.252766362 2.354961939 -0.9688921365092416
1.863882279 1.712943726 1.2268141073119034
1.001113603 7.16505047 -0.5644815171268149
-0.180209438 7.152961211 -1.4935040241538489
3.658698586 5.149358876 4.183333366663
-1.931591733 6.427710609 4.274735243461144
-0.911094246 1.446195181 -4.48760326127946
-1.738266227 3.909374061 -3.8590967893515837
1.025989808 3.800810384 3.201034011137523
-1.512901771 6.446221123 -2.4738258739357635
2.709722766 5.558662134 1.728660620654539
-1.133717155 3.163918804 -0.1552522000061618
1.256949733 6.361383527 -0.0056217418053226
2.019779501 4.60173158 -4.987944030886907
1.995148142 6.421474419 -2.722790390095261
0.778895336 6.816150235 4.563739449265942
-0.315671741 1.634392085 2.1934982137404972
0.558476435 4.526949142 -1.5492000364348533
0.021887876 7.589324647 1.2694840085519807
-0.450696681 8.156900073 -1.4999446993422216
0.856211994 3.845526457 0.7613621721261774
-0.435623079 5.381522443 4.0735021868261985
-3.007987461 5.087489993 -2.455459009048837
0.194144318 2.288938487 -2.5620862860331317
-0.65726972 0.426456398 2.357138080160757
0.796746084 6.165116379 0.40571997637234425
-3.367926598 5.329234688 -3.688879420010541
1.755218413 2.341301095 0.8727061354829724
-2.397314786 3.437510821 2.954221146709248
2.212033565 2.205868635 -2.1360692774317727
2.426995076 2.428157707 1.1172846969577694
2.48138703 1.893259962 -4.376319178188544
-0.667678422 1.773841444 3.3772659004621737
-4.158128355 4.819932449 -2.7794006789214674
2.059770529 3.998612608 3.9018564237106297
-2.342047679 1.995622752 2.815697519977425
-3.008453202 2.514664294 3.1394940613270776
0.767915003 1.456595201 -1.8724950087594285
1.565856407 5.519354452 4.012668735590156
-3.752149166 2.732692353 -1.2878943476144764
-0.536852392 6.78479223 2.0705441898751173
-2.857450633 5.404194717 3.4899310479281542
-2.881365121 2.793756068 -0.5730767590220376
-0.966992822 3.566104388 -0.8240953370431239
-2.098898146 2.039857892 -1.4663082140937589
0.722483869 2.279621064 -2.109361665423255
1.833716688 7.231034772 3.0876964150138484
0.634831528 5.341080142 -3.873502981333259
-0.171129043 2.948831368 -0.3046511410668886
1.441933717 3.720100561 -1.2226359824813002
-0.84231112 5.386521549 -4.219194027883826
-0.813044511 1.980024883 -0.7025156196331572
2.388784949 2.181574936 -0.8949477108363855
2.164424969 4.078676028 1.8937876724900153
-0.377187048 7.144812447 2.687271171660134
-2.259722249 7.238288915 2.6132045542917828
0.47320534 4.460922605 1.828380702706676
-2.182577534 1.063812164 3.951725617637976
-3.373889802 4.204579208 -0.6862719426809374
0.861867202 1.741060077 1.352674645786621
-1.331393076 3.131309706 -0.9463982159772568
-1.018464129 1.047444783 -1.210586205408429
-0.486423956 5.094240976 -0.6352336989568848
0.339072928 6.468074474 1.4147052327619676
-1.988959648 4.089435248 -1.5833935268169732
-1.140513288 5.77063312 1.9592587327913913
2.929313093 3.23286365 -2.6927538301116383
2.001795737 5.073974539 -1.0997792243426971
-0.246444818 2.68394713 -3.554679806958668
0.552390677 2.372189062 -1.5844771188365767
1.220222542 6.894789754 0.042765662939475924
-1.343835045 2.295792838 -3.112041512668494
2.246428485 5.152866993 -0.7051691020052715
-0.410403639 3.086600411 -4.464317005171921
-1.657326829 4.096590751 0.7682940260510049
0.725363746 3.331794322 -0.7928652108562435
2.845584474 4.230408733 -4.506366923028358
1.59525024 7.874225474 1.3714667248312997
0.86509349 7.046091566 -1.7948728392107727
-3.306471309 2.373278531 1.8507786736949905
1.746716661 4.464771574 -0.9592940654685789
2.213077923 6.678441725 2.724513648036897
-2.902808202 2.325729927 -0.6154075101558742
-12.500572377 -17.824342394 -1.5412580928747732
-12.22861036 -18.685616668 -2.8730871151123303
-9.679156505 -13.845743382 -3.4188627846709063
-10.821059245 -15.24255202 1.7374826133405534
-9.98391767 -16.741132393 2.897045375237762
-14.482350519 -14.959729549 2.276259754415908
-11.917293114 -14.690822568 2.943013746893964
-13.890504822 -17.014949265 -2.309160087483723
-15.02110345 -16.865585229 -4.928518526487332
-11.913380344 -15.115165475 -2.7499177771980756
-8.076009846 -16.267017109 0.7802837729009449
-14.680354142 -16.745678624 0.6451774099595875
-13.491440486 -15.548566289 -4.359819180142818
-12.511152067 -13.132757072 1.531611687417053
-9.78228167 -14.155305549 -4.802338151004698
-12.205448593 -17.614112315 4.163901953109098
-11.3407021 -17.051883066 3.3172755272093806
-11.413185551 -15.231531049 2.4930825984012674
-10.565566389 -18.672271805 2.7747499831531908
-10.120063849 -15.671172244 2.391323380163815
-13.044360189 -18.663867754 -0.03365626660191268
-12.71937081 -17.125756762 2.773440290985386
-9.133048896 -14.557911971 -2.7007670433654853
-7.677469341 -16.873792279 -0.23213063260792488
-14.060288837 -18.165154932 3.15394611127126
-8.796559321 -14.875451699 -0.10382799896951678
-10.260338039 -18.892204 2.0535205820693783
-14.208897742 -15.845498713 -2.884278488442579
-11.122671687 -13.941754171 0.9263750248151679
-13.120428962 -14.568693165 0.5364943125131401
-9.888757411 -18.470003482 -4.332689569538783
-13.621641797 -16.793544218 -1.8148850470090139
-12.392409011 -16.720254443 2.5382366801969347
-11.581091994 -12.527850366 1.7374969853617888
-12.795936427 -17.537948256 -0.6888734434075916
-11.143464996 -13.373635988 1.9365905070114051
-10.659701691 -14.571994047 -0.9999680081017512
-8.935212769 -13.749887542 -3.9021328622497577
-10.638322889 -16.050319342 -2.6993633294130914
-13.510635347 -15.983681424 3.2673150075416064
-11.730988512 -19.119553724 -3.462438077382944
-8.937537755 -15.452098378 2.5295105257967743
-15.215197698 -15.255486122 -4.273778438542499
-13.436040073 -17.605823599 -4.811197107871411
-11.592716679 -17.840248378 -2.5743116467392957
-8.446012515 -17.570746718 0.7383252968392444
-10.100938071 -13.748825453 0.8557195887588387
-12.497300244 -18.205666519 0.36496321864327275
-14.489002539 -17.603240917 -0.5674922282773771
-11.170797473 -13.117892919 4.680053379262009
-9.811095445 -18.456448324 3.248984932970947
-10.110032207 -19.552265365 2.043938900837122
-11.049826165 -17.699760254 3.778226049197631
-11.346322936 -19.638436437 2.9215146421384777
-10.72137492 -19.040223637 -3.203050712736155
-9.24968272 -16.013693653 1.197758102438887
-13.077797408 -14.110503285 -4.964310327308455
-10.184204163 -15.243987511 -1.5145644932659552
-14.70919731 -14.287544832 4.623101941843199
-8.97632992 -15.053343977 0.976133457806033
-10.27229781 -16.408894007 4.051887231754707
-12.181569911 -14.326206899 4.35082963823851
-10.031325602 -12.979515034 -0.7722393272470001
-14.10199717 -14.893310082 1.926397481580361
-9.123986149 -19.236218079 -2.3704783583404465
-12.502826222 -16.903610314 -4.229949067608842
-11.140157248 -16.953473733 0.5618884581226427
-12.530438062 -19.441511622 -2.0457057224836595
-10.629946916 -17.268388921 -2.0611589725207313
-9.282728664 -18.635696708 4.553344315231481
-11.535949549 -20.467184732 -0.8831427891058539
-11.428830679 -20.184972729 4.548804356662734
-11.339408786 -15.526054524 -3.4811109695383347
-13.037670579 -16.372576708 3.745201901546629
-9.464644433 -14.396576978 2.6379876279464467
-12.310810459 -16.001333337 -2.341049995477883
-11.055814163 -17.477813596 3.289001818536123
-13.183052185 -17.778188895 1.1426265362036938
-7.981100697 -16.681986748 -0.2281231990984498
-9.905492648 -14.816391043 -0.03246524700690934
-8.758297509 -13.527990237 0.3757662802959221
-12.294279374 -13.513492579 -0.6096084224216272
-9.674840942 -12.923629659 0.593755866877367
-12.113134768 -15.621931988 2.3345251912103393
-10.151105446 -20.134221598 3.4943400257044903
-9.023789569 -18.388565685 0.3067237318065903
-12.712697303 -14.924339618 -4.885944010804843
-13.667576337 -17.0270217 0.35272528608547304
-13.946152373 -13.936561867 -2.7785244404883667
-12.964193871 -16.07706945 0.01616595514309349
-12.296999661 -13.327542813 3.6449397394012255
-11.073931964 -15.343559411 -1.759441997109782
-8.660564456 -16.172196123 -4.820821674156796
-10.2601993 -18.503674393 -1.5421522466625204
-14.455993805 -14.345841908 4.106732326571047
-8.586505959 -18.42461924 -4.572780545973477
-12.972930887 -14.027062487 0.8191598010445267
-12.077188076 -16.236763462 2.8071830469544246
-9.206925423 -14.185905976 -2.3299915274928127
-11.582432317 -18.187383825 3.6011089436451105
-9.593394765 -15.353668737 -0.7969211026723855
-10.926909601 -15.289302034 3.77980918726384
-8.684807365 -17.068925512 -1.8569544472732478
-7.626454247 -16.281393747 3.4472648529483667
-9.500777563 -16.181275384 -4.544488192271045
-12.076157525 -19.475218422 2.0437460305785233
-9.099462066 -18.704819122 1.7025704950252507
-12.635067212 -17.430857518 1.1941218149302344
-14.897592792 -15.652656727 -4.839075811174772
-12.178758297 -20.297041073 -4.8793947504578785
-9.957899789 -17.735757375 4.593087362138032
-14.035544896 -14.163272319 2.0638003251913597
-12.140335431 -13.325687817 -0.5995849430044418
-7.717346256 -17.683710073 -3.0548713061421626
-11.085256239 -17.040754282 0.8962693214108155
-13.311629274 -17.672819501 -4.910375727471159
-9.696449387 -17.976959524 4.752411206845846
-9.25468503 -16.514085585 -2.7413413265038553
-8.625888585 -14.832135428 3.299352301524486
-14.256459043 -14.151373525 1.9231416220725421
-11.644091667 -19.530871817 -3.74474863086384
-11.717634762 -15.667161078 0.047147670096986616
-12.519025646 -13.79239257 -0.2898069130167116
-8.809606596 -16.920959206 -2.4576577288387957
-13.385113754 -13.311481257 3.619128112361519
-9.239886981 -17.495559781 4.665752210370741
-10.044992533 -17.612752958 3.5979866929896733
-11.768452731 -18.598919375 2.2508949455614182
-11.09295163 -18.613547201 2.670032044195491
-10.147166747 -14.133520337 -2.8290696098305137
-8.10456506 -16.519457327 4.7712468468993965
-12.625987442 -15.464664514 3.1643339746097663
-14.670791687 -16.988455321 -3.501300884091556
-14.926984524 -14.98269734 3.1955350192760594
-10.489745574 -13.549089809 -4.6655563612780595
-13.35919787 -19.025763938 -2.361426909682449
-11.50178922 -19.441348872 2.4690604419621573
-11.438840039 -19.334465348 -0.7418505694132635
-13.761103846 -18.746820648 2.955724377421407
-9.617843492 -19.798345233 -3.192845509338833
-13.246563845 -14.218645248 -1.7236602203215212
-10.622716467 -12.687285105 0.7993514567400171
-10.682802366 -19.616252414 -2.4990842888780787
-8.730678935 -17.514338487 -3.1266997439611233
-11.199420198 -20.048188325 -3.365152780781988
-10.169557151 -16.048890553 1.4880914242544154
-14.64198078 -16.456018812 0.5774997377390889
-14.098904191 -17.502588619 -2.1964975653611307
-12.534954317 -16.511191346 -4.207542600855558
-8.729160108 -17.130970901 1.5827225087892849
-13.319447618 -16.351735457 -0.8427930256662624
-8.395163287 -17.060577253 -3.1784977680230977
-10.541637794 -18.595149053 -4.624655176578482
-9.865925715 -15.489225168 -4.236449907871038
-13.26664316 -18.919064044 2.151557379036401
-8.540524091 -16.562749083 -1.2671131600668586
-13.09999861 -13.68314706 1.603107431274866
-13.675038537 -13.841285273 1.4246883784339452
-12.922006027 -13.885869013 1.9442159226075209
-13.401755445 -18.997664315 -4.84260190621397
-11.991889701 -17.394698611 -2.8112848347004373
-10.434477021 -15.910120175 -4.774683181002528
-14.039167339 -14.139047238 4.61818025183838
-10.38434676 -15.277678262 -2.018767829111192
-12.386669057 -19.905854215 -3.9448251534002132
-11.179668176 -16.611085523 3.2280063912257155
-13.958381881 -19.258688272 -4.684328207319708
-14.982767195 -17.777067702 -4.284863258560758
-13.393181037 -18.11213179 0.6953478907830561
-10.52876475 -20.115899807 2.4076764770862162
-8.203729261 -14.395085833 -4.998561602635262
-13.272179432 -13.143288332 4.387850368433298
-14.103527889 -15.202316969 -3.4203058890914253
-13.824565614 -17.941469589 -1.5245962850343089
-9.324639763 -17.918193902 4.120984890547833
-11.552350599 -14.583113691 -4.466689498229481
-10.370755504 -12.65978565 -4.802590789039628
-11.049210678 -15.124463288 -2.273720802982683
-11.042967918 -15.233108928 4.131430866206298
-12.422342896 -20.118701914 0.24225977625867845
-8.983117454 -14.874316293 1.8323278200652169
-11.837112487 -14.149771097 -3.242378050506498
-11.865990425 -17.712370762 -2.736324292296609
-10.811237907 -16.434999081 -1.8025664883786718
-11.591115048 -14.851980073 -3.5278590407996413
-13.034761957 -14.62655555 3.0047167834134356
-14.440012202 -15.093022124 -3.592648469981128
-10.319033046 -14.939102536 -1.3127959434277905
-9.921339314 -18.385596901 -0.13104529295319622
-9.860237356 -14.382485808 -0.13327455418714784
-8.074801148 -17.883905611 -2.4883824105775387
-14.875277411 -14.503381062 -0.9455444379458378
-10.257175493 -19.706806988 1.738962618316525
-13.328519365 -18.778232867 -3.7687981691966077
-8.994200674 -15.893201961 1.9315073769792654
-11.347434138 -19.42907052 -0.027181048607612723
-9.704590785 -13.639195407 -1.3037447384130827
-15.242432738 -17.569747037 4.3984469997331015
-10.037153425 -14.833509858 -2.301368770686091
-11.309818103 -13.710865102 -1.4584659002814404
-8.812061665 -14.260990401 -1.8369288160482666
-10.425031101 -12.808081588 1.691508819670128
-12.960284051 -14.016611333 4.42216744474662
-11.383221157 -20.066268082 -2.0536180974584783
-8.983455503 -17.986556256 0.9150279805338934
-8.793060631 -17.763133131 4.017738009599533
-10.247356032 -16.559910138 0.10486108179415421
-9.725028985 -18.110454607 2.4230929142158777
-8.657189414 -18.79620378 3.9356450533988045
-11.066189968 -14.524054493 4.285838735379659
-10.484642382 -20.390961508 -2.030152229102118
-11.971439069 -19.32028291 -1.520367976939995
-8.243522002 -17.442711652 0.36669376247050245
-12.172892052 -16.343454515 0.4456672312603249
-10.243937198 -15.575556071 -0.6001672672317628
-8.359301353 -16.573659457 -3.547957327924843
-12.617594422 -17.779475933 -4.427382172711961
-12.084045241 -12.984092037 -3.3907534495535216
-14.909989995 -14.965359868 4.760105177142915
-12.112829307 -19.599786092 -1.609631147223336
-7.885240223 -15.259976808 1.6736164936684483
-9.394364715 -16.091090177 2.1114224717530927
-8.698378996 -18.58415161 -1.7963504088556714
-11.510637049 -14.976880511 -3.82781105740426
-12.039133992 -15.170735629 -4.323666105691753
-14.216869217 -15.244990449 -2.7242960060031485
-11.794425744 -13.148893745 1.693938670395493
-8.189199619 -17.856963653 -1.1593748852238486
-10.23179454 -14.629085402 3.7770348054521357
-11.089094686 -17.34638189 -3.1240771114623556
-13.31540389 -17.894316353 -4.630443714773458
-12.450151183 -18.061154251 2.740307662101232
-9.985734446 -18.593696923 -4.421823583241819
-13.151730115 -13.574527446 -4.679244599638167
-9.94803797 -15.854420153 -1.7572563761117754
-15.143489389 -16.41842466 -3.974811794799381
-14.194026311 -19.09300032 3.159071818886023
-11.101237062 -14.509813249 -3.7387774314002877
-15.244363704 -16.87883769 4.043130939124735
-11.660810648 -18.343888773 0.45760910343847705
-12.122586353 -12.635582443 -3.3194492958567112
-11.479261904 -16.800729837 -1.1661644080928113
-15.137016885 -17.115998014 1.2565672692683751
-9.009772965 -14.553182247 -0.0839337589053546
-11.619517203 -15.619015198 2.039817473056276
-13.840310718 -19.241876955 -1.5898789286338886
-8.247848575 -15.780517399 -2.5084437081942745
-13.355034013 -18.443843929 -2.412889261747174
-12.067521274 -15.933706524 0.25294913388879436
-10.52613284 -20.345252974 -2.3167332808101526
-11.191565733 -13.837311386 -3.3470228765849166
-14.959575453 -16.146876303 -3.941277938840498
-13.898635958 -14.500099003 -0.637203406281607
-9.068905638 -18.195151131 -2.0145110272063405
-11.116060599 -15.227673662 4.433964330308237
-9.489113378 -17.655938625 -3.3455001710092724
-12.952498886 -18.641616374 3.262025414407347
-12.549570523 -13.903417646 -3.029718210070728
-13.605834047 -14.991800654 -1.6782806717247767
-8.279745778 -15.902079646 -1.5052500872278785
-14.836232357 -17.977333754 -4.3136137969505235
-12.03810261 -18.142693507 0.07408323574364317
-10.738172079 -18.349591431 -2.432978933904902
-12.973820811 -13.240100482 -1.8283287236821568
-9.892994796 -13.156450779 -2.7943305452386547
-9.741271643 -16.8435001 -0.5819997059186734
-10.104186942 -14.846290079 4.005120560429603
-8.723091595 -17.902207791 1.8986172716841807
-11.238796724 -19.098510585 0.8031672950481497
-12.243701311 -17.175781767 -4.980233529145316
-12.669137141 -13.498888797 4.788059825557912
-9.158169556 -17.809575549 -2.819456484849735
-13.409971453 -16.191443406 -3.0795493840853583
-14.047386277 -19.377258131 4.359845308806541
-10.978912748 -16.008151539 -1.2188067844273496
-15.350731617 -16.92477846 -1.9604700084465265
-12.771376983 -18.915161514 3.7199443586034544
-13.141442901 -18.261001195 -3.79807393069578
-7.632553431 -16.759420856 -3.2263558203695286
-11.531924353 -19.500379895 0.8254288167088655
-10.958026312 -15.028317328 -4.648996921234159
-10.473205868 -17.347839018 -0.2237422137010645
-9.421449408 -13.243555003 4.603189951994057
-11.714758647 -16.898147728 -1.9637183064622743
-14.057827633 -17.57880677 3.2892624371685777
-10.388890479 -13.824720563 2.154714877595066
-11.922232325 -17.583094558 4.352507717626839
-10.927893028 -14.906233889 -2.7528957132676366
-8.90533608 -13.735520763 -3.6520544782848727
-14.092121979 -15.430029466 -2.6922221075114408
-8.687085033 -16.682310152 -0.7393592474337911
-12.87250139 -17.425961459 2.367990163877116
-9.123331334 -15.850773442 -4.18849306759204
-9.583827723 -13.966638881 -3.229816993871346
-14.264792861 -16.767433292 2.4924402135816894
-15.163362459 -16.714070335 4.605403507306166
-12.260280115 -12.777597865 4.637425562881196
-12.248209367 -19.24040756 2.5758154636177917
-13.184249315 -19.850489626 3.632517094856052
-10.465868899 -15.100574597 -3.1503761673205877
-13.387151429 -13.745457926 0.3315516399153706
-11.362708636 -12.911737676 -3.3218434314190146
-13.200998742 -18.112075238 -3.0100943408661527
-10.89531216 -17.261374927 -3.1229493668611408
-15.142416288 -16.262915474 -2.533613163290597
-15.332887344 -15.933834651 -1.6293338160262727
-10.483751121 -15.256187252 -1.109865714139108
-13.203546665 -16.854172983 0.10829316662303601
-12.015490251 -19.00969231 0.5739356196757779
-12.004723985 -17.360198919 2.4520423802105302
-13.716238744 -14.255139991 2.1698282680239425
-9.61926304 -15.823553494 -0.04778841808923939
-13.682393089 -15.063739862 -4.82380630715571
-12.411937836 -14.493780552 4.867103892212581
-13.490862454 -14.233637701 1.8663569689016812
-14.78617973 -16.701099603 0.1667984295013225
-12.780931467 -15.745664656 1.0907438832612097
-11.080338374 -19.860851779 -3.742662260350346
-11.522394957 -13.703339787 -4.888019134051211
-12.878032955 -12.877507979 -4.508691992768792
-12.222933651 -17.60363825 -1.06474247494744
-11.508605671 -19.197666865 4.3802228955074956
-10.427949617 -13.543402779 -3.5242882068092585
-10.902252406 -18.5544619 -3.288040051745215
-11.52952009 -17.260301673 -2.3156136573532917
-13.758535468 -18.459001891 -4.4054744739038565
-11.321262932 -16.739023843 4.088876074090567
-15.035439393 -15.872968639 -1.6541475931876626
-9.276329368 -15.808315199 -0.7895434029385715
-9.349076654 -14.931084239 -3.547470023906137
-8.877277048 -14.484950907 -0.5647164182757898
-14.273415564 -14.322968535 -3.7480573423953745
-15.278600149 -16.763645466 -3.709505131319472
-12.252182619 -16.948359317 4.917247181009786
-9.20823817 -18.918476518 1.3231215451491227
-14.273744418 -13.883111331 0.017748085159387195
-12.974591001 -19.544870744 4.5387842327426835
-11.533608065 -13.233398322 4.897190562030438
-9.52611554 -13.487837813 -2.314494013655702
-13.046382926 -18.021344516 1.589601242438774
-8.144485637 -17.565713627 0.31979530814414403
-9.608523647 -19.481778971 -3.352820603758171
-13.651068379 -17.985637726 -1.5128009191632352
-8.607474429 -16.356326391 -1.1562691150861704
-10.104173215 -16.662997359 4.383931297140718
-11.497069752 -19.714101061 3.8885015671868217
-8.756812839 -17.960133425 1.7884815794555156
-9.662329792 -17.818546748 -1.2548343510176743
-10.244618208 -14.742596357 3.5904769646518204
-7.467933609 -17.018490026 -1.315842685363732
-10.711701347 -16.58144184 -3.455067051381908
-8.464199803 -17.93856818 -2.879301943074697
-8.265532917 -18.230033038 -0.4612944844947968
-11.180796538 -15.124300803 2.6354075210349395
-11.164430394 -15.85006149 -3.7108235219801857
-13.191437908 -13.545869008 -4.823963761165785
-13.647129903 -14.174572776 -1.1540777279463876
-9.901798343 -19.411180759 -0.12199097370595524
-14.439060652 -18.393809583 1.4796271310432676
-12.381837234 -19.287735125 -2.328134685646491
-12.29965307 -19.342080479 1.5027052413828415
-10.965278908 -20.152571817 1.2613128695553444
-9.244507329 -18.758253003 1.8849257321895898
-13.260183743 -14.854140585 -4.58799251787858
-13.646608115 -17.405742374 4.224782067514939
-8.52958781 -16.458588401 4.4191859642697455
-10.178008236 -19.694295095 -3.2829898998246234
-8.664831334 -18.215378348 3.6671293810233347
-9.527670745 -17.437035267 2.7053510430627625
-9.929875149 -16.806285616 -1.7850144940885118
-10.140632849 -13.489483607 2.993706410249322
-14.56585104 -15.205354337 -2.4736298489158735
-13.385250983 -13.284809328 3.613598956955853
-8.613327414 -13.720974856 -1.5138829013977686
-10.223587166 -17.735199735 3.4098206198610264
-9.834636286 -15.042389181 0.4438482062614222
-12.674595648 -14.083108898 3.3198733467214527
-8.068122761 -14.451958241 4.29752826390955
-10.172464871 -13.051693288 1.7576730428636713
-11.043027369 -17.988230498 1.9766003630114177
-10.494074197 -15.367010971 0.6937377013213322
-11.847065409 -16.509345554 -4.121969486168374
-14.252566712 -16.460841269 2.3310309738885984
-12.421115625 -17.920258278 3.0994658542345004
-14.424924991 -16.242809055 0.5751387138514392
-11.250049315 -19.148948584 1.0007468756334168
-11.23040912 -13.823414246 -4.540574377804765
-13.161588106 -14.331861476 2.5467762976732597
-11.23745754 -17.068569174 -0.15081498465692889
-11.225650215 -14.19407288 -3.2910502485039714
-13.988613902 -15.980468499 3.5743777522221603
-12.171937053 -12.752844593 4.715829570498448
-12.627303619 -19.316616608 0.7619108304444397
-7.669975241 -16.758361284 4.03146725724698
-12.212698939 -15.87477736 -0.8110643602917103
-12.676754587 -13.869942559 1.6560460368288048
-11.299577101 -15.797682811 -4.661847808492229
-9.443263763 -14.709382434 -4.86289252047343
-10.444694941 -13.05443776 -0.4871942896311534
-10.003968022 -15.144310304 3.354571540411653
-15.108025988 -17.47769091 -2.7181621608182214
-8.936952686 -16.066529381 3.58711523877181
-11.611761569 -15.462494275 -0.35532866988123146
-10.158628768 -15.909710022 -0.09465622548970654
-12.313511749 -15.663206306 -3.2224313268327376
-13.756371701 -15.905074542 3.9878028464816655
-9.738498031 -12.99530404 0.29038118360870335
-13.66446035 -14.877771558 -3.20634536654687
-13.090497938 -16.522842807 -4.140350983540896
-10.981653076 -19.720717671 -2.18857842616883
-14.864537121 -17.344377005 0.5914998128882303
-10.706275366 -18.488462951 1.7306771289493188
-14.427065061 -14.48884227 3.636236690530609
-12.914176963 -16.508985189 2.430581373303938
-13.988241431 -17.404439309 2.4239599618221286
-12.717328113 -18.92262049 0.1677039230025157
-13.163093867 -15.04592088 0.9655690973447397
-8.582993054 -15.941595822 4.538075266867487
-9.457358669 -14.07407477 2.852812691547907
-9.972737546 -17.881054307 3.562086073206137
-10.97265401 -16.312834889 3.9848146048942255
-12.192680495 -18.827825192 3.482100356467468
-11.601509854 -13.56909072 -0.7358541423768656
-13.869249334 -17.135723948 -4.098384630472784
-8.10534932 -14.955082863 2.706944832560927
-10.738562538 -15.858676689 -1.268246193134793
-14.154844333 -18.085415017 -4.800389140126576
-12.246562965 -20.389663468 -2.2457903792406455
-10.624081773 -18.064389288 -1.4128903455508413
-8.035210658 -17.880994836 4.236307346647973
-12.520911195 -13.509804593 3.4930361740277505
-10.575371633 -18.496233542 -0.4360459228654783
-10.477938208 -15.413429171 1.8541651008911089
-13.673655505 -15.121989611 2.1878063065324183
-13.48579329 -14.227412695 1.0886794450030717
-7.76015655 -15.436895749 2.532002747435868
-10.268944995 -12.992109502 -4.944526887395046
-13.817533739 -14.57211487 -2.4110682278414783
-13.278601883 -18.203778351 -4.207788919883212
-10.022577648 -16.707662374 3.3203326886832194
-9.492719272 -15.052572341 2.357450452503196
-12.36206915 -13.999960342 3.378860464716066
-13.678376391 -17.975023186 -3.9428528931256746
-12.151150061 -19.327028939 -4.650542725357912
-14.690814914 -15.794073722 2.5943665966863216
-12.993346222 -14.520980889 -3.15941887154912
-8.003441035 -15.627590128 -0.37018206716311397
-10.682512948 -16.43480331 0.8544805092679919
-8.656248431 -17.857408438 4.694278194187328
-13.958861743 -18.727914839 -2.248664851860067
-13.708964336 -18.109531094 -4.745401941680924
-14.308971294 -14.171176234 0.8830003134828956
-13.860201181 -17.436395365 -2.397669679398274
-7.763681758 -15.900952718 -0.07902884157629586
-9.301398034 -15.832935838 0.8327560651706101
-12.103657321 -16.351601386 -3.178573299112162
-13.758574382 -17.85404565 3.018571352684212
-15.101722354 -15.696037347 -3.6949437322714616
-11.459089115 -15.418522057 2.8084571766577024
-9.703000105 -17.231123846 1.387507438559866
-13.358622056 -16.265385632 2.547921030879907
-12.006562182 -14.404142835 -3.42995294001181
-14.392779196 -18.322485883 -1.621404724969028
-10.140351124 -16.178225868 4.6419228663493985
-10.616015437 -16.050073184 2.677121140120126
-13.595056585 -16.60168876 4.175911511963527
-11.192096558 -12.911795724 -3.606428105726133
-10.361200777 -13.663735136 1.6256354173095913
-7.934483354 -16.001288467 -2.6098802983733984
-8.043544086 -15.121646411 3.5807423416785333
-14.234380051 -17.496643293 -0.3710773851882685
-11.13125848 -19.779586423 3.2136580311532796
-12.086213998 -15.43559087 -1.5857924489831134
-11.181438053 -14.098825035 -3.816413205171505
-14.9908853 -16.346093205 1.9797650593976464
-10.396802192 -14.12966823 3.357195864602721
-10.784273901 -18.915063534 0.16610575678679407
-8.810963124 -15.301464029 -2.483823648895611
-14.351763942 -16.021553253 4.485634568077474
-7.800920109 -17.594338682 -2.8473391383058875
-12.291866841 -13.692421295 4.220392455473895
-11.57692972 -15.7888279 0.9009349675106462
-14.528274935 -15.002873646 -4.560708467858172
-8.606072091 -15.685653599 -4.074705716488975
-11.082815719 -18.154750623 1.823104957706109
-8.339321481 -16.917915616 -2.453057531485033
-13.675249027 -16.950251615 2.901460316306224
-10.085784629 -14.037473276 -4.438652142439033
-11.856677074 -14.71355313 -3.8946249789466414
-10.413441698 -18.56677706 4.445751164667662
-13.326104896 -13.300478843 -0.152780975568362
-8.690179214 -13.892869 4.051401208251805
-9.777620826 -18.600830553 3.9138911051255754
-8.281589565 -14.84937229 -3.635670097634527
-12.722848428 -15.411105297 -4.639557752175425
-9.413482321 -17.293552117 3.1977975758204966
-15.164786556 -15.227541809 1.7102596957184844
-9.397036307 -13.755662949 -2.749220480479715
-10.530321841 -14.96098153 0.33216998075557846
-8.683018932 -18.660218589 0.990749352759055
-9.636659359 -16.753022136 -4.889437966835923
-11.908401621 -18.271792585 1.2913420783212448
-7.499067205 -16.154273206 -4.25806773824351
-9.422038881 -18.080082784 4.513656314308941
-13.162930138 -15.612089052 1.5938025845616508
-14.804186903 -14.900613017 -0.413769707178715
-13.463087826 -15.130916579 1.898928246459227
-8.124009631 -14.528330813 4.917276451052121
-10.255581519 -15.809786382 2.2506682774285665
-10.122765125 -14.364115552 -1.4729960542401477
-11.817359371 -14.05351888 -4.28499386011223
-13.232210203 -16.574495036 -4.5519502178606785
-8.869284934 -18.991584674 -4.974910320029197
-10.534952356 -17.849033547 4.301317632732172
-10.285323303 -13.963235177 -1.08910052096862
-10.047081646 -14.721467038 -3.3675478092137547
-12.315798788 -20.335369777 -0.027896737916854875
-9.638445575 -17.047568092 2.0327621753299594
-10.204939302 -13.805862676 -2.9623620514379176
-11.483749696 -17.448136003 -2.421335050847484
-11.373547277 -13.128044062 2.038389943635398
-11.699770241 -18.736876105 -3.243249000361137
-10.939112809 -19.58658857 0.4356352890284212
-11.913135541 -15.189991399 1.0567168662025939
-9.529097262 -16.282579697 4.589265771552611
-11.399927316 -19.569786138 -2.455202794127408
-15.081464613 -16.136644167 2.8263744949731127
-10.625798704 -17.587390453 3.906373534767482
-13.754727334 -16.663204347 -2.1847621453321295
-12.159800645 -12.743097638 -0.8565419784406414
-8.086940962 -16.240021621 -2.5070707069292455
-9.576505305 -19.92313071 3.1702399247486337
-11.065099139 -17.837756372 4.3377331232100484
-10.378884716 -16.207433313 -1.5075770195397764
-11.966143 -14.199332073 -1.1970750841090738
-10.286801538 -12.950893973 1.964807086909694
-10.814289058 -14.129654898 -1.3572094410478206
-12.109275619 -13.202422747 -1.92302730334836
-13.088506197 -19.614991912 2.275151421196603
-8.464569488 -13.932666141 1.7578199779934902
-13.149678038 -14.565896764 -3.336146649457601
-12.207180927 -18.51121365 1.8084595132803898
-13.030741207 -17.067239773 2.0024661327286797
-12.633801396 -17.282714163 -4.250619726726215
-9.031432973 -19.531225286 -3.8012624249528058
-11.265476501 -12.544555348 2.6044466242695297
-9.047263876 -15.213233807 -2.7765209795981836
-13.183890248 -18.256143759 2.686373907270858
-9.769658851 -15.538365879 3.978357953492317
-14.284712056 -19.22730197 4.4835282249539485
-11.162384186 -12.6471314 4.956005092872934
-11.986480282 -18.005083215 2.8539109207434334
-14.570996633 -17.905183606 4.596012765416733
-12.82576533 -16.160201125 0.5784050365257452
-11.367977107 -18.77656617 4.6596408854826485
-14.814031778 -18.193003343 4.010424982848571
-8.600912136 -15.914737288 -4.874257074127203
-11.726168966 -13.32875505 -4.06309012662467
-9.467718093 -18.935712991 -1.0813283250896455
-12.369234 -19.372786324 2.864047627330983
-9.834822109 -14.966792968 -1.2929587475999593
-9.036588622 -17.867674691 2.121251257394351
-11.220121096 -16.134638501 -0.5686768249809262
-11.876688106 -17.212521705 0.6757101301278858
-11.064708451 -15.580345287 2.8622412824882746
-14.990752841 -15.206510784 -1.2865608420334782
-8.520311386 -15.04159702 -1.946417488077227
-9.918128668 -14.392096561 2.6687497688945827
-9.407528346 -17.203610598 2.1852850801238075
-7.460832552 -16.522333721 0.18165195846854854
-12.394338939 -17.176595968 3.9040322803746292
-12.139378738 -16.067048393 4.255185471016594
-12.229070754 -17.423291485 -0.7082750784921696
-11.607413734 -19.477469263 -4.5080534516443524
-14.319709443 -17.239428423 -1.1411227550534129
-8.765060336 -19.388295126 -2.0222426868188084
-10.420713902 -16.914615488 -3.5390866409199804
-7.761781352 -15.448427882 -1.6842892827069944
-11.117115147 -17.425088714 -4.850685503652226
-13.851498568 -18.802982423 4.629822141963052
-11.379465449 -13.341198886 -4.278802560602361
-8.154833811 -18.515888394 2.5163522268349663
-10.291651509 -14.581130494 -0.14033269729248055
-13.708703573 -14.57233186 0.847906786071281
-9.35369888 -18.183454892 -4.430419399343598
-12.745917521 -17.381500552 -1.7711470081911287
-12.629323995 -19.834073265 0.4983022554109393
-14.210223937 -14.232683163 3.699589057116601
-13.715874613 -13.225402522 3.488373227110264
-12.254773594 -17.739740461 -0.12887166872928457
-9.753346688 -19.367558171 4.679080115788693
-11.083557686 -17.997943886 -0.16833873367144037
-10.166916529 -19.862243106 3.2632613163674034
-8.771745332 -15.200169755 -1.5856373195435602
-10.22119953 -13.102770998 -2.651011959553008
-10.714841265 -14.255357788 -0.5716648896066934
-12.97726555 -19.834713991 -2.8483695348570315
-11.035110392 -15.312203018 0.2492695451432292
-11.226989486 -17.721061031 1.2586430508974455
-9.439317108 -13.103051841 0.9788670688623782
-11.666364637 -17.792498036 -3.858158755823775
-8.952684507 -14.594049809 -3.0210876252012895
-12.526038517 -19.980931834 -4.124536537528028
-11.171222661 -13.224295734 0.7497154000371085
-12.125878378 -20.07653241 2.5571726722849943
-9.721580178 -17.622000496 -1.0971254188348887
-10.311536827 -13.926369116 0.4659357165598852
-8.304181042 -16.50259221 2.9492874761496495
-8.824382612 -14.53209803 2.8213774930254925
-12.709373368 -18.491419525 -3.1002605853761334
-9.574808054 -15.709972538 2.0916661483376844
-13.536662934 -17.534604699 2.530877615318242
-9.45169271 -13.833309067 -4.521461415739864
-13.910501028 -14.500262352 4.865143482637297
-12.761113166 -12.977569 0.578550488525158
-14.489694445 -14.444468491 -1.3016384454431575
-10.783793788 -13.715325726 -3.974631569347782
-12.183521551 -15.764247961 3.028032537098497
-12.140302263 -12.980354752 1.5538612864025234
-13.177906795 -16.9336036 -4.632947468545144
-10.96353374 -20.101845512 -2.2194001161986088
-11.689392925 -17.595735598 -3.9788945253516363
-14.509641907 -15.951270864 3.875507532066372
-10.761098027 -19.260120477 2.2681287694317245
-12.120573371 -17.769184517 3.975565657267646
-10.180974125 -17.934139868 -4.452274659528236
-12.53063159 -14.127171814 2.956830245357388
-11.480509569 -20.231054446 3.1683582916464985
-12.490739954 -12.696039861 -1.565967833595284
-10.365253543 -17.412811044 -2.7356189765900885
-12.256507193 -16.685125206 1.8233450280623007
-10.524127911 -15.444041154 3.420613935506964
-11.821217311 -18.280048869 1.9646278427180786
-14.71743621 -17.133022783 0.344063100185938
-13.003275992 -17.882289938 -3.2347726687072242
-8.658397744 -18.288642933 -0.3006507544694115
-11.954620893 -20.143586147 -3.2482398129657595
-8.555246136 -14.20274155 -2.675251831059434
-12.647178025 -17.242542594 -2.4499288959085086
-11.437259517 -19.70282691 2.210061432720936
-10.575428526 -14.224569076 -2.573565821620929
-10.290704597 -13.215884357 -0.24812402209548523
-14.978226949 -15.486055441 -2.798591553004486
-8.510014025 -16.745103176 -1.8375002864507897
-9.522718786 -15.713005738 3.4005746289217402
-10.510714048 -14.057710757 4.165461260131828
-12.488776662 -15.809697277 -4.4047587360226625
-14.470330583 -16.712463381 -0.020217489219596096
-7.942446352 -17.642724383 -2.6276946723309393
-11.325935254 -12.556947269 4.749948710652806
-9.007875597 -16.551837987 4.822645996621661
-11.482826245 -15.62543469 -4.626483794034528
-11.14508772 -13.136058999 -4.120909106666462
-13.02466059 -16.446524416 0.7374870409248491
-12.63870016 -18.853542357 4.146298080660795
-11.559799873 -13.631617008 4.309656276704587
-11.703149805 -17.579844128 4.032049988464578
-11.481749974 -19.905348849 -0.5476054232709204
-11.295067896 -18.74754994 -1.7725420180629445
-11.542899901 -13.270281341 4.479723610487913
-10.001136226 -17.325450905 1.7379126855097846
-11.364622423 -15.468604754 3.2817524607500044
-8.513285003 -18.65694004 -0.7332074631928123
-14.727446104 -17.455002018 3.3528464349026983
-9.27021102 -17.304029362 -3.879996569733135
-14.733220428 -15.154417926 0.01807942170118082
-9.453301176 -17.924091449 -1.146840700544376
-10.492363305 -14.096893106 -4.806872183907567
-8.467791466 -16.200137886 -0.48069527514712185
-10.513265728 -18.462274113 1.1352133323822997
-14.427668358 -13.957106906 2.296917412008934
-11.302056286 -14.164406906 4.754809423772375
-12.708390748 -12.930914041 -3.665368643198322
-12.479917208 -20.279119243 -2.460096748464461
-9.82685776 -12.972798352 1.7463006719669387
-10.979477047 -16.710644268 2.055582036653788
-10.748998953 -16.160162692 2.928308434864344
-9.583691029 -13.391798393 3.9201221810358167
-11.216019212 -15.170275771 -4.500675532533607
-11.860139284 -17.520221982 -1.7131541410654263
-11.479126975 -18.125977932 -4.933098192940099
-10.005144063 -14.64868957 -3.6877170230815604
-9.292785 -19.661474048 -1.3448276133804837
-11.407672747 -14.322120284 1.7421968528035734
-12.309634205 -14.735620313 1.1114614358436823
-11.186710384 -18.397669664 0.4637347102074463
-8.068705601 -15.961446587 -1.0944014546767153
-7.905477993 -17.906417899 0.6607010281721681
-10.6761172 -13.73713968 -3.7068287914487774
-12.818009705 -16.386357225 -3.3444495906139116
-9.995684532 -17.436050569 2.0925034674958702
-9.866210335 -16.939502777 1.536146215625803
-13.645747588 -14.77510778 -0.7011467158616185
-14.430498325 -19.051865465 0.46305523675411653
-8.467417058 -17.287685099 -1.2982619027667752
-9.615159499 -17.426071098 -0.36372028473831186
-13.400201749 -14.981149611 -2.274217187710067
-14.259353497 -18.087436891 3.901317998337486
-14.599087544 -15.961211032 -3.773467173905728
-11.844390859 -19.037014546 0.07129649972733798
-11.023815602 -13.012020362 -0.9331969677433918
-10.993824998 -16.735849407 1.1403912482117011
-14.998535698 -17.256778723 -0.9301133703042659
-12.660363275 -15.479265662 0.0685088831897307
-7.955393428 -18.442370092 -1.4384346901415022
-10.883926434 -13.042442284 -0.5974582582172392
-12.002695122 -19.234828467 2.8564174360553816
-12.349012236 -19.484221984 -3.6830908506615376
-15.173138936 -15.852526662 3.716293314039161
-12.586855706 -18.531836341 -3.183353218772038
-9.511048402 -13.305417432 3.266004050349471
-12.951381437 -16.306900329 -4.465705915752447
-8.800273052 -18.976812979 1.329853536868372
-11.294433556 -14.164613123 1.7549154869867785
-12.797278073 -13.553613408 4.394860290889911
-10.981803543 -19.518497446 1.2994841582765204
-12.891937719 -15.605512019 3.4022591949707213
-8.302582489 -14.441388468 -4.902292222447749
-8.660918245 -14.387432828 4.931387588288237
-11.135944913 -18.915783043 -0.13304115493086943
-14.637511021 -16.379332922 -1.7665566058050386
-8.868703778 -18.931309267 -0.47335845051632397
-12.283384066 -15.522488267 3.163945289359475
-12.695958826 -18.153565296 2.017296569887015
-9.496038819 -15.667554822 4.82500903581734
-14.693001981 -15.321212888 -3.8970484709156206
-12.583601966 -12.738317716 0.2011169001455313
-11.772350243 -19.693969827 -2.3389230024642926
-13.755427921 -16.073030549 2.6718325161203165
-11.271076788 -13.103075565 -4.44032762997245
-9.484995154 -17.618480619 3.9537133381645333
-12.753747509 -16.953450033 -1.3466111850768914
-14.045035006 -19.314993878 4.515543200171443
-9.200535051 -19.166706008 2.7390746976338303
-9.602169279 -16.277307568 -3.85912635639012
-11.674046157 -15.013890875 3.3405577945683547
-9.880194222 -17.932693055 -2.965369698304542
-14.377520215 -16.538918621 1.5287864253246148
-11.413106958 -14.072508532 -2.1420053162886954
-13.363470716 -14.939115878 -3.5705343025172906
-10.580241834 -19.885229047 -1.3114299984222177
-8.829644941 -14.640537518 4.993674673688869
-11.150684129 -18.695510216 2.1074159209444767
-13.604578813 -16.282665498 -0.2601765388569097
-13.16049894 -16.468685227 -1.4488444599553816
-11.063925144 -14.221889475 -4.613232474661647
-14.132292042 -17.34154928 -1.2869510656170768
-9.904513614 -17.152700678 4.9705665388665174
-8.743245191 -15.089602721 2.8193100967634077
-8.942977253 -13.516740524 4.137159775718025
-12.866378409 -17.162570364 -1.8835953409782071
-8.852136011 -15.785337328 -1.7851712042671486
-13.725642442 -14.777532796 0.11708076160729419
-14.081886489 -16.132703 3.3126369910253715
-10.227015748 -15.405690436 -0.7216474098593597
-11.893573948 -13.760303608 1.0683209510321765
-9.237328191 -13.74516674 -0.24834649803000186
-12.455355562 -15.146553237 -2.0447842778407677
-10.412239121 -16.442620768 3.178668441288494
-14.812891508 -15.141328141 2.487639736000907
-11.483393119 -18.351792815 -1.333720366815295
-13.577906417 -14.662576579 4.663707012651903
-10.302357779 -19.171164652 0.8913855647184912
-11.427923308 -14.200573149 -4.151781075426618
-14.702492295 -16.078238678 -1.8497708886667374
-13.492705849 -14.782405127 -3.4891850515782705
-10.536323746 -13.574256001 -1.1933892493249179
-9.389814835 -16.64475306 -3.349011362650648
-11.810342716 -16.50335686 -1.8064688666790794
-11.708374422 -13.10728046 -3.672710076368788
-12.70284926 -17.41725024 0.36730995789115184
-14.115290337 -16.116806147 -1.7455771940713527
-7.703517008 -17.681722114 -4.1679213833904525
-8.739977367 -17.950768449 0.7427668789219215
-11.023052041 -15.013795761 -3.0772847072908416
-11.731621994 -20.262338784 2.3966213688623315
-9.288949144 -16.871089028 2.511220455168665
-14.805499774 -17.656046988 2.402316253298279
-10.711162359 -20.16974043 -3.9846878124151672
-12.607147808 -13.2505204 -1.0251728437753616
-7.513167315 -17.278524158 -0.6030701070122513
-10.846481977 -18.302148443 1.8240714544917713
-9.994075194 -13.024927841 2.538023609627542
-14.550137899 -17.510746847 -0.6011208710069038
-10.283564372 -14.78007376 -1.2623155974622815
-10.117107058 -14.26773691 4.557508777255661
-9.618137542 -18.616972178 2.931547051593899
-8.147380108 -16.719281484 2.0376678350769817
-12.540663759 -19.119896873 1.138658099925534
-12.747775744 -17.979415874 -4.0450663641868525
-10.949519224 -19.119294933 -2.388970355840377
-13.743650439 -17.172844659 -2.636281869041083
-13.040978229 -14.763789051 -3.5151718910509446
-10.553649483 -17.596270803 1.755895273908056
-11.869342163 -14.924697429 -3.6692361013961836
-12.311162527 -14.421839163 0.6746138112385927
-10.681190128 -18.343038931 -3.4143957390253856
-8.174375705 -17.615955888 0.7375471399726505
-12.106458191 -14.631044229 1.8935385320520375
-13.065917276 -13.307674697 1.4307350793194038
-9.073812655 -18.683867353 3.4253053247235083
-12.244398533 -13.982546356 -4.633987294086878
-13.288999169 -14.233771389 -2.3052019586533925
-14.546185126 -14.273656088 -2.6778140345181867
-10.142680778 -16.179072814 -3.9797716055228527
-10.2690829 -19.28255542 0.681234613774726
-10.557291011 -13.542919537 -4.399376739780946
-10.872167208 -13.527711416 -0.8703502474862512
-11.684899923 -17.113454602 2.610064296557421
-11.408157332 -17.916925523 -1.5077577484879425
-10.894479475 -14.028394927 -4.4217061824422075
-7.970731392 -17.685581123 -1.936666180121632
-10.151970043 -15.064365066 -1.4388878787518622
-11.93736753 -15.085945188 3.3451393139350305
-11.746135108 -15.937344054 -4.799701113276421
-13.567005935 -17.905279624 2.0713084839717357
-10.675944691 -15.246307194 1.8929093216049289
-9.206182935 -16.406600402 -3.515056717175473
-10.279122651 -13.832606533 1.705441503903411
-12.869848425 -19.723123924 2.4577196460173596
-8.763496164 -19.13071083 4.817355641395144
-12.113692539 -19.072817429 1.8310362092535843
-13.078645642 -19.22288527 -4.9784795045151675
-10.174087474 -18.642458497 -2.6007184248815096
-9.916137411 -16.979243777 1.499002632542127
-13.439404787 -13.712053264 -2.177093807329775
-14.955678445 -17.180906146 3.984564185576323
-7.92943144 -18.002363424 -0.9059729018456188
-10.155675204 -19.898943278 -3.2001920824330634
-10.044673919 -18.850794697 0.4907348878215192
-14.044240392 -17.811318127 1.7741381136947334
-10.819444728 -14.705681932 1.4869441951468474
-10.548464122 -14.662195481 4.167577945853209
-9.96692056 -19.217715917 -3.2418563930981934
-14.580408304 -16.525085743 4.054493406740116
-10.298053252 -12.897686506 -1.2221923672947255
-9.925514191 -20.191945742 -4.409580267341208
-10.231841773 -19.36828383 -2.644831517336459
-11.76271515 -14.461406332 2.3854529512687703
-12.70763105 -17.095608446 -2.48118011179167
-8.038430394 -16.458620934 -1.827516038015867
-12.284680992 -18.995917153 2.546025869199818
-13.598367105 -14.64626692 0.9735786042830217
-9.43299426 -15.221805833 3.482228853676107
-9.740846277 -15.53393938 2.4830314430430906
-8.980425336 -15.540348729 -4.966490865199677
-12.770592305 -15.315233418 -2.1965206370111945
-11.271730256 -19.317844115 -4.9087250368818856
-8.741626557 -18.893372456 -2.393632604309838
-9.300167657 -19.642913675 -4.628228093822125
-13.358469252 -13.406110977 0.8515284057639043
-11.872907613 -13.357823778 -1.2928509094735583
-12.44453861 -17.421239051 0.018647833157175775
-13.816250048 -19.595364733 -1.3588158511222281
-13.18318241 -17.407601039 -0.07213522911674275
-10.880780938 -14.872173188 4.611052489961876
-13.118006373 -19.483821053 1.614871752059602
-13.780620459 -17.48896514 4.702842932971571
-11.445805062 -17.780858885 -4.397864292324455
-9.787249465 -16.124632346 3.0198454179811804
-9.028641248 -17.322761893 3.7274240223942243
-14.596412919 -16.652242286 -0.6343852353836361
-14.992121316 -18.137497135 2.1530332119219064
-8.455210335 -15.06818782 1.0691718386467466
-12.571521186 -18.497565645 -2.7259719466849575
-9.524453002 -19.39251473 -2.922365607803543
-11.94163966 -19.713201295 -2.527567255307278
-11.35747215 -19.974549834 1.209524818480011
-13.264486653 -17.988187569 -1.3749389132328904
-9.029492589 -19.538492802 -4.239166008427283
-8.687770133 -16.967273559 0.11381994189661171
-11.290256718 -13.40520445 1.8459015591995094
-8.650127323 -14.301670067 -1.8269821345681914
-11.655079276 -16.098526843 2.1803247061601247
-8.597890967 -18.359758647 -0.026499228867211677
-15.15945826 -17.679591904 -0.37400689403067666
-14.519457519 -14.568154885 0.4253820104911563
-13.257538506 -15.285637035 -2.499896656989087
-10.334116944 -15.096034615 4.570822219871886
-10.698635513 -13.000318111 0.1827577231882156
-12.628754065 -17.574816156 3.1590220931805675
-8.226748316 -15.974301754 2.024946035376786
-12.936734715 -16.417282246 3.814563077356869
-12.167073169 -12.701510381 2.315960865190241
-11.544234826 -13.989916603 -4.615136077516258
-12.913460618 -19.784357508 1.8523175363325404
-12.907135044 -16.005180942 2.1655655963200307
-9.926523698 -18.22464376 4.619170575168502
-12.16808808 -13.587864716 0.07031551542258363
-12.535206786 -12.791968485 0.2813014081550014
-11.327937036 -16.887310262 4.250550922542761
-12.205402243 -14.687748997 3.224567859043539
-8.62727934 -19.041585275 -3.285066302839464
-12.045704767 -15.361469243 1.9701776027384916
-9.228695252 -18.168694849 0.9596739986933933
-12.872252915 -12.977952523 -3.5376771387426267
-15.151913498 -15.569897236 -4.577869225759442
-12.939712877 -16.179353781 3.6084274744001643
-12.679954353 -18.76273459 -2.197153333585795
-13.829716464 -15.185040725 2.28678911945844
-9.418600702 -15.585966846 3.9150548636699707
-12.905242112 -17.74097053 3.53634106589311
-13.235401386 -16.237231235 2.759534676306253
-11.420470034 -14.086709085 4.465825168005059
-9.378037183 -13.667990915 -2.0083957089950912
-13.709250031 -17.780422073 2.702785804720156
-10.864337998 -12.584745906 -1.6518790448592124
-14.088885906 -15.683767906 -0.737802373954989
-14.258998682 -18.667509726 -1.8271889605455458
-13.144204181 -16.700520961 -0.5127203815767274
-12.161628408 -13.770427702 2.7702266129632473
-10.031617319 -17.772954854 3.967012738111592
-11.859857351 -16.681936965 -2.9833233817446936
-9.378476943 -19.181132335 0.899431496773361
-13.84516394 -17.08840792 2.9909443371937217
-9.875450214 -13.741417598 -0.7451497446100497
-9.335340884 -14.852551632 4.584597031004931
-13.410047233 -18.722050487 -4.676500012615007
-8.554080642 -13.923422225 4.685457755520526
-11.351338166 -13.353804598 -1.7599375780125937
-10.442662779 -12.923153942 4.968858236899953
-10.816685036 -19.624701248 4.400561288094911
-11.021673692 -13.563796252 -1.6834105557193082
-14.183178637 -14.657165064 -2.234190653306285
-13.069333299 -13.157788244 3.479407477589545
-11.048300216 -13.257141409 0.3361743700057964
-12.542115533 -17.9165905 -1.4743638426825365
-11.600066797 -13.08534462 -3.360274559248322
-11.925228794 -18.821493474 -4.153013280372994
-7.537258346 -15.747788583 -3.4537726723203765
-13.622670957 -15.580248517 0.46090115199591075
-12.0861625 -16.371755263 -2.5471964708927053
-11.208263048 -19.519871531 -0.35435324664877754
-12.752628886 -17.691794016 4.487707743164616
-9.470125437 -16.218813128 -3.3315061859014095
-12.828154101 -17.490940687 -2.147469539357431
-9.649730255 -15.178050394 3.0589564782586294
-12.91034418 -14.972366716 -2.798080446744761
-12.143150853 -17.732112528 -4.150609314652182
-9.714120196 -17.421395315 3.729006380178454
-10.077752337 -17.546203094 1.6883697415247134
-10.856034242 -14.731128973 0.9844566231864169
-10.765410896 -17.69339025 4.820100280531477
-11.928449321 -18.642745431 1.398393664390368
-12.94263126 -18.774164527 3.308971913386875
-9.708082701 -16.094841178 -1.1771831819447929
-11.308435002 -19.619645265 1.227584972252843
-10.092481166 -13.244741793 -4.084847384125002
-10.020955818 -16.721132598 -3.5701697637162066
-9.735904151 -16.395505475 -0.060576019709904116
-9.789305364 -14.99501383 2.641241162058293
-11.484556982 -18.844905738 2.5125174384503337
-9.327110496 -18.71282402 -4.677737818506344
-8.216686724 -17.955157306 -4.729724290294728
-10.20066092 -15.526692222 2.3632161492853374
-10.79424888 -13.269119753 -3.342864909885035
-8.933022666 -15.859119615 2.7134087232587545
-11.772124347 -15.485325265 3.2547118392412973
-14.625432898 -15.837079782 -3.5502956301656097
-11.525511445 -17.037939654 2.8435988075561145
-12.602535511 -19.977836447 -0.4812714364626567
-14.418010195 -14.062254125 0.3555600038298179
-10.624141993 -13.396675476 2.9883078933890364
-12.643240272 -19.776134369 -4.6032495084309435
-12.529222694 -19.852524307 -1.3851821304343916
-14.044484567 -17.925975839 -4.147666022278498
-10.490236975 -17.56734953 -1.1939758147389803
-9.956858257 -18.971448051 3.1051306692302543
-13.570770298 -19.50043779 4.817769152365633
-10.824924352 -17.437554899 -0.5521715929976203
-8.464960655 -18.814332517 2.1212493109121597
-9.985780877 -18.610199043 4.032424768640642
-12.392140669 -13.952232726 -3.6101902540872786
-13.886337727 -13.610635672 4.948703971985676
-10.236192102 -15.980980745 -4.559591817328502
-9.777124998 -19.616452306 2.9741529364976946
-9.208404836 -15.100123641 3.3351092517235514
-12.1539296 -12.918761043 -2.6444969183945943
-13.167928005 -15.16845057 -4.438941282866552
-11.947655499 -19.732796417 -0.5087534624704109
-9.32186387 -19.773572266 0.9142698961986646
-10.345142776 -14.740644218 2.8150548674031217
-12.229166681 -19.120571427 -2.8104026315085093
-10.752580797 -20.441683147 -3.67137130725683
-11.964513625 -19.458908107 -1.6270176549850124
-14.945751335 -15.017641557 -1.9916080530139557
-11.151903061 -14.543366784 3.944303645117568
-8.298375934 -14.597447438 -3.0969398352646915
-8.710376933 -16.825775926 -4.6562220744892615
-12.958989641 -17.344025611 0.490890315254914
-9.032132616 -13.403244844 0.0448844354521043
-12.378112096 -16.279747479 2.3568370291559058
-11.753864027 -13.088143811 -4.201818182464901
-8.503813428 -15.783661362 -3.5197397547341067
-10.115178794 -14.045594707 -2.5850702946397575
-10.408555228 -17.595250533 3.7719049119963053
-11.832029613 -14.662160683 -3.3582912366929474
-8.194610591 -15.124106028 -3.5782744573964465
-14.304852507 -18.233114083 0.4729154655453902
-13.035068641 -19.082046566 4.00430795614551
-13.722363437 -19.699332355 3.3989040383558127
-11.624596791 -14.897706058 -0.48140761793458076
-12.566473909 -18.167670898 4.863106658050654
-11.796907482 -17.511703482 -3.8600301070618537
-12.040032481 -14.929419492 3.9215821319440725
-9.877735723 -16.690464537 -1.0748128019053524
-13.768517447 -14.225753788 3.5267704451692303
-11.428259666 -15.199311328 -3.7549520701209547
-14.493361297 -15.000327003 4.274675647413215
-9.229742281 -17.487521665 0.061971305605283966
-11.58192024 -20.450894893 -4.377252225746107
-13.032098962 -18.31480226 3.2229984300168866
-8.78322522 -13.826642439 -2.580270352931003
-12.846041478 -19.387001149 0.6563226353040355
-10.891256338 -16.201305384 -4.869664106987793
-14.38298917 -15.298382518 0.6118668557857099
-11.4461202 -14.594981334 2.759168907985437
-8.402012109 -17.533469554 -3.069663636271142
-14.626860396 -17.780734658 3.84507535575597
-12.401798709 -18.092245788 -2.8326749976002183
-14.858234009 -17.334893784 2.671134117217992
-8.662085098 -18.208737322 0.6582803918123368
-12.838265636 -14.443044387 -1.987309492851689
-8.539510909 -14.96216073 4.161018617386606
-13.707910833 -19.650901283 1.2256026763773988
-9.533744812 -18.259960956 1.5027517441185223
-10.240228554 -18.243267137 -1.4884060036904967
-13.366069176 -13.844338695 2.438832708691228
-7.773267182 -17.155241418 2.402182090360217
-7.865416915 -17.032797398 4.018689412323461
-13.229828057 -16.397564547 -1.831285063830732
-9.789192512 -15.782449812 -3.473795439970191
-13.486715683 -14.040591138 2.6458125531412477
-14.218451968 -14.920732146 -2.672413060251583
-14.488771022 -16.22443419 1.9480054538878857
-10.960448876 -14.502539444 2.4691802489283674
-11.015150022 -14.018392533 -1.4550306833171334
-12.616655895 -16.203649579 -1.3013741507681464
-13.024496042 -19.409842242 0.29111444156427435
-12.90281716 -18.500392369 3.826852696717374
-10.436648456 -17.679747727 -0.8070478973891966
-8.224141923 -15.804173863 2.464938703012489
-12.379884081 -16.545578973 4.278352517205995
-14.273637243 -19.128396333 -4.762682385024925
-15.02140858 -15.389400731 0.012954674612771555
-14.104663754 -13.56986451 -4.3974215194516315
-14.117772914 -15.010299313 -2.463868671060373
-8.906379394 -17.449402336 1.7320977995746514
-12.018085539 -18.459001555 -3.755269349509267
-13.755903055 -18.315235171 -3.4530268998386004
-11.599199688 -15.271220967 2.306262389418576
-12.819499559 -13.242163967 -4.011850442255843
-8.010534154 -16.588079649 -4.350278403468537
-8.393232731 -15.794873398 -3.294378533352038
-12.789941003 -14.397149126 3.0328969597333693
-11.184130809 -13.725882156 -4.009246619760577
-11.366437177 -19.693747582 4.767295130555816
-9.669627511 -16.922968545 -0.4878930967628756
-8.881830991 -15.158761178 -3.516322578141601
-10.887072772 -17.358637042 2.283476500374336
-13.466161867 -16.066294796 -2.6447219418623713
-13.458014806 -16.874413672 -4.257016172726242
-14.972033193 -17.031762697 1.465542288085505
-9.463796489 -15.153824427 1.3147379853738954
-14.231795539 -16.194373799 -3.359871440130723
-11.134183891 -19.610402252 -1.3286930733610172
-9.915924305 -19.088516616 -1.210471937394595
-14.135205267 -15.437582399 -0.3069019337787964
-8.952402917 -13.584690755 -2.694406048763638
-10.067852118 -18.413266765 1.2109692907234777
-13.189731943 -19.422741735 -4.70323777854831
-8.798299076 -15.266140285 -0.5270076211862804
-13.519862451 -17.722226069 -3.5335376750214307
-13.817534408 -18.618087052 -4.264130356562919
-11.239399182 -17.863409562 -1.3281645123606767
-14.123924459 -15.91033978 -0.9156967763859925
-12.803395915 -18.813159976 -3.60425659442254
-10.924851953 -13.736868454 -1.2516638821794035
-7.768890383 -15.580256725 -0.7874423733637919
-14.042979374 -19.487736242 -1.8215403337870208
-13.016362699 -17.244024988 -3.0780650849800093
-12.373975478 -18.173084054 -4.175462003725262
-13.444181901 -14.935993598 3.68710304597813
-13.666633473 -13.94589958 0.12676767110267662
-11.670495173 -15.00419482 -4.062055795378685
-10.405627785 -15.782794667 1.0548921003536122
-15.178845942 -15.947478626 -1.6884871581490613
-8.214025479 -15.046075402 -3.0668129167998
-13.677092676 -15.757790456 -0.101852016857082
-13.460928809 -16.160077095 -1.4469792541890247
-11.301296217 -12.763729039 -0.5955075153645755
-9.868043909 -15.767456234 -1.1840758024683442
-12.723212471 -17.375727006 -0.4571750012717546
-13.238259463 -14.124139804 0.6095854160685139
-13.31254713 -19.785654529 -4.123607111249364
-9.595975274 -20.027748176 0.02515757531395213
-9.225113183 -19.735915346 0.6246405677437403
-8.717091813 -15.224265124 3.8443944931360647
-13.570467949 -17.093741275 -0.022556452426848672
-13.965432172 -14.551266315 0.9510839385059828
-9.329229807 -18.510924101 -0.025649098053385444
-8.663787863 -18.620517808 2.4635997198969175
-14.107315284 -15.334241755 4.089389766902274
-8.045121367 -15.892624505 -0.9824108561686842
-10.531175737 -14.62739906 0.6581178857495908
-7.591027897 -15.738999988 -0.4448193570481873
-7.955098851 -17.252791575 -4.789740804125776
-10.859821114 -15.02053284 2.013232358249467
-9.46979043 -14.373909749 2.069838348598396
-11.026347714 -17.333845584 -2.6122317427841937
-12.79294085 -14.063810507 -2.1450713469158913
-10.788939688 -13.19348755 -4.933123714007479
-13.961108797 -18.645257691 -3.5693848886176784
-9.862251064 -15.370611934 -2.2718716504723324
-9.725140232 -16.730403984 -2.490685238409828
-12.558066432 -19.538537675 -0.27814329218293565
-14.073544519 -17.376386948 -3.272869412248239
-12.585697654 -19.584696056 4.64953632235996
-15.184826551 -16.284056346 -4.494537723598363
-12.801748376 -17.429858881 -1.794362346142957
-8.698895026 -13.788557599 -2.4973775277711328
-10.657760694 -19.089504318 -0.30510643175220764
-13.990052882 -16.292022614 4.727665992661299
-9.488683997 -15.541978993 -4.194078392758097
-8.211719499 -16.718262488 -1.4975743327268587
-15.042526081 -15.90651691 0.3900623980797979
-11.392996823 -14.716537187 -1.509546070678848
-8.942187403 -16.455652301 0.3499337839317649
-8.264808841 -17.870472473 1.430585519098332
-14.116941503 -14.837841048 2.0287835299429657
-11.953972051 -16.575451791 4.175052258527295
-14.698408474 -16.205907289 -4.093843820097512
-15.176011269 -15.988884754 -4.692891581999508
-14.316914604 -18.543360477 3.0037342512499876
-11.85945585 -19.375657865 -0.7399074647842783
-11.640618005 -17.472987502 1.971369061758315
-12.445429093 -14.496422906 2.2787157491668637
-12.282066817 -17.195173074 -0.5654743271399791
-9.829616411 -18.476317055 1.3049175097111663
-9.092222342 -17.543703611 0.8525563260630324
-7.715460353 -15.147848387 0.33971233049945315
-12.295919117 -16.42959087 -0.08239356586861746
-12.400417518 -15.531447141 -2.8475949385600985
-11.062318822 -13.158486421 -3.4411838548100917
-13.476040876 -16.053639649 -4.336722297359293
-8.414749329 -18.479222804 -0.21389184729761457
-9.6147817 -14.402700418 4.513231798317211
-9.056506817 -16.883318158 4.060216549326093
-15.252510091 -16.191905872 4.523281864768517
-12.139680281 -16.6030336 -2.781282606459714
-14.277794587 -14.548974163 0.8998553220185812
-10.913187096 -14.913514225 4.048395501923327
-13.57688443 -16.434850109 -0.9296012036121937
-8.662606272 -14.173431937 -4.459150554010556
-11.90826931 -15.135490807 -2.3933864299774212
-14.384932852 -14.810375014 2.8725697349809964
-13.933235995 -14.770058263 1.3468112952681475
-13.29989027 -18.549545479 0.5302102554631265
-15.033346327 -15.651290708 -2.4602857693839986
-13.019873753 -14.180326256 2.8800490801556613
-13.911343467 -16.089518729 0.4617519889366104
-8.159142805 -15.271428538 -0.2227848192532278
-11.953199353 -14.874082514 1.171685808746159
-14.742861046 -14.774685099 -3.1953359034304976
-9.979029793 -19.630884384 -3.7486565475313505
-11.559959436 -12.998410651 -4.443001804232792
-10.283823226 -16.001754439 0.9474839334680638
-10.587247335 -13.810888831 -2.2640567733478942
-12.367642227 -19.179293516 -2.7167707207748526
-8.528399404 -17.006051085 -3.5482962381338643
-10.384418993 -19.982834466 4.730910423372466
-13.19955683 -19.130822582 -4.224250166347429
-12.942194628 -14.646288542 1.4049780550529976
-14.202171004 -17.118629789 1.8678640142332785
-13.278237067 -16.424175913 2.0164016157118967
-9.323133335 -16.204752457 4.4467082281177035
-13.088948345 -16.885303658 4.493034273352947
-14.389303185 -14.175143938 -2.3005117781491924
-11.519284163 -14.306992635 -1.2420796138577894
-10.091731143 -12.902628076 -3.9584686981794848
-11.287660216 -18.602310125 3.7983785583174896
-14.48500185 -16.434436553 0.9382603163287033
-12.22182096 -13.967146864 2.737592290091432
-7.663341291 -15.522247002 4.632868281108118
-13.787157419 -18.475176063 -2.0838214774027577
-11.003030023 -18.071704811 1.0257924605781437
-11.921944486 -15.926613053 3.465407183713941
-9.370876642 -18.000107656 -1.9149128524575398
-13.586620243 -13.564637476 -3.444401133131243
-12.863470277 -12.835797622 3.3047905628492042
-10.059309124 -14.016705012 -2.3872237695092844
-12.380254592 -14.978414056 -4.5772292687891145
-13.417066577 -16.747152783 4.847142924766047
-7.436394932 -16.500806014 2.5203417711654055
-13.024778834 -16.142030549 -1.8566550346691657
-8.381930211 -18.050991815 -0.0743618310026104
-10.789527969 -16.507498706 0.9802185764935158
-9.130270879 -16.015530223 2.1027305596032067
-7.702808588 -15.133274728 -4.156246098887813
-11.943205583 -16.95625406 0.012368776916796165
-8.258521885 -15.875765856 -4.03666441554432
-9.016518627 -14.225234825 -1.4110873530650627
-11.814796801 -14.855854674 2.361535467092316
-13.199184959 -19.557337505 -1.8578788767347811
-12.093077567 -14.914606603 -2.5687391755866917
-13.819834373 -16.59797952 -0.39437690050524665
-7.963879298 -15.545098293 -3.3928154883211317
-15.386792407 -16.875369492 -4.5232501062473744
-12.366545211 -13.720118212 3.787470712996381
-8.828771052 -18.192385095 4.682351442126656
-13.89253286 -17.382482245 0.15644356740635246
-12.024668907 -19.359645563 -4.893573788923904
-11.744501867 -14.076579922 4.309485911391949
-14.927599468 -14.718501779 -4.832465561209061
-12.274455797 -18.418314256 2.9751930036944287
-10.107940708 -16.777154381 -0.09824584461598462
-11.007470372 -17.243260653 1.500892521803344
-9.051356779 -17.419620321 -2.291755643298634
-11.100168589 -13.1884523 2.2241391637414214
-8.332737523 -18.351625286 1.453797790650051
-11.087665961 -18.140735763 -1.5062185290724184
-12.668477681 -16.985672773 -1.3299138237341666
-14.043270917 -17.695543419 2.4319783284356022
-8.460905028 -17.424306003 -3.0509913138979092
-10.211466198 -18.897980511 1.972527843170024
-9.683937149 -17.918695112 -1.8262216691649424
-8.441488763 -16.587260207 -0.5632483929200083
-13.4756717 -17.024617974 1.6470985913789136
-10.693504978 -15.973562951 0.8548651885992715
-10.544573521 -19.459228438 1.1352592020008059
-14.788623454 -17.090293492 -2.479915769442129
-10.896117097 -15.371087536 -3.350638374386782
-8.603062405 -18.639341663 -3.589017128889841
-12.26094752 -18.633311211 1.4464956530858704
-14.413745486 -18.389784701 -0.8953470788012616
-9.353540044 -16.807166507 0.676818081290941
-12.191290493 -17.828147761 -4.078948758921445
-11.591904554 -19.706435114 -3.698933020767404
-12.970115065 -19.339054084 4.773676723895434
-10.861176584 -17.069608555 -2.6779224540356883
-9.589235414 -19.57864158 -0.5875993972251061
-13.704309771 -18.173386866 -2.8442916647274865
-12.81081033 -14.414170963 -1.1609228820679505
-9.96122151 -17.61247167 2.687026987586327
-14.264136923 -16.343782905 4.432749493941063
-9.376071421 -15.090000665 1.2910285204010306
-11.186991224 -13.436356403 -4.071513061454157
-10.731161539 -18.391466858 -4.993747193653444
-11.501056585 -19.906632434 -1.7078529633165807
-15.050889311 -15.743519559 -3.9686659684830494
-9.541356331 -17.026405257 -2.980199933494055
-11.570870968 -19.73542682 4.115777482215039
-10.800935973 -20.013048957 1.2573217579216953
-15.118419426 -16.756022371 -4.368768326975597
-8.43450631 -18.340337031 -0.9959587287649585
-13.016006305 -19.851239715 -1.1787629232257268
-12.423608588 -19.996420131 0.3742729696176985
-8.824274866 -15.66740077 -0.6496238745958731
-12.759997672 -15.551298926 -0.3171678118349641
-9.826264199 -19.716269697 -4.203183076618221
-13.74631056 -17.260970784 1.5048572780019303
-10.797467847 -12.562670868 0.18489689776937102
-12.793145653 -13.413581701 0.5961439239733259
-8.624712434 -17.920626156 3.0858063098969666
-10.814501198 -13.134312379 3.2587564020767363
-12.18240346 -15.357639836 -3.0380285740916726
-7.434014605 -16.363170713 0.12022754811089875
-12.02192564 -18.8880836 -4.234876594158658
-9.29023678 -19.05248097 -0.8076771195411361
-11.191495385 -16.173748989 4.030125606154375
-9.423026856 -13.952707953 -4.306887219676229
-14.943769976 -17.15865859 -3.5298408299838036
-12.011710107 -17.224939138 3.0932912661526526
-11.904592383 -19.050527393 -2.678747537681728
-10.984537019 -14.189784528 -1.9067607330731775
-9.293297609 -19.703669274 -0.2970617338633419
-13.449005558 -16.066116824 -4.55494806807363
-8.353563447 -17.711079236 3.681499162395017
-12.613856519 -16.718898587 4.118961158022396
-11.202552725 -14.196270811 -2.3333409428396648
-10.422786517 -17.0049874 -4.051011462432638
-14.754061307 -15.901133361 -2.3272103588378634
-12.496289969 -17.725749045 2.7512456451666303
-11.997593555 -14.134227739 0.7409969618872996
-14.584574647 -18.495260964 4.707571182591124
-11.590830783 -14.036439627 2.9384416886832767
-14.881719466 -16.576654219 -3.4883752982012273
-9.72665075 -13.059001871 -2.259111544814927
-11.207820907 -18.894500371 4.776404879709197
-10.682867301 -16.349688458 3.58615612720725
-12.065814714 -19.492901915 0.25759848463212
-14.784609791 -17.470827209 -3.344487875035301
-7.952528371 -18.451623253 -3.8708164960834504
-13.32998779 -16.753332504 -4.552408474549594
-11.375965205 -13.336965975 -4.734452893952303
-11.076293724 -14.691520006 1.8030738258676333
-8.237440235 -16.04834806 -2.084907314697153
-9.347892844 -14.042976521 -2.3353413808286048
-8.709384221 -17.217901459 3.032607560197098
-14.654511859 -14.224029097 4.314035752582857
-9.932276166 -19.476745082 1.8909915536743283
-11.201585247 -18.541226862 0.9539703913464077
-13.592415021 -16.542770528 3.4018983531681553
-10.289426768 -14.920072943 3.6143949494136223
-14.531450714 -17.540901532 -2.1182546577314207
-13.105608235 -14.794024362 0.7418761125257332
-13.01170337 -17.484221791 -2.5912651615269002
-13.7915615 -17.89903798 -1.331680622949245
-9.903500247 -12.836157706 2.4389074397877755
-13.324669842 -13.923913074 2.3998409059595502
-11.518360819 -16.893255747 -4.887049987848392
-12.37739381 -18.038382175 0.9933400595122608
-9.133142131 -17.831311076 -0.652232181171776
-8.288598061 -15.735007553 4.162686812076599
-13.159734097 -17.914151919 -2.4398854645677392
-11.637369518 -19.587405918 -3.2309841963213493
-13.37105278 -18.023020177 -1.053222056528098
-12.54484522 -18.109170777 1.2194628401309302
-12.557874636 -19.871419293 -3.2128507491659097
-8.688053312 -16.791014257 0.5061270525527366
-10.241056515 -19.045892543 3.0345024030710235
-10.953951914 -16.361392853 3.279903894958178
-8.467175536 -16.76495316 1.7430014726441776
-14.510922085 -18.14932736 -4.604915135122734
-7.870801968 -16.587510428 1.342560721367053
-10.354975579 -17.750653123 2.3342878979373136
-13.035766296 -12.915542498 -1.3472184075596405
-8.631819721 -15.126985171 4.4255684547375544
-10.19433735 -17.446743696 -0.32338032077531853
-9.600576356 -17.861242782 3.9939614016975735
-8.567753462 -17.064350899 0.8135091362108229
-12.835518212 -16.975338343 0.217473647682346
-9.238835258 -17.724169472 -0.9482913246348659
-8.181506369 -15.754425952 -0.9951990455036324
-11.079604658 -19.887306368 -0.5797995311728252
-14.298157547 -17.84934094 4.270519942369891
-12.093039261 -13.218681599 3.5734430941783053
-10.797618372 -15.784636043 1.0586952777829168
-9.13397042 -16.529345924 2.5974868293115065
-14.663681767 -16.398384776 -2.1375309121571595
-11.91924205 -19.404950449 4.207310671221958
-10.666544905 -14.613434958 2.4447030390300473
-8.5023525 -16.008525856 4.153149222015308
-11.477481574 -19.456307735 -1.5756476295869257
-9.663725343 -17.252413927 0.6019643303249058
-14.455828906 -18.433170496 4.366053754440326
-7.994168824 -18.346957576 1.2154958063896428
-14.769136476 -16.989218389 -3.841477479399712
-14.064889103 -14.149097517 -2.284990041281918
-9.233168682 -18.976759045 -4.105143127938296
-12.237649177 -16.314954811 1.170978920288725
-13.510933879 -16.543589911 4.343491837320574
-14.957322174 -16.341015934 2.5251715188679524
-10.962084867 -18.827242448 4.2680732484232635
-11.600547835 -14.036725155 2.6891687240040207
-9.881872597 -13.989213213 -0.08943532245447905
-12.61778726 -20.150944372 -0.7303704265870863
-14.713682133 -17.272317147 4.536954597308235
-9.777859596 -13.092136407 -3.916769398559208
-8.415216236 -18.85777679 3.3509131947496655
-11.541279571 -20.205509917 -2.1379649056834813
-11.92422027 -16.981370427 -4.194006931168102
-7.443120828 -16.613874405 -1.8971171437565704
-8.642438886 -15.419287086 0.0003392471931151775
-10.360987555 -17.027815847 -1.0041994191584092
-8.669550426 -15.977694337 4.8829441182112845
-10.206137523 -14.659162372 3.2268437110000185
-10.729299887 -12.809381074 3.7259604439759784
-9.860647434 -15.387926582 4.378305235473537
-12.035650418 -18.274459216 -4.410556865738066
-10.693687263 -15.474765833 -0.06772896265860506
-10.432792624 -20.102110046 1.551041407423699
-11.914612085 -20.466686415 -1.393970947710752
-9.195097598 -18.05987222 -4.803049396314023
-9.443359648 -13.535590385 -3.310785813477042
-11.985247643 -15.564246107 -4.92932463937948
-12.173056458 -15.297401068 -1.954119357183175
-9.065886588 -19.560517665 -4.778661611902829
-14.207888131 -16.559534866 1.9208654148953723
-12.082326763 -16.471803451 -0.15137664269248852
-11.927515912 -19.826718381 1.8380839685287418
-9.305152878 -17.658264697 3.927119580511725
-11.277462566 -20.16332175 -0.21533835478427577
-12.784013106 -17.563632502 1.666540355557519
-13.911881963 -18.734428265 1.1081952862326148
-12.003775123 -18.781015667 -2.86584221986111
-14.322124133 -15.579819965 0.4198238447909777
-8.295542627 -14.866337995 0.7672670623774147
-9.987961451 -19.383848765 -4.642290861181388
-12.246410526 -14.05784698 0.6420217120881198
-14.309324218 -16.005798405 3.0147852228262533
-9.119774936 -17.801806703 -4.551913233203924
-11.186767335 -16.517148714 3.3533960932196276
-8.433384155 -16.707730577 2.0298683144620258
-11.256688862 -13.730564465 3.494751836670199
-12.11333726 -16.334696606 4.890212213577465
-10.645236882 -13.269806326 1.2794259259001137
-11.569966067 -18.926574182 4.576894519670843
-11.643239583 -13.520264493 0.915156738042362
-12.405429084 -15.048739447 3.7976139424633253
-11.25776046 -16.435270511 4.616945490741063
-13.412571367 -16.428693377 -0.6226590198577497
-9.513403142 -13.23180598 -0.5434553488239127
-13.836544312 -15.925065857 1.9149487893356252
-10.614118131 -18.277491737 2.6741437757195357
-14.761980972 -17.383613655 1.9973961686178745
-13.989964567 -16.383877738 -3.251968609799757
-7.756435111 -17.815022466 2.8173262185829646
-15.194655961 -17.780933556 4.349986210385378
-15.113675619 -17.827542826 4.360726163512821
-11.11318851 -15.756136142 -4.8634010440900886
-13.287277314 -15.872958366 4.123430679004468
-13.385328859 -19.053775877 -2.8278056482258815
-10.991746914 -19.425145789 3.0645426143238303
-11.158593804 -20.437207118 4.542645814377458
-11.057887224 -13.560350964 4.913469429755574
-11.218929438 -18.793509967 3.6364372128452906
-9.668661518 -13.159830644 -0.110287361932909
-13.340333796 -18.267416281 -3.606437467341521
-13.657149778 -17.366113428 -1.235264121248739
-11.715391323 -13.972105747 -4.679491569676158
-11.777075059 -13.338613569 4.172341057852089
-15.341540679 -16.620825665 2.2844842697578382
-14.499525353 -17.076687767 0.8399949591161189
-11.426154506 -14.547951003 2.2485828907229264
-11.00541737 -20.014182342 -1.8892525722851405
-14.749262278 -16.108186108 -4.037565211137934
-12.78672079 -19.399198625 4.414633642166139
-8.151559219 -15.798348931 0.2811796235530819
-14.400650236 -18.205737162 -2.0153111841095486
-10.261805082 -15.365064278 -4.8578307770187665
-15.02819761 -16.078464865 -3.6946795500903926
-12.603517415 -16.783676333 1.5680699817567891
-8.646802095 -14.575109798 -2.9426791678847497
-13.461625555 -15.704811184 -3.7389312590719106
-12.204356194 -12.916739822 0.603292873407419
-14.545272764 -14.799688601 -4.0034782903390305
-10.876975376 -16.631689351 3.6713739830414287
-14.05459509 -14.204817462 3.5168851741853064
-14.088377597 -17.86794774 -2.5743465208154435
-8.824614757 -19.424366753 -2.9808440648522927
-8.411434207 -15.97296834 1.060680276313228
-10.805392593 -13.134116405 -1.4498126708905623
-14.429285157 -16.417541084 -2.4355082492980284
-11.665072956 -14.98468955 4.834331821835823
-11.68202602 -13.542604744 -1.1206433329914436
-11.582208002 -18.360558974 4.630438328275183
-14.422295945 -15.780397778 -3.938836177709253
-12.806582689 -15.660329017 -4.271029941472931
-9.651815476 -13.807585721 -4.328815680593357
-10.075907992 -19.432560134 -1.0922082048616488
-7.613693756 -17.337639528 -2.5038061497309494
-11.67107244 -20.202161007 -2.8515106503159005
-7.599453668 -17.438232087 3.537942018313627
-14.516672019 -15.213492266 4.01424983989229
-15.204448237 -15.305847409 -4.109138144307119
-14.899812739 -15.909836785 1.6962586332582221
-11.507137871 -16.844502207 -4.654082966490284
-12.288333948 -15.923250271 -4.580124758367963
-10.165674053 -16.990830138 1.2099012981468231
-13.773648283 -14.658053974 4.96025362270646
-14.172619265 -16.021936464 2.2457324739479674
-11.483147728 -17.342530862 4.225972940347004
-11.733110901 -19.699851795 2.656890970829698
-11.981521025 -20.02089264 -4.362826381641373
-12.094144149 -17.124194206 -0.28964536883973846
-9.460561928 -16.821516019 -1.0406239658405356
-8.933149376 -18.788804507 4.883414061133829
-12.112997328 -18.816276184 -0.0003205476485215186
-10.631464549 -19.839942999 -1.1467762161520123
-11.964945308 -15.931946022 -0.1612349939691864
-14.352083188 -14.997960728 2.398107407717294
-11.665776087 -12.888953066 4.446596447206959
-12.495812939 -19.584080499 2.424998008104393
-9.10214798 -17.689952763 -2.375289019831283
-15.103983265 -15.81654014 -1.375635483518336
-8.688155026 -17.896680677 -1.953274393073654
-14.860770452 -18.548214822 -2.965457642713474
-10.412682241 -14.384881512 3.5970299425663512
-11.310268843 -17.436756692 0.95965684714802
-10.523416861 -19.562126034 4.9705445954891765
-14.756021454 -16.026411682 0.7726980448960683
-10.461181053 -16.469953172 2.2301763466995617
-10.965047176 -14.327153374 -3.968002956805824
-10.457336901 -18.942390383 -2.880150808509554
-12.502857182 -13.778011527 -1.5812593276191924
-9.206134271 -14.042968172 -1.497240551730803
-13.324376241 -19.259408779 -3.8533660190342856
-9.133897808 -14.534399722 -2.923291165658113
-13.301397794 -13.194979118 -0.4596211636898353
-10.431351698 -15.639641826 1.5652166570005202
-8.792117146 -15.788502872 -0.8909139332352867
-11.691080766 -19.737649393 -2.7309080508907444
-9.163205702 -17.536988424 1.3978902365693022
-11.565096398 -18.042013773 -1.4873001848662581
-10.68152195 -15.35977139 2.7956904262074103
-9.121805604 -13.449105657 3.249733795514862
-8.368497322 -18.183948894 1.02935173922282
-12.496023893 -15.992428065 -1.7213585773787954
-13.840758862 -15.213563971 0.34232595597529425
-9.455255262 -17.352653425 -1.1926188126818147
-14.500463814 -17.21319411 -1.250197796276887
-11.815356631 -18.574550274 0.7364354227909731
-9.420475685 -17.973817955 2.7345218551822557
-9.426062692 -19.041770141 -1.680136980930703
-13.235102231 -18.614989671 0.6423681862348207
-8.700172397 -15.62262313 -3.593053860418846
-14.408439303 -16.110469984 -3.023476386861198
-11.656764671 -19.517846535 1.3082333612383055
-10.441881336 -15.987476747 3.4928412936554984
-11.289113453 -15.25762975 2.5500995424624815
-10.662396201 -17.301341986 3.012605188411161
-10.349795819 -15.932201495 0.9786068413199072
-14.369358025 -16.159997295 -4.877778894561366
-10.193085363 -18.371063611 -4.336986656978601
-14.06191015 -13.547433384 -0.2889013012062067
-11.19111246 -12.92243021 -4.791921546773724
-9.80290063 -13.572310293 -0.42833940679192395
-10.392572207 -17.462064436 1.795721839341347
-13.777317117 -15.15629595 -3.649604654821199
-13.783315147 -18.695773971 0.7286329352199186
-8.865261848 -13.817418419 -1.2022922954465054
-12.722806588 -13.204424657 -1.8690885749815989
-8.794553544 -19.074070602 0.8155538450508679
-11.356975486 -16.108555393 2.0645630363288294
-9.77705088 -20.121582204 4.473828155817927
-12.587918108 -18.055925903 -0.44280935165281843
-11.689067052 -13.485382631 4.248179500740317
-15.362629551 -16.216563592 -3.293451458289134
-9.864506982 -16.862530002 1.434795346006129
-9.718239718 -14.343267773 1.3307061223173813
-12.859604886 -17.270165417 0.13777156701230453
-11.961806767 -17.017296322 0.1881425941664716
-13.895943157 -13.462056788 0.7024682898770838
-11.014055484 -14.673926506 2.749319963157384
-11.951459262 -18.275425803 -2.5315069996205852
-14.680686924 -15.490989684 3.2086087914678725
-8.515271482 -15.295827907 4.090325290580143
-10.827423936 -15.351676872 1.9159143625669453
-11.698859167 -14.251267198 1.0821017541591864
-13.169546978 -16.645834147 3.6772977748041775
-13.283999419 -18.757200062 3.0283172607614386
-10.38233184 -17.990917106 -4.523768983406765
-13.856887129 -19.270011895 -2.1983479656777916
-10.321937169 -15.207246328 -4.931744535622046
-8.015428796 -18.385913638 -4.243923199248998
-9.772449385 -16.396269966 -3.4863492774739724
-9.444480004 -17.176560716 -3.3996714082137816
-9.416579459 -13.048545908 0.5942491058752886
-13.96066046 -17.270653842 -4.865308919719919
-14.116135611 -14.347163882 -3.1047053069324457
-11.494493735 -20.395282265 -3.360915035746518
-9.316033905 -15.309946538 -0.2001413771308016
-8.316180565 -16.710300233 -3.9871315235460836
-8.131014838 -15.449763977 2.9992347936450736
-11.932379006 -15.19959807 0.5040642892005156
-12.451009071 -18.167988713 0.06001987160765765
-12.639515816 -18.283793012 -2.565619548651875
-11.856468566 -16.546512034 2.8522045821508692
-8.137926105 -14.950846384 0.3594178135977302
-12.711096916 -15.400721322 -1.729540748392079
-8.033963386 -18.048614685 3.584468319074432
-14.899871026 -15.263957799 -0.6427506742498901
-9.815448733 -18.243925709 1.9320995091345505
-13.292984755 -15.92038534 4.8912157630203925
-11.933660315 -15.811626119 -0.5348661352004846
-13.580961475 -14.417525191 4.451705515578716
-8.220290272 -18.113295377 -1.7225367576510053
-8.247958264 -16.181012201 0.6805448823965641
-9.547499639 -17.244689375 3.043966406243582
-12.488223081 -16.040877575 -3.7699983254558402
-11.002606841 -18.009156969 -2.1054574862069977
-12.483498205 -17.214700731 -1.3700277857118381
-12.796451495 -15.005729841 -1.584860229423375
-13.042012545 -12.858859599 2.2803206729020244
-14.323648137 -15.083532524 -3.9648174667968283
-10.691342091 -17.963942572 -4.208513791546994
-8.532370788 -15.614943539 -2.6715324432882346
-12.343415413 -19.512843572 -0.31191066209162166
-9.190299437 -18.420016239 3.564260785054657
-9.523950583 -14.520931471 0.00580332393874361
-13.408006466 -18.155324279 4.493383677357498
-12.534930542 -19.52929464 2.521207546281051
-9.598373884 -15.964629204 -2.7050061915849986
-9.539999848 -15.887420511 0.5591998343671438
-11.066724042 -13.368350796 -1.5715410026036225
-12.040108762 -14.953944793 3.259614998395449
-10.552059816 -19.084739406 -0.0688691620579096
-10.736303765 -14.733658105 4.992207780225531
-10.484118645 -20.240787734 -4.100586953573283
-9.516700143 -17.898142711 -3.8117484256467993
-10.631262452 -16.577204259 2.197220803738629
-9.152272448 -19.332754313 1.6784717871612953
-9.66131746 -15.983164445 1.085875649600597
-14.810226954 -17.747799653 2.215961563173198
-10.563844371 -16.313624847 -0.47298294796614204
-14.276717341 -18.550686214 1.371225822544356
-8.327180295 -18.08280274 -2.1815561377417616
-13.817881681 -13.672405018 2.635737670801581
-15.025607063 -16.877314578 -4.471089919963563
-9.328166022 -13.870614944 -3.3403728177060033
-12.557391417 -19.057238806 2.2490866246403343
-10.517102945 -15.815606213 -4.943286550069548
-13.846428495 -14.327156842 -0.23890915769481413
-10.691343768 -14.688391845 -3.7183918210795586
-8.912309311 -16.340701839 1.2005475093385005
-13.817604096 -18.007366147 0.9289589839593502
-14.372214441 -14.416996291 -4.580793095569627
-13.064135619 -18.279577285 3.0489059768607625
-13.715183687 -17.335248925 1.324661868568576
-8.747402038 -18.287108651 1.3013385616195885
-10.765217784 -15.826227875 -2.6304668498304693
-12.701688728 -17.437062159 -0.8398797219355503
-9.602439761 -19.75724022 1.6377528220217403
-11.78047514 -14.737442309 -0.1659163971790525
-9.258230592 -13.565083525 0.5143379599186071
-8.17445505 -15.340713257 -0.8365757861239729
-10.531927075 -16.386035696 4.950808626955256
-11.375032317 -20.366350678 -4.011488628285748
-14.611972679 -14.435512799 3.741689002127549
-11.769387392 -20.30719685 -4.26599857342819
-9.584028428 -13.860908049 -4.748788919249808
-8.806561002 -17.119751824 0.8521407584781127
-12.288413871 -19.660636882 -4.080412262954754
-11.363656055 -19.214486478 -3.7819464981444897
-10.398274147 -16.586540555 -1.0934619690705514
-9.726245624 -15.056550627 -0.9593388583812228
-11.905536638 -16.678663396 4.714840402864272
-13.323212811 -17.233442026 -3.038227806104079
-11.988401657 -19.413644686 -4.8727550806575115
-11.554259389 -18.284876899 -1.9577883490773185
-11.945371989 -18.966362721 2.352146769745877
-12.203611112 -16.638083528 0.41888096849354994
-9.327921952 -18.875174054 1.9076786087539412
-10.631271194 -15.740602775 4.331167468421864
-10.137205653 -14.815704864 3.826341977064798
-14.32117265 -14.032779176 4.649355789859751
-11.685209341 -14.152300842 1.927930716201458
-14.590180753 -18.897030588 2.190682245299108
-13.815239832 -19.128027059 2.3942326608207125
-12.383303709 -14.686079415 3.3796812198177424
-14.528500606 -14.317098952 -0.284948885347875
-11.599949704 -18.421608175 -4.295764741949117
-13.517559886 -18.118208203 1.3944932456805894
-12.760516685 -19.927549229 -4.479032589406518
-15.095279942 -16.471847035 0.618589148362128
-13.129756458 -16.820459999 1.539769122514186
-8.578933784 -16.564413101 -3.4426900881946807
-14.025591898 -18.774353732 2.996378089528907
-9.855429226 -17.37040586 -0.2879052056201834
-14.315288358 -15.821345401 1.0147370604592556
-7.861236595 -15.666170373 -1.9018689608614938
-8.031130413 -15.709767247 -1.5912318194152943
-9.966374452 -17.816398678 3.1556574203787964
-12.934019993 -15.433424171 1.612641593381455
-7.921040167 -16.552271133 -2.4828853045510724
-12.974931408 -12.929009211 -1.9292900600115157
-11.967233107 -13.069568383 -2.536368253256457
-10.001638353 -14.61616209 -2.318631607044935
-14.080188836 -17.427388616 -3.928543239036344
-12.238458143 -18.660799759 3.887002550982979
-8.239792352 -14.604310073 3.6318590239164816
-9.978410082 -19.037969651 -3.667142744426749
-10.080963966 -14.297863115 2.602611520393671
-10.814916604 -18.149984964 -3.944165836881721
-11.291390165 -13.548058475 -1.980517650035194
-16.846984206 19.785721203 4.983067955146646
-9.676662322 -7.745746821 1.3746730533508602
-15.878320107 14.929219972 -1.1915619556399082
-7.94515863 0.674995755 -3.1528245699071555
-21.333436877 -17.542010723 1.2332910805209174
-17.929330157 7.751982536 -1.0185064982604466
18.285463611 11.946160192 -3.8380787706209074
-11.047151614 18.64302512 3.5892223879256093
13.872171362 3.544007758 -2.878219102469238
24.696168632 6.467934025 4.136262662141366
-15.487151441 24.379893867 -4.210190354581655
18.493520006 1.32114128 2.9711818694198513
5.831816373 -6.02916705 2.516598094595638
0.927640986 11.278513188 3.7827152198821175
-12.631118627 -8.555879696 2.420926971209254
-1.376598922 -10.352501179 -2.7154185863260647
-1.009226387 -24.81320751 4.778728985665223
-24.611171648 7.287358022 -0.30330046651444764
6.881997084 11.078101642 -3.570462445723259
15.421226048 16.354778982 1.8214136273956996
-7.378576758 2.119104045 -1.268905388506135
15.35798579 -8.464877624 -2.9680985454027464
23.457290543 9.476756245 -4.212334724549215
-12.0069094 1.694363847 -3.4452773417277527
-2.793527057 -4.270654617 4.8977197879585574
2.954206826 12.433947807 -1.6245100048278784
1.998251774 15.765754056 -4.106866545702154
-24.240265334 19.298125709 1.9663089834584726
11.119587824 10.153901676 -1.0270172453843616
-1.358567255 -18.499340645 -2.0016474611140476
-4.7434598 24.147101865 0.5467322065077944
-19.012737637 -18.96886549 3.622213716849833
-4.816136981 10.588665205 -0.8856133718771826
-19.057054402 16.384960334 2.6377520724422796
23.481342807 3.262951757 4.412060424253788
21.939983881 13.866228634 4.115521796635475
-16.361886823 18.236163313 3.2158077545967263
-22.422945361 11.051883288 -3.9853874636489373
-20.904379717 17.338717868 -2.2642758281669098
-19.05470207 11.110374035 1.237672648047936
7.273142922 18.054245474 -1.231553664881846
13.349009007 -7.48299531 -1.5925168690013383
-14.856815224 19.896267009 3.6989163294655416
-10.003390902 -9.024452874 -4.130130815615638
21.641652465 19.076204295 3.9981438825676303
-20.942825967 -6.092024507 2.1996754497911253
24.409465299 -11.11730664 -3.0868121810173177
-7.769799513 3.281033719 -0.07719513706352643
-23.295941161 3.54375822 0.8691023380894682
-2.239688623 -10.162524368 1.6723274276682503
3.567475712 -5.076024675 -4.97006406290949
21.536368426 18.798305578 0.2014533117950057
-12.79143737 14.554846779 3.586128883300942
8.771185789 22.951842788 3.2070500282355106
-20.244456603 17.327937603 -1.7043180865410115
-5.935420809 -6.102310231 -2.9576294221182584
1.142268212 -11.730884166 2.5714973385557833
8.157359512 2.647144223 -2.363881862796063
23.023245075 -20.382426954 2.7938234355615323
3.569740653 -21.794375268 4.59402600395628
-21.466270485 -4.450313693 -0.04711177287581858
-5.103454565 -7.377529305 4.195068671672548
-23.932757625 -1.093403172 -1.811628206070953
17.457818106 -16.514124953 -3.287814041087195
-11.264823727 20.341832186 -1.9987289727865698
21.739225986 7.601024707 0.9020540295526747
18.929127476 0.3529234 4.679904111407167
-15.23562585 -7.938937429 -0.5039512566285822
20.799557253 17.29525555 -1.2196723963848743
17.112546925 -4.196296449 -2.7548818288104493
-22.332787398 -10.982258731 1.5597210605041
-0.648164465 -2.900176699 -4.171367458523037
-8.42552393 15.037166124 -0.1056788319902271
-18.561710765 14.475124338 1.7796599091247645
20.243313881 -17.992073767 -2.795863465728342
-15.545659 1.759212623 4.849411059631237
-2.118782645 19.848823264 2.3975258534104285
18.921453967 5.418889822 -1.306599690685827
15.693327252 -6.486091515 1.3015147757082115
-19.323610775 16.493892898 2.9979162599373215
-7.140150037 14.498314 -4.731863963113553
18.929525785 -18.917934549 3.99144894829562
-1.776428132 -8.854668261 2.8700771088184007
0.145806171 22.995655741 1.8348806141580623
8.126206608 12.17223104 -3.1696286833619016
10.879071296 5.674142572 2.537172732469436
-14.244004855 -9.02227748 3.9074035095423714
17.710807694 -15.521012797 -1.918204300874009
16.510001117 -7.503811056 -2.652185570014034
18.007524646 -22.547290276 0.24282822144029215
22.668092343 -22.709653758 -0.21743191835664888
-22.346796514 3.068774948 -0.6551185358550358
-18.948995851 -14.295795735 -4.342301417883502
12.780348943 -21.770729442 2.2101750308933514
12.424182637 -1.866009163 3.707150757738388
-5.543562674 21.07808935 -4.866366112338523
5.40147067 -21.208376969 -3.7334967370276084
22.429158245 1.388536548 4.879024023588508
-22.288409624 -4.788025486 1.6243542521520125
-12.38405229 5.060444972 4.428724026712768
