100000
1102 9643
6892 3068
6413 7214
5607 4364
8099 4963
6440 7246
7097 2230
1150 4738
526 3030
2334 8571
5566 4625
7628 4718
6787 414
9783 6982
3205 3512
470 7168
5552 3173
9222 8722
9892 8786
1373 8
9139 2468
6481 3364
8512 8202
6932 8724
22 7851
3351 6061
2292 7272
4936 6953
1854 6004
3706 5163
3127 5124
2363 5602
6918 8357
1788 2855
6418 9635
2694 6779
4059 6538
5163 9909
7984 1764
7582 5206
4537 6834
2843 3684
2347 4813
7704 4211
5028 2641
8537 6702
7983 9110
9849 4894
4036 2285
9579 5902
7354 4042
9491 3289
6899 5817
8773 4938
7248 1654
5505 7865
9400 2241
2485 9627
9981 3910
8442 9550
2816 6576
6981 6083
7040 6580
6347 9558
6707 7662
9420 4046
9286 6936
8030 1338
3077 1958
1277 39
643 1674
89 6647
5731 2862
5218 2450
9501 9301
4458 3801
411 3102
4202 433
5129 8620
5126 5278
4997 9409
8264 9451
6297 940
2799 5609
7449 5557
6335 356
3490 7371
2571 1697
8616 444
1470 3221
6356 2731
362 4329
6050 2265
1215 6906
7640 3473
2781 4805
8248 4100
9335 3640
6167 1448
587 375
5558 1383
7408 7319
249 6673
7632 2308
774 8405
3490 8705
816 4111
8270 7750
1227 3500
1431 1324
937 3573
7942 1136
8873 3554
7039 4404
4206 8678
2546 4152
9901 3991
6677 8627
7785 3265
648 7094
3180 4211
4422 4965
1224 6189
3716 2229
9586 6421
9241 1058
3174 938
6366 2412
4687 169
1046 703
452 4861
3056 816
2182 8173
2027 6240
7888 9966
681 501
2379 4432
9119 2155
6654 9267
533 8742
6258 3546
8272 7595
5783 7961
3863 9851
7944 6688
3084 1140
6696 9452
5368 8310
7477 3309
8492 4594
5993 9472
2184 5311
2760 5229
4570 3334
3665 3940
8918 2863
4429 3570
5762 8438
3823 4590
6268 4449
8094 224
2337 3769
6146 1825
1740 8270
2989 1595
4694 6905
5477 3169
6410 6717
7630 2081
7135 3734
4305 1646
6180 2495
3642 5403
2794 1805
3253 3230
4287 8555
5225 9305
261 8794
471 7184
1214 1432
3814 9521
7869 6342
1717 7764
2497 6159
6715 1006
828 9187
3663 1528
6120 9641
3212 6941
4975 5885
2273 6213
8905 7170
1768 333
3209 5162
1076 4257
762 9004
2264 9119
207 6221
3198 8323
9053 7610
3269 1505
7877 7948
3067 102
586 9532
6208 4389
3965 1436
8660 3780
1423 9837
6748 1289
6295 1951
5799 740
4198 9958
4654 1945
2415 4522
1507 7955
1253 3452
1979 7203
2277 292
9555 6821
5406 1969
2588 9925
3003 8716
9393 7791
5066 1849
9564 1606
7509 8137
2845 1422
4886 874
9956 4002
1990 1429
8257 8271
1581 6170
3302 8011
4242 9061
8640 4272
5978 5409
9962 175
4741 7824
1549 9203
8890 8709
5261 87
939 3354
2932 5088
1409 5384
7137 5288
1110 270
7633 8908
4460 763
7066 504
3516 1273
3286 9240
8121 1792
4747 3570
5982 1958
9770 6317
5504 9014
8516 7276
1810 7402
9243 7146
8858 9686
9461 494
3403 5473
7508 9443
4856 3534
4237 2370
8020 2635
8677 7101
279 2410
9045 8210
6141 2335
1446 2572
4120 3742
9847 3224
9519 8025
166 538
9833 2761
6893 8823
9127 8086
1558 5396
5783 3573
611 7068
9596 7842
722 2070
5119 1550
4168 4963
2116 1703
2674 7971
3858 8002
6007 7
8675 2411
5780 7528
9118 8503
7546 9547
2631 8931
3349 1476
6359 1814
3861 1208
5376 2892
371 8867
872 7994
3665 6281
560 5697
6982 6900
192 3184
7236 5129
9112 3068
1935 4112
4348 3043
8210 4412
5239 4320
4155 9975
643 3149
6543 2032
922 8223
2426 6215
2733 3174
2633 4512
4833 9041
4717 9571
9537 9991
3508 1279
5030 2458
2256 9507
9469 2685
9938 9178
1405 5914
1032 3271
2244 9223
4371 2292
2750 8625
2020 2184
1073 1226
9887 6323
5564 4475
9961 7196
4022 2663
7479 3808
9179 5425
9298 8627
7623 5943
4900 4192
5144 3937
7578 8935
7143 8156
6226 5769
4973 3331
464 5011
1740 158
500 9687
8891 3745
9550 9623
9634 6915
6376 6657
769 6624
1515 6153
9337 242
9265 9177
51 8622
1307 5970
9362 6271
7610 8961
5682 7716
2341 4922
5561 3051
1676 817
3594 9806
4465 2294
8275 912
9571 746
8245 4778
1561 2758
6171 847
9020 6548
400 4330
5089 7611
3173 9005
5524 1552
3766 4069
7924 5180
1761 8163
6714 5900
330 395
8749 7392
8656 5110
6705 916
2226 2193
9674 5343
2329 2807
7289 1966
12 5456
1398 2062
3740 7231
9279 637
7111 4868
8117 832
5489 2521
4996 628
9795 4899
8230 9352
7602 6351
8069 777
1757 8148
755 1167
1053 3624
6062 6187
5660 3515
5109 2313
4657 9006
2707 6759
8878 1836
5273 6651
1468 9783
1043 2891
3429 4872
4233 5400
219 7874
424 140
8133 4495
2921 8033
1436 2147
1136 3597
6711 1333
387 6297
481 4559
3568 1879
833 8282
9537 1210
8447 627
8310 1528
583 9397
6239 4710
3328 6206
6146 3970
7501 5261
4700 9915
7182 9694
7776 1757
8972 416
7866 6232
1139 5213
1740 8316
883 6769
8216 9042
7673 529
4038 1231
1741 3173
8747 6285
3884 267
7517 2927
1173 8107
4327 5860
9389 8759
286 3026
6975 1802
4487 6604
5018 6941
8167 4960
5601 7365
3619 6406
7940 8751
175 1168
6943 6891
2983 7532
3485 3816
4781 1354
9193 3316
9642 7556
9151 4597
7234 8074
5369 4170
7386 7449
6603 8203
1672 4802
8210 4591
1763 7995
2713 7579
5267 4461
1341 1150
9648 4046
1547 2725
1821 9591
5432 6623
1652 8910
9785 513
5625 1988
4095 7869
5798 6395
4950 9984
2866 703
9060 9280
8092 815
5888 8923
232 4013
8712 6962
7792 3316
2759 6463
4068 7838
7960 4687
7353 6426
1464 7264
4511 3478
3243 107
3628 2218
1359 9806
7785 5252
9826 7653
1289 3001
4734 8000
8468 7028
5818 1954
5654 6806
2000 57
4831 1955
5860 1200
8289 1278
8206 9013
4763 7612
9555 9254
5871 8327
3450 3713
6049 3428
211 1766
6636 4448
1619 8698
676 696
1025 9709
9592 8442
1780 4559
4112 2605
5877 8634
789 7883
2336 5180
5791 790
7590 8516
627 5677
514 1362
7779 6056
6939 3128
2232 3185
438 2277
9239 8792
3852 7634
982 2585
6540 4978
8777 431
3838 6495
7137 5041
1078 4724
1960 7469
1725 7147
5555 4222
8963 5602
8581 734
3025 1783
9193 2194
4075 3960
3053 8630
4292 6289
1538 6680
196 425
9989 8331
6870 898
2549 1796
4477 7984
1507 8820
1489 382
8326 8857
7927 1110
3330 6294
8485 5414
5794 4133
4889 4026
7697 1561
6942 6658
7389 9748
6471 281
1464 5870
7077 1540
8739 8719
3173 1029
8188 1577
8257 2295
9343 9735
8748 2918
3204 489
2148 1780
8831 9014
8826 1030
5997 6240
8032 8276
9294 1390
2984 2838
6631 5177
3634 1977
5330 8508
470 2831
4710 426
2585 9085
8652 3427
4655 1087
8790 5902
3720 562
3624 1611
793 6237
9604 585
2148 4471
2378 2839
4663 1278
6210 7428
6982 6994
5073 8998
6156 8355
1244 1185
9107 2005
1176 2084
6334 6265
8913 1403
2826 2026
8667 3644
52 2015
6902 2724
188 4446
2005 3743
3685 5844
4634 3225
4589 7148
7526 2621
6554 744
3813 8057
1096 4105
2038 9072
886 2681
7697 4362
1884 6652
5377 8927
4393 5131
2892 3227
303 8060
518 5147
1667 4584
2259 4463
6549 7298
8581 7359
5964 4889
9788 3289
198 8661
8163 2198
7985 8431
7779 9292
6680 9457
3940 7296
256 1514
9911 3616
69 3042
1950 7567
4651 4270
838 3189
3730 6944
1981 6262
925 1392
220 3445
1098 601
1 974
2729 7109
8956 1618
9906 7765
3960 4133
5028 525
9381 7277
1494 1195
3088 3852
1504 5408
7687 2688
9319 2292
1289 2916
3917 6954
2713 7733
4498 5187
117 6975
47 3358
2355 251
590 8872
4833 3903
9775 9019
8582 1873
6047 713
3971 7586
1770 4328
2511 9873
5317 9447
6970 2954
5092 3724
3408 5171
8391 6340
5235 7355
8070 6495
1375 5791
5127 5039
5488 117
8461 9693
2147 913
9046 1555
8848 8880
8069 8861
698 62
6661 5396
9556 5428
4192 6329
5438 2468
7545 4221
4897 7055
8253 1164
6002 6821
7069 3001
6692 7696
3681 5750
8773 6109
6839 7057
5108 7612
4633 3429
7070 5995
6711 960
1246 7930
1528 3444
9252 2140
7681 3216
9170 7963
167 546
53 5596
5607 4001
2794 5211
6971 9315
4907 9413
5128 1690
4578 8865
4452 1202
4464 295
6700 744
178 1970
9264 1330
2942 2019
9544 9622
4128 351
5713 1251
7675 5883
4817 4485
2107 7669
8545 3248
9352 324
1716 6607
2929 7834
2337 1842
2582 4596
5686 3515
6392 1499
9315 8119
89 3103
78 6929
8909 486
2376 1204
4878 8457
6237 1446
257 3407
247 1580
7612 7959
5665 5109
6233 4821
7675 6600
1787 8501
3876 407
6833 8618
1156 7276
4296 403
9485 1278
8503 7452
4888 3855
7401 3644
7940 1647
1559 9903
584 3508
9909 3843
2822 9324
2608 9670
5709 8377
9867 4133
7927 6584
4296 1920
5293 9739
8788 2522
7085 3312
385 1117
7956 5588
5670 3238
5054 8791
9482 6537
8284 7922
7471 4922
6200 3318
9849 7703
1626 3090
7137 5874
4408 8176
3177 6951
2481 3716
2215 3229
518 3067
9553 5328
4832 9077
6245 9641
7229 8170
1814 9084
3667 9900
2350 2997
7975 7717
9854 8774
1985 4355
9183 678
5526 4842
5353 4094
5721 9150
748 2550
3854 1100
7345 481
8574 9271
3432 2538
3978 7184
4835 4818
4392 166
2559 2406
7708 114
4097 5682
7893 9135
4292 2190
3850 9101
7734 3076
9759 6279
4150 455
8934 3150
9423 3728
3344 9042
6818 4117
9961 7690
9118 801
3925 9838
2927 876
1404 1051
7068 4933
2681 6407
3998 9380
1761 9172
6227 4635
7910 7234
3743 5078
2429 3491
8543 896
4943 2795
1616 3398
8067 7904
2607 8061
1508 5190
6212 6030
1525 8208
9279 662
2671 9965
838 376
9709 1761
8548 6062
9590 2368
674 3067
6687 1290
2202 4346
9690 8218
4417 2285
8297 282
9369 1076
7958 1376
398 1421
1933 5687
4834 2294
7329 7792
6187 3303
2375 3317
4157 3892
3249 2776
2679 1870
622 4180
7815 7685
4452 8504
9750 1444
6862 874
1030 5722
2629 3415
5725 462
1245 7809
764 3859
5244 1263
5376 7557
5497 8646
8440 6880
6788 9505
128 3403
9260 9422
5958 9008
6320 4395
7783 3353
1487 9749
75 720
8642 9617
3376 7499
761 3937
7438 3260
657 3789
7644 338
318 1494
2696 7749
8561 2615
9254 4494
3154 7961
9406 5210
3433 6607
823 5779
9210 8733
3749 2668
1581 2891
400 3437
142 111
3195 8061
4642 8440
8206 4667
3003 470
9952 9907
7537 4857
4160 4502
3291 864
8119 5267
3386 9560
3765 8286
1050 397
5231 241
9038 1071
5725 622
5747 2198
3107 6725
1548 737
8883 4224
7721 7514
1012 6695
9075 7526
4911 4900
64 5747
6000 5339
1740 4979
2310 2805
8731 6477
4488 2828
2448 8151
5945 5116
8536 509
175 2268
7800 764
4033 4583
3209 5969
2422 1041
4362 8473
9792 7675
9416 9809
764 2562
3404 9458
1798 2014
7620 3842
5031 3324
8046 2451
280 6397
9899 4840
4467 5199
2749 8119
2180 1791
977 193
929 7957
9295 1358
8030 6672
5891 7483
6391 6354
7769 4040
3289 2750
9243 3866
8590 3947
3227 5066
170 4808
3295 3521
6990 6445
4433 2538
5356 9896
9258 9730
8610 47
6936 4454
3112 7201
7492 7720
2223 4873
4871 6304
2870 5410
3217 9783
238 1840
3700 2796
7778 7042
6217 2098
3496 486
3620 754
7429 9091
707 136
9895 2245
4487 5318
2856 5927
7812 8675
328 7895
2005 2590
6061 4988
5088 437
5675 4512
8146 3845
1509 7277
8434 4094
7929 8757
5885 5451
1558 3498
7283 6561
5165 8334
908 6548
7340 8367
6054 3874
9335 1097
9221 1611
5571 9104
861 4399
529 5073
8417 8207
7692 1030
2583 7934
6536 8540
4046 1244
2726 8812
4619 8636
1269 6579
2941 4778
4013 6945
529 8579
4213 707
6485 2223
5297 1666
4218 344
941 3306
253 5047
2156 9503
3286 2407
3695 7699
8197 4164
6361 2379
2784 9405
4883 1853
8151 9430
6308 227
7790 4570
9102 2358
3369 7774
2326 8539
1322 5793
7839 1551
8602 6072
2005 2695
7969 3405
7688 9467
982 2184
4896 9208
2849 7994
2062 342
169 9471
5210 6232
1804 5159
4269 3127
8221 7083
5307 714
5185 376
4331 6305
8233 8386
4789 9488
802 311
7841 6074
9040 3459
7883 8625
120 2046
4824 4130
9373 9082
1709 371
8470 2367
1085 6026
7915 2427
1698 5358
5501 6685
8445 5467
9535 4703
9772 6492
536 1410
3670 2889
1752 280
4886 1662
4179 1945
9490 7929
6485 4009
7125 6850
497 6204
7091 4305
8362 176
2759 6557
8822 3844
3380 955
952 4378
9987 7562
4574 1353
7333 2
6035 5867
5531 2990
2562 6887
9791 4673
657 5232
9088 5331
8407 1563
3252 3530
5050 1147
6657 861
3055 3211
4461 2996
9442 8441
2756 8505
7812 5594
8409 8549
2213 7579
8396 555
6899 576
7771 8201
75 8497
3520 4537
5268 8009
6391 9022
4443 9080
6585 3399
6704 4706
8233 15
2970 7989
9999 170
5102 849
6676 1739
9181 3694
3231 1733
5848 3692
9122 3147
7718 4771
6781 5688
4599 9464
7170 3017
5032 3546
3853 9331
6248 3574
5555 2254
8273 5470
286 4556
7078 3229
8261 193
800 1121
3418 7221
2194 1005
833 4665
7759 39
3310 2655
6207 7816
5449 7711
6487 4312
310 2758
5359 7101
719 115
259 455
4527 6517
4240 6329
7343 7492
4896 9623
7897 5929
9470 8646
1105 5872
6800 8891
2002 1535
3105 2021
8070 3472
9249 695
2066 4815
9410 5331
2313 157
9758 4601
4147 5602
9469 9697
3129 2116
3454 5062
7168 7897
8895 1207
3163 2184
3790 1351
5506 8897
2289 2096
2874 3297
8830 5806
3695 6909
8504 3544
9110 9619
7211 7281
327 1852
2446 835
636 2113
6387 7982
646 5365
4453 8606
4390 2336
7670 4708
8952 1179
7741 7446
8239 9321
154 1806
3283 6231
9620 2282
1421 2904
7402 9260
9924 9654
2964 3405
8909 8522
4370 328
7291 6281
379 9409
1092 9397
8837 8611
8193 1674
8629 4231
5156 9063
8801 5180
7397 2569
8823 246
7645 8723
8378 9686
3196 8961
761 6710
4831 4346
3110 8171
9175 9444
7896 9894
9658 1402
9387 111
5910 4655
3818 3755
993 7405
6886 7701
3779 4463
6518 4116
1691 5485
2435 7687
7219 9952
6816 9487
8620 1255
2497 2488
3758 4842
7449 6746
3224 1745
3306 6884
7041 8558
358 9963
5840 3384
1047 7776
4632 8292
6888 3085
4955 230
9582 6168
3802 3462
5395 4664
5356 9077
4614 4227
2776 9480
9219 5256
8925 847
7993 5551
113 4824
9220 2346
7033 2689
7289 3141
5004 8776
2124 4060
3602 611
4597 5682
1480 757
4739 4930
8952 3552
7816 3080
4192 3055
5898 3639
2809 4692
5822 8828
8961 1690
8456 7331
3343 3391
5981 5255
7598 2056
6424 8161
794 1935
7155 6072
6938 9835
443 5821
50 7834
3700 9762
1769 3933
7777 4065
3830 196
3102 3179
3035 7584
3053 8014
9228 3387
4282 653
837 6752
8005 1289
5484 1832
6002 5404
5357 3201
2419 6926
4749 9972
2141 7986
8378 8177
5559 5565
8106 9749
4580 2084
9949 8433
1033 8347
1709 7843
4044 1177
52 8544
9674 558
2683 3271
4345 8984
5289 7226
7403 2755
3346 5533
7171 419
6566 7630
2150 2076
6668 4649
703 9102
8943 7241
7853 3671
5020 4910
2912 4722
1342 2224
9465 4678
7386 565
350 1066
1335 2306
4504 7672
1570 3498
4016 4331
8747 7796
6798 917
5782 7890
5940 1305
9112 4755
1318 1862
9150 6280
8182 6412
5165 9699
603 1274
594 8997
6832 5627
1686 9284
5198 7075
6353 8597
6171 158
4139 9499
9676 1950
8991 2998
4118 3870
6619 4801
4714 6108
17 8469
3607 6349
3107 1715
3947 5937
1392 5141
6127 3116
7346 3017
7616 3630
3665 9697
2376 996
3717 6289
1830 4108
1157 5050
1807 5865
6414 4288
6645 4384
2404 5810
2016 7084
6424 1305
3832 5772
6668 9489
3577 786
9700 9026
6154 4395
3654 7327
581 375
4952 4845
1563 7716
5697 8398
6891 829
5260 7282
7674 4799
8753 2649
1221 3791
4511 682
9208 4216
4402 2566
9834 3837
6043 116
3764 7683
9075 4089
8864 4338
291 8210
6171 782
679 840
9606 3269
32 5748
549 5645
4834 8866
9820 7253
9000 7790
4402 1575
2653 4095
665 1548
4257 1860
7450 3707
130 8021
8478 8580
4455 8855
8020 717
6959 4910
319 2908
4417 7808
633 8569
1338 6310
8296 7061
6301 7550
8385 9897
2524 6531
1840 210
885 5119
9546 8227
773 1639
9395 9084
1811 1013
1648 8840
5848 82
8820 6687
5402 3409
7199 5608
3489 1084
2729 8008
3809 2196
3519 4852
4555 6371
5591 2066
8222 7194
3392 8369
6807 1224
5725 5697
1897 5402
1367 6806
4396 7505
4403 7635
5041 9275
5878 1150
7672 6672
2658 9181
1020 7119
3470 8714
6560 2631
9636 9633
6444 1070
4510 816
8834 3813
3078 7097
6290 5185
7801 9519
251 2007
4899 4529
8351 7516
9043 10
1772 3259
2797 631
6602 2542
5914 7722
1991 5838
6936 3953
4202 8266
6793 3937
8959 3899
9807 4268
5950 2299
4366 4617
6683 2428
8487 8076
9103 8192
4164 3690
8168 7026
9402 760
7987 3456
3823 8396
4321 5576
2595 4956
3686 2380
656 6753
6336 1678
269 7523
7887 2484
2640 1921
1906 6799
6301 5722
6389 4779
5445 8575
489 4989
6330 4393
9116 3087
897 8537
2786 665
4720 3808
436 6570
822 4916
3408 2908
8632 3679
8767 8265
4043 991
8443 2558
2050 5500
9678 9001
8329 4614
821 1514
8426 5170
8361 5150
1198 8879
4946 2344
453 7569
6899 3618
8724 3562
2771 4955
9820 3159
6949 2563
4249 6380
3492 1731
4938 9087
1368 5746
5630 6440
6995 4664
6594 59
5280 3469
2654 7527
3980 2665
2805 7881
6794 4311
4046 2635
3762 622
1938 3408
531 3319
5469 8068
3883 2901
5722 5762
1982 8641
4783 3526
1577 2903
5878 9295
3757 3519
741 5874
4619 359
2979 1997
6378 2034
2544 4498
4363 6597
5430 1492
9583 2304
1425 3043
2138 4990
5633 6508
9800 5141
8729 403
3593 5121
6394 3756
955 8121
2334 8116
8930 8969
94 5409
9522 246
4071 4589
6555 4004
3806 7335
6360 1632
3193 2461
5174 1920
9021 3277
6555 2349
8564 9642
4683 2593
9416 6211
6197 8213
8191 2124
2669 4354
1742 1367
4603 1431
3735 2952
526 6807
2383 1843
5847 2531
1697 544
4204 7927
6082 9382
9871 7348
798 6297
9225 3385
3827 3873
4288 6563
827 3660
3104 2877
5886 8835
8942 7123
5788 4157
4024 9358
9043 6086
4511 7373
5887 6868
7089 4391
6644 2303
3528 6711
2392 7132
1561 6494
3706 1554
6659 8221
8189 6762
4814 4775
9490 7099
761 3376
8760 9658
6266 9213
1744 1301
6685 9667
960 1528
3095 958
9188 8323
7238 4052
5164 7918
3055 6298
3048 1110
4060 8751
4153 8514
1370 1417
9655 8822
7506 4125
965 5153
1091 8472
3347 1064
1794 5775
1436 5571
9248 2525
4963 9556
9869 8671
4793 997
7789 702
8343 5293
6877 9865
4606 846
8501 2825
7745 7419
7903 6470
5171 814
583 9981
8920 6133
2844 3269
6221 8848
8825 8105
4677 3857
5832 3835
3598 1799
2718 6969
752 6355
1571 9758
5328 942
5370 9971
4694 7493
880 5311
8034 2019
3053 9065
3027 7680
4495 387
4769 7643
4240 5069
6948 8627
9070 8041
382 7963
3357 9496
5011 9763
4005 9675
3280 5834
4229 7542
1574 2567
3884 1439
3976 8937
1959 2159
5546 1663
2485 3671
1218 2657
8532 2125
6869 5981
8766 671
711 2851
2890 3436
8094 4244
1536 4359
3634 2496
5688 7481
5799 6889
5394 4158
9554 9846
8045 2354
2969 1546
2539 2143
6223 8645
6831 1859
2286 1761
2598 3743
3900 3722
5818 3824
371 3888
233 6604
6400 7553
4146 3848
8308 5720
9052 4582
5163 2348
1594 2993
8944 5108
396 594
1040 4576
9061 5462
8059 5361
6336 8073
1158 9243
4543 1402
7610 2453
8155 5904
1018 8788
217 2465
2297 2635
7223 9557
7746 4570
7988 935
8335 4269
3495 632
9289 2573
7797 5256
5929 5850
544 693
8333 6479
6685 6207
9063 891
2635 5685
500 4930
7058 7728
4432 1466
8717 1210
5420 1603
9390 3876
7590 5770
7413 721
9756 3118
1816 1200
2941 6736
9192 8444
2492 2046
641 8284
9997 8557
590 3987
8804 3247
9124 4753
5824 519
2724 4353
8664 1733
6894 2502
4758 4354
5815 5284
9895 9094
4957 5623
5231 9179
4822 7207
8831 1337
7657 4160
1552 1108
7715 5776
7808 817
8078 3831
7862 8172
3257 3797
931 1770
5994 4219
6074 6457
5410 5401
729 6375
4003 4065
4283 4658
837 3118
2457 7375
5833 3214
5720 1833
2649 7175
9256 9826
5032 7215
3629 7335
6308 4035
7668 4669
1536 3989
1733 9638
3156 911
5323 1226
6703 7160
753 1974
9265 9939
5228 5259
4308 700
5296 65
9997 317
9421 4154
2648 9567
3581 1869
5306 2840
6466 5490
5890 358
5160 734
7294 9665
998 8766
7332 5026
654 1304
1618 7497
4732 3892
6769 4541
2780 6445
2025 4710
765 8141
484 3042
1468 8043
3317 519
7509 6752
9436 846
1472 7817
4743 5900
9464 4589
5932 8131
6802 6331
171 7742
2899 4967
2259 9294
3167 357
5383 437
8782 1469
391 2948
8536 5274
4175 7601
5526 38
9244 6014
2285 5285
3591 3009
3885 5935
9902 2619
4714 2542
6069 1122
6917 1150
9580 918
3168 4059
1220 9362
3009 6024
6787 9457
6587 6328
1450 1759
6334 2570
7419 7656
7391 7879
2098 1285
1029 6283
8519 5152
9145 5822
254 5380
3026 5690
7402 9692
7758 4974
7726 6006
5380 6010
3299 3316
3522 9483
684 9404
4656 9276
4848 3586
9444 7787
6998 6430
2950 8157
4496 3700
6665 8475
9914 5769
2727 8457
3859 6852
8778 9602
5663 2450
7319 9385
5486 300
6059 3888
8326 256
1216 9420
6287 8438
437 2255
6970 2522
1623 1971
6466 2901
3111 7193
8752 8271
6607 3387
9986 995
2659 1928
6804 1861
4547 8300
4485 1680
2941 4029
4161 4039
9030 1229
1507 3079
6582 9444
1918 4891
8239 7329
4390 5861
6666 9946
5443 1391
9258 2552
2052 5749
5129 3648
4408 4029
3961 4136
7377 5893
241 7126
7636 250
9482 1534
7859 6546
8835 3615
4876 3082
3375 93
4995 6890
1725 1791
8395 9028
9597 6005
1228 1510
9981 8712
1172 2728
4912 4094
9472 8807
1767 1853
7069 5505
1544 9667
9016 6659
4871 6746
1216 3716
7085 9082
20 7197
1623 9363
2729 9529
9621 2871
1471 7939
3832 7973
7179 7259
9672 4218
5016 2513
3475 764
5387 9283
9100 1573
4719 4006
3112 7286
6622 3005
6831 2232
6499 5326
5750 2820
3817 3932
1317 6066
8785 3045
8085 3233
3791 3604
9923 2161
6067 7773
3583 5744
2929 6408
5091 6020
5361 774
9125 4979
96 9139
2889 9370
1955 450
6884 693
7170 7037
6729 9554
6825 4441
5994 3466
9979 1067
2822 4368
7637 9582
5010 1006
7504 1617
8248 3614
530 5689
5296 221
505 2742
4660 2389
109 2377
7518 9390
559 9837
9796 6855
5272 7293
9691 7668
751 5612
1842 9684
8227 4503
4124 5267
911 8028
4408 5348
9490 9613
1147 6621
9927 9052
5129 7438
7762 3467
6562 58
8842 6066
4862 5087
570 7848
2539 4297
6529 1987
228 575
886 4604
6377 7698
9258 2554
209 5830
2636 1246
3253 471
315 8976
7618 4255
1437 3276
8669 9247
7156 3610
9661 1904
7613 6483
4749 5102
926 1727
4416 1243
1349 1039
8722 8597
7392 4238
7367 8113
6834 4300
3541 9237
981 4822
4855 2434
1525 9685
3217 4046
4201 5854
6662 4918
8172 8299
5632 3872
9020 4435
3060 7951
2599 7079
4362 367
6968 3143
9767 4213
6249 2404
5427 2325
6305 450
8184 1984
9153 3102
2051 1845
2437 5145
3734 6239
1122 2923
8759 7130
5630 1897
492 6965
4720 64
2781 3119
722 3574
2401 3638
9621 9186
7270 7245
3607 2961
416 9036
5915 9329
6454 9445
7665 27
8786 3296
5023 6709
6560 7937
3084 9577
1240 8636
569 1953
2601 8408
2314 7132
7506 4501
4958 216
7385 9877
9915 6205
8196 7545
7257 7055
3045 3774
2345 9379
2549 1006
6639 1678
3929 8222
2071 228
4921 7020
4137 4286
2435 4538
9562 5978
3297 4464
4394 834
5777 1258
3700 5306
1306 2976
7580 2959
6074 1921
1772 1059
7423 8895
9869 3383
4552 1473
9730 5501
1260 492
742 2280
6873 8254
5010 9652
5733 9393
3511 4213
50 1449
8022 9010
9584 7700
7832 6888
1580 1979
9557 2508
3491 4076
927 2559
6475 5419
7344 2007
9561 237
254 1270
4305 5153
2137 8656
1938 1499
56 8660
7607 4585
5062 4368
7650 4907
6828 432
8766 2110
1766 5705
7934 1795
2298 8034
8549 458
7545 6864
531 5638
7388 5143
8007 322
9431 6595
2997 5342
8844 6594
818 7499
9892 9067
2790 1285
7192 5295
3964 6013
4277 415
3527 1668
4627 1983
4001 7328
5389 9953
6179 6560
3256 9003
3211 761
9931 714
7485 4447
8208 470
530 4747
383 1996
148 711
8652 3306
2660 993
8785 816
7153 5390
9741 3372
1572 1062
9441 817
885 3806
9700 9272
8859 7838
2607 3270
2275 4695
322 1639
5732 8806
1904 7531
5874 2267
2872 8302
7024 859
540 3898
5171 2463
2544 4073
2475 5507
3731 6029
7610 3473
8317 9406
335 3219
3109 9884
6634 5310
5923 5307
7269 3648
4972 9826
8031 6097
8026 7072
924 2267
3759 7876
7945 308
1448 8101
7954 7578
6262 300
4306 550
3525 9281
7431 5673
3078 6598
8125 1029
4006 9509
3026 2806
4566 9646
4921 2797
8939 3255
9157 8884
5823 8068
7250 7312
8781 3525
2362 2939
1682 8950
2812 2199
5457 7386
2054 6672
2655 4107
7723 7114
3239 9905
4977 3810
5058 8181
5220 2151
1567 1920
8451 651
3195 1036
9574 167
6121 9223
860 9182
9547 3559
9607 2555
7884 2754
9678 8843
3242 7189
8776 6033
292 4760
8460 1905
7421 5203
7955 8289
5354 2871
7177 9047
3617 941
9760 915
1576 4291
8690 8194
1649 7433
534 9998
6449 1068
2967 288
7164 8211
7431 4570
4560 3684
6087 1427
2225 2281
3019 1655
6065 2254
1568 6833
6058 1077
3412 9820
9539 7059
5360 4018
46 4325
1210 7957
8758 8652
6499 6173
4419 9059
4375 3501
4307 3327
404 8436
1252 9194
6536 5373
1300 2097
8679 480
325 2313
9709 5638
2800 4990
470 1201
4725 7173
2440 4733
7660 4732
6099 9446
4736 2034
8168 7665
7457 5274
2800 4906
243 2587
5790 2503
3663 4375
151 3000
5200 3164
8378 1346
2100 3122
8574 1777
4320 2296
2479 1190
9176 2925
6381 7244
7000 1608
83 5781
8795 2389
1036 1554
8586 4711
144 6262
4648 880
1682 5279
442 1381
5867 4589
7302 7817
3088 787
6778 3294
5856 6391
7365 563
1764 9652
2196 8421
8029 5941
6544 5819
8069 8057
673 3296
6349 2725
9121 6683
9555 367
7796 9372
1480 541
7820 2628
8174 7627
6149 5399
9030 7122
616 5871
8035 2467
6091 176
7232 9012
6314 2088
8738 8076
9402 5844
4471 84
5138 5645
6066 2746
4415 5613
776 8601
7510 2599
3340 1993
4681 5246
161 5217
9401 4766
559 6352
501 3233
928 765
318 6474
7171 3245
6742 7919
9202 232
8153 4322
8766 299
241 579
7008 4673
3032 5257
5101 8545
8522 1711
8547 7842
1045 2319
8698 7985
9302 5955
5146 3301
8142 6074
4649 8212
1040 6113
4897 3914
6072 9790
2944 1269
9587 7947
997 6510
4192 4372
4176 2392
94 4364
4195 5783
6999 722
9849 9658
6077 6828
5514 4531
1086 3825
742 6835
3034 3977
985 2421
3106 290
8639 3020
7596 2621
2963 7110
5361 7932
394 9161
7023 1872
6801 8844
5946 6918
6161 1144
6697 798
9645 3681
4402 9624
7985 6678
919 791
2032 4771
1557 6803
8057 8563
1900 6018
5436 5900
5266 8375
754 3210
5203 3169
1947 5915
9154 2885
9465 9612
1194 9017
9357 6876
3345 1675
8749 6906
2210 8945
5386 6191
4616 4268
5929 3186
2647 805
199 304
2974 2945
7909 7617
9166 872
8530 4990
4186 5629
3208 3038
1763 6141
7298 8957
6708 6342
4423 4155
1191 8801
3238 7480
1585 4044
8142 4961
8604 4110
7238 2953
9933 2429
8730 536
1615 2200
5442 7249
2614 9655
9550 7802
26 1677
9259 4463
5278 4697
634 2977
8360 781
1924 8584
563 1385
4818 1712
8102 8922
5324 41
4388 947
5678 6969
8705 1090
4210 913
9484 2569
8283 9676
1632 3741
9195 1276
1071 5441
3251 2777
469 4388
5220 9704
4329 706
4732 9271
3461 9684
9119 1220
6942 5111
7720 759
3029 8738
5056 8587
9330 2800
7361 3485
2639 8182
8672 1220
8728 5432
5205 7646
5675 9597
1329 1112
5492 2565
5692 4510
9035 3667
7818 4823
3206 4777
594 2775
1811 4576
2621 2213
6235 2286
6022 738
7677 3530
2395 8123
7436 2971
7440 104
4528 2952
7389 8028
7814 6706
9546 9490
1582 6601
5555 8399
6429 1028
820 9595
4183 4192
7353 992
5696 1043
9692 2883
9823 8504
9790 9507
7478 3669
3835 4085
3708 7211
373 3733
2636 1880
8916 181
3891 1546
5207 6637
2229 4897
300 9916
9892 6872
3023 1427
9582 1309
343 3270
4317 8511
4324 6572
5728 7116
5154 7854
5904 8752
3695 8255
3914 4565
1615 3983
8902 9642
8893 9792
2117 6407
5161 9243
4782 967
5961 8661
1300 9471
8159 7706
4802 9222
3755 1893
5006 9162
6234 4833
1510 4033
3070 4704
7468 9486
3940 6210
3011 1675
5867 5778
1140 178
7539 4529
909 317
5131 1936
3193 3209
8581 4514
3168 9294
9397 134
1939 4059
2213 2857
7725 4666
4776 3540
1467 5478
8065 8754
5148 4992
5810 2271
5718 8566
3333 5398
8490 7169
8625 7276
2097 40
1670 4912
8149 8063
7743 5025
7903 6679
6362 8180
3715 6381
2108 7465
9118 2523
5089 3237
5981 5470
3249 9271
8809 19
4222 8314
8749 3921
7570 2782
3234 4838
2743 8653
7048 5549
3772 2885
6106 7532
9843 724
4692 2110
2724 1747
6655 8045
8881 2153
1407 5183
6332 6160
7721 1967
3486 5822
3232 6343
6023 2147
6619 5578
2543 9464
9412 9323
4716 2749
6983 9864
7906 5552
1598 752
9989 480
876 248
7653 5010
7733 3169
9155 7030
7773 471
5259 3073
7292 3290
9868 3601
2187 8636
5063 8605
9744 1690
5281 6236
6778 9320
7855 7083
5711 1423
9409 3414
1924 9660
8213 9053
5748 4781
1062 7578
8106 9023
1796 40
7335 8808
3388 9867
8419 6050
2056 3759
463 6703
5747 1918
7602 9220
4521 8345
4207 9524
331 202
2646 5483
6361 5766
6092 2337
4148 6620
8364 2997
2352 6386
8165 5315
3869 7627
9899 2604
3032 6558
5253 3268
7723 1854
9752 8775
2168 4185
3613 6918
5218 3357
6906 9276
4024 1835
7102 5306
8605 8749
2484 2266
2493 2738
3838 2917
2187 6116
4935 9869
1846 2972
4061 7893
4912 690
4671 4807
16 2044
1808 2265
3659 6945
5768 6614
2794 6559
5881 7123
115 7910
5560 6007
3120 9783
5231 5174
9225 7923
7409 7049
1024 2805
1270 1515
4865 2407
6115 1468
580 7369
332 8113
7589 6972
723 6862
3037 388
8726 9337
4341 9693
8425 3217
4542 3943
8312 4417
1963 8567
105 8189
8050 6917
9888 1427
3831 6425
3827 2413
7700 1370
7639 8464
9122 13
9094 9488
6780 4860
9302 634
7929 8082
8740 7959
7368 8814
8224 8828
8255 3573
7265 9683
8646 906
6079 2431
8085 138
7688 3758
79 5071
6116 5785
3380 7419
1221 3695
7403 266
987 278
9880 7260
3746 1096
1052 1739
7842 6432
8043 7794
397 2550
9000 7740
2642 1375
7441 5794
1524 5107
9596 6939
8585 3487
9732 1638
976 5611
3650 8646
8162 1873
8258 6450
5509 5162
2952 3987
3811 9942
4073 3595
7421 2900
6146 2946
2014 2535
666 149
7484 5528
7853 4586
2142 1818
9940 2118
2911 1870
7482 6611
602 2515
9393 603
9466 4169
6846 6405
3230 6275
3377 7508
8813 2992
1367 5469
4462 4802
1339 7722
6871 1539
3329 5185
1313 1788
7636 7568
4919 6452
2708 620
1669 9473
7641 7138
840 3156
7976 3133
2699 4625
99 6136
9506 4473
1292 2685
5741 5469
7954 2307
8914 1752
7207 3987
5247 7089
3045 4771
6186 5321
2502 5897
9236 9130
6403 9531
5116 4100
9097 7760
2610 3313
7218 1007
9797 6042
497 4604
912 2823
3252 2544
6736 1376
8907 2701
2060 4552
3528 5093
8284 4000
7514 1950
6552 7715
7209 4380
2322 2666
770 7285
9510 8587
5333 1203
2910 9892
5808 8709
5354 9244
4190 2726
4827 847
2202 336
2922 1900
4497 5266
5082 1221
6141 7462
2782 1137
9034 6551
9910 4122
7950 8249
905 9506
2107 3247
445 660
8562 1312
1751 9060
8902 6754
6437 7319
2593 7551
1033 4226
6630 715
1705 3771
3385 8221
5675 1241
5035 3346
7467 8472
187 5202
7510 3771
2020 387
5011 5589
9824 2923
2068 281
527 3955
6630 7586
4714 7118
266 2136
1541 2784
8499 6469
3058 6172
2512 9207
7677 6512
4782 9470
8943 7
2267 1587
2432 5309
9330 8149
7707 5593
8859 4720
6754 9142
62 4317
1860 7263
3929 2371
5330 7611
4543 216
8764 4005
7426 1448
5224 4852
2003 9685
9646 9044
6831 7689
6051 4895
8717 2861
9317 9084
5704 3733
245 9772
8360 9894
1003 2010
6674 7416
3858 6932
3013 7607
895 1245
8021 4165
5950 4479
1927 5683
6438 9668
8932 7669
3432 3206
416 5136
3540 4555
2643 5416
7491 1205
6081 16
2793 7762
7062 854
64 6783
8325 3760
8532 7399
5329 4401
5388 9787
7201 1763
1059 3045
3292 8055
821 960
563 4959
2057 531
1676 8986
9816 151
5071 7790
6828 9871
3760 7934
8963 8602
7886 8921
1648 362
3944 9617
4958 4373
6112 4038
5940 9542
7544 9041
5600 7867
5960 1228
7003 7212
3613 2791
9405 5865
7521 9303
5703 9034
4680 7664
3896 5220
2326 8622
5138 5916
8065 3971
6450 9868
8089 9876
6928 5872
5554 1059
7554 7633
1734 2184
6621 3912
4876 1561
7458 5651
6580 9121
8553 3198
9549 3188
8929 9524
2749 7677
3574 2420
2086 3258
8146 2497
1688 2512
3769 5118
627 3474
1689 6001
7774 5910
2580 7617
1084 5135
3754 9630
9155 9648
1294 226
154 5859
9648 1231
2998 7146
8021 1408
5471 5726
1030 8695
3628 1223
6410 5731
1282 5947
790 9502
875 9311
8872 4519
3670 8364
6629 592
5105 1408
9566 5162
1474 1006
1417 3587
297 5811
3244 8924
5191 8729
2484 9145
7925 6987
6609 7779
1254 545
8195 5953
5571 7529
4815 4694
5788 2746
2335 8598
1443 3837
1882 409
9641 5620
9573 1110
2251 694
107 6559
5451 7148
1198 3524
7850 8264
933 5241
1621 9521
8304 9340
2254 8911
3176 7574
5651 2184
4926 9620
7724 1291
7384 7429
2582 1129
9526 8987
4856 4916
9581 2836
4860 6270
7893 5714
3856 3655
2509 5236
8081 5474
6445 9637
811 2189
3920 8092
587 5981
4346 6547
9935 5731
5301 3478
5128 2423
9480 8033
584 7374
2734 7820
2523 3782
1369 4213
9017 7517
1794 2396
4476 2403
1471 9758
6445 1881
6449 4122
250 8546
9523 896
2457 8237
9537 5060
1203 243
3632 2186
21 679
3793 4741
2003 1450
5862 3833
6256 1071
4625 2629
9812 3557
8263 7087
7452 585
5336 4677
9251 6022
3666 8415
2008 5701
206 1840
9842 2093
502 5770
6513 3972
1974 7675
2945 962
1870 6610
5968 5205
989 5724
9502 2323
107 4619
2484 9338
9254 1953
3654 3495
6463 2691
5240 7354
5370 8427
6714 4356
2055 1525
1569 3001
2930 4833
4023 1456
7906 4540
1814 5998
267 5985
9264 1586
8654 5039
9526 9000
4832 2425
6856 6062
5372 1424
5479 9481
5528 9079
2269 2219
6422 8707
2381 6040
611 269
5097 6630
8925 6737
2130 3907
9126 1125
4149 3300
2605 6325
3311 8716
2869 6387
4860 826
2687 4177
3810 3123
6726 7078
7138 2412
1025 471
7121 5534
8723 3789
3184 3156
4606 5326
1073 7454
3327 5172
305 4357
7455 6804
2407 4574
5730 7836
4725 928
4843 2545
2361 165
3009 1253
8948 2613
2114 7409
1967 5544
8982 3544
4320 4452
9578 3072
8345 5346
9341 2262
8370 1507
8862 4374
4401 9436
5148 4586
65 2826
4272 6579
2520 5757
3979 8906
2903 4570
1645 8202
4909 7898
8378 458
1063 6841
834 516
2284 872
3323 6891
8737 2437
2784 1905
9324 8098
3102 228
5643 2776
9041 1274
4531 9447
3483 556
4106 8153
686 9254
9214 145
1512 8505
402 1862
2988 9775
5875 7829
4330 8354
6151 4382
2575 9513
2882 9842
2482 5110
1538 28
4173 612
9182 7426
7661 3212
6299 5412
830 9272
7381 8693
5011 3370
9613 1337
1801 4378
5870 1140
6411 1201
4893 7954
253 7011
6449 2340
5978 4804
6133 4396
948 737
4036 8892
5110 8152
3320 4972
8715 1286
1408 9984
8407 1962
8795 9874
5195 765
4600 8740
7657 5762
7885 575
6304 5880
738 5731
7004 8460
5389 8424
5249 9841
7338 3020
1898 1028
4534 7531
8278 1577
9049 1827
439 4523
6369 2116
8818 2704
886 7050
9476 4008
1082 4869
4669 5306
7416 7074
5821 5554
9567 9747
9835 6081
6641 9765
9024 1427
3885 7612
2799 8377
2924 6995
7134 4785
7756 6344
9007 6501
5996 6343
8394 4106
4418 4742
5416 8750
9429 9205
2218 1126
7814 5463
3351 9210
8814 8567
4256 4299
4753 7134
8206 2679
1986 294
9798 661
1915 8511
165 6526
3423 1890
7777 7956
2844 7686
8901 4279
6161 6782
5773 4711
6890 3315
7604 8831
1206 8138
3734 7001
597 8139
2179 7488
7508 3525
6449 783
1813 5361
9970 9252
9435 3189
3546 1279
391 9554
2160 9606
7571 3009
6667 9071
7002 6169
155 9126
8118 5889
4970 9419
444 1531
4290 8033
1075 8716
4821 2152
2398 7823
7280 5953
2188 6123
1193 7691
3642 2921
3519 2149
2064 4161
1446 7493
1570 2325
4118 3392
6377 2754
4327 9131
502 7342
2923 9643
3978 5266
7593 915
9251 3355
1145 1790
2155 58
3080 4888
2221 754
1440 8433
6674 5604
556 6577
7114 2441
2837 9511
9347 2972
3975 3745
9179 7826
736 4869
2151 8001
246 2362
4325 476
1016 8285
5302 116
4001 7055
7865 2387
7854 7997
3078 5021
970 6806
9443 4220
7404 4546
1171 2439
2696 5704
3688 5296
1166 8805
9464 7662
7968 6353
7546 4703
766 4586
2790 6492
165 1645
1684 2347
7832 5778
5936 5885
7680 6750
1291 4268
1295 8145
7558 9916
3444 1814
2789 2271
8506 6004
4907 1372
2741 1607
1044 1959
7394 762
2717 7997
9542 8214
8978 7688
8124 923
4406 6581
2248 5196
3562 6669
9520 99
2845 4792
6101 6916
6058 2848
526 605
5016 4123
6646 9256
2379 6038
5515 2217
5363 7044
3068 2040
4732 4817
9601 3783
5282 2668
2583 3304
4601 3892
6060 6514
856 2187
8649 4747
8357 7563
7477 8116
2858 6405
6338 8664
64 7474
9923 3685
8456 6370
4515 7695
7408 9156
6018 7021
4143 96
1853 4421
9286 968
177 8255
5335 4464
1032 4678
9954 8831
5773 2967
7181 940
768 8219
5890 1477
7115 807
3571 6078
6527 1786
6898 6710
3133 3059
4799 4645
3444 3530
7235 6476
6086 6122
2203 1875
1309 7859
8163 4902
3453 6365
8726 8382
6623 6265
3484 265
9173 6032
9074 7501
6916 2747
4040 9404
4214 9619
2036 2793
810 2355
2526 3719
6334 9229
1840 1065
7523 7450
5957 4426
8001 6184
9833 4171
5219 5815
2161 9146
3199 7872
3609 9811
9077 3264
632 4606
2866 9836
7293 3169
2218 9184
6598 6075
6400 3303
6124 7210
9006 9803
9992 4109
8184 8002
6543 7992
3080 3552
2017 2157
6630 9678
910 774
6742 1314
6505 5373
5356 9446
7761 3032
700 3866
4456 9842
478 2976
5884 5234
35 4029
5322 4475
5269 6410
182 4890
4859 3956
7316 2360
3397 2742
7647 8722
9842 7407
4975 5670
4823 5382
5391 7679
2997 5471
9740 9405
4730 9740
5484 7220
4609 715
9772 1405
2739 9970
9755 3442
2103 1066
3856 6461
8593 8872
4077 8679
1325 6660
166 2580
3176 9294
3731 8650
6323 762
618 4212
6405 6430
9144 7607
9516 279
5807 7317
3905 3894
5422 508
42 1582
1458 7655
6235 8387
3218 8799
5711 6626
6489 9047
2607 3874
5652 3172
5006 5568
7909 655
3254 7077
5753 2322
756 1023
3533 4381
3808 3754
6219 5607
7512 952
7031 4291
907 9911
2402 8356
3125 7668
9125 9195
8855 9877
2641 8864
9827 6804
1191 9786
8024 5735
9488 3590
2918 2941
1379 4806
1308 374
7573 5111
1403 6193
7065 7518
9044 2945
2071 7765
2249 7780
2889 1410
5068 4558
1686 822
6960 7434
9121 9458
7072 2500
1119 4236
6580 2380
1888 7229
7807 672
2332 3855
2536 2203
7126 6296
692 1531
7593 6980
2633 1671
7060 6945
3455 7222
2128 9076
442 5557
8471 6729
8691 2972
1921 9844
2729 6894
1990 4399
2447 7827
7009 8574
9182 8220
1304 6067
787 5360
8549 7426
726 7305
745 8559
1656 8787
2646 9310
5692 1165
5482 7458
8343 5164
3165 6640
133 3145
5412 7791
4683 8618
9694 5201
4627 1047
636 3816
6693 8210
1319 5130
9954 9984
2899 7988
3674 6920
6211 5611
3663 950
5004 5378
1895 8008
9232 2166
2992 2130
3061 4472
819 5698
8424 8017
4305 3454
1091 8030
9663 6274
5942 3114
3501 497
7336 6685
872 8943
7860 1455
5406 2610
2835 3862
9652 6702
6006 9225
323 319
9735 3747
215 1388
9280 2705
3782 1566
9684 2103
701 7411
2225 8854
9988 887
6575 3502
6578 8223
6597 8332
5471 5979
5674 1238
7378 9969
4377 9760
1207 1390
8519 774
4366 9239
8703 6827
2771 8853
3660 9545
4972 8574
7531 1373
1869 6025
2281 4703
5292 3866
9377 2040
2304 7447
5976 9118
2538 1497
8792 9419
1302 8318
1028 6121
8868 4846
1746 7026
7607 3300
8880 6255
4543 5077
2772 714
2349 8047
4413 6384
3037 7665
5035 7519
1290 3796
3174 6137
4350 602
5472 8405
9582 6638
9305 2386
9371 6594
3817 1496
3742 3759
3143 8017
9010 5040
6697 1816
4252 8497
3066 2093
2634 6123
4928 3475
7268 6055
21 3272
5433 637
7480 790
7988 4843
5606 7671
5980 3849
3425 1505
2278 880
1646 7831
1869 5302
3838 6545
6136 8617
293 1093
6095 3852
9610 5055
3647 7187
2254 740
7445 7290
8139 8644
3036 9908
4634 7025
1910 4911
9296 3904
6050 5786
2202 6423
7288 6078
2296 8139
5043 6806
3866 1052
9642 34
3743 8912
7894 2248
462 5381
7170 8066
1657 3428
5516 61
1616 7006
445 4625
153 320
5305 9334
837 2892
4169 2190
8569 526
9159 5783
3172 2524
1282 1874
8261 4987
7758 9819
2062 5560
8599 6464
9750 2321
6819 6785
240 5731
478 9033
8638 7120
8627 7245
8073 2895
943 9740
4568 5655
2144 6433
4941 8063
4853 8257
2987 3100
5356 9932
5994 8085
2472 2597
3241 7875
1422 9461
1701 3765
8550 3197
2980 1915
4771 4732
4779 6684
3602 2727
6356 6838
9540 7935
3253 9209
9592 9446
4992 3176
1556 7813
4403 5485
9039 4802
1041 6056
3096 3829
2987 1489
6661 1782
6473 1292
7382 2964
6981 8119
7958 5469
7512 4915
54 9808
127 3993
9972 147
7838 2106
1681 7862
2499 2416
3151 8548
9086 2834
2630 3767
5416 5846
3190 707
503 2154
5877 423
7192 5468
9792 6797
6352 903
4307 8069
1179 2229
598 8192
7258 53
4171 1019
2201 9214
9714 1141
1767 1883
198 5744
2297 6246
1963 9093
2502 827
2590 9691
7316 9592
6603 4297
9577 2404
7969 1024
6559 6026
4880 6617
9135 9721
2436 623
774 4278
3641 1293
6717 8220
3831 7163
3198 1073
714 4373
4915 46
7758 5492
230 20
5945 7932
2544 8868
4965 5838
805 5450
5961 7922
6045 4805
6010 2064
7529 266
539 4664
3911 513
6251 7925
7835 395
9285 9374
9649 8556
7918 4296
2195 7963
8957 647
1885 8766
8171 3062
3519 6633
9373 8019
4300 6938
438 7524
9973 4245
8563 3605
7083 6585
9024 9389
7481 2895
2676 7110
9368 5623
329 800
8945 9926
3983 287
8002 1826
1241 8392
2717 918
7923 370
7268 2525
1578 902
3865 332
1768 5626
4661 1161
6488 2925
2066 3780
6184 2967
380 8583
4360 920
2543 4544
5755 827
3666 9680
4081 9460
1201 5417
9148 3506
5010 6116
770 732
1761 4264
8900 1762
3912 8394
1556 7985
3593 4267
1365 3213
1360 1552
3100 3147
6856 18
941 4234
3584 3229
5080 7387
2365 8942
491 6324
3776 4275
6531 5600
6467 8722
3940 497
1958 2934
7221 3146
2588 9352
4163 8653
3973 4115
2529 5040
3448 7758
5367 2726
1503 120
9595 1852
4811 2300
6411 7160
6090 9741
1375 9262
6634 5644
5628 2934
6980 4683
9434 3620
7578 5788
5456 5930
767 4942
4652 2799
2710 9617
3666 7278
9894 4796
9821 847
3262 8620
5980 9818
8993 7077
7909 2393
6704 2227
62 6365
4330 3221
6247 7421
2695 5740
9504 6847
5310 8620
3042 2941
526 9056
3862 5365
766 3565
546 5079
2359 8643
2897 2565
2251 2864
5344 1760
409 29
9751 4111
184 4567
2157 9597
1331 9726
4712 9542
8039 4581
2013 239
1540 5913
8762 6038
4478 748
7496 8925
8210 8510
1572 3273
1539 9868
8985 7824
3989 8411
6530 169
4492 3498
1931 3843
6613 2860
5217 1211
3804 6084
1934 3282
8035 4857
891 2330
1266 6724
2961 5526
8119 1768
3209 7468
6130 2885
6738 9317
2699 7807
6040 4330
3438 7877
9293 7652
4606 2447
7832 5250
4817 4070
3719 3567
7073 7836
7985 596
5493 136
8315 5590
2302 1570
5476 5946
6810 7264
1571 1516
7442 7719
1051 4047
1593 4696
1138 4046
8112 4198
3208 9057
5154 3114
5924 6177
214 8932
1210 9801
1318 4421
4452 6329
2376 6878
756 4294
4097 1653
9095 5172
8505 3562
15 5396
8002 1601
1586 28
9685 9943
267 4497
6099 8407
220 1155
3691 4632
7288 3414
9609 2406
6051 3650
8990 9007
3376 3500
3841 6356
3538 5491
3890 4402
2773 756
7237 5621
6689 5372
682 59
7259 4757
9790 5738
3412 7664
9273 9271
9897 7841
8635 4551
3561 9043
3079 6020
1923 625
6899 8424
8505 3978
5055 3929
5291 2861
1943 2243
9314 4715
5927 7832
5712 1705
999 2315
6047 5350
3192 8302
3533 5472
9048 8709
1510 6507
4604 1655
2114 7037
6771 3000
8295 6855
2651 2967
7874 7080
3306 6115
6864 1041
4789 8690
8036 6799
6504 6897
2883 854
5771 7961
6909 8020
3771 8432
3401 1938
9192 8619
6139 2816
9789 1213
2087 7373
2984 4685
6820 787
1770 2054
4981 2143
2119 825
7138 5273
7965 2677
5513 5852
7219 9281
5537 8506
333 5385
7537 8150
2814 7805
752 974
7075 3801
4720 4233
6511 9240
7818 6820
6324 4415
1275 5396
9235 2736
1140 7193
6045 4341
6569 2677
3591 1984
7044 3622
1874 336
2062 5086
3109 8236
5857 8676
2128 7842
3267 7432
9115 2510
4099 1491
262 7553
1253 6334
399 4416
1841 8233
4877 9964
9456 2968
423 45
549 3414
1041 1417
2501 2200
5583 9412
7485 9974
4092 9214
3124 7275
9803 7710
3490 540
5473 8368
6280 6663
5110 9830
6527 7895
1093 79
6565 1654
5068 1199
4021 8068
3804 1009
9467 9223
1061 6921
7560 4238
615 925
142 7263
4101 2034
5131 7777
8735 8692
7314 2345
713 7955
2364 7817
3886 4408
745 2995
209 3460
2458 7700
4505 3621
1964 601
2773 5527
2244 6801
3757 9600
4617 8356
1865 3468
7715 5286
7614 6452
5658 2475
9435 4298
8563 6773
6708 8296
5050 9995
7671 6830
7228 5652
7336 4686
3025 3117
8638 6433
5367 7721
7244 5428
5874 2584
3299 2808
9413 8485
823 611
914 9394
407 9127
6144 6920
7814 6112
2659 6194
6501 6068
1392 1871
5085 4515
3445 8901
9976 5269
2459 962
6984 3352
151 5791
1549 5383
5921 8726
9192 2746
8936 1482
7763 3614
8435 1027
1093 7500
1876 4959
7812 9985
7440 1100
9702 9695
8220 8620
8654 7889
4153 8211
2936 2160
3049 1409
8989 4528
8180 4762
5714 6539
1222 8734
5067 2594
4215 31
5874 3856
5447 3092
4313 4150
9459 8420
7207 8577
2975 5414
1361 5787
8085 5651
4920 7246
5469 5758
1244 2404
6449 6071
8222 2803
5872 4021
7703 3693
2586 1817
1856 3222
918 9980
1389 6799
3532 7253
7273 6121
5009 2804
8079 3262
5598 7932
7413 2748
5999 2425
9138 781
2901 4874
1431 2885
9804 2973
5087 5578
6950 2192
3717 5625
7912 3317
6800 3892
8623 8473
9513 8058
746 4400
2620 2224
624 8831
8359 5886
894 1755
3741 7772
1070 8522
9293 499
5920 2154
5008 2763
8910 1662
5989 6148
6346 1069
704 2018
3147 1612
5531 6870
9407 7272
2353 2070
9297 7920
1111 7606
6644 8416
2117 4131
3272 1679
9101 2031
4666 6800
3934 3154
1166 6591
3486 4745
1729 1578
4218 4421
2904 2234
1821 8005
838 3775
5905 9075
55 7334
8632 1596
8939 4324
9178 4667
3102 2531
6013 4246
6831 5316
6798 6486
6041 7860
2180 1915
5370 1063
2845 8160
5504 4399
9269 2552
9624 2486
8211 3132
8342 7300
273 9087
4446 5618
750 2136
5244 8193
9743 9251
5035 2438
3637 3721
4978 784
8519 5724
5540 3907
7881 5988
1338 3562
6256 3774
7996 8449
933 4644
3843 657
3163 3694
3810 1179
2756 6957
4429 7287
3387 3959
8568 1288
9944 5742
4993 2798
1205 7558
8802 5106
5448 2867
2748 9265
4290 4804
243 5201
8779 7293
7573 5150
9350 6598
8827 4203
308 6359
8308 7447
6123 8937
4080 5338
2254 9339
9120 1630
8292 9662
8132 7025
5429 7207
7069 1831
1894 2046
959 1072
5242 259
7024 3335
1585 6993
3051 4510
8270 755
922 9061
9647 6309
7984 8379
6890 5590
8930 1660
2805 8617
4195 146
4686 9193
3463 6575
3120 364
1177 5949
9013 8103
6577 9752
9801 688
6815 6435
45 3162
4253 4849
3319 1435
4382 9010
1874 6962
2518 6347
249 3823
2226 6553
1362 2023
1966 4840
3061 6701
2982 5069
7081 2978
2128 8037
7682 4160
929 6864
9540 369
9483 7207
2409 1458
9556 4829
2452 8066
998 7674
7651 3927
1523 7698
1872 4051
8672 9757
9453 4983
2108 6967
8607 7931
9221 698
8724 572
5509 7653
3486 1231
2044 8070
3069 3714
3520 6336
7557 304
6695 9042
3535 2683
6299 8399
970 6140
7022 9725
6103 4963
7585 8108
4903 8308
2389 5217
728 8675
8162 7899
1476 3844
5150 1360
5671 275
4425 7629
7267 7628
1212 6275
6167 1813
9571 7806
1226 7374
8259 4140
3185 880
9494 2480
4685 5227
8993 5630
8951 9001
6484 7770
4201 5833
9341 1850
4834 1513
9914 6602
6188 3171
3858 2019
8152 6945
2168 2837
2295 104
363 4659
2240 1921
5873 517
3686 330
4103 7653
1207 1454
13 5506
9109 657
9181 2571
6092 9698
3235 2748
7446 83
7525 3341
1984 8789
5459 7947
4501 7024
7247 6385
5336 3481
1516 4372
3577 853
7758 6217
4662 5048
2385 9752
1722 4141
1106 7872
3514 5579
2959 4197
4758 1930
358 9354
3399 4072
4880 2996
840 4526
2741 4960
2511 3475
3912 5474
1192 2249
6057 8495
2681 5526
6990 9767
2725 504
1024 2640
7384 5708
2680 4340
4355 7306
8055 4347
9375 9169
61 5227
2847 3089
181 9598
9246 876
7523 4016
7572 6096
6840 437
506 3133
5510 4286
3884 8955
4758 1168
6353 1964
5068 2931
6216 8039
7868 2768
5589 5028
7192 6594
3308 2738
8931 7644
480 1336
2544 3929
8571 9868
6050 1891
9975 544
3918 8729
9815 4615
6155 1899
5202 9678
9456 1026
6701 5906
5508 5100
3227 4546
7090 2509
8406 8496
9802 8406
7823 2514
8156 7383
8103 7168
5273 8759
7664 3652
5600 1928
9429 419
3401 6199
1526 8688
6630 7111
4732 237
8687 9225
7033 2022
2339 3249
6586 2908
61 6988
953 5178
1667 2585
2999 8782
1602 3424
1925 1866
7642 8919
2429 8660
8466 5586
4730 8584
1292 1724
7723 1959
5026 7793
8291 3343
5431 943
6498 4080
1115 3870
6179 635
6176 9662
348 4188
8138 2523
2350 6980
1037 4090
6659 6070
1292 9973
7635 7009
4352 4679
1272 3837
6085 3055
9718 115
2747 5283
4328 3430
5413 1543
9265 8457
5418 8898
1152 1845
2647 239
1986 9425
4597 4133
8061 9181
1596 5586
8974 9215
6416 3115
2718 807
9647 398
1459 6301
8134 1133
5077 8783
1099 2210
5273 7986
435 6115
8951 3062
2196 8320
6466 4831
74 6116
8822 7226
8600 9025
9262 7404
3602 2945
3419 7177
2754 1995
4596 7972
5558 9506
4347 3351
1262 8481
453 8778
3661 4811
7916 1470
1180 8826
4916 9387
7461 6215
2054 6587
8575 9689
5692 3555
3630 2588
9731 4054
233 5306
6261 6924
7295 6221
7691 7947
4509 7305
6727 4202
6673 769
3453 6810
2169 9459
2296 1123
792 8752
4144 2411
8736 9868
5605 1210
9209 30
6509 3528
7786 9411
2423 6151
762 9215
2613 454
1108 8417
1658 5490
290 8207
7296 1021
5964 5626
1572 2450
4049 5355
5907 4445
6081 2177
1333 7389
2976 6653
967 5792
3797 8019
9359 5801
1241 5773
2752 9548
8720 4587
6334 1455
6938 8819
3978 9345
8091 2772
9455 1954
6562 6491
7916 8863
977 1843
7968 7213
4576 4305
94 2727
4183 2441
7376 6661
9418 5000
5914 9490
6646 9973
3437 9776
5580 5124
5224 9839
2501 3931
5514 2580
7076 2528
4591 615
1267 398
9354 8261
3427 1629
1451 1640
7397 9180
2701 8580
6538 8978
3487 8590
3021 9424
8272 8362
7170 6306
4713 4887
6758 8959
2504 1065
4096 1301
9559 3160
5610 9256
4958 8113
1460 8704
193 1242
1394 7892
5018 2615
624 2847
9704 2668
4262 3674
8715 1580
3984 5879
2896 7446
1980 1505
2408 9755
3845 6231
5484 6625
9650 6194
8160 42
3562 3703
8957 6818
8922 4757
7975 3098
9038 9484
4939 5712
4698 8070
7790 8417
4253 242
8372 6265
6281 7266
9001 5186
4183 4927
2605 3626
3372 2740
1497 6392
7612 5963
953 2335
1643 9732
3669 3564
2961 2132
3652 5080
9760 5108
3678 7655
3810 9289
5157 1056
69 1398
7282 6533
3725 2672
13 3407
7349 8274
8267 9131
1925 380
2106 2842
551 3383
1617 9525
8862 3301
4402 3040
2915 3908
1418 7701
7707 9682
7168 2223
5689 7674
6421 1744
7329 9176
7823 828
1887 4212
14 8264
2596 1611
773 3335
5263 7077
8469 9391
3533 7047
7284 1901
8754 6562
6969 8274
1264 7781
8044 8706
6479 8721
7038 740
6738 9934
6495 8296
3155 6680
2620 404
6007 1525
2252 2468
7263 4112
7002 2754
2403 5621
8136 2943
1780 2600
5535 9180
5261 2179
6221 2713
2649 5720
2363 5506
6782 2847
2746 1588
2827 2377
4533 8261
7339 3738
5282 4274
9552 6915
5436 532
1713 9893
8447 2983
9377 1806
1154 2096
1244 7120
6391 7688
9723 383
752 309
5843 2576
3273 1615
7803 8087
423 5585
2245 594
8846 9813
2339 2256
1737 5452
5269 2535
2350 8043
7572 4594
6297 4252
7084 9072
696 6735
372 6521
5853 5485
228 1821
8378 5196
7430 7180
6811 7640
4899 4702
1090 3053
8178 3340
426 9301
8034 6520
4559 8732
1579 5356
6896 1014
4752 266
8491 4613
5972 6431
8549 5401
618 4716
4289 5151
2292 7418
8936 4104
4939 1530
9317 7643
6112 988
5767 5959
3058 9450
3960 2939
7147 664
8585 8408
6598 2917
5113 4268
5052 5104
281 1287
8639 2988
4817 2645
5527 6864
3245 1512
528 353
357 9799
5264 6694
9686 8421
9510 1547
3803 7439
7859 2365
5790 1614
962 8184
4182 6107
8098 2983
4521 3275
7041 2376
8535 9412
6435 543
182 6618
6244 34
2607 4971
9989 1824
7400 7549
7524 293
4817 3799
8077 4088
8594 418
8495 2567
9431 1024
2283 5620
7 2646
9146 18
6567 5246
5718 9021
4053 7919
5935 2067
5763 7325
2900 6581
7305 8168
6395 9648
1396 9706
9646 3756
1014 6160
6657 4064
3461 9737
5597 8872
7745 2927
6840 4856
1361 4971
342 1308
829 4483
5825 5216
7263 12
4470 2379
3951 6153
3554 5142
1147 7312
3892 4854
7188 397
6174 641
4281 672
4216 2429
9496 4845
123 9028
5595 3444
486 9869
4635 7710
5419 536
1749 8644
1865 5505
5432 8679
1052 8669
556 1813
4799 8960
6344 1047
9505 50
4595 152
7200 799
6031 91
4119 3816
4033 1064
9494 6255
3745 1299
8012 3590
2021 4923
2429 3973
2806 6526
5579 5976
1721 6669
8019 7116
8576 3365
4983 6794
1073 2729
1426 5534
8111 9318
7168 369
2425 9975
9964 9274
2928 9867
4887 4951
2987 4037
3774 6064
8390 541
7864 9723
8621 5614
4686 4555
1709 7140
9242 499
1291 4127
3599 5739
7004 6119
9183 9731
8455 986
3907 5435
6343 2818
4601 9757
6171 5790
1642 2367
9649 7316
4825 4696
3919 5153
8860 6677
1833 8845
613 7182
5670 9392
9495 7976
5966 55
8772 114
4587 9386
5560 3844
6259 9720
858 8873
8775 3057
3592 3060
6373 846
4561 7187
8339 9093
6794 5991
3780 6600
5339 9987
5929 6731
2613 1435
8487 4675
7224 9739
7676 5224
9579 429
7881 1749
7785 7010
9035 6965
4317 9875
7957 7423
3001 3108
6657 7854
6810 7221
2765 5305
6546 623
8839 5831
3708 6001
102 6566
9605 2890
3951 6914
4605 8819
8097 8100
6182 9627
5396 6037
7773 1141
1757 2596
7944 395
7182 628
3615 855
975 4302
6447 6837
8022 4274
2245 7443
7518 7318
8149 9949
8983 2506
2468 9320
5594 2188
8997 3181
1291 669
8852 4918
1750 5736
9771 6261
7316 5400
1439 6062
5645 4767
6150 8820
5042 3815
7572 7291
9927 7465
2178 4257
3316 7014
3943 8889
8377 851
2637 1628
9073 9585
1688 8284
7106 4608
3422 1278
3172 4749
4866 2408
9444 7080
6746 7707
9187 4551
6737 7218
3289 7642
855 8513
4431 9515
887 8669
4157 2437
8842 9189
2069 248
3126 9463
7433 5875
2297 4236
5544 5078
9123 6707
6392 3500
5347 3395
1915 1103
3069 8668
7550 9822
1484 3975
5268 3091
2714 8099
5112 2923
1394 6531
5961 8379
8303 8927
6387 6737
2540 7378
1774 9243
8971 5062
2456 416
7144 658
277 9580
6545 1004
8214 8397
4491 7702
3471 3566
6254 9590
9055 6762
9625 2512
2443 6665
9356 7332
8009 1135
2879 935
7541 7347
7254 7609
3496 2538
3604 3715
286 2102
6268 7330
4930 1234
9950 1837
9166 5025
3537 6425
5606 2797
2025 905
6438 4470
7745 4329
6747 1486
2956 6689
1069 5552
8190 1145
8426 7644
7095 7851
9747 6099
1710 2887
2725 2098
7301 1293
5029 2889
8345 1630
7064 3875
7683 8742
3641 7294
5410 4399
5754 2948
6254 3866
9961 671
4265 7707
2190 2739
4190 2105
902 8123
6505 8473
8862 4302
3670 979
7162 8104
7538 6136
4070 7248
8320 9697
2951 9691
2233 9815
6274 8075
1654 5015
1289 1655
2485 1397
9629 9587
6342 2735
2078 5589
6770 9328
2374 1074
5367 5668
646 1176
125 6439
496 1884
283 6632
6823 9680
9048 8061
602 1911
640 487
4473 9317
2654 6467
6028 5973
2327 6567
4570 5255
9012 1191
9850 4494
1226 7456
5700 4043
8148 9302
7149 6665
1001 4576
1887 8463
3918 2722
837 3140
3124 3068
2565 5184
3425 1311
2841 5522
7728 6418
3073 3362
281 7635
7712 3942
618 9984
490 8262
4750 9604
8745 9727
9978 4475
1503 1428
8123 7859
921 3361
5443 568
1805 7040
5381 7722
1444 9731
1144 9896
3833 488
9655 8492
956 3640
7193 3340
228 6897
9664 6249
3632 8624
8174 5962
6468 2458
4508 6078
4482 5010
1496 8586
8624 3387
7182 2373
5802 9132
1315 8805
2674 5427
7134 11
3866 7468
2862 7787
7607 2123
6500 7668
1542 9114
6347 2718
9370 9049
5023 1196
3394 5968
7383 9677
2547 367
7997 4597
2171 5395
7189 1478
2048 8019
5036 4680
956 5807
7329 4169
2081 5271
7612 241
5328 408
845 184
4749 7034
5885 2183
9007 8059
211 9421
4141 3637
8250 9580
8122 38
2453 768
6500 4119
9963 5812
6762 4008
7205 5491
5863 480
5836 5214
6909 6652
8125 7270
1351 4415
6987 947
3307 9799
5820 6934
6920 8262
9764 2466
5831 7224
1094 9900
9433 4657
1747 7005
5898 7268
4097 5878
9115 3543
1617 913
3664 8526
253 5371
5425 7837
3225 3567
3900 1895
4885 5303
29 6802
9913 5601
6134 5878
5235 6068
3309 8222
1411 7421
5991 182
1946 4258
8175 9363
9668 8384
9671 5593
7057 7119
3613 717
2771 3202
6742 6024
9505 1691
3895 9803
7941 3667
9197 2916
3225 6971
4079 9552
699 723
8872 5399
8475 8372
5830 9159
8060 7872
2959 2178
997 8250
6667 7295
4507 9993
1018 3840
3416 1500
9696 8078
6570 5083
403 5715
1509 2252
6504 4133
8941 4024
6615 5084
7904 8540
7613 6771
5883 8283
3332 3238
6577 1135
1115 9033
6853 4910
6594 9257
5977 4431
9645 6473
9873 4357
7489 1246
2189 8437
7795 1585
3298 5367
8703 1072
3931 5346
4138 6164
1516 8594
8117 7786
9774 5199
9808 4206
7956 6709
2696 8846
8228 7209
4227 7202
3338 698
4317 3612
1595 5292
786 8988
7670 9959
3475 4021
3253 6557
2511 3160
3501 9905
7784 5396
5695 2814
5112 117
1101 9301
5732 3856
2359 2587
3924 1987
4514 1598
7236 5907
9169 7662
6294 7005
460 4271
4227 2040
7655 3918
1800 4076
6192 5310
8246 4033
7933 4944
2349 8275
5687 5344
8891 7183
6365 7593
1868 356
4315 5482
6610 7365
5256 9996
965 364
9186 1788
5642 6586
6554 9947
6737 3196
5189 4188
782 5097
4864 3731
4798 4951
7226 7135
3548 2988
1067 960
4568 4206
6831 2047
3466 194
1675 823
4994 1255
6267 7807
8042 8144
1032 3719
8222 8073
5350 8743
1254 4599
4842 91
8806 6030
9957 3057
9972 3986
3850 6305
2281 9245
2806 7915
8124 4877
545 593
6259 3495
8868 5870
5531 1164
4637 2470
206 6317
2784 8307
8286 6858
831 1812
3695 4427
2617 5021
1818 5898
9713 3956
5543 871
9499 1342
2569 399
7364 8411
4089 4355
8406 7764
2926 301
2610 7947
1304 2371
9037 8778
6999 2490
2447 1744
9331 6568
5396 3475
779 8233
7913 4509
9308 6551
6345 3680
3413 7765
5826 7632
8204 3359
2854 96
9756 9153
8803 2528
4558 7722
7476 8175
8755 7295
8244 176
7107 6578
9595 8048
5172 3509
1752 3556
7584 2438
1805 6365
112 7193
2751 6350
5935 2129
3411 8723
4204 8392
4693 2558
2319 5598
2204 9056
3772 6163
6845 6057
7396 2641
317 6849
257 3030
5949 7181
4770 7647
1078 5954
6815 6622
3846 8892
8551 239
4610 3596
9829 1384
6538 3413
9184 6912
5517 2729
2997 6543
1294 4954
47 9252
2846 6239
2295 6136
2545 7296
8782 9091
5676 5340
9858 6887
1597 1494
8289 7943
7787 4495
1784 9384
7594 389
3481 8998
4125 4063
8699 4677
7924 882
8921 6287
2070 664
1019 4275
928 2604
3104 9465
3724 8973
9719 9246
8456 287
1855 3731
3361 3985
7938 8426
7624 2938
7861 5188
7676 6117
8065 2819
3196 3550
4072 7297
3377 2853
1947 168
2945 192
3467 2354
4158 3505
7854 2609
1570 5172
3368 2619
5542 5497
5494 5129
9533 2403
5167 6084
4395 614
9526 373
7728 4078
4908 3837
1227 3182
3010 7485
2255 3660
7754 6279
2014 675
4686 1621
3261 4886
6788 4318
9773 1319
7443 1882
2604 2017
9762 2338
7010 6561
8451 349
1671 3679
8737 6554
3788 8583
2160 4979
5547 9457
5619 8214
7338 8228
2255 626
8078 4438
4487 8485
9135 6533
7753 1241
4619 5323
7184 4845
1258 6799
1985 1665
8028 1095
9332 3254
6289 97
3899 7179
4019 3631
7734 8181
9561 3178
2518 8281
565 9524
7388 3919
6791 5659
6472 1112
9994 7773
7810 2785
2364 43
5797 4955
8624 4190
7577 6196
8647 8336
6867 5222
707 5187
102 282
7702 6669
5955 6822
9670 5533
8060 3021
3971 5700
3408 3963
8310 1166
7307 9597
4728 7931
9515 6243
4017 8564
4201 6606
1557 7228
5038 2554
2733 6
3910 47
3658 4095
6188 6939
9819 4281
6116 7469
1343 2071
7490 869
1837 8086
7152 1665
9397 6080
997 5777
872 9380
8536 3532
535 3154
9830 5618
1687 9954
6109 7416
4645 2604
9831 3538
8782 5802
3783 8901
6293 7259
1510 1431
5191 5652
800 3478
2166 8622
4860 9690
527 4147
7402 4730
3227 3012
8624 9732
9732 2408
556 8422
8227 4155
4720 3765
1944 244
1757 3845
2651 9400
1965 9758
9561 6786
6697 8702
8227 386
8830 41
8618 2792
4945 9913
5116 672
8221 8303
5811 6146
9162 8239
2120 6057
1249 7029
7072 4198
8414 1446
199 9817
803 3187
8606 4123
1977 4813
9841 9937
1319 8381
2335 8760
97 9805
4563 6460
2816 1959
6092 1210
5905 3862
9693 8776
5697 9634
2180 5965
4357 7925
9542 2373
3041 2790
8454 7972
686 8350
5146 212
550 9444
6409 4112
5545 8137
8221 1673
4485 9667
8112 5774
9742 6678
7952 1772
4023 1630
8085 4010
4031 8929
5867 9363
6787 6328
7547 4962
8483 5576
4610 284
1538 855
2686 2613
570 2591
5166 6097
6363 3841
6859 2742
7500 347
8392 1306
1591 2413
4816 3602
9991 2949
7436 65
7416 8654
3786 1150
8975 6309
7424 3902
4070 3756
4695 8359
645 4229
4279 9170
3172 8332
6845 1420
1992 3138
8676 2565
9056 9768
8812 8919
3092 9343
9614 5007
1227 2190
2818 444
4902 9300
9888 4534
2689 166
4042 3427
9944 4946
1603 6439
660 3676
5330 763
2992 1505
5419 5133
9228 2647
8898 4973
6326 6182
1114 3580
8234 7880
6938 4770
181 9603
7342 5676
2582 462
89 8332
9190 1317
9355 6774
4432 2703
4252 1449
6474 1536
3675 9201
7821 149
4333 1973
1618 8452
9851 6190
2137 4725
4683 6994
3299 2659
4979 8817
5158 2152
6376 9545
6484 410
5722 1837
3933 5438
5547 3529
8352 2158
7689 4585
9644 8032
7664 3685
4547 7407
2083 6712
689 4722
7206 8150
9754 4876
7995 9665
2615 4151
7590 1098
1431 4436
2491 1643
6270 1508
6915 4872
4818 4862
5071 9916
5894 6270
6352 2238
3191 3924
6746 1838
4100 8116
414 2511
2713 3629
7952 1130
7707 7256
9557 9071
6567 4986
8732 9205
5209 3648
4498 224
4789 4171
7887 9760
6981 8576
7556 9365
2224 5948
4601 7208
8299 550
3143 7855
6389 63
2046 5750
6007 1057
2184 6271
4470 2451
9453 2788
4194 6303
6901 8022
313 5688
5359 6787
9435 9313
8531 4810
3287 4772
1450 1051
4945 8467
3045 5782
7700 2159
2416 881
7924 2132
1814 8692
2292 2675
3452 971
2557 3292
7812 6891
5153 532
8381 4038
360 8341
7504 7959
7146 2439
2572 514
2022 548
7860 3088
7709 6739
2668 1359
2746 6915
2518 9647
3594 5026
4628 215
3104 266
8750 7410
5755 5647
1350 3550
9248 3818
5069 5132
2734 4223
204 8391
3488 3404
3675 5978
1037 4540
8927 7233
7397 5496
847 7519
7906 6308
4548 4855
7361 590
2626 4675
9966 9162
6478 147
2482 700
1695 3012
1979 2982
7071 1592
8884 4648
8593 8138
2762 9459
3377 1189
9832 6991
7835 6314
4220 3842
8813 819
9 6216
2178 9089
5626 9898
7791 2565
5825 9285
773 8200
847 4876
841 8456
7650 5333
4394 1421
2854 8852
6080 8508
3883 1619
3387 6257
3478 4607
5252 7319
2166 3633
3444 3524
2696 3463
2427 3849
8731 9797
1219 7569
7096 1833
6592 5046
5003 6258
2511 9398
3624 8528
31 2217
1438 2120
4573 2605
6572 714
3491 544
624 3659
1764 253
881 854
2061 7883
2247 952
658 2343
1023 5345
6059 9450
9763 9531
2752 9441
4725 2797
4499 7082
9236 5891
1537 3358
7238 9869
8046 8519
4 5748
10 1418
5075 4187
4807 4213
4299 862
3444 1967
6109 6036
4038 6224
3966 38
706 1124
333 3112
7823 7505
5647 6049
1636 9383
5857 960
8875 4748
6932 1107
8545 9837
4859 4398
3634 7566
4589 3803
7394 8713
2196 8526
8941 9073
5515 8806
4381 6586
2898 1500
7441 7074
6621 415
4185 2973
5098 9894
120 6664
2425 2630
70 998
9051 4692
7125 39
1872 365
7688 3548
1599 4405
3210 4175
8831 6014
463 9372
6640 8164
1165 1623
9084 4971
5634 3337
9087 1004
7299 2141
3281 1563
664 213
2151 3641
4646 8764
9534 2862
220 4238
5859 789
5763 6628
3085 4402
4303 8243
8428 1652
3219 6572
9495 6091
4628 3825
3626 1398
9590 9912
8479 260
804 7823
2923 8917
5618 1163
9654 2171
437 6706
2431 2309
3883 1295
3013 2006
368 7995
5477 7245
8154 2257
9343 7955
621 1321
7206 6856
5087 4559
837 599
2831 4598
3587 5730
5317 5253
4884 239
3849 2425
8505 6514
4016 3432
1452 3700
3655 9594
6485 1175
3029 9296
3207 5327
279 6278
2263 3593
8079 7702
8075 5697
6402 6553
2228 8538
2070 2992
6291 9738
4780 2834
9829 7187
5049 5614
3420 9326
1872 7220
3435 714
4615 2696
2931 3602
5830 6709
4467 3400
920 4588
8579 3112
2635 2176
2288 9854
4435 4358
338 4195
119 9272
2272 8857
2143 6394
7898 9037
6914 8597
1756 7599
8349 8296
4143 3753
4774 7140
9384 4086
9191 4806
781 5771
8651 9197
8391 5390
2168 5056
2306 7053
9259 3396
945 9946
2187 5557
5156 4654
4214 8605
2013 4705
588 4931
4353 8576
7107 3780
4755 14
2746 1223
3000 3970
6902 4250
3919 7707
6123 9459
8717 1641
9468 2009
747 8515
1826 2944
6984 2448
122 619
3356 9195
5532 2547
6016 3107
5153 27
338 2167
8150 7195
5816 1424
7861 7539
8217 5408
8015 9008
1672 6069
4767 2801
2403 6223
5359 2098
9484 505
574 4779
9823 8718
9165 4225
1265 5838
9556 9584
7143 7877
9250 8215
3581 2227
7181 4952
5295 9255
4897 4985
1290 7462
928 5319
1981 8517
249 3608
5825 9641
5743 8258
4385 5305
7081 7220
6949 5361
1584 7205
6067 7927
7783 8729
6146 3559
9610 9985
5957 4354
9492 1937
5275 5839
3382 9932
4952 7184
1197 9026
9027 8869
3511 1720
1755 336
8336 1409
5913 6931
4560 8983
1301 328
2819 1542
7147 5366
7858 1403
9113 2930
1559 1343
6537 2636
7993 9077
9551 9073
3553 2285
4032 7925
5045 9387
7425 161
6546 8323
5199 6712
3166 4941
5599 6146
5501 194
4068 4766
9190 7166
9780 3836
6036 7379
138 3831
2001 4832
580 4754
8015 2260
9796 2933
7177 8469
4320 2790
2647 1678
6903 3321
697 5036
1851 3597
4612 8864
8354 9091
732 8744
7413 7430
3387 536
2104 6140
3159 935
9710 6294
9258 3737
4850 9195
8351 5821
2104 3719
96 3426
5645 3744
1059 1912
631 1133
6574 4430
8902 2301
4336 6098
591 9479
1361 2075
1412 8520
5906 3607
8078 5665
149 6883
9451 7175
4045 9490
1315 6602
1392 7179
3597 4910
5659 793
2717 9626
3961 8969
5087 4205
2403 9485
1320 1278
9399 2842
284 6834
513 5549
2210 4093
5958 6155
9660 7073
8960 7472
1254 8145
3302 5958
4154 981
1858 7029
3643 798
9492 1464
834 1976
7686 5953
309 1834
9590 4558
6905 9050
9804 827
4273 5646
3145 3009
8472 4499
1307 713
7275 7849
72 62
6049 3100
9407 7926
9345 1694
4698 6864
7244 2746
5869 3922
5493 8104
7640 1069
1577 553
5328 2825
9849 6646
9351 7418
9027 8528
9096 7026
4474 4154
4818 7899
2794 6732
1497 6720
4897 6023
940 1793
578 9326
39 158
8214 2467
7152 1689
7857 1341
5503 8581
6446 7081
5906 9703
1484 8873
8724 4635
3527 6073
1512 4090
1779 5087
1080 543
825 943
7663 6559
5053 7833
5840 1752
3051 9419
691 4675
6825 3472
5564 9086
7467 3908
1540 2236
4410 7710
5768 3689
5434 4140
1092 4494
4027 1412
1604 6992
467 549
6667 2957
5182 2898
3879 6895
2954 4215
7023 238
8148 5199
8871 5760
4893 1735
4844 9240
4601 6673
772 1640
7491 1696
1338 7462
7886 2942
7742 3291
3619 2458
863 552
6534 781
3378 7963
6424 6423
4141 2770
1504 264
1495 396
4113 2027
4893 5692
9930 8170
9855 7125
3415 3995
6139 8727
2082 3644
2493 1652
5658 4600
7482 2770
3836 9145
6261 7226
8724 4727
4711 4539
6037 7787
9455 2753
6400 5192
7599 2584
3442 8443
2858 5316
2835 6806
5174 2267
7663 5439
6938 1405
3380 4693
7541 2441
5734 5610
1153 524
4432 9568
6663 4133
2720 9914
93 3988
7672 8256
2615 2110
1675 1391
1248 9281
8369 2077
4549 1063
8542 3920
768 8897
263 3262
4590 6392
5695 9554
7363 8622
6359 2664
4585 1691
1519 3040
7475 6188
5620 7045
3281 7402
4144 6941
8330 8229
5696 7164
504 3186
823 2680
9476 9468
8095 7001
3306 762
5386 4285
2212 2402
3566 1620
6031 5480
5072 3141
7691 200
1946 1843
4169 6303
3540 1482
6330 4585
2537 6039
4497 1906
6723 6734
1284 147
1003 226
1002 1922
6968 6629
4693 3373
7443 9633
4081 8962
3393 6408
4120 7258
2056 4793
7161 4669
4852 9540
3153 8693
1606 6182
3265 9193
6535 8484
8395 2330
9702 1960
5251 3673
9830 6506
1907 8848
8256 5298
3670 2955
5107 4676
399 5742
7614 8873
6527 2387
149 5939
9252 8659
2834 1352
9530 4659
5295 1033
1687 31
7447 2014
9862 4497
4216 8628
289 376
9002 7144
6709 14
4 252
5717 549
9212 9145
907 1635
8709 7026
323 6398
5096 7978
5164 1699
4435 7725
4622 1475
1058 1483
1830 637
8243 4047
6996 5334
5630 4047
9176 2125
2248 6063
9373 1591
5113 4864
6656 5009
562 3218
2638 7197
2171 942
3154 2667
5852 65
527 939
2834 2265
1982 4870
9331 2390
9636 3968
2096 5409
2050 6050
160 9201
8091 7109
7296 2694
5742 8927
5761 5348
3439 8522
5433 4163
6359 5956
376 3755
1197 2920
6695 229
3049 567
3795 745
1251 9935
4060 5883
1785 216
5499 9228
7964 4819
2150 6576
8151 558
4680 5632
4686 4871
6087 3110
1157 3847
694 9694
1488 6106
4998 2200
972 8330
2908 1394
7723 7138
8561 94
3919 1711
263 3861
5991 4844
8764 8347
8957 8119
6087 2512
3131 8599
6325 4825
5104 7073
6053 2777
6634 6239
6962 7028
4906 4964
1068 3674
4228 4027
4763 4557
3852 6119
7031 9321
5543 5096
3920 4376
7649 9114
6188 6602
622 4066
1461 8792
2896 4998
3936 7536
5854 7110
2273 2261
9128 672
4942 3719
5457 713
8635 4133
5105 3262
7362 2083
8106 5412
5334 3255
5649 3790
7671 8432
954 6680
4754 407
5914 1562
199 5593
5909 2946
3192 9988
5091 5553
2363 5000
3661 7668
8813 8629
1146 771
394 1709
5494 6731
9000 3564
481 504
5276 7935
2418 7648
7926 1169
3090 1512
1982 1178
7862 6847
3725 9254
1779 3812
1776 8404
7235 6253
2595 3602
1423 7878
2160 2976
3947 2825
7109 769
1613 8812
3471 4076
7253 5475
4201 2271
7895 6678
67 2602
5426 7001
8982 4419
8285 4995
445 4523
3413 5545
291 6799
5741 6085
2086 5078
1884 1147
6859 7777
8397 9617
7530 7378
3125 3169
232 3101
5822 2554
8104 3552
9776 4065
9241 9942
4020 1690
9446 7894
4880 3357
7451 6069
3605 4833
5474 8689
1797 559
5873 8629
4872 2756
6329 2278
4753 1069
1452 6181
6647 9334
5506 6812
7803 7509
9256 2444
451 3186
2053 9904
7581 5625
6208 1269
2788 4681
9829 6918
2643 8087
8484 4413
190 8120
8595 2254
3649 4281
5261 4897
5911 28
3144 4654
2801 1717
9821 3372
7525 6751
836 5239
1444 7018
6547 2678
9855 9897
5550 4437
6722 898
4102 1602
2362 1793
9600 6083
9696 6448
1900 8090
12 8881
4551 7819
7764 6920
3124 1120
5285 5130
4237 7436
4009 7296
6392 2895
7924 5201
3817 8103
9417 3189
532 9224
3064 7154
8265 8200
7911 2082
3013 3450
3991 6526
8713 7667
3727 8317
8674 748
9808 7824
3889 8938
6023 3632
6828 8721
5768 7414
1011 6699
4663 7553
9408 23
7246 8586
5321 7158
2578 3433
9803 3933
2353 335
2202 3650
6292 3422
8450 3319
5844 9825
1997 3897
9386 7252
1789 507
5300 4219
6865 2242
5219 7701
4077 4264
1502 2492
2095 7947
4238 3597
7092 9545
5441 9055
9701 6478
4158 2534
3158 8359
8131 3905
6668 4116
5458 6954
8280 3696
4072 5318
451 5724
6032 275
2365 6093
5518 2006
3771 3587
8306 9209
7386 2073
3783 998
3434 1285
8305 8597
5158 9488
1558 1023
6761 7242
5971 9650
5431 3989
646 7366
8944 7216
9650 2471
6583 7212
3583 7256
7749 9285
8522 6507
5431 1175
5998 8299
2466 2989
1005 5780
7426 6231
3610 5385
1764 2238
7101 7032
9566 4098
7700 8098
6583 9891
6554 5648
3269 764
3013 5001
4859 1871
9148 449
5579 3125
5276 7604
7777 5129
7440 2473
5406 1689
6644 3339
2288 9028
9369 8745
8289 1966
5132 6125
3401 322
3954 2888
6685 3199
2473 4544
361 6427
605 7525
8710 4980
7483 335
122 7650
8698 5203
5862 963
3654 5943
1749 235
3324 1193
1513 7999
225 2044
5783 6556
4217 2709
8776 3168
4430 8145
5944 134
7523 1502
8865 9241
6085 1309
139 6846
837 7335
2529 487
6556 7612
1070 6020
4566 5247
1366 3966
22 4848
2151 7710
4388 3557
4980 9503
9146 1719
3998 4586
9859 9887
1949 5063
9196 1429
4757 692
8787 790
4027 4507
6808 1391
3746 581
5113 6375
6753 5945
6950 4274
5212 188
7348 4761
8683 9601
2414 5544
5574 5570
2256 6776
1292 1641
2803 5792
1963 3345
136 9328
5534 5952
5414 5160
9958 2545
7006 6351
3533 3078
1183 3956
6620 61
4147 5003
1352 9774
5682 956
799 2811
6737 5787
7194 1026
574 6452
8555 6471
5605 6299
6935 2670
9023 6988
7692 8777
3299 9
5198 7370
6720 9952
7860 4834
9134 289
3083 893
4446 1960
7330 7245
8512 984
763 4079
3943 4089
6606 8053
673 3556
5191 1570
3648 5277
8995 4786
6957 5686
633 1349
1207 4605
4897 9476
9842 3827
6400 7609
488 1989
9826 504
7023 3230
3648 9691
1415 1991
7957 2801
5614 8828
195 6297
2191 8782
5653 7355
305 8391
1638 7137
6916 4604
8956 380
9773 1085
7983 2605
5373 2165
7497 918
4452 3203
6265 7727
9043 4276
4311 6856
5071 8303
8139 7156
7357 2025
3729 8177
8690 8862
2716 8669
8906 8913
6328 4507
1672 3870
7215 5518
9861 152
3123 7749
2671 279
8003 4589
180 7075
8361 9715
5536 9175
9818 4257
8937 3187
4069 8095
6535 6196
8467 7973
5634 2930
4726 4181
4753 9754
3343 4554
8506 6759
5464 7126
8830 7389
2215 6157
5633 1961
9252 9686
3090 8063
2520 7616
5908 5226
1136 137
5619 1481
88 9639
9353 9303
2895 4420
4247 2929
446 7507
724 6468
2437 1214
2934 9477
6572 4688
8469 533
3991 2201
1686 3878
1712 9324
7575 7645
2585 962
9614 2672
7008 9435
3524 9211
5873 5795
3850 3532
1143 2903
8599 4526
2418 1802
6802 9073
9173 3895
6658 497
3111 8923
3621 4931
3616 749
9177 4997
946 3826
9532 8653
5971 5469
6086 355
903 331
9440 9064
9660 9681
5983 2743
3286 1772
6741 5080
1968 1432
805 5209
4065 6153
7876 6347
8558 2556
7086 6484
8860 7318
6144 2346
6177 1964
9309 4392
2004 1006
1643 8144
4640 4916
3539 2533
4472 2139
5274 6169
5127 6310
440 1153
9316 6591
5106 2631
2204 2429
1713 9732
1525 1407
7190 8101
5110 6994
7870 5092
5761 9826
3287 4769
9089 6072
8071 2477
400 3151
8968 9651
1205 4679
8061 6699
7563 7744
9443 1511
6737 5097
1677 5888
4123 7279
100 4851
1600 506
9084 6639
229 6325
7697 7533
4998 9956
1498 4181
3025 8510
2099 2021
8094 9355
1375 3877
7920 7610
1332 4080
3618 8742
9134 2360
3990 8819
5019 8499
7225 8457
5499 2339
3723 6800
5597 8401
9249 977
9344 2581
7871 162
3062 2967
8241 3096
9214 9718
3437 2644
956 2145
8242 7394
4375 1733
8204 3580
3076 6213
7841 6093
2149 1497
1253 6967
2651 1166
8732 3919
2103 7696
9974 1238
941 9351
8767 6150
1621 1747
7945 8189
5371 4999
7780 239
5357 9468
7226 5847
9893 5661
3165 8146
7344 83
5562 7098
1748 3987
1971 3552
1797 7696
9907 7386
3373 8578
6165 6670
6641 2431
3896 9766
35 2251
6155 783
5921 6171
6243 8690
2828 9266
6639 2175
4731 5996
3262 4522
2146 2632
6528 9351
4815 467
2074 8177
447 9985
5860 1028
3363 4410
5813 2962
4483 6222
274 8576
6652 2653
3066 8046
8614 2923
2386 9186
3755 5902
4392 4548
7907 8580
1665 1874
5841 7961
6949 8711
8796 6719
3784 8511
2268 5171
7751 8273
6152 6478
6463 2343
6493 6172
5316 4340
8672 2372
4956 7163
1151 9364
5766 2848
5632 7418
8922 3811
409 5744
2821 510
7774 8267
6249 2636
993 3250
9486 1514
284 1047
5287 4503
3583 9568
6085 3147
3651 4343
351 1473
1643 5602
7317 8908
7223 6502
4000 1836
4969 6216
2057 117
3744 9208
2410 5902
5026 822
6046 9437
4395 4974
1598 9036
7961 1014
3000 4060
878 705
5504 7099
6772 4438
6394 8812
671 5987
3531 6516
6456 5583
8115 3307
6019 4637
4907 290
2596 5229
762 6825
7179 966
6828 6143
6704 4458
9381 2730
674 5260
7305 1976
3585 5537
6514 6499
1245 4994
925 375
4856 4704
4928 5033
2383 3703
4396 3967
1619 2329
7085 2800
351 5323
7122 596
1034 1841
7342 3300
5104 4091
2995 4007
412 5265
8045 1975
6082 9328
7755 4087
4839 2689
3755 7555
6794 5322
6468 9396
507 9556
9400 2659
5267 7786
9543 9132
7431 2517
8570 8617
8032 3282
1496 9539
5950 2557
3946 4765
3915 4743
9312 3836
3167 3477
6609 8627
883 4097
5610 8537
5395 6680
8963 3350
1892 8750
2738 4485
9674 2850
7593 8811
5152 246
8034 9132
8391 9784
4930 5503
5362 2843
8949 4580
2914 1154
128 961
9050 8134
7684 7164
5990 7410
7806 5062
9217 1975
6833 5103
8785 4643
8146 5377
1761 6605
3094 5655
1878 2141
483 4499
6818 7290
8824 6655
1376 3761
3721 5279
9417 9545
8445 6589
4285 3634
2964 80
7931 4778
3678 1339
3542 2273
4415 8944
5545 717
2909 3243
1021 8184
2537 4403
5319 824
6858 3586
9934 7411
9654 1543
40 8184
3126 3367
984 7801
5618 2311
7620 4891
6378 7005
5394 6219
4633 2295
1070 3601
8730 5844
751 1517
2576 2503
1626 7590
4100 1338
4879 4771
1512 4393
5137 7200
1848 5558
6604 2308
9238 6450
3126 2247
1122 6995
7093 5148
8800 2957
8118 1795
2548 2671
4781 4316
2677 2991
3420 5454
682 3259
9131 7576
2066 8640
7266 1631
666 7755
4339 8493
892 6440
9379 8612
6187 5722
6811 2444
2045 4401
7484 2141
8896 2152
8698 3296
320 9700
834 1967
4367 1465
1637 5275
2973 2216
7635 4169
6596 7015
7849 6015
2520 3644
6492 3778
3230 206
2206 1347
393 9036
6894 5492
4214 8125
5461 7277
1361 9052
4784 7622
6420 2792
2767 7368
5230 3710
274 6190
356 6769
5191 1368
4137 5825
8240 7465
5414 7258
2915 5344
9741 1566
7954 290
3049 6156
3184 5632
6634 7087
330 395
617 4112
3492 2031
3971 559
6131 2204
7035 3004
3104 8190
9564 2192
2023 1270
7164 4292
5179 969
270 4512
8855 9569
8783 2615
8323 6586
8374 2386
3288 2578
973 3971
8839 8834
7949 1644
3148 7008
7013 4828
4361 4088
1946 8689
6166 9247
6082 7774
2707 7497
8723 2185
6332 4316
4867 1312
429 599
3117 531
6051 8307
4481 6036
5893 5676
4490 9253
4044 9362
9082 1903
6455 3980
4409 9459
5265 4694
7210 7008
1486 9988
2827 4804
8271 6254
346 6453
5631 7664
8807 9998
5157 6413
7674 433
8436 3994
8833 4393
5536 8238
7618 4207
8615 8547
663 7675
5665 7834
4813 6990
3856 7747
1906 6858
3113 7689
2911 901
2201 9159
3619 7979
9907 4618
6666 3772
1381 8678
6933 8744
6310 3234
8152 2872
1765 6511
9588 5700
8908 1123
8157 4857
929 41
2601 4436
3879 4913
3346 8874
7813 8738
9945 8472
6362 364
5528 2484
8611 4944
5832 4042
1835 9759
446 6072
329 4044
6099 8177
9850 3855
7895 1375
3985 5367
1114 9702
3261 287
4806 8203
5278 7086
6718 4060
7528 1952
4518 8134
1122 2520
3225 7061
3690 7923
687 9001
5839 725
9300 7911
908 4749
9953 1519
4629 8140
6332 1757
1615 8098
4464 9131
8980 309
7930 6502
1080 440
7564 7153
2717 1323
3227 2314
3240 9100
4344 6464
7427 7353
4064 746
5324 4863
2702 522
9161 4306
9472 4033
4312 8420
1158 7267
9976 4170
3386 5849
7940 2682
9432 693
250 2453
6579 1288
4512 5072
5694 9700
6691 5796
3883 1755
8762 6607
4780 3673
8146 8340
2038 8050
3639 5258
5973 701
8164 2201
713 1786
5194 212
9249 7960
4191 914
573 5087
8052 3825
5570 318
6879 7075
9098 8732
3207 4690
8084 9897
1191 5506
6846 4523
7536 1905
3447 7492
3664 7841
4931 3313
7573 6309
9182 8001
7097 500
9396 8597
5255 5127
8319 3896
8664 81
6669 6250
1325 5144
3032 3543
9322 2226
1795 3526
7878 6307
1536 1396
7616 4417
1685 8190
4006 5998
3585 4675
6922 2734
238 4139
8419 4861
7389 8825
2340 3737
3265 8068
4468 7555
1756 2438
4063 4513
7601 1494
6263 5578
6338 608
2195 2389
9885 1577
1995 9351
6369 8589
8368 4793
5931 6735
8323 8123
4371 1010
7908 9988
1775 7902
8835 4886
3237 4056
5697 7588
7957 9270
281 468
3082 4893
4645 4361
8136 2491
2431 7709
6657 1900
2369 4981
232 7638
6928 6814
7749 6725
1386 6036
6899 640
4369 5287
9602 962
2884 4313
4781 1128
1776 669
9117 8511
7763 4661
6685 5164
1832 9154
1744 5643
5275 7538
6431 7319
9050 1914
9483 5387
2159 8123
6393 5151
8747 4835
4609 2998
521 7034
1610 7569
4736 7903
1285 5482
331 3654
3367 6350
7645 460
4450 8067
4029 4517
2675 2504
3840 8804
1963 3281
7149 2365
1624 7389
9177 5522
9422 2207
1075 3405
6469 166
783 5690
7526 2344
8008 2597
4573 5767
5093 1422
7902 845
5318 7074
3855 1127
1182 3359
664 3793
7588 1758
355 8799
7277 7934
8229 3980
1913 7074
6342 8005
3549 6703
1661 2706
4661 5928
3153 712
1387 1563
2416 1615
1264 5450
2861 7910
3563 2854
6651 2843
7258 8540
3807 1808
86 3512
6203 8243
597 7957
1789 7453
6467 9447
7681 7894
277 9195
8537 1025
8621 2398
8162 8011
206 3120
4780 3956
9455 3522
581 5053
1047 5763
3233 7711
701 9611
7575 9426
3153 2022
7929 5000
2249 5283
5775 9346
8417 1879
7892 6382
8236 8732
5322 4800
8089 2084
7406 6579
3513 317
7218 6400
7159 6985
8725 9882
6782 7653
3047 9346
6434 1167
1862 3133
5693 4203
5791 3526
1889 3336
272 2771
8126 8746
8540 5225
6329 8346
6289 5726
9772 287
3620 4348
4985 4418
7237 7260
6011 5466
5505 9818
2147 6060
1242 5354
5268 3806
3094 9403
7173 2099
1441 3387
6188 7512
4230 1533
6191 6690
1107 8910
5771 3772
9628 3917
5953 189
9025 6403
8965 622
9934 4199
6329 5510
9879 5707
2401 1117
6270 6733
2135 5827
3090 7315
2715 8141
5148 8911
7892 5354
2258 2286
1964 3270
6309 4651
2656 3157
7845 1596
797 7054
3050 2701
1578 3742
7548 1716
2219 3726
969 2503
4380 1140
950 677
2956 8277
434 3289
9073 9883
8376 9455
7772 6022
5950 4831
2351 5454
8170 6205
8467 5234
7026 4780
8285 1219
546 9314
5748 5507
8888 3459
2381 7995
3097 4811
1557 5443
425 6431
2200 2754
3058 6474
3740 6037
6519 540
3909 5629
7657 7658
9042 5813
186 1610
3049 5935
914 8027
8634 6765
4299 4026
6407 3640
3599 4516
1664 9081
7559 2990
5444 1000
2687 7098
3499 1778
1181 8072
4027 7242
7281 4786
4146 7576
165 1922
2644 8559
919 4382
6977 9952
4403 5557
3429 9328
5294 133
3320 1521
578 7731
5342 2423
2898 4433
6149 3567
6649 7694
2189 2398
903 9741
2054 4951
4776 283
9827 1275
7874 3035
7185 5301
866 9739
6187 9209
8614 4199
6009 6781
7936 3158
3040 6694
1581 756
7692 2351
7614 7625
6750 3845
840 411
7315 6490
5436 4263
9302 8914
5449 5767
5922 8263
905 827
6912 8370
4468 3609
9452 9800
8398 6066
6593 2049
169 1704
6576 4351
5360 3996
3135 2886
9198 711
5479 3232
8761 3688
3374 8779
9282 4495
2518 6038
4332 4707
713 4450
338 1698
9740 7652
8064 8844
7762 1260
8794 8766
1793 4836
4439 2472
2457 1750
1185 9329
6283 6035
5562 3635
703 4786
5006 5331
6745 9558
5638 9273
1235 9392
6596 3239
7186 3952
5761 3829
8530 7378
5503 7922
9224 4451
9168 2029
7450 5786
5498 5416
8581 9102
4578 1934
5194 3782
7312 1160
4236 3187
9545 7274
897 8100
6086 2444
7410 4893
5132 330
3705 8962
6529 3830
3914 1807
4991 7271
3145 7040
3485 5012
9566 1919
7555 4880
4075 6242
4116 4651
2153 5152
175 2885
3293 9782
2395 3870
4947 2023
2546 4395
3285 9772
8116 6326
8504 4489
7157 3010
2393 9630
7761 4079
1691 5346
8456 7664
1957 5563
853 2125
1665 9206
2871 1353
9612 2212
2013 970
6336 975
8311 1334
821 5124
1370 5382
1173 9630
2871 317
7577 2688
2305 1642
6661 2241
3340 8895
9922 5992
5388 4984
3262 3758
5885 3136
4268 6146
9596 3184
4195 6979
2191 6251
3924 6609
3434 2406
2152 2686
5984 1504
2709 5205
6710 7319
7784 7362
6147 1034
7651 9054
5060 8157
8555 4489
8315 6785
6208 6946
2886 1356
7424 1295
8111 7326
250 2508
1633 8768
2151 6888
3260 1811
7275 8431
8853 8018
6388 7883
4997 1819
2707 3360
4312 2266
8676 9891
2827 8280
6974 2064
5062 2841
9772 9233
7081 3777
9648 4317
4267 9648
5129 6429
2219 8223
6711 5923
9388 8521
861 2900
8827 197
6315 6519
2629 5087
3471 2132
6795 7079
3266 8251
7391 2403
2528 7256
5643 6450
7668 6750
8552 6082
8936 6132
267 8719
2343 4708
6322 894
864 483
7739 9351
4636 3049
3919 2867
6060 8440
2994 941
6607 1854
6178 6276
9145 6430
2256 6413
3308 8454
2131 556
2432 3376
9894 4731
5527 7497
9722 4922
1302 3565
7467 8331
2536 8331
2573 350
6215 8180
7021 968
4513 9986
6907 9096
1261 9143
3195 7633
8653 3026
671 4338
8924 6916
3901 9673
3245 8263
2262 629
8408 6353
1915 6707
576 7469
793 6537
4851 8523
1723 6209
1754 7814
9322 7328
9758 3425
843 7631
4099 7827
4788 1235
6585 9577
6453 5159
9412 5926
7537 7278
8713 2806
2760 8473
7690 5406
5089 3632
6868 3492
5225 8219
8697 8918
9235 5142
8519 8796
2830 6625
2462 7172
2124 8053
2603 8698
4425 1511
5741 7134
3182 6673
72 8324
2634 5040
7502 2056
1654 4182
5636 4601
9728 8605
6317 5825
4961 9586
9026 590
7753 5834
3061 9888
938 2483
3398 2629
9223 2709
956 5567
507 8372
4666 9828
7401 5491
6743 7631
6073 4040
6123 7149
3103 2294
3767 7344
4819 735
9007 7023
5460 3889
7867 9968
9092 2618
4126 9581
2441 5124
3971 8381
2232 8174
7842 64
139 2847
1781 551
6162 27
6463 9915
8245 1189
9149 6893
748 5163
5291 8306
6919 7194
8990 8137
9678 8407
7766 5664
7430 8505
7550 177
6231 243
1427 541
363 8098
8795 3164
7872 1758
4311 8746
1898 9111
8565 4425
2687 3112
8704 9814
625 9824
7651 3708
7964 9525
4701 7040
3671 5689
2086 6062
4088 6007
6052 5283
6712 8557
7831 3308
7009 2788
2532 4783
1 1867
2010 6051
9072 6431
7366 258
8689 7091
2530 8677
5523 4011
4310 4920
4149 2774
9417 4994
5165 1202
4368 2221
2603 6440
2237 7238
7502 2235
3737 900
7938 6586
1116 8524
6494 7873
5921 1124
7949 4483
341 6140
2154 9470
160 4408
790 8431
2288 7156
5849 7987
9680 8714
6541 7026
570 9296
3465 2960
9667 8727
5855 5141
1509 4699
1682 1594
2898 5079
3751 486
1069 9403
3761 6620
3718 8593
972 3430
6097 9306
3985 5986
5595 9262
1586 5117
120 1381
1777 9621
540 8194
7113 5668
8210 7410
1386 9330
9293 8177
5608 5850
5006 6683
658 7464
158 5600
802 6207
4969 8574
1477 2816
1569 6237
8505 7567
5207 735
8037 6860
1768 5121
9488 1812
6549 6895
8246 968
8147 4735
9494 2575
6462 9298
8268 3729
2236 6068
1571 9080
9380 3420
111 1
4184 7572
6053 7262
7610 2006
762 5282
1004 5852
6057 4504
3044 5463
7412 5200
8825 3858
5957 1102
4199 9909
8392 798
9436 3418
3939 5722
7397 8878
4679 286
9141 5827
7895 2569
3888 1101
6325 5174
8079 4445
1714 1734
1393 768
2286 607
7222 3793
8240 1978
7449 3780
7769 8671
9046 6369
8582 4431
6510 5892
2527 8794
7387 7625
2722 7941
3794 1713
680 6599
1905 742
6458 3619
2912 4615
8348 2449
2903 5616
1986 7356
4716 1729
5317 9509
1505 71
3613 7975
2184 5341
9999 9151
7439 2173
2695 8390
3231 436
5900 492
4281 4974
1317 9971
5702 3853
3849 5510
8808 18
4540 2300
8629 4034
8925 6708
2060 5276
7895 349
6903 6113
3378 7668
1174 2699
4155 3528
144 7754
1727 4287
4141 2933
469 4560
6963 8914
6457 4978
617 4238
3871 7520
5636 6479
1660 6755
416 6578
8036 645
1715 4488
6025 777
9418 6833
669 76
4295 6590
5482 2227
5939 7294
6821 356
2098 6813
6671 9729
4457 1003
3348 6938
5391 1452
8964 6670
6685 3285
8528 2674
7674 5897
4268 9510
7465 578
8586 4664
9901 2920
9869 4056
9116 4930
4320 3641
3527 3243
4698 5542
2598 5620
8428 8563
7393 1979
490 7177
2408 119
3376 1172
4222 6448
2997 3174
3499 1203
5021 3259
421 4239
9322 3806
2938 7955
6714 4020
1053 8144
3159 482
8797 7138
5118 3111
2070 3071
9847 8864
3139 2576
8033 4340
2385 4553
2923 7386
9928 8784
205 8447
6758 6344
1511 9086
6355 6286
6311 5331
5466 232
5010 2135
7553 2223
2722 8486
5049 9269
4296 1037
216 1425
7845 8570
6412 384
1517 6106
6359 8912
4238 5744
1367 7224
905 2875
2076 4650
8243 5366
3780 7696
6580 3299
3297 4140
4814 3719
1559 4646
1510 3994
4467 7821
2572 8544
3818 1423
447 160
6226 5816
6632 238
7268 7686
2230 6329
8217 603
3001 3188
4597 572
54 7917
403 4952
6410 5193
9288 855
7440 4136
6697 2047
8291 5038
8872 4078
207 8723
6410 5082
186 1917
2424 6789
5384 6451
5344 1775
1921 16
182 9723
218 2135
6780 3543
9989 5398
4400 7421
9933 2410
8725 6594
1470 5691
560 4612
6450 3837
6502 1153
1800 3573
9598 2605
6302 7284
3357 1827
9050 523
8556 4537
1485 6540
4469 289
4452 5052
1858 7625
404 985
4851 4100
6960 1061
4667 4677
941 3767
5429 3012
2463 4524
9713 7706
604 8025
9654 8559
8608 2113
5500 2512
8621 7744
7081 3182
4998 6285
2233 5395
1481 8829
6170 781
7885 217
6214 1483
2702 674
4596 2795
3194 3181
9117 3495
2741 881
400 3681
655 9714
7508 8567
463 6918
3519 5024
3819 2266
8727 1317
3071 7327
7116 9239
6160 6060
9735 5116
7254 6285
9628 482
9293 5403
8326 7087
8154 9412
8143 3053
4524 7391
2141 6293
779 4218
2200 1761
2419 6404
7000 9160
2841 9944
523 5023
9055 2531
6588 1814
5637 9982
2838 3997
1233 2799
4219 8399
2279 5151
3070 1232
2889 1833
3817 9046
7998 1546
127 6620
6892 5059
1236 3944
3360 7621
2953 5009
1889 3048
4027 8993
1157 6780
623 6251
6209 1426
5911 8300
5360 985
899 4059
1274 3559
9351 1180
8813 6302
9939 4092
1442 4415
1742 2956
7316 3335
1212 6038
7197 6170
6903 7931
2446 9926
1747 1965
4566 198
1407 2344
394 2599
100 753
7842 6426
722 2663
1972 7390
6487 3058
8980 4278
6204 1365
8005 7407
9225 3319
1990 3513
1553 1014
8387 7391
9430 8389
8287 2082
2173 6589
4332 3267
9913 6584
7632 2170
5591 1247
9607 299
7126 4706
1218 6558
9503 6751
8410 9366
1299 5253
7099 2314
5876 7237
2131 3423
5926 5363
2240 8519
1441 9240
1043 8930
7881 7478
7119 3267
5371 390
3874 9134
2298 9807
6054 9066
228 8443
1235 6749
3345 653
4863 2698
1755 4169
2121 3608
3088 7412
6715 2809
9567 8088
8300 1097
7933 6476
5224 3966
8433 6672
4887 2391
7846 6271
1701 3096
8422 3946
5447 9609
8441 6255
258 2069
6355 2661
962 23
1427 4575
4345 6131
372 4593
2025 9448
6624 4770
5475 4255
9061 7474
2636 8480
2601 4610
7705 8252
3217 9960
3211 9863
9335 593
6958 5426
9833 1423
3062 6059
3412 100
5064 1829
2571 7957
53 2939
8061 1320
504 7448
8614 9771
8350 19
8563 5526
9410 5548
9997 8580
992 9715
103 3751
8268 8069
4196 9564
7717 4326
8766 1404
2661 3566
1756 8944
285 3050
6197 4258
5812 532
7687 5265
5828 6175
5098 3615
19 3738
4919 3095
1670 4415
9854 6374
8779 2133
1345 3837
4208 3434
5021 3657
2459 8074
9298 591
7063 654
2149 3701
9916 6374
6074 8530
7714 1306
8206 307
4079 3720
9574 5591
1077 3766
1345 8385
3088 6873
7399 1570
2559 8302
5829 2155
1110 2240
5083 8178
8011 3291
7659 8186
9222 2500
2701 7848
5395 4431
3787 1638
5848 560
7798 4375
1272 7964
1592 6868
3195 2658
240 3663
102 7981
7630 7142
9679 2924
8596 7866
7857 5587
8405 8124
448 3562
3473 3168
2438 1772
3482 1895
8909 1454
5854 4554
9218 1284
1581 6561
9711 5635
8974 8888
7591 6297
369 7460
9774 4730
5175 3064
9361 9711
8259 6332
1245 4496
505 1463
6653 4703
4937 4590
1553 1723
1367 8804
6730 4028
4144 2941
8012 6222
6196 5932
7560 8361
8620 3614
7781 4930
6951 524
3888 3059
8318 599
5970 8661
372 9741
3582 3089
8038 2983
3844 3199
7623 5458
9866 2672
6958 4745
7637 2512
1584 5091
2781 6757
8727 1374
4080 5610
7379 2498
7013 6349
7203 8493
5820 5322
4065 5728
3055 465
7189 6306
679 7995
2925 2707
7335 8755
5362 4457
3576 9816
4164 8895
8556 6366
8935 6537
1942 1087
2686 9268
6998 3138
410 1827
8648 2699
6964 582
6105 1098
7221 5328
9074 2770
7382 9690
3899 5408
2009 8084
2547 1725
4298 2817
2513 2859
41 40
9453 6738
470 7448
233 9452
5372 589
7763 6531
3778 587
658 9845
3728 5768
8556 85
542 1298
5371 6145
2081 9015
7686 6396
5330 6405
3842 9683
3150 3284
2670 3159
4763 8891
1701 1685
6663 588
8674 8051
5277 6428
3052 7494
6616 4413
7112 5021
6936 574
5820 9257
6058 3224
5259 2549
1020 6814
3401 5852
8891 4301
6111 4402
2626 8139
1584 6211
8788 4785
627 6950
844 7074
1931 915
7083 1138
4003 2348
4083 7318
3238 9552
2152 9916
7535 5661
2708 3856
4245 9342
4431 2618
3829 8566
1594 3918
194 6641
8444 5218
7060 2364
4011 6618
1049 8939
5862 4819
2723 5836
2354 8492
7230 3038
8302 2683
4838 8840
4068 1437
7501 1640
9959 727
1217 7870
5531 6984
6671 1217
2332 9425
9627 3560
6556 3600
888 3444
7546 5496
1382 9521
9800 6375
97 9121
5790 3221
5988 8855
146 8674
2946 4331
7353 637
6274 980
6040 5566
3573 4863
2350 1356
5314 4244
5753 1347
391 8836
39 83
8682 5930
5982 7945
702 7385
4971 4900
9447 2421
4192 7187
1192 2676
3494 4208
55 9365
9488 848
1708 7506
9594 46
7853 7241
3095 5945
2316 9211
1238 7397
1826 182
8470 8152
1666 1200
524 3425
2560 8950
9939 1703
3345 8495
9667 8563
1281 2425
1361 3767
3546 9965
3488 8870
4163 4208
1150 2669
956 8583
8981 6649
4519 8655
5475 3568
5371 318
4773 13
6172 9819
8471 9537
3953 2361
5079 8255
6907 3258
7598 6611
2337 9700
4808 9735
2832 2039
3179 1258
7455 3475
5226 3370
658 5678
3095 6537
8242 643
7200 734
5841 507
6887 5398
3503 4377
9517 8991
3917 4579
3996 1440
1971 2130
8203 4610
8347 5607
4233 4689
4644 9468
9438 5649
9597 8321
7521 2377
9606 4287
6500 2887
8942 6496
9242 9782
4366 6296
6595 4840
2495 6937
5879 4505
6540 6958
7965 881
5760 1614
433 4382
2605 2561
1668 5114
6944 3502
6997 666
2500 689
6221 9276
5416 4662
8120 6241
2788 8060
2253 2064
290 9104
6109 305
832 2020
6997 658
3860 5076
7707 9213
895 2130
3656 4622
359 4724
1488 2235
3083 5097
3823 1086
1658 5158
7392 6249
3376 256
1116 8937
1310 5445
2118 151
6178 2011
5534 1549
8215 2882
7347 9017
2702 2488
1657 9623
1241 6408
8538 5320
5128 7076
2679 1047
7093 5261
6186 6795
9109 3511
1361 7610
5392 3424
1865 1996
1433 416
8256 5052
8525 144
8431 4772
7431 381
3460 774
6783 3132
1664 5339
1585 9207
1912 40
5692 9584
7284 6166
5392 866
1454 8033
9385 7758
694 4437
9455 6848
6229 520
8631 3252
5239 8366
9405 8385
5976 39
206 9187
7156 5570
2612 2322
930 9916
1192 8692
1277 4802
2352 8069
621 1809
5433 7550
1468 1043
2859 6314
9091 5481
2491 7866
4560 5826
185 9622
9128 5538
102 6002
139 5641
1 4721
9097 3280
2146 6523
3498 6021
766 2821
1315 2653
2681 5177
6809 1511
6667 838
4763 6275
8260 4409
9699 5354
6985 2599
3146 1712
6422 9540
5700 2381
1715 4988
6506 8808
6445 81
1545 7969
2550 3334
4097 7880
7169 906
1450 5985
6690 1813
6256 3673
5006 4107
1802 1029
3611 8019
5750 2103
1592 239
5204 7056
464 5334
8073 6978
3748 8041
6296 9652
7577 3100
6568 4353
5732 9237
2783 6154
3378 2430
5148 2628
9982 8845
9885 5180
1985 1827
2303 7107
5365 4619
6319 6559
7105 8011
2812 7037
5256 978
1678 2920
4318 9786
246 5618
712 7184
677 239
2600 3123
5607 993
4298 7790
9067 2901
4423 6529
4502 5630
5204 2371
1584 5003
6567 4311
984 7249
3637 6385
1005 9234
5030 9713
6896 2747
1715 580
1511 6431
1132 1599
7133 9356
5206 8529
2239 5628
4303 9621
6439 8203
7663 3471
6309 2751
8512 4835
3197 9515
1512 3814
8553 7124
4219 1432
7231 9153
6122 7588
8897 9791
4761 6731
3611 6366
3916 9923
4350 7665
6696 3857
7622 8424
2279 2792
6907 3401
94 9248
1722 3223
3481 8476
5380 8971
1429 3769
9093 2679
6144 1741
2731 9971
6393 7534
6875 6329
3572 3605
9619 2595
1989 2331
8784 2824
1475 6462
4440 7192
3808 8926
3778 4818
6249 8514
2775 9352
454 188
5974 955
8939 5423
7418 8633
5951 5220
2364 4747
2452 9596
8838 7052
9440 5338
9660 5025
2982 2418
9871 4641
1232 3912
709 8792
7924 1210
8568 5028
2277 6080
3660 7741
6900 5713
7880 5213
8614 4357
9582 4610
1658 9724
2753 4385
3225 3602
5968 4405
1850 5248
6069 1015
1658 9584
7428 9003
875 55
418 7028
5081 7142
3150 6425
7092 868
3133 3061
5541 2850
8741 3180
4805 4761
7496 4753
8161 545
1988 276
524 3955
7097 6620
9647 2887
3816 6750
5113 3861
437 1986
241 4412
1810 417
2387 7447
9826 5712
5850 1869
3733 496
7475 5677
9988 3208
9940 6323
3126 402
599 3990
6368 7934
1924 494
1497 2658
9465 8203
3386 7970
3918 3307
4803 7484
801 7762
8618 4082
1739 8350
1559 142
7248 3807
8247 2760
398 3668
6576 1358
508 4251
7452 4127
1406 6838
5637 5334
8236 6191
9904 9821
4611 4002
2038 7325
4404 3869
5414 3517
4673 1210
4091 2360
8926 3567
8689 4896
6975 8096
7834 573
2768 4164
9321 7742
6369 9731
6911 2883
9643 306
4081 2365
6406 1096
7766 2669
4363 1554
4916 9155
7975 4960
405 612
1124 1636
9342 9543
6366 8371
7311 9055
3703 6246
7916 6196
2294 4558
1980 3995
5444 8551
58 6565
3144 2127
5295 69
9671 6145
6887 4986
2574 7750
801 9134
3998 1153
2256 6
2456 5408
3439 4987
7324 2682
2319 7516
8069 8456
7770 7882
7270 2056
4816 1570
7533 3059
1518 2572
3263 8512
6074 7672
4959 9430
8175 7927
2584 3422
1600 5074
7620 5770
6103 9708
6219 3151
393 4908
4256 375
9480 3590
6484 3254
9857 3539
5449 5783
4469 8487
7929 8750
6961 7596
8035 2988
9215 1301
2502 1177
584 654
6387 7348
5418 1901
8116 4801
707 8223
1598 9355
715 4601
6377 8419
4288 1838
8698 757
642 2395
2025 8918
3186 7929
5067 6248
1292 4736
4827 9088
2694 2127
5240 6836
1601 1976
6833 4699
7961 7277
4322 7022
5638 6739
1426 1661
8660 8162
4545 484
5359 4616
1589 950
3948 4604
2144 247
5674 3026
3812 7090
8926 6933
5081 4644
3189 7885
8439 8693
3901 877
6722 752
3927 7179
4736 1170
9403 7804
5160 6248
1529 1927
6443 6102
2430 4314
3523 9968
3186 6375
3798 8044
4501 5335
6987 3948
5600 4159
3453 2350
4594 4760
9180 1861
3661 8600
1213 9492
7207 3444
4157 3877
4237 5819
6747 6211
2261 4692
1720 563
6205 7390
7694 1928
4694 3253
321 1580
28 141
3110 1070
3350 5389
4051 624
2542 8859
7511 7006
1351 3819
1904 5305
6210 2282
1001 7034
3155 7007
6644 5772
7000 3357
3097 6
5381 5063
4427 9559
8155 2275
4431 2810
9770 2906
9856 4286
3742 6090
5097 7619
6485 2549
6315 3493
5012 1258
5052 1390
8061 5305
4058 8408
5310 4264
3396 2877
2957 3685
7040 3552
4570 1751
629 786
1939 5000
7975 4450
2454 7293
1633 2056
8816 1860
6249 9643
3134 5862
901 930
5595 1234
7862 5572
4682 8548
4824 7888
577 1983
4365 6290
6185 2802
5055 5739
1817 2146
953 6980
6066 5052
4860 1105
3500 6355
5589 2985
9642 3379
9714 4322
321 4349
361 2497
4038 3050
913 8008
1463 1833
1316 2269
8714 110
1826 9968
4794 8137
2198 1683
7127 2453
741 1263
9754 8881
4037 7111
4158 1993
132 8464
2865 3511
8036 2412
8005 3387
5858 6874
4077 2466
5079 9931
2503 4691
7530 1584
9587 9933
5607 6538
9137 6947
8451 5330
8188 7559
5237 1145
1602 4126
9761 4869
2579 4144
6127 5604
8015 7820
967 3522
6099 6932
5646 2420
2038 2317
2068 1390
7782 5829
4376 7542
3728 8576
7133 7402
9287 3357
4221 8138
4795 186
1415 6826
3055 4719
1052 2129
3575 9099
5967 9447
9108 5787
9865 5462
3479 4599
1532 9211
9288 4831
108 5975
2722 9143
1180 8591
5620 2630
7477 6192
8974 3801
88 6557
7192 6743
1515 734
5065 3377
2556 9783
2097 3938
4612 2520
3771 679
471 1012
6802 5479
3448 5635
8610 5483
4878 7582
3438 3669
2084 6777
373 4243
807 2956
8784 6937
6017 1429
8915 3823
4485 4667
1883 1743
4110 4442
7253 8842
5030 7366
5389 4658
9482 534
3552 4419
2476 2916
2409 7162
982 9464
6602 8256
1023 4939
7108 6469
3519 8854
4262 4148
5697 628
3737 8046
3016 3957
5037 8301
778 1121
5821 9783
5299 9814
219 7617
8520 6961
1932 5020
8782 1317
297 5933
3776 4440
557 7052
2414 6225
6258 2729
3541 8945
2702 8239
4070 5270
5818 8994
4081 1550
1991 9807
5895 8641
1035 688
2643 683
4564 8262
8476 8953
1877 7044
235 8525
9576 1160
2224 4125
9871 5890
7321 5157
5879 6731
2131 9499
3615 2824
8014 2997
8275 5852
4341 6289
6178 2328
2783 2522
782 6622
4481 6072
3709 6807
2591 1423
3255 1742
7390 5594
8207 2696
3419 649
7429 9148
9376 4441
9504 8515
7576 9688
9347 4704
2170 219
9004 9361
2746 6290
6938 5306
1956 1439
6731 7601
6263 9364
4903 2774
3171 2636
7594 1606
4326 5874
3021 1287
861 2847
7622 2085
756 727
5863 1639
7755 8826
4272 8999
1069 1100
2319 2610
9999 1837
946 3000
49 6731
1565 5287
5609 4347
1398 6750
8456 9995
7054 5788
1682 6835
6219 4263
9053 5694
1630 1677
4676 9660
4932 4635
5381 7304
3177 4790
5575 8735
2915 2728
4881 1655
5142 5935
9394 4967
7121 5849
3835 8187
3873 732
1241 4999
9500 4524
4925 2760
9189 6490
4240 4301
8585 5257
9070 8491
2879 6603
473 5160
4769 9927
2765 7748
7615 6463
348 998
4398 5223
6643 6735
3633 1256
8959 6921
9588 2852
4170 3800
4609 5428
5310 3404
440 1347
8590 1297
7495 1863
2870 5954
2080 1613
5236 4135
153 6179
1641 3666
1221 9839
7152 4900
2816 6146
3903 3927
354 5131
8608 8570
1841 3675
5505 3090
480 3919
8753 6361
6306 8433
3320 4980
375 9276
56 3432
9394 9312
5328 7981
3636 9389
3352 9517
2551 8641
5491 415
9195 6256
559 7316
4681 7533
8331 1555
3737 466
299 840
2168 6321
7 2109
7923 3360
2402 1415
9285 4291
3286 942
3227 3803
8051 256
2020 1266
8691 480
5806 9334
8058 1277
656 7282
7244 6190
8966 2047
3471 3141
5337 7925
7994 8545
7154 7395
9349 6624
980 4065
9968 8499
5867 6360
1173 5412
689 6170
1112 2689
6845 4189
991 8227
3396 1029
3562 9193
3046 6362
2810 4958
5598 5466
2993 1273
3549 2678
166 3071
8967 9193
7443 6145
6918 3932
1940 2879
7109 5876
1755 3558
2119 8555
7849 3086
3043 8781
2356 5279
419 8222
1717 9444
2936 9818
1750 5568
6965 9520
2224 2689
8283 6260
205 8820
290 7776
7722 5735
6345 6583
8885 1524
1685 4802
182 6954
5394 9357
1561 1798
5236 9888
2035 5453
3848 6465
8645 9798
106 2736
6228 7847
7834 1497
8277 833
1952 6991
2066 8133
8632 5372
1962 1499
6600 7776
332 2013
3343 2407
8787 4559
2878 6271
8270 2528
866 7792
2919 9332
6432 810
6150 4517
8461 4211
2572 5538
6819 6880
9253 6231
237 146
7267 2306
175 2076
6740 7506
4825 9063
7027 1965
1735 4545
5544 5202
8787 685
7634 1378
9869 1007
4956 243
5468 8012
8717 7584
4098 9029
10000 1370
6982 9869
5925 1806
1668 489
1874 4581
1457 6968
7290 9687
5160 7331
3213 9197
5277 818
8112 5102
4456 4751
8344 4616
6438 7137
4618 3513
1281 2814
3588 8693
844 5306
922 9276
531 5403
1617 7328
2153 4478
9440 4569
230 9608
780 4414
2583 6737
6685 3244
3736 7586
3370 4662
2671 8096
2509 9364
1295 6960
7423 6655
3630 3044
5448 1305
7671 1464
4328 5633
202 3996
8435 7247
7995 5759
8444 6375
1698 6506
240 6250
2699 6473
8934 6525
705 4153
5322 3006
9962 7560
9490 7901
6165 1243
5114 9545
854 3131
3681 8710
7420 3014
943 6816
3383 5114
8373 7835
4128 981
9517 6011
417 9596
764 6824
5824 6769
6619 5308
4285 121
6425 4114
5102 1062
2565 5427
4660 1569
1778 9383
1623 9270
6091 955
6459 1660
3730 9464
8222 9677
3052 3238
3238 7202
8254 7437
3613 5245
7247 5452
8747 8025
40 99
6569 4083
9125 3631
5319 9710
285 9216
1402 978
3109 6890
5977 9347
6827 7687
8296 4245
64 1622
596 5049
8415 1873
904 2899
9556 5965
797 1822
5790 5987
4486 6941
2380 1003
2369 9691
6569 2275
2618 6976
9059 2775
3314 903
4431 4741
2273 4965
7601 6152
8568 8236
4521 5656
812 6775
2910 3236
3799 6469
4028 4492
2803 139
9768 6966
2848 497
9466 3963
3458 5306
7419 9363
9758 4272
2047 7027
1572 5691
9171 855
3478 3762
6582 4057
1906 6281
3167 2097
1862 6184
512 8047
5305 244
9534 1031
9083 2568
4397 8666
6577 880
2542 5446
2811 4025
256 1699
1466 2190
5483 2256
7034 9121
4975 8756
7912 5015
1530 6597
1488 9118
125 43
180 9522
5050 1873
59 8625
9235 5534
2940 8668
6730 8655
4284 819
7341 682
9779 6416
2355 5559
4778 3778
3996 2068
3611 4700
1267 7853
7677 5152
9905 7167
346 3924
7320 4899
7705 7398
4850 2497
3888 7363
5542 9731
3128 9094
68 1165
5782 7034
5277 9394
5403 6444
4765 440
4959 396
1255 5246
4898 3397
8375 6107
3114 6495
1676 8416
3150 6891
7494 2904
3900 7804
1512 6509
9068 538
1171 6610
8824 4254
5704 4229
4095 4518
9242 2599
5758 8124
258 1493
2904 393
7981 3784
446 7981
431 1601
8203 3507
2450 7821
9578 5335
8376 453
3781 5613
4429 6126
9015 1375
7820 5207
4010 5154
508 9512
426 2557
4672 4984
7510 151
1772 8899
5171 874
3681 2342
1157 6862
8440 5857
5136 1740
5447 6485
4994 715
4640 8115
7641 7066
3222 4023
7631 3024
2952 4125
1739 5962
5392 4714
2505 512
5591 3203
7723 9168
3163 8049
4597 6785
2600 4129
138 8040
5118 314
232 2137
5594 4233
4378 310
702 7475
3249 7254
7650 3869
1424 6665
6831 2984
8706 6055
2275 8556
707 2781
7007 7507
395 6310
6284 7508
3137 5010
5861 4611
4903 3355
1788 8969
469 8602
9893 930
7463 5956
5839 9878
1877 388
4134 8683
4872 506
2714 6797
3571 7092
371 9746
4387 4721
4489 8441
2694 4348
8254 4780
3983 2255
8831 8083
7574 980
3947 1506
4818 660
4344 3440
727 7536
8817 8453
3122 8402
5778 4503
9755 4389
3069 2434
2437 3929
1955 4457
3362 8484
971 9277
5299 9750
2855 1982
4995 3271
7326 6726
6826 4507
8405 9561
9174 9058
3640 726
1941 8955
6199 8277
1879 4122
584 9133
7858 8768
3797 77
5820 9792
1602 1511
8055 5009
6929 4241
742 5259
973 2684
7097 594
8615 1965
6938 9089
8735 7158
6018 9829
7181 5546
6912 212
7911 7390
8408 1552
2799 8608
8626 8343
8613 2466
563 554
2600 2781
1521 1913
9388 6726
5710 5381
1102 3068
385 8808
8535 4522
5449 5645
3758 1877
7368 1919
8613 6774
4279 8227
7960 1864
5557 510
1731 2743
1216 3636
5265 278
1350 4524
1609 5993
7 1933
572 9938
5746 428
306 3243
4898 6185
4719 167
3433 9720
4577 9388
7823 4998
5931 5956
4334 9147
2925 5580
3345 3897
1456 7374
6933 4255
1766 8526
7965 2550
4333 1981
5342 8885
2272 5052
5482 1420
7191 461
5933 6628
4595 8600
6546 5300
7161 9110
2368 5432
2630 2611
7631 5591
7477 9684
3347 706
9956 9868
1235 903
5214 9497
3057 7592
6475 7900
2939 3442
5341 984
730 2554
3258 4019
3933 8224
3725 6724
6376 4029
8847 8001
8365 3177
8140 4206
5067 1710
3512 5187
3514 3220
7622 4493
2590 1727
6040 2416
4769 3005
8671 3753
3814 6636
3513 4944
5319 706
7755 1347
5763 6285
6523 4868
1411 8420
1826 6717
1984 1243
8180 9329
5255 7060
3097 6958
1547 5300
912 8282
7393 5750
9345 8087
7372 5746
2016 1879
8305 9832
741 7840
3158 7555
1165 5868
8108 7243
6914 3853
4130 1087
8153 7732
6761 6653
3062 5205
2555 334
2040 4418
2218 1390
9688 9108
4363 6531
2669 6991
2338 1389
4805 1798
8567 3499
4327 3024
7066 1402
2103 7159
3885 5040
1839 2401
4798 8961
7218 5956
2357 291
9361 9711
4580 4863
6251 7653
1183 1844
2298 3550
8946 4552
4149 6309
4599 3718
6444 2309
8901 2763
5528 1058
6660 7985
102 786
9652 2549
2078 108
4700 8893
4483 2427
4094 9935
9249 5113
1107 576
4747 7043
4063 9157
8322 476
9913 3540
2087 8984
4763 3859
9496 4628
1637 1468
6575 8182
4654 1122
3943 2922
7957 953
2486 4621
183 8228
2458 1556
8147 9265
3286 2569
1068 2836
7926 2245
4712 6532
5995 189
3751 3299
7504 9309
8874 4167
496 4268
2805 2484
2078 5252
9192 7937
9954 3945
5338 8723
2723 7081
14 8621
9644 8368
5577 5913
9348 3619
9463 4040
4779 3595
5322 4310
5474 5043
5850 8349
6021 6803
4191 5714
7123 6657
6070 6889
2201 2637
9149 4284
1813 3020
7719 8176
5898 730
6237 8199
1250 8365
9130 6054
7684 548
2017 9232
9640 8428
9506 7364
8847 2829
376 1979
4996 4404
7368 8584
583 5904
8172 1073
3151 3035
5675 8495
6879 8719
1728 7430
3969 3459
3033 3248
2226 5701
5879 7958
4876 1498
641 7990
6433 9790
4969 5032
5144 5374
6874 5256
7238 2370
5046 6600
6856 1711
4808 1301
9235 4399
3076 5218
2483 5172
7041 181
1404 2388
5106 5346
2065 7132
6289 4632
2399 2681
3196 2208
5290 2910
557 5125
9579 3275
1663 8915
6596 1403
2512 366
9617 3596
3373 2915
4391 5926
9428 9568
5344 9210
1491 868
7958 7443
1590 1344
7652 1098
6334 3260
7988 3322
6247 682
3619 6004
610 2768
7267 8310
1603 4879
5891 3562
2343 6249
4025 1882
9821 6721
7831 4912
866 8451
6129 4791
8835 6287
8364 9929
6076 9628
3709 7826
6819 872
7359 7164
6867 1975
5289 5617
7531 8513
1854 4701
8028 766
1988 5326
8977 4467
6705 5485
9329 4121
1075 3764
5898 69
4038 2058
7785 296
8074 8468
2378 1630
5480 7662
6324 9766
7235 4762
3649 7057
233 4966
5544 3794
5248 8247
5935 3352
2611 4579
6871 7656
2861 7457
6316 4800
1827 4115
1032 1669
2883 4519
2058 6126
1940 3448
6276 8399
8209 5440
9629 2334
7457 5483
8691 4843
2245 7830
7902 9496
2425 7535
67 8467
9071 7520
9538 7681
1692 6119
8714 4461
3069 8777
6753 6948
7438 2354
9607 3276
713 8832
2366 2008
4609 6043
1124 8010
9346 7486
8475 9660
7400 1910
1169 7191
2612 4520
8491 1185
8885 8238
3051 9246
3634 6960
8697 3876
3660 6908
76 7832
6031 4660
1333 4652
8826 1915
9489 8730
3953 236
7094 5246
7592 100
3902 441
5463 3165
2274 8103
7021 2283
7814 6616
9098 4358
86 9531
8227 728
6180 326
368 3542
2818 4764
1432 3220
5699 9500
3116 5914
7015 3406
5635 7718
2334 2554
169 3358
3675 9048
3378 6274
686 2777
8293 344
992 673
9661 1399
5888 4448
7996 8345
9576 1561
4911 1218
7869 3599
5559 9628
730 4749
7607 5902
7479 6299
1627 2184
4223 3981
4532 6438
997 4971
9484 2537
5471 5057
9225 7206
7401 6194
7814 3976
6604 6218
3726 1350
7799 920
9531 9843
8397 8657
9546 5301
3362 3890
7512 9042
4394 3671
5437 2035
9457 334
5475 439
5763 5149
232 7767
2517 8089
8908 8889
509 2914
8439 717
1311 1717
4465 8524
6751 7238
1390 2044
4762 5410
5687 8031
5833 5438
4030 9887
9282 4852
1141 1229
6739 1790
3465 3765
6241 7112
5715 425
8469 407
9645 2862
9837 115
3652 7973
1142 153
5800 9058
6930 3669
7197 1858
4620 8809
8283 4927
5670 7450
8856 9828
8974 2746
9100 1410
5795 2286
7064 2832
7686 4688
2840 1901
463 5094
1682 7101
5641 8030
7492 8446
12 6054
4338 5827
5806 8561
1006 1013
8813 7870
5352 4346
3164 8327
3711 1677
2825 9348
2627 5442
7655 6253
6328 1190
1239 6678
2582 6668
5090 1065
3292 8497
1404 5454
2959 9554
1233 6452
9209 8493
7017 5509
91 7364
677 1375
6541 7979
6232 5443
7418 9325
4581 9517
9461 8221
3099 6254
6222 8504
1803 8007
1236 7024
3045 9475
275 6633
8286 8672
9036 4093
6652 2963
2346 6010
9521 8643
5611 5938
4413 108
4155 6876
7281 7926
1707 5151
6598 1757
1914 7485
7271 2771
6288 830
7685 2739
9628 7532
5489 9607
9034 7785
6140 8526
6744 9304
5162 3603
8988 2741
8855 1734
9437 6027
3718 6651
659 4023
7170 6045
4332 1155
8542 4795
9568 1617
8583 2944
4781 5757
3689 6448
8754 9572
3572 6728
6698 9795
5033 4100
9399 3372
1112 1329
6868 8395
5266 1483
5972 1912
7189 9127
859 3353
8946 8467
714 947
2145 429
3896 9027
6595 4311
6942 8126
1792 245
167 8358
9519 7975
2523 8683
958 6107
3193 9920
6890 9910
832 1611
3903 5512
1468 3055
5359 5859
8921 5558
441 8175
8282 3466
1080 6003
7998 8808
4549 524
544 70
8980 501
9111 7221
1271 2344
244 3283
1507 1807
8929 396
4377 6962
2034 5281
2327 6465
7784 2270
2706 4891
7388 5672
965 6153
5526 5990
9111 8907
3515 6855
7967 703
7588 3501
1804 2525
8348 5190
7190 1400
8026 6777
1961 8525
1952 3124
2401 5970
9677 12
4392 9643
7968 9326
8204 2319
7142 5521
9755 2985
4022 6832
7839 9435
9941 8900
9968 1899
8025 6440
2398 3754
9655 7272
9536 3452
3906 190
1866 504
3999 6717
2854 5544
9917 1108
5663 6159
7945 7351
8667 7544
5583 48
8713 3246
1173 4194
2663 5035
8212 5256
7728 3677
4182 2531
6621 972
9217 3936
6892 3206
5577 848
2436 4089
5245 8742
64 6960
7498 7048
5770 5429
9675 5217
4504 4561
1342 4014
5634 1082
4007 3146
8657 2635
4787 2714
2779 9432
2272 4691
7994 4406
5550 6176
8547 2439
2703 1298
4105 3650
2498 8897
9480 5983
7022 137
8974 6804
6715 8974
956 9122
3087 6757
4070 9277
2324 1055
5979 9782
4247 5189
583 4858
274 159
1760 9265
3878 7739
3589 5127
4961 9962
1915 1723
4055 6980
4094 6976
7414 1737
2308 4576
9373 5392
8367 2256
9740 3619
6836 6334
5895 5934
8592 9975
3064 2852
5541 8495
1335 1755
9856 5074
4074 9211
478 4414
4493 6590
3683 5127
9772 4250
4146 1441
9725 9488
3902 7309
5907 3363
6650 9872
7050 655
1823 2076
7445 352
2420 4715
6310 918
9070 8910
4120 3300
5638 3006
2066 6083
7214 9541
3208 27
5591 518
1240 6775
2775 2357
552 546
1 9374
8295 1631
6968 3147
1307 925
3403 1420
7089 7258
3217 5717
9219 3542
9343 2083
3179 1981
9700 3899
1019 2581
765 1934
1887 2945
8478 2349
8574 1834
8571 4842
4499 5625
3422 4939
8416 4733
4627 8615
2759 2990
5892 2362
7435 3244
9099 9737
6457 8670
5949 2805
4896 6251
9644 1470
2166 4198
688 1593
8052 1571
5028 799
5526 791
1519 7280
617 1549
2786 3946
3414 8404
7377 535
8401 1980
5716 4639
9472 6396
6971 4199
6065 6794
3845 283
771 4794
872 7500
6128 6102
8319 3586
707 2668
1591 7388
2874 2258
5890 7494
2257 9746
8916 4969
5048 6556
3402 602
7012 3198
8746 6976
4175 7623
6848 7293
8176 6619
1757 8349
9788 9758
8095 5717
920 3036
3553 1820
9363 389
941 2087
5272 9059
1694 7154
8383 4015
2910 6914
9785 9899
6841 1499
8079 4841
1033 1940
769 8784
9994 815
730 9493
8089 2295
9543 6384
668 1577
3096 2533
2505 9379
1494 4092
3186 4470
1815 3214
4183 913
3522 7602
1286 4944
6942 5923
9814 7122
2921 5006
7059 7523
9468 1987
1675 6335
9272 3658
4458 7650
8504 191
3304 4727
5566 8944
8733 5372
329 854
1377 9872
1386 3403
1063 5812
9909 4817
3849 3451
3565 3873
8686 1670
22 3441
9549 2641
2358 5064
2135 8940
7672 5630
3516 9598
9673 8724
2372 2695
5965 5907
5239 7751
5984 7558
7762 7037
2800 9074
6632 6321
8080 437
9590 731
3856 5228
2747 681
9151 426
3551 1513
5508 7621
4265 914
2472 2790
9184 1373
6890 77
2281 1074
877 4428
8710 5064
8377 1577
3091 3912
7505 119
2858 8154
5197 9537
9773 1659
1587 4483
8837 107
8180 8260
1864 5544
9524 2500
1521 1657
9696 4865
3942 4373
9481 6670
6504 2927
7350 4454
3002 9005
75 427
9003 7504
6852 8570
1143 4070
2249 5117
1587 1247
5734 3424
953 1221
2692 2443
454 48
6208 6897
1157 2598
4331 1183
7273 4373
3358 814
3274 3388
941 5996
1344 8435
5522 4270
7548 4615
5458 5045
3183 6431
6183 7156
673 450
6963 9185
3532 3574
4299 7960
8375 1192
7489 5206
7994 3735
9743 1137
5805 4928
3292 4567
4382 513
4963 3378
9468 2649
5893 3227
2590 8784
1855 7458
1815 7856
2663 4841
5424 6963
2431 1716
7513 9491
7559 767
320 415
4281 9336
2978 9398
7244 3827
9609 9419
4263 1454
6463 6167
9318 4539
7833 9135
2144 8474
4892 2753
6926 8981
9726 8063
5153 1426
1699 1663
2594 8573
9812 6787
9313 1621
6687 8057
6045 3642
772 6971
1956 1278
5271 4681
7518 3203
7421 9791
2016 591
8028 594
5293 3906
3969 3615
5459 4102
126 6329
319 9487
1531 3904
8432 3345
2767 5221
2442 602
2232 8302
2509 9855
5927 5590
2971 2102
7029 3084
6988 8827
2945 5865
3623 9304
9014 5699
6718 299
3248 2345
4366 9236
2171 150
3562 5298
7513 2444
1575 5119
3203 1894
8158 7453
1190 3489
5430 6838
26 9931
2325 8014
3698 596
9768 8221
8504 3747
9374 2383
5585 1650
4664 9260
7678 3786
1717 1298
5439 3939
2715 6475
1506 6245
4705 4020
4022 9678
6326 2645
6621 9739
6136 1106
4597 2840
1044 5181
9339 6957
3777 2794
7466 9713
8461 1276
4230 9585
3955 6730
2771 8356
505 8794
9237 8268
5138 8418
8283 7748
5024 7088
5160 3529
1042 7814
9695 3951
3113 455
8116 4988
8354 4435
1794 4470
5825 276
8325 8365
5591 9346
2029 4489
9775 3828
5325 3807
3832 5759
9276 5169
4997 5263
954 941
9962 6877
6232 3567
3291 9870
903 6459
82 1627
2460 2103
4825 9155
3504 2669
1976 2421
7018 710
8753 3114
2855 1186
9989 8742
5043 1495
7369 3283
1907 7058
6523 7069
7394 9576
4960 1743
5008 9142
7658 3458
4001 2218
8059 404
9150 2665
9620 3465
5885 2758
4390 9003
7030 5063
6261 2901
6194 5593
3355 7266
1467 8922
8912 8273
4553 8347
3150 4239
7408 3869
37 9033
8091 898
4736 6512
7406 950
6480 8151
7274 6594
6972 160
6175 6659
91 3271
1410 5731
2593 8000
9158 8682
1997 2607
9203 9748
2860 6812
3905 1819
5629 9134
6883 5894
6132 9041
1305 5366
6030 2539
2930 7254
8899 5730
6610 6059
4348 6898
8276 1332
2076 1978
2907 7318
1337 6765
7328 3800
7485 2406
4905 9182
8784 1780
3270 3753
1986 3691
9154 384
6612 4778
6427 9262
5865 8550
5304 3509
9366 47
3585 5310
1481 5822
2242 1221
9613 3299
918 1337
2296 9732
9517 1154
3743 8228
725 2451
500 9986
5444 2240
3561 1939
4293 8767
6020 8555
5996 5423
6182 2434
1688 4540
9368 6172
9541 4098
8708 3568
2384 8375
8607 9184
1301 1604
2701 2953
2237 4989
9118 8693
553 593
6543 6661
6679 4253
4900 2413
8561 8643
4700 4852
8342 3009
6808 8096
5274 6392
7167 1852
225 9323
3241 1379
9681 9684
7550 7748
3896 2218
7537 1291
6957 1454
1386 6137
2557 246
4582 8724
3603 4881
1356 4090
7147 3332
2234 6616
9135 6393
413 840
2142 4720
7256 5954
3035 5875
5742 3085
1453 7901
8545 2343
567 41
7615 3612
3776 9620
2777 9780
2128 924
5620 8480
5436 8737
2520 5041
4531 3962
7041 5454
447 3100
8080 5132
1857 9045
5544 3532
5537 5432
98 9250
4832 1303
6745 7937
212 2458
6214 5233
7801 1781
987 1004
7380 9008
811 4579
1587 4052
6105 21
1738 5242
9640 6462
313 6409
9564 3669
3221 2775
785 4051
6843 7672
6878 6105
7837 4133
8104 9277
5191 8117
7153 7651
4151 7648
238 9417
2947 8244
7969 3491
3718 1549
8315 6226
400 4120
1616 6729
1833 390
4012 115
6864 7581
1175 904
623 6879
521 2214
5196 8369
8467 9260
8330 9086
7062 4396
9373 1455
2689 5675
215 268
4696 4202
2770 2983
9123 4977
8843 2664
1207 5
9673 3140
4037 3111
9402 8920
6970 6994
3540 998
9270 6724
286 9794
8162 1920
9847 4497
1204 4686
3273 7174
5577 2867
2693 9692
7056 3780
982 7655
8648 5146
2500 2561
4072 5857
7571 5789
3686 8929
6302 8426
6847 362
376 8887
1077 3834
1343 343
2142 5443
6768 9454
9033 2279
6897 1319
9567 2079
4926 8745
1662 2752
1711 1762
41 5123
4320 8159
3743 3536
8105 1262
2656 5643
3891 5272
2817 1472
3992 663
8877 8421
182 6969
3676 576
4789 7524
5229 4355
9340 8310
174 6930
692 9862
1907 9956
283 9674
7010 1967
403 1186
871 8086
4304 2371
4256 9995
5179 1053
8998 812
5638 183
4274 8730
7136 6645
9703 8079
2795 4471
9385 3555
3659 7232
7094 9594
976 4838
9465 9272
4950 5298
7687 605
9555 5544
7775 4267
3368 6994
5442 9211
179 2272
7988 9133
9250 9640
611 5454
1960 2087
2930 1933
351 3304
9043 6760
2497 6746
9626 9850
9309 6815
8991 2331
7916 8069
63 5478
2670 7289
5917 7413
5902 5800
55 6028
919 560
4049 3192
8472 2590
6582 678
1196 1346
3478 984
8738 9990
7570 3314
2784 1415
3763 8587
4246 3744
5904 4936
2081 6316
5147 279
7322 8312
9699 9360
7248 1515
5931 8627
2250 6433
7841 758
1750 1246
9627 4403
3633 3896
7408 2859
2920 2446
6228 353
3080 7033
1033 856
1763 1998
7017 6309
9504 4080
9297 1520
5241 970
3999 925
2229 3281
2698 2502
9678 1079
4659 2491
6374 3996
1059 1356
4378 3744
4655 1397
2506 5345
3331 4638
2061 4786
4917 4772
3069 3461
7014 9695
8581 6308
2484 8944
656 2098
1757 9163
7281 2451
1656 6336
9068 7182
3138 2528
8965 4906
3040 5496
4526 9222
1905 5467
6177 8745
3243 165
9580 1495
230 1933
5806 5260
4729 7238
2115 5804
1766 7347
6677 300
8182 7216
7111 3646
1412 4
7414 724
4948 1880
7865 3535
9407 7010
8662 3037
8994 6744
7753 9816
3729 2928
6785 5724
4929 711
7724 6053
448 3954
2395 1589
6683 7914
5884 1151
1493 1521
4904 7674
4736 8853
2165 7007
2859 2969
3395 928
1967 5070
3542 5202
6892 2501
6330 7496
8621 4560
8689 2779
8492 9514
7304 4653
798 4543
1072 5620
7480 6783
727 5764
327 1363
5035 8014
6451 8737
8665 9832
7134 8577
2348 6025
3549 7898
3080 8370
3069 8773
6401 1267
4071 6625
4806 4277
4347 7032
9027 1254
8849 8657
2851 2565
4894 4106
982 288
8868 2088
5774 6846
9542 9704
9728 8617
4469 5237
3735 9434
9609 866
2597 8553
4026 8829
76 4583
9768 6571
2471 6501
7836 6806
5919 721
6352 4386
6961 4925
7104 7749
7519 9256
6139 2770
8804 6579
6535 8798
8894 7422
608 3022
609 237
8524 6195
2190 3141
7937 6459
762 4695
8037 7824
7112 7206
7036 8711
3993 5424
6437 3134
4237 3236
3002 9334
927 6323
6137 6041
5426 6297
2405 3662
823 1279
2991 6609
6550 1961
8744 7451
5544 5215
6531 542
6341 3171
2932 2728
1010 279
826 9335
2729 2212
8456 6175
1271 5780
5736 2261
8880 803
2003 2790
1926 5992
2796 8162
1112 9431
1657 2184
347 3409
2623 4744
9222 246
5970 8079
9971 9065
8224 7770
6830 5085
6012 5239
6003 4623
6959 3008
703 5720
9145 2148
8605 5048
7576 7150
4542 6666
4609 7689
7768 9289
582 4125
9331 5180
5714 6028
558 4240
6382 8226
6067 90
2859 2902
2423 4721
3123 8310
1239 8415
3991 2526
4995 6674
912 1763
5193 1775
3779 9392
6417 7124
1710 5849
9803 5049
8713 3784
6670 689
5986 6691
8194 4190
7688 3605
563 5290
4509 2418
3707 8815
7423 9204
8292 3387
6212 2726
7284 837
8973 4125
9947 8038
5175 1812
1484 6247
2430 2658
4554 5351
5223 7000
481 1758
4224 9513
769 6023
3785 7915
4132 1870
3659 4117
5367 2026
236 3250
5487 3787
5722 6059
2873 2035
3238 2856
9017 3727
8737 1729
8736 2540
5319 5834
2474 2656
2562 8663
2163 3901
8141 6077
1898 5645
1856 4529
2612 6264
1822 7842
4129 6905
7509 4264
8626 593
6175 7237
3510 2931
5640 1366
9056 9724
6176 7325
3806 3728
6502 5328
8045 8346
3590 8570
415 7025
7491 3655
4799 4594
4393 255
8735 1098
9892 2105
542 5139
7241 7098
6601 2107
4331 9868
1768 2813
7580 1465
5817 6595
4360 461
4762 4160
7527 2795
4264 1849
6876 606
4340 6994
5434 529
7302 610
8837 6517
5533 5272
3092 523
2640 1836
7840 8771
5928 1883
3057 6044
5653 8287
5573 1370
1110 5733
4028 739
3107 9862
5172 3732
6273 838
8508 4688
5128 3549
8785 7651
1593 890
4703 7793
6772 5895
3143 1538
7743 7316
7311 5471
6941 9397
9220 6619
4329 7009
361 9858
1060 7580
2050 2281
5531 2364
958 35
8829 7893
3588 7764
2972 5075
1833 9884
8167 6927
5641 9045
9891 5065
5122 7321
9144 4230
3414 4200
9488 8130
9854 5010
6967 5270
3590 3141
5144 6478
8593 5389
2866 218
4579 4138
1310 7000
1145 9015
9492 7876
5754 2599
2184 2221
2041 8583
1632 4024
8216 2606
4301 6139
6464 9314
7343 5172
1912 6907
565 1490
3608 3104
7162 2102
6052 3534
7482 1885
7076 9093
2895 2414
2018 4853
8699 8260
4413 4904
135 4630
5244 5251
1387 4782
3010 176
8757 6393
1242 9021
9535 3945
2317 3962
6411 4098
1636 618
1726 214
4435 7851
8380 7080
2603 9472
162 1115
6466 6554
3188 2581
6298 2550
7916 1969
8258 1799
9368 6127
9852 9252
8446 3403
3743 2631
5610 4319
2690 8597
1401 7457
2332 3060
1774 1774
9502 1534
4011 6289
6259 608
751 721
5558 4630
4313 2413
8010 2733
3845 6825
1961 4954
5251 4969
8884 7169
2542 3975
2614 8436
8599 946
9216 7202
8959 378
8236 4781
7774 6553
5180 40
2309 2135
3757 85
1123 3326
3594 5703
8946 1657
1822 8931
3386 8421
3245 4774
6764 9387
2134 802
7255 8266
8932 2912
5651 5397
9882 5485
8826 47
6169 1349
6279 9034
3318 2939
473 9167
4331 6135
7480 6018
6392 2201
5597 4312
4974 7772
9940 3974
7484 255
2965 7734
5941 4564
636 3253
9418 5619
1833 4127
2583 2702
252 1551
9024 9571
708 1140
5611 6208
7902 2076
2412 1570
610 9951
5012 7580
7428 8158
1412 9917
760 7727
1025 3120
2095 8412
7595 325
9707 1651
5613 7507
1799 2588
6615 1317
6971 8069
7091 7671
4876 7604
5192 8861
6425 7836
7290 2549
4824 8985
2029 9867
5352 7810
8815 3585
8997 6078
9144 5073
1784 6658
8486 8485
4301 8507
864 7739
1969 1781
4450 2674
8365 1559
5069 1708
6995 8965
9226 2389
1787 5967
7203 1987
127 3477
8416 4592
2950 8974
9294 1475
6235 5932
2771 4173
9924 6147
6305 4000
4332 6719
3307 3523
1064 5372
9310 8053
7998 5403
2590 4793
2022 620
5067 9948
2728 8221
9880 6163
5296 97
403 8417
8758 234
6764 8228
8150 8861
7417 7879
2921 276
1437 6532
1716 8665
4602 257
7674 5578
4413 6161
6604 8758
7289 4308
8419 8349
2363 182
4852 3018
8653 8285
372 7525
916 2702
6495 2531
8866 5454
7596 6420
6029 9411
1060 5389
4440 2587
5320 4941
3117 4770
2117 9884
5969 2192
4666 6598
37 7306
2747 2637
3089 7186
2182 665
5991 3724
2448 2217
8041 7694
885 5793
654 7043
9841 9253
7055 9120
6929 6523
638 239
9765 7122
1810 8924
9216 4370
1821 1431
918 1533
3465 1023
7246 3509
8902 4749
3191 7616
5004 6423
3785 2358
4559 9132
4231 5655
4608 7396
1367 1561
9421 4807
7323 8367
2504 4389
218 7205
6775 2395
7872 9018
8225 3916
6251 9728
4427 2020
7930 3257
9348 9126
3061 8703
6962 7967
5785 9448
5133 6176
7045 4289
3786 9256
304 6963
3957 7333
4474 5957
861 3347
4607 8195
8188 222
2821 3522
6758 162
1280 8516
6283 2542
8888 2966
6326 9218
8574 4416
3875 9092
6966 4847
4195 1669
915 5280
7563 1377
3437 3913
5711 9825
7703 1825
21 6574
2567 761
3530 9143
616 1218
4634 1541
7476 7578
6354 5914
5023 7697
7340 6003
8761 8901
6831 7990
1410 4430
9593 9866
5533 3376
852 527
6809 2524
9175 1178
4330 2105
5770 3653
5214 2832
1911 483
467 573
1219 640
4922 8726
551 1931
5648 6002
1869 2490
2805 9946
465 6629
4131 2651
7759 4521
3236 904
5924 9487
6097 7404
3079 8811
7077 9794
666 7448
6912 253
7973 3623
8374 4359
5918 4935
4992 4767
6808 4714
2629 916
4314 9499
2901 7242
7258 8356
3711 2430
1841 2161
2713 7412
9898 5591
7539 3998
3146 6221
3285 8724
8792 9737
7184 6548
8196 65
2606 1109
7307 2045
6225 6512
6467 2406
7259 1207
9187 7237
6051 5706
9685 6559
3851 6219
6377 9134
8038 1291
2981 3756
4479 2298
2039 8495
6492 7160
7716 2944
5788 730
9492 2369
4838 809
4942 3159
6953 8423
5901 3090
8139 9859
8919 5899
7368 9633
6786 4563
8837 5313
6741 527
6810 8737
4361 3721
3641 8313
7386 7974
4804 2146
1149 2241
1512 5491
7297 2980
2708 3396
1158 3748
7329 7141
1508 7349
5454 6565
5542 4297
8250 8786
7044 6427
6536 9717
1944 4990
7987 6624
8486 9521
1792 3096
4260 1289
5523 1037
2874 6835
7134 616
8634 1325
3969 562
4463 7979
3109 6237
6382 6806
8474 4258
6444 2461
6837 2142
4837 5234
3503 2840
9347 9697
6701 4964
1293 1910
557 2106
1050 9708
5065 6784
9132 3938
1490 4676
1325 9179
6856 7232
5813 1988
1999 8195
4659 9407
2941 2698
9143 9428
5622 3305
8823 3106
2270 6073
9597 7142
1043 4360
3820 7272
5418 312
4078 7371
9199 9591
9343 8804
458 6936
9671 8118
7266 1252
1870 7349
3447 5407
3700 2755
7483 8854
7710 6876
5308 6728
3049 6206
8203 4117
4923 4800
9160 2904
390 8403
1724 9811
8730 3391
9728 2694
3400 3060
8456 4453
5342 2134
2960 1069
5121 3906
5991 3280
6886 3616
3614 9416
9110 5255
4400 7994
9626 3290
1891 1366
6136 8156
6486 3158
9765 5114
3328 3368
2950 3997
8127 9693
6586 263
3097 8352
4271 3126
6843 7973
3358 4736
854 5751
6533 4329
2782 3174
8217 4817
3287 1642
3078 4058
458 6138
1854 8702
6394 7222
1523 6732
5675 8778
9382 471
7949 9205
6052 6911
1132 1801
3967 8865
8644 1515
1000 2689
8499 7673
9237 4282
3354 5548
4668 7023
5701 7978
933 4909
5557 945
4673 9705
2491 1043
739 6491
5693 6792
1695 2728
3370 344
3462 6083
377 9131
4448 4999
2373 7649
875 6265
1834 4234
5767 5793
2657 1541
4131 3346
4428 6500
103 5720
5351 1621
5058 4887
790 2692
9222 4635
4013 2402
6068 3501
3682 9247
8164 4867
2162 8043
3554 278
4471 5892
5803 3865
8102 267
7657 7324
1153 3411
8070 4602
6511 6640
3414 1712
4163 3840
4428 4715
9642 651
9657 7567
7188 6435
4415 7693
6692 9452
5262 9363
8742 8673
5531 9191
3472 4200
3157 1007
1332 2896
9476 6646
6738 2628
6667 8469
536 219
7470 6628
8141 3302
9976 9778
5038 3712
227 7767
6807 5531
2904 8781
4983 8290
625 2111
5441 9540
3318 3686
3915 9366
7127 826
1413 9101
5062 5939
2213 406
4726 8654
1138 4217
4440 2512
2779 3852
6212 8453
280 2584
6141 1017
9851 6550
5826 8443
603 6654
1792 3881
2103 3992
1677 338
8850 4889
2078 5640
6903 4879
2454 5369
8371 209
9843 711
2692 2587
7051 8946
4499 4896
5239 732
4902 7309
8069 4086
8249 7461
834 2018
2072 1318
5299 2175
8353 6589
5068 760
3432 6575
5196 7994
6564 5000
6883 3269
3872 733
1358 5450
2179 7784
4422 874
4060 2635
4862 3379
6907 5713
4922 9470
783 249
4692 6921
7757 8979
4963 7782
5415 7814
1123 5291
3242 5517
2352 2579
6816 2560
6561 2605
3974 3611
5682 2683
5566 437
3312 6585
6116 6596
7033 4376
3864 5983
6209 7644
9825 1218
5372 1855
1854 1533
3051 823
4933 6845
5233 2406
6712 4186
8255 8846
2814 2729
669 5431
4590 6041
5575 5439
7782 587
855 7142
4539 7277
5645 7576
8277 8917
9073 5613
3751 9621
1298 8130
9396 7944
5323 4369
8363 1398
7483 2160
6040 540
25 751
8705 9821
2380 5195
6324 5644
7694 4782
627 9976
8287 6154
4688 794
2235 3042
9984 5535
7388 3989
2800 8865
606 2819
8520 5452
4346 773
4004 8991
7241 1088
8206 1705
2015 4053
3686 4877
3840 4209
2652 9711
9614 3165
986 7835
4802 7680
8176 8294
8654 9675
5790 3901
9213 9117
7010 6984
264 712
2920 7907
7111 6607
9396 2293
8534 744
9569 2092
4810 3958
5712 4911
5543 8845
6530 2399
1215 4918
2696 985
3167 3906
7970 9843
1330 1944
8097 797
3127 168
9142 4931
8010 4631
8193 5097
343 975
6385 3306
6185 9227
8942 563
1954 4348
8925 8872
910 1761
6453 9225
7130 6329
8140 1436
3197 8548
7869 2854
4126 1373
5008 2780
9697 8557
8399 1818
8438 8295
9226 565
6566 4995
8154 6797
8049 8385
9078 8898
3215 1792
5241 4120
6553 5661
2877 2934
8592 646
2034 2811
4804 6667
6631 5622
370 7026
3447 4078
5117 8876
4712 252
3305 8244
1919 5409
7581 1615
4481 4183
788 4156
9665 9436
523 2027
7203 2902
8818 6735
8385 9319
5324 7911
2693 3633
5064 5086
4862 3340
5102 4745
7916 344
4894 4484
9454 3575
4237 8515
3182 4077
2923 8151
4317 413
198 6061
4127 7928
474 4358
8964 9643
5656 6822
3911 61
8311 2813
3746 6348
3131 4543
3373 2145
9095 7781
94 4248
4648 4022
5526 3114
8699 6788
1615 1878
554 9857
985 3527
9758 1743
8360 6326
6525 4629
3427 7437
9115 1652
9183 390
5832 4932
9560 5797
9677 4120
837 1509
2421 8481
8047 2450
2942 472
3438 7787
907 3374
4880 2241
2507 3576
3690 4346
3978 3390
6618 5466
4124 4920
3093 9330
1034 5803
2628 6806
9719 5541
7358 5868
7470 4610
5713 578
6282 1835
5397 2910
3507 8456
7497 7881
4315 3912
3157 7746
7334 2458
8034 2362
9922 4035
9616 3360
1034 1360
9272 1274
2602 9889
5543 5130
6356 9708
2509 4926
7684 9400
6849 8184
1513 8060
1957 9592
610 8325
2868 4299
3761 138
6846 3591
6872 8414
809 1275
2900 6374
9527 1183
3490 9090
2149 7322
3899 5396
5695 581
2883 3332
7143 8161
1199 2695
7796 2533
4104 6708
3148 2071
5610 5755
230 5842
9812 2303
4004 8049
9879 8933
5065 7772
9319 939
4132 3765
2583 6038
9896 3544
4727 3893
4163 3659
791 2157
5167 2718
7214 8616
5236 7557
3021 8744
789 3655
3418 386
298 9623
3738 1663
4016 3372
2153 8178
1609 9682
9255 1101
1264 3302
7989 8036
4808 8387
5066 1700
8234 2207
6030 8346
9495 7036
3729 652
8258 1412
5295 8891
5087 4583
9353 8772
8257 9294
86 4411
1169 2113
6743 7544
5864 3123
5844 1187
1538 3510
7556 1956
2070 5310
7953 2705
1625 7712
2754 4612
1173 5492
2706 4075
5332 9660
2021 1882
538 3974
7017 5855
72 8489
1280 4489
6014 3762
60 1169
9003 1211
9087 8711
9457 3376
4805 2632
1730 7899
2468 5730
3745 7969
9558 9984
7104 859
4524 8439
7681 5209
5329 613
2664 195
5929 1049
226 4067
6763 9527
4423 6511
9024 9094
1800 5542
1514 4846
4330 2205
9318 7210
9053 4588
2383 5684
4104 5602
3220 1145
4815 303
3375 6567
7399 3871
6539 7082
8399 1781
3866 3838
3665 4820
7675 7446
5004 9268
3912 2813
6103 2365
9124 2249
9330 6401
6058 5064
3507 2106
4135 2775
1515 993
8457 9474
476 1543
3360 5151
4130 630
608 2862
3983 1770
6825 1274
4330 2001
4316 2731
5105 8459
9655 6258
9048 380
6752 7021
3617 3523
208 2412
6200 9143
1499 8100
8939 9434
2210 2826
2132 8600
3643 8853
1198 5178
4350 6523
4865 1414
5876 7275
6761 1322
2864 9779
1714 7297
3639 3734
8874 3345
1330 8480
8794 6214
6560 9077
3293 1915
297 7593
6983 9236
9486 3253
5817 6473
2664 4829
3928 5713
8178 7208
9923 6443
5357 6598
9653 7411
3770 5485
5470 8541
635 2124
428 3513
374 3659
5620 861
5965 457
2854 8698
3811 964
9635 5137
9512 6976
233 9361
4263 6061
9286 209
4526 5444
1696 4582
8811 4728
812 6558
1462 3179
350 8344
8627 1931
1189 8203
37 6076
5207 810
3851 8679
4073 5206
1572 2895
1255 4970
6314 2346
5162 5979
1181 7751
2731 6079
6572 6570
7461 9333
6921 8811
6085 8579
2287 7681
4338 7894
8361 5483
5987 2411
7165 8951
8441 8571
8074 3024
2076 8176
3846 6594
3517 9901
4326 2070
2527 4214
776 5890
2173 1768
9577 2861
6230 8826
4050 9027
9607 1691
7003 6931
8954 6347
1058 2946
6232 7908
6385 7175
919 1122
4344 1028
5784 6230
3807 3594
1116 4487
1779 3297
4901 9462
6855 5122
9585 5575
317 7659
2149 605
5484 7483
3714 882
730 8472
3665 5903
876 8753
5167 69
9232 4339
7940 5181
406 4599
9224 552
2645 8904
9441 2242
1468 8574
8939 509
5110 5178
3797 6756
1434 5591
1439 5564
2595 2301
1442 5915
1739 3767
478 924
6573 7307
7570 3082
1312 3087
835 9221
5163 8473
6785 2680
4752 4401
3671 8774
1377 8483
7003 5756
5179 960
8680 6984
3994 354
570 9657
2376 5740
8927 569
6006 8368
6198 7465
3127 3838
5473 1197
7690 1416
1874 9862
6887 1154
6595 8423
1494 98
6720 8977
3449 8599
8654 267
5950 7621
5204 4428
4961 6030
3177 5771
675 1310
8806 1474
2059 3898
6733 3254
3051 3759
2330 1138
9445 3170
4049 1259
217 1787
9123 9924
8638 1470
7333 9755
3828 4670
2196 6130
2921 8777
1421 5294
4233 8708
7307 829
9935 7625
3324 4563
1431 2420
8767 7783
6475 518
2889 3536
7532 3307
3465 9940
8216 6769
5998 7487
3778 7858
3712 418
893 3835
1025 4856
8821 1979
2397 1740
4636 2618
7914 9563
8075 8878
7415 4209
2342 5691
3564 1736
5815 1863
5330 6953
5422 4713
2186 6820
4341 2441
3756 3885
9097 7905
4297 714
2109 5493
4871 4753
4317 3721
3949 2467
7032 7665
7017 2223
7156 6406
319 7821
7015 3430
1081 888
1341 9475
9800 4984
3904 6953
6659 1536
6805 4422
9156 4957
211 2405
2342 6599
2230 7235
2257 1380
8031 6794
9683 2525
6193 9512
8143 4744
8274 9350
8712 5036
9 4993
3565 7804
2385 8623
2349 7015
5697 1648
3802 8958
3022 3826
9291 6060
560 5044
4850 4193
4705 7175
1300 8295
5271 6342
8640 9824
5305 7556
458 1455
5070 9223
3825 6848
2815 371
442 7969
5405 5053
8998 779
4635 9594
8146 9572
2843 9808
3341 9909
6810 5604
5899 2115
6984 5551
7616 5579
5176 1167
2807 2058
3233 8205
5245 4642
4397 3359
3917 6897
5758 1440
6926 9923
9007 391
36 3692
9982 3937
4510 3141
2460 6264
354 5305
3254 6866
2769 6725
3578 4156
575 8247
5811 4947
9226 3525
5397 4095
9719 4842
1288 409
5387 2086
5013 6590
8142 1579
5442 8334
8768 98
5074 4106
3887 9865
323 3083
3666 3736
4106 9761
8259 6062
7050 7620
9681 5164
4192 3828
1948 9345
9212 6715
5138 2234
1131 6475
1774 6280
2272 6711
4956 3908
2760 4501
5941 1854
688 465
6824 1394
4003 3077
4566 4546
2089 1351
3838 7271
672 6521
6978 5477
5491 7897
3501 9347
2595 3100
6560 5809
3008 6084
676 4231
8055 5801
7488 8645
7237 8004
1701 3603
7711 5849
3218 6017
3539 8589
1170 3291
660 5646
9265 6752
9278 3381
5092 2258
2844 5671
4120 3420
358 801
5101 6122
2638 5732
8788 6621
3891 3895
7108 2533
5183 2067
1397 1827
6290 3541
3413 9098
3669 4815
5183 2246
3152 2150
2954 7014
8515 8628
8338 1755
480 1855
7907 8789
7211 54
7950 9865
3035 3712
1746 3217
6485 8143
9616 9270
3488 8624
2867 4401
742 9667
7726 2499
782 1340
6038 1310
9332 8575
2680 5420
7414 4368
1678 2165
6148 896
8187 7431
6528 4580
972 910
9244 6826
4677 71
4882 6308
2793 685
1086 1187
5451 4622
5561 5023
412 4877
7751 1429
6900 6287
7563 7330
8278 5435
313 9988
3992 7278
4853 288
4013 9453
2890 2158
6886 7087
4630 417
9533 258
8799 7689
6976 3141
9720 3357
5738 5810
1873 9574
9372 3326
1159 8482
9642 3568
8695 9756
1422 2355
2550 1244
4137 297
3801 1945
6493 2116
7414 1238
7503 5607
688 598
7130 4194
1586 7104
4882 7044
472 5388
3583 5909
910 5255
4113 6178
5156 8194
8036 1509
7274 3182
8842 8794
4485 8578
6459 3561
9984 5979
9048 5892
718 6342
9267 2597
9189 9783
7937 8788
6019 2978
3040 505
5565 27
3072 105
3929 2313
2457 1981
4484 2413
5761 8599
4396 4433
2909 8921
9509 4909
4875 3798
2243 6450
4060 8597
1214 4885
4200 2908
6613 8263
4959 9881
4534 1311
1461 7547
6656 3528
5396 5591
4633 9088
2287 4136
2854 680
2123 6770
6101 2987
8459 2186
5150 4734
2766 5962
4081 7260
7175 288
2098 5048
4628 4148
1252 7395
1796 7944
533 4276
827 4478
4020 3203
6572 6935
6591 8817
3290 3721
3776 311
6579 922
9419 292
3491 5537
1394 3765
5581 6852
6238 4694
1998 6846
3203 1308
7973 3900
9677 8692
8937 4818
2452 1388
3942 2254
806 9530
3591 9402
7605 683
9035 2028
5129 3084
9306 4357
3036 9795
6926 5700
4231 2679
9985 5291
4493 8737
991 6509
782 4690
9626 7296
4518 3789
1001 9026
3350 51
2000 5054
4434 8092
9340 2904
3472 1063
6604 6267
9092 7994
6094 8328
4444 1571
8208 8222
2469 8342
3743 4516
3814 1968
5730 4433
4698 5436
4192 2396
5114 8154
1245 3420
5509 4484
6347 7717
3141 7904
9596 6561
5326 8158
4841 1857
6870 8102
8935 6714
6685 5703
2620 3213
9821 8361
1261 8741
2492 6982
6674 2732
5154 7311
3328 5728
225 1276
1310 6145
6768 4017
5081 109
572 6496
9447 827
4307 1335
6020 6457
1106 7356
1017 5237
1444 9820
5127 3776
2667 2193
401 4246
9660 2471
7017 6185
527 2098
3117 9784
6115 3941
3875 7289
4587 3494
2123 2434
3526 6197
9243 4998
9094 154
7747 6952
1309 9830
3776 8220
9403 4041
3427 5339
2951 1574
3320 5479
4918 4613
3600 5050
371 7476
4569 3563
5847 5310
8885 9704
5620 5975
7544 8139
347 9622
5178 2953
6568 7273
9723 3405
7102 5043
6321 9022
4299 1200
4490 4636
7350 2783
9060 5331
237 5712
7963 5033
2190 454
8726 1003
40 108
6770 2541
2912 4774
7144 7856
7598 5658
2135 309
2601 7823
7468 2553
8745 7554
4623 955
8747 1357
4257 8442
1739 277
1756 587
5296 8821
5507 5380
5933 235
7837 903
3230 2259
7502 1134
964 6911
8668 7687
6645 6675
7820 1411
6734 6816
360 4379
313 7675
7455 6134
8531 7094
5170 3548
2692 7610
3167 7604
7951 2653
4071 6346
9665 8797
6272 9974
3596 4546
3425 2615
6056 7799
7647 669
1008 5064
3519 9402
6899 2549
9245 3031
5788 6954
1951 7933
7963 6395
8041 5276
4917 1923
2463 4546
5039 4179
5391 6284
3648 8745
7503 7807
6983 4072
2943 888
2529 7782
3265 8839
8498 8340
4359 208
2524 1654
6855 4897
3179 7676
6153 7434
7473 3575
961 1134
7787 8151
1473 5297
5287 5335
7579 9841
9587 4640
2 2990
2529 589
3479 2640
2351 6551
3132 2108
8184 5030
5777 4823
6946 256
1821 7909
6517 6524
4710 6903
3324 5538
3301 1867
1317 4056
3305 1979
9215 2404
562 7808
749 7331
4974 7982
9697 6418
2847 1792
1557 8054
4567 6495
7830 8359
306 4718
1187 3673
3234 7864
819 5419
4438 2617
6842 3525
3152 3300
5181 5263
5445 6766
9393 2368
666 5924
1181 5208
5347 8532
1079 9950
6083 2124
2584 1673
9106 8229
7703 7854
6861 4409
3942 7442
1095 8608
2397 1881
3688 9436
6259 9763
2996 9495
3823 7812
6025 3243
5707 6136
1345 4198
202 5010
6553 6892
9409 8667
4247 928
4760 9656
4878 3267
1735 4762
545 718
180 5388
6320 8894
1756 2652
4041 4304
5985 8595
1688 5039
3234 2109
4898 4618
912 3741
8478 3825
2714 3080
7423 9324
4564 7482
1764 7459
9131 6453
456 8736
7340 2365
9961 5285
8484 9613
6688 3636
8615 3621
9768 8230
2357 6387
9900 1939
5003 9081
2941 2334
7729 7405
1943 7613
6895 8013
1495 5949
7968 9758
7477 1822
7494 6719
1095 7838
9592 1303
300 6525
1058 9006
4637 271
7719 6884
1066 9973
3449 1188
7207 9264
7735 4335
8031 4821
9677 9159
7147 4472
128 1098
5753 2359
8763 6876
9279 8597
6442 5772
7469 5892
4576 5497
1722 7496
6246 2891
3867 7180
1252 9471
3767 156
4493 2710
3090 93
8704 8101
5985 3536
4329 5574
9207 4405
7900 5490
5927 9001
7919 1544
6754 3076
90 8074
5339 8277
8682 1076
7679 8424
7953 290
1922 8077
1756 5685
885 4221
7830 5117
7354 2230
3067 3806
6018 519
608 5784
2733 957
7230 5087
872 74
4539 5857
6038 6579
4095 8678
8515 5783
5651 5912
1914 4184
6466 5384
352 5271
6969 8539
7294 7893
7624 2742
4792 61
4519 8207
7534 6225
4773 9976
4432 2062
8236 2770
6534 6208
472 7165
3037 6932
9830 8257
1937 1060
3009 9540
4893 1279
4117 6075
110 2009
4810 6759
4107 4422
1748 6976
7872 4793
5325 1825
9833 1107
8064 5733
5164 7693
1983 8874
3548 7944
1889 4286
8760 2232
2545 7257
2072 8786
9859 1212
8744 7337
5426 1165
1771 8470
2027 1534
9355 3999
2398 6341
9942 3531
3798 4443
6201 2607
2934 9233
2502 6228
6128 3466
7129 5483
9070 4717
1492 5481
6824 1200
6405 5149
9723 926
1567 2478
6883 3075
469 8384
7100 4430
1518 5487
867 6342
9325 3308
4718 8815
2197 7387
6686 3703
9044 906
2323 9173
3825 8278
648 3810
5683 8809
5126 1984
3534 69
8241 8739
828 2621
7367 2903
1733 7629
6657 4648
410 1297
5261 3075
1583 2341
279 4014
5551 3134
4761 7623
8266 3580
5844 2865
9180 7603
8043 7019
8869 4371
887 7316
1845 7375
3626 5640
5990 3139
1506 5191
2525 1025
8185 5867
4757 7816
6980 9212
7208 3388
1711 2044
3203 2239
4319 8921
2249 4431
1346 9682
6950 7597
8207 7305
6691 1329
5828 8896
589 1963
3610 8910
8853 1304
3819 3473
4830 1226
8091 6728
155 4705
8605 7815
3795 3525
5925 6271
729 1087
194 3758
890 7403
8308 667
5578 3170
3307 2198
3642 1780
4362 1223
5096 5327
8046 3655
2055 1124
9648 6234
5407 1525
6264 4839
4147 379
9032 11
3231 2199
3045 3866
8311 8621
3778 7609
7968 7912
7027 2693
441 7548
8974 8889
3252 1396
9163 9679
4775 4514
7529 3563
2539 8149
5967 9679
346 6767
8541 4948
8705 4168
4737 4563
2573 9080
821 7935
8780 7695
8879 7120
3830 5591
6983 3931
9430 140
644 6415
6 1833
523 1747
2874 4559
8091 6436
4789 5169
317 2080
6143 6958
4321 3877
96 5948
6089 283
7568 948
525 2712
1369 6674
1892 7382
8701 9
4272 2471
819 1175
9268 6852
635 3038
6961 9419
2206 4735
7436 2690
2837 1193
8123 6804
5379 6894
1915 98
8271 7120
1212 8141
5471 6538
5842 4507
9056 4407
7455 7108
9838 2156
467 9060
2865 4213
7266 6430
6187 7328
3908 2681
6176 5635
3942 9789
5065 8767
2363 4752
1467 8190
8205 5677
4746 6865
2093 7533
1812 5550
6117 1634
6950 8404
4287 5645
2827 8043
1235 7801
6926 6961
2274 8387
4831 7739
2943 7165
9328 842
3529 1037
5491 7281
1904 2377
9474 5718
1433 3054
1249 13
1167 6752
767 8029
7004 5554
4457 461
182 605
7308 8317
7658 5357
6869 2297
5009 2477
7753 496
6571 7700
6057 1768
4146 7153
7432 5220
9718 3614
7205 2763
1725 6962
3428 7732
6121 2608
6022 5783
5137 3641
8260 5172
571 945
1918 6517
6971 7908
8422 6374
7002 7145
2235 771
3125 6598
1041 1699
8787 8601
8464 5149
1213 8679
8358 4811
2175 8632
4080 2319
7263 4536
3208 9974
8517 2428
7172 5636
5794 6669
8955 5162
6422 20
1377 6805
8434 6041
7939 9049
8076 6818
1612 9315
5552 3034
4345 8851
6540 675
6877 6356
5222 3446
3642 2454
5208 513
7531 8235
7057 452
2187 2141
5337 3859
4300 4672
6198 1506
2869 671
4919 6679
3515 6188
480 2643
7514 8431
6297 660
6212 6031
4750 4165
4394 5135
8712 8140
7568 6147
6084 3089
544 6967
935 2098
846 6222
9577 1815
8275 3385
3217 9604
3164 4165
6894 3045
5700 7721
4323 2482
235 6724
8300 3960
3147 601
5078 6387
5790 3872
6683 3722
8101 8792
5680 2878
1381 6716
7054 31
2872 5371
3104 3157
1155 3520
6881 8562
7305 4480
6427 9680
9524 2445
2406 5990
4234 32
8111 9846
2709 7891
9985 8063
6047 2810
5756 8700
3639 9412
4391 1969
9033 5661
4573 1628
1512 634
438 8017
1477 4560
4650 1163
5955 4650
9387 9211
2707 247
5615 4953
1852 868
524 2993
6364 8166
7363 1070
1763 953
4792 4754
294 1138
426 4706
700 7049
2477 5999
3568 9398
7493 3730
5701 3927
3133 3929
6099 1347
1798 6278
7976 8949
9157 4653
8311 5843
2532 3315
235 4969
901 7235
8576 7629
6844 6565
1132 2892
8101 7737
7598 92
9609 4501
8785 784
7684 5786
1958 9578
5245 4198
8095 5943
9141 8821
6984 4028
9257 3722
7053 8211
9369 2050
288 3869
5181 7266
4979 8859
8840 2141
119 5573
6929 7234
5226 5634
4112 1658
6002 498
1257 9360
5799 5867
4588 1821
5238 8646
3447 8462
9673 4714
2122 9084
5562 8197
9372 6247
4428 6279
1725 4078
9774 9560
5667 4766
3214 4633
7059 3563
307 5787
7890 3111
6951 3522
7165 1511
8012 2708
7887 7819
5041 8118
4320 4108
2763 5805
4246 3325
9303 3661
8837 7168
7164 4267
8159 5423
8638 4216
6661 2507
7162 2747
2295 2686
1056 8800
8321 1029
1916 4382
5378 9702
7670 3279
86 8306
4636 2190
640 4941
4411 7470
4369 2009
9316 1522
1194 6298
1148 193
4391 2116
3650 7406
3127 6960
5572 6050
8007 2469
6194 1977
8106 238
9589 7455
1933 3550
3022 93
3887 9015
1139 9361
6672 9261
6957 6296
9469 6673
385 5481
3562 7858
8755 7171
8971 2090
7504 3864
7297 278
744 715
3882 9684
6373 7719
1840 9600
222 423
8748 8426
6120 1108
981 4365
9557 5696
3100 1710
7708 5638
805 309
6080 4199
6937 1477
9064 4041
799 3339
3695 4344
8201 9444
8581 4765
9831 865
8635 8146
7364 2882
5297 3839
1353 559
9364 9468
5245 3985
8659 4629
4794 995
5398 1535
5253 941
4200 4253
9407 3253
3616 5416
1130 8990
6416 322
1552 4837
1585 6442
6775 1879
396 8236
4657 3525
6159 2290
8484 8731
4522 455
8799 4072
2386 7311
3460 9378
1037 6312
271 7412
5000 3517
7853 441
4955 9915
9753 9145
5797 5227
4080 3610
4971 1413
3429 2126
2363 9896
1908 7509
5467 9830
2947 4559
1956 7952
6399 6194
6841 8075
2650 7495
2358 2274
4915 2466
1380 6158
3912 4207
547 5169
3995 711
8375 8107
9563 1119
4491 5787
9145 5261
1918 9380
8706 2112
6158 8837
3385 6215
9154 9674
2080 3524
9225 8702
4022 4660
7570 8877
8773 632
5870 9302
9712 7739
4596 6779
1430 442
4646 4486
7625 8544
2240 8338
4735 5406
4841 7317
4868 6014
2005 9325
7565 4165
9578 8573
5458 8840
9760 1800
7787 8021
9523 2429
8430 1239
6986 1987
4694 513
4909 7344
4724 5106
4245 9950
2498 1180
8196 446
6701 9359
5478 4108
2390 7629
7477 147
6019 7375
8488 3828
8411 1998
8527 3948
9192 9383
4969 3413
1608 3954
4362 5967
3020 8839
6046 747
1747 5777
7805 886
7553 7256
3758 1639
4602 4032
2967 3846
9545 3049
8677 3258
1935 3546
5914 5083
8408 3472
6584 9787
3053 3463
3150 9522
9062 844
7993 2551
9707 1852
4442 3862
6734 626
6346 433
7074 6509
1114 1451
3459 8874
8334 8003
8179 4767
7659 9231
509 4624
4116 1414
5782 1122
5873 2196
3240 6381
8857 8958
2018 9839
463 4710
7370 6560
4042 7710
5681 2166
5392 7654
7873 7419
6884 2975
4336 2438
1354 9598
1417 1844
9357 352
6573 665
9714 7085
6693 3413
8846 4647
6760 8413
8017 4908
1493 1310
6383 3166
7213 5923
7269 4777
8851 2362
1839 5520
9074 2169
8920 9353
6231 2168
7848 8998
6437 656
1417 7111
3773 8986
30 8332
6141 3703
2047 7396
899 3342
2895 9862
77 5609
6045 7135
519 1740
3424 8719
950 711
6221 6614
1914 7738
5880 6723
1760 8172
4139 865
5504 4391
1029 1272
5499 9963
8869 1378
2359 4443
8802 7402
662 3582
7617 174
1782 5614
7667 359
2380 3852
780 30
8942 6175
9148 7756
1675 9280
6420 1892
9166 1610
8954 3393
6604 8898
9949 4293
3977 876
3040 4522
1435 1093
1893 9426
6372 6215
4500 8890
8752 5696
6649 2534
4787 5055
9497 5196
5955 1654
6863 4480
3994 4408
1146 7859
4960 5606
711 6419
1191 5540
9357 2352
2170 6079
750 5577
5628 6429
4634 4546
7559 7597
3830 3050
6507 3683
9003 4945
1841 2808
2484 7927
7437 5855
9463 1773
4749 7150
7775 1909
6406 9607
89 2882
4150 4818
4839 3015
5821 1784
6282 114
6317 6836
7525 5125
2533 8744
7762 4649
906 8549
8054 9516
9939 7615
5993 4643
4380 3375
4419 3412
8 517
2641 1226
7297 676
4394 6624
1179 5826
4005 6928
4234 5988
2668 5890
6917 3766
640 5574
4484 9811
1917 9598
9036 1750
146 3814
4199 2188
1122 6592
4426 8259
5797 1750
3134 4799
8963 3882
1185 661
7897 3248
5539 2982
320 3352
284 5588
8628 4461
3955 3392
4246 7486
702 4102
8318 6964
5093 5175
6515 4160
1499 3185
5182 6444
3920 7786
6956 7352
4049 3700
2494 5312
4989 9082
1197 2133
8175 8614
3560 2087
2610 9578
5653 1039
3519 9349
6171 2113
1932 3199
6831 8920
8804 8062
6733 9965
8378 190
9737 8745
3365 2497
2936 659
8293 9364
6138 601
4404 5938
8596 5398
6451 1156
8770 1115
4315 9157
8048 4923
464 9416
8757 3717
7483 7869
1171 1363
7767 2366
9829 7412
5972 1390
5711 1691
9980 2263
2762 4456
4771 8305
5028 3524
5285 5218
7764 2687
4790 3916
439 8976
3785 1075
5743 1115
7038 5338
1152 9352
8296 2641
5660 5652
2421 9457
8606 5128
9831 3548
5567 4237
8371 3726
2873 6421
1754 1184
9755 6047
5842 4341
7061 545
5648 4331
578 4627
7663 8763
7325 7496
410 8460
867 7203
289 6879
3518 3808
2109 5142
6599 4676
2327 7141
363 2302
3095 2106
8199 8952
1213 9788
4408 9403
1413 645
3151 170
1949 2920
4395 1572
5755 7012
8404 6510
4936 2126
6937 7624
7290 8011
1304 996
5599 7730
4649 375
4053 6910
2725 2902
9777 1537
7872 1651
6078 4282
4513 1696
5707 9783
1819 574
81 5551
7200 1824
9423 8005
2946 6528
8634 652
231 8877
8525 8089
8016 4788
4080 5214
1520 3475
7071 7653
3645 124
9384 2173
4125 3370
3917 885
7557 4237
9243 4912
2570 1076
5764 4778
5613 471
6435 9107
2590 2719
6417 455
1822 8438
4991 1349
7019 5062
3265 2312
5984 7428
1985 6872
6204 1443
9035 4354
7404 7055
3412 6725
8916 5054
6831 6524
5965 4630
4095 3661
5679 339
129 8325
900 841
4116 1259
3289 4073
7939 7138
1809 8492
6309 378
1337 4244
4245 492
4876 765
1730 4989
6363 879
8897 5364
905 7440
1997 5477
6562 7455
8204 1038
7544 3488
8638 4556
9223 6697
6503 6292
7582 669
8910 9545
6397 9674
3304 9229
6510 3961
9565 3282
3422 8435
7809 7716
8753 9645
1823 4466
4158 9957
3868 913
2448 3243
4235 1851
5076 4643
4613 6776
48 8726
3975 8041
3980 7789
6387 887
736 7504
8395 8164
1321 3016
5657 2392
7622 8197
1669 4790
9633 7570
8570 6681
6909 7059
9024 6137
3853 4298
3772 2823
7517 753
1842 9106
245 4498
4637 1673
7674 1612
1071 3964
4915 1210
330 3042
4098 7997
6952 5702
413 7640
8953 7455
3789 625
2817 206
4580 3523
55 8520
8222 8334
8936 9672
4482 4605
4131 7419
1090 9228
6896 1637
9330 3520
6927 1155
6296 3638
8807 2934
966 525
9523 6142
7969 4006
3295 5148
7237 5907
331 3784
6420 156
3049 6454
5485 2419
7237 5902
2800 4309
2880 2884
5732 2101
9237 4105
7713 6072
4539 8947
9720 1361
7370 3395
4287 1614
344 5590
6353 4152
6385 1770
1326 2490
7819 9331
5926 2077
7617 8705
685 9502
3355 734
8359 209
7657 2833
7315 5880
3929 9431
492 5170
2856 3458
8462 4764
7659 101
1029 9654
6125 8504
5190 3892
9673 1367
8096 5176
9115 4914
2836 5957
6377 5837
7918 4556
1504 1853
6124 1836
5341 7104
6430 8669
7706 3727
8748 6109
712 9616
1161 3693
2535 1938
1209 1202
910 9366
9159 6353
457 3947
7354 1085
5469 1270
4373 1618
7074 5745
7292 2689
3867 9102
4127 6779
9927 5913
9479 6545
5763 9845
9088 2303
454 664
592 3346
8705 1926
2701 1299
2928 7099
6637 1566
6406 8469
2059 5866
5728 9759
5956 1361
9188 7112
8791 7833
5638 2978
4307 2780
7747 5872
5552 2398
697 7745
6811 1063
7416 8368
577 4792
4370 3682
7390 8071
5969 2876
4326 2144
4358 8344
3731 1490
7659 1856
4733 9925
8552 2656
4199 9823
9717 6056
706 9396
9974 5180
3615 6229
2385 3977
585 3225
5079 6304
2518 8629
5251 959
8429 852
2710 3208
145 6140
6760 9666
481 7730
4044 7423
4840 9111
7514 5880
5507 85
1422 5157
6309 5885
789 3162
7215 4343
394 7963
7525 3626
709 7974
8938 6319
4261 6666
9547 1678
3429 6180
7564 6900
6763 6207
3603 5907
9362 5061
2469 694
7734 4179
1302 8509
5805 629
7984 1548
726 430
3188 4244
6082 8884
1149 9238
9620 3577
7724 4531
9512 3474
8596 978
317 5609
2630 2214
5755 1525
1608 5512
3060 2213
5960 3534
2520 617
5522 2743
8817 5542
2776 6775
8040 8393
6418 7130
965 3510
8321 8404
7001 2584
1129 2757
8375 8652
5803 8886
9872 4138
9392 1800
4078 8442
6289 5074
1450 5119
3450 6196
4726 7506
3180 6532
9454 4657
1047 2352
9733 8713
3856 5441
8922 5529
1882 3648
5846 5123
494 8439
6337 850
6363 1582
2215 4069
7561 2229
2349 2861
3619 9856
6747 3640
8408 7806
5902 1083
8756 9609
1012 9249
3480 3115
6238 1718
3109 4773
8836 762
9861 8658
4139 6115
8037 609
6134 8488
6153 4539
3366 5660
293 756
2963 3833
4715 7543
6438 7496
1558 7003
3022 3775
9031 8472
3151 8809
6025 2772
5077 1655
1715 40
1461 2758
9468 4708
1668 5486
8247 7016
5982 5645
8570 2586
8924 9456
5358 2382
4151 3243
5562 3532
5753 4630
9648 5967
1843 6288
5157 5986
5600 9044
4574 9180
8661 1111
5541 9325
1191 4397
3212 5329
5348 1492
7401 4431
989 2655
6091 3132
9143 5801
1132 6174
2360 5468
8352 1304
8619 3625
5688 5268
8264 9615
352 1077
5007 1706
8888 4602
3853 90
2358 2597
1163 431
1430 1064
1698 1930
6638 1570
9908 2785
1235 4351
6905 7189
3681 8543
6958 8958
7240 7399
2920 5963
4884 3456
2425 6281
4394 2947
9943 7716
5128 231
4282 5302
7344 4592
5660 5795
4687 3500
1956 8476
9429 7658
1494 8000
1406 3232
4411 2074
4098 4282
622 4706
8213 4125
1496 8726
4251 6518
4398 4885
2490 2356
5263 8946
1753 1690
3229 5263
2034 183
91 7580
6704 567
6606 3921
1746 8390
5840 5549
1036 2790
1258 1229
5740 8844
3599 513
6883 1404
9501 1642
1950 1846
6571 3150
7270 7300
7489 2400
7314 9490
2137 2657
4993 9429
2050 9926
4513 5326
2876 114
5777 8159
3757 557
2438 5636
5947 523
8301 5741
3267 9676
9588 2749
4268 5228
2789 436
6048 5959
2406 8910
3664 3089
5951 2053
2133 9278
1049 8014
4538 353
6282 8111
6743 8708
3504 5448
5270 4834
4574 3016
3149 9974
7033 7246
5924 5233
8382 4179
6138 5838
3336 2946
66 5633
5610 9649
5103 9852
79 15
1935 2286
2308 2476
9734 1996
5908 1436
4647 8364
3966 1531
4082 9386
301 2156
6393 8472
1274 6169
6566 6891
7253 1345
932 5192
7843 1691
3185 4212
2231 331
1701 5349
4331 9772
9329 8572
2227 9789
4669 8925
5927 480
9029 9793
7173 8060
8552 1492
2619 1139
6428 7584
8832 5807
9012 7436
5376 3423
6089 4297
6992 7173
1810 3838
79 6324
3931 71
8721 2969
3390 7277
75 5605
8281 9712
4993 3235
588 9547
5848 8668
3881 9673
9947 8740
2197 50
4884 1409
5065 6453
3628 2650
4121 9136
4124 164
9587 7045
6821 6735
8501 7251
8143 3927
703 6975
5745 735
8107 2324
8805 366
2617 3899
2668 7614
931 4579
234 1630
5949 4572
1758 1683
5314 7878
5280 972
90 7612
9606 9185
2690 1794
3751 3961
1044 3999
6706 3459
4331 3857
1918 247
345 228
4499 7115
9608 5416
564 260
3836 9597
5151 896
8003 7848
7256 1590
6558 4558
5525 8132
8494 4548
5330 898
3713 972
3642 5029
9415 979
7056 6993
2808 8099
7551 8912
8738 1892
2871 6549
1080 9763
901 9470
3188 828
3787 466
1523 8180
8511 6425
4812 9475
4322 1256
1483 4041
8197 5201
8876 3608
1252 4669
7510 921
8220 1829
3553 3888
9895 1909
3371 2857
5960 3947
1747 4407
1195 7133
7111 1710
2718 4700
8363 6042
3740 4742
5139 6881
8670 8293
684 6198
5233 3553
8360 169
3290 6641
4681 977
5526 6996
4563 6513
4036 5087
3055 8059
6287 6039
9744 1071
2886 4718
1285 3597
8409 3924
6993 9197
5390 9264
3156 7693
6696 5694
6651 5629
3134 5215
799 8006
3939 2993
4709 9223
7426 9927
4857 333
7702 2613
3637 4769
839 5451
8651 2580
3157 131
2542 5942
647 8114
3058 8224
1460 3808
8383 7526
8603 1020
2282 1135
8496 5974
8631 6715
3067 155
6168 4384
4233 4378
6477 2888
9419 6309
3008 6395
4674 3296
349 2755
7695 8261
5670 6173
6558 931
5144 5799
9726 6676
5417 8328
8751 5219
7559 1483
898 3029
6981 5005
2578 4202
795 5260
4867 203
9342 4481
8854 2159
7292 6533
8882 9850
1287 8359
1643 8711
5725 9982
6213 115
8984 5880
7374 7248
9979 9662
4271 6603
1441 5566
9060 9395
6552 7801
8130 5406
9520 5405
3500 6802
4067 9969
6739 1163
4125 179
1967 2145
842 4103
8914 3970
3742 1956
3358 4831
2020 6385
5350 6426
8320 9326
6843 4572
4578 9779
987 6215
6562 3104
9926 6452
9624 9620
3380 484
6120 9031
4320 5450
2565 6904
7463 3239
302 3773
7854 1824
9311 776
7340 655
5032 4884
4612 8147
4040 7164
5900 8893
4562 3672
4542 2744
7463 3532
9005 5364
1896 384
604 9980
3655 171
4335 8302
7154 5278
8675 5555
2505 2975
7275 3945
1562 5025
6471 5498
2602 9825
17 5446
6808 5030
1303 201
6313 1543
756 6210
4689 9254
644 9063
1290 4412
7543 9483
5391 8345
9676 395
1174 2865
3523 7855
4173 559
6463 2439
9732 1985
5694 6507
5993 4118
2219 8674
1 3207
5040 2282
9385 1590
7989 5529
1686 6499
3528 985
5515 8966
5226 6288
9853 3403
2202 1393
3263 8879
4753 6119
9964 1177
4149 5861
1681 4565
4259 2681
9384 5012
6034 5840
9038 2866
2842 2947
4712 3868
227 9271
3723 6260
8927 9798
6650 6604
8965 9344
8633 3257
1872 1290
5343 7653
2839 5
2274 5774
4846 1215
4638 6858
7555 6141
2368 2989
6239 7567
6919 4479
1003 6756
5697 3220
3630 3767
1788 1034
743 7575
5931 9805
2915 2968
5683 6832
6586 5695
9683 6776
3740 381
3677 4250
7758 2326
6373 6940
2792 153
9507 841
3 7943
7233 4859
3768 1746
7532 4248
5743 7283
9670 4685
2321 3795
2778 993
3042 7049
297 5600
7114 1805
374 6291
5538 9988
1748 1474
7839 1157
1057 9349
2791 9814
401 5285
9674 227
3068 2938
6313 1138
8744 8699
2840 901
8293 8230
337 1209
953 7823
3964 7351
4460 8765
8046 8156
2234 8596
30 7210
7318 2159
1782 7640
3780 8839
4529 39
1664 6025
924 920
2926 5934
5304 6108
1199 4935
308 1952
507 2358
478 9300
434 4188
6724 5899
8717 9023
1965 9014
8907 7369
4198 6996
8969 2235
8616 7345
3057 4864
5522 7634
2688 8830
1031 1767
1183 7934
4496 7332
170 6679
2545 7843
8 3120
4878 7946
403 8266
7416 2192
9542 7269
5653 9331
1832 7420
2985 6192
9019 8776
5242 6775
7687 4708
8031 1133
4076 9433
6696 8907
4927 7554
9112 8187
8285 6698
1924 3654
6955 3133
8450 6549
8491 9996
2748 4707
1975 6697
547 1993
7382 9961
4711 3353
5233 254
6409 2036
6862 3161
4967 695
6065 5433
9699 6920
2036 8482
26 109
1165 6386
8895 6026
9746 3637
1482 5422
3291 1513
9501 9252
6322 664
1797 4796
6872 6606
1354 9846
3135 2556
3644 3876
8118 3748
6009 5130
2730 869
4112 2047
353 5076
8723 4113
9315 1679
1501 8571
3069 7956
393 8363
9561 6324
9464 1514
4372 4983
1052 4535
3355 8997
9178 6654
1642 1945
1448 8899
8890 3905
7590 4670
8758 7248
4806 9289
4844 8184
5736 2161
6722 4242
4776 3300
1092 1452
2854 3111
8599 588
1221 6946
7530 8536
7750 8843
9834 1121
7992 6007
2600 8655
6722 8961
9779 7330
8479 2534
2778 5702
1701 2779
879 3789
3675 8114
8046 7072
2217 3957
7667 1524
3608 3120
1453 4382
7377 4302
6138 5710
8473 6853
8680 7010
5354 5116
3866 2526
2930 3892
8744 2658
6939 8463
141 6271
3553 8540
3768 9846
5679 4241
2166 732
4939 8901
1685 7000
143 2946
8646 5943
9799 5005
7163 2157
7119 4335
7683 3210
6386 4134
4510 7117
6888 9466
4840 7769
4135 5407
2386 7787
5238 3760
2002 6126
1224 7972
8979 9764
3242 8452
5563 798
1982 5936
6709 9168
3704 3943
1754 1571
4844 268
5919 2250
6331 3555
9783 1186
5692 4820
7568 6503
5861 6216
2408 8068
3521 4180
9684 8252
8453 5364
9711 3230
2375 4578
9007 383
4115 1657
997 8401
9195 8466
3038 2300
9540 4023
5182 9790
2942 2409
1696 7523
7157 146
3877 2934
8874 9276
7154 4411
9116 2101
7005 8460
7086 5684
2481 5217
6838 2705
2178 483
2178 4882
591 6440
7779 3123
8660 7003
6044 5300
8110 6812
3903 7180
9660 2092
6528 4731
5460 6805
6562 3104
4957 3485
4656 6326
1781 3472
3026 9319
3564 6998
5797 6030
5898 1741
491 1824
7154 9529
6950 688
4226 6830
6726 423
4451 4807
4575 6839
9597 8891
5930 4905
8600 1773
3477 4875
334 297
2562 7554
8278 7686
2503 530
9319 6931
5885 3009
4642 1142
814 9203
8381 1653
3040 4376
2186 1340
8862 9059
9985 5119
2023 5669
3608 5284
6491 8637
8095 7964
7027 1169
7004 432
9667 9237
120 4037
4566 5102
8470 8388
2792 721
5190 6210
8030 1047
3711 4794
9116 3767
1342 8874
4722 7339
93 6017
8903 3693
4892 6123
1184 8627
2510 9878
8328 6863
1889 5248
2344 5673
3071 3188
2390 984
8027 149
5889 9601
7690 6574
3543 4018
4614 9219
4735 3101
6513 4026
7670 3431
8873 9571
1607 5644
4271 8022
7176 6456
3318 9734
9360 3590
2707 451
5347 7119
4220 9402
1461 7715
9696 8753
93 7345
2221 1957
3309 7012
7535 6877
3753 9345
4498 1078
1181 550
7322 8965
2828 2261
3151 5556
8112 989
1952 782
7351 7752
5844 9375
8081 7671
8428 1338
7531 3944
3985 6621
7657 9535
5211 1048
4152 2499
9509 6464
1799 7576
3727 3322
9594 3459
9307 6903
639 739
768 1833
1839 5080
3106 629
4121 1872
5910 2162
2989 1073
9470 8952
4504 3278
5051 4699
4269 2363
9905 3484
8489 1211
307 2887
344 1793
4550 5785
4590 5660
8388 5162
6632 8575
6386 8474
2510 699
6307 3115
7300 3990
289 6574
247 8643
1960 5311
7629 4987
7110 5976
3290 6635
7302 2951
4806 8435
5199 8384
443 2501
9889 825
7120 2061
3891 6067
5018 8832
7526 4268
1904 5634
1438 8436
6762 4908
6588 5728
2772 5417
7579 8363
4368 6462
5651 1384
6240 5181
1338 17
4512 4562
1591 4223
1351 8556
9471 2291
8897 9868
707 4967
7575 7699
815 6254
6781 9426
6264 2011
7275 5418
7449 8355
3629 2492
5976 1537
1854 1841
4108 9259
5349 8467
3647 1858
9989 1168
5820 8102
9229 7203
5286 625
5545 4082
1694 3079
4821 9972
6246 3964
5189 7207
5483 7889
7827 9240
9114 349
7798 1113
7783 2177
8401 8427
3868 1128
5684 894
2156 2358
5938 4762
1613 1992
7477 8800
5781 9190
2318 1837
9743 1722
9982 4032
1964 9226
8352 3955
3916 9996
4946 6400
5473 7989
3469 8137
6614 4417
9336 6394
2249 1633
6597 8580
4650 8956
2326 3178
6202 6876
9293 9962
3681 5201
3825 6548
2293 9975
2416 3466
1536 8783
8374 9710
885 259
9674 9218
3186 7067
5708 9602
5897 1106
2800 6910
1341 9159
1889 8925
5966 126
4307 4999
9554 3218
9021 8081
809 2477
4774 4661
2238 3323
5621 3742
2663 8413
5034 5001
5075 2031
2354 8172
2191 290
9220 7279
7665 4896
8930 4628
9524 5438
3947 9851
799 8017
2312 5490
3283 9561
4695 1636
7633 8504
6939 6390
897 5734
7258 6373
2257 1629
7977 1847
2605 3686
5898 9901
7107 8300
2906 6520
1570 402
475 2922
4350 4435
8685 9352
1658 8048
3170 6215
3152 4780
9934 27
2834 5801
4264 518
3151 3872
8122 9488
4117 162
5860 7478
8320 7687
1455 2533
8907 3101
494 4799
3166 1348
8937 918
552 7230
8288 7913
8271 1979
2986 6395
6990 708
6964 7258
8626 2090
2939 2665
2453 2662
5485 5738
4447 8915
9866 5807
5635 9501
2304 1225
3255 4460
1788 1101
5681 9452
9888 790
1508 7468
5177 1952
4951 5976
6418 7194
5769 2875
9083 1978
4823 5975
7949 785
7897 6368
6471 2785
1407 8473
358 3206
9754 3666
7914 2908
2855 3668
9818 5019
5263 6760
3035 4027
9988 1568
4752 2699
6163 3523
7961 1010
3043 7296
5103 1819
2086 2098
2238 3858
2156 9563
7828 7119
3691 7257
7547 3354
3054 8355
898 7244
2673 5363
5710 3253
1274 269
7968 1497
3846 1612
6021 3083
3770 3712
9835 8201
5659 2454
3815 4404
2995 5177
7253 4024
6847 4231
6130 6991
6673 8331
6120 1681
2548 8418
2608 6894
6568 3150
3129 5491
7551 5755
7940 5759
3147 8567
4875 9539
683 2617
2399 5108
4580 8055
8300 1240
2477 7813
9948 3499
1917 2437
9843 9151
2416 5671
4148 2444
2628 6492
3360 2801
278 2347
1660 576
2373 6249
4789 6174
8750 8985
3898 7442
9888 927
6824 3306
9491 2317
2700 2236
8661 3852
7743 8053
9995 9033
8502 4063
1620 542
5101 493
7152 8855
7266 4137
8974 8457
2570 8109
7111 5292
7806 714
4725 8353
9625 4426
8587 8812
7189 5730
7475 6263
6630 2399
9638 1284
272 8425
3520 8460
962 3917
6207 8028
6884 7966
2880 9465
4729 7820
7176 8830
4442 9660
132 6223
3460 1777
4942 1217
4698 7337
3240 1053
530 7
265 7480
9588 5558
67 5717
2547 2924
3844 6783
3751 5386
599 6563
5965 6603
5544 7801
4067 524
1061 4287
7129 3523
6053 5415
6581 2931
5370 5938
8500 2800
2394 3514
5588 1725
2440 9127
3922 9731
2174 8207
8327 9820
5286 6536
3530 1888
1707 8408
8061 3884
9204 9590
9799 4680
7729 4094
5493 1707
2007 4884
9395 8798
2362 7298
7490 2467
4970 3179
6637 6519
6101 5197
9615 4583
753 1868
3402 2649
5652 892
9346 21
8773 1728
7853 5094
1583 1132
4818 863
2969 5800
5802 9736
7831 4579
6489 9560
4575 6336
8504 6829
3256 4188
1305 7249
3680 7750
3785 9532
7774 5797
1641 9308
5904 4056
4633 7014
1155 2079
5029 4461
7901 5037
3483 7980
3735 1799
206 9755
7396 3771
2536 3509
5196 6097
4179 3598
2117 6930
147 5430
7338 8178
1602 1253
6221 2226
485 1069
763 6900
4760 5049
991 477
3406 1453
5056 7935
6845 6337
9894 2705
6911 5627
9024 2787
44 3402
8749 9321
2068 7279
1647 4183
968 3653
1190 2905
2919 4729
4801 8927
207 498
32 6066
7449 5194
8378 4981
7390 4668
5244 2620
3926 5106
3764 9109
6560 4279
3023 4491
3313 7515
497 3018
7723 4126
793 8895
3224 5245
8011 3992
3628 5710
5454 3911
5964 3579
9089 5869
6055 6477
352 9123
2316 409
344 9682
1889 9995
5939 2355
2541 9325
1200 5123
3869 8351
3740 5419
1672 3233
2367 3193
6248 4823
7843 2024
5218 5646
6844 396
6295 7982
1391 2009
2251 7483
9340 2570
4165 2979
5471 7907
2267 8328
199 7889
5974 7592
9636 9536
1353 5289
4184 9434
2152 4455
5450 1486
7024 7020
5150 2001
6808 449
6482 9174
1362 3602
5688 4733
8423 9401
9256 597
180 8009
9064 1454
1519 484
1423 1549
2358 6202
2568 9130
8534 5526
3912 5406
5277 3864
2396 8521
3669 7038
5828 8152
5117 1469
9711 4662
89 5901
6198 1984
1481 2719
5669 2732
8623 8029
2802 2164
6905 9263
9207 5860
1413 6918
4352 6351
4748 7156
464 4326
4195 5895
6972 1382
4690 5790
6865 3724
4088 7737
4467 1243
5999 5608
6880 7628
7957 9475
1912 3385
4980 2114
3497 2249
784 7808
6065 6545
6134 6939
9119 9627
1870 5768
2917 7587
4994 215
7835 7930
8168 8659
8770 3498
934 8991
5846 7037
8819 5147
5714 6539
8855 6367
8320 6498
3443 894
5229 4049
9411 1375
2895 6168
3520 3126
8758 8766
5451 3430
4053 6853
9987 8040
4530 2728
2208 3375
1420 2483
9893 6528
5638 3554
8775 7678
2270 5394
8710 9447
2027 9704
124 3760
6669 335
8830 3072
4157 1641
6543 1282
8732 2080
1070 5333
666 7949
6867 3673
9267 5669
4698 480
288 9314
5454 4281
7772 5077
8160 21
1979 9078
9608 443
9372 9057
2146 2905
2104 4548
7525 9875
1552 8878
7817 4803
8843 8539
5773 2306
177 9553
2153 4984
1638 438
7308 7867
9848 3298
8116 8048
2787 4821
8365 2896
9333 6020
2727 3874
8292 989
7180 7634
2081 9986
7976 2557
4842 7586
9019 8159
566 3867
595 4565
4117 9336
4003 4058
4730 7665
4670 4824
6755 324
9209 4862
1594 9453
5534 6538
6947 5266
145 8803
7145 4819
6796 2550
9620 1376
6150 2314
5541 8163
4489 6979
4412 8112
1691 6326
3109 3704
8770 5120
1686 135
3841 5424
8039 1164
9422 4911
8601 8118
5333 8155
9516 4965
1518 9335
7715 4191
1147 8806
2701 5115
4823 9153
9106 6990
6205 1524
7144 1626
6892 5819
4876 4803
8876 4514
7321 5864
7211 8220
1846 4351
9271 1226
5562 3091
4456 9279
1271 8591
4652 2196
9366 5560
4152 6508
6630 7135
6150 6131
5539 7832
8906 3613
1858 54
5386 9170
9332 9908
3794 982
2368 602
8408 7016
9363 3405
1364 8787
9475 6996
3680 2828
4608 2937
8650 4223
2358 8806
2740 7487
650 514
2617 2222
498 5287
3896 880
3686 8731
954 1157
6718 7755
8736 722
7298 1013
1874 5004
1359 4405
8545 8910
2820 7972
4349 6961
6565 9875
1873 7700
5041 8201
3929 7453
1045 3799
8802 8239
3966 4870
8901 9105
6517 5906
2342 2539
4832 4048
6019 2934
1057 5836
5479 6101
1742 7167
6066 3740
9699 6499
3826 958
6145 4483
7726 4357
4426 5917
4612 9611
6914 9132
451 7399
5206 9108
7414 1759
1389 7190
7440 4146
847 4678
442 8973
4205 5520
8623 8271
1417 4827
8658 3009
7330 4638
5491 6498
1311 6773
643 941
7403 9597
6499 1887
6805 3926
6054 2857
4625 9218
4195 2838
7928 9314
6435 3212
59 6715
9129 6653
6036 3348
4073 7530
7010 5790
1147 6893
1186 9447
1944 4937
9674 4313
728 8742
8209 1711
6879 2826
2466 5271
4389 3642
1520 6427
6963 6440
6232 52
3548 3845
2230 2377
196 6796
8548 8985
5701 6870
6857 3608
3470 8459
8128 7850
690 7627
677 1201
5274 4316
3345 2013
596 5840
4094 1885
6532 9054
1347 3930
7113 6371
7260 6385
3147 5431
6069 5897
4626 5782
7362 6895
9039 8516
8511 1008
2426 7271
3400 5050
2560 5834
270 6357
6222 1535
409 7166
7923 4687
5694 7777
4274 7866
1720 5959
3577 4909
6238 4707
3962 4396
2080 3063
1885 2915
8130 8476
4855 5884
3139 7633
5176 2556
7291 2111
5943 4737
8285 475
8498 2572
7725 4282
1997 2556
5659 1330
8378 6651
8336 4315
4439 1406
9754 6336
1973 8076
4584 1644
4604 9828
3261 5737
3533 5535
774 6668
5607 9700
3473 3729
2079 1841
3589 5506
8118 7595
13 6931
278 1620
8752 7144
5117 6999
633 6440
188 2170
2850 7693
3076 2682
3812 6049
5979 7132
299 2452
8189 6966
3881 9392
9415 1659
9592 5128
4398 700
6508 2886
3357 8021
8378 4220
8632 5049
980 9736
2276 5168
7162 7044
7476 5658
8568 1565
6110 9700
8847 8810
6173 8472
1906 1829
4911 6169
1072 8052
1140 2043
5931 4322
3802 7714
3768 8189
5910 6969
8682 428
271 8370
8085 612
9230 9948
125 3529
5865 9282
3816 7967
6703 1058
2889 6577
6321 5361
7432 1155
5938 8800
5970 2062
6248 7717
6859 4769
7801 9928
9495 8456
2923 1340
7259 5626
6618 9963
2549 5612
6182 1819
649 4924
7338 8971
2400 1456
8091 940
5683 3540
4751 8119
3433 8417
2472 6146
3865 4283
4110 8053
2500 6081
1591 2026
5407 2924
5080 4415
128 7733
8221 9570
7054 8784
9145 430
2985 8034
1600 1322
7233 7584
3252 5499
5818 4903
1000 8292
8804 6286
5816 8775
3265 8485
7423 2739
7883 8953
153 3888
3489 3345
8833 6548
9857 1683
8586 8168
328 3317
5899 4366
2034 4658
3804 9734
7545 6229
6562 3749
2135 5018
8607 7075
9745 222
9268 9557
2490 9979
5696 5293
6096 5848
5095 565
6117 593
9475 3343
4925 1464
6565 7700
3389 6476
1880 4940
2207 6796
5578 8798
4197 312
816 7609
4949 8105
9947 9620
5879 4234
3468 6876
7774 444
5855 2460
4864 9824
309 9038
5653 7843
574 1299
2559 6354
7922 6514
356 868
4234 9511
2677 2952
1069 5434
4787 6161
1591 7349
7701 1582
2186 2128
7984 1858
9427 5241
6027 4510
5753 6900
494 7080
9217 4079
3206 5970
8982 3779
3954 9378
7807 6991
695 2901
1523 1193
6639 8566
1179 9093
5439 2692
666 2064
299 6271
1233 6674
7948 1995
6699 7680
8738 6868
1667 31
7083 1039
3638 573
8215 7393
8964 6584
7073 5176
4099 1811
5105 2534
4837 5365
255 1658
2084 2636
2250 9374
8964 8178
9795 4320
3050 9680
6880 8187
6140 3647
2579 6320
5128 4474
1650 9311
723 1213
8959 5924
3136 5851
8166 5784
8419 7745
6165 7479
1879 9401
147 1248
4526 7297
1167 3036
9402 5017
1132 6942
8062 2693
3831 5831
8199 9934
4365 6477
8306 3150
6292 5354
2196 2916
9844 4691
5628 7545
6514 999
1204 6683
174 6782
5939 4795
3166 4377
6371 3205
8733 5832
9934 4255
1936 985
9687 3869
5375 5409
3765 3276
3849 2537
6195 6148
8877 7596
4736 1827
2050 1919
2723 9783
3706 1681
9372 6641
8378 5968
6161 5965
818 6095
1211 7531
2343 7703
5633 4959
2728 8870
2147 2020
7280 8079
6025 3369
6375 7081
3373 8428
1801 9173
1074 2065
7295 5144
5354 4378
9417 7053
2506 2827
6190 8630
6597 3055
3208 3358
2945 1013
8923 1825
6131 7807
7592 7244
6327 476
8499 2468
2766 9025
8973 4544
6843 1683
8045 4015
4678 7129
8903 8849
978 8950
2612 7729
3996 1172
7984 8952
9959 1188
1814 4344
6654 2965
4696 6200
1117 4050
5372 5900
7694 3587
2430 9061
8721 7865
8300 8936
6879 6340
9334 3367
9754 7579
4652 2531
4826 271
5684 9059
5386 6734
9638 4864
2032 978
9695 8352
2959 5504
5112 9396
5883 2112
5495 6279
2119 1527
1991 6458
1073 4205
4614 4771
4593 4088
3804 172
108 9007
1432 1056
4265 270
7210 6795
1156 3010
6987 8855
5911 5835
7546 1259
9905 8312
1603 9012
4972 7392
1288 9110
87 9132
2291 6936
5890 4927
3553 9356
757 2898
4829 4464
3484 2775
4027 440
2156 3420
2256 86
7520 8726
3359 2539
9086 2344
495 1991
856 3597
4891 3132
3793 4411
468 8471
3466 7413
6268 6703
51 1245
144 2270
4900 1919
1382 1076
883 1414
6880 6682
9180 6922
3656 7825
3346 3386
3441 130
6421 9763
6029 4396
5858 5774
2220 3869
7384 5650
9530 9530
7331 7339
8784 312
2220 9826
9819 2305
4410 8275
3850 3256
7026 3503
8492 3841
7515 368
2235 4529
8596 9483
7602 78
9856 7940
9407 1661
8947 7379
5253 3231
4169 3126
6318 9431
2953 1752
496 8348
9292 6469
9209 3374
9844 5648
222 6996
1522 5669
524 4586
3000 624
5991 9740
7121 1090
7772 8553
9871 4850
6691 1671
2823 3263
4742 2269
5694 6531
5114 291
4738 8803
1293 1876
6894 7921
3748 7281
4765 9433
4531 3684
8785 4716
8496 2997
455 7154
7265 2790
8571 4230
9980 4100
1298 1744
4020 8805
5972 2945
8342 1125
476 5043
9247 1703
9150 9514
4554 7140
8234 7828
1635 4913
5888 8506
385 2951
3151 4978
7153 6007
8674 6724
9226 151
6759 6957
3931 871
3839 2171
7962 5267
9168 968
6962 7380
2052 2395
5239 1649
6084 7369
2463 8989
231 1321
461 1208
2854 746
4621 8790
6181 4283
6151 6706
6707 9264
8250 5722
5471 8510
2301 149
3193 8212
2053 7877
5469 3624
8373 4547
9994 2049
5275 4803
9729 3014
2808 704
361 151
8295 8400
7894 724
1695 3300
1635 9906
6342 9236
9276 2525
3669 9126
816 2759
9084 293
2187 9439
848 2292
5073 3375
8696 5913
8667 153
9588 3063
7676 9032
9408 9612
5221 3870
1560 9531
2358 7227
4083 9930
9955 9996
9476 2221
2564 4014
3239 8849
2754 386
525 2101
4897 7754
4675 8509
1741 3337
5947 3624
9827 7458
1308 7894
2596 3526
5096 5376
4199 3551
3954 2094
5021 4349
4511 41
2290 2278
6394 8056
2704 3715
2064 7947
678 4810
1069 492
4318 8335
1634 5056
8446 8960
9268 6480
863 7883
1321 8318
9738 7642
1672 2377
1996 4094
6280 1143
5875 9620
38 4902
4785 8583
7530 4175
8297 1805
9046 4270
3570 8973
7383 3241
1327 1755
7680 6210
4688 6369
5633 3096
577 188
8775 9308
931 2722
5004 2494
1032 8518
6066 3259
5822 9504
6876 3853
3977 5845
9360 9495
7253 1112
2058 3816
9215 5757
8146 8450
7680 5276
1687 7677
3883 4563
9599 43
9865 9181
9394 50
734 5222
3445 1487
7160 3169
2670 7871
7368 9113
94 7768
4794 2905
1833 506
6181 6286
2684 4804
8999 3204
5450 8846
6877 4986
2513 9857
6929 1546
1785 6017
4007 3628
2046 8879
4101 2927
5920 151
2483 1239
1831 3952
1654 3363
863 5754
4629 6876
5388 6181
2145 6754
5081 8357
7174 5406
1358 8437
3606 6267
5052 354
6118 8382
8593 5302
3588 1670
5265 4179
5544 1220
1222 3824
1196 3359
127 6804
7646 3263
5431 3290
5956 7485
2293 46
4857 8700
3967 517
8686 8142
784 6813
817 1735
2649 273
5096 2843
2368 6265
7828 9293
3598 4391
3110 1801
850 5204
8768 6148
3663 7277
6959 5821
8906 8305
4850 2796
9079 2458
9719 631
4995 4746
3861 9313
1172 2310
22 2823
9540 471
9149 9128
7290 7036
5497 4473
316 4031
9653 7296
4841 1095
9907 946
8450 9141
6976 3030
7745 2216
247 303
4295 9959
7247 5374
8719 2709
6920 1483
1003 5903
1166 1242
8116 2873
4007 2999
1384 6366
2020 8701
1730 6939
9990 9467
7623 5828
5494 2469
9762 6256
9237 9472
9147 3747
3567 2971
4594 2638
6259 4872
9191 4797
5057 4944
3051 2031
8228 6708
6845 8254
2709 4747
6725 9209
7377 9816
1792 1176
756 7546
2272 2613
5438 7907
4501 4358
3267 1495
7124 8538
8732 6085
178 7884
1555 7844
7722 4301
1539 1484
8825 9144
9911 1875
3467 4760
3484 9974
8072 4242
6426 3966
6285 8488
3300 4239
2618 6666
4467 3544
1593 2993
9155 8130
8441 146
6037 9656
8821 1914
848 1286
8163 4676
6764 8641
6612 5899
817 4454
2259 6036
7159 9845
4539 5453
2093 5504
5855 6785
9800 6592
5628 9390
8098 8204
564 3047
6750 3028
5469 3
2969 49
3392 3634
7214 558
301 943
1180 8846
3753 3714
4150 6538
3064 7896
8464 6607
829 6548
4725 2298
778 1857
131 2444
2125 6897
2592 4406
9836 3155
8796 2730
9358 1036
9653 1019
9758 391
5946 1864
1190 2133
8693 2032
9314 1107
371 6609
9998 519
7698 4453
2033 6125
6853 7535
4037 4679
709 6285
8724 2588
216 3955
3240 8990
6293 6917
1658 2727
2001 4218
7764 3476
4275 2448
1272 1159
3413 2353
581 8053
4686 637
2960 8394
3486 3967
3510 7529
1731 2859
9136 7532
2164 8872
9376 3481
9394 5378
2438 3760
8877 8953
9088 4430
865 1807
8496 7295
7538 671
359 2941
7563 4212
9208 9485
1093 4552
2105 4829
1587 6874
6280 9925
9424 8638
3273 8961
3492 2619
6288 2208
5183 6441
5655 1595
7233 1929
4328 7042
4487 3225
8449 7564
6827 6079
258 4001
7343 8964
7540 9850
6196 3439
2692 7637
6799 6417
9839 6958
8553 1073
559 6454
2405 5146
7901 6286
8174 8857
4513 7195
4786 5718
761 6347
2166 7304
9395 9081
6513 1925
4201 7973
3299 3108
4881 8420
9550 8483
1430 3637
6695 6661
9005 6190
6127 4329
6951 3195
7352 4244
5519 9390
6922 5435
5514 3730
8966 8959
4074 9631
4287 6465
8938 7592
4959 5712
9418 5838
7811 6475
9019 9361
3127 7900
1376 2794
8677 244
8610 6846
9302 2745
924 7432
5926 4636
3956 5007
2888 4551
1823 4297
8730 1000
7266 8887
471 3790
9358 7941
9059 6303
2400 3320
2237 5183
5275 5059
6574 6185
9537 1121
4619 6538
1175 9383
9128 1603
4541 4309
9438 2378
6572 6605
4573 3984
1411 2813
9885 4961
3901 4841
2051 5856
4172 400
6890 935
5966 2319
9384 4033
7711 6935
3659 7362
5416 6920
3999 1540
9765 7636
2460 1203
4522 2192
8204 7389
7351 6516
4853 3655
5669 3948
3802 4161
3050 7188
3351 5057
8316 5736
9820 2890
8260 9898
8179 8160
3785 4650
5131 9570
7074 5767
7883 8566
8599 2327
2042 5758
5131 5917
270 5175
2640 7101
526 995
8754 3388
4778 6417
7429 3584
6021 7517
2461 7667
3505 218
291 8546
7881 7921
3641 3144
6165 6098
8438 493
8499 8988
8700 9465
6423 2777
84 3724
6809 2007
5458 8430
9449 2157
4466 812
8413 7787
2548 2993
9021 5384
8551 3614
8874 1584
2951 2215
9405 1903
7043 957
2635 4259
1539 1607
2992 3291
661 4522
5875 4523
9993 2395
9820 7833
9038 1360
1927 7471
2062 4877
8472 3150
7329 3087
153 7274
4229 2917
1160 2110
1996 2496
2472 6223
7315 3416
8090 7495
8677 5462
676 1300
602 2596
772 2494
2008 9898
271 9603
6480 2196
6195 533
3009 9838
902 354
8784 3217
921 5935
7557 5285
7985 4910
521 5171
5920 775
2833 696
4893 1485
7525 5296
9940 5183
7552 4085
1916 7281
5375 9941
9590 6448
6841 4494
7238 9329
4171 4213
5343 4830
8778 2794
1234 6463
5273 9238
4857 8667
3509 5549
3212 2399
6342 9626
3612 6635
9362 8948
7939 8678
9439 4920
2929 7924
2407 2391
492 9329
7592 7353
1477 5412
9812 6121
2264 1425
5884 4887
3380 9781
1654 1049
2251 1316
1895 3341
3524 5906
7486 1516
9686 3093
4332 3839
4659 9347
1195 8273
5200 3881
8615 7346
2252 8325
5061 7957
923 6811
4181 7765
5368 4643
5932 4143
9374 3645
7037 1931
1491 979
8232 1778
4737 8932
7445 5638
6724 3719
747 5719
8360 2277
3967 7803
9553 9032
3084 9459
45 20
5466 1186
1650 6361
4500 2558
7532 3502
4605 1085
3183 2170
3706 1877
430 3388
5106 7698
4609 5708
32 4537
3818 1236
3608 8803
845 4900
7708 9158
9334 2041
169 1075
5683 1119
9206 2081
7383 1584
3156 9431
2547 7650
481 8863
4855 2439
1802 623
6004 3802
9788 9399
9600 9680
2309 7287
6870 7937
2423 9983
9801 8417
111 9958
1360 5297
1007 8206
4180 2711
9302 9562
5393 2438
9012 2657
8713 4381
9869 7498
285 5892
1254 1308
1847 905
2115 7499
6259 2982
8465 343
1043 9661
3164 1663
2031 6932
7144 6838
4887 7758
525 7708
6942 4638
784 4246
6546 1114
5643 1004
578 9119
4616 5769
9406 2047
4303 2065
3333 2899
5094 980
4825 7403
7452 1106
9783 4378
366 1500
402 2492
2393 9525
9938 4332
6104 7490
8727 1440
1087 1057
9208 3738
6165 2663
9887 4917
2365 8164
7573 392
3659 1807
4754 2698
8436 3560
8220 2736
6360 3607
967 5741
1800 6562
5153 166
6722 2601
9970 6822
6069 2044
1891 904
9971 8609
1232 48
4697 9360
9379 5929
9293 3021
473 3163
8059 8433
2831 3650
61 1843
7330 5640
851 6261
1773 8879
5084 3312
869 7727
4695 2859
3844 5291
4291 9324
888 5948
9616 6039
9260 4083
9763 4168
2640 1401
7413 6069
1260 1456
9790 7125
641 3007
123 9771
8529 1887
5030 6837
1132 8406
3616 2263
9780 3445
9473 1938
4771 5664
6003 8282
5384 3378
5792 2867
1765 5939
2891 685
4039 4242
5824 924
363 8115
9011 2098
2990 8914
1626 2485
2623 7153
2861 8174
5827 8667
3716 1161
720 6572
3358 4260
6424 1567
3498 7719
3043 8973
5387 4245
6255 7774
9158 2532
6938 7963
1931 6255
5869 7149
499 5589
7100 7953
4085 1355
4442 8397
3745 7076
8720 9530
4539 597
2248 419
4251 5516
2301 8632
3725 6925
4692 1743
1151 4119
9721 4887
4043 4643
2480 2423
9861 2380
4658 6161
4228 9959
1095 303
2332 1624
3073 9343
2292 4501
1750 7312
1025 7929
3079 2993
4877 2420
8302 133
3323 6802
13 1576
3532 1635
9788 8924
1174 2787
6758 3154
5357 5942
9126 5113
2114 2253
493 8592
2015 8107
1900 7321
7001 160
5439 2430
4654 5528
8196 1346
9418 5345
8431 6007
6380 4066
1837 1292
2011 4172
4654 6919
9962 3471
7210 4021
7734 7946
3141 7239
7442 769
7873 3404
6560 6523
4615 7283
6946 7256
705 2441
236 4779
7012 1537
6549 4653
9350 2034
1588 4016
2903 7112
8797 9641
6224 9182
1404 9930
648 6611
1377 2992
1785 3189
914 4573
5110 4703
8901 3291
9299 4922
6693 5688
5503 7696
2924 8708
9481 4180
1281 1082
4149 422
1623 3654
2577 1256
7729 6554
4019 944
7751 2506
543 9432
5269 6260
3060 733
4697 9812
7961 9977
8821 7117
6991 7145
7637 8123
6537 6377
3115 4854
7959 4065
5253 2180
6330 2977
2626 2078
8306 3002
2748 1299
9177 5202
1036 4376
5204 5997
7206 2754
5549 4182
6760 116
5895 4526
1733 8827
1596 8282
3693 4918
1113 8731
2245 5286
9175 5677
4648 9180
4031 1287
2646 1205
2658 7200
1047 6540
1245 1776
2535 9116
820 1384
9218 2624
1764 7669
1983 3102
1554 8455
2385 3106
2446 6702
4630 1346
4073 7855
3517 2315
9212 3542
2452 2269
3403 8492
4068 3926
5157 4145
6633 4988
2016 231
1305 7258
8243 8666
649 9160
7095 5122
2667 9574
7661 9808
9806 4087
6686 8013
411 4645
65 6590
8685 942
7131 5083
5987 519
6343 9573
334 6407
7019 3543
9395 7155
5050 1337
6712 7
7274 854
8713 1784
1789 9066
8196 252
1683 9594
2171 8796
139 1245
6868 3822
6292 4583
9311 6672
9836 3174
7988 3663
2884 2282
8409 2895
5353 8305
3640 4006
5726 9188
6717 8143
2186 9693
6525 104
8144 7777
5708 1273
1110 6152
2880 130
8804 2315
6270 37
5975 4480
6332 4069
659 9281
2161 4743
8558 8716
7705 2759
3029 9642
8199 9131
2706 6336
5884 5514
3607 9733
1352 6608
7687 3183
9921 8606
3298 4738
55 783
5594 3217
7204 8626
7654 7323
4834 7778
9323 2038
2333 1911
3701 7044
1463 7174
3575 670
4746 3745
6506 3888
6763 3130
8202 8203
7424 1549
1697 8617
2218 1013
8431 2726
393 9524
3113 2769
6840 1535
2856 5651
2010 8850
134 5384
4759 9391
3170 2179
9446 915
4838 5923
4190 5844
1868 3324
681 1197
5841 8554
3963 5028
7009 8684
872 725
2282 5486
3274 6990
3688 4785
4418 967
9583 32
518 5865
8340 3008
1576 4716
3221 3054
5941 9439
4552 8122
3416 4435
7093 7363
9366 9328
1631 4416
4469 2075
1330 5673
292 3790
6413 4393
9672 5415
1631 5427
6269 4024
9503 1516
7818 8023
3038 4247
8219 155
1264 1501
4907 3971
9120 5023
7935 6523
6179 6110
9391 9254
2534 4338
8809 3656
6544 8001
8081 4018
4578 5300
6292 6510
1331 1976
5662 5583
2763 5124
288 7107
673 8804
7954 5506
8953 8221
3956 5672
1290 6315
1405 1156
9432 1889
2500 1451
8168 632
1230 2599
3273 3898
6201 2158
1213 9838
8922 4256
2294 152
2387 3647
4001 3329
6330 7814
8971 2018
3156 317
4998 7982
9414 2497
6226 2766
91 9091
6382 8281
2208 6670
2638 8325
9053 8805
9242 9754
7247 7921
4686 3336
4045 3756
9892 76
6000 2291
9821 208
6917 691
1892 1768
2287 1885
268 8843
6977 1773
1431 1032
5685 4614
7274 7914
283 2160
4078 1784
8995 3151
2399 5818
104 7737
7708 5261
420 4874
7372 5251
2042 1003
2373 3091
4894 324
9711 3248
3898 5257
9271 3501
5944 3835
145 4343
3293 3449
812 4329
3336 9290
4847 1445
1530 9600
4252 2087
2177 3793
6610 4274
6565 3958
196 4809
6136 2096
5746 1555
3921 3455
8238 6730
2412 8842
1488 6948
6502 7246
4161 3701
4262 4574
1371 4522
8812 7818
1073 7800
1827 7865
5211 6865
6946 9158
8122 6294
1854 6185
4334 6681
4363 4571
8592 3174
2227 3990
1949 9330
4683 5044
2576 4737
7239 5119
9246 527
1924 8995
4562 2809
4650 2265
5491 7996
9367 3953
763 1796
4289 8756
1469 92
8129 7545
7100 775
2011 2454
9856 9718
405 3774
8689 1079
825 6036
9850 8325
8924 3653
4468 6221
2747 6533
713 6846
1757 8167
3437 1515
6496 3255
3872 2877
9065 4697
5887 7749
9534 3262
7634 7505
381 9216
8193 4389
5864 1181
6994 237
3245 2106
4339 6312
8082 6325
5826 8520
1581 5894
6069 5037
3420 9149
2930 5798
3627 8535
7668 3163
9595 4454
9957 7399
4170 3354
7835 4042
5647 2572
9741 6725
4775 3111
9852 7016
3028 7494
2620 9289
3699 4016
1253 9758
7186 1971
4259 2399
5608 7383
1453 8099
7910 5036
1546 5502
5026 4767
1446 1460
9577 8158
8787 8598
5537 1756
3857 6940
1322 4702
8631 1950
5788 3543
3029 5878
7190 9409
9297 1009
9990 9979
5916 834
5438 4515
96 5303
9256 8589
424 9421
7978 780
4814 9933
4249 7518
1072 8100
7129 1859
4138 7196
3238 9175
2535 446
7548 6894
6992 4634
9860 2668
6297 4236
6861 8393
3443 8106
9402 2350
4415 5007
6720 9653
6682 2472
7242 6749
5011 2053
5105 1249
2879 5783
303 1941
9041 9912
5193 415
8246 4059
9916 5320
5400 6789
5712 7036
9213 9241
865 4330
2788 8831
9996 6008
7206 7484
5144 4732
2585 2735
6626 1276
5194 8626
7062 532
6355 1651
6308 6132
6194 2527
5366 877
1732 1440
9656 2931
1164 6409
4301 6663
8177 7855
9981 3876
6512 9422
711 6034
9289 5778
5832 5045
9854 6254
4828 9100
2789 8445
1471 795
2836 5399
5447 7655
2216 7055
7600 4008
7598 7570
4493 2463
9896 4683
4793 1725
3652 8165
1847 2323
1269 4898
1840 2945
9629 3763
5976 9472
1335 4235
7732 319
3265 5834
1573 2217
5071 8491
4233 2166
5100 9159
3108 9272
8270 7763
9123 9053
6124 9863
9635 8206
3906 2990
845 1578
7709 5578
1689 7422
622 1033
6816 6214
8795 9359
839 2168
6182 2186
1356 8986
2072 4664
6889 2546
3937 2453
6794 770
7230 3308
2002 2785
6269 388
165 2674
6551 4486
7103 3440
2056 9532
9650 7048
8214 6447
5052 332
9934 5315
3068 4310
8480 1938
6568 6088
982 9503
3308 9739
4116 5590
1202 4859
7260 6110
2470 3954
8412 392
4178 1128
2999 7589
1817 1681
7281 6289
4966 470
2312 8053
3307 7094
1474 8513
580 5320
108 47
2325 5534
5145 5430
8979 2003
7054 2617
9719 3057
1507 3412
2226 8032
503 7719
3401 3849
8143 1008
9368 2231
4780 4925
8041 2366
6448 201
3147 8018
3493 5827
9503 9995
2460 1587
7315 8234
5190 2984
3364 2618
4413 5574
1957 6115
8223 2283
8583 6874
9918 8444
795 3635
6046 8849
8235 7776
4073 7195
2564 5616
2482 4174
9966 2091
2143 6652
2313 9620
3961 6608
9417 6607
7415 2608
6690 1740
7070 9937
5911 5038
893 7234
5270 1376
4904 8914
6070 2180
1182 4709
4059 3452
3284 6595
7486 9606
7242 4089
4241 1216
514 4461
4578 4829
6640 7335
6187 420
8260 1036
6727 5341
1612 6728
7042 9095
6551 9772
7485 7193
3355 8899
1521 272
9484 3510
3526 3338
1103 9082
4513 6073
8767 7832
5475 3203
9581 2970
9105 6908
6723 4044
3541 777
7936 2437
4825 6752
3979 9110
3110 1502
2811 121
1814 9509
324 9867
6005 6571
8207 9286
5042 1520
5148 3045
4689 1266
9678 6307
3474 681
9256 6994
2893 300
373 5061
7364 5383
829 8106
6508 6415
1667 7290
2549 9663
7400 579
8878 4784
2739 3121
6182 8248
1921 5412
186 6649
2986 7423
9775 8045
3833 6390
5481 4663
414 5702
1247 4187
3500 7728
7666 6493
6191 635
7939 8247
4897 6970
4550 1287
6126 8950
7837 4481
1857 6944
5746 4664
1371 1112
944 652
7367 8938
2280 7808
5598 8399
5765 7129
9648 2152
2469 2985
6964 6178
545 9781
6808 8362
503 4753
4553 6456
8207 6862
8516 637
1965 333
9354 6432
6999 7157
4613 7025
1001 8184
1231 6869
4708 1719
6986 7470
3139 5271
2242 2770
8387 5554
6370 9449
7077 5195
157 5763
2814 1977
9025 9255
4160 6814
9463 6051
3319 3961
2719 5435
329 4804
5784 488
9801 6375
3224 873
6731 3235
8189 1882
7832 5046
6439 5654
4975 8048
1851 8179
9073 9986
3586 2631
8947 2950
7510 3341
8542 8109
9370 8185
978 8614
3872 8781
2565 9688
18 9926
535 6079
9366 82
6265 5478
7745 2207
2413 9509
6547 9892
1641 5099
1219 2898
1545 6102
8291 3358
8182 4271
3778 7510
7487 5459
396 7839
387 6558
440 5947
5532 3865
670 3851
7223 1132
7833 8816
9489 4358
3962 7198
3525 282
6191 1875
2566 8054
1771 1693
8549 47
4877 4334
2273 5860
6585 4945
7567 8744
1547 1220
9228 9130
1508 4296
631 2646
1610 7182
1283 7019
9695 2529
8586 195
1775 1709
6507 6936
5778 1930
8136 2107
9851 5106
6044 8849
8101 9749
8612 845
7433 6906
8934 4333
3886 149
3326 6984
235 6098
6827 7579
3592 2513
4155 691
4825 3790
3450 3495
4233 911
3586 1072
6425 4792
7957 778
737 625
6933 7035
5976 2455
9946 540
4586 948
8527 1610
8271 3441
3817 4317
9943 2049
7634 3204
6076 2920
7092 3526
1845 3954
8683 6003
2214 4647
8911 7849
2758 692
2587 6387
4253 4252
1773 6697
6886 5557
505 1519
5496 6521
2213 6643
5477 1490
8229 1669
2558 261
1719 5557
1291 2236
5424 7636
170 7520
197 9360
5315 8033
1588 8931
4988 3178
2066 433
1550 8029
673 8100
4231 3980
2157 4457
5420 310
9017 7379
3349 3239
700 4941
9608 9927
7744 2747
9464 2512
3493 8270
2512 7588
1259 55
4779 1382
118 7134
1322 2519
6438 4199
709 173
2636 2640
4936 64
3204 2517
1400 7495
2159 4231
7683 5120
9969 3738
2035 3435
6399 3915
6960 3137
6818 1676
8767 2686
7238 2820
2351 593
5812 1826
7184 1185
953 3047
1315 385
31 8989
4475 8878
3217 1170
2122 8277
452 3266
7295 9168
1817 4866
3385 6526
5066 7925
3056 8876
4997 9901
3358 5492
2218 7583
7989 551
5462 3962
2241 8318
703 2007
9815 4452
2742 3518
265 5928
3380 6563
5491 6303
6858 5448
8320 7155
5653 9566
5404 3710
1189 4933
897 9903
8425 5239
4156 9166
9602 7753
9721 7553
7914 6423
6514 9220
6906 6168
5429 5862
1625 5534
9541 3644
5908 6427
8396 7810
3164 4360
5095 6777
1087 439
8053 4342
3695 6586
5177 4037
8088 7622
1624 7354
8612 3754
4462 1688
6451 1016
2829 6954
5946 98
1243 8024
6114 8166
6624 9057
2705 8671
6123 1602
1885 3763
4896 9160
5617 8714
8153 2768
3978 6419
4012 5491
9502 1808
1351 6108
5878 2219
272 2159
7815 4829
7830 8359
4243 6923
6167 9487
1665 6457
9425 9117
4710 8433
3767 3792
8760 3346
4625 6012
3650 3480
2243 4924
9740 8364
4232 7476
8557 7681
6526 9024
6556 2376
610 2441
94 669
5965 1018
9398 9104
150 3768
8782 5253
457 780
2156 223
3754 7059
3422 2429
1688 4965
1797 6855
4145 1106
6096 8668
1449 9034
9126 7060
9125 2218
9293 8027
2540 3647
6546 4080
8891 9360
1617 856
4378 6759
8976 4669
4147 7546
7296 410
5057 8673
5941 760
7634 9455
7472 5375
7698 5124
9054 357
3519 981
54 6478
4655 9519
3238 1219
8816 3558
1444 320
3691 3925
994 5051
8312 9862
9601 9090
1624 8894
7608 5360
274 5987
2823 9204
9613 664
6226 7822
1388 4068
1145 3901
2419 3334
6921 9315
8047 6714
5274 4716
6648 2317
5826 5185
6703 3987
8418 2811
577 3618
3398 7764
2941 8522
2454 2696
3565 7789
3045 6152
6615 9513
6801 4011
1795 9135
8478 3687
140 426
8419 9627
1637 3488
707 1456
4882 2438
5041 5920
309 32
2004 510
9763 453
7885 5291
3934 1486
7607 37
1532 1103
6253 3356
6301 916
8834 49
7211 9694
1546 9970
3399 961
9759 512
4536 3483
2779 3787
5501 2293
9240 7378
3441 4723
747 9704
5357 4284
5160 4863
5029 5526
9100 5094
5814 4084
9958 4878
8007 5603
3401 4111
2495 265
8426 1711
2638 8442
8305 3552
9647 902
1402 5638
7312 7286
2409 2919
2755 3943
614 1811
6616 4003
9148 5735
5785 3317
6605 8786
3127 6366
3424 2710
9688 6873
3272 3194
3892 5015
6011 9818
8893 928
5223 4615
5269 1855
5373 4629
8745 1875
4307 2881
3081 9858
2065 9857
8839 4760
1656 4724
7850 5873
8885 1884
1415 7140
9214 3173
4048 7823
4332 5134
1614 812
6969 6042
3504 4476
8372 9555
4204 7911
9894 8876
3327 7897
3682 2346
3830 8912
901 192
5495 6460
3957 923
3204 8506
6861 9879
7293 7389
1426 7472
6184 2707
2490 6039
6630 6377
1780 3920
5174 6244
9479 9411
3759 4485
2949 4348
7189 6128
6894 1367
1915 7970
5884 456
419 9161
6532 9148
1664 7074
7640 4130
6824 9283
9045 4296
279 7668
3829 4052
5519 5829
6704 3175
6016 5713
5743 4661
4545 7999
3730 9139
708 7040
673 5795
1217 5328
873 7088
4042 9809
1759 4246
1116 1816
1854 7660
2149 4588
3322 1896
7888 2289
7756 7453
2857 3224
4118 9724
3612 7488
2919 663
1785 3439
2646 5379
1102 6023
9846 7338
226 5548
8954 6139
6064 3181
4125 7496
7109 8602
8753 3784
2776 8232
1758 8416
9514 9840
2028 7039
2458 8036
2995 9085
362 9478
5432 6944
2892 2257
5822 3638
6478 571
9773 2868
4298 9019
6630 4970
1071 5863
293 5678
9017 3555
9549 6091
5768 9219
1274 2260
5854 9185
618 1941
4811 8861
7873 8864
2087 9010
3072 5338
6314 7923
4717 5665
8931 9419
6288 1431
8250 7298
8891 5206
401 6488
6235 4524
4665 4805
8470 7536
5190 61
9374 8677
4249 9444
2285 8115
3473 3314
4583 72
8419 9191
531 4748
7743 1510
6467 391
6925 8395
7168 6864
8117 2025
4259 2031
188 9895
8325 6866
59 7385
1719 7336
7905 2236
6157 7637
4700 4312
2907 659
8533 2603
4817 1732
2553 5076
9410 1515
8622 9835
4508 9543
2280 7338
8898 168
9588 8997
6608 624
7117 6759
6641 2631
6695 5526
8907 9830
7342 591
7353 1598
1676 917
1615 7546
9960 8669
192 3894
7414 3954
6532 3640
1259 6194
2262 951
8466 9102
2467 2328
4530 6927
324 2730
8345 6479
3880 7702
3296 3797
6295 7205
8711 4618
7622 2016
5656 9549
6489 6093
4088 8072
1649 5685
1142 6252
9428 3551
8602 233
8376 3902
5390 6414
6771 2474
2012 2396
8933 7245
8865 2189
7358 1959
4089 5602
8987 779
7696 5702
3060 9123
7459 621
6955 7900
3431 1327
8843 1750
459 512
106 7573
3508 8674
9680 1484
7178 2727
3725 9872
5027 695
7740 4656
5573 4079
7364 1574
6800 1027
9500 9448
8876 2618
7116 9888
2006 5751
7919 5604
3208 4528
4401 1167
6965 5385
2068 444
6915 2371
1782 3633
5666 2278
8354 2014
547 9737
821 5184
9515 3751
387 3190
6594 6254
2386 9644
586 9850
887 8703
2448 663
7946 1446
6892 4955
1467 9701
8726 4378
9580 6691
9088 1658
2538 3062
8148 632
2805 4223
128 5800
9952 233
1256 8719
7909 9150
7870 8293
6550 5013
1537 7507
7295 5870
8664 4534
9660 2467
7575 3184
9076 3364
9704 2929
4772 5118
4103 4396
4970 1849
6511 7128
4195 7214
4630 2748
4245 7964
7497 4619
2338 9113
580 929
8523 8655
2595 82
6903 1212
9310 3709
3896 7157
9551 1940
6621 286
4273 3330
6777 8129
8047 1052
6451 8601
464 3999
5086 4611
6769 7251
2393 194
1110 3780
2857 2115
6897 1763
1924 1948
7622 4844
7679 8
6889 2284
4814 1172
3121 525
9194 7930
2136 7393
2185 5375
9200 3288
8068 3633
7324 757
636 6458
2554 2683
2423 6147
3221 9499
9840 3703
7969 3650
1903 705
8782 4908
1912 1565
8782 6891
1285 2036
3515 3579
4085 8987
578 4834
9877 3272
4317 500
8931 4323
9077 7142
7077 9179
6787 2469
5318 7416
4055 621
1250 7487
9191 6214
2684 9704
4410 1478
9187 544
194 161
7521 2895
8613 3666
2972 6305
3898 141
1093 2111
6725 3814
4832 7622
4154 8392
3267 3230
5995 9087
9713 307
511 7639
5905 47
6143 8851
6070 6340
5664 3450
1150 6314
8523 3714
997 6470
8740 3769
4166 5461
6341 4885
622 7613
121 3173
9750 3062
2373 2617
5792 6903
2315 6672
98 5271
3248 5334
8388 5368
7768 1340
3620 6030
641 5837
9039 9169
3089 3852
1723 746
2507 1745
8181 1786
5797 5216
2373 6260
304 1602
741 389
8745 1324
32 5811
5630 180
3398 4552
4761 1713
7847 6632
6760 7744
9848 2266
8077 4107
2061 3216
8759 8305
3516 9746
5386 1187
7417 9480
6819 5918
4481 7562
3242 2490
4841 8028
9596 3922
9427 7501
1638 3580
480 7025
8141 2537
8570 5060
5720 9462
9182 4545
8616 5060
8460 4328
1962 8170
5257 4910
9783 4233
5521 1790
4671 2457
1034 8213
6169 3817
8434 1510
9963 1307
5773 7187
2339 6799
7135 8302
144 528
5166 2472
4247 3093
1551 5769
1426 6047
5348 3902
5405 9928
753 7080
5378 5042
1984 3276
7301 2594
4905 6547
1690 9933
8269 6849
5493 6553
6610 7525
7413 5425
2727 5979
9757 9498
4972 6640
7435 2160
9634 4928
5406 9870
4401 1796
6992 8260
4173 9760
8057 1261
6392 7690
648 10000
6633 8756
2922 3923
9872 4609
6041 8213
3130 6018
9455 7993
3248 8001
1877 7703
6250 8006
1502 8859
219 1736
6232 7394
556 5038
5833 8282
13 2780
6047 6820
7053 9528
4746 9355
9806 8231
2196 4303
5455 1799
6935 8132
5529 7417
6640 450
3930 6390
8671 6957
5107 2085
8019 2036
4370 1681
5425 8970
767 8844
1831 5308
6180 5314
953 7097
5634 1648
3500 2713
706 2895
7206 4946
9358 2847
4833 4706
4702 4574
9984 8552
8015 2414
1311 6540
9846 8223
3849 9199
3507 8736
6776 7256
1072 5571
4117 985
3595 6025
8799 6581
6049 3352
1880 7969
963 912
5870 7319
7751 4817
8110 884
8721 1296
6991 2348
3345 9316
7010 1857
9621 444
2131 975
7690 5804
3493 3959
393 5270
1419 8390
8887 3433
5211 9044
7430 4351
4504 291
5714 2800
9069 9624
9370 3464
1064 3589
4621 4188
4344 9048
9557 4749
2080 3693
7584 575
5333 7518
133 5086
8255 1882
667 6968
5668 2964
1415 6867
9730 7296
7172 4506
2462 1288
1384 2273
7202 3771
4807 8518
7596 8952
2177 1619
5177 9183
2329 7005
9688 5056
6416 4262
7157 5979
1826 2062
3389 9737
8161 6614
2227 5694
3678 1041
3776 2979
2176 8782
7033 9866
3602 6894
9647 7654
7962 184
4491 8984
2487 3098
8262 5502
3789 836
9678 7024
4034 5417
9168 6285
8503 4276
929 3199
9491 7920
8514 7069
1209 2558
8000 2373
3785 1902
3963 1700
6241 18
5035 2629
2941 9632
3669 2626
5031 3443
1787 4827
2695 4546
7947 7983
8490 1063
3003 8407
8511 4385
7324 5888
4256 3597
8064 3634
6122 7772
1337 6739
8577 8743
683 2068
5756 9626
5784 8004
7795 8297
7040 8425
458 8135
278 9086
8923 4301
2455 5164
7414 12
9534 6368
466 7573
2926 1854
9408 9818
1410 9100
512 5550
7482 4633
9305 2606
1288 4525
3230 1850
1177 2465
9296 9608
1909 5287
6076 7452
9939 6408
7509 6826
7508 8266
8899 6091
4614 6240
7905 4833
9784 3808
5801 3611
878 329
3291 9692
8337 7901
294 7423
2304 7621
6839 8807
4378 1730
8346 5549
3554 1822
8889 8553
9474 1317
5265 5092
397 3281
4962 8695
1861 2701
5374 281
9291 835
7192 3264
7389 861
8942 9452
5937 5889
4671 4680
3690 8601
8509 9277
1677 9784
73 135
8309 9288
4105 7142
7894 911
760 2723
4601 8273
8713 1518
301 2468
2369 1317
2342 5817
2674 5317
6167 1944
6119 1299
1863 9766
1124 4823
6053 1098
1461 3297
6600 582
9576 5196
649 7963
2834 4337
5674 5005
3213 3594
6584 946
4699 619
547 5980
4234 4748
7675 1091
8258 3831
1515 4022
9984 9982
1614 7919
2100 9087
3143 5088
8913 7200
3690 8301
3553 2268
169 1087
638 7018
833 8215
9874 6687
8985 6218
489 5455
322 4871
5598 9677
7651 7147
3338 3146
3322 4851
146 2094
518 6513
1265 1873
866 9123
4973 4131
3719 9123
4465 7151
164 3946
8894 5976
6976 8935
7251 8832
5826 2843
3467 2503
9953 2390
4310 3266
5684 761
7137 2041
3850 4535
2250 3098
817 2676
8033 1868
4136 3950
5053 2231
3806 3292
9099 3659
9753 567
687 3775
2559 6409
8129 3369
1849 8667
8614 4420
344 1477
6393 2836
3869 2475
4261 6922
5694 8334
9888 9281
2855 7635
4635 2194
8810 3780
566 5542
3916 3898
5877 7483
6282 8741
2424 7209
3346 7260
622 3914
1808 6524
6669 15
7616 5247
1338 4517
151 9387
9890 4019
1313 1052
5324 886
9322 7484
7729 5203
7969 9512
5457 1855
6754 7575
3315 1737
7995 5563
6484 4359
874 5817
2660 489
8530 9009
5249 4966
4041 4533
2443 9332
1991 3960
5653 3296
5224 9536
3170 216
1416 5751
9566 1938
8441 86
7739 440
1560 8909
1102 9331
4430 516
2274 5200
7760 6415
2365 8693
5757 7934
9053 5988
3575 5703
2573 8846
3993 8316
3270 3552
6666 4731
9148 2347
4680 1262
3561 7812
9077 6764
8113 8010
3424 3197
6361 9639
3392 8477
4675 4301
5847 5189
4656 3832
483 6810
7380 5643
577 2357
7949 1324
9753 3397
3911 6351
7689 5410
9593 6689
6010 2563
8560 4112
5232 1269
6037 2525
4274 1287
1047 2074
1205 6373
3365 8001
4507 7393
6822 4291
3879 5962
967 2453
8191 9120
122 1280
4899 2454
1295 1330
3084 8769
379 4209
2404 2378
8919 8693
3233 5982
7422 4643
755 5667
358 2468
9360 9895
2178 6739
5894 959
4124 3515
8837 8987
1641 9618
6103 3687
3944 4724
9723 7857
2282 9762
2383 2352
5944 5157
6945 505
5184 1803
7618 4231
401 6053
6672 1329
7252 7824
7715 8441
7481 2665
8366 6796
7287 9823
9154 5883
376 7943
6165 5384
478 1736
7253 3034
6424 1914
5594 8117
4749 802
4854 5568
8204 1132
3642 9564
8932 9177
5136 4932
4494 7370
1012 1196
9817 4819
3316 7045
2363 9625
8964 8912
2527 5317
9222 8332
1055 2566
9982 6252
1771 8543
2643 9938
492 4382
936 7213
332 9392
4270 3189
3475 3888
7936 4062
5157 2953
1097 1304
1949 1270
3654 1926
2532 9497
5545 752
375 1020
6606 4528
1904 2022
7678 5095
3044 8361
3668 1516
6824 3249
242 4171
2540 8807
9918 8161
7718 1813
3235 6677
3291 3506
6118 9030
830 6005
681 2660
4954 4495
1165 8637
6977 6093
9610 1753
6812 5985
1411 4672
3538 5987
203 4455
7755 6810
453 1091
7649 2513
3451 2695
4299 1913
3100 6725
5942 7431
6064 7145
8774 8824
8587 5713
6751 9010
4870 2777
6775 770
5803 3555
2476 9403
6481 7005
1510 991
5467 1940
4625 1175
8704 2795
4234 2524
805 8653
6752 7827
3278 1050
7670 4892
356 7541
9721 9841
242 657
5664 4464
3196 2741
9054 8161
7614 2671
4810 4193
7044 7079
6770 3305
6010 1351
2503 1697
563 9589
9751 2756
3561 236
7738 1536
2499 7911
2785 7235
4380 1537
6631 666
368 7180
4625 9429
2758 4011
8850 8873
4450 4056
771 2522
8428 3903
1831 272
5146 2753
3524 7944
5420 3684
8044 8073
2264 4074
1093 6557
6896 5456
7575 2634
3915 3293
4522 3885
3094 3428
2246 3339
8322 8172
4010 1377
3457 2356
478 2275
5486 4252
9959 3067
5184 5506
7141 7156
5982 971
796 6155
1406 4547
2183 7072
7561 1038
4951 374
1966 4826
9346 3018
88 3118
1541 5321
6899 4768
394 8557
1365 9643
3860 9646
3889 7473
8242 4310
3095 9582
348 4614
6576 8406
8083 4998
5713 5865
1874 6950
9249 7339
431 8413
8388 583
6048 5467
6242 1721
4557 2550
8859 9786
9517 3828
4422 377
8085 4261
6014 8434
3237 6643
3972 291
8375 3171
8210 975
3108 5476
8024 7759
7466 4786
2572 3733
1805 5218
5337 46
8609 7483
8423 5851
3320 7595
8775 3144
568 3145
4691 2676
5912 9539
8033 4620
3825 4504
4943 3981
4970 5654
7928 9795
7592 3489
8817 1688
7622 9535
4713 8804
1627 6228
4876 6441
4979 3906
970 3519
1845 8832
1658 4268
2637 1297
5784 2442
8812 7011
5643 7570
2374 4883
4506 5862
2414 4162
9033 3913
6001 2069
4053 1971
865 4831
8483 4105
4067 7507
2640 824
7671 9643
8996 8368
65 1983
2080 9771
8758 6690
901 1120
2219 9910
6184 122
3238 8714
2895 8838
1175 8576
1349 436
8546 4856
8551 6400
5226 7249
8354 8179
2590 4586
1627 3441
6550 9585
9677 8193
4096 6479
8487 9272
3919 220
4155 3814
3994 2669
3550 7127
3114 8951
9497 8634
5404 9263
3606 5826
2469 8592
5259 9391
3675 4109
5684 1093
97 5459
7502 4581
5182 1894
2601 2019
7354 7999
3245 3911
3183 8686
8455 4734
7936 4921
2175 4793
8270 6506
7037 4461
227 1374
7586 1636
4221 5712
1679 78
9963 6915
3501 4706
2004 9569
2058 5387
1517 903
5951 9181
2830 6132
1094 1780
7629 487
9275 9680
2287 6126
5871 5005
7653 2839
1215 2267
5502 9459
174 4830
9896 4679
173 4345
9667 9575
8306 3748
4888 6583
9354 6386
5653 4703
1453 275
1263 9804
2725 6379
2544 7704
6525 9341
3328 6177
6868 7037
2898 3592
7076 5985
7577 1912
7629 4996
6544 6190
1428 198
6785 1191
8753 1333
3253 1370
5119 2059
2163 1128
2691 9921
9321 2165
4579 9980
2026 6680
8166 5972
9932 4939
2133 4870
4785 7028
3898 2984
8215 6892
267 1614
8032 9075
4448 6714
4232 9798
3720 3099
6788 9544
3866 393
639 2486
9354 583
9498 1408
7594 5
2658 66
5262 2331
46 7016
1866 5894
5253 5831
9263 7353
8361 6384
3433 9565
7634 2959
5843 7466
952 2476
359 7752
5127 5630
5922 1309
8241 9731
1781 1213
1924 6495
3574 3125
8990 9350
6359 4914
846 1788
2202 2451
4448 7629
3159 8861
6838 8552
7991 3985
2579 6703
9616 2982
3417 6721
3644 7516
9691 7475
4400 7977
334 5071
4125 6505
4825 537
7167 9814
6298 7264
7145 5035
9939 7554
8605 8315
6062 9868
1241 5169
3047 6870
336 5765
4831 8938
6765 7137
6306 9620
8835 9385
3117 8590
1786 8985
344 3266
7951 3428
3006 2976
6230 2808
1977 658
5965 3645
498 5076
2778 306
460 892
6925 9681
3742 1209
5886 7282
7418 1797
2853 5870
8423 4379
7294 9145
9795 3517
8277 6926
2224 6835
829 9788
1213 9558
5556 8299
6662 4931
8313 5500
9240 5385
3318 1125
3952 5538
8425 472
4837 2350
4773 5228
4436 4734
3801 8539
4823 2976
9330 7256
7162 7456
4124 9904
5799 7348
8063 7064
7087 8538
7596 7830
6731 6834
5819 7775
4868 9374
5076 473
9270 5754
9179 7932
4187 7783
3045 215
8856 4311
6871 7310
8349 1451
3353 3550
5131 4568
3216 595
628 988
9620 2012
1126 1920
495 2466
6063 6685
5487 2115
7818 4069
7146 1312
4397 6791
4382 7857
6599 2693
3085 8438
2977 32
5292 4716
280 9661
8636 132
6863 4262
8418 3476
7795 5865
135 6408
2492 2658
2876 4485
2970 3197
2668 2139
4779 3763
4049 7712
271 4371
7138 479
3552 1905
6364 548
8189 2880
6779 5726
2761 7973
9215 260
938 3691
6546 1263
4251 7001
9369 925
8189 8829
8264 1332
6919 67
3461 1277
4761 7920
8860 9548
1258 2945
78 8039
6369 4809
6221 3927
8868 9242
5513 8064
5260 8574
707 5468
2817 7687
1291 514
7570 2612
6324 1249
2398 8628
73 3659
842 8694
6437 5208
5661 9405
5375 8482
5674 6970
7227 1769
491 8962
8870 2731
3238 9627
2850 6284
1556 2913
8721 2774
7074 3203
622 4475
6205 8314
4816 1607
2989 6021
7928 2984
3953 1501
4712 5319
8390 434
5556 6546
4590 9733
8898 6107
9207 7744
5805 982
1394 1064
4067 1486
3319 3849
5702 1476
7184 5826
4768 5503
7578 128
8999 1132
4966 5794
4656 7426
9636 6135
2442 6437
4522 7464
696 4050
182 1245
1143 6641
1961 5121
6326 8318
4147 6298
1239 3764
923 7126
9985 3141
2607 8131
9736 1736
2374 2551
4234 3586
3313 6059
8923 4292
97 3529
1046 5669
2954 5235
9951 541
9243 1821
6933 7789
452 1479
1839 3816
2141 7138
613 6311
8353 2984
2458 1271
3821 606
1937 2671
7166 3999
9037 8909
4518 9761
6695 7669
7795 9536
601 9
9063 2118
8941 7931
1025 4198
1733 1080
1518 8209
249 6840
5766 1089
5575 4835
6710 1588
7365 4459
4642 1780
5261 2865
5008 9484
5653 8387
1349 5884
7040 2387
8177 4262
6387 6167
9987 7667
2592 1939
8940 6546
9119 3681
5594 4361
2284 9307
8042 4667
4423 2947
6289 8049
6005 3518
6262 4068
20 5810
2206 7690
2712 3645
9638 6095
8183 9690
5570 7287
866 5697
8930 6080
1977 1327
9449 8425
6338 4031
8573 2555
8170 6064
7124 8027
8772 709
2401 1642
6031 6338
9488 5674
1548 9150
8916 999
4842 4264
5916 1451
7803 5551
8374 5663
1546 7431
1191 2397
7115 7412
6193 7602
4792 8513
2294 8430
2844 18
4599 9864
4507 1743
9282 4667
3579 4786
4249 2241
1819 610
7371 9836
2553 3521
8061 9470
6554 2065
1752 6287
8465 3495
2316 8168
8066 7564
749 4800
8548 1494
9104 7034
6322 138
4675 1257
6096 8577
5265 3387
758 7737
7481 9264
2094 259
1855 5789
5355 2875
2061 945
6706 475
1633 231
5753 4772
4044 7016
6975 2388
677 2551
1269 1789
5506 1118
2552 529
9981 1929
4311 1885
6842 4392
6161 1431
2325 9303
7693 5590
748 3482
1030 6331
2837 638
3857 678
5399 2220
4155 9903
9985 4345
437 4106
6010 6410
4798 1974
4774 5209
2826 372
8104 6300
9091 6371
1145 7922
9415 1801
8749 8742
3433 4175
9194 7916
2339 6810
4866 3991
5092 7204
7634 6436
3967 4288
3771 1431
1138 462
9365 625
5735 219
8428 9674
8007 4911
4653 4519
4885 4599
2946 7647
6358 9096
8463 3501
2534 7510
8109 6897
5902 6743
5019 5174
8307 7609
188 6355
7169 9722
8094 6659
9106 9830
1240 3467
4707 6099
3328 858
5479 1292
2503 6680
4263 7963
24 234
4772 2656
1399 2594
2680 2555
3879 5004
5915 7254
7900 3341
1700 8342
5565 664
6530 3521
9084 7035
2010 9372
762 5705
1395 6903
6789 9303
2034 5135
7545 1393
6490 5137
4404 6278
6532 6173
7460 8696
5014 5558
1602 1448
6486 6194
5512 5079
9780 6764
3686 9903
7438 3985
6334 8214
9744 2956
2911 25
3201 954
540 2349
1413 1678
114 6727
8382 6639
7075 9217
4717 6927
5481 5780
8186 7904
3022 7676
3938 4278
4459 2313
2607 4956
5156 280
9016 8963
9021 6645
8191 7497
5253 8985
3826 8068
9607 3834
2449 9165
5245 6832
6955 9711
8769 7582
6388 4081
209 5546
5641 5720
6128 2240
3191 7466
2522 212
3078 6627
9741 6251
4934 3088
6923 8370
2736 6084
4335 4534
6128 358
2298 1613
5530 1948
1785 1519
5784 276
7775 2159
6503 6786
1083 2858
3139 4799
3547 8251
6372 7736
6351 5332
9928 5773
6980 1880
5698 9272
3457 2978
1447 1991
8232 2632
4934 8172
2511 7411
4241 2908
4587 4217
1224 3302
7863 7731
5819 2825
1785 1736
8129 1671
7772 4519
2865 9824
99 6656
3532 3334
7926 9319
9836 2384
28 6440
341 7356
8450 2950
607 835
8829 8708
1426 4441
4139 8856
8092 6533
8614 6302
1805 2963
676 1201
1988 7110
6973 9716
2364 7161
6511 9602
113 3546
8567 2726
7242 865
4981 3977
1567 9712
8775 8862
6741 2785
2655 8999
815 6451
2623 7756
7424 5951
4654 2537
6325 5387
8652 8863
4776 4415
250 817
9594 3783
2108 6583
5092 1288
4225 2877
6061 3675
4423 6655
9750 5077
8634 7910
8762 669
4324 9138
9098 7531
8904 9530
8837 4374
6124 7892
8657 718
4899 8605
1759 5874
7 4739
4400 5976
4856 6466
8863 8899
2465 2927
2074 6236
8471 4273
7402 2972
3775 9840
1476 2834
3325 9338
216 7482
975 503
9309 1769
3408 2189
3756 3389
3737 5467
3139 4208
9834 8139
7239 3831
1096 9548
3285 2019
251 6041
7447 8300
6974 844
9178 7892
1433 8863
500 6873
1485 8933
6551 4247
8293 7388
8494 8220
9581 6362
7863 4346
6821 4657
5393 8665
8291 5537
5857 1524
5055 7799
7108 1784
9134 6714
9718 6978
7905 1951
7393 7490
5911 228
9375 3723
6711 6954
7464 914
6400 3209
7268 4471
4923 8996
9498 4684
1198 1755
855 2150
7962 4176
1358 2816
9243 2078
4616 870
124 5382
8730 9203
5163 9074
6130 5703
6640 3246
4802 6490
3371 898
2394 5079
4590 640
8585 7012
1351 4395
1824 7706
9589 9122
8897 7022
2340 8809
1851 4222
2225 5336
489 4076
4780 4422
628 7126
4630 8444
2113 7107
178 9939
8237 169
6351 8783
9907 2796
4522 9161
4135 5152
7407 645
1275 5538
9936 1325
6351 7566
4648 1454
7750 8368
1272 754
7705 6770
5026 2385
5092 9447
1958 9089
7233 634
9118 1651
5601 265
107 5936
8596 9609
5216 4555
3619 2311
3534 2111
1496 2481
2003 7228
3601 5806
8426 4680
7665 8782
1255 7451
9563 3464
540 2248
9351 3005
7358 7880
5489 947
543 1443
1649 7871
1064 8502
5511 2351
3506 5472
1112 1490
7458 7328
6574 9630
5494 3258
586 7077
3141 3928
1583 9819
7584 6829
186 2389
1606 8522
957 4743
4073 1926
2050 5282
9752 7640
1716 2293
405 4942
6498 176
998 856
6536 6766
895 4851
3918 7047
601 6227
5578 647
6943 2992
5552 2322
7222 8868
6200 140
7333 2206
1779 6863
6872 2331
2577 4339
2950 6974
9645 4815
8727 6175
8654 1459
2491 4279
8527 455
4032 1472
4664 3920
8829 4677
9116 4938
8267 6910
7541 7457
1018 2028
4329 110
9906 2423
52 1387
2309 6613
1576 9173
1796 2151
9226 7461
2235 4777
9444 6274
3870 1555
3829 7583
2309 905
6230 6277
101 3833
3843 8747
5426 8446
3973 8587
728 4846
8515 2405
9632 4751
9338 2923
1715 9733
9454 848
9400 6715
1005 4386
8354 4478
7645 5904
106 4776
1381 4836
197 9109
4287 1685
3995 4403
8771 9057
6956 3645
8068 6048
8291 8390
1261 725
4998 1518
2279 9719
2680 762
5370 2268
5935 1511
8341 57
305 6158
6020 6129
14 1305
9473 7273
2621 862
129 4735
6249 3311
5389 1374
2795 2349
7963 8770
605 8679
2682 8569
7126 2144
9843 6745
1733 6904
3551 9015
8300 7692
1491 4102
8650 1521
1038 897
3469 8403
9356 5674
5482 8931
9409 3328
6238 9405
8201 7026
4878 5731
5480 9356
1266 6454
3902 8704
6015 2695
330 5867
5432 9126
9371 3863
9067 6074
6897 5657
1319 7889
9246 1256
4800 1427
8209 2578
7163 8813
9315 8074
6486 6546
9845 2047
872 2565
4598 4077
4198 515
5849 8040
2513 6266
7173 2995
8776 1526
7342 2227
9822 205
2935 5627
6469 3398
2689 2856
5241 2504
492 9336
896 3953
822 2980
9829 1414
1763 7394
3943 5318
447 769
9667 9869
5894 7773
8424 7270
5083 3633
8283 3352
5671 5347
3433 1770
3119 4214
1968 2469
5803 6420
3626 867
2703 5517
8843 4721
2783 8058
8981 3306
8858 6387
9866 2535
6658 8599
8624 9375
5148 5265
859 8749
2376 8355
6224 569
1512 3233
3746 9395
2258 7228
5708 4072
3721 5133
6992 3890
4635 9276
9064 7197
6386 3481
2010 1885
8165 3285
7460 5623
5272 4303
4355 2537
7022 7380
3523 7292
639 509
3016 2385
4399 3230
9977 9674
2717 7814
9245 7357
9921 6028
8178 6000
9666 9206
1842 1758
8598 7616
9848 3975
1437 5575
1871 8135
1036 4637
5783 156
3103 4283
3782 9498
8919 5657
5654 5838
1079 4622
251 7686
7034 2475
5804 9122
1610 1703
2672 4473
6309 242
5980 6007
7203 7278
2168 5789
4047 9983
2817 5595
5343 1621
4067 2290
8124 7390
5857 8200
2271 1844
5296 7657
3812 6248
2860 770
5727 3814
7957 5982
1482 2972
7029 955
5140 5960
3432 2912
1973 8852
7321 9858
4017 1740
8438 2723
6760 8415
2447 4141
409 2253
6235 8059
2752 18
9599 5575
6775 1384
3658 9918
3001 61
2462 7864
1314 2814
7908 936
7420 2866
6242 4917
8481 2446
8121 8651
8579 3764
4111 8058
9004 1474
2877 8508
4952 8503
1286 1797
1500 8483
8363 9642
9373 7522
7245 4697
7223 1143
8839 2808
4212 5241
3001 2860
940 4731
5679 5776
5588 10000
8930 9894
6748 7018
1752 1967
611 5927
5280 6290
1083 8438
2038 2954
4814 5778
2160 4631
5857 509
8022 7519
3598 9687
9373 763
7884 8093
1022 5135
7918 2974
4939 1033
4906 3432
6019 1873
4078 1932
3783 4147
8049 7748
947 866
9228 9775
2597 8132
6208 2028
5183 9944
8594 6892
1282 6613
9639 52
3572 8661
4405 4921
1538 1364
6153 2284
7706 4201
9401 3855
4624 5763
4734 3058
4104 9255
3242 4395
1777 970
729 9700
6672 9385
4285 7779
5678 4592
8704 2407
129 3595
9362 5155
4167 559
3916 2161
3411 1009
3998 3250
5625 2835
5469 2922
3950 7564
5132 7435
552 2248
2289 4100
3778 2104
6933 4624
9459 36
1118 1875
3103 8321
3271 3950
47 5654
5102 550
586 2027
2874 9313
7959 5409
8534 6992
9873 2784
3673 6144
655 7709
4179 1170
5793 2615
1274 8048
5499 2066
5127 8924
8230 1822
5930 2754
5742 4667
1232 7715
6438 8909
5544 641
2384 2597
1965 3918
7684 1551
1389 9733
3551 4721
2899 1203
6863 4054
9517 4786
6845 7174
1926 2769
913 2137
9009 4224
9189 524
6120 5951
6912 1346
8231 4327
2265 7763
8392 1295
813 6169
1942 3848
5411 6006
3301 9728
3256 4455
786 8281
7184 4951
5219 5380
4762 7546
5783 3236
6392 7976
7480 3617
8356 2726
8404 6504
4136 5060
7668 3116
7117 666
1245 5294
3540 2541
2789 5046
3597 450
4073 871
714 7855
2279 9144
2639 6814
1308 4641
7244 1206
5095 7211
2425 4331
8719 859
8792 379
5712 930
9560 8877
758 5589
3505 4233
6945 8708
4361 395
6798 4060
3353 2988
4555 3027
2689 6818
7955 4147
5532 8785
9250 3275
1788 7609
9298 925
2625 139
5300 6910
3359 8289
7018 641
5741 8025
6896 871
9485 8680
2436 1978
1694 839
8096 1348
2456 641
4923 2307
1755 5470
5132 3323
8652 740
9367 8794
6059 2888
4154 4589
1018 5185
5531 2083
8153 4983
4188 7446
5066 3106
4945 2902
6368 856
1910 6748
6199 8537
1744 5650
331 4170
4985 8061
7157 3858
489 958
4274 9607
5484 1239
7336 7317
4816 5054
9046 4965
8276 3218
204 6141
3713 2117
8968 9084
426 2145
4774 1594
2837 4449
6137 1593
592 2693
394 5574
2717 2626
2286 8335
4067 2727
3979 3196
8598 8574
3419 4886
174 293
2134 2899
292 6195
158 7370
9058 6082
5463 1162
1187 3567
1474 7078
9678 7192
7455 6330
4548 883
3634 7089
5349 2144
5447 7962
3644 2073
2277 4091
1828 6430
7448 2923
4318 1045
9627 8979
3656 4736
8018 1053
9234 1981
6369 9375
709 9990
4615 2864
7459 2041
7773 716
7204 3481
5649 7367
9537 9780
8113 6883
7834 8253
1131 6631
8070 5746
3705 6364
3670 8638
5705 8160
2991 7633
9134 2067
6192 5766
7010 2944
7354 8130
3623 2030
3176 5962
2661 5638
6235 4084
9685 4751
4155 1080
3280 523
2159 6309
7744 7811
1537 469
5998 5810
9974 5830
6842 7024
8889 832
8491 4860
901 5774
7285 9222
8443 1517
7099 4764
7290 8734
2762 8063
9916 5771
5535 2362
3702 9463
3534 5757
4729 8494
9840 3025
598 1559
8412 7671
6417 2607
4136 4302
978 8808
9708 1703
9595 913
830 9984
9977 8014
6217 8336
5511 8374
455 1182
2970 7289
3380 8666
7878 6522
7530 5474
4430 9146
1931 5044
1732 4302
9889 2124
2988 3311
1172 1198
6208 4930
9773 3971
3866 693
8089 1790
4516 4417
3237 6748
3155 8174
3577 3409
6550 8205
8623 7847
4914 5129
2382 246
6529 6844
7439 455
2303 819
9930 6060
1342 7363
9733 1460
1784 6836
6633 4095
2377 5272
6338 4960
4390 8559
4766 2030
6196 2592
2220 847
712 6171
2977 8652
8857 5044
7986 7055
1635 7930
6086 2291
787 9967
1937 754
1126 3099
1782 5512
9461 5301
9857 4142
8068 4556
8327 9223
6925 6318
5680 4820
7981 5729
5604 4785
1047 1315
9200 3843
1188 5955
1826 2052
4929 1317
3880 9
231 4551
3724 9455
4813 2634
8242 2483
8556 7281
5732 7752
2156 2858
6387 6105
5450 4195
8915 7456
1487 2443
2332 8151
2976 13
1844 573
1702 515
3990 6263
9890 5741
8729 8016
4236 1255
4786 2089
7129 9956
7193 8948
5251 9080
2736 2961
5769 6818
1717 9903
8295 603
9038 5441
8520 9830
5954 6690
186 2005
3036 6181
1156 3867
3265 6400
5340 6739
9430 967
3871 5335
580 733
5533 5120
6163 4338
5725 3916
9258 728
537 1329
9229 1296
288 3279
783 2737
6302 9065
9772 2936
4490 4864
650 7665
9018 4572
6437 250
7801 5334
7455 4980
1684 2294
3223 575
4382 6889
2272 1334
7158 6187
5097 5751
660 8823
9744 8924
380 4593
3578 6916
6009 8000
927 5886
6068 3109
4654 5420
5021 5607
8384 9253
5276 7674
5113 7910
9423 1436
4511 5757
3940 5078
1694 4809
5055 3373
7254 6628
1014 9507
8933 6142
133 988
9030 518
1000 5895
1516 6054
659 8443
433 2342
7513 9394
6406 3575
9801 2830
4944 6876
4109 7974
1875 4771
9149 9319
1439 8649
5112 5374
1481 495
312 4092
7834 4312
8976 5278
3784 4890
3215 6102
3802 5137
5019 3961
2793 8729
5194 6995
4209 7071
2249 7411
435 9074
3468 3243
1085 5494
162 8131
6319 3027
6481 4272
8388 1576
589 5639
7482 6664
9761 5605
4604 4124
2502 4634
3232 3901
7491 4644
8783 4992
6542 65
9157 3915
6896 2077
7606 7135
2692 2367
9121 7676
5903 2171
2112 6892
4364 1926
6067 7512
6264 8625
2621 6615
386 9048
4179 2447
6573 2289
4548 5603
4848 6494
2491 5773
3882 4527
4541 5707
5575 5472
4034 7318
4709 5628
1197 3021
3696 3703
1434 4888
7472 5589
2275 9677
8364 6152
356 65
8628 8878
7960 8142
6706 8091
9515 785
6048 7917
5794 4921
485 419
8605 6924
6483 4030
9476 1284
8131 7994
9250 1966
4080 5477
3169 3775
6409 2278
9816 7620
6752 6264
5988 4721
8574 320
9966 33
2028 7366
7209 498
6264 7258
2761 4516
1113 342
5443 30
3414 1710
5803 4993
8530 1382
6565 8586
2746 5231
1933 3092
4968 5332
9310 4044
5499 5479
8446 2131
4067 8049
4749 6354
193 9248
1382 2121
9398 4620
9688 6754
986 7527
1643 8756
7044 1124
2102 2112
5045 1646
5678 2848
3754 2942
6700 4261
6102 7206
4348 2054
6887 1784
2146 5182
7136 6509
5464 7773
3352 8450
4976 8839
1251 3550
4932 4783
5120 711
4764 1713
6416 6622
2829 1545
7000 5209
9327 5102
2894 619
2580 6547
2914 9184
1702 4650
8743 7275
8334 3255
47 424
1616 8559
9099 5493
4708 7507
5023 2649
5849 9712
1124 6833
4007 8166
2958 2919
588 8176
8804 2855
8732 3687
1625 7025
1464 9738
8304 5919
7729 3429
3795 5103
6287 4910
2194 1552
8828 6772
7005 4594
6089 5861
6627 7097
4766 9123
889 6150
1009 5817
2842 7904
4697 3106
7667 3205
5588 8059
7633 4761
8667 1784
8183 3094
3657 7352
8054 1362
635 3563
883 3232
9551 380
9920 2883
9215 7170
2439 152
7800 7231
6032 9326
9530 4738
848 680
4887 8095
7122 5966
6483 8472
7008 4604
7121 6809
9152 7759
2983 128
3446 4561
7008 7508
4361 8071
8261 2836
3388 3683
2137 7749
7748 4055
5341 1376
1358 6361
2761 1825
3185 1959
6603 5417
8755 837
3234 4446
6983 6878
5196 3731
2154 3204
7077 9628
3157 5134
7211 795
4931 3899
1047 8681
8772 4768
9877 8839
9190 654
9314 2312
2808 4481
6758 7076
6313 9746
7365 5670
2885 7320
6571 659
5580 589
7104 9570
4782 2062
330 7579
2915 1084
5949 1510
945 6189
1352 7662
5220 4493
2885 3845
1852 2288
335 9024
5562 6895
4529 5137
1003 4534
2790 1958
9341 6142
3830 277
296 477
8421 6416
8020 9185
369 1771
1405 4849
558 477
7711 2209
1527 3003
6832 9482
9532 4362
2320 8758
8762 3167
3772 252
6204 3111
5683 356
2570 9581
2082 3885
4074 9859
6883 2946
5339 9965
314 5668
8412 5077
840 4511
6021 1994
4908 7674
9100 3900
8420 8126
6384 9934
5634 4711
1141 8657
365 3847
5406 3706
1674 6455
936 5450
3768 4250
6587 8400
1597 9140
244 6415
7376 1512
7576 6395
4243 1622
8509 1239
7163 823
6867 5519
9069 3422
7672 1889
5139 1922
5116 9812
6805 561
7033 9989
9898 1465
7507 1838
6909 9496
2127 1761
6209 2559
2761 6883
6268 7023
987 3288
8763 2373
2873 7240
460 900
248 5821
9233 4769
7685 213
4224 2077
4892 9036
7516 1411
757 5795
3555 4450
8960 5883
7889 6093
1781 2170
8400 9263
3019 3570
9430 4009
57 8441
9282 7954
9971 6380
3980 2123
5230 1531
8755 2946
6972 6728
3682 6919
5484 9421
3876 408
7107 3648
8937 7152
2337 9943
3677 137
8061 6547
809 2379
318 6069
378 6583
8171 4175
9510 903
7275 522
9559 6814
3283 286
7922 3065
8674 9719
2414 7353
8502 1568
5322 2262
7941 5881
5659 7571
9208 3815
2075 6211
2422 6611
2326 8112
6017 7033
5543 481
596 5274
6289 9519
8903 8917
6904 6678
3028 1758
747 576
8354 6670
6480 967
9399 8754
1960 5780
6158 4900
9913 5651
4360 9872
4680 1329
8599 7738
4676 8840
3553 1081
3370 2762
8963 883
9864 1105
3894 1517
6726 5943
7232 3797
6194 8253
1644 3021
5423 2682
5561 7694
2239 5574
2175 8855
1109 7218
8967 5367
264 4215
7725 9407
7720 6669
3495 5150
7305 1655
9782 1892
8443 7431
1478 6128
8302 586
8379 7491
9616 5282
1230 4576
1847 5397
3952 7665
3495 6785
3556 9977
9536 7836
7105 270
6633 5977
7735 9546
7934 2931
4828 1810
5089 8163
9327 27
2768 4634
9654 1158
3936 8276
6635 9692
8139 1170
6486 6028
7116 3209
3318 2992
5421 9567
8270 6340
5323 4262
670 8831
4900 5170
2199 6822
4151 8538
5741 2706
8476 7286
8455 7726
6914 5871
2972 6198
6040 7163
4393 9464
7113 5858
4432 5681
9064 5724
5388 5797
9794 678
9715 6098
4874 4742
9400 5535
7463 1292
4150 8923
9497 673
6421 3402
3918 4969
1114 358
1448 2735
6543 8951
1931 2173
4111 4116
7862 4418
3904 8690
5757 2405
2037 1134
8199 7504
7714 1620
6780 9874
2069 2214
8154 9259
5860 1734
6038 9688
3563 8819
166 3468
4160 3422
2645 133
8307 9848
4245 4101
4253 183
7322 3345
5965 3793
8678 7889
6960 6119
4740 6523
7337 8043
2180 7199
785 5994
2301 1478
346 8087
8562 2206
2237 1391
7522 1277
9580 8787
4779 4008
7486 4215
6123 791
5867 395
767 1439
5103 4298
4779 9921
6525 9209
3632 886
5947 5983
6941 8960
9229 4898
8926 1337
3570 2811
4459 5982
7833 7100
8808 8781
5069 4642
3583 5622
281 3641
9356 1884
1680 6225
1764 2862
7849 4452
5101 1587
2517 2872
7915 2839
4674 1811
4477 526
3568 949
8631 6692
873 7805
1551 6339
8469 7358
6003 6812
4371 3855
2238 2514
2846 3553
3120 4537
73 2935
7507 8648
1473 6282
900 5720
9722 7193
1876 2558
3119 8006
1806 899
7337 3001
663 729
5302 6924
7469 7140
6309 3717
1783 2577
6782 6028
449 956
4916 203
4000 4949
2758 3985
980 4847
1296 7168
8483 4398
3406 7540
9492 7002
8330 227
4193 889
9098 8813
4961 5535
9123 2344
9977 4289
9753 9961
2472 7931
8526 8317
1799 1648
6804 5944
6210 720
1260 7709
9007 3379
1213 2280
6744 1380
2418 305
1798 7882
8734 3083
4130 1287
9336 6162
606 4231
9082 3853
7791 8563
26 9422
530 3841
9456 7702
5941 6900
2017 5997
5805 3774
7255 78
9362 5506
5742 9871
524 4026
28 4934
3038 7528
2509 714
9179 1914
8919 2410
4953 7865
8850 4586
8476 7507
4421 7123
6326 2672
4108 7427
2218 2526
4587 3250
5210 2708
4323 1902
5675 1287
2209 2148
51 1802
3957 3623
9352 3197
8447 3723
7505 1922
2164 6423
5457 9056
8432 5184
2019 9669
5438 6786
711 9132
9697 935
5594 4416
3845 8661
7226 8222
3221 7017
3321 1291
5100 4860
2514 2
9266 798
5696 399
3285 79
8491 6582
6370 272
8695 8455
1774 5046
3641 8058
845 1960
2741 7144
9931 6402
2153 5600
2121 1027
8014 7273
4281 564
1190 6173
9703 5218
7910 3226
591 9942
3499 5123
5196 5931
9061 7295
6186 8850
8523 5801
154 776
9293 8945
8014 2070
2896 8347
8739 3032
1089 1128
1383 1447
4690 2412
9618 1229
3758 3031
5507 3326
2853 1038
4612 6418
9526 358
8879 958
9640 9184
1838 9596
4662 4577
8416 7720
525 4569
2012 9944
6400 4481
4273 1311
7547 8263
1108 4725
5962 9145
72 8478
6517 4323
4025 7064
2851 2555
2025 393
8915 9173
8311 8319
9483 8602
8582 498
4527 6615
9697 3713
9577 6758
9131 4065
6728 1235
4837 8509
3349 1272
761 6675
6698 2333
3424 9450
2105 2628
3179 7490
5467 966
229 8634
7843 8791
115 4087
6617 6300
5843 1472
3817 2429
6455 5263
6199 9738
7143 3732
3240 2186
7813 6955
2572 8199
9332 687
4456 519
6115 8136
4971 5622
736 8039
5635 8247
3088 1637
5265 9145
2411 4209
6434 7774
2665 2395
2728 6385
3393 6052
5664 895
6334 9132
1471 1479
3279 9468
7379 613
862 3972
6509 2392
7200 4917
4213 8664
5358 1217
7604 5838
7793 2169
1478 763
6703 8192
8496 9603
7602 9690
9945 3730
7337 8228
410 2009
3829 986
2151 837
1034 4352
6724 9679
5624 742
4722 9230
5727 986
3173 698
7134 1669
4115 5436
897 6022
3440 5576
3837 5832
1268 2432
8143 108
7196 6395
3141 3383
6225 5879
9457 3151
5061 7643
3841 6934
2940 589
27 271
8316 411
2307 7963
7041 347
8211 3787
1736 6901
8270 1142
2860 6018
7801 1066
3993 886
3822 3339
8336 6603
2211 8537
5127 1150
5396 6713
1776 2885
7727 8649
1171 2507
9547 2706
1979 3340
7677 1829
3982 8138
8571 6760
8343 4473
849 6211
9892 2518
1272 6370
873 9235
9307 1686
1513 2538
7559 1242
135 7968
8806 1943
1596 5198
7598 3924
7350 5069
252 316
2403 9610
5858 3723
328 4006
53 6109
3237 4051
9880 8376
9866 156
3840 4648
7437 5313
5671 8295
4702 3954
6640 8717
7140 9307
9618 9071
6954 2438
6531 3714
3418 7082
7218 2078
2909 2591
7575 4681
2368 845
1405 2752
9003 8283
1028 7683
3075 7632
7282 3279
6525 999
1779 2446
8003 3748
1603 4481
6389 467
7945 8013
9618 8
7882 359
4087 8718
9552 4395
7161 6025
7706 2499
563 9809
4772 8320
1002 4615
2770 6153
6750 7484
5717 9667
9590 7523
4427 7743
170 4955
9644 6959
168 6774
3379 826
9022 1233
7252 2123
9118 7852
1268 949
6243 2832
6146 2891
4364 8827
3200 9102
1187 7630
121 5249
7851 3530
5724 328
4437 6837
3058 4208
7847 5729
4136 6729
1511 6907
1368 3909
6217 2871
930 7468
8091 4034
8109 1198
1453 7255
3403 7322
9081 7004
8982 882
4599 6133
986 6729
1768 6420
8468 4944
6701 2225
4632 3434
6837 1746
3206 9171
5554 3935
300 4983
8019 3261
1588 8640
8381 3448
3669 9808
7694 1891
4566 8884
6944 5574
1559 9107
3215 6171
3078 8133
5138 7266
3330 5384
1266 57
5797 8630
1239 2235
6947 42
4927 5696
1049 1189
8808 5573
4385 3028
1066 374
841 1601
6767 8225
3186 2965
3163 7052
4837 9880
2332 4244
2220 2296
4065 9003
3052 9830
8627 8589
9929 2047
3074 7051
4624 5231
6754 7609
1904 9978
8500 290
4148 7025
8468 267
4528 100
8651 5918
5935 7853
516 3670
6130 238
3509 530
1717 3168
6493 6565
5595 3382
8061 8227
9361 7938
9603 236
4126 883
7689 9496
4476 7920
3136 1070
4652 3419
3745 5308
3389 2987
4486 2271
3892 8345
8280 8489
2840 3775
5159 8154
8582 4525
4955 8132
3041 4084
2746 8922
3483 9058
8052 1108
6287 7872
1517 4594
2582 9294
1073 5798
2211 3545
7552 2019
7143 8429
429 4618
4504 3806
5064 5450
9215 1323
6527 2643
8536 5755
2213 8842
4749 5885
9210 501
39 7286
1366 9720
6484 5209
5050 1805
1799 4811
4819 5928
1469 5165
9092 8582
681 1204
8373 2564
9826 1956
231 3336
9105 2642
8087 4777
6134 1088
791 1041
7783 3004
2759 2855
5895 9568
974 3278
4703 6476
9933 7491
968 861
2121 6942
4626 2581
7250 8828
9145 9562
6444 1641
2000 3020
6741 4792
4617 1762
1994 7965
3695 8815
4561 4785
2463 7858
6456 1737
7472 409
7644 5705
2826 4011
17 1946
1681 9660
5804 1171
265 2472
369 4977
779 4427
7328 8606
7992 3071
564 2598
5975 3789
5720 9664
777 9870
3614 4590
9895 5777
5689 1816
2331 8165
5314 1420
7926 7251
675 6092
1337 4767
3702 4997
2322 8078
5584 846
4659 4205
7609 4798
5250 6188
8413 7523
8178 6478
9814 2486
3653 1588
8942 3493
216 135
1653 8667
6611 5237
8572 1183
4038 5997
8494 9696
7385 7212
6466 1161
432 4220
7874 2794
4067 627
9788 7422
8765 1431
1956 7033
9920 9441
5009 1297
930 7171
9471 5564
1111 9602
9603 1431
172 6783
7047 4337
4274 2809
3792 3458
7007 6227
1685 1696
3923 1058
8140 7137
4270 2240
6388 1924
881 8241
2817 4282
7871 2307
7471 5509
5732 1880
6593 5895
2504 3703
3416 241
1334 8831
892 3769
5918 8038
6176 6191
7976 4341
9995 7498
3143 5353
9015 1433
4482 3802
9683 483
7575 1361
1324 5115
517 8668
7896 7277
8125 2421
5083 2805
2473 2995
9052 3015
618 4860
795 1629
7010 4993
735 2631
7278 1049
7632 4160
4301 347
2017 7469
8560 1167
4771 99
1337 7647
4817 2362
4900 656
2279 9518
1885 384
6461 4038
2035 4212
9463 1462
8437 495
4643 7024
8239 2252
2103 3308
2916 119
6843 950
3798 6318
4055 3089
1397 2729
2413 6358
2662 1321
4258 4829
9711 2385
3272 6549
7545 7654
6732 6216
2896 8827
4362 4391
9123 1565
1339 7973
3571 4966
9069 443
3983 6944
9872 2862
6844 9773
7503 6884
2814 2080
9170 5630
2909 3031
8835 9136
5170 3717
8439 6548
3967 2762
5506 6661
1081 6748
3540 9818
2396 5981
2403 7160
6883 1436
1975 6020
6560 1490
533 521
3129 2926
9421 7927
5612 9196
8526 3222
9900 3637
5729 7083
774 7719
2636 7939
3478 3726
4811 6989
7041 3630
4074 6317
3691 537
7416 2149
4073 8159
6921 8436
435 9027
5039 4510
3666 3006
1497 5540
2632 741
1289 9626
741 3690
8939 3098
1024 6710
5413 3985
9318 3559
1184 6630
3507 9920
7974 8787
8203 394
5644 1200
9647 1782
9764 38
5615 781
2835 8131
4775 571
5428 4735
5491 9752
5275 1679
7921 7834
8777 4775
7982 8404
8120 5016
3490 8721
8557 7519
1881 6641
5729 3888
5413 8070
588 1690
4993 2931
8289 6523
4127 5621
3710 9025
6541 791
1877 6807
2056 2558
7948 9036
9595 3986
6522 2365
7047 3582
9282 9951
4490 6281
11 2936
3929 344
9117 5437
1855 252
6174 743
2193 9417
3830 4479
7700 6569
3630 8969
9371 9822
4680 5882
6896 4350
6622 8161
1837 9337
414 4097
1142 920
1440 694
3409 4452
2000 6762
7683 5195
6004 5281
4856 8649
2870 9806
7789 7866
7900 4393
5471 6401
6727 8025
442 8518
2658 9919
5805 8203
4165 4386
1314 2736
4363 7207
721 4417
7755 4235
2875 7339
6967 9953
2522 9155
9770 6944
5832 7080
8185 9541
7516 9489
5928 1346
6769 7063
5086 6812
9288 6040
2458 4943
2996 8193
2667 6546
7623 9875
7847 2810
4120 4779
2503 6245
466 8287
8156 610
8746 3227
3181 7765
9442 5726
2206 6273
1417 1205
2664 4631
6172 7508
3436 7828
5623 4965
1628 6671
2502 8298
9360 1351
1812 4523
8458 7574
7298 149
5184 5021
7193 3511
74 2236
7246 7293
7337 6958
151 5044
7254 5694
533 2248
7060 6464
1540 8244
4352 4842
9177 3825
622 1771
9211 4470
8072 623
9223 1146
1990 210
9636 6234
3116 4780
2118 3055
9232 5159
4920 4351
1680 8
6759 7190
8308 521
4689 8447
8362 855
5292 6788
4019 8078
4914 5952
6540 3700
9485 412
5020 1130
9662 5271
5900 204
1791 3705
3895 9478
1510 8625
2594 7092
4216 6968
7999 314
815 2540
8239 765
2495 6832
469 2267
7145 3163
3404 6694
189 2233
6783 4298
3066 5253
9780 6546
6407 2893
1874 9688
7746 1617
8155 776
5068 4360
5683 7502
1324 7240
6045 8055
9348 3855
8355 8280
8176 956
1616 8875
8415 6047
988 8706
3590 6799
4816 7248
2334 1688
2528 523
8341 8905
9715 3252
6570 5869
7481 7703
5271 288
3692 8572
3424 9101
9905 1021
8481 1572
6947 3139
3348 161
8080 6152
6429 620
1725 856
2115 4592
4742 8493
2464 1311
9757 5215
4272 9964
2490 2240
985 9757
7539 7994
8078 4478
982 9506
6368 8842
3138 7616
5719 8206
9775 2405
6568 8664
5955 7500
3924 7693
2837 5641
1046 7374
4641 8539
9588 1837
160 692
4122 8071
6324 1107
6705 1064
9574 8470
4034 8512
9047 4010
3762 552
9219 2418
7626 4125
6274 1335
5285 8112
6341 8093
943 250
3875 205
7233 8271
5904 7800
3452 6971
3509 4413
3131 6302
9874 877
8664 4730
6390 3493
3081 2044
1454 6869
8285 6321
6845 242
2404 8183
3621 395
9072 4528
6686 6687
9415 3380
4141 6660
4294 4363
1330 6754
2515 5309
5651 8325
8869 562
302 241
467 2120
6597 3261
5169 2723
8482 5312
632 4171
8374 9749
309 1342
312 1831
8549 7596
138 1792
7281 4657
3631 3412
7626 4337
3609 9895
9252 1497
5633 1526
1414 9642
9555 1065
8356 7282
7085 5147
7016 7130
8389 1056
6365 8082
7252 6794
4846 5659
9536 5151
7665 1974
4386 1202
9080 2767
3840 4371
7283 3853
3851 5544
3736 8365
1296 8142
1269 7013
2313 5832
314 3306
3620 7035
5474 3169
978 8048
7669 2346
242 3084
8523 654
7406 5983
4480 2592
4077 3282
2667 7285
2447 3119
4670 8502
3579 4167
4819 3551
3082 8869
6335 2719
6568 3055
8130 8611
6138 4146
5234 5163
4600 9460
9964 3274
4546 4785
3234 8033
8390 47
7934 8129
3227 3827
6358 9603
2967 9342
10000 2164
648 3507
2942 909
8012 9870
7941 2387
6049 9573
288 5336
945 548
5477 7741
6728 4275
5833 4181
5709 8565
8786 1071
3950 6579
3047 9333
8446 3747
399 321
1874 7481
7545 6930
6907 507
9702 7543
1564 1448
1553 5736
2498 6566
6349 9167
7562 6104
7678 6154
9389 3756
8402 9464
2461 2567
9816 5095
5118 1299
8047 8512
250 6127
4854 1373
8935 1394
9325 6068
1310 1493
878 6642
4881 9469
3407 3471
8872 5489
9373 5896
3847 5208
182 7786
7863 5538
2486 4309
6419 5737
8096 983
5282 4104
3552 4124
7183 3461
5922 9321
5951 9241
7667 576
47 113
5903 2583
6988 2999
4442 3668
4760 7185
9060 6844
6927 5930
4646 6969
2842 3873
8805 288
9993 3750
6511 1641
5015 6935
7595 9151
8361 7679
3293 9192
9175 6337
1044 9069
390 1000
7799 9173
2606 3592
7862 1911
17 3969
85 8129
6807 4789
7211 5698
9522 5708
2626 3251
6748 8638
1767 4821
771 6731
3423 2561
6871 5478
7711 4586
9182 6744
2621 1558
8505 4113
8204 8282
4344 8768
4991 6715
5811 9946
3748 4686
5239 7907
3740 5808
3854 2972
5261 4994
649 6160
2961 8578
218 9337
828 4146
6626 7200
8396 3835
6678 6069
3098 4759
7243 7005
2671 8461
7924 8728
1052 5383
3590 4066
8901 2211
8138 8455
7307 5728
3228 7360
7679 3484
1028 6211
7584 4004
2089 2872
9875 7109
1745 5743
8429 240
4630 5146
954 5581
7083 3467
340 7196
3682 9066
2120 6208
2092 483
9648 9124
1300 6457
8013 8381
2049 2911
4691 9350
8042 7788
9870 582
8131 3338
1965 8932
1469 3874
2884 3386
4622 6371
5567 8223
2856 3407
5222 8281
5601 9819
2185 6590
6085 4303
7973 9148
5834 1405
6479 3267
4159 7239
3279 1925
2745 9912
2004 9262
9206 4639
5603 1987
2071 143
6966 9893
1744 5531
8797 4753
3852 8081
4702 4519
2104 5409
9227 6665
1577 3831
5395 5305
6734 1245
7948 2292
6697 3430
1178 389
209 5750
5283 2996
2487 277
4599 9956
5107 4807
9875 8629
5461 4566
3429 5224
3515 4869
1165 9786
1536 3300
3955 9058
8716 8792
4930 8708
9261 8690
3990 1799
9251 6467
1089 2400
3830 2851
1995 1103
5868 382
5413 1792
2816 2542
8846 9904
5310 5630
3922 3976
5840 7374
1943 1536
9416 5397
2174 3776
6137 3431
9794 3577
647 1591
7150 49
9634 8998
19 4862
5465 4502
1256 9166
3841 46
4728 6622
2031 3212
3591 8661
8007 9022
4149 3025
2344 6443
7117 1551
7919 2268
9444 3351
508 5907
1715 9331
160 34
9607 1211
9036 4942
5121 4577
8195 3064
7160 2924
9373 294
3538 9108
8679 8886
1918 8048
1677 1562
4051 7238
8188 2998
7732 6962
9477 7213
2795 4477
332 2813
9205 3241
6931 5543
8535 7522
6093 1115
632 1053
3826 959
7728 6963
1314 6494
8123 5247
3239 6347
8887 6692
4051 9289
519 4200
6674 2705
9845 5490
3451 7196
8137 7186
3040 8789
8262 9583
9857 6238
9932 3252
2807 9564
7626 1453
1716 113
8929 5824
30 9345
1066 9096
8698 1359
4434 5073
100 5894
8333 4024
2892 7897
9345 1622
6332 2233
347 2377
7657 6431
8251 1437
7237 3911
5550 5696
9574 2974
6869 6092
7875 7804
4486 339
5610 1346
8584 5844
8764 8356
6018 2079
9505 8068
7898 7129
6474 5898
9488 3201
4156 3199
2872 7818
6180 2742
4097 5948
387 9004
7036 2049
4535 9237
9694 7399
1829 5346
236 5233
6375 2181
4971 7149
5006 2275
4124 972
2094 5235
587 5666
9689 1146
945 1573
3669 5058
474 3658
1489 7845
3943 4880
3011 5327
3200 5446
8521 711
4286 3448
5791 6739
5048 17
6076 1074
270 4897
8522 6754
3194 3669
4510 2943
6269 6209
3282 2213
3055 5573
242 7152
3958 5269
3331 4284
1646 3695
1865 3918
7926 9603
5778 6075
7403 9672
490 3130
4947 2021
9492 7788
5818 7977
575 5278
4796 8233
1240 3444
7736 7922
8061 5809
3851 8824
5394 4058
4510 8108
2074 4655
4380 773
3099 4112
124 5463
2576 6736
4484 1657
7391 1489
1447 8793
4230 9960
2286 9371
9114 2104
7355 5762
9619 5921
4842 9874
1726 2510
9222 9064
1740 1074
6839 8580
7316 6986
8447 6557
395 3653
8871 3220
3113 6046
3690 426
864 5942
4805 4574
5684 9097
2313 4776
3255 527
5244 3407
9315 1933
5849 7686
1666 3531
1263 9946
9885 1019
210 1137
2114 3276
6459 2456
7494 8021
6482 5184
2824 7444
7834 1081
3204 104
5887 5500
7506 9245
4501 1463
7763 8617
5612 2525
6067 6060
9423 5686
4157 2009
1789 6764
2250 8341
9067 7838
7239 4224
1776 699
747 440
9068 6963
6155 9782
7414 7534
1243 5612
5224 553
8096 3689
5486 1370
4590 7776
6705 6707
9799 8305
5657 4613
3417 2261
1234 8558
4519 9691
9477 1368
9940 130
7380 5844
6652 5547
1853 2577
2718 1405
375 32
6551 5132
6361 5506
1017 3627
8632 6088
6317 688
1459 3600
3579 3569
6392 1804
1758 3359
4491 846
5030 4281
4539 9840
9980 9659
64 9798
9279 5308
634 235
7939 1648
9028 5474
9121 7429
8210 2564
403 53
1350 7929
6810 3117
7292 2163
8463 8943
8993 3057
234 7167
7639 3528
5874 7657
7251 4020
7492 4988
3058 4725
1702 9924
3429 9874
2301 5422
3830 6270
9136 9051
5743 3136
8721 4826
5735 8078
3174 907
5713 1970
1580 6165
3110 9998
9769 5611
5123 4718
3286 1962
3012 9479
2341 8852
2669 1834
8493 3594
3870 6985
4334 6061
5336 5207
3729 4949
6471 5993
6311 5945
2216 5021
361 1767
6848 1599
3414 934
5573 4942
1295 7335
5015 503
3020 7136
920 9845
2708 1334
2103 5411
8752 6008
592 87
2657 8022
9585 8362
4049 6135
857 1675
5254 7245
2754 8676
3718 5470
4656 5290
7839 9405
4163 6741
682 2388
2528 4302
1161 3823
2975 430
9458 3793
4495 9321
975 5607
6450 1287
406 8779
3984 4123
5352 4676
3126 5130
4648 9263
2395 4416
4508 328
2581 1152
6420 4369
1040 786
5331 7877
3589 4186
5223 7559
4017 4139
9399 8881
3289 1653
2643 5466
7297 3631
5188 1608
6143 7730
1709 771
8745 6702
7993 3789
1528 3435
8150 551
2071 7522
2800 7461
4224 947
4697 4283
5160 817
8843 5216
1864 4094
7680 2845
6833 1486
3456 1401
1217 3484
7737 6815
368 9189
4845 8948
4612 7405
9743 4910
9581 4800
4576 7142
7098 5268
6660 2230
5976 6080
4175 3796
3757 4490
894 6995
7492 8464
7140 1946
426 714
1073 8210
1658 6569
528 6309
8262 6149
6789 1583
1640 7723
9133 4119
5699 2458
5625 9510
5705 8626
7548 9140
7342 4117
2820 807
5496 5703
6778 6422
697 6102
2674 2200
6600 9474
9885 8690
9428 1474
9925 8186
2303 6469
6298 9279
5675 1127
2678 9143
3942 1907
2335 1437
7408 372
7315 6028
7045 2191
6006 4937
9586 742
3035 6590
254 4886
4221 6338
3673 3717
3377 8571
6270 7368
1459 7247
1312 8321
6000 4085
3903 726
4689 7776
5518 3382
1421 3831
3551 1493
2073 7050
6015 3002
2982 1077
920 6604
715 2229
8933 606
1975 5922
3226 3645
2560 6584
5739 277
5979 7529
9310 3168
2737 8380
2170 5394
3522 3954
973 9180
62 2001
5010 953
4459 1912
4556 8935
8579 9668
6475 371
4688 6431
4885 5066
4437 737
6433 4831
830 1540
6447 1750
8057 8492
8219 9848
891 8998
127 1467
8260 1078
2989 7689
6558 8007
5916 5344
2231 1905
3445 9445
8512 2667
6294 404
8700 5000
7661 1791
2217 2844
9778 3265
9583 3844
548 2225
9627 6527
4795 1479
4117 3819
1342 7416
7765 2805
735 4887
4563 2904
7716 7521
1610 3958
366 5074
388 5093
542 2893
9340 9085
9341 859
2054 3019
9835 697
7871 7458
4935 5635
646 5523
4314 372
4097 2210
977 3720
5746 8340
2163 6732
8990 5294
2419 2686
5644 6462
7102 8491
3217 5331
7657 2260
6934 5059
6072 518
7029 6823
1341 7795
4000 5373
1011 8256
2751 6899
5611 6018
5870 7928
9683 4623
990 1056
5445 1963
6230 8013
3919 927
6646 1564
6771 2454
4542 1049
9387 4194
2960 911
2619 4938
122 3716
1733 6176
1262 864
6620 6224
9398 1860
1771 1607
6671 2321
701 3294
2258 1488
6655 4239
2774 9343
1846 4566
1752 2965
100 5328
7754 678
1349 1229
2474 2657
6481 3813
615 2445
1419 5846
625 812
1628 1779
1684 3137
8983 3526
8464 7417
9023 8092
6951 7636
8016 6620
7604 3951
3062 3412
4946 7743
5270 3723
4329 8604
2912 4146
1213 3079
2731 4923
1729 5559
8523 5474
9187 5950
9987 1433
6997 7859
856 8493
5513 880
7040 6198
90 2487
5137 4276
4773 4978
1492 2627
4932 6864
6432 4425
1383 9577
302 2499
780 9667
7507 4832
3220 4957
1854 9936
7188 4294
9063 333
2590 2249
8646 8839
3832 9917
3951 8144
4294 5739
3554 8932
3821 6091
3984 419
261 67
439 6460
1516 7224
5801 8409
972 6867
1860 3806
1323 1820
7991 2290
5194 3299
7617 6320
7642 1898
6119 8878
9049 2538
4917 3000
5035 543
2966 8907
4366 8700
9078 3605
4832 2989
3364 5674
1579 6814
4610 7615
5812 1197
71 179
539 8105
5777 3404
7443 80
935 1899
1530 2138
9621 4546
5384 1025
5888 899
4253 9556
6931 9316
729 5029
8337 381
9652 1445
7468 153
8391 4127
1666 8003
8160 5837
4728 4707
3133 5556
6030 7952
6395 407
5260 671
3794 7765
830 1511
7965 4861
9131 1704
6641 1906
9336 200
4904 3317
3 867
2787 3967
6714 6258
387 5344
7474 8209
5051 4678
3317 7828
7473 7997
5333 8237
2080 5885
9891 3563
7282 1638
1432 925
8018 820
8237 6869
5061 1456
7256 6539
1225 9243
6757 7825
9593 6032
6307 3300
8167 8470
1701 6653
1065 7397
4353 5398
9438 8911
1725 6838
259 225
1736 9916
7675 5572
1075 7666
9350 7565
1992 1701
822 6708
9592 2774
9493 1860
9115 7669
495 3142
6486 1430
986 8243
1482 9516
2978 8043
5841 8028
9854 9987
6018 1009
9088 8981
6288 6287
3344 3658
9907 7991
6566 882
3903 3308
8004 4632
3435 6789
4018 5050
2386 358
5615 6890
7541 446
8793 5643
8697 1364
665 3863
6275 4070
2384 6709
6752 3265
4368 1005
8984 7777
3609 3174
657 1084
1258 7324
5357 6311
5276 4114
7406 5065
3345 5075
7158 4331
2542 1461
7030 3942
4472 6700
1618 5063
8840 3614
2321 566
2157 3306
5025 2040
8361 9518
531 4200
1363 2718
314 3911
1965 2241
3419 6713
9499 1368
2726 3410
2483 1385
4974 3512
9216 4849
2353 9893
5893 8121
6857 4155
9445 3483
5147 667
4781 3667
368 7571
779 2338
5149 8127
1942 4302
6002 1218
3331 7885
8975 3175
8120 6913
8254 4039
9363 5553
9640 5682
7525 205
3202 5984
6448 3197
4989 765
1140 7682
5003 426
1762 7463
9804 3142
6887 7005
9149 1409
3791 669
8418 9036
1845 8927
6751 4008
1565 8942
4960 4233
7541 9941
5674 3027
1406 6922
2552 3512
1668 9931
1969 6165
6104 441
8186 2773
8875 5535
5843 707
7545 5156
5120 1645
3344 2594
1968 6964
5347 7175
161 3513
7214 318
1621 9759
7973 262
5426 6795
3732 55
9174 5572
1207 1552
2262 545
8214 7096
7804 92
3588 2247
8042 983
5826 5196
3590 6325
9899 6876
7484 4460
196 1109
7168 7627
3709 7370
4414 5665
3867 9934
9619 7993
6550 5144
4960 7852
8107 5530
876 3816
2340 3230
7872 2867
2626 9903
7202 5786
4034 3145
723 7562
8959 4911
9050 5544
9822 1028
1883 8623
8326 8827
2114 4653
630 8123
2887 6782
5509 4418
8489 2131
4056 9720
7388 8044
7665 5957
5673 1588
5978 7342
6950 5501
8944 6737
8099 1980
8611 8022
9126 7727
7617 7954
662 4538
4680 7319
645 1681
3955 6943
4671 1752
1847 9331
4879 6208
9888 2376
3125 2798
6707 4359
4745 301
2409 3574
6198 246
3892 6731
3424 6729
3812 4501
499 7004
513 398
6903 1217
4081 5582
8809 2318
3442 9954
6002 2125
4788 3472
5696 2629
5231 677
2875 115
1291 4969
526 8318
6692 130
1549 2089
617 7699
5680 1154
5433 6439
7385 7701
6444 9366
3268 6596
5910 1946
381 7890
292 1232
3812 6310
3341 4203
159 8011
9660 5991
6570 6537
5808 8837
5660 3492
2423 4330
8560 6976
2564 1875
3362 4935
424 8523
8636 2693
186 385
7733 958
5233 6106
9637 8058
1550 1941
480 2906
5144 5812
9315 5097
1777 9732
7643 5043
8490 7823
7968 7882
3835 3362
7360 6284
4539 3038
8693 3653
2403 1286
8959 105
8013 7805
2033 6337
8232 141
5030 5078
8401 8645
5134 3024
6028 2482
2214 7560
5861 3074
7937 1517
8153 4629
7157 5709
5157 4903
5207 6392
1782 6215
1723 3803
9302 1229
5963 2030
2198 3391
263 7374
2016 9297
3156 3253
8844 657
956 7157
5126 3075
3429 3500
7839 5211
8537 1455
7300 1285
6168 3716
7779 8808
3133 2251
8242 3848
5931 2272
9677 8402
6531 5611
7288 8115
2343 8833
8942 941
2838 7814
9136 4633
8100 3650
4992 9351
8111 3419
509 9476
4313 324
5779 3286
9094 8003
3269 3839
4784 6379
8656 3858
7809 4622
3856 4779
2908 6793
2682 7289
2851 8618
4916 4395
9354 9006
561 3351
5424 1216
6625 7606
1503 1990
7258 913
3351 1668
8645 3578
5495 1155
4094 2333
6544 286
4291 6935
2610 5139
8488 8010
4045 8325
4721 5635
5165 8202
238 2281
6923 1341
3481 5648
1144 5560
7689 9213
5903 5479
562 2023
777 7473
171 5836
3411 8588
2526 3232
2756 7070
4337 8605
2774 8732
2520 8626
5212 4917
8735 9048
4888 7053
6245 6369
2103 4968
1689 8797
5939 4381
2279 7125
4885 5833
2339 4516
8436 9337
8321 5949
9703 4477
9040 1728
2830 9242
3295 2870
8516 2106
1755 1180
4531 4470
4045 152
2595 445
3483 1029
5153 9201
4180 4588
4221 5914
9540 5371
6859 2156
9252 3819
6549 5696
711 5253
7831 8355
7409 7289
366 7632
7756 2174
8862 7439
2731 1891
7186 5917
1932 7242
1509 2728
4876 2490
1189 3656
9520 1196
7919 3616
5867 7075
1770 2854
4307 7986
4738 9574
6051 6115
3688 5449
727 5750
8679 9096
2769 7201
6276 9705
7397 9965
606 7744
1278 6279
5457 3178
9232 5149
8665 2392
9734 9166
1111 2267
9447 6739
9081 2477
3626 929
9962 9281
1291 3235
5078 6419
6475 2362
9119 2207
1002 6882
1091 6188
8801 1217
1416 1203
289 9756
4192 426
9533 2577
9312 4633
2823 1008
4914 2807
3228 2841
2726 9705
9837 8845
4748 3725
308 3280
3679 5864
4727 2027
1434 4105
8243 9137
6697 9962
9090 3108
4343 2584
7699 7590
3091 1208
8756 1124
6544 7480
5450 1441
3767 9372
4414 8846
1298 4122
1067 9884
7872 7516
1436 3631
1471 8271
1009 3535
2416 3444
4675 3895
2430 8560
305 7038
4964 1692
5859 9255
7242 6930
1320 587
1483 2960
1375 2368
200 4181
4457 9637
9017 5664
9103 1571
4209 1263
6051 8455
9171 1407
6816 5862
8292 4356
6957 3551
7897 6125
3655 1273
8147 4450
2757 2177
3685 9330
7336 2147
6804 4090
1217 4636
8111 2167
4406 5861
9066 4668
5010 7649
9354 954
9899 5347
9743 2539
9227 1047
7001 9070
3953 8628
3121 5248
4770 6908
6238 7151
218 8817
2267 5779
4921 181
8933 2881
7787 390
6293 5122
8771 7197
3526 4467
7689 3479
8600 7139
2200 7837
7780 7991
8740 884
2144 6180
2257 6705
8857 3124
6155 8621
3544 7394
4980 8321
921 6969
3070 5593
6865 9520
5357 6019
750 7252
6294 5323
972 5748
4914 3905
4179 395
6580 7442
6363 2164
6434 1119
4884 1972
3851 7727
5156 5661
5463 783
5102 6920
4607 2502
8705 9606
8420 1367
8370 6742
4911 9253
6969 8350
4806 761
47 8604
3737 618
9999 2682
5224 5928
7885 9349
9066 4641
231 3960
8921 2086
7319 1880
7565 788
385 5785
1184 2767
9157 1364
2498 9179
2239 3907
9970 7041
2522 6389
9455 7769
194 3615
4928 8745
5678 7688
6925 1732
5492 8847
5546 9226
9148 9445
2963 8442
6164 6644
2672 2200
6210 7702
6460 2738
7848 1774
1244 3948
5311 4409
8817 3568
6545 4615
2928 9433
7671 471
6731 8473
201 5898
6793 3219
3083 2989
9726 9035
9773 86
3605 1294
45 32
1722 2706
9545 3770
2704 8947
3946 9087
3360 5060
6514 4252
4279 9442
2906 9492
5528 2148
4044 6540
3833 9798
5325 5049
5566 4803
3997 9110
2388 5607
4130 8713
7995 8841
600 5149
9975 9296
6200 3560
4384 9666
1614 4895
3136 689
8923 9364
1838 569
1480 2535
2561 3592
447 7306
4389 7661
495 5553
8468 7515
4584 6061
3936 6272
2468 9613
4573 7668
3906 1371
724 2049
7093 9768
8651 6966
9624 3542
6557 8755
4481 6722
7020 2562
123 5630
6157 2296
5516 5498
8449 9101
6800 6444
4978 9503
1489 2747
6096 2027
9369 98
7994 7341
8616 5977
6656 8983
3186 8724
2829 3068
333 6126
1646 998
6696 5977
849 627
4042 9960
2863 153
5850 9138
4622 115
4504 6638
4300 9352
7294 4534
4422 3183
3487 9901
6101 8214
3141 6874
3825 327
3141 1605
5103 3223
3008 6653
3828 6941
8471 1563
3570 3883
2533 8210
7614 6130
9115 8618
6633 2992
4830 4328
8426 5889
4689 9281
4703 2355
5020 1359
6480 4192
6458 6718
4998 55
2209 2813
5717 7688
7793 1876
844 6528
105 793
7338 3918
8416 2281
9410 1524
8265 679
1859 1568
2895 4317
4630 7236
2263 6503
2397 8274
1680 1494
6033 3086
9288 4751
7518 6769
3174 2695
6398 2210
7956 6773
1943 1245
5582 9423
937 9380
3095 3823
9014 2425
7351 1513
2117 9720
9755 3534
9243 3871
8935 759
8001 8904
7823 9843
9864 5473
4747 8286
6798 3719
2665 822
1810 3186
3262 6417
3326 4354
76 3328
6537 465
9019 9134
9296 5543
3006 3359
9912 1391
6630 6869
9209 185
5794 8588
2240 3649
6898 21
8812 7543
3611 1489
8036 7769
132 5217
3307 5940
1470 1361
7520 8692
1764 3837
2893 5604
4344 4348
771 9580
7187 7659
1905 9010
6899 6625
3221 592
8873 891
6033 3373
1766 9192
5786 2140
5363 2004
5002 4064
8128 751
5608 7665
6587 4581
532 2502
3151 7122
2432 3061
3442 2502
7843 1472
6341 5733
5416 8094
2248 826
1094 5603
4625 4115
6171 8151
8448 9164
797 2825
2726 2792
9116 892
4238 798
5916 5586
4561 6752
823 7749
3729 6553
3777 1178
5017 7959
8084 7755
1720 1768
278 749
1887 4869
1710 3050
8135 4359
3291 7774
6165 5776
9469 2896
4211 1105
5886 2699
8011 5342
9120 7342
6589 3732
5892 2550
9118 4359
5153 8797
7659 6369
87 6366
3058 1943
7391 2698
2621 5228
8858 5538
5007 249
6791 4650
393 496
4743 8409
813 2276
2870 6065
3150 4243
8628 5771
6431 7054
7416 9304
5284 5305
2966 644
3507 1134
9856 9558
9641 1175
8106 1407
1228 8725
5593 4776
191 9906
3270 2027
173 3412
8709 6775
5604 5946
4534 6304
9197 3663
5314 4693
7860 9389
3081 7064
9632 2891
8613 6316
7998 3622
2723 3966
1778 269
2098 7461
2300 1346
7242 5012
9169 3621
512 8166
2424 3797
6480 5621
3341 6589
8768 4012
4900 3494
9461 4966
5346 6778
1940 9102
2145 6704
6682 5636
621 9217
1020 9575
7652 3168
6275 2313
7165 911
4722 8297
7633 5255
7031 8090
5521 7254
3164 5485
4746 2123
3030 3309
6923 2084
7591 1599
3979 9246
964 7918
2241 2860
6639 7260
5211 870
5839 1360
6080 6717
5247 8099
6049 6283
750 3814
1232 2762
5305 4699
2826 4300
9116 9086
5485 9534
2962 1215
8942 6156
9769 2073
211 8526
9076 2112
390 5143
951 2042
9731 6148
1159 2651
4678 6767
327 4892
4792 2380
7337 5295
5708 914
4741 7290
1351 9093
3868 1631
5394 3118
3999 10000
9754 6761
3557 9521
9301 364
4173 1087
5552 6400
2966 6542
6125 1212
4948 7097
9137 2993
2965 2080
762 7059
8682 8536
892 8698
8113 9809
5520 7543
7101 7683
6115 1622
7134 291
4656 3912
7568 2645
756 2755
5337 6390
1002 9101
6533 6930
5056 8300
2315 3918
3718 2447
1627 5797
6453 9679
3084 3717
8541 6114
265 8202
7084 9833
8664 4494
6207 3899
2967 8253
537 8064
4479 6116
9505 4658
933 72
9352 9783
9157 360
3517 1054
1441 1121
3253 6116
1165 1576
9450 3656
3331 4829
1976 7837
7098 1493
5575 6841
5013 8834
5291 1796
3116 308
7701 4296
5780 5613
9562 5114
3520 1049
8648 3378
4640 4247
7617 780
477 9167
3077 527
3709 5649
3287 7131
3765 8505
5679 3071
174 2865
5675 8512
6531 3644
9774 6117
1340 8632
8514 8473
1911 8555
371 9262
1030 6766
2335 4242
2951 5193
5340 5488
214 9375
4280 7662
7065 7059
8461 3192
9661 6843
5894 8625
710 5992
4541 9394
3530 7708
697 3701
2536 7067
6526 2983
4397 758
2776 3397
9565 5055
6534 5522
2661 1677
3043 7256
6023 8071
9845 9655
3750 2086
6492 4046
6012 6301
8408 3824
4240 9154
9954 1715
3054 8279
2709 5640
783 409
3702 5274
1218 9865
8590 8890
4757 1021
8063 4396
6056 1787
1068 1760
1603 1106
1574 8870
8666 8092
7504 8963
8582 9497
5479 5987
8240 4525
5189 8903
688 2915
7017 9533
318 183
2068 1259
409 6271
2780 7184
2251 8558
2870 2365
8050 7332
5731 7346
5417 6471
1348 5473
8480 6440
8421 4816
7396 5722
8500 2326
2210 3865
9553 701
8170 3806
1709 948
2797 8821
2212 8897
3962 424
2015 8875
7016 9708
9568 6850
8569 2344
4497 9918
3247 5303
7259 7916
6027 3655
6632 2342
1455 6661
2805 4296
7095 2611
1380 5015
8747 9749
1643 4797
5120 4513
7806 3025
7452 3672
1842 7713
5079 8144
7152 5145
1328 8428
2361 4883
587 116
6783 1101
26 4686
8241 2273
4912 349
5206 421
9399 7778
9294 6809
3289 8729
2124 804
4716 3686
8818 362
1902 9436
3191 2632
1232 3418
2253 6701
2566 738
9548 5349
9863 3975
8555 611
4795 2739
4624 1194
1001 925
3685 368
4752 8474
9005 8177
2230 8302
5824 523
2381 3892
7963 2531
1821 9454
4438 4328
8703 5140
9828 8843
7155 357
824 2805
9853 5031
2996 3474
3480 1076
8661 3755
3399 8994
2645 4925
9716 5790
2497 4537
62 5693
5548 1932
7558 9394
9665 3584
4552 27
5839 7746
5012 6523
4190 9157
6914 4356
3528 7947
4378 5374
4722 9716
2200 1887
260 6929
5920 8353
5589 1378
3230 5263
9440 5557
5596 2942
8736 7455
8935 370
8567 3257
7985 4804
7339 2826
1297 7174
1084 1126
5319 5998
8052 9435
8725 9028
8471 9220
881 3695
9293 8497
6720 2492
9331 4998
5794 7538
4059 9980
5258 4045
7692 5036
1872 2736
6134 757
9268 9946
1300 4722
7610 5960
4449 2055
5689 4221
4612 2097
3852 6958
5454 8975
8656 7874
6673 7655
644 6655
1699 6582
7877 1847
7517 986
4686 6195
8353 6794
9457 4185
7547 2568
3244 4938
5704 1335
3174 1452
3039 9362
7530 3530
8507 7329
4019 9469
1023 7801
8627 5457
7281 7406
3722 9142
1522 4429
1766 3341
4226 1859
4461 6250
8029 2222
3025 9969
7204 2556
1531 4296
2798 6469
3266 6679
4877 5325
1121 9687
1996 9505
7506 4989
1755 1322
5042 8072
2242 1229
1854 2636
9685 9990
5551 3164
8309 5176
2439 4555
6588 6179
5380 3450
6621 4483
4037 9443
5128 5464
3187 4523
1915 2258
9186 9839
2132 6194
9851 1973
9866 4488
3720 5500
4511 4241
369 5458
4826 6754
912 2253
1313 355
1078 5616
5946 5194
6207 6426
3746 5686
2544 5556
4917 2620
1201 1037
5928 1140
850 5837
437 2733
8451 5672
2950 1564
66 8556
472 8950
3220 6725
2554 8414
7700 8828
1161 5128
9608 9466
6843 9667
1201 5239
1342 2191
9114 142
762 9826
7533 9248
5907 3595
6293 1659
7278 8671
9495 4028
161 3305
6692 5512
7713 4705
7456 6270
4645 9336
1071 8885
5783 3919
7959 773
5917 7776
1603 7462
6760 6323
5826 5095
4333 8401
1127 101
4246 8917
6993 8997
4738 3378
5599 9187
9815 3980
477 34
3652 2228
6158 2622
318 3571
928 9706
6343 6246
5264 8015
3904 9886
491 4911
6634 5149
5668 8704
4237 1142
3218 2935
7086 7103
6394 7958
4130 7822
4135 4570
1876 1077
3743 23
6194 4385
988 9790
141 7263
1785 5932
2044 3415
4431 5687
7230 5029
1459 2688
5061 9727
7783 9743
6408 1616
693 8442
8905 1775
1003 3801
5143 5171
8141 5229
5949 3924
2744 3807
7894 7143
3446 5647
746 7541
6900 4271
7235 2109
4015 7412
7942 7575
4688 5620
2395 5122
5124 5927
8457 2794
6593 6439
8409 9252
6889 9492
7338 559
8712 4701
341 6190
2346 1579
2306 5986
2561 7843
2319 2522
9278 81
4421 8492
7332 984
7165 3563
5687 7375
481 3784
7842 2870
3847 8209
2805 6574
9524 3705
7916 9909
1937 8846
8940 5413
8905 4094
8381 879
783 7901
1988 6235
7229 9108
9304 6815
5785 869
7584 3239
3899 1988
6722 3625
9395 85
3003 7494
1549 1304
9849 5642
5810 832
7493 2161
936 8600
6458 545
1827 9482
8998 1272
2253 7494
6068 56
1545 3203
6950 1428
3011 9039
4340 5240
6447 4311
4043 2626
6972 9189
5802 5599
1507 5510
484 1454
9260 2409
986 839
1054 6519
2785 999
9356 6645
3148 1704
2357 450
7418 1388
3376 9976
8374 8584
8217 2636
6879 1889
8421 2196
7234 6815
560 6171
3807 7116
1115 2228
9224 7160
6331 7460
6316 8933
1272 6793
8972 3248
7316 2623
1004 9379
5496 2506
8819 695
6007 7880
8242 3793
9989 9703
1572 7159
4286 264
5787 491
9624 6963
7334 9968
2184 8344
7399 3007
5517 7895
5997 3585
1108 446
1643 1788
4674 62
6996 9013
5447 7989
2451 4999
2463 5416
3379 5423
8143 2495
6294 1742
1558 2145
9920 8491
3369 7680
9437 2814
3701 7939
4202 277
9026 3797
9400 4493
6583 7180
1941 7219
8822 6117
7551 7950
1598 3732
1895 2016
105 1498
5859 173
3663 5772
6293 6564
4519 1882
7636 1002
2136 8925
5175 6023
5126 1860
39 8247
264 760
4394 5515
199 8224
9061 7477
2555 9688
9978 1372
8263 9000
1263 864
7300 7714
6914 5306
6716 1129
9824 1744
8643 8221
7107 3850
4584 9326
5658 8976
9644 1916
5607 8026
3577 9770
7699 1503
59 3235
453 6589
7569 5362
1724 8091
4670 9673
8770 4972
957 2855
6420 7008
4177 3767
4009 5928
9335 7230
5940 7782
24 9203
6562 7438
2754 7990
1860 5255
9351 3310
9204 2602
192 7542
4229 5338
7537 358
9344 6041
8349 7927
2509 5083
5760 7398
4722 318
6090 4861
3388 2102
1703 3049
5564 6369
9681 6361
2882 644
1126 384
4477 583
2285 8521
5414 1191
8983 8161
6639 9242
8899 6480
9464 9220
5987 9986
1880 7991
7202 9614
12 2386
7916 3660
4800 1235
7126 9640
9537 6037
2589 7749
6718 9248
9416 853
7576 3239
3413 8812
1013 6276
5292 3635
119 8410
2085 437
6600 8110
1502 65
5182 25
9319 9724
8884 4919
7108 915
1342 3818
2696 7777
4823 7998
8261 5960
6513 4302
8177 1164
1989 5203
3967 5821
9675 1978
5291 2877
8322 4483
2033 7884
3858 2483
4861 2588
9588 3159
320 5022
1775 3100
2818 2139
1327 6555
5040 5735
9630 188
34 4085
4293 8670
9773 908
2845 7079
9856 650
9253 3434
2403 6148
4042 9274
1927 8165
1353 4679
5442 1350
7240 5770
6727 7720
2032 6094
1629 2795
6458 1198
8281 5564
5384 950
7684 1121
6448 3172
35 2292
522 4421
8283 9832
2408 4039
9793 2534
3962 8046
3329 3781
5544 6599
9939 9836
7036 7782
9167 4221
2729 9867
5009 5591
7372 2270
9854 2885
9148 4475
506 9951
5335 4416
2371 9141
9236 7631
2840 4005
9658 3231
9158 5964
2941 8802
7170 8227
8637 9841
2977 5844
111 6028
9783 3187
9635 1597
2734 177
9929 2044
4007 3307
6197 571
6233 4618
2137 9677
3141 2237
3181 8149
1684 1545
9672 1183
2540 2152
471 8389
8062 4362
3395 3254
5553 9429
7235 7337
3175 1273
1865 219
6791 365
5303 300
5276 6119
5512 2725
3119 8076
8179 4501
5996 6227
7248 7106
582 5753
429 4570
5221 3020
4406 9547
4509 1967
678 4238
40 9825
4035 920
5515 2086
9879 723
9005 1072
8439 6113
3554 9578
8031 9320
5360 4527
5967 4244
5877 6081
9996 6036
5980 3198
6363 7539
2663 4951
209 1535
6119 2926
6672 7932
9231 4122
6246 9199
9760 2589
6597 5950
5746 1156
1326 7306
6828 3792
4041 3439
7709 2321
4076 5481
7378 4899
9186 1024
9608 745
513 877
6156 6220
9963 9902
9693 7139
3941 6541
7912 8627
2696 2937
9695 5064
8602 8183
1120 1290
9495 3160
9833 6227
9391 4200
7983 9683
5797 9260
7765 7416
3664 4772
4223 1192
7947 441
1584 5013
3923 5489
6972 8764
4895 7275
1967 4978
2862 7902
4722 1963
8183 5673
6497 7431
9460 4911
8569 4728
8248 8159
3735 5561
9458 8054
5920 5614
4523 9799
1869 1776
9784 7603
7533 5296
4397 3871
3723 4745
5698 9286
1607 4002
8372 7231
5469 7107
9163 2119
2653 2231
2878 3285
8128 9286
5180 9671
9699 6920
1800 8027
6530 3755
5655 4037
7752 8820
9823 1662
2516 6691
2378 5122
512 7334
7793 673
9201 6146
3642 9274
9813 3660
6268 5000
9055 3694
6606 2012
1940 76
325 2092
6067 8180
5149 5323
7371 8613
324 6113
4359 6937
4957 2820
5205 18
739 228
4406 2912
6497 731
5703 7623
9354 3744
9771 7111
3018 300
3803 5010
2624 3027
6090 8578
9326 9518
3214 6762
653 9986
6970 2718
2071 6269
2958 166
5942 9196
3640 6865
9942 1195
7425 8351
2291 4765
2567 6175
3928 9642
6248 5484
4600 6059
204 7810
5084 6544
348 5128
8696 9783
3072 2352
2690 9928
2550 3002
1769 4183
6366 5887
6682 7259
6965 4992
2795 2091
5856 9996
8439 4064
8890 9563
7736 9288
4041 9164
696 5393
9517 58
4668 8295
9372 5048
988 5174
983 5571
103 150
7695 8007
2891 621
229 2911
9376 4174
2483 8427
4121 6740
6716 9984
9504 5667
2667 9664
6147 4903
4706 362
5438 3876
5054 4066
5491 177
2740 4708
6669 1469
3856 8228
4512 3933
817 4676
6951 9751
6079 6489
539 4509
286 6287
552 2793
7176 9541
1487 8373
1966 9027
5536 7738
7501 159
6037 5646
4004 4646
814 4764
1874 1594
252 1610
3421 3957
9868 3902
2920 1398
7716 6180
1801 1235
7506 9599
5196 2206
6775 957
6183 6350
2568 168
3956 4070
538 3184
1358 7434
4492 941
7018 1237
1924 9262
7067 2023
2351 3449
3024 293
121 842
8482 6742
7977 800
5075 9393
206 6373
7057 9331
4095 9973
3674 3792
8004 2923
2662 5467
8068 6998
9716 2582
5848 5889
1565 3791
4976 821
1660 3188
750 3441
6093 8675
793 910
76 7601
670 5799
9284 9654
3465 8855
6002 2324
8473 6297
7771 4806
775 2698
5633 4343
1285 1446
1604 5667
9741 9777
3235 5006
2335 5836
3001 904
7550 8984
567 2733
1814 8633
6659 8581
4734 7340
7701 2633
9144 7055
5165 2529
5051 7748
5854 6139
4968 2100
7835 1085
4261 2096
6710 666
6766 3973
3207 3687
5227 7118
3241 1949
8217 2059
4323 9338
8079 1312
6512 2126
1951 7593
4597 8307
8888 2952
770 4988
7207 6579
8611 2485
5598 9183
5314 9214
7818 8287
2241 4349
3672 5302
5740 1470
2491 3234
6564 8966
7289 3359
7187 9027
8579 9766
2745 4756
6478 6861
5809 6681
7132 701
2950 8424
3025 3211
3138 8491
7645 6721
3506 396
312 3124
952 542
4290 3288
5348 2228
4437 7006
2184 2451
9011 2023
548 8917
6881 9697
4078 7883
8710 4509
927 3613
5078 7420
7921 6513
2233 901
8805 7148
2003 3165
7170 5628
5617 3441
8171 5857
8265 9188
3329 5240
1344 4240
2193 1451
743 5859
2589 6522
6247 122
1100 2549
6955 4712
2361 7587
6165 8933
4636 9005
1386 962
2604 9640
2014 7868
7623 6349
3674 6326
9810 2807
4323 5230
6072 7638
4386 4307
7914 749
3098 3785
6286 5521
4524 6030
4634 3474
3190 7236
9140 7178
1676 7476
2267 1960
2269 347
2003 4296
7362 3744
8111 1791
7328 7586
2178 4006
3468 791
1796 1897
7830 4644
1343 1982
1898 9181
8870 259
7216 1549
2652 5641
1240 300
5580 1351
3864 187
2637 9706
5234 7002
1584 8812
2920 3711
7281 340
8698 1042
6964 106
3703 7318
7232 6967
9229 7518
1380 3568
9499 1513
8518 6080
7135 7532
5343 6595
3623 4516
5301 9813
7863 7896
413 8428
4276 5395
4453 7307
3715 9588
4576 9605
8714 1940
3962 830
6050 4661
3165 3628
1319 5661
2079 384
6519 1775
2954 7078
929 4910
110 3618
4396 7950
5955 4145
3328 4964
6150 1023
3312 4722
446 288
2071 1030
2761 1665
9214 5085
9700 3606
578 2495
1253 6790
382 2724
3081 677
8556 9213
9673 5172
5186 6260
4701 5305
6993 868
7933 7094
3927 2605
5349 5114
5077 7149
2751 2210
6268 7619
57 4961
2054 8864
6812 9520
1275 7782
3640 4094
3743 1910
6627 6972
9258 4454
750 7269
2709 8129
1804 447
5861 7517
35 9632
2249 4400
2122 1204
8149 6026
1924 1670
9977 3745
2069 7749
2245 2501
9061 4227
9708 1511
7572 5570
9243 6768
4729 9484
9381 1774
1569 8498
6391 7092
8501 1952
4796 3167
2369 7308
4179 5032
6068 6136
1125 5416
3029 8848
9602 3724
5026 532
3776 5656
644 9228
6199 3916
1235 2389
2795 3252
1254 3578
5163 4961
8246 116
4918 3651
6368 6037
9026 7348
3116 6619
1240 7594
3206 1280
344 936
8020 5054
8805 6130
96 1124
5255 3902
703 8581
7648 196
5424 8400
6558 1441
8157 7856
2582 1255
6936 2630
3619 3365
7426 979
4790 905
138 5826
2579 3831
8870 1166
9982 6540
5298 6467
2787 7451
5098 805
7855 9331
6476 4475
6572 5700
8530 2705
3001 8287
7639 8669
1965 2715
2738 5261
5523 429
544 8609
9280 8324
5232 6523
2669 870
9429 9277
9317 6896
1620 4981
991 4742
7130 6551
9647 5376
3033 5014
9966 9368
778 6500
4318 3947
1614 9958
4811 9701
7809 5646
6337 9308
5218 1608
2015 4250
3340 9360
5886 2056
7704 2436
1487 9797
970 3789
6368 939
5857 7298
3486 1514
1205 3441
1514 1304
5033 4160
882 9981
555 2247
510 2565
595 8429
83 1304
2455 7224
8562 3752
7871 6523
7289 8103
2889 5431
7017 2774
3975 8818
1517 2593
5422 7382
3801 7325
6621 9935
2411 4451
3428 4836
6183 6308
7738 2012
4235 120
9517 3208
163 6719
1310 9680
1596 7362
3283 6920
124 3272
1528 2614
5410 5814
157 63
5351 5793
8935 3079
9451 6923
9125 6944
5594 4101
9486 6219
1781 680
6437 3988
6184 8196
1644 2479
4991 9097
1392 5886
7448 8993
3401 8125
7157 85
5275 442
3400 4715
5178 7482
9153 9438
1494 617
4955 6107
2755 2842
4526 1977
3102 6529
3614 6213
1163 9557
9689 3267
7583 2372
6650 7478
7021 9599
5586 5277
6396 1703
5398 1894
9204 1608
1191 2388
4624 2897
8236 448
5470 6918
906 3503
7111 6564
8175 8165
9797 6949
7756 9624
5212 6190
9064 59
4752 9814
7717 1937
636 8520
7028 289
6651 8772
1665 5294
789 3883
7629 2386
5969 839
1945 667
5267 4120
4846 5016
5969 4981
461 3778
3663 1552
3652 5085
483 3374
9452 2989
7342 2749
672 9508
6767 300
8885 3259
4571 108
4104 1136
1863 943
8179 1605
7773 4582
4806 7668
1902 277
6820 5944
2319 6419
2864 7161
5333 3808
3240 9447
2499 2630
194 8630
8453 7149
5929 6498
8488 5314
1911 4282
4731 1839
1743 6113
1960 8274
3725 9278
1765 524
3138 8633
3847 3831
7994 79
835 2999
3576 2446
997 328
2955 2535
7375 712
6507 3241
4634 7648
8780 597
2671 9451
8408 3349
62 2006
9606 7371
6882 695
1218 2454
7245 3156
7530 5619
2643 3100
903 7735
7789 3431
2235 7942
8799 9998
7586 3722
4428 6932
8907 4717
564 5332
2265 7952
1284 9645
1113 859
2003 6608
7694 6120
4076 3135
6212 2211
5528 1170
2956 1187
3832 1953
5055 2702
9075 6413
942 4547
2674 1984
9794 4336
7038 5207
2015 4558
1053 2147
2657 5823
1930 9573
9214 2466
7241 5085
8618 4417
7199 1788
2322 4195
5801 9079
3637 9398
2397 7743
7294 1026
4188 1766
1303 2872
468 8711
5165 4261
5117 3128
8733 6960
3952 631
2292 8749
6153 903
597 5396
6114 9121
8778 7844
8041 4314
3277 9840
5570 5268
5378 3206
3831 7162
3988 9367
8354 6567
6976 4957
1813 4729
6991 5096
680 4041
4290 1357
1262 7074
7395 2038
6940 4871
8370 8776
1116 620
7380 6286
6380 5680
9100 2412
4741 2306
5467 6921
2493 1811
6023 2976
3866 4338
3581 865
5863 5471
2304 8382
3082 9719
6574 663
1806 7658
9459 4658
1252 8436
3756 6405
3153 6846
7492 8123
8562 4933
5711 3942
7592 8950
9950 9271
1970 7605
2932 773
8041 2346
9624 4825
4896 4476
5829 4052
2567 862
8113 7988
2043 196
2613 1938
8491 1336
4199 3651
4523 7654
3468 1324
9511 1367
5675 9607
9429 1518
2750 7521
9518 8533
5396 5246
843 2269
5480 4529
4450 4971
8639 7601
9561 6352
6732 9027
2583 9715
4437 5159
1525 5053
5429 7510
943 2591
1724 2446
932 4034
247 1026
160 727
2102 4288
551 8904
1153 2647
3844 1361
5631 5326
2494 1439
1235 9058
5052 9501
1150 2201
84 508
9994 4334
2105 6648
7086 2813
8878 6675
6344 1666
5223 1260
5570 9077
5773 4081
166 5676
6861 6164
6011 1714
859 4389
2924 463
3156 7997
3839 3337
3630 6069
3091 9964
7448 1854
6595 9560
2899 8456
3819 3189
5090 6076
2726 5973
670 489
4833 6028
7093 2518
5186 7494
9990 5610
1668 771
5234 4286
8930 593
919 3380
3006 4022
6552 1289
7352 9365
3550 8116
3936 7083
3241 9466
5500 9527
3147 3250
1951 3289
3429 7959
2027 5187
9649 8480
3589 3992
7911 3346
571 9577
1653 2470
5653 4543
6597 3877
8265 5556
5690 6094
2223 1125
4555 8471
489 8276
5198 9467
69 8334
884 7859
5628 1343
2310 746
8287 8592
1921 6637
1711 3011
6096 7720
9710 5912
8896 4744
5559 5625
8452 1285
5050 2370
1937 438
9679 1740
3090 2394
6453 6211
4811 6198
2372 2604
2003 5541
82 4024
5218 8660
7910 7252
8267 3880
5862 2280
3232 1646
6208 1494
9511 6605
7834 6433
8840 6702
8460 6736
2935 9644
9430 1571
758 9527
4257 9549
3204 1008
9768 3012
361 1270
4986 2778
1516 2951
2148 2212
6713 3573
558 3392
459 588
2918 2494
2623 8859
9808 9492
8989 4109
3927 7811
3583 4300
9812 675
1812 7002
8503 741
5312 8601
7988 1475
5799 7506
8601 785
1139 6261
3511 4849
8843 6611
2832 1634
2601 5862
2521 982
9844 2644
442 2090
2642 4737
1124 240
1558 4712
7151 9268
2997 9778
9528 2113
445 5672
6421 5165
1766 6255
4335 1641
5288 4607
6031 3398
5851 2108
5819 2983
9073 6867
4534 319
9644 6813
9194 2828
1206 6777
9197 9233
3254 2550
1198 146
6354 3357
8486 8011
3656 7795
6459 3870
8875 2610
6217 9014
9902 8229
3634 7400
9629 4784
5693 6652
7476 7819
8756 2216
4872 8723
5733 677
1504 1693
4116 1407
5882 8534
3877 6466
2717 9847
9243 8316
1091 1830
4444 1708
3209 8983
451 7055
5627 8179
1906 3534
3012 7441
3103 3804
3148 1346
2271 1158
845 838
9888 3571
9983 5335
5145 912
4037 9546
1789 4670
4763 7102
1714 6599
7317 3014
5414 5999
2364 5714
4072 9085
5266 5903
1302 4797
6467 4894
971 9910
485 8625
6004 3070
2750 6386
6971 8359
7179 5036
4491 117
2521 134
480 3664
5690 3766
7561 9533
6040 384
3104 1506
2060 1989
2823 7727
2726 1640
6642 3036
9449 6783
2847 224
1352 723
4451 9030
2876 194
9294 7240
4637 3827
5850 9566
6291 5970
9790 466
6007 1608
5486 3176
5395 4143
7298 3614
690 8070
3810 6293
6780 1291
4705 7951
8325 9801
4357 4919
149 2819
4295 4024
3149 2173
9998 9330
1337 3218
5796 2183
1266 3013
1204 9030
7473 3215
7487 4326
3138 4451
4370 8333
9664 6790
4780 2311
6524 6813
5445 1182
3239 1816
9202 302
6459 6712
655 7771
7782 4731
9775 7388
6052 3494
7981 5770
7710 125
1714 4545
1088 8225
5807 1890
5891 5731
810 3250
5191 67
3016 6478
3907 6782
7156 2531
8048 3902
3616 6832
6774 4623
6361 9412
1497 5271
9069 2938
4867 8839
7778 5284
271 2147
9638 1430
4992 4454
5672 8550
6578 253
4798 33
1376 9415
1775 1628
1988 5771
3219 1044
6900 9170
4140 3222
5217 5567
3389 109
6027 7926
9325 1621
9805 5671
7659 7104
5494 150
8712 3632
8406 6048
5208 4240
8028 9242
5351 623
143 2362
7791 6355
7046 8094
3751 9932
2192 7544
8645 1085
867 6576
8995 4969
2433 7396
4134 562
3343 5633
7112 2730
5504 5270
8307 3167
5328 4922
5370 9838
8847 4
4781 2674
3610 4369
2956 7941
9987 5998
850 2850
5494 5760
9467 3136
7926 8599
3887 4835
611 4997
2995 310
8385 4276
2498 2056
373 1118
1720 8814
9977 8045
2817 77
1234 826
2085 752
975 5832
8865 8153
334 5018
2775 3185
2673 4051
9198 3727
5202 7396
1177 5166
907 3464
3532 9985
5839 6734
7628 6200
120 4733
9678 4170
9621 222
7406 410
824 5283
9338 5004
3061 1515
848 3242
3837 2649
51 1142
6773 8222
6125 4690
6127 9551
7474 4381
768 275
2965 2445
5117 1801
2254 9
1644 3623
3920 4548
8123 4276
470 6054
5580 1830
9675 3399
2183 7623
8884 2076
8249 7171
1210 6214
7456 5246
7136 7457
3451 2285
9579 7850
1733 6442
1702 2390
4271 1003
8690 6371
9408 9242
4733 4572
9193 5274
7666 4424
8027 5217
2221 8462
9325 7753
2791 8564
2550 5489
6125 407
9059 3342
248 6310
7821 8606
2250 297
4287 3322
3619 9756
4281 2051
7286 5584
2336 3667
4633 7444
6361 3222
8941 6010
6250 608
9430 5746
2478 1749
5584 8640
2599 8292
4844 5039
9188 4686
5535 7816
5732 9680
8774 7760
5564 306
3668 749
7112 3931
6827 4472
4683 1312
6235 8736
6482 9898
9562 9982
2547 4570
6443 8835
7445 3533
8550 6714
8633 7069
3389 5219
7803 1366
4076 1113
2189 7720
5207 8121
153 4955
2021 9860
1676 8842
7834 8393
345 3065
9711 5634
1369 6652
357 2898
6626 4673
5693 9381
6283 4500
2031 8032
91 1295
2525 6227
9431 2773
5673 4089
9429 9601
9719 3585
6404 7803
8187 8920
5230 9093
66 2723
5809 4210
9370 5000
6863 5513
4624 9700
9671 6657
6981 7434
7319 2027
4412 2905
8464 2735
7881 7057
4125 6488
2748 813
5651 9933
7127 9974
7299 3460
4621 2155
8115 4894
5422 7469
7512 3855
2057 9549
1108 7478
5533 6706
205 9189
9624 3609
3248 3639
3077 2893
2005 8573
2397 4841
2705 2179
4049 3943
914 7390
4789 7440
5650 7781
7848 4297
1665 2667
6565 3099
5490 5198
8861 9332
8593 1631
1721 3698
8393 221
9337 8418
1181 488
238 7925
1138 4088
5941 8226
9288 1267
3263 8982
4473 9152
2932 5588
993 9298
8916 7503
4103 7014
6276 8637
2598 2883
2646 1277
2531 1117
573 7471
7214 4929
4172 3583
3046 8520
3972 8186
6161 5696
5065 4900
237 3304
1503 8065
8665 3239
1101 6501
3835 5420
2024 851
8185 9093
1511 5449
3688 4151
1863 1090
9834 6595
4387 3773
1228 5357
8036 4449
7184 5959
9106 9289
578 2778
1980 1202
5090 5645
3211 4010
5710 1400
1352 2418
6590 5843
2199 2082
713 4629
8255 7753
7002 8161
4102 1849
5534 8765
6072 990
1980 5948
7625 6524
6782 4526
6113 2757
9840 1959
9722 2853
4018 8060
8584 423
926 999
38 287
660 9981
2597 3239
6831 3162
6770 9926
8752 5815
280 3533
2555 4455
9786 7343
3563 8634
722 5384
7596 443
4884 1730
8454 9067
63 4575
9142 2064
8306 9656
1812 3237
4676 7681
2164 1158
3854 969
328 6571
7752 373
2079 8239
7475 9768
6109 22
2525 9782
6130 5344
1753 4746
8772 6337
8005 4696
5187 3090
855 6119
9058 3996
1349 2513
3710 6366
6701 7592
8986 4353
6128 4725
5979 1463
4364 4746
1107 1046
8377 2158
3724 6866
8625 7974
9918 4219
4592 1732
7941 3252
2794 696
5697 8301
9913 9909
256 9959
9466 1238
3547 9565
2439 9857
900 6090
88 1345
9205 5289
664 9602
7483 9675
4365 3704
7190 6918
2769 2748
2837 3994
2917 1292
5386 4733
8808 5336
1865 3459
2686 9318
9095 2947
8752 8493
9871 5643
7639 3758
5207 5026
448 2771
2831 3627
5028 4386
3162 2996
5983 9291
5414 5192
4218 3943
5784 8766
7864 2187
6998 2595
4370 6377
1166 7457
62 2247
4427 1903
402 1078
202 2727
6499 3072
7818 1904
6887 736
9608 5970
8486 2945
5505 5443
5064 1670
1178 2589
4642 6962
3662 4572
430 3617
4509 6005
7399 1788
7002 1595
969 2860
1517 3149
8904 2399
1356 5374
611 1586
8256 7688
6442 1184
375 3130
5332 413
3175 9297
5262 8746
6240 616
6149 2257
4863 8134
7720 7526
9736 3800
1376 8219
7589 7254
8345 7546
8780 3451
5125 2378
7000 29
7150 1741
7025 8048
7513 4701
4546 6084
4084 4713
9853 2560
361 1953
7127 4475
271 2341
2442 3441
1742 1908
1324 8954
1246 7153
9513 7387
6827 5532
6828 7986
3422 4045
9645 3194
3713 7443
7714 2808
9256 8596
3061 2408
4920 8311
1459 3203
2883 2020
6143 5524
2775 749
9316 3419
6519 7839
1332 5526
3701 8984
4874 3758
4706 8632
8278 5629
3211 7081
7311 4519
5112 5953
5867 6644
2396 8869
5532 3274
165 2325
6307 4329
3636 5685
3260 2366
179 5776
891 7990
4694 4956
6620 2565
5964 3192
5962 9270
3308 4515
6183 8268
6563 7948
4596 1955
7824 5388
6203 4257
1950 6279
9493 1250
849 3796
7077 619
2172 840
8317 8938
846 8771
7246 5308
4467 5162
5723 3085
6131 2473
3095 2132
4874 2209
7208 5373
4974 4108
7915 7541
7442 453
9173 5725
526 4577
3695 3177
521 8911
9100 3264
6650 3960
6206 5855
5846 2649
270 4096
3271 2159
2558 5464
5778 5471
1627 3296
9515 3075
5802 2314
6695 463
7456 7591
9241 9178
1257 7526
6729 3818
8365 8888
3296 6552
9731 8004
5836 9660
969 6377
3750 152
4662 9635
5383 5156
1297 3249
6795 7104
498 5872
803 3488
1157 8003
6767 8803
4446 9491
1852 600
4749 1619
64 874
3440 4383
540 8202
3961 8001
6736 8711
1189 92
3511 3166
4208 2538
6600 104
8344 342
2179 6227
6612 4881
7438 4474
7019 6499
8099 6074
5736 537
3614 6088
300 9774
3565 2729
2937 5168
2411 1691
4961 2738
2629 6094
6602 5160
9920 3826
2901 1323
3145 5365
2257 1849
1629 7247
1213 3650
6115 5027
3224 1522
4287 5827
2494 7075
6722 7163
2879 4280
2215 6041
9242 5168
1718 9554
2702 1168
1675 2365
211 2286
8986 956
5120 2360
8721 7373
9512 7457
8091 6358
5765 1967
4941 2488
9241 8312
3047 9987
4068 7157
7373 3766
6604 3128
3588 3642
122 7314
4013 7226
3467 4234
5078 3048
7190 8032
3136 719
3796 3648
5983 6675
4724 6709
8313 3101
60 3089
8504 6758
9913 7729
1955 9178
41 6508
6004 1086
8015 4411
6 8972
7794 2801
4765 5250
865 5963
8284 5286
1019 9979
9529 9647
7798 9370
1077 2132
5230 8147
4404 5135
661 9387
1802 2238
4866 4988
9127 5754
1055 1896
6647 9479
5549 2727
6248 5842
5412 9269
6233 5912
7599 3018
3532 5597
6055 4857
5470 8461
3700 514
951 6007
5821 5021
1651 2239
1050 5234
7172 674
1752 8313
7996 9124
2322 5850
9271 1776
6045 7991
3618 1653
2216 9867
2003 5607
6591 5647
6073 2750
9662 574
1245 1586
7740 9852
8322 8179
4203 1693
4005 876
948 1060
8366 8915
4549 2012
956 2861
2146 2936
3206 7394
2570 1045
3310 2386
5922 1642
2888 2178
7963 8717
4244 763
3775 5066
5087 2480
2233 4339
1939 4154
7057 8217
3278 5949
8922 6094
2976 1275
1690 3083
3750 6983
2176 4290
5651 1965
4800 4501
3843 789
2314 3914
2561 8747
2762 4163
2625 6504
3961 7195
1400 8107
7262 8359
9741 5326
8826 2266
3389 1291
7830 9960
4309 9642
611 7345
1096 7991
7893 2396
2504 3981
6890 3053
5809 9583
5607 5868
370 3528
4133 8696
6764 2159
3349 851
5651 6464
4091 2203
7972 1827
8303 4057
4006 8883
2929 2663
5264 8464
5640 7037
8764 3532
1525 7616
8744 7151
3667 9227
3956 8593
6863 2570
515 2432
3344 7888
9958 1899
5090 5048
9053 5931
239 9242
1925 2160
282 1484
1050 8378
6003 1674
5740 8907
6390 8056
4640 8074
6713 8254
8157 8773
8936 2041
3806 1684
6046 3531
345 9653
9920 3537
3976 4874
9169 1200
1311 9709
7365 7728
3587 6985
4687 5037
2205 1810
9245 6027
3806 3382
3644 9155
6866 8772
5401 6847
7509 209
3141 8955
8091 9600
9658 7266
6943 1159
3931 1804
8578 6881
8686 2402
2183 2881
3536 4140
8976 2332
6028 9941
5417 6500
5907 2498
1921 8076
8925 3399
2550 3195
2023 2932
7902 9643
7455 7705
4561 3481
22 9644
4033 8426
35 8447
5484 1970
7876 5469
6737 6317
1018 2379
2840 8814
7709 9813
884 3716
2941 9250
9055 6334
3015 1830
6960 7975
7080 9220
6651 2409
2949 9779
8966 1482
2080 3917
7319 5955
6514 9290
1315 420
475 5511
4140 2
9416 3317
5606 2120
7729 6268
371 137
6338 1456
4587 7356
5659 2451
7508 3333
7817 4454
4673 7446
9523 2812
4377 5178
2730 2505
9437 8435
6135 6158
1074 379
4041 5367
8294 9131
6626 7979
1814 7223
8277 8488
1326 4372
100 5987
3576 6266
769 7602
9210 2836
4705 6962
125 2826
7917 1103
8744 940
5653 8756
5816 7753
4889 4092
9109 1633
3093 9721
3799 4821
6475 1376
2074 2377
9441 7123
6523 8696
3983 7955
3150 6877
5775 5595
7276 2337
6642 4617
4239 3831
1628 3937
9036 2953
1660 622
3610 9034
326 241
9299 4244
6554 2385
9513 2606
6430 694
9228 7202
9748 164
3181 447
7656 2629
9952 5809
7253 1671
9721 3588
1160 7026
6268 5574
603 4415
7730 7268
5037 9493
1670 4059
8492 5327
2266 8988
9967 6570
2917 664
5764 4778
186 2220
2566 7239
5690 9802
6990 6772
8381 502
5866 6757
5112 8693
7194 5525
3351 478
5931 827
7532 4258
5148 1075
944 3281
1997 5974
2718 958
3580 487
6393 6262
2556 9750
4972 3505
4236 4786
100 2166
919 4324
3299 9372
425 2440
4979 8414
798 4232
3061 700
2179 9410
8183 8500
7059 389
9670 4857
3709 4692
4290 6061
8544 7485
8894 3220
5028 3154
5063 3269
6227 2146
8562 6366
5491 3807
5806 6022
9512 6831
3897 6359
6547 3529
5910 1484
1991 5736
1636 7337
8158 8653
9944 5602
4056 2249
7533 3499
8407 4634
9957 5408
183 8786
4161 3626
9722 1588
6614 9089
8736 1315
6594 7048
9682 5579
4432 4114
7028 4874
9285 677
2421 1371
5825 1187
6787 3100
7214 4394
2536 514
8278 3099
3997 3739
8934 2837
4830 9724
2322 6996
7587 8899
9887 4092
3500 8620
6684 2277
1157 6251
1651 5400
1151 1834
5461 2851
734 2921
2857 4134
8722 8101
5004 4394
150 513
1783 3539
682 5241
7844 4091
1967 6901
8807 6472
40 2174
8490 8177
6585 81
4676 2810
1115 8969
708 2627
3363 1817
6344 9659
8115 6092
217 1369
6180 7903
2752 5393
4666 9266
6267 1754
8511 1687
1484 4552
4328 7383
7226 8672
5685 5918
3525 7420
6426 4569
307 1813
9181 7166
9491 3285
1809 9729
8914 5574
876 9796
4927 4434
5691 8005
8175 826
6313 489
3105 8052
798 3232
6618 1725
6584 5592
6713 2167
8889 2516
4568 3476
6919 3052
9153 195
3705 9410
9765 5375
6479 1254
7069 6279
5457 5971
5661 6487
6392 2044
5742 8644
5549 6444
4797 1070
4594 5459
3271 629
1336 7897
9674 6088
2112 865
6883 602
6476 7611
9976 2829
2890 8154
1243 7722
6399 5939
4685 5097
1904 6905
1014 7299
3166 8200
1763 8926
1696 6489
4054 5026
1623 6356
1829 2621
9345 6853
6817 7300
2636 6760
7586 4964
1026 3390
8462 4665
4992 6876
3055 1529
9003 9976
4880 4325
3868 7228
2663 8227
2473 8428
6187 5255
5702 1990
935 3369
9496 7395
7280 1083
6387 2964
2198 5140
8001 1569
2631 6507
6850 7228
5963 7218
8415 6893
1246 5854
3122 8935
2044 2561
8389 3037
7256 8591
1515 2752
6531 5591
9712 7183
6617 4934
168 2666
5353 2642
5793 6427
9730 458
8115 4175
9258 5671
6703 8186
446 9677
3802 4347
243 1966
5144 7775
961 870
1258 1125
2226 4642
4070 7625
8819 6540
2523 5131
9319 667
1436 604
8800 9289
3727 2727
4827 4154
144 8921
3291 2872
9010 6760
3019 2382
5807 454
9636 1854
512 55
3394 2224
6800 8033
607 643
7570 4568
2483 9139
2885 6724
511 3914
3345 5857
5044 1758
1072 5498
5380 6910
6807 2021
8049 9499
9227 1538
6925 4035
5998 5273
7066 7699
7596 7082
322 6416
4934 2448
7889 2118
5215 2897
339 3624
4165 7704
5486 5648
1695 6743
1019 9148
989 214
785 6586
8054 1228
7377 8263
7348 6636
4459 4633
7758 9683
6978 8321
8591 986
8362 9935
2803 5533
2875 9958
5642 1651
1778 4499
8250 157
1101 7802
5460 9867
5187 9112
9383 4708
2517 3944
3440 1424
7951 7990
8707 6066
1867 3672
2384 7337
5659 2393
766 5169
2115 7258
7292 6771
2533 2481
299 4999
8708 5225
786 7288
9594 1887
2247 5171
6586 9288
2769 3800
2428 8123
5767 6742
857 1321
4487 7364
8585 6696
5267 4791
5276 8839
4127 8383
9608 8679
6348 3667
8346 3165
9326 3762
5366 7051
8901 806
3984 1606
4530 1965
3816 1994
9460 6519
5243 5813
5954 6901
7706 3750
9518 360
6483 9632
5156 8058
189 2245
8867 4723
3435 1397
6683 1425
9945 4378
333 5611
4177 3366
6765 7867
2499 5811
9619 2369
6979 3190
5089 8480
2215 1527
388 7961
255 6698
2823 6807
8257 5087
7973 9718
6009 1987
8183 4240
6033 4129
5510 5100
757 1245
9681 123
6241 5347
7114 5784
4423 9735
8409 7863
1431 6646
2244 7135
7425 6327
453 4601
7355 3505
4567 2511
7743 6630
8949 7101
2812 1256
936 6151
1335 7465
4674 2887
4530 1021
6965 9931
2625 5799
2352 9135
6517 7246
1989 8122
1329 1419
7792 7352
6025 3909
9715 2742
478 5876
4372 4121
628 5312
3494 1566
7535 9714
5701 8465
8145 9689
9904 9567
6068 9961
9485 9741
3409 6302
6332 476
9167 5242
5887 4838
7686 2535
6503 3838
3539 9653
7463 3768
7947 9212
9168 3475
8906 7471
8908 7206
374 8422
9099 8793
1377 6935
7400 5037
1588 4959
2268 3758
1966 5976
2130 4639
9456 2576
553 6661
928 392
3122 4923
5443 6855
7520 2611
2470 8918
8778 7173
8660 2893
768 2229
9557 8356
623 71
109 1828
1675 526
6672 6059
4250 5068
9229 5161
4846 95
1837 417
6611 2288
921 7314
3297 4531
2027 7150
5617 7548
314 5510
6524 8151
7308 7777
4093 8955
4505 8711
2234 2545
7174 7455
2154 981
304 5699
9938 8217
8267 1475
950 7891
4139 5807
4030 8290
6616 3529
5540 8027
8067 9267
2753 9911
1309 9160
252 6287
3792 3862
6884 8802
4374 5512
5687 972
9946 7914
1955 8205
1045 8051
1520 7219
1948 5889
1037 4786
5277 2757
8719 3436
9271 5499
2751 3258
3046 3192
7047 2395
785 5424
9221 540
367 3309
1094 5671
7107 4306
8613 6971
3415 9527
3333 4923
8571 6223
1127 9052
594 8148
640 901
7723 5892
1995 8440
7659 3382
7095 7359
9028 8748
4321 8272
8416 1646
1671 3876
3735 6501
9423 7798
5518 7338
4904 9904
439 5328
3164 3537
7722 9410
1847 1838
2288 6888
6145 4591
8873 2140
5907 2458
6107 327
9226 8566
5066 124
2734 1014
9715 3027
7744 335
3379 2694
2052 8873
2140 6882
5671 937
1932 4077
6989 829
300 6493
4109 8417
6017 7859
9420 7998
14 7137
8115 7366
8590 2448
2222 3697
4057 9803
2986 4834
925 7746
1511 5737
8774 2015
6884 5140
8211 6304
6836 3272
7977 7678
7759 9613
1804 829
6679 1846
8443 7823
9279 1848
3643 4404
372 676
8823 6164
7376 5355
1780 5177
2155 2081
4551 3893
1610 2370
2201 9169
6949 6495
8369 7271
3949 1477
6290 82
1663 3874
3180 4020
9098 8485
5137 2158
2657 8023
5464 2083
9211 9689
5727 9778
7819 4921
6185 8761
5517 5314
5679 7234
1505 5782
156 9142
6276 3537
4378 6318
9421 9473
2896 1026
7490 5865
3915 1664
6696 7516
2904 3454
9139 992
6556 2381
1077 6727
2245 6071
1622 6388
5081 4649
9001 8520
1107 6801
7984 5325
2594 8357
3904 1633
3175 9966
3382 3607
9179 8700
5689 2709
8462 4045
9727 2993
5264 5833
7606 9890
3491 2471
9675 8681
1178 2346
9643 8209
9221 9814
6859 2939
7403 3791
1628 7678
3221 9067
1233 3486
2299 6354
4951 5698
2449 7691
6399 8197
3446 7469
4569 4984
3119 5348
5499 6050
3453 369
6991 9692
2434 9537
8585 4062
2582 9335
3581 7184
1273 6830
7926 1309
2535 3189
8158 3513
9830 6077
1940 6249
1068 5221
8851 2027
9554 1295
9677 8298
6201 4705
2128 9245
2337 1769
6978 2716
9341 8659
4559 3181
1823 8144
3118 8471
1861 869
632 8328
5542 4886
7104 8571
5589 9693
8022 4311
6032 8625
7040 9844
9198 2315
8646 367
2992 6575
8700 9852
1063 2083
9594 1317
4403 8845
3858 5495
2285 8243
6566 9600
2688 9472
5692 5414
3898 8583
6382 4689
8968 3123
6014 1332
4899 3226
9991 5722
6015 3076
3619 7317
5451 4637
5449 8135
4447 7199
3978 913
7765 6590
4947 8613
5209 9872
8063 9843
4422 2494
8789 2648
2197 8289
2590 1012
3166 6702
3845 2217
2865 9999
5104 3441
9907 1784
7249 6376
145 9850
1422 6256
7608 5594
8878 6919
5566 6213
4454 683
4820 6188
2195 9507
726 307
9520 942
8243 5307
8724 8526
3960 6671
4452 7654
2982 9936
7684 5858
5443 678
5010 9829
2309 8110
6054 403
1530 5426
5209 3666
9089 6137
6470 489
4244 2216
4196 4372
417 9922
3124 9933
6551 3143
9250 1583
7424 8668
2308 1296
2604 7103
7448 1848
8516 2606
2255 3627
6494 2196
8713 2449
2386 9923
9991 1152
7533 8208
283 689
2008 408
6801 2147
7577 2459
9584 7641
2926 4948
5139 4128
9752 1376
4519 7302
7461 2272
4142 8729
9417 5306
8357 9566
6903 5727
6375 7254
3831 4224
3901 8949
5664 7177
4890 2655
5116 4910
8515 531
2628 6298
2521 1857
268 9498
3744 1022
1822 8541
9264 5424
988 7281
2458 705
3142 3993
7166 8032
6051 3058
2263 8049
7897 8417
5753 844
2279 8560
4737 5904
8205 2765
3996 1011
872 2690
688 4212
1996 1264
5823 5416
8796 9226
8945 2364
1201 5639
5071 4293
8786 1931
1943 8022
2563 8528
6783 3513
5782 4228
853 5880
8557 5819
521 8879
9157 4036
2737 1048
9151 5906
3508 7575
9947 3547
1710 5243
4520 4729
2547 7184
6230 4074
4289 1185
5207 9604
6309 7734
4087 553
604 4722
3600 3340
1827 3227
6344 4633
4672 1966
1240 5375
4430 4585
7816 6300
5047 5115
4325 8685
373 8818
629 59
4021 1699
2792 2469
2587 5249
7793 629
4117 1489
4502 2200
3729 6245
4298 2187
8650 3904
6090 818
6792 4037
1641 1758
6439 2026
690 5110
6386 6799
6654 5314
9150 169
6633 1825
9985 2197
723 9284
7661 4524
9262 7607
8795 831
4757 3672
1919 8599
8929 8113
2639 2643
5086 290
1135 5214
1113 7085
8524 6906
1471 8225
6046 6367
784 4495
3555 8727
9413 7987
8224 4256
4401 5654
5672 7754
8988 8589
6242 3034
5605 6446
4946 2934
2215 8138
5672 6575
7556 3671
9116 8651
8589 4988
4943 7831
703 6346
7572 6168
6723 4910
670 3513
731 8794
2403 6163
2917 9942
2892 5870
6008 3542
9995 6647
1087 3839
5721 806
7455 6452
5847 1456
9901 7296
3416 6234
321 4681
3494 3245
1785 2441
1358 8648
5056 9210
1805 4868
8654 4690
3201 803
9512 4525
9103 2439
7708 8641
1872 882
4596 132
3610 8338
5555 6093
6717 9746
1773 5675
1264 5089
9244 2235
6680 6335
5313 9530
2874 2445
724 1918
3184 6820
4015 8993
6558 3069
4242 2999
4593 8113
5284 5727
7098 6034
5035 2209
4046 524
3456 8590
8228 9482
1571 6414
828 2589
4351 6405
5323 6837
1991 789
6132 843
3240 861
1629 1187
8051 3817
7345 7663
615 3368
1160 8735
2341 4226
9519 3340
5246 5926
9497 4598
4490 9180
8909 5900
9765 9884
7087 1212
9837 8291
1008 3683
6590 9172
3570 739
8776 3860
5327 380
466 8517
3339 9548
6193 948
2194 2566
1613 9179
1084 6016
9967 368
7711 119
9758 1410
6576 150
3719 171
7616 1517
8213 9114
2901 2227
3355 3213
2141 9762
5075 3523
7738 5924
4066 3624
5492 6960
2433 44
731 1829
1457 7529
8821 1685
697 4893
3160 7064
8364 6723
7018 4900
6788 1557
3487 1259
7509 4326
5703 6182
2892 7076
8801 2081
5192 6888
2595 4041
5547 2114
3412 1823
9912 1608
6295 6609
4618 585
772 8064
1888 8400
8263 7032
4486 1601
1425 4296
4056 3696
9673 2741
6333 4721
8972 5782
11 1415
4712 7413
3436 4110
5915 7611
5830 1305
1678 3535
4755 5513
6544 9783
3178 5496
3184 6251
6825 1933
6720 7489
8984 6136
3966 2159
504 7526
2948 1459
2564 8594
7040 3914
2464 7675
2842 7488
9444 5865
1544 3921
1199 4364
5999 8695
7091 1981
465 3547
4087 2449
5053 5762
9762 1050
238 7636
9609 9052
1587 9792
9331 9386
1516 4753
2954 7469
2147 8226
6275 4214
5463 2600
1719 6126
1540 9855
5659 4767
2484 7141
3904 9920
1847 6289
1291 5069
211 2442
20 8459
7215 6176
7880 5313
3061 4578
1296 6320
865 7137
5681 3171
1215 8786
4871 5979
9814 8006
7134 6985
8028 9725
5672 7860
8220 2727
478 5029
6103 6470
4705 3055
2530 908
2887 3266
3237 3571
6082 9057
8619 1612
6489 4535
39 2993
2441 5806
1464 3307
4968 2666
6889 641
4660 2287
3690 8760
9023 7514
6193 5935
2288 211
3415 5654
5986 5418
8627 2538
3657 7225
6841 7928
9876 8673
4046 1159
8081 427
387 3482
7987 3464
4186 3536
7316 852
4962 1403
9092 2985
549 5818
2173 9233
1612 5383
8114 2501
1742 7614
6458 2552
6208 1009
498 1795
3984 7480
5017 5979
3148 7271
2612 3233
6234 3060
8731 1627
8650 1624
3779 8069
8963 2704
6289 4179
3727 6452
690 9800
9913 7272
7383 5568
1727 1914
9582 1531
3092 8302
6094 1277
2683 2147
6589 5965
1903 3956
9024 5442
4503 5336
1226 8020
4462 8301
1904 9799
6649 7264
1980 1551
5076 4458
4747 8321
2044 9071
1800 6609
7985 876
2570 1580
5147 2260
1509 7298
678 4889
1716 2853
9451 9447
2101 7155
7306 8301
4603 4467
5311 5365
5226 6384
7408 9089
507 643
7525 2772
5859 3627
4840 6919
3531 1510
3034 7190
4358 6807
3271 8921
111 2624
549 2265
6209 8520
6819 2327
3267 7925
1988 7188
6146 6154
7829 1672
38 1751
4619 2139
6895 2511
5077 9697
2214 5812
4310 6618
6503 6785
8953 8463
3355 9478
6273 9373
6374 8966
6161 2929
210 6047
2130 8254
7956 2946
6118 571
6978 5530
3647 8636
8914 3149
8130 2628
7218 6440
4446 1029
5275 8550
8525 8314
3990 2865
1115 4832
2821 4133
6031 4450
529 1444
5345 780
5490 2258
3160 6936
1430 2204
6717 4360
6516 9496
7155 9815
5762 1614
99 6199
658 4532
5745 7922
4130 6737
3477 436
7507 1276
8416 2755
2660 5327
7983 29
4876 7757
3314 2111
6810 2152
977 178
7330 6424
8536 4638
1238 3070
3263 3610
7338 4642
4188 785
7921 1298
1571 7451
3563 8503
3625 5511
1602 5629
544 2919
6167 2827
4767 1146
9401 6786
1314 800
3419 465
7727 4714
4329 4175
1552 3406
3754 5070
9875 5953
2776 9773
3408 8298
9253 3105
619 638
3582 8227
9318 9855
104 1522
6331 2996
7104 313
2588 8857
5977 1419
563 7745
7843 2081
2909 7256
796 8873
2235 813
5802 1204
781 2521
1056 334
2668 2534
2264 9228
476 8481
8248 7749
2301 118
1266 7566
3632 1568
2051 4394
5690 1158
6041 7917
7218 8605
4400 3510
4793 387
4723 2611
5340 1286
2473 1199
3968 8365
984 6409
7578 8957
7655 798
4675 7624
9162 1298
5771 2931
2569 1162
7152 8128
206 6025
5475 4180
1325 8921
2740 1595
455 8257
1238 5915
5244 9486
7782 366
9001 4006
3938 7905
9440 5241
1115 2024
7930 4190
2887 6043
2170 6921
7864 4604
5875 5194
8359 2711
7179 5136
9782 523
2077 5434
4442 6748
6496 6470
8218 6166
1345 935
9509 958
2995 1245
6195 7747
1590 7574
4991 3709
6109 8644
1832 5438
2111 6914
2672 336
8533 9083
8537 5799
6691 7063
8071 1895
6631 4354
7456 1455
5648 1834
1105 3079
9034 9115
3099 8341
7643 2721
5674 3615
5238 2347
414 8366
2261 6245
8017 3366
4746 8876
7114 2977
1725 9684
9492 374
1427 8465
1051 7079
599 7531
8308 2801
7574 1591
839 8798
5342 5163
9401 3362
8298 4349
9281 5034
2810 4009
7687 5496
7785 8626
4756 5518
4676 7667
6244 3932
5763 8343
8348 7410
850 5506
9447 5825
6098 9338
2125 5134
5527 9477
2182 456
4611 9378
4009 4887
8403 6434
7693 4250
4214 7852
8226 5807
1229 3910
9187 9472
8253 2048
6256 6561
2285 1950
5606 4247
3381 6480
5276 6181
7704 6006
6352 3060
1346 901
2141 302
4574 8254
9782 8766
2846 6127
9731 6124
7050 7830
6740 1506
7631 495
2815 7447
5421 8062
22 4937
8065 2200
4788 7785
5216 8528
7355 2566
1697 7884
3972 9541
8149 816
7067 7611
8369 5988
811 545
5247 7309
7665 1723
7703 3641
2781 886
60 9302
5528 7693
6976 441
7623 2989
9451 7653
6432 2816
8123 4096
9782 243
7299 38
5708 2052
3650 5703
4038 6564
4695 435
2987 285
7461 6601
1000 4890
8914 7958
4788 2498
8044 9253
2263 5753
5009 2527
4427 9276
2103 4495
4704 5310
375 9320
9012 623
9784 6769
5415 4197
4499 7860
9124 223
4997 3159
6232 5627
1166 159
6637 3502
3564 9140
3105 1445
103 7826
304 3315
8182 5490
7787 3992
7960 8599
1861 5409
4836 9792
723 4827
5851 5684
2346 2647
2189 2940
4416 412
9276 9686
6078 2949
7299 8011
1377 9864
3463 3320
4078 3278
6568 4361
3744 8826
257 9370
6556 1072
2428 2009
3564 9141
7658 8580
8546 8373
67 4464
6857 5325
8544 6648
8427 4256
2737 9365
5991 618
9458 9793
1526 7631
3891 5588
5532 9709
7008 1986
3327 1425
3502 3533
1709 3500
6943 7925
7036 3547
7426 5090
849 3229
4629 3967
749 3650
5438 1742
2186 9259
3538 9848
346 6827
6838 1094
4693 5983
8597 897
4767 6361
4705 4460
8556 9827
3973 5544
1892 9490
3189 3141
5105 2942
2960 8763
9580 914
757 1397
5727 5234
8686 8213
5223 1365
6315 8884
7197 5589
4099 6846
281 7799
885 4599
7838 3851
5413 7656
5626 7202
5835 5778
3212 3005
7332 7728
5540 962
1225 2005
2616 6575
6007 8242
5997 5110
4252 167
2496 4929
3286 9102
2497 3681
6016 4641
7463 6957
3929 2366
6774 9001
9959 870
3293 4338
2729 3761
3344 5326
8135 1568
4396 1205
9104 9463
6279 719
3289 1320
8804 6431
7781 6561
5550 6908
4459 149
355 1648
2267 2853
9920 5598
2505 884
3089 8091
6669 6163
4094 4157
4488 522
131 474
2694 5876
5889 7935
1291 6951
1405 2991
9511 9894
202 8243
2697 6110
5814 9881
8514 1616
1617 6763
3065 1216
5273 5716
3970 3541
2435 2234
515 3786
8417 8728
4321 793
2339 6996
4071 4569
2765 6708
2921 7495
3245 9506
2411 9458
5672 3827
8707 3711
7576 8297
4543 6332
8022 6055
3501 1009
5548 360
9574 447
3648 5742
2713 6556
5891 7668
8421 1513
7619 3859
695 8588
6230 3365
205 4832
4675 7560
3225 4774
2540 5591
6263 1805
4865 6567
3926 2147
1624 7018
2963 3007
2071 3676
9003 2981
8923 3156
6767 1726
7984 3046
7958 8343
2932 7909
3157 517
1181 5760
2663 9598
6414 1305
4097 1202
5353 9958
3601 2667
6931 6540
1663 916
1424 8612
4863 1713
5845 2062
7001 7194
671 6472
6449 9358
748 5724
2197 6491
3918 6743
1995 1454
6715 3795
6306 9447
4680 2575
684 94
4593 4589
137 7953
7050 5580
3224 9745
3652 6636
5202 5639
257 9504
7328 4333
5179 5061
4026 9465
3344 7419
3134 9475
6776 4745
6247 6850
247 5666
9206 6475
7014 9440
3466 7558
7290 3043
8851 63
5950 5982
1572 7281
2321 7086
3840 8577
5561 8288
3967 6472
3949 6371
2359 1586
4343 5173
8285 4437
714 8785
1430 2954
9614 8581
5647 792
4736 8800
3285 8479
6633 7560
2497 1136
3047 2095
7352 8430
9940 643
5182 1925
3158 2437
8965 4881
5414 2120
327 44
7261 7330
9433 379
949 1769
7791 3946
8318 4839
3143 9238
7775 4196
1415 3443
3839 1791
7639 9674
2249 3396
7312 8660
2737 9996
1768 5862
5105 4185
2821 2181
2279 5604
3898 8432
9444 4777
3436 9303
7638 3544
3443 3354
7425 9029
4736 3450
7496 7364
1325 927
1913 9663
2255 8191
7540 3091
1401 5263
875 3056
5548 453
6959 5113
6484 5957
6097 7763
6031 3101
5938 6962
2608 5671
6873 2653
6137 358
9747 4152
2300 8045
2118 1782
3344 3011
1339 8100
6958 1650
5587 9212
8546 6921
28 1522
6103 3561
4562 9354
9478 4540
2224 3742
4516 7685
758 494
1117 995
2894 1515
833 9614
5946 4863
3604 3988
9718 8085
1285 9278
6953 5310
11 3355
827 2190
3385 9562
7094 2539
3370 1637
5103 8335
7 7291
2986 1918
5026 7985
9394 4588
5920 6757
1482 380
7475 6315
9891 7205
3777 6330
3866 7605
3898 5254
172 2228
9284 6813
3711 2139
6151 8864
2556 8382
2002 6888
4172 4045
5620 751
105 604
8891 6970
8996 4564
264 61
9947 4838
5269 4520
5745 7320
7180 556
6191 2324
7211 7531
9294 1564
9936 3025
7200 8703
4175 1121
2081 5245
5387 9650
284 9763
5208 3715
4671 5896
8221 3636
7046 22
7346 7394
9746 8390
9217 5139
9962 5579
3519 3812
5408 3800
569 4195
2432 3279
5066 366
6842 1801
7651 4385
6508 149
7479 9687
9906 1440
5981 711
6000 2704
2300 7295
6508 418
9659 8031
9361 8611
3783 8287
4170 7060
7016 2091
1819 1594
8224 775
4303 1513
1853 7088
9220 4054
314 8979
3021 8650
2538 818
157 8480
2225 9004
6966 6391
8244 4846
8986 9849
9956 1749
9704 2023
7556 6704
7116 8450
2118 3263
9908 9820
36 3086
306 6300
487 7974
3054 7234
5760 5925
1001 6187
8868 5874
3353 1612
7135 522
7517 6906
1011 1493
2504 8402
7618 8658
4368 757
9676 1211
5534 7615
4866 8379
3554 4789
1328 9733
313 6401
8233 6385
1317 3392
5058 8149
5649 7963
2160 6309
4573 722
6086 2011
3541 6715
5673 5516
3581 6160
5180 6813
7880 2168
6064 7469
7702 1271
7136 9431
85 6821
2306 1387
5365 661
5838 9533
6408 2640
7127 6848
4748 9435
2625 4771
9232 4057
7184 5034
854 8643
3616 4028
8985 6896
6314 6333
4927 7354
9036 7524
8231 3943
6725 6173
81 3153
1572 5169
5468 1215
3586 654
1658 3850
947 2246
5839 6585
3673 3444
9841 5288
3315 339
5366 3809
1632 8625
969 367
1495 3955
4927 8109
8440 1048
1060 769
535 3959
8997 5109
4079 694
6881 3150
9674 6869
9089 6148
201 3272
6821 5971
895 626
4270 217
3981 2673
8085 9626
4154 9220
4240 8863
3755 8597
6461 7813
4544 3717
1782 763
5614 9530
9524 3568
5082 1253
3076 7204
8751 4678
1927 6968
3057 3279
3867 611
8285 9472
5463 9608
2037 2207
6142 4890
4487 449
6639 7188
6462 596
8238 7885
8576 126
1532 9302
7060 4794
9545 4681
939 7549
822 3747
1231 7450
6547 4585
3036 1735
2573 9616
4166 7554
8712 22
1798 7062
9215 1016
6064 5756
1342 5844
2970 2397
5059 1599
4283 769
1024 3724
6817 9813
9709 5831
7457 1162
4235 3114
7450 9448
7875 7514
6607 392
5000 241
1793 4819
157 5104
7092 981
8087 7131
5322 827
441 7535
8143 2509
8578 8053
2619 7964
4200 8654
5151 3825
2401 4766
5208 134
8752 1452
7644 6766
3768 8246
1776 4248
1430 5979
5446 4914
4303 6084
6860 6776
4474 3866
6321 3175
6698 3273
1463 3325
7717 8451
4129 6990
3603 7398
3570 7447
7848 3747
4923 2502
2003 1826
6382 2576
7177 9653
3402 6115
479 6005
7810 5978
8548 950
3648 3420
3222 5079
2656 6759
5072 3863
3624 3642
8085 5506
8454 5246
7395 9526
4168 4744
3293 4811
6219 7177
7663 2708
4466 6069
1087 8775
6115 6810
7352 8553
900 1753
8116 3847
4275 4891
8655 3179
194 3735
2373 2060
9534 6911
9408 688
2333 1353
4801 1843
3681 2197
8904 9364
1187 3608
5065 299
1041 9175
8269 9075
7372 5732
273 7487
1221 6853
280 5453
9919 1276
6090 3721
8102 3443
4707 9077
2034 3071
9696 8293
7930 8475
7441 2668
7855 2850
1932 8615
9137 8589
852 8854
4113 9089
9117 807
773 6780
9623 7292
261 3062
1844 6266
7725 2059
4775 8438
8643 6919
919 8867
5334 4082
383 5497
7478 6606
1426 3898
1581 598
4964 955
2631 1023
8364 1763
1765 9974
3735 1822
2611 3033
6129 8600
227 8672
2149 7982
3149 4346
350 7225
1653 648
7558 3144
3957 6216
3038 1262
1152 2908
633 6611
5493 7695
5319 4546
6396 8960
2935 625
9172 6665
4564 252
7008 9188
1279 5343
409 1485
7142 6505
4871 6609
3781 1779
1832 3526
3040 7313
6060 1011
300 6409
3461 4186
9944 9635
373 747
3074 6495
3085 2537
1894 6621
5936 367
9292 342
3925 4873
9241 5601
2077 4909
791 7740
5529 8135
8973 8404
1102 561
3186 8493
1670 2381
5145 7240
6171 862
1454 5193
494 937
5614 1343
2768 971
7695 6257
3506 8827
8083 8096
8838 1854
1281 5886
7974 1499
284 3860
7826 8170
388 9140
7725 980
619 5116
3366 6484
7306 2284
6378 1342
4489 4318
8754 3660
8419 5626
4675 1162
9089 731
3321 7613
8973 4623
447 6094
893 6383
7335 8832
3471 5873
6998 4417
459 5265
3881 4976
7608 3964
3310 4696
4456 9105
3968 7485
4696 3275
9706 4688
3554 910
8747 8382
3550 2444
2994 2811
4400 9093
9872 4168
5772 8184
4252 6713
101 5637
3824 992
2424 8406
9974 6935
9784 6983
3423 1026
1831 5388
1214 8205
6256 5923
2484 5963
6712 3766
483 2311
3150 6234
2987 2532
223 9078
5801 9273
9485 5592
2457 6634
9845 3009
8303 8451
3813 770
7472 2103
9715 7164
3228 1300
5958 259
9911 3265
1058 4024
3771 8261
7105 5027
6182 704
9650 52
7572 37
8081 4323
2041 6843
7045 9355
4042 1604
3735 8940
2669 126
8885 6336
7903 2025
8642 3835
4202 7606
4720 5404
7077 8300
2958 8512
6506 4034
2209 4300
4518 3661
4724 6055
9246 4681
449 9871
8152 3026
7323 2463
4836 4831
8152 1366
6992 6517
7950 8201
474 3562
3999 3632
9413 3662
1485 4217
852 9362
874 6949
3035 2836
7131 3376
3346 7739
8640 4605
9176 1592
658 376
5678 9072
7078 2596
97 7768
3389 1901
6479 8521
9646 1369
3614 8656
3037 2090
3988 3687
4694 1624
7952 3333
3595 2622
4654 3049
547 2370
2323 6926
8939 1689
1469 7280
2812 7082
2263 3467
6512 5123
916 9572
549 8209
1646 5277
8124 1396
1846 9871
9034 182
8604 4725
4757 6319
176 3090
7685 1796
7442 6798
4794 2881
232 4221
8505 4665
6440 9120
4887 3364
3332 3253
3410 5617
5735 3874
7102 4664
3938 2171
273 7770
4046 6873
9659 7314
4302 9565
146 7817
4089 4694
6521 3306
7111 7689
2752 7430
5404 6267
9654 4511
8001 2300
3402 5035
3149 1647
8369 5846
2185 8628
9987 6680
7988 5870
7214 5036
5650 3453
4522 8261
2569 1737
3380 3885
8721 7614
94 4488
431 3003
857 9056
3568 8737
2151 4247
1244 9171
5668 4150
7840 9721
6863 3871
8186 2663
9912 9323
8225 8571
3535 8576
5066 7096
5621 9677
3465 7979
2896 6482
3037 5430
9521 3485
2385 9695
6828 8219
1151 1735
9867 7325
7278 5664
7821 8491
3411 7715
9057 8744
1259 4953
4071 7904
3983 6610
9485 7465
3446 2302
4426 6556
1208 2593
7957 9890
5475 6236
4423 851
6387 6559
3104 7658
6483 8050
6162 3677
8808 414
2381 3010
5058 5171
7542 9750
1298 7077
304 6492
4908 1204
8574 2083
8925 8409
6327 3120
8947 5302
6570 1525
6497 608
2150 133
9114 9268
5863 308
4730 3350
6811 6070
5754 1702
7695 4441
8863 4974
6672 5457
9957 4528
2741 3548
1176 8860
1032 255
5669 1266
2791 8815
8319 7455
223 8121
2873 1553
5654 8700
7051 6843
9476 3112
8056 3683
2463 197
3445 5096
30 3103
2307 1753
7597 8431
5965 8655
7129 8240
5725 8800
144 358
5286 9036
5671 5793
3198 5775
5278 450
5633 9044
5547 8628
5313 4626
5994 1660
9640 1703
7599 9847
2325 7785
7141 4435
4852 6728
7763 5063
5615 1352
9619 8123
8495 7215
2847 4776
6734 1280
1771 1435
8131 345
1667 4684
6065 4212
6647 2267
5953 5439
2106 7884
5172 5159
3651 2257
9509 9129
100 8919
7545 2090
1772 2608
3946 9450
8097 4291
67 5224
1490 346
1202 504
6639 5044
1131 5609
3035 9508
4979 5510
2271 3799
2123 3997
6853 7630
6082 7712
6823 1139
7524 6897
9928 9098
7927 5548
1778 3681
3113 4078
4611 6832
4700 1115
2445 6737
882 4246
4416 4229
8278 4558
9036 8878
3122 338
7898 4041
8103 431
3155 6446
7802 5170
7725 2541
2491 6259
2747 2006
4616 8918
8662 6771
9538 8169
4338 5448
8175 1155
9299 5833
2260 2254
5470 6304
7179 8657
2128 561
27 5514
1790 4039
213 5927
9133 1369
3766 5644
9245 8927
6816 7962
2850 5962
4589 8926
7678 4645
4027 9358
6099 4095
2376 690
2306 251
1636 1342
8753 5243
1369 8200
2167 9551
8738 9611
7101 1565
5853 1001
6433 3110
5353 480
6882 6224
2506 4204
3240 2217
9322 7092
2348 6728
7817 2981
5004 9380
1181 623
3600 7654
606 8104
4082 7625
373 2946
3006 2227
3504 4361
3292 9164
7308 3229
1932 427
1512 3986
521 9174
4561 2925
2312 4141
6740 7872
8095 6941
1766 9832
8115 1342
9947 6460
7456 1530
1867 8263
6094 2333
7442 1457
7878 151
4964 6856
8595 380
8320 8309
6378 5018
441 5103
2916 6492
7338 8983
1772 5049
2254 3038
8418 1727
5576 7045
3567 6791
5179 9650
6605 2264
6677 6062
9856 9957
9018 5606
9925 9048
6643 7210
8430 3004
215 1260
1244 9681
6444 5846
8628 661
2115 1456
2370 6877
8749 2963
9162 4037
4208 4462
9533 4348
3066 9981
7360 2413
8075 969
172 3950
1235 3724
3621 2543
7495 9430
2667 6822
4306 5554
4237 446
1781 8978
2096 9531
9209 1418
141 7015
2479 8074
7288 2431
7032 9053
601 4344
7739 8878
3750 2343
5273 6870
9589 8224
9099 4361
9745 6116
4362 1377
9119 4181
8466 9694
9487 3880
3380 7787
7341 4737
4701 7083
7616 2669
1273 3019
5855 5196
3311 6056
2424 7703
4546 7718
1915 4203
1759 6856
3157 9684
5539 3031
9359 5738
6577 3372
4245 9443
7739 7603
5817 3543
968 7529
6573 317
6604 4644
8927 8382
3456 49
4849 5350
1240 7851
3279 2113
4988 9263
6046 7967
1220 1332
4032 9455
268 2881
2780 6211
828 2915
4583 7346
2878 999
8386 4993
8638 6014
1874 820
6178 7391
2092 6897
487 2399
183 8916
5002 5850
6464 8313
5143 8436
370 6955
9151 189
3861 3739
3676 5114
4150 2922
8126 9752
7975 3283
4910 7450
9044 9247
8062 7673
8165 1321
9702 1532
6666 1609
3579 5039
487 9061
6122 1157
3968 9479
562 2905
8600 3231
9648 3608
9324 3639
8092 7930
6418 3522
3982 3056
6177 3047
6496 7527
7971 1623
5351 2329
4903 3646
3022 146
8238 822
393 6269
3453 6593
6075 6834
4255 476
7418 8945
5272 6343
5840 1090
5656 5542
4072 5162
4349 6512
513 1001
5860 9030
5557 7084
6109 9871
4661 5173
2413 3687
3955 509
4613 2554
8811 7118
2548 6425
7332 3220
1683 3008
1372 7669
1318 1363
3663 2652
93 1912
1895 8903
3657 2728
133 7685
6954 4173
9516 1039
6712 2316
7654 9229
2823 9291
5984 6029
6492 5849
6872 4412
4317 5206
4661 201
3563 8165
7913 4790
1754 8204
2235 1919
6365 2505
1706 1364
1526 9013
6379 9451
4249 8561
6005 2805
1472 1942
946 2391
4989 1200
5301 1970
4847 6627
5994 9829
6507 1202
4777 6204
373 6278
6776 7980
7962 1512
6255 9487
9308 1222
2314 2689
8439 9238
3544 974
1629 888
6233 1255
1895 7532
4975 1077
9225 2549
6231 4823
6932 3343
3592 8898
963 5816
4009 4347
6131 1176
1577 6025
7419 5936
9815 6190
5392 4406
4676 6622
8917 3129
9392 1529
1923 1854
9677 8875
6513 6686
8202 8842
5379 1822
6371 7128
2924 4374
5685 9002
683 4679
2089 8208
6306 5654
9534 6126
4990 5716
6449 1757
7352 2781
732 2018
5707 9921
1436 166
9619 9360
2355 5369
1463 6811
6871 1208
5673 558
5545 5498
7992 5154
8823 8636
1447 2860
5076 2283
675 6236
1696 9436
8634 9131
145 4310
9459 6369
2979 434
8010 794
6808 355
2200 2464
9699 9924
8253 2305
9006 1107
5984 8998
998 8105
439 9050
5573 7274
969 2907
6723 480
801 3025
3929 9812
5303 4141
5853 8241
742 8827
4070 1807
5863 5234
450 3282
2910 4588
7307 3841
7122 6449
9524 324
9918 1078
3140 1598
5974 8648
363 5518
7660 5878
7325 7344
5090 9997
6043 2408
6581 2317
2757 8515
1579 5995
347 3184
5362 1241
5699 7372
4988 7499
7436 314
9877 1410
6543 7985
3476 9130
4009 44
7231 3887
7841 8536
2130 9757
1253 2849
631 2924
6582 7942
6156 9658
3519 8444
6682 914
48 596
4021 8906
8451 432
3278 7910
4620 5405
2156 7537
3851 6228
5583 8778
2435 6672
2104 3094
3386 7064
3629 6351
3156 1061
7953 1364
3596 7612
7293 3756
3740 8583
4685 4779
4487 8661
6739 5524
8706 5195
8886 4183
2588 2775
911 8501
3368 392
8323 5364
1919 5253
7325 1886
7812 5705
6265 7960
6286 1691
4817 5682
4782 1415
1784 3261
4644 9195
9989 347
3761 5732
897 6987
9535 4047
2121 7939
6295 728
6059 3475
5553 9321
9220 1942
9539 7070
9188 2557
8994 9305
7575 3833
4611 6475
132 8543
7940 137
7581 1733
2379 1240
2332 8297
5810 2914
1252 6567
8072 9284
6905 3642
7538 3397
4529 9668
4214 107
660 7310
4710 3139
9462 8482
6471 6874
2481 2148
3231 8146
9837 5496
2585 4409
3753 4342
3397 2119
1000 3375
9825 2985
3685 2792
9149 9089
8949 7613
3169 4347
9605 8594
3106 3989
6070 4566
2794 5954
7872 9204
2261 7686
4188 4504
5267 3245
7087 5978
7808 5795
280 599
5506 3463
80 2156
7397 7397
5964 2818
9754 3979
4303 1767
8533 4292
4860 5
6030 7986
6577 2121
5496 9975
3428 5083
2057 7787
3673 879
658 6165
6698 1346
5753 2286
1862 1030
8612 2582
9630 5335
9826 3179
3671 5387
1705 6256
5051 8066
590 982
5669 7677
2871 1304
9460 1714
7479 5409
9330 5496
7485 6428
9738 5797
8489 6898
1470 4514
138 9821
6953 3323
4749 2638
628 9285
2450 4588
2251 3406
964 5228
6374 3209
8927 4952
5732 2734
2958 5888
4454 3532
7055 2174
5902 590
4294 9755
2540 5064
5220 8219
4794 7298
9912 5153
5816 9954
8247 4287
2600 2523
7573 983
9738 4688
9131 5413
5619 4559
8625 9543
5821 2911
7751 4002
2154 2233
8907 7887
8822 6958
3071 3950
5576 7638
8339 8603
1106 8267
628 2140
1445 1544
5836 6745
2376 6040
8588 6226
7594 3610
295 5565
7861 2145
2829 9838
7068 1874
8051 8508
3029 1954
7955 2726
8374 6777
4872 1353
6012 2661
5841 6214
3487 7330
5121 7136
2303 8351
6633 1158
3439 3506
2188 8707
7253 478
5840 2116
4148 6990
15 2595
5446 9931
9584 6142
3429 650
1580 6735
9374 842
8166 7512
3397 3115
5034 9669
551 4767
2346 1416
9319 184
9047 716
4478 6450
3688 2621
9906 3891
2411 5234
6842 1148
3066 8251
1006 3172
3175 2447
8134 4825
8136 1675
6446 9431
9751 8689
3429 5528
7401 4470
6162 1384
9674 9451
4371 1737
2435 4669
6167 2297
1179 1786
8288 9997
4567 4680
4604 8916
9544 6970
1452 8588
4592 3462
8172 2367
6780 8830
4915 8588
6109 3179
752 2254
1025 3266
5484 1105
6872 4957
8614 6136
9015 3215
8543 9490
5945 8543
9966 2853
9072 459
1102 1495
1244 6516
6911 8005
5769 1701
8877 2807
5423 1233
1745 8029
9368 5382
8021 582
9016 175
7548 1741
8692 2132
7074 4234
6324 2789
9831 5281
8770 365
8684 9039
3346 6491
1640 4098
1739 1636
7007 20
1609 5111
5520 558
5117 9776
981 1114
4790 6523
1119 9470
3746 2047
9565 8010
1968 1118
4350 8458
1567 5335
9687 4173
6990 365
3654 5031
3546 717
3073 8104
7454 5412
1300 1647
1128 8071
3180 3419
8969 6820
530 6899
6365 4402
2843 2109
49 1235
5579 5067
8482 2602
186 3886
5121 8430
7307 2465
6389 9579
6328 910
3630 4414
1043 9439
6775 2244
3329 2452
3042 5881
3828 53
1094 7781
8562 5022
3590 1479
6886 4917
9193 5972
6949 3179
964 1536
4403 941
590 7711
6343 8757
8699 8207
4387 5133
5083 1780
7019 3617
5707 6623
3706 6809
7133 2336
2839 34
7968 3527
3948 1760
3560 5069
9950 5975
1491 1195
2646 5335
1705 1697
891 5351
7202 1393
9160 5449
3552 1613
2256 2555
2820 3761
5549 48
8088 2986
217 6153
9376 1214
6187 5661
8259 1933
6932 8723
9850 9263
5391 9823
6528 4892
1416 9878
2489 1858
3864 1373
5741 8274
1405 1407
4687 5963
1364 3427
1958 8201
7786 8905
901 2318
9891 8804
5192 3286
8108 8127
6291 890
3881 9596
5783 3512
8856 9217
5654 9170
5712 3853
2522 258
2445 3486
5183 9976
2570 5151
6455 9147
8355 1219
9535 5810
8533 9437
7379 318
1724 2708
2035 6198
2708 9500
6215 4131
8709 7719
7623 1385
5583 7748
8135 1493
5011 8220
5196 1293
7259 8931
8224 8395
3808 3907
1804 9383
5367 6855
3635 1308
8303 2886
9392 9266
2685 4714
9023 9402
5091 7359
7356 8387
4183 8126
5790 2595
134 3888
8858 2024
7228 9410
9623 8747
5109 2478
4624 5006
1219 1331
3629 5393
6035 1769
6863 8306
7755 9027
5710 1530
6744 7758
6966 4732
326 8661
1175 266
9485 9320
8429 8628
4156 8171
7219 7397
370 6659
5967 7788
6887 6262
2447 8626
1422 8991
697 5490
4600 5306
7463 5153
4675 8025
9551 898
4838 5027
4932 2377
9704 9768
9448 225
1101 6737
2959 5833
3389 5676
1709 4
6290 1167
5005 3030
3616 7082
5274 9769
2827 8604
1847 3573
5737 8969
3266 4575
9146 4499
1148 1140
6040 9652
907 2381
3532 9832
2787 7907
9669 9499
8502 8318
64 7138
4252 9297
1714 7352
3939 2918
89 6130
1190 9511
3265 9134
7820 6563
7543 6291
4699 2914
7083 5431
4288 3623
9240 7866
6533 7520
4260 8872
429 649
3466 6696
7238 1903
9587 673
8891 9527
5791 6033
3816 6853
8650 5172
6672 3816
6940 3494
3161 940
7675 1427
2361 5265
2015 9860
1228 5594
4515 2278
9266 1085
6798 8138
7456 6482
2861 9576
2272 6801
3663 5346
6758 141
4419 9418
5299 9118
4361 294
4135 6101
7805 5706
9215 6095
3253 7716
2079 2996
1721 4874
7926 1988
4682 5405
3052 9820
6372 333
8466 5289
347 1003
2819 3582
8685 1873
9784 1688
2357 1855
6301 9984
2922 4753
7375 4629
4801 4720
1538 6388
8018 2862
4754 4695
1191 4173
1394 6978
3808 1010
7359 204
4622 6862
5308 7490
4733 7527
2692 9235
6298 4821
9030 5873
3351 4526
5264 9384
191 628
2948 8146
9290 7868
4529 4375
4144 683
5643 3728
9433 8324
1067 660
6952 8251
5453 1799
879 9656
1573 6645
8574 7935
3462 5302
8773 1440
2012 9528
1632 3075
168 7907
8029 4866
942 1146
8833 7223
345 3050
8045 8743
3356 1358
2120 7428
6864 3114
8116 5271
2563 7184
1429 1253
9366 8652
4103 9265
6013 6439
7110 4928
2356 8161
1592 1671
2829 1144
4151 1054
4824 7119
2448 5061
4811 7301
1648 4677
4181 3862
548 1750
5103 9570
2311 2099
2332 2756
9841 7843
3400 6109
3813 7391
2292 6064
5468 6856
9636 857
6751 1072
3592 7375
3461 6851
8537 1812
599 4237
4508 7039
8974 8702
798 5787
2592 6856
8756 7580
7322 4301
6007 5811
5965 6715
9251 9825
4844 5030
4611 9889
4897 4230
1316 3712
8241 5832
9747 6820
5855 6230
3 533
7851 2886
4850 7976
3941 8495
3489 9936
6782 4563
2990 9349
981 442
5010 908
4715 5640
3507 7542
6106 7383
9758 2048
6936 1368
1925 6993
5470 6933
4445 5142
2880 8455
5660 7545
4711 7013
4682 6253
5300 5169
3473 1699
6718 6275
2515 6767
9137 7800
582 8833
6840 8533
2497 7590
3828 5351
5214 9896
5377 533
5370 45
5361 5498
8635 4668
4729 887
8376 2893
9708 2482
3217 336
3464 1931
1809 5364
5789 7724
450 5764
3513 5564
9408 4046
6775 8852
2391 4988
7808 4031
8788 2001
3900 5018
905 9914
874 6689
3260 7030
5179 6406
7860 9556
7152 6776
4431 520
2282 8293
4628 1672
723 1946
9198 7501
3544 7062
2729 7016
4717 8093
1405 4797
3048 6939
9401 2689
4015 3281
3868 3333
9068 3000
7383 821
8681 7855
4294 5046
6503 4228
5461 5469
985 6123
4538 8040
2144 6720
5530 3436
454 8413
9024 3918
3733 9100
6361 3442
1086 4451
9479 6757
130 887
9918 9872
1923 8291
8953 8902
4081 2818
9838 8194
8096 3234
9998 838
7542 4361
770 1047
4254 9942
9489 9383
2550 3798
7150 7
1625 1523
2581 9875
3614 3582
5116 8345
5136 7929
3015 667
3189 8274
7192 3023
9602 3240
1753 3767
5574 3312
1861 9889
4459 8694
103 1597
5169 8502
6891 5751
8827 6187
1896 263
3595 2083
332 5931
2000 6415
7710 4553
355 6289
4243 4724
8107 7049
6375 3151
7651 146
7 2554
1988 9214
6975 5663
9643 3113
8154 6559
799 187
9333 4347
8323 9577
3816 8844
1697 7498
5854 1706
9734 707
6246 2418
7836 8593
9574 1266
1631 889
2794 6727
2154 6663
3412 1444
4298 5756
3617 6541
6945 6480
5027 5708
9340 5380
9275 4593
4137 5188
9734 8938
9988 7772
927 8136
3914 5396
5959 445
4044 2012
9961 6430
9248 8362
7967 8256
9431 3134
5403 9426
2614 9389
2873 4778
238 2666
4957 1435
8739 1921
2349 9453
3180 9261
5058 2299
3260 3361
7351 8756
2301 2931
2428 8089
9608 6882
5357 6605
1398 9587
2601 3011
8825 4845
7175 508
4614 9843
4663 7151
178 2625
7969 9291
6601 9387
3097 6869
2098 7707
6729 8980
6842 8089
7235 9543
8171 4847
9201 1195
7823 2472
5733 2565
947 8687
7666 3752
5810 5924
9797 8028
4836 5694
7684 4563
1714 717
1710 8094
7826 1407
6034 1529
7040 1584
3733 16
3507 7471
483 5506
1864 6672
2501 145
5369 6332
3717 7463
3348 9047
2853 6013
7040 668
5446 3669
604 6670
1915 8778
3168 1514
2264 162
893 5016
2086 2276
6276 7728
1494 3009
4336 2744
2381 9592
1585 854
3029 8109
7262 1027
1328 1531
9614 7296
3616 4446
7035 7490
9456 9345
1425 5408
545 9179
2223 4799
8628 2075
8135 6312
333 8614
7073 7105
4412 2361
4402 6311
3905 3217
4506 1620
2165 7762
4480 8950
7949 852
295 1016
3657 291
4757 7111
9065 864
3861 3908
6948 467
4082 9541
9687 4434
9515 3299
6654 2932
3198 8856
261 8720
5614 2757
4092 1947
4219 9292
6462 944
5412 8353
5670 8497
2733 8462
9540 6605
8026 400
6477 1491
7423 9965
6740 8042
4392 1065
4637 5635
2602 3336
9898 9183
8063 8273
9900 9356
6530 7228
8296 7486
6780 1927
5716 9141
452 9753
1052 3175
7497 5084
2874 4647
9041 5247
8099 5798
4951 7721
10 9723
9034 18
9780 6771
2504 518
6290 6947
1898 424
1988 1674
3508 1746
5622 1211
6311 7602
1042 3063
5313 5590
4409 2243
184 4824
1801 8296
6915 5091
9970 2080
715 6428
6929 2169
2235 4595
793 8044
126 7379
7223 5913
4186 3251
3205 7708
5799 7627
4529 9473
2552 1908
2063 1195
1831 3630
5902 6899
2988 6896
7908 8544
140 6789
2777 4984
929 3083
1956 7745
1860 5420
7992 291
6181 2640
9681 6730
8170 9644
8417 8629
9925 7391
628 7544
9473 2622
8450 6666
6088 9621
3936 7247
8592 6469
2651 8427
3586 1062
8372 3295
941 8792
2266 8076
6056 3453
7194 8002
3773 149
8962 7818
4438 9109
4385 6543
9112 2474
8325 336
6677 577
7224 2265
7645 3070
8136 2034
7581 7705
5090 2797
576 8686
4922 3636
8275 3439
5031 8233
2624 1379
753 2000
583 7420
5616 1922
1010 3043
5714 9770
1808 6835
551 9030
6572 7573
3961 606
2263 9324
5054 2219
5205 1532
1253 5978
6736 1745
2364 321
7040 1693
7722 8909
5290 4506
8329 6541
893 2684
6410 896
9942 4239
3451 1647
4507 3829
9918 3273
37 4737
1583 1871
4602 2105
7551 7164
6740 9950
9813 357
3629 4664
1483 372
6625 5672
3818 1867
2926 4017
8321 8761
8134 6110
6338 5284
4233 2612
2349 3252
8498 3371
4685 9516
49 9056
1788 4419
6649 9921
4849 318
7981 5584
7676 8352
3164 8273
6831 6172
2678 5151
9472 5476
4114 2607
4045 7447
1355 7676
6252 1550
3107 3606
7649 6239
3720 877
4789 774
9464 5970
263 2484
6320 2388
2021 5129
131 2915
187 8552
8955 5455
2586 4014
5592 8071
6201 1982
1670 5184
9806 1805
1572 1439
1339 2885
6440 6592
1565 282
12 1954
2206 7709
8768 3162
7694 5992
8556 2575
4754 2508
3874 3885
1111 3956
4900 9499
7835 8515
4833 6088
1015 1950
9954 9150
2580 106
9143 5183
8891 9124
7770 2549
5378 4097
2874 645
5086 21
9786 2348
5834 330
9697 2395
4884 9837
4945 2233
5914 9969
1975 1504
6184 5900
3428 2682
3511 4178
3037 636
1346 5597
2472 9420
614 6497
8279 5454
7738 6817
9064 5242
1397 2788
4181 1592
7729 9208
5616 5686
8102 7699
108 3345
8660 3664
3534 151
8666 228
4332 8813
9328 2285
815 3029
5149 4317
3358 9510
6558 1710
97 230
2031 7336
9462 3124
5432 2742
1588 2364
9655 3638
1942 7174
7536 4201
4516 7892
53 3706
2237 2531
6131 2703
5718 7888
2299 7218
307 6875
9195 5405
3563 2252
5583 8689
7820 9217
4290 5403
3936 8317
8307 5009
6310 7629
8164 1200
7001 7370
389 5023
5594 9069
3878 5207
5743 8811
4733 1972
4336 5160
2701 4227
4085 1266
6496 8516
3898 1507
5835 5873
2315 2008
5453 8140
7421 3018
2258 1168
5 1228
4142 367
6876 2456
5349 757
2427 7411
6509 2827
1684 3766
5227 5621
2399 3341
9983 5635
2403 5160
1821 1443
7264 136
3279 547
265 5507
7877 6600
8099 8833
1479 1828
6182 3820
542 5629
8097 8091
2543 2743
4776 735
8787 4310
9426 1943
9030 3794
2208 2706
7923 5578
6109 5476
5322 87
7140 6207
2215 4864
6062 9867
9990 5592
379 5824
2565 6727
8939 7393
5550 6618
981 277
369 9330
3346 9910
1531 9506
3256 1997
7884 8368
4034 7827
8956 1984
2601 3824
6507 4724
181 4794
1384 8367
5330 4537
7028 9917
6982 1870
2972 6106
1447 6056
8557 2083
3089 6427
7812 2440
7433 3235
2354 5775
7748 4534
3564 6611
824 3918
967 7168
1457 2128
6142 4315
7945 766
3695 8308
9814 6589
8722 1348
6435 7758
6871 1093
4439 2948
7926 114
2094 8116
362 8220
866 4689
6351 7146
6513 5515
4771 3072
5600 4998
3658 8629
2058 6311
5445 1877
5550 8445
1993 9089
6025 5190
3263 1798
5050 2445
8247 9951
6848 137
490 3314
8929 766
7421 5220
6156 6883
2333 9114
2209 1469
5830 6484
1727 906
5997 5327
8454 8398
6173 1800
3469 8612
7097 9099
6394 7814
277 3589
9641 2026
7411 439
8067 1085
1740 403
1465 4307
7265 9848
2175 6861
4827 3212
5123 7437
7884 3963
5832 2289
430 3847
7082 4256
8515 2378
2741 7651
2955 6376
9755 2193
2176 9800
7484 5707
7876 3257
7046 4070
1471 1569
9240 3526
434 3114
6697 7226
7507 6378
1014 2358
506 7658
6387 8574
7108 8148
4431 300
8140 4644
6125 2451
3384 6661
5407 5993
650 1669
4008 6214
7534 5557
4014 5920
6804 1961
5114 4365
2550 8831
4771 5785
596 7756
1461 7591
3024 4531
9069 5719
6293 8519
5378 6435
3416 122
8864 2484
8472 8107
3374 1936
9802 1784
8307 3770
4409 4446
8029 832
8466 781
3649 9946
8526 4241
1649 9970
6912 4457
9617 6971
1113 6939
1574 1890
3681 2138
7343 7831
180 4046
2919 7952
5373 5268
6399 7186
2795 5063
4611 7824
9182 5262
9091 979
2956 397
6924 8919
6609 573
9102 3770
8859 5980
7269 273
8527 1425
7434 9183
3721 195
4906 7344
7370 8598
5428 5698
5874 1723
8419 6498
3534 2457
567 3728
9490 6244
8343 3601
8090 6081
499 8616
1606 4718
403 5603
3064 4755
1300 1068
7993 4579
5262 652
7875 6343
5641 668
3861 1965
4946 1380
2912 6627
9561 6041
242 5292
2408 2743
4850 9373
534 6859
5200 9474
1157 7131
4858 8664
6131 3073
6747 2695
8889 4100
5241 4345
4053 6407
8857 5465
2867 1658
7822 6616
8386 669
1289 2792
8817 8093
7641 5552
682 2608
5418 4255
2875 3959
4068 1850
8737 8853
3479 2963
5111 8096
1755 3772
8936 4096
8328 9445
2794 9258
738 6097
868 5787
2395 5579
3648 243
372 7830
2078 8056
676 1564
2590 7090
5795 1998
4844 1211
9283 1818
1971 3790
6617 9240
1991 2008
4655 3075
4406 7023
1547 2504
1698 4283
95 8675
136 9478
7186 5619
44 3587
5761 3077
7094 6104
2762 1808
3067 1567
7776 9010
1943 5523
7575 414
4956 1621
4775 1474
9192 3612
6610 8819
2833 7415
779 5707
9795 7346
3884 3151
7570 7591
2682 9035
2278 8925
309 5875
8224 603
6334 8537
4363 291
6870 3217
9857 9980
8531 2045
4307 5543
4264 1014
5151 8888
347 914
5214 9505
3978 8604
3303 3304
829 7464
5509 495
5780 6613
8478 1889
7906 7685
1356 2762
775 2326
3151 2309
867 5663
1236 2351
8835 1768
7533 5817
6975 581
7078 8047
4371 7848
4594 9324
7208 5136
9646 7263
9838 7299
2171 3154
4867 7423
8680 8540
1868 6307
1518 1972
9149 6439
5629 6538
7432 7010
3311 8844
693 4799
2959 6312
9990 2658
2957 428
2200 3802
5971 6918
6845 2422
6316 7535
907 625
4666 9105
7949 4187
4296 3645
6059 1024
3299 8183
2028 6053
5652 7727
1373 873
3167 561
7840 7133
7063 2157
1114 4608
7644 2222
7037 1578
8112 9907
2142 2706
6326 8070
1834 1806
9532 5062
433 7761
8177 728
9805 3080
3041 4902
8157 8244
7256 3121
7219 6298
4946 9479
4057 1814
7447 8237
4011 7243
973 4012
9511 780
5016 5094
4128 519
3243 2032
8474 9431
6414 2924
8716 7006
1667 7866
4867 3194
5528 3988
6185 4852
8334 7307
635 3607
1387 6631
6874 9441
3507 3335
5856 9520
5199 3090
6561 9106
7020 8323
6729 8995
3438 6949
3561 1096
9592 5497
3940 9312
2482 9105
5783 3954
8612 6103
8892 6891
5689 6984
1104 4823
3480 7773
7892 6856
3166 449
4632 8828
7220 1393
2557 8123
1868 1724
8700 6343
5769 2403
5737 8527
1122 9612
231 7403
8692 6170
427 188
226 3881
5748 244
3880 7559
7849 1441
1976 8967
6993 4713
8394 6978
4436 8664
4728 3059
9479 8454
8717 8488
471 4166
8565 2569
583 8321
359 7299
9801 1415
7403 6131
4991 5870
6343 2919
1523 7888
8263 7552
2005 5653
9311 4555
4414 2981
1478 6228
1575 155
2334 2348
5242 3569
472 8744
4549 999
9307 8402
854 7471
3772 3431
9371 7679
5086 5714
2805 1750
9318 9985
8877 9119
1578 2524
7966 7171
8624 4490
4262 8447
6085 2529
166 6828
5327 4713
3708 4312
5297 2946
9703 1592
7224 4100
6472 2161
7663 1582
2375 4535
2257 3971
7872 6653
2487 2141
2693 5324
783 8763
3203 4621
5014 5177
9001 2525
3779 7238
3077 8935
7621 4367
2910 9974
3872 7564
7558 4323
9331 1255
4413 7401
6344 7446
8420 4885
4470 66
8896 9327
235 7037
2185 416
4796 5903
3240 5999
2257 1680
9396 8370
8803 6060
4210 2976
626 2687
637 5229
687 6099
5166 21
703 5437
1967 9997
9471 9840
6501 9769
3665 8065
1656 4505
1739 4991
6082 5894
9668 4441
9247 579
4969 3885
8623 9390
9998 721
5733 7194
7075 1776
7511 5044
940 2076
1196 7945
1327 8379
8774 698
1579 1132
3011 478
3386 2041
5208 4277
4543 9872
3407 3070
5010 1889
2805 2299
7330 9644
4652 2988
8985 830
1631 8860
960 7657
3491 7367
2052 559
8408 1816
2943 2697
3206 6724
4094 1354
3180 2703
302 850
6514 5600
8041 8642
6817 8654
3524 671
4682 8576
4477 3334
9819 2325
8129 6483
2685 4690
607 5021
753 1047
1629 7348
2774 8672
1370 9567
9923 6869
2050 9579
2479 9875
3718 5197
5066 1488
8352 1814
8024 3632
9237 5824
7294 1122
717 9138
7085 5641
1419 2783
8798 9832
6523 1760
7080 9968
7299 2845
1627 7081
4967 992
2126 1115
916 3059
5581 1511
9075 345
9175 3801
448 2134
3040 956
6074 496
3101 2816
7404 21
845 6197
6378 1250
2255 3490
5118 9565
675 8842
2875 6210
7945 1236
8997 5518
1822 2259
1391 9718
8186 68
3854 968
3726 5661
8178 5916
3349 8544
3279 454
9016 6913
1419 697
3317 6330
2030 9371
1331 5668
9137 9629
270 3731
9904 5738
3808 5107
2866 4050
6359 9344
3273 5153
201 110
1321 4348
9643 1629
9709 5654
9338 707
6260 6313
2730 5784
2758 4054
9486 9909
9971 843
7727 2864
637 4485
7143 8089
9926 5955
6301 1503
4946 5030
8102 4202
2641 174
3174 144
7487 2363
6664 1571
1620 2398
9459 557
5870 3454
5871 6249
9322 3976
9124 1232
6754 9991
8604 1644
3022 4100
5246 3861
704 2158
9000 8262
6625 6229
2381 566
7516 8418
1925 9900
3260 8764
2154 9208
3537 6944
8650 5719
9090 9954
918 4390
8635 6075
4414 1318
3466 9315
1925 912
9497 6133
2624 3743
1468 3265
2891 8251
3442 5587
5679 3133
5083 4331
2689 2574
949 6076
9652 1054
7380 4674
4575 7004
9128 509
1976 1822
1837 5456
9656 4181
6795 4246
5362 4379
2503 2214
6847 6024
6975 9262
3725 2055
6400 9344
8636 7841
279 1269
6112 3250
6492 690
2312 1636
5846 1701
5174 1935
6526 8749
8828 3017
5780 2458
6202 8386
5645 8209
5586 807
8806 7273
2535 8030
2860 1877
9047 2068
8758 6306
443 3764
4202 4773
4103 3818
7963 1077
2135 7641
7892 30
1210 8971
3381 5067
633 8414
2771 9396
7009 7496
8263 1415
595 2970
266 5422
4874 1462
3195 2573
2181 8280
6461 2290
2490 6399
8714 2742
9325 6755
5568 5265
5449 3555
7501 4209
6998 7762
2793 3707
1721 9281
2401 1236
4964 9482
7588 2799
7550 9299
8096 2611
5768 7287
3662 3026
9201 3304
4893 521
2532 2547
3357 9607
5999 4667
3242 8766
7085 4216
3993 5519
5552 958
3062 5882
8356 4588
248 3529
7602 2671
1526 5001
7347 6374
4574 8691
9087 7141
4223 4244
3371 6858
350 1229
7108 2654
1551 3923
2365 775
8947 5737
6093 9391
297 9415
8190 5047
9759 8664
2402 624
3378 2739
1334 210
8295 9203
7038 360
828 6946
4391 124
5652 5991
8901 2877
1748 5
3656 461
5621 3204
5988 4480
1694 865
692 1222
2272 9945
3862 758
3697 9358
9557 733
5339 2822
67 3056
6012 5336
5835 6783
5001 3163
8941 455
978 7725
6034 6719
8383 833
4519 6539
4803 7029
6217 3105
2000 3895
4267 195
9906 3285
8978 653
983 9663
3164 3876
4083 4597
891 1944
7579 1665
8992 5584
7812 1170
8080 100
8946 3137
4989 6422
7369 7460
1057 7723
631 9174
6306 7086
5848 7066
1403 9234
3914 3135
6226 8549
1078 718
2845 1631
3909 906
7436 6736
3736 3999
947 2247
5208 9786
7214 5275
4145 2371
4133 2365
3051 2160
8517 2391
2580 5201
5283 3704
3930 4638
5354 2808
6321 2110
3810 1025
6940 1517
4632 3568
5176 6829
3848 8190
8100 5571
7143 2218
7667 1114
2402 8171
8673 6909
9412 2024
3901 6901
3170 7702
9331 6538
9171 6171
347 9039
9827 5487
4581 3211
9916 4256
7650 4243
9216 6295
2537 2321
6950 3438
8028 585
4289 1854
6469 5138
3173 9231
4662 4122
9196 245
4375 5106
5714 8675
8162 1362
7230 165
5715 8410
4519 6004
6631 6139
2752 9401
4835 4283
793 4883
2591 1608
3423 3940
9138 8677
9442 5580
894 1590
261 8376
2384 6334
1225 804
3062 9095
9620 7010
3794 187
3259 6537
3737 1970
6581 4334
7129 9902
5335 9809
7081 2085
1866 2744
6966 3784
4664 1302
8952 47
4813 3844
2467 6511
7640 1426
2589 9121
9734 9802
4122 3813
8270 7968
9496 1548
2706 7836
9017 6797
8102 9486
6119 9900
4994 5825
6613 824
7748 8194
3278 3763
7086 6582
8882 7374
1684 6270
8869 3337
8134 1483
554 9753
1755 8995
5486 8145
4528 3954
2584 4637
6786 1769
5276 1080
4115 5861
6756 9294
6865 3272
8000 6978
6922 4093
1502 4410
4893 7337
6278 9370
2357 3807
2158 2216
8516 2673
7030 2179
3930 302
9745 336
748 1384
5113 1215
1192 3978
1347 787
198 2979
3236 7087
1982 4655
3324 689
5501 800
8882 8309
9051 4516
280 4151
2340 252
8710 3409
5002 1637
5955 186
9790 5159
2824 525
2630 4502
6714 3447
8379 9729
5699 2135
8399 6566
2679 1428
7570 2783
5359 7162
2097 9706
3809 3040
7156 424
6905 2811
4250 5569
5294 9308
6647 8421
1922 4374
2551 3226
9289 9085
6077 543
6443 6870
7729 4403
3372 5421
7364 4057
3621 2377
8081 8407
4066 8890
2775 7727
1611 5614
5368 1979
9428 4971
3848 552
5328 5791
1586 1610
4766 7509
2930 8728
8774 2621
9928 2227
1995 6831
8724 2796
6795 7930
6580 7091
672 1282
2199 7693
6551 4364
8558 6626
2838 3961
8689 6952
7496 4005
7510 7421
6693 821
4026 7241
799 9657
8934 5933
7325 2546
1628 514
9994 6652
6698 4477
2073 1768
6820 6678
1070 5030
1123 4752
1734 3045
8511 7499
9432 1469
5162 4065
3694 568
3954 4690
7818 2401
7632 3198
5782 7011
4287 1921
8864 6932
9540 8631
9724 9821
9117 4545
81 3935
885 2689
8819 1113
7010 2674
5274 5189
3573 7741
4527 7895
1722 1308
5388 3221
5540 1362
4761 9104
6682 5361
3675 8405
6782 4371
5035 4613
135 7475
9307 3004
3130 6445
2749 6046
4816 9867
3564 8499
5744 827
5251 7892
4046 8331
5141 474
2751 5511
9343 9330
7801 7440
1048 421
8275 1203
4411 8410
8598 9514
6159 3684
5920 1017
4305 9046
5818 6273
9805 5645
1605 2182
9313 3555
8997 5945
5632 6312
5130 2994
2303 1305
5344 6792
574 9199
9093 7652
9 4553
2235 5910
5287 3014
8961 7594
2349 4463
8562 3360
8176 9460
8536 7504
2733 6727
5452 7504
4370 1296
2908 3821
6330 2756
3060 475
5691 3710
2452 347
1181 395
5533 9433
2910 5975
9544 9064
2431 8713
3685 1915
6066 2485
4547 3448
4667 6245
1720 5625
9137 2632
3134 6725
1324 941
5979 1804
6306 9867
9556 6999
2659 1063
8050 1101
7186 8922
7368 7889
6098 3627
3965 9731
7314 7516
8404 9928
2972 4821
5651 2577
6694 6959
4396 9777
9809 161
4476 4472
8392 2901
4902 2881
8301 3449
881 5700
7566 5854
5387 2581
905 480
4985 2356
7473 3436
755 1264
4355 5640
1492 9893
4321 5220
3557 609
2104 1362
2322 1295
6915 3883
3992 7767
7474 2825
9396 4212
5739 1479
1823 8920
4738 7435
9512 7460
2681 5069
8562 5685
932 1762
7607 6755
1992 1240
3755 8460
8922 2669
1110 2250
9808 1286
9382 2101
7325 5681
7413 3596
2000 9069
2934 1250
339 4880
6199 6526
4600 4908
9306 5545
8396 2559
1409 6213
377 9661
2918 6664
2135 8258
9776 1220
5642 3884
7532 7395
6063 3432
4344 2128
8792 9799
4480 6668
6750 6084
5569 4440
5407 4006
4999 4554
895 2738
9680 7300
6006 859
7981 6288
1036 8715
3788 4319
6415 1701
5778 2834
2057 5673
9179 8267
2511 7282
2728 6868
8881 3115
7653 8265
5808 7634
2437 6579
3054 8489
1323 5373
9132 9170
5100 5141
9315 9434
6750 7207
8478 5842
6128 6379
9949 7909
8327 3702
2735 5226
3717 9301
5976 4731
1779 7561
9717 7058
4769 2993
7371 7277
2850 56
1168 8235
8803 8976
1252 959
9551 8263
3086 4942
1170 1393
3015 5955
4659 911
2839 1186
1379 6464
3629 3991
1948 6284
2247 4754
4939 6634
1518 506
611 7313
5569 8545
5505 3458
2825 1442
6743 2181
6314 5697
363 5521
6220 1288
4335 5562
7579 1872
6751 4333
4333 7651
8068 7788
4404 700
2610 1743
3162 7892
8605 9764
6389 5130
9758 1035
8682 3544
4301 102
9745 2429
2354 8733
2106 2830
9405 941
7657 6348
4671 3738
3494 3860
7955 858
3202 2592
3034 5821
9187 1956
4712 8286
3866 4209
4286 2072
8188 2911
4079 7171
5796 3499
2078 4098
2191 2668
1005 4017
8436 9441
8473 5380
1812 7232
9035 2378
3429 7645
8158 5070
3150 4566
2801 164
7388 4141
5439 5365
2272 1871
5447 9518
3116 8911
2654 1622
9717 7083
6581 2103
5937 3170
504 8848
9680 5093
6605 798
9495 6369
726 6558
5966 1953
2901 8201
2857 2919
8790 455
4318 6223
9540 1490
7615 3046
1019 3895
5635 3217
9877 4737
2201 8310
7952 6816
4719 2498
558 7755
5459 5067
5824 259
1196 9906
9329 5300
3636 2274
6458 6390
8706 8352
3844 138
4511 7908
3546 4646
9718 3823
7193 8765
7653 2478
1888 3786
5861 9199
1501 425
1764 8859
1094 8754
3487 6235
6574 6957
8475 8586
2437 9938
3773 263
7521 6440
6299 450
7210 9631
3593 8576
1300 704
6549 8485
6048 8629
8393 155
695 3536
2136 4155
154 7992
3187 4040
5489 2990
6510 935
9229 7160
1467 3114
6275 3338
964 1647
6665 5250
1670 7451
5921 1176
6424 9578
3207 4594
9696 7933
1226 9697
9247 4226
3318 6429
2410 8994
7977 5043
3166 3342
5510 8766
2185 5031
252 5686
1565 9010
3893 4798
8356 6374
207 2838
6201 1652
221 1678
1545 4532
5566 7322
5294 9992
1922 5930
7335 5839
1700 7785
39 4388
3792 2979
517 6956
9133 6468
656 9801
3091 4146
9754 8546
4515 1005
5934 2541
741 1227
3335 1894
5795 4426
8219 7253
6535 6586
8781 4294
2537 2763
6416 8752
2841 9779
8825 2305
3933 8296
6182 1181
1278 8545
7863 167
5641 7883
1743 4046
4192 4705
3102 2201
3805 6949
4442 2763
1607 7708
2596 8412
6428 7649
4905 9127
2570 4981
3564 3508
3748 8819
2464 1155
1473 735
3642 6817
3542 4969
8488 3611
4164 5464
9659 4878
3178 2463
466 786
7352 7084
9933 8347
1244 594
8372 1384
3195 6223
613 6909
71 6384
173 6530
9241 8700
6217 1438
7678 2662
179 1260
507 3797
2620 9275
5356 6226
30 5273
4425 9638
159 4663
4508 8528
2468 2757
9780 8825
8702 8461
4707 1711
3887 3236
4247 6674
5657 3629
1994 6077
6599 1680
7726 4927
2662 5785
6960 6024
3287 2840
6396 9372
6615 1178
7968 590
1822 2504
7805 2078
6705 7915
3966 154
85 8489
7475 573
7274 2194
2467 8443
8038 2040
5307 5660
9183 8723
649 948
8472 496
932 5699
1591 932
4162 8190
5446 3408
8015 4075
7174 2806
1542 417
5754 595
2054 1972
5321 3315
714 9491
1523 6425
6 5989
6554 8515
5682 178
9866 5420
8452 1895
3185 3069
8785 9242
4998 5725
6037 8527
5277 4189
3775 203
3910 2016
9694 2476
7629 4839
4986 6025
7862 1537
3395 6128
3663 103
9762 4464
2981 6510
3722 4202
1491 2650
1598 12
5701 986
6954 9304
2783 6381
3440 1147
8833 6274
3824 1235
1103 1596
2861 9640
5891 7492
7444 1262
7691 4751
7766 299
5979 8218
1645 9570
4843 4980
1691 162
4944 1162
5523 5744
9786 8592
2749 9106
9808 5902
8572 7740
7905 2761
9231 9673
7796 1571
1040 1729
5556 9521
9759 9550
335 1742
1577 67
9519 9823
5594 3123
8033 7976
9820 3580
2447 1389
6360 9402
2248 7457
5367 6632
7213 9414
7967 7336
2801 4335
5166 6848
1235 9604
2188 7080
8729 208
1317 3179
99 1609
4100 5849
5993 149
7570 3024
1106 3895
2596 3437
2455 8782
4859 9655
6664 7348
7083 5756
9913 6225
3964 8174
3539 2788
8055 9759
9577 4542
3765 2845
8807 3939
9571 5129
5155 4035
2626 4182
6515 7706
4517 1025
5256 1563
1539 6527
8893 1181
8244 1979
9149 5460
3847 2307
6453 9651
5579 2890
2175 1653
4844 5596
4416 5097
9991 1473
6030 3031
9036 9298
5082 2434
733 1966
6331 6776
1028 3980
3278 8764
3736 1202
8838 9045
1078 7638
4309 1176
6943 4835
2375 8420
8882 5762
2925 827
2593 8242
4168 8108
3317 7947
1812 6524
5451 6879
5841 451
1461 8948
5693 5397
9462 375
1313 9136
8012 6600
6463 5081
9040 4947
8904 9201
4787 5289
7583 9378
2348 7567
4338 490
5984 5157
1352 5776
8810 3657
1555 6484
9840 8781
2800 4614
7563 7060
6314 8995
4923 5193
1316 1565
4975 9914
9975 4227
5648 2276
5349 3620
9432 3542
9826 6829
3092 2350
6341 7333
4536 5236
4499 3953
4247 1986
8245 4732
6698 2422
9316 3999
3598 8739
1294 4785
6105 7929
4789 1710
3448 9135
6118 2036
8008 3411
4057 2871
2303 5476
4229 5980
3731 6163
6628 6285
6263 8435
3065 2089
726 4280
1432 6617
3292 2753
1132 9890
710 3805
6400 7010
9529 895
9573 8897
8945 5438
5679 3367
906 571
1481 7383
4815 9444
3667 9345
328 7795
690 7605
6059 6508
7204 3759
2207 3299
2392 4672
7543 3668
4420 5440
1504 3389
1062 9942
9649 5734
5877 5689
7503 8574
4120 1386
8766 9514
9343 5491
4203 1867
8184 4515
2569 3695
3816 7327
1727 7868
9417 2732
389 2345
8747 5169
187 1508
2629 9759
8273 6291
2885 9201
8134 5274
4643 4435
7943 1797
107 1160
9516 1966
3954 1968
1869 1558
2524 3230
2547 6459
4025 2213
3140 3275
2193 9457
8754 4772
9919 3332
5028 773
3822 9624
4029 3591
3220 2899
7519 8642
2281 5465
8817 6549
4938 5681
9594 298
2576 5674
8711 32
3318 9304
5941 6128
3168 8480
444 7396
8221 4857
6254 8368
5362 3261
8212 450
5917 3415
6701 2763
3550 9957
41 890
8188 6850
4266 9535
219 6390
5704 7815
7017 4289
2658 2871
6956 4666
1600 171
3915 8559
56 4924
9103 6712
6359 969
6017 19
9913 3304
2697 4951
8625 5695
3480 1414
6575 2547
9426 7028
5420 3147
2826 7707
8290 44
6693 6621
1288 8271
9579 6223
831 8869
922 7655
355 9250
4395 5989
955 7704
8961 4227
1206 3425
2335 7509
9902 254
2983 7019
2346 6413
4630 5754
9586 6437
1105 9176
2171 3043
7027 3523
4708 2479
8530 4352
7476 9249
1750 7407
4032 660
1098 7358
9629 303
6028 3139
1065 4252
4420 2274
7515 3789
1729 8057
5807 537
8240 1568
7020 6593
1362 5126
740 2857
7114 7632
6491 1647
2251 8085
9439 9418
553 7163
8739 9809
3152 3733
3443 9049
1176 9978
3070 5392
4797 3025
328 6794
5068 6998
1270 4318
6985 8302
5719 8072
4769 546
153 4331
9959 4161
7802 3198
2895 9574
6168 2673
146 4882
2278 2919
9488 899
8529 3514
2252 7539
8285 5720
5484 7931
4375 7112
8785 8459
9610 8018
6156 2786
6808 6884
7745 3653
5710 9145
3109 7245
4694 9409
2462 4327
6281 6945
5271 3700
9025 8992
5663 6138
652 8749
2105 7179
9139 6038
243 9747
478 1532
7811 2018
1625 6072
4155 174
4503 9792
9883 7335
1862 4943
8096 1241
6855 4424
919 8372
5554 2706
3457 3324
3793 455
3809 6375
4534 777
1435 508
7354 9177
1350 8619
5873 39
7232 9787
1724 643
5549 2275
8455 4132
5376 9880
713 4049
2124 2930
9048 6967
3353 2191
3644 1661
4354 940
9409 5226
5088 1476
1548 2811
6831 6302
5086 7414
1011 3302
8036 8287
2230 3953
3738 4556
838 953
4361 3616
9278 4715
1963 3010
7213 2714
3335 1644
5816 6629
4879 3111
9430 4131
5195 8814
3640 9160
6650 9567
7595 1727
9229 6642
8597 9745
6454 2716
2116 5851
8907 5234
6912 8338
8146 5206
8199 8935
5540 1844
4057 3486
7040 9449
1024 2034
1520 1179
2939 9267
1672 889
7074 9437
4899 9209
3867 9068
1039 6190
515 8544
9036 5256
77 664
2869 6460
9040 4757
9066 9336
8694 8987
6583 6458
7432 6158
742 700
7861 1988
3192 8474
5264 3270
5968 2155
5388 47
3096 7002
170 8847
3774 1313
5241 9421
3574 9717
2499 2822
3344 8724
319 4471
8758 2641
3180 9912
6441 9160
1877 9657
9075 3726
742 1667
6308 8584
6121 4449
9117 8644
6992 2838
7217 8647
1628 3515
4184 2008
2557 3937
3882 9750
7912 5913
5695 1176
7939 9136
6499 8592
3280 9299
4427 3722
2044 4787
9411 5420
5562 5147
4667 2622
5119 8778
153 9078
6283 2525
2721 6489
1176 2605
3078 6237
2048 2933
6647 9408
9467 8604
2281 2346
4701 4715
8196 8906
2035 7864
1747 6705
2375 375
5279 7096
576 2507
6457 8528
913 6579
4568 5395
6355 6890
4924 5186
1051 2594
3984 8297
6711 7445
8387 2868
6385 1778
4523 5950
8712 4199
740 66
6031 7187
8615 4622
5524 7555
853 3096
3589 3563
3276 5529
6392 5065
6665 9006
3266 2486
9581 8261
541 4400
6218 6290
4402 4879
6909 3989
92 5654
9793 5272
5565 317
1986 2318
6033 5627
9625 2499
2216 5944
5281 9060
7682 1501
3121 5258
3371 5
525 3163
6348 9209
8991 3722
3544 8106
2468 9492
2671 9
6066 9284
7729 6180
5777 5847
832 1402
6700 4070
8049 39
8913 2666
7172 9497
4722 7229
5720 7833
2693 7759
7142 8657
5539 4450
2819 8463
7107 9641
7367 3503
1949 2512
1592 2851
2168 9399
885 3602
8701 6925
2773 316
6866 1185
8565 5088
738 1062
8655 7652
7508 5485
87 7572
329 8217
1900 1758
1384 3831
4657 3936
3760 3292
5490 3124
1950 9064
9078 6184
6857 743
4661 2702
9844 5307
9120 2657
193 32
4431 7093
2755 2895
5040 9454
9804 5748
5107 4732
1329 2871
8553 4369
2622 5007
6794 2981
667 9590
7026 4865
9628 6877
8875 6449
7675 4651
7974 8186
5900 4084
1059 125
8547 3120
8237 9961
8460 7084
3641 1609
3267 8174
44 4651
345 4183
1218 5128
6732 1927
497 7016
3982 2007
7324 2234
1355 9127
3712 9034
1182 6282
2938 3910
3078 5078
2215 1773
1119 1306
2192 8815
6787 9755
8361 1558
1673 579
3706 4076
325 127
1472 2644
5863 2944
9480 1428
1681 7187
3665 4675
773 9202
5451 9766
8913 2368
4962 6935
9549 127
2513 4300
1986 1374
4971 7246
8168 9610
2537 8087
4406 6578
6138 9415
3697 7821
422 9360
362 9569
5406 8225
3085 7049
8904 9451
8041 7694
5785 9085
7483 2466
8003 1732
5199 7379
677 4818
4081 2112
5481 1774
598 4099
7681 3032
3644 7704
1160 3895
8628 8629
9585 8701
6289 1562
8713 845
3702 950
7393 4509
1136 7880
8687 114
3887 5807
2222 5790
8458 9792
26 3011
6420 7065
3412 8334
735 7673
2227 7811
8495 5876
6413 1876
3728 4378
9418 3652
7362 3808
6898 1395
8835 9356
1919 3715
7224 5352
4269 9009
4872 2051
9207 7295
9597 1450
9573 3223
8929 5934
1078 2160
3787 2721
5605 3451
5058 245
4711 7203
2102 9940
9597 5455
855 3755
2829 1675
1324 3052
7311 2169
7640 369
4713 9282
8065 4883
6625 4774
5887 3938
9085 1074
5019 8135
4897 1631
6568 9427
3819 9012
6434 9910
1811 9479
6806 372
7010 7326
5239 670
3667 9599
8741 1935
2498 6596
9921 6383
4294 3750
1209 3459
97 8624
4891 9760
9565 4808
4289 9000
8100 228
8023 7819
3467 5755
6327 1376
6438 102
8524 3576
2129 5117
7314 5465
1135 1025
6075 2759
7014 3985
1523 5166
3243 9562
9443 1698
6397 304
8837 18
393 518
8926 854
4644 5392
3544 8817
1556 9919
6676 2855
1245 3242
8358 6234
7799 8089
9856 8528
7925 7295
3861 6688
521 1784
849 4764
3335 5674
6039 4122
3161 2540
3941 1406
1497 3242
8905 3181
9036 2433
7135 877
5082 1060
3764 6284
4343 4950
1348 6346
8426 6300
3582 2307
6040 1718
8253 2473
8764 2445
4292 2983
1816 4076
1632 7491
6127 2760
2417 8010
5785 1295
358 6584
25 7790
5972 2194
3248 753
1106 8201
9755 1385
1946 9252
2846 7302
9007 564
8501 5116
9569 5384
7056 9199
544 4273
4825 6351
2498 3534
1737 7669
943 5953
2324 6088
7965 4651
5530 6114
1740 2057
3140 663
3902 9515
6833 4020
5759 4148
4766 3591
7491 1258
2314 7457
2420 5502
9651 1996
8887 3780
221 1428
4885 8061
8591 981
3795 100
4436 4200
7946 7511
2910 6663
3501 5941
4075 8260
1573 9563
538 5850
8298 8272
6474 2089
1435 8062
1780 9199
2393 2412
6199 5631
2612 8373
6308 871
2455 6845
2376 8795
3484 2552
9337 146
8126 8882
55 9370
9465 9593
260 189
5329 3515
931 4582
6634 777
7236 6012
4496 9854
3983 7413
8955 8907
3864 592
7206 4598
6080 9464
2295 6534
8424 8046
9317 4666
1496 9991
9603 5911
9233 6960
7479 9040
1516 4571
2776 4779
9962 9782
9436 8898
6233 6956
3639 4710
2772 9497
2320 8772
6076 5314
701 552
1266 8632
6464 5456
3469 7
7654 8785
6117 4865
4573 5089
4621 1863
2545 5781
3413 4703
3918 4125
5686 945
6754 193
9562 7996
1210 3757
598 6246
6134 4794
7542 5239
8386 7691
7464 3065
9844 1201
2540 7492
1631 7087
3155 8542
5351 9915
9923 9596
6593 422
8306 5231
663 1279
901 4580
5315 5639
8592 4844
3854 1784
5371 510
8605 6263
9492 5434
8974 7883
8290 7424
147 298
5126 6713
8689 9494
8603 8129
2284 9240
774 2627
9257 2331
5856 9328
3494 9593
6651 6803
9615 7598
6073 6917
4644 4359
6304 5546
9146 2416
3781 6704
6675 4225
711 7004
5271 1440
1511 2659
8961 1125
4898 2911
8984 3572
5728 6083
8114 4692
1744 8570
8857 8214
1001 1414
5028 8476
8661 1740
3594 1929
3972 7201
1824 811
898 6710
1170 7376
1709 3737
5964 3353
1508 553
4312 7754
2722 4241
287 8977
5736 8809
9375 1942
5747 603
3339 3336
4657 5698
9631 397
3836 292
7327 4462
1239 8981
8346 5720
2853 1282
5351 4321
9498 5766
6554 9430
2079 6047
6664 4845
1746 331
6553 5765
500 4463
4416 1409
4563 1309
3315 6095
6702 1754
8967 9222
2668 9465
1669 2371
6129 3000
379 1113
7923 4122
5771 8092
4158 4512
4792 8236
5343 7554
2637 569
7057 2470
5570 2627
3907 3535
1355 9852
9067 8265
1574 3506
9791 1028
7589 4377
192 5003
953 432
5299 3079
507 1195
7320 7596
5711 5060
8050 9170
3851 373
531 6710
5644 2566
5966 4294
1207 5930
460 8522
6249 9283
224 2307
49 9842
1474 1740
9862 6307
1196 6421
1984 6341
2684 3109
6133 6503
9818 5871
2798 9587
2645 1080
258 343
274 5857
6205 4402
2165 283
7531 9854
4490 7742
5903 5428
2898 7753
7886 3787
3327 2073
7286 1277
693 4146
1390 4560
1398 4431
1133 2519
9530 1516
873 4178
3609 6071
8111 8290
1069 2628
1871 1207
5491 6308
1197 7966
1093 5118
6544 9518
9641 4597
7948 6255
4808 9825
3879 5606
4635 9352
9474 8068
5545 3982
5334 9520
5577 3288
8094 1928
6995 4307
7504 7511
5481 1359
6099 889
634 35
9813 858
7288 3490
6863 7157
2069 5165
5981 8268
9573 2780
7384 3762
9051 4179
143 1674
470 2628
9591 6061
1199 7729
5933 6976
5926 3357
3827 1968
8682 8431
4452 6396
3052 452
1475 9833
5877 3195
7656 3761
3293 9221
6920 1126
933 7196
8365 919
2453 3426
6995 1081
4050 3205
9122 4641
3254 7445
9434 9502
3243 4296
8308 1908
6197 3084
5768 970
4331 8255
4727 8750
5711 8007
2506 9554
6356 9514
8676 4519
1968 6268
5329 6685
5405 5480
6678 4054
9864 8779
6548 3874
7467 731
8029 4412
1925 607
5978 7589
7289 107
3526 8151
7781 5560
202 7714
665 8753
24 955
1198 653
2350 5156
1129 7301
7182 3914
5457 9182
7061 9159
4402 8478
5895 9119
1721 2513
3863 7193
4871 5028
5460 3047
8704 5056
5624 3520
3410 1861
1777 7739
2712 1244
7076 3880
8992 5145
3305 3157
9385 9951
7574 5489
725 3287
5966 5830
3972 618
6671 6047
7733 3403
2522 9962
7616 6711
9754 8352
5879 2144
4458 1735
8733 9990
7435 9388
882 7487
3954 1751
4402 7005
9599 1047
7176 5771
7342 3282
5475 4788
1018 1874
3241 5777
2037 6790
9233 2872
1435 4137
1424 2589
627 7333
5961 4921
8942 7774
6084 5895
2041 1073
9038 8712
9048 8825
9385 9009
125 3649
5838 6305
8738 3186
1707 3215
1924 7155
7965 2626
7398 4193
8143 5982
7614 3912
252 8868
9131 8373
3705 887
4476 3687
7613 8446
8643 5436
1773 1545
6854 2500
5238 7268
940 6869
1826 3745
3428 144
7419 4227
8483 5060
726 8731
8551 7288
4470 5983
22 191
5411 5211
1686 1649
727 5493
1209 8498
6214 1611
51 9956
5724 5876
4879 7827
6575 682
5815 8224
6763 7242
7420 6580
5931 6003
2566 5998
1963 132
6764 914
7859 8719
5928 1189
3665 8089
2190 4885
6929 1417
4379 3573
5148 6990
2867 3180
258 705
3498 7780
4245 5580
4235 8977
3885 4618
7433 8041
7210 1376
1938 415
3637 1153
9368 8497
1060 7208
5529 3966
5959 1411
6485 1335
2660 3119
1300 9314
2154 9696
3137 4159
3389 7877
9687 2311
1123 7821
5984 3522
9214 3560
7981 5786
5025 9080
9607 9696
1913 7
1955 9122
1565 9084
4231 5690
3528 4387
8809 7195
7519 2705
2294 4659
5105 4526
7447 9759
7973 9900
9993 4595
8124 9650
5437 9709
5061 8675
9109 2829
4778 6481
4097 8946
8641 3725
4203 6591
8389 149
5875 730
7342 6235
3305 4015
7257 4310
6880 456
8242 299
8127 5450
7538 6453
88 1033
944 1484
6035 7253
4782 2442
1407 1262
2438 2993
5960 3926
7377 951
4883 9680
5107 2996
5754 2564
9460 4523
975 3900
8677 2528
9585 6092
829 6077
7969 1365
9333 8719
3561 3428
7107 4328
7223 1951
4283 5292
150 4949
7024 7934
3048 5001
5071 3373
3809 2225
5348 8976
5822 9539
9138 2977
5242 196
7748 4825
4810 4324
8909 10000
3688 806
8062 8695
504 1619
8931 4470
3333 6854
2727 2111
7546 4803
6111 8282
7540 8195
6761 652
294 9862
5713 7567
9500 3530
4753 6054
1401 6797
2727 4233
1964 1674
5224 3688
9288 2651
3922 2967
2237 9869
7416 8703
1998 1175
7347 9639
3433 7064
6228 9726
908 3643
7755 8421
9646 7809
5411 8645
4317 3265
711 4995
7092 2308
2597 82
2748 3128
3300 1261
1109 8382
551 3261
3167 8521
7181 424
1712 4816
7141 5345
6588 6742
3623 5374
1142 9909
3094 2911
9627 4901
6042 5315
5975 3707
6986 3470
8230 4395
6120 1934
2509 4019
9242 1032
4898 3899
6044 9303
2064 7709
7810 9198
526 825
48 8521
866 8633
6934 6871
3915 1832
2452 6367
972 7758
145 2697
3722 4224
3978 2258
3424 8849
6205 7949
5319 3504
4153 1525
7996 9596
5317 9770
42 2099
9531 2024
2705 5397
4069 9788
9887 4543
8559 6154
5002 2058
1585 4867
6932 5630
4044 4370
7395 4110
6371 3577
4252 9367
5268 1063
6518 6467
1292 192
9836 9599
2378 7148
6826 8845
2702 9881
6692 8412
53 6640
9093 2837
7408 6478
8103 5012
5836 8947
6903 1058
5691 5132
8221 8539
5084 5829
3896 4727
938 4898
2918 4001
2940 9980
2208 3640
5341 9504
8534 7588
6820 3689
3908 8073
9590 2639
4629 6948
8444 7707
2084 398
747 4010
4492 95
3630 9248
650 328
844 571
8665 4960
9321 2839
6598 9662
3180 2438
7965 1123
7777 6273
6787 3079
5248 4057
1220 2945
9599 3397
3150 502
279 5035
6159 2897
9923 9083
2041 5676
8778 7851
9159 6123
5253 6498
8964 3130
1676 2019
7743 5689
808 8177
8301 8937
3870 170
2444 8641
5677 3928
9034 20
9150 9791
3712 9699
1119 7668
4742 5585
1657 755
7323 4886
2706 6980
5018 9293
1391 6371
7939 7394
7527 3919
8892 9955
6187 9865
9501 9108
1539 947
5345 7491
8863 6835
6933 5303
4620 4267
5201 192
8302 9842
466 802
1165 2632
9757 9086
5784 4853
3311 2209
8219 4617
9082 2105
7301 8539
3366 8770
9090 5248
7416 1093
4794 52
4372 4985
3794 3603
9739 3372
6183 6998
7625 8465
8928 1342
2569 6598
1030 331
725 4665
9318 3200
9788 7382
6059 3318
5318 3490
1174 5742
7590 1267
9492 148
1392 3830
3177 6505
3610 3061
350 6668
1747 1612
7906 6795
6506 5934
9424 9740
507 4796
9896 6771
8912 3193
2480 1210
4119 5191
2544 6127
4846 5437
7988 7643
1465 8805
9656 901
7709 3825
9161 1005
9793 9362
3953 7167
4612 1589
6893 4225
5991 5458
739 4152
7967 3650
6229 4131
9091 1236
7891 3386
859 3919
7476 7524
7390 8941
8179 7838
738 8446
2803 3745
9839 1246
5896 4217
4242 621
4218 2758
8713 5468
9061 1720
9327 2570
7173 3260
728 4283
5262 4229
8516 3223
1080 4970
2132 1687
801 1011
6770 6596
2679 7930
1744 6107
8938 7880
1215 2167
8016 8134
6766 4288
4841 5808
4775 920
2435 6835
4909 5797
8858 3770
3378 8687
2890 521
1044 211
7036 1514
4182 1554
2584 1045
3847 1591
4145 7517
7096 5410
4718 4315
895 4760
6298 1557
9187 935
7104 1062
7991 3422
7419 7414
1550 8298
6232 5759
2494 9066
5211 8533
2016 3315
2937 5823
117 3278
9446 4103
3896 9503
8087 6511
5921 9981
9390 4215
2766 8533
3303 3465
3959 1336
3444 4266
799 313
5780 9351
4100 1261
5220 2701
4633 1302
1699 6928
3880 8930
2253 4995
9886 9438
8644 9839
201 6796
1467 5752
4236 8697
8037 6044
3623 2886
2395 2948
9695 2982
4766 2424
8631 2368
3240 3248
4873 7445
1629 5136
3759 5707
3887 1400
5901 9828
4198 7702
7592 2285
6170 4
7507 17
2782 8299
6535 2685
4064 8834
7950 8772
2768 4882
7589 1105
5359 4359
2436 6274
2493 3401
6707 1002
3642 1991
1555 9978
685 3652
5866 5546
5219 9622
7321 9407
5638 281
9885 336
7722 4004
2080 2486
7439 3181
3805 5846
4922 9875
7395 5215
8213 9037
7133 6053
7961 659
3100 499
1786 5255
2064 5186
4971 7024
1749 9453
2687 4536
6829 318
7989 7323
8590 2152
221 7514
3741 2229
6968 7747
9974 1713
6428 8309
9027 3590
155 4554
6584 7434
3892 6065
4916 3535
3640 2424
2077 223
6205 1604
5948 2293
9897 3626
8601 424
8246 6032
5270 7113
2150 7550
7445 2271
7508 8446
8492 5868
6356 8647
2274 3805
9683 6728
9582 4683
986 8446
4422 295
6278 9479
4565 5127
2078 7079
2225 1570
1642 5465
2459 1093
426 13
4360 8375
8739 3368
6347 8529
7392 90
270 2213
9956 4464
6910 3064
3031 1725
3642 1015
4081 4146
3236 544
3900 5750
9760 993
884 4317
7600 1568
6137 9585
341 1238
4701 7822
5096 453
6074 5581
3158 3421
2196 4710
9162 3379
7346 8955
7715 5875
957 1492
1022 4374
7480 9271
4643 3570
6879 7139
4772 30
7660 4505
1233 3122
8653 1821
4404 3811
8064 4782
7411 6245
7514 8010
7208 6737
5613 303
7334 5862
8341 9871
1236 3778
547 7608
9838 4707
8823 8116
398 2975
7460 1495
199 1735
9885 758
3420 4320
8300 3499
1445 3806
2373 3529
6555 5828
3466 3509
7771 1383
7688 764
9490 4583
966 5838
9349 4163
4284 9964
1381 3418
9885 4517
6769 1557
9996 8669
6794 3094
8797 7843
5808 1996
563 8471
3807 3969
1148 6439
7316 5597
8432 5445
3306 8703
2943 4421
9210 4638
781 3200
139 2738
8420 2786
6572 9744
9520 5348
9599 1595
434 4519
5214 517
7383 7754
8087 6059
6748 5588
7651 6922
1977 6951
7118 8624
6723 9167
1692 3830
1059 653
8482 7715
3227 359
4095 204
444 2514
9391 6731
1039 3906
2671 6857
1754 9191
4044 3392
6416 146
7170 2908
1995 7893
4055 1797
8880 1808
8609 822
3512 4705
6878 598
3977 4609
9648 7157
694 9000
4845 8244
3133 5494
6299 8201
5151 5590
9275 7813
1984 6832
4444 2295
5915 8449
1414 4496
7199 1080
9665 9592
778 3108
4916 3819
4874 2031
1783 3780
7385 2129
296 6688
1663 6167
6931 2499
1699 771
5055 2368
4701 1407
4831 192
8911 3448
9700 2837
140 6768
9073 9667
3673 9535
9640 4599
8415 7970
4048 1245
9194 9829
8524 8975
50 1769
8623 5638
4455 9981
1109 6797
5405 5600
2356 6067
1482 2067
373 3401
3373 4077
1092 1851
3107 1809
1693 7035
3802 5723
7209 5320
3003 5378
5852 796
6332 649
9817 9280
2392 7419
705 3479
876 7310
474 3828
4651 4997
6875 1704
9895 8503
5978 2187
3012 6407
5081 7471
5502 2073
1894 3042
6616 6292
2424 9104
9717 3546
6381 5565
6954 8539
560 8530
3549 4536
4678 5154
2341 840
2432 2
3192 893
3528 5198
7657 4757
803 9726
996 3928
5699 3088
570 287
2928 4624
1668 8450
7244 6398
6852 5961
9400 6676
1395 7683
9468 5109
2024 2236
3395 4512
3650 7168
3213 6050
5783 3618
6556 7005
6971 1430
5760 8514
8173 5243
990 2809
5432 3946
8683 2261
9666 5098
1351 8476
6309 4147
353 6631
8235 8381
7063 7490
2863 9549
1959 1030
4529 6971
8942 9879
4328 7024
4350 6332
8998 2522
4876 5605
1578 9526
9042 4488
6079 4460
5210 2301
5547 3880
4927 5672
1448 4328
9830 7849
4103 7789
8806 2275
7064 9789
6307 7246
8300 9904
110 7830
1799 5329
5171 8513
9860 8777
5751 4363
1486 4842
8537 5395
8136 7873
3009 3311
942 9941
1364 7737
9709 9569
535 2019
9850 4938
6163 9975
3703 8444
522 4876
9270 7366
862 9035
7094 574
2491 6073
6370 619
2759 7308
5998 7339
7826 5276
3216 9763
4576 8472
1669 4374
8732 305
9063 5105
1561 2223
7024 9352
2624 1651
6289 3596
8573 1074
78 1581
203 4025
7983 7270
4758 1518
7773 5533
4126 2244
2608 8979
8871 1621
3738 7061
2814 9506
4222 891
9207 3667
7235 4154
7722 2848
1164 7686
7840 902
413 1475
3050 6133
6522 7921
3236 3110
6331 6350
4013 8874
4511 7689
1737 1424
7619 1640
4835 7731
1837 8700
9365 207
327 1285
7570 7021
7723 6490
1625 5122
425 5559
1874 7704
8200 7877
5604 4203
8606 3383
5525 4304
6833 6911
5222 4078
524 8480
8101 1865
8983 9655
8179 499
272 6855
2796 8583
6731 1422
5391 7572
7317 8990
9783 9806
7719 1815
1008 4085
1290 4871
7432 6988
5081 671
3465 3359
7183 3986
5510 8743
9548 3364
7732 7544
6299 822
8431 5645
7237 6397
1226 4706
358 6782
141 5578
596 2736
9256 4480
4008 7918
5400 8659
3565 5852
6272 2097
2102 1099
1294 8558
3369 324
3842 1278
3609 4901
2643 9621
7829 4015
5236 9780
4194 6530
5495 3823
991 7321
1795 4524
9398 7341
5639 9052
7422 7971
283 2897
5778 9612
7245 2828
1805 8935
9539 5343
1904 7876
525 8925
6018 3286
2247 4043
8149 4785
628 3048
2158 5737
3492 369
681 3378
92 7275
3104 9589
3024 1634
7771 4750
5608 4530
3402 4776
8947 9446
7041 8987
7528 9039
4189 9638
2417 2369
7283 7980
2053 317
7346 4436
7545 3152
8740 246
3135 4536
2144 1325
2487 9712
5076 6426
521 5511
2828 1
8954 1916
1988 2736
1426 2711
6923 9788
2631 9818
7183 7026
6735 9231
2400 3263
7128 9186
6024 39
6931 1143
8365 1125
9881 8132
703 6796
7162 328
6879 3906
944 9187
3476 2217
1424 116
2167 3025
5167 3283
8791 1241
3177 468
1941 1506
335 439
1123 3620
805 4621
1079 9032
5936 3803
7541 4920
1269 8795
8222 3051
8580 8483
4277 7817
1207 5301
2212 1956
4255 8310
3858 770
8743 4857
1049 9985
8982 6972
772 2984
4754 7763
4227 6418
4091 8759
7553 4594
1009 8262
5671 8070
3650 7240
4778 242
6242 4028
7017 2630
6617 1482
2718 6731
7846 3821
3145 8071
7847 6836
9315 5022
4033 380
8274 8802
5452 8097
7717 3407
7919 2296
2839 1075
7749 6932
9397 9217
2313 894
5110 846
7602 6701
641 630
8498 8089
5461 7389
8231 3713
8907 3676
4444 2774
5500 7357
7178 2877
3604 7680
6026 8311
7837 8946
5779 4417
874 9402
5443 228
6369 9894
6406 7131
3442 342
4253 1676
9760 6358
4662 1089
5587 9632
5262 4784
1966 507
2539 9521
6490 5840
3986 6662
8385 3640
6035 7546
7605 4016
9070 3186
1147 2586
2844 6548
4928 9923
234 663
7121 7247
3524 7734
1 1794
8348 5809
3254 6564
8856 219
1578 4396
7502 4353
3984 9204
2851 4254
2732 498
1719 1327
805 4838
6397 6268
4342 4726
8767 9085
9072 6080
7591 3518
3540 8314
5834 7938
6565 1882
3567 4292
3361 8674
5471 3215
8704 5854
7410 3173
8359 1457
7420 2938
1731 9129
3173 3077
3644 5850
2115 9287
868 8596
8504 1728
662 6161
8174 6835
6134 4821
7645 5980
8991 8554
9276 2237
8886 1396
4682 1576
4584 1819
4763 2160
9172 4144
2615 9991
5347 3879
5198 6185
3979 7808
6685 6128
6727 6572
5708 601
9113 1548
2776 2944
8090 3353
2437 7568
625 1287
1378 250
3846 2423
7861 4563
6187 7263
337 7989
6128 138
4100 5123
9809 40
8 4138
5419 7475
5644 9551
7785 8710
2976 6548
1905 8705
6156 9236
1931 1213
5414 8072
5000 814
7710 9997
6599 1405
1084 3418
838 9022
183 8730
1330 6383
3442 1966
2133 9888
9794 9821
3261 4092
885 369
8433 7995
4641 3527
3629 6245
2753 23
8135 7215
6970 2419
258 8517
5416 870
1778 8348
7706 6434
7854 8853
1474 2507
8971 1761
8755 6159
6994 6773
9008 8870
2702 9981
2126 7814
1449 5799
5557 295
2910 2914
3583 6236
9406 3396
881 7414
6146 3264
6215 1840
4542 1971
5821 2184
560 8712
8639 9912
3864 2410
320 6614
8470 1348
5658 2758
3680 8322
737 1885
8005 6028
1224 1377
6195 8223
9394 8336
2680 3711
2154 3200
7256 3990
7166 5421
4164 3851
8108 8514
3969 7918
8649 467
4226 9334
9641 8962
2172 4548
5986 1900
6497 9668
7300 9252
6369 1412
3582 2773
199 6922
223 8107
8134 8533
8457 7395
811 326
3153 6414
5815 787
6209 1860
5792 1979
6676 1095
2615 2296
8397 4983
4193 2879
1614 2754
6180 6087
370 6962
54 1842
2489 7389
2417 6537
9493 6047
9708 7938
7221 9470
528 4531
3264 5174
7043 3055
1293 9145
4983 1296
8514 681
3297 3097
5708 9391
324 6828
9951 1977
211 5575
1886 2637
3720 2884
2642 6553
9896 3137
6763 2676
3361 684
9647 5871
9039 3549
2804 6891
2200 7001
2554 9231
52 194
3896 8121
5845 979
6015 8772
8529 6433
5081 3912
496 9258
239 8712
1385 5169
5137 3585
8142 9874
5758 1646
6435 584
4916 5756
7975 3044
713 314
3660 9189
4986 1387
5881 9662
1611 6361
5462 4263
4720 1792
7602 3796
8196 5555
3515 688
5121 2582
7493 9051
9442 2884
162 1234
5273 6601
8270 5025
8082 7602
4103 3777
4213 9612
7213 6367
3960 3500
7402 3844
6618 7966
8072 2270
5889 7759
2191 9742
156 2389
5735 6002
4530 9331
1887 2819
7796 7267
6421 784
3228 9036
7675 791
6000 7371
1428 1418
6931 7134
6019 2616
364 2528
4535 5090
9495 5939
4608 5028
3344 5955
4102 1820
4023 6904
5647 1451
1611 993
2479 938
4259 2378
8313 6727
1838 7029
6149 6491
7155 5805
7004 2463
160 5938
6749 3235
314 7112
8285 2092
3944 4801
5499 8566
7901 9205
1019 3819
8319 2871
3447 7283
271 8581
6597 1282
4739 8335
5685 2415
9946 9539
3539 819
6017 1493
8662 5968
790 5130
5177 2799
6586 2012
3415 3669
2499 5436
4519 1031
8330 9686
5440 885
4145 4438
6778 6035
8441 6579
839 7915
5330 8945
1455 5813
1547 9242
2966 4566
9626 2222
2380 4954
8006 6813
4191 6664
278 762
5760 7131
759 7699
797 8320
7902 1490
9634 4532
774 6323
4008 9581
1385 3119
1399 8375
8497 6394
2054 2886
7882 3969
8762 5552
587 5783
2332 298
4830 2117
2688 5495
3611 9581
3285 4357
1670 4803
9399 366
7436 5645
476 9817
7886 8536
9581 9842
483 7141
6756 1060
184 7113
2774 9653
2399 7973
3534 9282
9637 4931
5684 8714
3139 9260
7316 2287
5994 9328
1976 4083
9855 5296
5331 9954
5725 2181
3348 7579
1050 3258
3999 7103
7358 8945
2780 8713
2308 3369
1666 4736
5393 6909
5663 6601
5372 896
9482 8375
8712 8306
1335 623
136 5062
1174 2457
6273 7518
287 4131
3444 7827
5891 1744
4976 3949
8606 2006
59 6154
5132 2319
4703 2477
6623 2905
645 9309
6054 7414
263 8049
1424 3353
1535 331
7380 5816
8538 9145
2345 7978
1829 7981
9049 3870
239 4069
6117 8608
1719 8606
713 6297
1281 396
1343 104
2208 5091
1739 1527
6967 2332
7902 7887
972 9386
9255 6886
831 2722
6926 9623
4325 2049
8172 2678
2200 1398
1156 9552
7768 761
2647 9957
8657 103
8108 8067
5753 7631
1474 6420
6417 2592
8836 4276
6400 9819
2007 9516
7062 7707
4919 645
8838 7753
4073 2566
1730 4021
9570 7647
3183 6415
5620 6710
3945 626
2646 4268
6699 6655
4216 3281
3515 1904
8416 954
6330 1723
1132 4993
5307 8725
5298 5256
502 9003
8406 556
8874 3494
4603 7302
416 88
6411 1609
7692 114
3849 9294
7863 4629
1576 5601
6908 2522
6487 9656
5296 5822
5452 3927
2651 8553
7808 7056
6304 8624
2832 5977
3508 2663
6159 1401
5596 4965
3602 2324
9326 8901
3131 8535
5055 895
4566 761
1920 910
534 3607
7607 2070
9127 2363
5129 5082
5517 1724
5710 1896
6354 7458
9866 936
734 5397
4434 2079
4013 8702
7850 5290
5570 7120
3369 2388
7672 8327
4798 9586
7404 1461
2568 138
6452 2722
9814 4275
351 5295
7026 2755
5217 20
1736 4006
8846 5289
9252 5501
3924 2805
6306 6352
7206 9078
3938 8331
8438 5718
3376 2837
52 9602
1458 3336
9089 1266
1465 6880
5882 5717
5425 1705
3454 1731
2553 4618
9650 3446
9861 2235
6747 6581
5558 9141
3426 5796
7042 9709
4570 7924
9412 1927
7702 1063
7916 247
2421 276
7859 4488
2763 8688
4607 8872
1684 7615
7096 1539
621 50
9769 880
2363 1818
4203 4928
6860 8526
601 8901
4099 4955
5637 9657
7201 7016
1739 9065
2043 5460
1255 5179
5918 3633
97 5863
1920 8684
2097 3851
5768 1310
8575 8718
5280 8793
6706 89
1344 1613
202 9985
4821 3631
2798 4910
1135 4879
2417 210
6879 2046
7892 8016
1142 5854
6165 7246
9932 1901
444 6761
2229 8091
4903 3233
879 8265
9192 8175
1980 1617
8679 3285
3421 704
8763 6078
701 1680
9466 2145
9368 4156
2225 9479
6959 4454
7730 9124
5565 6094
7952 580
9177 8970
4083 8777
8690 8327
6856 356
2731 1677
3281 4949
166 6521
9423 8669
7528 3511
5911 9057
8660 8178
7799 8041
149 3084
90 8770
5443 2000
1554 9558
8404 5689
1778 4256
6121 178
7155 5554
8977 2549
4090 904
346 4127
6711 2990
6127 3947
2046 4817
1549 3677
1209 4841
2687 8125
6733 3164
6072 7637
2973 9808
589 2284
663 5471
319 4551
643 5241
8677 7791
971 2481
459 2135
3705 5348
9981 2143
4734 8386
9155 2818
9798 451
7111 2060
8462 344
5968 3754
1639 2433
7841 8500
8566 6757
5743 3347
6211 9895
3817 9059
9001 1249
9903 7736
3698 4783
7242 3716
3086 8734
4720 7278
2742 2262
1308 7677
386 9716
338 2949
2888 664
9830 9085
7921 845
7328 2520
2935 5789
672 8810
5480 6495
1996 7746
2112 9528
7159 297
323 4465
1269 170
9888 4538
7501 2489
9143 3261
5236 503
8233 6812
2361 2375
238 7637
3518 1119
2005 5137
7468 3415
8676 8222
1694 1676
1615 9968
1019 9544
9501 3789
8792 6185
8576 2382
521 7778
9761 2732
9508 816
8580 8628
7640 2432
3223 7847
9996 1731
6554 2898
4269 1927
4678 3657
3747 3433
5705 6644
2113 6305
4957 5713
5904 4188
9980 4156
6821 3134
14 4761
1395 6932
3688 6439
497 7415
2312 1467
7853 7195
9569 2600
509 9313
4135 3593
6183 2204
7091 7345
5199 9830
7917 4604
5890 2768
3275 6463
2654 3500
4899 8013
8232 1500
7568 5113
1882 6035
2771 1575
9691 5422
1060 6517
5740 503
4956 5063
7965 1093
6548 8058
5 1241
3540 8965
3382 4492
4528 3858
6930 26
1000 6701
8626 2369
7866 4789
4036 5661
1075 8244
5403 1551
5374 2082
4349 6082
9940 8707
5082 101
7113 4908
3361 4050
7566 1943
9156 6577
9290 2034
1415 7469
3408 840
8753 9524
7249 6649
3172 778
2521 7831
7300 2625
3823 7731
4021 8753
9900 9145
5870 1016
2851 6881
2525 1714
3023 7830
9331 5520
8849 9530
9670 362
4695 2135
4152 1231
5690 4476
2314 5451
9625 1121
3609 9231
8433 5659
1444 4087
4452 7610
9364 4330
4583 5928
1390 7803
8823 7683
4500 9792
4653 7262
2967 3635
6268 522
2859 956
127 6010
9069 3246
9664 8760
5919 4330
8445 7927
2260 8024
899 4111
5976 9591
6300 8704
3366 5263
3806 2494
9502 6329
6246 4098
53 6427
9422 8336
1034 9841
3201 1321
5549 1272
4412 9991
2758 2751
9513 6769
7323 1598
3229 2842
2205 5050
5196 4636
8399 4669
6252 8765
4569 3609
2229 2499
7685 1055
9843 8833
1632 3758
4553 3293
5742 6657
100 7398
8689 165
1830 1379
3358 5767
7920 7347
2056 7215
6968 9414
5680 529
5942 5475
1810 8795
5190 4485
6696 4792
9204 5776
9935 2142
2891 3334
7422 91
9657 5707
9154 6695
2144 4862
7922 9284
5477 7599
2162 3666
4021 7889
3805 4862
4452 8600
6225 6593
3670 9913
972 2383
7758 9673
1126 8627
5611 6865
4354 6180
2722 4646
2564 219
1237 5153
3212 472
6300 4415
8114 6007
7873 442
7955 3455
1412 5758
3908 799
3648 451
9385 2973
5762 3171
1096 595
8502 9738
4779 5935
5398 7275
275 1377
5860 1315
3865 8811
6267 6467
9496 2951
4901 8408
3348 8247
6921 3255
2353 3840
3340 3948
9744 1413
7811 4681
8563 650
1839 280
7237 4447
1173 5260
1929 1295
800 3765
8553 3563
9924 2888
960 5584
2078 7325
3091 1714
5315 2200
8708 6407
4685 8782
2800 1446
4222 5211
1058 1743
6996 3817
5101 5391
9133 9899
7974 8955
1518 7194
6353 1674
5776 1191
1862 4989
6037 5678
463 8897
6093 6870
7150 9941
8965 4621
6526 9976
4757 565
6026 9759
6202 8594
5609 4540
1734 370
5940 7156
1346 6509
5383 1055
3212 1650
4317 9147
2669 3626
410 1824
3083 9643
3300 785
7289 9804
5724 7798
2846 9054
4097 2780
3898 7269
6942 5157
5323 2917
3811 273
342 7297
5966 1526
9555 9649
7052 4831
554 6685
8934 5378
3778 4715
591 5182
2305 2127
5812 2253
3296 6922
4108 9440
4914 9575
762 885
1219 6253
10000 8378
4965 5058
7889 7711
7017 3425
8182 8229
5976 7688
8848 5408
3522 3698
363 876
5868 7296
4885 4946
9651 8276
7847 273
2674 5914
8218 5447
551 9105
1997 5881
2501 7581
7166 3172
4310 7418
7412 2494
1203 7333
9932 3971
4088 2373
2816 2444
1067 9245
3695 1776
4268 8351
4950 5717
3042 5704
9355 2468
6226 237
4874 5548
1961 353
8492 3506
6904 5627
6456 6112
2249 1651
3598 6736
5347 2691
1573 5463
2511 4420
1638 4013
2328 7714
6701 4379
973 4381
5208 103
3158 9134
6063 400
4845 8539
7353 3494
5082 3380
6785 8254
8727 1053
1672 4167
6970 6986
6012 4325
7963 1775
2728 1316
7792 7142
9096 6769
4871 8394
32 8340
945 5608
2516 9309
9423 1679
8565 7070
9723 685
1105 1377
5143 830
5044 9092
9679 2814
7659 3373
5836 827
99 6801
2621 1578
8280 3233
2910 8082
5979 3723
143 8196
7589 5011
7554 8981
9051 5686
8138 5938
6206 3989
1249 9536
9957 8429
220 6276
4154 1309
3519 8616
6974 6533
2925 4581
7671 8919
7518 9621
9102 4369
8708 2395
1712 9166
9134 6162
8348 356
1035 8511
5835 873
7138 2594
5010 5514
1021 6235
9669 200
7480 144
3348 5342
1425 6413
6199 2168
8196 3022
4966 8650
2349 7040
4293 1352
348 4418
5889 7927
784 8862
9005 2459
797 2352
9555 506
471 4976
9243 8002
8706 1351
538 8021
9920 6007
8022 9830
901 9114
8048 2649
679 5662
6576 5836
4641 5069
1041 3167
3083 1588
455 2828
9750 220
8752 5604
5827 7528
2838 815
6867 3684
7383 5940
1740 7541
9998 5216
6729 505
4476 881
1766 9432
464 8904
6825 4605
5709 6754
7515 4578
1052 4189
301 9014
282 6268
3786 1915
4111 6100
7417 2591
9415 1762
7 1139
6506 9709
1352 7499
5261 2624
7111 8913
8414 5116
8161 3864
8446 6591
3098 3656
966 3724
5261 9045
3401 5826
5670 9123
5556 2963
3888 8614
5357 449
5985 4906
1893 8977
3530 8294
9827 2972
8100 2451
3828 3799
7817 1871
4922 4641
2650 6268
9206 644
5672 4688
4865 4923
5626 4405
9798 152
8897 1791
2859 3712
2057 9334
249 936
2384 2078
6694 3593
2642 72
6853 5401
4711 2501
8315 7763
2981 4134
2508 6254
5093 4590
7068 6450
1624 7001
3976 8042
4881 8066
253 3731
4657 403
6663 2675
6679 8445
8977 8729
5918 988
9944 5482
4893 6529
3963 5850
3437 1624
4213 1815
4912 5349
228 8727
5186 510
2011 7178
4069 3413
3650 8009
7851 3031
6785 1030
5536 4802
5659 7580
9258 6397
8944 3267
5402 2913
2310 3280
3773 2805
9207 5662
3750 8918
9267 6653
8307 8048
5067 4525
1692 9997
6336 7787
8683 2088
9431 8427
4507 9304
5827 3593
7094 4182
7159 1100
3145 991
2862 277
8502 2547
4711 8634
2778 8419
6711 6761
8451 7198
3248 9631
4996 5590
7656 9497
4814 9870
9148 7156
4004 6159
8813 1034
6803 3417
8809 1169
8250 2066
2868 5348
8247 7323
5146 1189
6119 7938
2018 5848
4710 9675
5017 4767
9440 9633
6619 163
3509 5267
5923 6570
8489 3940
4052 462
4407 6441
6186 599
3716 1359
9435 8521
3858 5589
5141 2002
1446 3690
8126 6191
9271 5158
5499 2279
9731 2336
9724 8927
5642 331
3194 5047
3718 6805
179 6565
2958 4643
9735 8243
557 1567
8594 4099
2551 257
8726 815
2490 581
9582 7431
1488 298
2471 440
9215 8513
9910 4609
9705 9562
5073 4968
8845 9174
9790 23
3780 5298
9054 742
3081 7968
4414 7813
6741 8290
3058 2660
8017 302
6291 3278
7754 7709
4457 6524
750 2761
3158 6932
284 8896
7244 5269
6480 4309
5907 1011
9209 8258
8735 3802
6106 7730
3398 852
4067 8103
7723 9411
9848 1691
2144 5581
5573 5724
1332 7589
6027 3238
3745 9285
9088 1869
1400 2982
9526 82
9885 1383
4725 6664
6119 1778
2942 2402
8398 1159
9141 149
3241 1962
4768 6517
6179 5765
254 8636
1440 6320
6020 6853
6580 9251
1576 7476
6165 364
8475 6255
6056 4714
4272 1812
1432 5192
3768 8319
1441 4400
5516 1927
7183 5231
8118 6170
7173 7944
5579 2365
242 7257
838 9689
4972 3224
5558 935
9563 2514
5005 7431
7840 8401
4733 294
859 5571
5426 7611
6277 7774
9912 7142
4503 8997
7702 4113
4073 1272
5904 3893
5788 3443
2987 8143
4192 9593
209 6877
9398 6933
6704 7581
6194 8951
4753 6518
9411 306
7269 3523
5257 4481
7719 3245
9556 7756
7541 1063
3637 7931
3414 498
5046 1502
5825 3704
443 5753
461 5975
4015 270
9306 8078
6522 1420
2531 9994
9051 4787
2116 9053
211 9443
5877 3850
1349 4082
8413 5369
9390 4921
1363 1560
4558 8071
8785 5555
9494 9222
4960 7698
9563 7955
6767 8247
3819 229
7513 5536
8559 7575
1757 7100
2693 1772
6876 9241
1917 8953
8403 5805
7818 3842
930 5596
522 9264
1440 4772
3728 9984
9227 7124
5581 3209
4046 4980
6238 4089
3500 3389
1441 9820
3529 9173
5993 7584
3604 770
7356 5845
2973 5170
7066 5884
5326 1137
7565 1029
6912 6632
2964 3273
607 8226
2379 7445
6181 375
7185 489
7733 7878
8831 1868
6987 6310
4953 3492
6825 2756
756 70
9752 4957
3088 3868
5017 200
4899 347
502 10000
3675 272
6 1813
7874 7447
5667 2980
8789 1048
7023 5581
5234 7574
3004 1309
639 4654
9813 1462
5205 3183
7064 9344
4540 9960
2556 4743
5784 6752
1041 6832
2981 4737
1364 3407
9366 5965
5252 4051
1901 9821
9745 140
175 6362
6104 4436
6057 645
4500 5019
9898 3549
5958 4883
9812 1328
810 4713
1615 2764
7896 4621
9199 2374
8020 2135
7620 6954
9789 3579
6375 6174
1132 8924
8569 2106
9399 2393
5943 8673
2517 3257
5613 9644
9477 1650
2474 4267
2298 1475
8883 8458
2432 159
65 4820
420 5249
6029 6123
6131 2569
5702 5322
1829 5552
8625 6448
2494 645
8132 6071
7741 4479
8741 3561
4740 4479
6378 2046
4903 8539
9789 3165
1144 5098
1718 9393
1474 74
120 5912
2920 4590
4342 3753
7976 2071
8761 5560
7314 5090
2104 3561
7306 3934
9287 8115
6352 3024
9821 7652
5701 6489
8252 6641
7770 5582
9598 9242
2196 7299
886 7883
5152 2164
840 5160
2291 9899
406 2108
7677 6209
4543 1672
8339 7693
6188 791
1293 7759
8135 2169
8458 6770
6218 6426
1116 1638
5600 1180
3813 4718
2283 7466
810 600
5062 283
566 3174
2924 2637
2889 3910
8256 8599
6193 8477
9345 1710
9423 4681
8220 3791
8593 8138
187 7611
8758 8342
7005 4466
6341 6170
1277 7268
4126 534
1900 3053
5920 7093
7670 2347
2936 1939
6681 968
4810 8312
8080 8919
3859 1640
4795 5689
9549 8839
5096 829
207 5982
1911 7408
6395 8388
8168 8923
234 2112
1414 452
6473 2534
6072 2570
8688 4088
9366 5778
528 8765
8542 1916
970 6268
4646 1657
4191 9550
2758 196
9989 4636
4295 9897
2068 9602
9365 1354
8874 5636
3985 7094
949 2684
7745 273
4045 9605
6626 2926
5444 4838
5253 2673
1675 2000
7388 4167
7614 2560
1861 896
1779 7632
2924 8944
3190 5114
8984 691
754 7114
1598 2641
1327 4675
9969 7473
9666 162
330 3873
7222 4943
6449 8018
1017 8974
9530 6669
4989 5791
8583 8243
4429 6688
5312 4057
3436 8840
9494 8068
6334 4872
6581 5055
1548 6780
1576 3298
5222 7652
8579 9253
2207 7445
6802 2088
8442 8403
1000 3765
26 538
5207 1440
1232 3733
1998 6326
3118 163
6634 8521
1199 5072
4135 1209
5006 7872
6648 8782
1837 4963
2665 1082
4846 4573
702 2015
424 2453
1708 7231
6287 3376
1010 4473
398 2239
1859 7256
4492 6270
2884 1731
8780 2448
8571 3123
5888 9996
5498 9825
2010 4715
6700 7188
475 4738
2259 1316
1775 8134
497 3518
2888 2422
8986 8259
8376 4974
7986 1095
9116 6972
2866 1921
3411 6900
3379 5688
1040 3829
7589 6321
3325 7997
4649 8684
7252 2759
5756 5540
4156 7364
9028 878
6814 3188
7996 9841
2126 6188
7740 5627
824 8114
8123 7432
638 7677
4848 8339
3520 6379
6113 2827
2769 835
8885 1932
690 3798
2443 4702
9664 2192
9102 9502
883 2969
9869 1783
4179 3207
3347 9298
8756 8932
1900 7879
3557 7415
3558 1948
8782 5829
6397 4404
7528 141
3244 1750
642 4848
1805 6114
4859 6578
9002 7115
6640 5932
6459 1450
5326 6340
5978 7938
4017 2876
2068 6647
8827 1906
4940 3399
8191 5091
8870 5027
8594 6533
1355 5114
8099 3632
7494 3574
3545 359
2161 8194
6069 1889
8406 3598
5546 7134
9486 2013
9368 9166
3515 3878
4308 6295
7088 5946
2440 569
1252 450
8106 1603
3787 3783
2819 7595
8178 7019
3408 1697
4465 5546
548 400
5949 1625
6767 3700
4368 2591
6687 7559
6243 6230
416 3970
4078 3812
3333 2792
9809 7149
56 6813
1136 3153
4595 2843
5943 4086
9996 1877
2760 5389
4731 3502
513 4056
9614 635
2842 3768
5878 5039
8717 583
240 5462
3536 8620
8550 1440
9515 3487
8534 652
1251 2418
9369 2167
9785 9135
2930 3653
9209 6870
9412 5936
1157 236
5663 4111
1575 2282
2224 9998
7990 4282
464 8422
204 90
7606 5768
1631 9524
8640 8390
1829 6623
6165 8157
9454 1039
2346 68
8280 9331
7645 451
5172 6058
9536 2769
2130 9085
3011 1421
8953 8331
6235 7321
5224 8913
8861 9612
943 8273
3304 1134
2256 3341
6666 6059
8861 6101
1278 1878
3539 6042
3244 4020
2217 6157
110 8473
4174 1763
4195 8301
5179 1167
2823 5036
1668 5342
1222 2981
4232 3904
5019 9422
33 7111
1340 4363
7877 434
336 5554
5104 7080
4634 2245
5665 7721
6198 965
1943 1871
7505 6541
8189 3217
1044 8551
2471 7198
9834 6887
7652 4471
8949 6250
3973 2823
3033 3026
1660 2305
385 4997
148 2664
4307 8046
6531 9775
8360 3337
396 2116
1346 4033
3809 6472
1578 687
2962 6799
2359 2818
2243 6663
1084 5523
4060 958
4781 6324
4661 5944
3932 5363
3392 147
2251 7899
749 7254
5196 7643
8028 2576
5596 8806
7858 8425
6873 21
7638 9549
6737 9767
6159 3439
8270 2176
4313 3177
4205 7878
2651 1239
4038 2827
2320 4384
6122 4976
8462 5856
5184 5053
6091 1581
4560 6625
6004 1433
3811 1586
4364 4288
9961 869
8873 1997
9834 610
6569 9560
2969 85
186 6525
9640 6096
3839 9070
6927 2832
503 4702
8856 1177
1733 3327
2069 6257
3005 8009
130 9223
2758 6711
4749 9347
9497 6318
1689 2007
1336 6121
2379 8064
9186 903
2838 2643
3255 7740
1692 6084
6613 6030
658 7894
2662 6976
2953 5856
1852 350
5367 521
6967 8851
8513 8575
980 88
583 9705
268 8081
5889 4859
1959 6292
1478 391
641 1224
901 9791
9534 6840
6833 9003
5470 6300
5519 5664
3697 2060
3222 5456
8573 6425
2868 8724
9992 6379
605 6688
3615 6115
9934 1554
83 7812
2666 4058
6241 4251
2572 6208
1297 7509
21 5165
455 5025
308 51
4411 1743
5473 7770
7974 3756
6766 783
2310 5927
6676 7235
3021 5566
7704 4405
7829 8669
5038 411
892 378
4277 9843
6196 3421
8881 4700
6043 7200
3571 4423
5074 9416
7271 9499
7319 2599
9278 7548
5866 9883
1259 3390
8683 3537
7473 1662
3719 4354
6 5664
3630 8197
7959 2171
445 2877
6959 4059
9650 8209
215 433
7332 9833
704 9388
8698 7497
110 1431
1041 7382
1273 2644
6239 8978
2413 5294
3381 4598
1894 7120
499 92
9280 4083
1840 3770
9411 786
825 7131
6378 316
8572 7097
2547 9477
9598 5020
8710 9859
8204 5950
6104 6604
2020 4272
4349 1164
2186 68
4687 1568
318 5623
757 1975
4004 9402
4788 7001
6933 2282
9142 8310
3181 8928
9569 2434
8472 5413
6710 2489
8318 8641
3619 5867
2981 7432
3605 558
9801 7034
7338 8594
1200 8232
351 1538
1421 167
3854 199
6085 8017
1106 2022
4125 4577
5891 118
2646 3582
1377 4819
7257 2999
2078 7531
9513 676
4641 8838
2970 2874
7602 9083
3747 4651
4984 9180
1104 3845
9281 103
7955 4896
2844 7931
1166 1012
9195 9601
6686 2877
8119 3984
6561 357
2170 3383
6896 3165
824 5990
1496 2635
8668 7038
9107 9343
6637 8302
7785 6088
9360 6087
6626 1626
5908 1748
535 2270
5312 9362
8803 6974
6643 1385
8248 315
7500 9462
5705 6957
787 4666
6803 4251
1680 8210
7736 6395
7676 8398
4857 1481
7973 3952
2079 3915
2773 8023
4873 9294
7447 7563
8843 987
4508 3290
6428 726
3429 794
4469 8525
7685 9090
4116 5338
7966 7961
9865 2117
2484 7881
3156 8208
7601 9218
4112 6927
4584 9260
6548 340
7390 6336
8426 858
7165 230
1406 7914
527 988
9518 897
1294 2543
4185 2747
7799 5030
5330 4778
7294 9515
7037 9499
4380 51
7028 4261
6890 2261
5980 9155
684 4165
2101 7592
6804 6557
841 1638
4436 1543
7402 9557
7230 3810
7575 6884
9661 4825
3439 1030
9592 6209
653 822
3867 1977
6529 4060
9068 4996
1233 6171
9737 1464
5496 5910
2452 9489
7370 7006
3579 3788
8237 7596
8004 9758
9375 9880
7873 7089
8884 3403
2834 4514
8657 69
115 4646
5019 9422
7420 7119
6735 5596
2927 5610
2601 3911
6635 2481
3732 8313
6807 790
6287 4930
1088 9641
4793 7736
6591 8551
1507 6493
6908 3622
6074 2334
9808 2364
3029 4492
7983 721
2289 4396
156 5539
431 3534
619 5621
6848 8954
7841 3607
8745 5912
7241 1665
3662 8637
7530 3269
2601 6279
1407 3951
4382 7399
8086 2493
2956 8439
6277 4780
3595 8693
8557 898
4660 7938
7581 274
933 8907
9136 8638
3140 3358
3053 2956
873 8999
9567 9413
9169 3188
9344 2437
3316 61
8607 3972
3340 7539
8654 8763
6364 6498
4880 8462
7124 6804
3444 5177
3148 2335
3001 5465
5688 3819
9454 5622
6720 8601
4207 6053
8598 5292
818 3429
6660 4429
1914 4605
9742 1296
1146 1579
5681 6248
2745 5343
852 1163
1173 2563
5417 6261
1812 2991
5847 893
8461 3291
7504 5113
4226 4461
743 561
3169 6390
6554 4175
9526 2717
4772 6257
5812 8638
5826 5504
3242 5375
9260 5933
771 9072
8218 4139
8480 549
3631 2383
6157 6616
999 7733
6509 5653
9501 3838
9869 4718
8977 4600
1443 8107
7571 3299
7476 3580
8053 2978
6592 5945
4421 5735
1988 7788
238 5219
9525 5974
9505 273
807 5311
9378 3532
5287 4665
9542 9908
3566 7426
7804 5025
9991 9851
9316 39
5561 541
4335 1715
7315 1116
2535 1042
5740 5758
3550 8489
5123 8397
6296 4013
4685 6423
1256 8501
7687 6563
5226 8767
6632 4423
8093 5189
4239 3906
1063 7524
2473 7068
2520 3854
2954 1661
3733 57
3305 873
3439 6284
9004 8167
8995 8271
5351 4067
6344 1726
8825 1421
9306 8656
8935 5397
6346 81
34 4258
3368 321
9551 2340
3143 3251
1234 6752
2203 661
6377 2415
5812 4699
81 4714
548 5400
754 5675
5042 5254
793 2717
4108 1309
8778 7403
9861 9852
988 222
2706 5174
4816 8741
988 9616
7818 2835
2363 7768
7520 2062
9486 1072
4645 4643
7307 1277
308 5840
426 4945
4699 1154
4308 5299
1039 182
5266 9494
6501 2474
5094 7945
8744 7605
1615 1747
4778 8471
5330 5553
2336 1380
1707 1117
9714 9295
4634 9301
1729 5279
154 257
8493 5735
9297 7727
9496 8212
7519 8383
2401 2478
4726 7435
5843 7189
1487 8732
8134 797
7214 6942
2725 6153
451 7600
8531 1422
568 352
8614 5037
9075 7673
7339 906
6110 9676
1508 8999
3465 8655
4512 4818
6843 844
9815 6702
6755 9050
3329 5068
6733 8734
2050 9446
1872 3719
887 3227
9490 8568
9510 8020
5173 9170
1166 2002
6567 1342
6313 5930
9051 1160
2959 8056
7491 9593
3125 3765
9993 1476
4207 2877
3457 8841
2142 9312
6487 9902
800 3319
8826 3516
4518 3967
3219 2821
1472 9020
1553 6445
7499 3596
6897 1029
1705 1526
5917 3853
7986 8259
5345 2130
1468 3908
6273 5396
2880 7949
7822 2725
652 88
3048 4288
4910 7707
5367 4020
1847 4829
4337 7491
3390 8256
5458 1010
8878 3700
5873 313
9625 6904
7733 7281
3912 5827
6320 2249
7557 7162
7734 3532
9712 4782
7403 4129
5606 2460
1560 4243
3704 1628
2451 8768
3094 8396
8037 1252
507 6373
826 5697
1333 249
1943 2739
8763 9917
10 6390
8847 2000
6115 260
2285 6762
2370 4512
1297 2371
3928 1118
8575 2903
8915 5817
8852 9800
9700 3336
6046 4468
5474 7549
1029 5369
6432 3069
1146 7512
7343 6409
7201 7449
6796 3716
7909 3430
2778 1844
9870 9721
9453 8712
4424 382
2845 9451
5469 1017
9000 3564
7403 9737
6560 8755
8925 1918
738 6636
4591 3008
4238 2106
8868 8834
9939 9075
9988 2628
7160 6003
316 8406
3674 4291
6345 2806
838 3266
2404 8217
6934 7575
8194 72
3469 2038
9493 120
1849 4153
6811 7041
145 1299
1667 9093
2231 4180
3818 2777
8650 1407
5706 7949
3983 7494
3178 3510
133 6187
43 4010
3280 1975
1649 5017
8000 5653
6857 4334
5548 7499
7313 4047
2201 1411
9109 2689
5391 8770
207 2937
9693 7444
2178 985
5682 5381
4459 4547
7115 6533
1042 6692
6076 9719
1309 3730
1747 7306
1435 1779
1609 6759
2981 2818
1607 12
1932 2433
9697 8824
5965 1758
909 3066
1397 4075
4750 2216
2855 6541
1798 8925
3240 3844
9733 2909
9515 5261
9375 4605
4740 6731
8020 1418
1445 7662
6230 7633
3760 412
1743 7318
7066 5596
6023 2522
4318 8264
8949 6325
8213 4473
5315 7738
7179 9251
8579 2258
3158 9991
1795 1876
5846 2133
2400 2134
1115 3773
692 1828
1323 5973
5694 1911
1835 4978
3806 7386
5476 354
40 3130
4338 3609
2709 2390
7075 6038
6326 7883
5380 1825
1930 2370
8063 8108
2114 1140
8008 1826
1244 576
2853 5593
2212 7499
9048 8970
140 1632
6057 749
5749 6954
290 462
3923 1302
4737 9197
7045 3319
8364 4303
6915 9598
6590 2659
9651 25
227 3746
8166 488
7780 7933
3096 628
4016 2570
1087 8562
2295 1478
8737 4046
3259 886
166 4804
7864 5665
6671 8183
1917 9169
5699 547
6416 6477
349 2847
5763 6439
1913 2547
5318 6054
7885 4923
3710 9952
1752 2713
3306 1280
5717 2510
3341 8964
7577 1553
8297 2281
666 4005
8044 3301
7080 5145
9814 8942
8987 8904
4644 4489
3146 4034
2606 6935
3499 4573
189 8898
1694 5128
8706 6119
5485 5305
5583 5571
6020 7734
8459 5132
7941 7146
8345 855
3308 2885
7138 8658
2782 4611
2792 275
4723 4752
5408 679
1112 1308
4382 7488
6182 1922
9196 7297
8166 6059
6994 2973
4380 9239
5432 5568
941 9020
1525 8010
7342 7964
1183 1692
7546 5492
511 5504
1331 1129
558 7629
9496 9701
8160 1707
446 9509
9164 9880
5649 6834
4451 6201
3741 7866
7748 265
7959 796
4478 798
7741 4646
3650 8686
1517 7424
4077 7110
2361 5895
572 8494
8948 3529
2654 3132
6965 9131
8302 4172
9611 5211
5900 4708
2139 3444
647 219
9631 5277
4107 2237
347 402
4842 3903
5451 5862
3039 4792
5107 9704
937 4822
5103 2647
487 4983
9414 6866
8850 4716
7381 4566
267 9096
7210 2846
4663 2122
2433 1251
7161 2385
6706 1527
1187 7452
2093 4540
3969 5731
4435 6892
9843 3674
8376 2973
6687 8099
1396 9924
2169 7380
2633 3552
5655 1717
8372 5138
5211 5110
1649 8117
5420 6085
417 1884
1916 3694
6534 5426
8922 792
665 6774
1141 1461
7834 9029
4608 6266
3451 2769
3563 2646
4803 8351
1726 4107
2782 2544
7692 1640
5717 2209
2281 4357
4522 648
6473 6373
5399 4900
8021 3014
5123 4439
2646 9022
296 5772
8279 9460
1824 2722
9597 6665
3452 4640
5394 912
1676 19
6706 6170
6717 2474
5543 924
9818 3649
5964 1543
3964 1415
4123 6456
9797 5014
6091 5520
9005 2069
1918 7094
763 4026
6579 4827
3123 919
6689 4874
3459 2344
2495 5165
6573 2575
5335 1695
8550 9183
4285 28
1574 8339
1979 8489
8875 4602
6072 3367
4347 3637
6037 7892
2740 3316
9547 8326
2841 1139
6295 4980
1132 1322
902 2975
4708 3195
4485 9164
8897 6000
2950 5314
6746 6354
1772 3610
5143 9082
5808 5751
7695 2667
2802 9126
8761 3548
5652 9567
879 6202
2121 8713
300 6747
5243 6334
7748 8597
7067 1877
2152 5994
4726 8685
735 1372
4250 6456
7027 1294
4766 1531
6377 7815
806 7286
9329 1126
3800 7498
3510 5080
8880 8920
7136 2012
7933 4853
8362 9198
5792 6174
8816 3872
6853 1321
4650 5816
4273 26
6057 9767
2184 1118
2891 7680
9767 5648
2456 921
9526 8209
122 6753
3404 8162
7657 8418
9886 6311
470 3004
1656 7233
7928 9514
8866 2405
16 8344
8078 7413
1630 6282
9433 2254
9581 1615
6280 7685
2842 8821
1853 7779
3289 2140
6010 8224
6287 8579
3956 1611
4256 1672
7331 8648
8834 1280
3741 3618
2758 9152
1401 9125
8670 5494
3470 2115
5327 8455
5987 5408
6841 4269
1627 7914
4148 2426
2633 711
5264 7293
7389 8152
5127 5996
3727 4411
2185 2644
2870 5715
5972 1432
2817 4239
9021 7658
3762 7151
1069 8593
6755 5687
8481 7264
1221 2961
7991 6177
6033 3070
1123 5075
9413 9541
1602 2913
7352 2651
8578 2259
8529 8882
9839 7350
1579 1466
7639 5182
7711 4691
3474 5369
7894 5413
3560 8112
9466 8205
4809 3998
4802 9688
7561 9711
7418 429
6627 6179
4873 7487
5806 8745
7999 114
4800 5178
4311 242
2264 5174
9108 5184
7421 2676
9148 2959
1320 7000
7936 9205
26 5367
1396 8791
7260 8707
6236 9662
9295 1735
34 2367
1915 6670
6013 8809
4422 2523
7938 8344
9174 8922
9486 3362
7218 701
4643 3030
8103 3195
8124 6734
7959 6495
8063 2433
6065 1435
5388 560
5987 9373
2833 6285
5861 4280
5088 3537
9944 7920
7165 5483
5162 5864
2853 3391
9352 226
2853 5757
135 4963
2435 1904
5445 675
7028 607
7697 2454
4510 5521
8514 8875
8704 7485
852 900
9447 2524
9968 1267
5262 1419
8225 7621
5234 5169
6059 9090
6894 6073
2911 2255
4887 7167
5631 1946
4133 2778
3566 6256
5030 2989
7358 947
7509 661
9861 7921
5072 324
2592 5282
8654 5874
5503 2853
2414 9343
8061 6585
7410 4358
6932 6255
6360 2579
3262 8513
184 524
6745 6222
4055 3300
2434 6523
2973 6553
9504 3650
8439 2393
619 4747
4123 1267
7432 9258
8509 9889
1577 6531
2115 4349
2816 408
9070 3750
6600 6083
7122 9902
7337 682
1584 1282
9503 1772
5104 7778
5595 7948
9988 3339
3392 2291
1556 8739
6128 5747
1798 6674
6597 7746
3825 6561
6938 8016
5467 6480
2391 1391
6721 1463
753 271
8178 8925
1308 7109
8345 1798
3949 4761
908 4806
2190 38
6623 1927
4988 8640
4958 7664
677 1222
7646 7964
6695 4608
1741 9869
7142 1281
1921 6203
8198 165
6388 1900
6407 6839
8357 6252
819 6589
5887 1183
4776 2580
7035 8017
3618 5321
5199 1736
1255 3264
6609 7526
9237 1147
2422 9286
1536 3753
9281 2853
6991 8020
9708 7453
6797 877
439 7556
7832 6888
6350 5465
6025 3542
9294 7402
9348 4507
9039 256
2997 6727
6444 4731
7111 9836
9759 4294
9713 6490
2789 4805
6060 7319
2394 2578
3015 6044
4937 5315
1104 8541
8104 5447
3276 5347
9686 3397
9507 8399
5378 2910
7969 4611
462 7848
4246 4977
7980 4810
5068 2020
9898 6596
4941 4154
33 9098
6073 464
5194 2599
4807 2526
4385 4161
4953 1248
993 7861
7983 970
2992 4431
3179 8264
1489 1339
1800 8962
5370 975
230 5849
8390 2597
9385 924
1206 9993
9056 7989
9499 7365
1199 8961
6864 1382
5098 391
419 8818
1632 2206
7272 5726
2764 8359
7543 7883
7433 8136
886 3489
8566 9535
8294 6144
643 6535
7882 8908
2315 3322
6754 5196
7427 2049
122 353
6377 9171
1687 8139
2040 4811
4238 1088
2373 5650
1828 4957
8600 8828
7469 8950
7723 3577
1416 986
5694 5804
634 149
5652 6334
6916 5124
1288 217
6323 7298
1601 2330
7367 2715
9783 3611
4834 5386
8207 4811
7630 395
7220 8518
897 2878
5401 1581
7104 1555
5528 2886
5039 3124
465 227
5859 1702
6738 5390
1691 8150
2440 7899
9043 6299
2978 8778
151 3110
7633 8075
1243 9115
5433 1772
3473 7916
5587 7870
5117 9981
5718 4724
1566 8948
9875 7970
8818 8360
1786 2036
9142 7288
2591 5708
9396 3218
7742 6507
9509 4392
3792 3678
3653 3787
4871 9188
1254 1125
3629 6034
9646 8645
639 5556
2444 1333
995 6142
3113 5397
3787 1090
60 5745
9224 4014
5185 9726
3549 3926
5209 4331
440 588
119 9400
1843 5685
4982 5366
4580 6177
8346 753
8100 4872
447 4309
5035 1031
3528 8083
1610 5467
9469 4381
5326 7158
9777 3235
513 6807
5071 9506
8263 127
7959 1260
8652 9784
1669 8278
4689 2196
608 8371
3011 5122
126 7625
7016 7141
5010 3138
8850 5096
9340 3100
3980 8144
3969 1184
2106 3978
6256 1439
7062 4304
3025 2268
3732 1767
8814 3988
690 462
2297 1433
2592 368
722 1521
5920 7748
4940 5529
6503 7796
8784 5327
2984 8219
5091 9070
3029 5250
8203 4962
2640 964
3911 2510
6619 1313
9788 6102
4483 2737
2368 453
8183 6164
7488 5990
7398 3302
2951 1862
5421 7796
5037 7119
3615 1409
6754 5591
7184 2650
4529 8022
902 2383
3240 1052
7545 4187
5599 6410
6395 3416
9051 4465
5354 171
1672 8929
5433 166
7376 7456
9932 9514
3077 872
4177 3687
4058 3330
7933 9728
6005 8965
13 3403
410 8975
4551 1123
9606 413
5353 9934
614 4872
1627 1757
5298 3703
6391 455
6619 6492
8744 8467
8779 8826
1335 2993
6564 6778
6243 2630
4400 2927
9352 7089
1895 2839
635 8871
8956 4961
6288 6183
6233 5681
9896 9256
7671 1175
4074 7499
1590 9322
5831 7720
3664 6962
1712 1256
1699 1121
2413 3857
7176 1328
7987 3782
1348 6218
4021 8512
1998 5719
1845 1603
388 4897
6292 2263
9714 4410
2540 5685
5810 5434
2288 2995
1002 1891
4768 5825
1438 1161
4612 7352
5044 3051
3617 4263
5568 8156
2579 2918
4606 5036
4537 7102
5319 7282
5488 9781
6182 9823
7355 7477
5031 5217
8880 3460
7022 9885
2271 1030
2067 1367
7619 4128
2464 6703
999 2050
471 9553
9434 79
8111 2413
8102 1893
8385 9759
1335 2557
5382 6142
5251 18
40 5387
8034 1140
9423 7373
6369 9818
4348 7929
6487 5422
4209 5061
8103 9966
320 4416
5028 7829
9210 2126
4767 4555
5469 488
9933 2387
2295 4858
9772 207
633 4993
9966 6953
769 6249
6683 7683
8431 7869
8603 564
156 2300
5089 7117
146 8454
2092 6902
1325 2879
8461 2445
9781 7145
8919 4502
4827 4989
2073 9865
2422 6216
8119 5053
777 7035
3546 5728
3193 7449
4779 6681
8129 4187
3908 8809
9550 7950
3976 7201
8203 9900
638 3534
1912 1745
980 9506
6060 6006
2764 5351
8462 6617
387 419
2595 6615
5368 5809
299 1556
8555 1742
3137 7292
5688 2428
6846 8595
3597 2061
6446 8935
77 6404
3078 5363
4061 8757
8945 1400
6400 3196
5662 164
6320 3195
5036 1895
3397 1506
1430 3221
5970 8379
6766 5470
4692 915
9629 7947
9945 6741
3849 7131
8591 6782
9755 9799
1974 4119
8752 6733
5631 8625
2383 2297
7041 9058
6802 8530
3566 4140
8610 2460
47 240
2871 1658
2710 2777
4144 8556
6134 2586
9037 6314
1377 7565
2967 2673
3697 7320
9528 8893
2394 1935
3349 5597
4679 4467
4469 2691
9586 6460
3514 9206
6247 4718
9272 4726
483 2726
1741 1045
5618 8728
6736 9002
8872 7984
7747 3681
7252 8746
7515 462
9494 847
5480 5482
1665 3415
174 9171
8709 633
3217 6235
9109 5238
6367 2139
2 7283
9691 3366
3957 7837
4754 3865
7013 2217
4436 8181
6560 3517
8130 9232
8551 9467
4902 6883
7936 151
2877 532
1431 1863
7144 1301
2961 7258
4965 1573
9263 9817
6801 3384
9181 4696
9112 6360
7663 7477
6791 9265
3010 1461
399 4391
7496 6001
451 1154
178 2642
1162 6986
359 6523
4903 1971
5308 6241
1757 6913
9156 1203
3198 3980
3662 3121
389 5346
3223 9327
5470 8601
1726 3045
2898 7754
1964 8811
7574 8806
27 7977
203 6250
8061 4040
7342 9130
7483 2220
3695 4273
2617 7739
3918 1279
1357 2704
3621 1348
5548 8916
2424 3528
3863 7678
3030 6641
3374 6093
4048 6535
4835 6643
5551 3783
9159 6153
4009 9501
8289 4611
8847 1221
680 4658
4358 2166
6323 7242
1759 557
4283 9171
8950 1363
8190 9067
7480 9384
9846 4441
3540 8889
1990 8568
1260 8362
4311 2517
8877 1478
4374 5981
8959 3217
1621 7062
6702 955
2458 4801
9927 6383
2092 762
6626 6572
2154 9433
9655 322
8286 8
5222 7302
5316 6008
3346 3821
8343 4140
6270 2835
1884 757
6855 3191
5098 5195
6046 1308
9248 5692
7756 8558
6306 7515
1818 8569
5069 9408
6877 7099
9989 1305
3349 2169
5580 5777
9956 6196
7023 7898
30 5750
5189 4790
2834 9130
959 8093
84 9372
8319 1369
374 5970
70 1918
9621 3054
8074 2902
7694 9422
1524 8630
5235 6481
3677 6735
2948 9542
4540 5426
7714 8624
9910 5922
4689 3296
5866 8453
9147 5915
5917 1480
1060 6399
5325 3659
4087 2363
9270 7559
1203 2480
4636 4664
9005 9955
3056 9912
9756 9710
3329 771
54 208
5719 3495
8455 3828
9217 1845
3990 150
4563 8762
7731 2583
9866 6759
6580 9301
9443 3282
6708 2724
1119 5373
128 1276
6821 9184
5484 2909
6228 7362
7046 3541
6206 2666
976 5275
231 9461
4027 9169
8929 2264
2602 7553
9604 1309
9352 2269
4816 3356
2977 396
1106 1137
6022 5305
7128 6478
282 597
1046 7691
8441 9548
2518 993
6924 254
8297 8488
1083 5325
6012 5797
6716 9276
6790 8573
745 1169
6347 9743
9389 2780
7614 6146
6457 7846
8802 2483
8573 2119
5089 5016
1254 1240
3633 4908
3706 6081
1303 9721
8081 6259
6906 4939
4437 1116
6289 9811
2841 492
9911 7297
1514 7827
4995 9878
1582 9616
7032 3157
385 6810
959 4821
732 9776
699 3176
3818 2563
370 1059
4664 411
8432 8044
9993 9433
7100 6994
3195 4728
9679 6925
261 417
9335 4149
1500 8759
6182 2377
9945 6524
4230 8890
2464 5138
4253 6748
5646 9977
5633 6287
164 2401
7036 5153
856 3285
4622 8913
5329 7671
6418 1323
6584 2994
414 5129
9627 4900
5433 3702
8355 9744
5219 8193
9246 4977
8712 2316
9830 5869
6362 3640
5948 1350
321 3527
5118 8698
8617 6221
4495 9113
6025 1124
990 5014
373 5208
864 971
8902 2994
974 5775
7391 4528
8724 3732
9379 994
8132 2964
368 1891
6201 8320
56 3557
8575 6776
7651 791
1076 2145
106 7739
1651 1332
799 3683
134 3560
9022 2004
6430 4155
9580 7323
493 2674
5750 1254
7500 6518
924 6368
5873 8004
3884 9767
5762 3290
153 5902
111 2571
8156 1979
736 1446
5936 9784
6356 4279
6164 7442
8990 4513
8290 1762
9607 8306
2607 6009
2261 5324
6060 4849
1376 5943
4092 4092
4370 401
5088 320
1445 9473
9306 5929
5727 5111
6793 1148
3823 2024
3556 4678
4095 5039
5693 1200
8572 9051
7028 6989
3290 5923
7585 124
2897 9464
4239 8521
3691 6841
9781 5156
3341 149
1332 6437
4466 4976
2565 548
4338 9777
9927 7487
3208 4044
8462 8810
6619 6589
3099 2913
4879 5907
2586 2840
9604 4025
1819 6916
8624 1611
9715 654
2080 6564
4206 8170
2112 4941
5260 1957
6977 7813
5920 7911
8569 7604
4101 2775
9644 5082
3077 1175
6351 2237
4148 8743
3135 2537
4648 4262
9643 3315
7882 5428
4402 9872
4039 5815
6965 2477
8123 7946
3869 3633
9461 2737
7256 3204
2692 1775
4745 4303
5419 4319
56 6166
1207 1731
3199 5772
2982 5576
4138 96
8631 3356
9820 2752
5314 7200
9096 1922
4569 3205
56 5334
8613 4295
4607 1042
4787 8574
9105 6283
5034 6422
6068 1641
2680 6266
8928 4667
8326 6399
7580 3464
9691 1512
4698 2906
3440 8422
2920 3181
4356 220
8833 6052
1124 9721
5297 189
4394 8191
1777 3933
6000 7051
8008 1150
1610 3032
384 6496
9701 7072
7563 7303
4728 1717
6381 5661
5190 4264
7162 9990
4735 4697
9249 4421
7851 2027
1867 326
1444 110
1196 5327
3338 2534
7892 6454
805 568
2091 3156
82 5768
8227 1245
8573 7997
1019 8399
1607 3453
8255 2015
724 2785
301 1273
9290 3918
7047 1199
4192 1797
5342 1841
5782 7317
730 7693
2898 6892
9029 9820
1396 7540
3155 333
8512 4429
9397 1683
4352 9048
5125 4717
7622 7316
8660 2652
4908 2629
535 4461
3363 3992
587 9714
5007 87
2978 1280
9384 7923
4318 3499
5368 5351
7513 5120
2698 1039
289 7615
2970 7527
7261 956
637 1505
785 4309
2908 3160
349 137
3007 6253
6291 6452
3685 3409
7019 872
4837 6988
5673 6276
1373 4226
1551 7982
5252 4399
5320 8814
3634 5185
2392 1878
9450 6195
9410 9702
9904 3876
7090 1675
8505 8658
4257 911
3500 3544
2492 798
3451 7666
3407 6270
5312 5661
375 4326
1340 7498
5829 7674
2427 5059
8151 7638
4333 2817
9029 8941
2401 6591
1062 3746
9521 8404
6512 586
4076 7682
6168 8668
3612 8861
197 1562
5426 1088
1710 5040
4972 7520
622 597
7928 7143
5575 5294
5373 7785
4934 6593
6838 476
6226 231
3439 8294
5319 8165
6450 1260
4334 1753
5214 9628
8239 5146
4545 6851
6058 9761
9903 1252
7555 950
5437 4415
5137 793
5682 9380
7523 2873
6514 8545
4448 6157
882 4646
1452 5789
6410 2644
6750 3942
1052 3408
42 5806
1912 8863
5762 9950
1555 9753
683 5216
5951 9717
2046 431
1223 8826
9385 8449
1274 3876
5953 7261
44 7871
7967 701
6092 954
3974 6694
9389 7399
7337 7473
6319 8153
7795 5244
4934 1751
4825 542
5710 1533
3185 8045
3875 5816
5889 9432
4517 6671
3389 8984
5227 5742
2736 1685
7245 7187
3227 332
2469 8032
9252 7738
3819 8365
2088 6191
8057 6086
8384 7552
7433 2706
5173 6523
2474 5684
9917 8919
5060 5253
3176 3199
8342 4838
5626 927
4757 2488
1536 7268
7313 1437
7709 3
9326 6645
9201 3782
2575 5281
158 4341
8008 8762
6039 4671
2721 2205
4919 9590
1949 3837
4200 7885
693 8180
1714 8935
8671 8965
461 8649
9246 5803
1072 8624
8826 5505
829 370
7757 3405
3151 7979
5705 2049
2199 9319
9428 261
6867 8236
8152 3390
8136 3406
8689 6540
4940 1906
2818 9268
480 633
5772 1981
9313 6593
5856 799
3772 8607
6190 7294
6188 5689
4067 2377
1816 6650
9 5114
5800 2938
3447 2800
5131 6503
4619 2880
9743 3902
4253 2638
3214 6761
3049 9186
7135 7884
3733 772
385 3526
4781 1186
2802 7725
2456 6614
4385 2073
748 3832
792 9829
23 4924
3118 5674
2694 8126
4466 554
978 4683
1733 826
2031 5216
3515 4541
7728 2402
9051 6041
9963 8275
6295 1555
4682 4711
2766 6071
2295 5600
9388 4602
8044 8827
1687 7182
1738 2919
7669 1456
6134 282
5018 1638
8122 2226
2244 9778
7006 6535
522 9200
3122 6445
4887 5140
5918 5678
6076 6347
3766 7010
268 8176
3913 6245
1482 9327
6916 1600
4656 9223
9080 3137
5797 115
279 5724
9320 7962
492 6557
5145 8906
7282 5992
4091 3782
1479 9170
5890 2361
2740 9725
8953 7088
9414 9887
8814 5680
9535 6356
8200 9242
7154 3075
8584 7658
1029 5498
4240 4498
5329 4037
3914 1030
5783 2860
5268 2268
9311 2603
7986 5584
6144 3039
5409 9821
8739 2914
3507 5711
7867 3859
9841 1175
2846 7740
4312 5666
3032 7397
4101 486
2937 55
3997 6513
4673 6149
7063 2389
9905 4879
4228 1789
3627 7236
9820 6974
5161 6861
9056 2492
10000 4444
4899 6513
3361 562
6557 6424
6822 4901
7449 5198
933 7951
1335 7634
3633 116
50 3116
7834 2933
8662 9879
8029 7201
9844 6394
7049 2676
3535 2890
5705 4453
6979 6677
2757 6205
8267 1745
9889 6871
9349 2552
6143 4113
2073 3625
5986 6611
2008 5934
85 6990
386 7882
4440 7483
276 3544
977 4324
4678 1359
8736 478
8999 9999
5559 2041
7621 3972
8251 8047
7985 5993
7868 6703
7767 1173
7674 2928
1750 7394
1985 8160
6232 6258
4096 439
7392 497
3281 8833
7321 5454
4936 1607
2655 5337
1428 4280
7339 6202
7703 6228
6664 2125
5203 1200
6533 4801
6152 2698
1656 2029
4240 6208
5361 5982
2811 8175
6120 3588
6870 2169
2686 6612
4176 7157
9739 4979
1830 4538
6338 1027
1410 2
7512 6661
3263 7862
1466 6272
5162 7468
4979 4584
6553 6395
2842 2360
198 535
7093 4231
9436 2900
8385 8026
7823 3116
9433 9476
3005 6646
3413 5255
7306 9579
4422 4938
796 9570
5939 4800
1954 4049
3967 4342
655 3133
3 9603
4942 8618
3707 9972
9597 7340
6029 4959
8296 1297
2178 5377
6974 8886
4760 2308
8049 656
1498 9982
6347 4405
5886 8221
3086 9708
8083 1753
3011 7125
3387 8284
8886 7038
4557 730
1756 1916
3964 6624
7595 6889
818 946
7505 32
5476 7117
2413 5503
7649 7518
9824 1014
3996 4511
5906 5592
2285 790
9208 7424
8247 6772
5100 2736
5983 3586
4337 9052
2029 4696
9001 263
1420 423
478 1685
3220 1252
659 2883
9648 1149
3340 7206
7304 5341
9882 4790
1569 2843
2558 242
3199 3489
3697 8772
59 9911
5552 9515
4710 7410
1146 4639
1735 8677
6302 9497
5007 9723
8808 3317
2203 5697
5863 1273
2338 7188
9748 253
7781 3822
9278 9139
3447 7922
4836 3053
6544 7449
6942 5111
4246 6419
6587 281
2940 5641
3399 1378
8798 6147
8674 5904
5685 2105
7534 8060
1790 9901
5851 2226
3374 3878
2737 6346
9830 9027
97 7601
961 4396
2321 3463
1284 5683
7067 8393
6960 3233
7706 9387
7864 1573
1588 4811
3728 8145
7107 4260
1065 6543
8980 370
2834 807
1625 6644
3686 7698
7124 4108
8037 8413
4048 6697
1341 8488
4603 9085
136 8105
3477 9584
500 1358
3843 8527
1522 8174
1951 8703
215 2513
7334 6676
1586 3059
8094 6710
9105 7286
7439 9318
7605 2408
1280 7963
9380 6711
665 1823
5003 6132
8852 716
500 6611
1793 8618
5514 362
8178 4654
4855 8986
2736 9515
6026 5038
233 6761
2252 2376
456 1756
4763 6309
3786 5967
6019 6045
2164 2403
475 4827
9571 3339
8666 9935
3660 5238
710 636
4699 2104
5947 5357
6734 3129
9412 8290
9142 2990
3433 958
8044 5063
5085 3849
2006 5836
3874 5298
6077 8915
1252 3047
2164 3265
6780 2828
4995 2737
7337 6709
8644 8376
7514 2995
887 6310
5339 4988
4317 5997
7860 3091
8606 9541
5384 7350
9840 676
1460 229
4654 5671
6610 2718
2174 4872
4547 2330
5991 6311
9598 5642
6220 8743
4950 1478
7692 350
3900 5598
5095 3898
8918 576
3961 5959
1096 2460
4567 4310
810 8159
3619 6607
3402 477
1749 9228
4799 1699
9005 1521
3431 8100
5516 473
7317 533
5899 910
331 4652
8958 5051
9757 5434
6149 3061
7139 8437
9171 9061
5825 5414
8027 5255
9303 4065
9132 6091
5920 2378
7590 5636
9189 7688
748 1642
4619 8926
8356 3537
3450 7432
9148 6185
9471 4812
6699 9348
7828 5449
716 3304
2678 8861
1182 1994
8335 1377
9519 4882
962 9130
4543 4979
1144 2385
2635 1492
4125 2776
6654 2859
4913 564
1152 7569
1950 6967
561 751
5054 4468
8714 9568
3447 8816
5649 847
4276 4709
3334 8083
720 7439
919 7553
221 1490
8191 8950
495 5483
925 6019
3612 5787
7457 3148
3941 8647
9539 2423
5792 4060
3015 6973
809 7234
8895 8696
718 7231
2507 6137
5550 1086
4897 9058
7797 3901
794 6956
9261 4396
5650 4687
4861 4466
4108 7372
7424 810
6257 2379
7611 758
1681 4700
7223 9960
5411 7306
1305 275
1604 8616
3219 4054
6032 5756
8857 3316
9596 9865
6546 6886
8957 3310
6010 7070
5525 471
8287 5683
3761 5144
244 2196
6674 180
3496 9564
6483 181
588 9983
5958 9681
9435 391
261 1311
6924 8578
5498 1484
820 1121
4704 9318
2713 3938
1447 1014
3151 8354
1320 6199
3167 4599
5812 6861
2440 2470
8062 6501
3677 9539
8379 8777
3971 8987
8915 8125
3193 3283
2019 2921
2121 1544
9861 6937
9016 725
6435 7026
9926 4762
6138 4084
4000 4247
2428 3931
3562 4180
4225 438
2834 6096
102 6824
6258 9980
5342 3561
5433 1336
4853 3459
4714 3270
5899 2632
4620 7687
9812 2684
504 8924
8317 1519
6953 9510
4522 7322
7923 9120
1590 4839
226 4137
5901 9125
1929 7506
5721 9802
8336 5072
5190 9490
3429 1249
3610 2944
361 2692
3997 4320
9618 2296
6023 6247
6272 3980
6640 8205
799 3205
4701 7767
9253 3453
3867 7913
1692 5210
6343 1577
6668 9307
3346 2217
3978 7107
9822 7178
6264 2123
1461 3057
9364 4170
5219 8685
6528 2091
881 9415
7797 7710
7211 1996
8234 3865
8640 9418
4381 5521
7945 764
5643 6539
7353 8886
7226 3089
9167 1583
2363 9675
3120 2557
3373 7570
1580 2849
1028 7465
4925 3766
9477 594
8946 6181
8954 5131
4158 444
2025 2810
9186 2215
7599 1825
6246 7679
993 1351
5359 7235
2995 6435
6884 7192
2212 4454
4344 5821
9555 729
4761 5417
9541 6636
715 9109
2909 5510
6687 5655
6452 8173
1954 3156
7855 9627
5667 6867
1480 4780
615 9350
7974 7465
8102 5791
164 9219
3802 4352
7237 8193
5140 4914
1948 9796
6633 4064
3145 1076
8516 5809
9777 8929
7110 5233
4638 369
2008 2918
1696 3249
4810 5896
7458 8660
5773 3824
4252 2451
5499 1518
3643 7049
463 8484
6793 3871
4212 7228
1319 1459
430 9092
6587 7653
6058 8010
4832 6246
7721 8340
8972 2173
6375 2406
8341 6894
5637 4443
1041 8763
9683 1312
7315 8212
5037 7658
3814 26
8334 5811
4790 2757
771 8178
6398 7013
875 6258
5511 20
4901 6337
5716 3091
2407 4208
4351 5851
4605 3720
5373 4999
1728 5032
4609 4570
922 9758
1303 3866
7388 7679
5378 1169
7688 6391
7515 5219
1242 4623
4434 4315
6920 9075
5000 3111
7896 822
2653 9703
915 9107
9875 2559
5786 5079
3899 4256
280 2958
4942 9822
9575 7875
7395 541
4173 9015
5579 98
4738 7109
2461 6750
4951 2005
4617 1518
1784 8725
2359 2199
8439 4515
5030 7301
2831 9454
2385 5625
3450 4382
1859 215
4337 3706
8843 961
2384 9372
7775 2658
4887 4219
1516 7803
851 5090
8228 5399
9696 9067
7012 7573
6761 4684
8482 486
9361 6815
8313 7909
8621 1406
5846 6044
3430 3722
8815 8355
3553 6726
5103 1932
1143 9653
5479 2953
8015 4638
1989 858
6980 7056
1565 9592
8778 8803
1710 3869
1366 7174
4427 1890
8428 9923
7480 5567
388 9899
5436 2605
7400 7596
6636 9766
3701 5964
7253 8468
6185 5402
701 2442
1710 5182
5871 7479
6544 3517
4026 1577
2995 9165
8759 7266
2035 4434
318 4804
2444 9484
7645 8489
7221 4403
4686 1791
6685 2400
4143 2175
5473 8010
7153 9865
4810 2629
4342 4998
2387 4479
8098 1446
7944 6786
3556 450
6681 6421
3786 1308
7988 2000
2535 3685
10 5484
1593 1123
98 5256
979 565
4028 3995
349 8701
6047 7955
8264 6433
5792 3969
6506 8763
8131 1636
4968 2061
4544 883
7648 1659
9873 2714
7549 1833
1354 8040
9967 1082
9577 5207
7088 9614
9817 8629
1184 4296
8376 9465
5908 1552
5058 8551
3365 7775
1887 8223
6561 6376
9354 3296
4058 2920
5951 55
3900 8639
5487 7429
756 9800
2430 4623
7823 6527
5421 6295
6080 5263
7943 6528
5447 5910
7113 2854
7815 5549
1337 8078
4212 7589
5310 1791
5778 7895
186 3845
3549 362
1412 5028
4719 7938
5945 8364
6513 9482
4590 1604
6596 6480
5803 5329
6758 9467
7439 7689
4172 9256
1186 4774
4207 6610
4054 4573
7272 2707
1409 543
7155 3593
8157 9122
9894 6786
3698 8563
6099 7155
493 8935
576 2128
6242 3311
6329 345
7752 7140
5323 8638
8836 2100
2584 7451
3722 2361
455 7854
713 3087
536 9913
2131 1333
6532 5962
8918 9786
4940 6937
8185 8632
7886 7330
2366 9130
4209 5213
7844 9261
5137 1884
1250 4255
8822 3274
8462 9593
3277 6990
9622 2973
8357 1183
4036 1874
3782 6182
4168 3896
8308 4409
5586 2753
8541 5882
5085 9622
4361 4532
2832 1098
8920 9469
429 3590
614 1463
5667 9733
6183 3716
6376 3508
5708 2619
4814 5402
3955 8668
2599 9621
5875 2622
7038 7477
3879 5452
547 1971
4597 3134
5047 6973
7764 5143
7410 3147
1747 3528
9714 3915
621 8692
941 6662
6594 8821
780 6001
6828 844
5459 3104
6533 847
4398 9806
89 5286
5084 9504
9088 510
5082 780
7073 1957
1048 9431
6986 7962
5062 9113
3534 3568
9145 7114
8728 4712
2470 3379
7109 4405
628 5218
839 9142
8909 4475
1343 7478
1479 4654
6605 7119
5864 9695
158 9660
8936 9898
7236 4759
6309 9539
4061 7016
757 8328
2861 2159
6445 1030
2517 1370
2297 5365
3056 2547
2571 2286
965 4771
6815 5899
4040 4622
5430 1629
211 59
6276 7222
7655 3455
8194 4417
9267 8448
7269 8173
9018 4401
406 227
9807 1465
5804 3991
4223 4207
2457 1458
6358 8871
2716 4669
1974 77
2945 2805
8469 7814
4909 1386
6040 4633
7539 3124
201 2452
29 9407
9446 151
3241 9555
9169 5235
510 4052
4994 5086
6972 8012
8736 4888
9748 8101
3331 1850
3579 3612
4688 3889
8513 1881
7869 9612
2718 2796
8184 1167
5383 4859
3146 6548
1031 3875
2182 3964
1403 4633
5468 843
4471 87
138 4689
6348 2654
9277 3105
7757 5799
3079 3842
131 6196
1847 2855
9409 5971
2577 6580
8954 2253
8211 9243
8922 7588
355 2510
4774 300
2740 3670
8889 1660
6324 2116
7606 513
4392 7404
6668 578
7726 6233
2344 3812
545 2333
1079 2539
8436 1513
9412 6569
9800 7535
9075 3042
831 928
192 4459
2440 1940
5267 8914
1074 1605
621 9199
4682 4435
4913 749
1579 9449
2451 8858
1674 8634
4324 5845
6972 3246
4379 1695
2474 6210
4023 8391
9396 1678
7462 3455
7615 4862
7156 1799
1873 420
1551 6231
5030 9853
7907 337
4294 4507
6704 4401
9948 5224
1005 9999
8061 4854
1344 9559
9183 8959
2985 9822
5081 5018
5635 2234
8181 9146
3915 9080
534 2134
1767 5205
1461 9947
5654 9620
9454 5489
3643 7374
26 3292
8415 3114
1068 3056
2029 324
8388 2263
2827 9925
2992 7933
9301 9343
9122 1679
2588 7089
5045 3966
2845 3947
2191 667
9456 9979
9402 7178
130 5833
6506 65
1938 8820
7477 5690
9091 2510
8520 5769
2263 5765
6165 1697
6534 2520
7580 4874
5353 3405
1656 5875
8531 513
6626 8343
2708 3788
992 8033
7209 3471
4013 7630
5544 6249
8269 2922
7272 9802
8091 5951
4440 8564
4994 7336
8351 7370
3134 8111
4022 7829
5518 3076
8229 8766
242 2917
6810 4190
9127 1725
5009 8376
8956 5499
218 8655
9558 4263
9198 9711
1207 6380
6835 8127
6487 6088
6226 7095
4247 3867
7230 6440
5311 2610
7243 6513
6520 2504
9821 2517
8550 5417
7394 6890
9948 2115
3368 7509
2645 3721
533 8568
9706 3263
6627 9764
8521 538
9148 5539
80 8413
6234 3996
3701 1475
3339 3193
2514 9965
888 2239
9180 2342
9863 6911
9487 4978
3477 8985
7343 1578
103 6473
6183 5319
4880 728
6386 3815
5713 8310
952 6434
7173 8394
2087 9206
1906 2290
1494 1576
8440 3814
5514 623
1272 4941
3104 3575
1733 2453
985 3374
5641 7679
3640 3640
6541 354
5357 5591
6035 985
5923 9404
4491 1991
6466 3083
3354 4857
9804 5318
862 9276
1012 8566
1925 415
1416 1213
2507 1792
4966 1892
9479 9576
1373 2348
517 8946
5646 8937
6254 8880
7141 1560
4697 6349
3260 6059
7670 4267
5731 4912
1286 2226
3974 1474
6631 695
4647 9035
7879 2461
3602 4889
8604 4939
4761 2684
8970 5408
4413 1823
3258 6756
2444 186
2746 8500
8982 2467
8327 7722
6430 7526
5585 6760
3247 7846
2568 6985
2187 1902
2358 3671
947 2389
4820 471
4331 8094
4276 9058
8874 1986
1715 158
2787 6366
8177 7051
2136 8975
7694 6876
4299 1799
1331 4360
6542 9725
3927 7110
3041 3351
3203 4013
3212 7254
4223 5125
2049 9169
2966 3282
1063 5318
3103 8475
722 3478
889 6032
2955 8096
5496 7688
9339 6142
4555 3416
1728 5950
6055 8959
6811 1710
4077 4432
2552 3149
253 102
8352 7067
1751 3737
2337 4193
7206 3457
4875 391
926 8373
3718 1953
3915 6695
9299 9929
1949 9342
1913 1313
6368 3317
3721 9535
5281 3069
6982 1771
2003 1313
8629 3250
2723 2531
1968 5038
8633 5938
1582 862
7008 8447
4738 9757
7868 5828
7961 3051
8535 8782
2599 768
5230 5326
1424 3591
9696 1436
1489 2522
9830 9307
5830 2717
9982 2564
2315 5438
6889 9514
7311 5977
5746 2148
8280 969
1390 8307
5642 7428
1864 2646
4306 5323
7282 7050
4222 2469
7602 629
454 4542
4444 1367
4461 6847
7673 9719
8994 7176
7443 5966
1149 683
3756 4114
4325 1228
6074 3120
7078 6471
1633 7481
9325 1941
1935 4028
4702 6500
2740 6368
4126 9606
171 9462
4721 9971
1566 9049
4863 5790
3820 7507
7306 1845
4764 8656
9043 2246
9645 9628
2944 8203
6660 5417
6853 3742
5909 4932
7899 7580
6479 9746
1189 6004
5650 2863
9226 9288
5640 6485
4946 2528
8643 9246
9960 3465
5388 6131
5858 4936
9842 2508
9271 5956
7791 7777
617 1236
2600 9050
1320 635
1528 6669
9131 3629
8090 4730
9611 806
2312 1532
9727 160
2037 9663
4516 1356
7165 2705
6182 6628
1904 7782
3784 711
1709 2790
5987 2266
4321 4921
9288 9731
9944 13
8412 3302
9299 352
1877 4380
3995 3708
9836 1840
14 1343
1971 3488
5969 9848
8791 2638
624 5106
4080 6149
9094 1264
6542 8884
7069 4200
7148 1436
7027 9578
5185 8849
8805 5044
1247 6361
9111 5369
6542 5881
8086 9169
3957 3880
4079 1652
8666 1592
5011 2185
285 700
2619 3860
6921 6616
3177 7388
2416 82
4410 2509
9387 4824
4054 9040
3537 6582
1673 9590
8448 3256
2876 6236
8553 9160
875 4691
4117 5530
8383 5277
5585 776
5276 8929
975 8141
3125 8491
9657 6850
6324 6058
6707 3908
9376 1421
9576 7868
303 2996
2157 2292
7527 7500
9670 8069
5833 8336
2756 5807
4790 2378
3766 4792
3159 2992
3229 9118
5685 7908
6586 1034
963 914
9818 6684
5079 1415
4308 9720
9880 1932
9532 3131
9052 9488
3671 3605
6986 2153
7416 3230
7036 1811
8610 5432
1903 2710
9751 9383
2624 3446
1889 8492
5936 9103
7782 4439
9730 557
581 9203
6115 805
3797 837
6565 2448
1429 454
3721 6593
3740 5914
3391 4736
6079 1676
6104 6666
8341 7800
7611 9450
3736 7069
703 325
4370 1275
565 7454
1048 6842
627 6398
1908 8771
4093 1745
5491 4841
444 1820
5913 2555
9795 9394
2939 9322
815 9252
5250 4209
824 5232
7144 1438
7336 474
8297 6589
7881 9853
9995 1004
613 2603
3510 5
1313 2257
587 5774
8061 6757
8939 6725
7927 8832
4672 1754
6271 2123
8008 6152
4791 2925
8808 228
963 2644
9703 8349
5160 6809
5796 7013
7024 2005
2809 3172
6443 1622
3252 9761
652 4299
9032 6339
2591 2671
2186 3187
8567 2009
8830 7150
1822 7616
6404 5424
2188 2005
6118 3103
7984 2870
7595 6868
1142 5975
1500 2860
3692 9264
8701 3785
6161 1062
3057 8707
8692 7811
5214 3131
967 6892
1323 7897
9415 4587
1435 5276
3792 8066
7966 7579
1668 1121
874 715
9325 7645
3623 1117
509 7205
5129 9348
9898 6753
4829 8816
2597 5557
2227 1065
4983 6017
6890 7079
6695 3673
8980 673
3712 8386
8867 828
5697 4113
4334 7839
631 8626
3178 2225
6259 7993
2659 4834
9007 6048
7105 3357
1164 1676
6855 1401
524 7342
1429 7725
9618 7687
1767 8634
6953 6220
7906 2529
8869 9610
4770 4045
9663 5702
538 377
3777 7793
9283 9705
9685 7421
4275 3462
2758 2493
2449 4949
3292 6688
7646 4373
2966 8343
3482 7885
9897 3918
8988 2629
8285 4628
5264 3182
8017 9958
627 7262
2858 9402
1646 9397
5055 506
8085 5798
2091 5540
7831 8298
37 8840
4697 2315
4957 271
3665 5690
5311 8696
2278 377
9936 10000
7707 8991
6124 5561
9135 2979
8244 8300
3087 1100
1532 1424
9440 8709
7521 5292
5214 5558
9376 1526
530 8705
259 4404
263 3101
5603 3740
6867 3660
1617 8642
2448 4689
3040 2641
7604 1814
5904 8294
9659 3812
6079 4282
3460 1498
2702 6446
125 949
1394 1767
1855 369
4286 7306
9530 877
1322 2424
2106 2130
5595 5767
1926 6296
9531 3780
8961 4059
2013 4084
3910 7335
3385 9135
9131 4299
207 4092
5625 8739
1436 5312
5190 9942
7855 2769
3583 7132
196 7491
5869 9081
4056 623
8644 7851
4385 1766
8687 6522
808 8287
5755 3550
8610 9647
7589 6810
3080 5629
6199 3712
7409 6252
318 822
4673 4941
537 7727
6502 3918
9408 8125
7337 9751
3149 8477
585 5193
6536 5402
3795 8394
7452 1591
4745 1610
7463 1342
2888 8023
4237 730
7690 9894
2625 654
8642 4017
7073 375
1679 5318
5992 1398
6466 1833
1310 2399
7449 7191
8905 6184
6281 9464
4414 7125
7838 170
3329 3969
8428 9658
3287 7334
2521 8497
6967 267
5977 5027
8779 4851
5944 2152
6462 3642
1716 7476
9058 9197
2799 7063
236 1264
8349 9604
8565 9480
2058 9739
9778 1079
3688 4761
372 9635
8451 7124
3205 8328
4335 354
1850 7488
1784 8663
469 4893
9768 6657
9852 2170
6114 8411
5037 5110
9186 5034
2333 6622
426 5623
390 7341
1362 2009
6495 2372
6886 4994
3458 1638
4013 2078
2778 7721
2082 8817
276 2580
1152 7990
6611 6580
7642 1891
8254 6981
7956 8617
423 5323
405 1612
3393 7201
7035 644
8355 3250
9086 329
7150 5334
9576 2103
802 6344
6942 1205
272 6269
3042 2807
5437 7712
1004 7124
7759 7700
3609 6140
1585 3280
7438 9375
6324 4487
5314 4401
5605 6243
3323 6189
6725 8956
9695 5317
1682 817
2050 2463
7370 6359
9672 5052
4647 2974
3921 6905
787 1598
3504 9175
8536 3168
5824 3825
101 4916
1062 4652
5252 4969
4474 3866
133 3751
9675 2228
2544 1133
5186 2785
8711 5285
2584 6190
2775 2494
4144 1706
5416 8379
5317 8052
332 415
4265 5529
3693 4345
618 7484
6341 9736
9580 7595
1816 9661
4884 1423
7812 7791
1335 8221
5100 5351
1121 7464
2045 5561
1300 7081
4498 9054
3327 6537
5240 5360
4201 8579
5416 5693
1691 741
8169 8638
9165 2459
7091 8864
6859 7829
8742 3428
5837 6124
9976 8910
1453 1013
8765 7999
2622 1985
6614 1376
7631 6813
3271 3781
7954 4996
2472 9079
2672 7472
6808 3976
8566 3961
287 1634
8352 8974
3469 6251
3509 3403
1383 1948
8630 6156
3888 5060
2235 7822
8040 7058
6678 3071
6215 8079
5537 8300
3631 6655
2290 5620
730 2205
3099 1772
9600 2580
1661 5179
4553 4724
5065 8396
4010 6382
1216 3570
4680 1387
5826 1187
3245 5999
2569 5101
2320 247
4971 9108
7756 300
6214 115
8992 3140
4416 6690
3024 2491
3335 4541
7464 9101
2954 7681
9136 2170
8778 7468
1844 5864
5579 8281
5353 4394
2557 5365
7134 8591
4665 797
7698 9101
2941 5201
4521 8308
1606 9100
3747 3753
3086 7994
5484 1062
6438 3736
7651 230
7111 8584
3867 9953
8710 9258
490 43
1994 8247
3007 4825
6144 4240
1537 5810
1365 1377
9579 9286
7905 8051
4173 7974
177 7343
3080 7665
2727 5820
8785 5170
8571 679
4562 7691
1477 786
8836 7690
8347 3340
7877 2330
3002 4183
6186 4911
747 1899
3245 2046
8388 8950
2644 7521
6032 9292
5452 6067
910 7695
5704 9253
6843 4362
1694 6634
1535 4312
8611 1099
917 752
5972 4697
8182 9521
1320 1555
2580 9283
6483 58
2394 9023
3799 3101
3842 6447
3043 3140
1045 2333
7996 1235
3661 8595
7040 6851
9529 1807
8103 3390
3812 3833
5381 4652
3842 8631
3064 8171
8044 865
3086 6894
5857 4988
6426 8302
3853 432
2945 3490
4586 6313
4007 897
5128 2081
4331 1566
1135 8313
3411 7170
5437 3231
1929 8354
5019 4795
681 8952
5578 2258
61 5968
1707 1903
1245 8114
8195 8792
4808 112
6812 5468
6828 896
1696 5933
6393 9712
4593 5146
5629 6256
7235 8433
6682 3004
8896 8523
5636 5180
3063 201
6899 1289
2161 1372
7510 9005
7388 1363
7323 4906
1181 6248
991 400
8924 7376
9972 7647
3592 3245
4537 3499
339 1685
897 7316
8393 1185
3073 3378
382 156
2855 1838
4939 7002
4185 8195
3586 8322
5013 5126
3429 3839
2723 6026
2594 7572
6038 8463
6446 3453
4824 1963
1099 173
2816 5016
646 2284
6234 9563
2745 4409
7922 3198
8530 4232
5272 6867
4173 9544
7352 2977
6907 7970
243 3904
5784 8618
4136 2866
8799 7945
5740 5708
7113 6393
5157 8085
5009 6184
3210 705
3359 52
526 1554
5140 9904
7327 9758
9603 951
3310 7549
2809 3224
1367 9667
9394 4345
5622 2191
88 3325
6928 3599
4694 8433
4351 3053
2434 4522
8428 2799
6540 2552
598 4559
6758 2638
125 968
1948 1557
4966 5804
2108 4965
4546 7828
8692 1561
9088 2128
7775 7088
4745 4132
587 5680
3151 4853
372 6689
5004 7363
8786 9759
2642 6159
6918 4574
1223 727
2485 291
9982 5060
7739 6193
8262 4823
8129 2776
5010 4996
6788 4984
3571 9240
8593 8529
7352 2713
9342 9562
404 5375
7471 9013
2793 4136
7874 3607
1254 4699
4362 1113
9307 4652
6698 5818
5313 1895
4255 1878
7837 2964
2959 7482
6508 22
4424 4445
331 170
1692 8733
7175 1304
9440 4298
2408 596
2892 2665
465 3456
8484 2729
5171 2386
5679 7289
5968 9645
7022 1296
891 1006
4987 681
3842 1906
7124 4493
1928 4511
4146 1207
7054 4181
7428 5152
2196 21
6891 1
5926 6730
8779 6100
7533 3818
2242 8889
5224 7941
8803 5236
206 6852
7833 4143
9643 7608
7608 3649
3626 4612
7356 7583
5869 4929
8618 2916
1244 2642
1920 201
5765 585
5267 5870
1769 5236
6826 9013
9940 2995
7466 9195
2118 1237
5529 8934
1705 2984
3946 5222
266 4317
2395 7405
8958 9213
4695 5621
7052 5920
6140 8246
589 1546
8941 8015
561 8422
5420 4976
6403 1645
4205 705
5643 4767
4672 1550
1203 2263
6524 2356
2235 8603
3494 5694
574 2975
3448 5361
8525 1136
9832 5210
1736 7750
1622 48
271 8663
3157 7887
6005 4399
1803 8567
3966 7023
8776 5444
2689 5932
5590 8179
510 5034
2954 5686
6447 8992
221 6600
4492 9983
3381 7386
6556 3490
634 1233
1546 6855
1063 2263
6161 7351
1679 9455
222 2545
2229 1979
5727 713
6660 6640
6968 306
4447 9958
4399 6022
7825 62
8164 9001
6675 824
7504 3520
4704 6542
2233 6735
9343 5414
2680 8377
81 5926
9290 3149
4575 6528
856 1601
7652 3254
1292 4363
7193 5148
2383 3153
9779 9291
5937 5467
2984 7500
6773 609
5967 6950
1952 7039
5924 9586
2174 6037
5769 92
1855 5128
7283 4912
5536 5767
3627 7202
8727 4354
4572 8661
8195 7174
235 7491
9675 5690
5132 9322
6245 631
8638 8570
6686 3181
8782 8811
4914 6597
9607 4589
470 3123
514 58
6991 7840
2864 9215
3920 3238
4447 2192
4336 3594
5910 6664
6687 6509
6404 2823
4116 7903
638 9938
7250 5367
2432 5509
1253 3257
5379 8354
9946 6087
4332 3123
5620 8435
9547 491
2850 5650
3241 4104
2661 2191
7304 5436
4858 1671
5696 4659
946 1692
3330 5357
5326 2317
3327 7426
143 321
7776 4102
4239 9585
6076 5629
9440 195
9672 8553
5822 7516
6178 7564
6620 2252
2873 7543
7206 3258
9714 8635
9862 117
1553 5351
1902 1904
170 1490
9545 4996
6060 3732
9894 1191
3282 2793
7970 1350
2624 5756
176 5876
419 7892
1714 5283
6941 7941
3841 6124
5775 4026
8931 7952
7797 7367
8370 6543
5 2501
8411 6961
3945 2364
7603 188
1245 4597
1080 9156
5709 6133
2492 361
455 6708
8486 597
4371 5089
5524 7282
2914 9733
4404 7126
8289 8933
8293 5942
5233 8855
4495 1394
6249 7691
3668 5910
2646 7374
8886 4500
477 6322
1534 8148
367 9849
6712 5600
551 4211
296 6490
7824 247
7819 5253
5288 9542
308 1270
9193 8022
6675 6320
2151 9751
4189 992
857 2435
8289 9462
5085 8353
6584 8430
9413 9901
4879 1845
9520 8850
3113 5736
7144 855
420 9704
6896 2483
2400 9793
1898 8778
3349 5117
7131 7363
7482 2105
3305 4345
1801 9050
6282 904
3062 4635
3096 1538
2503 267
6122 2799
3507 9202
3010 9233
9863 6555
7812 9340
1887 8414
3632 6499
3364 7263
1846 2113
4604 7109
8469 5378
4397 6598
4347 2856
5547 1532
120 416
2025 4412
644 693
8110 2982
1224 1513
4095 349
1352 8850
6198 6055
8413 3293
3570 346
9345 7209
4997 3758
8145 6225
3969 2512
8751 1049
9816 9274
3071 2575
9918 4795
7536 2659
5266 9850
6902 2543
4262 5039
7398 7510
3925 3163
4719 2220
1995 1654
7173 4539
8908 3776
7700 3937
6361 400
3895 7705
9622 1760
5170 7182
484 7229
7487 1498
8430 8031
4221 8044
6456 5020
3749 8032
3766 8435
4404 5993
4942 8582
1241 8408
604 9600
7521 2763
4216 1161
2834 5820
5451 1093
7557 261
9885 9275
6354 4467
2705 7324
6923 5815
3219 8607
1563 3966
9975 982
7055 4251
5411 3785
4268 8920
6519 2648
3933 9124
3625 1174
7994 6883
5593 2205
6149 5277
882 8532
6775 3516
8128 705
8293 7125
3381 7222
8660 3331
9703 9795
5177 4843
9639 3290
9450 5708
3129 6341
4155 2445
4995 4284
2726 2202
8664 381
6899 2115
5722 1862
8942 3454
1955 6887
6860 3758
6973 3838
2683 740
8752 3205
7961 6815
9674 8146
8373 2522
4111 3999
4149 5556
4367 7929
7229 436
9710 5970
4082 4744
473 2571
8040 5902
6561 9020
1291 2256
9289 4283
6403 9082
8590 8344
9635 785
346 112
3452 1741
582 2555
9143 7009
4598 8596
3056 1942
5878 4465
937 3802
5581 2913
9293 1390
5258 7446
1703 9136
2719 7921
1051 2611
8678 9365
6721 1183
954 8542
5694 9707
918 2319
3581 8346
3222 384
350 9014
5977 3775
3103 6269
3924 9690
5831 4276
3964 1718
6533 5472
395 7418
5936 3889
3800 3824
6294 6740
1282 4485
4726 2260
4412 4581
9446 963
583 7776
9205 2324
9252 167
3539 2491
385 4443
5900 2393
9874 3827
9668 8463
9777 6725
2509 1932
6664 7148
3142 7969
2835 228
8555 3708
1199 237
2712 7119
146 3155
7226 6325
5974 1658
9072 3146
6831 6308
1199 4265
4806 1181
3644 5578
5112 3559
6610 3980
2288 998
693 4248
3227 7410
1499 152
8222 9210
732 6957
3837 8186
5627 4469
9848 7661
5095 3413
3481 1919
8877 4603
232 9780
3930 6785
8391 1199
565 2423
2060 2906
4494 1829
8374 1361
1553 7619
6746 7493
4927 9545
167 660
5219 7544
2245 5391
423 8959
1879 5833
167 4696
560 6388
2393 2220
1906 1439
989 4163
7446 9480
6901 3567
4033 3406
4995 7049
2197 2489
7782 7537
8655 3337
9224 1027
6160 8868
8677 6537
8309 8150
548 5635
1047 4098
4573 342
1961 4586
6938 6537
1642 6485
1677 4078
4860 4045
6041 500
7234 3078
5177 1075
8132 1766
3940 709
8806 6748
5779 4016
6562 9985
8149 7855
3428 95
7947 6977
8603 2570
8860 1885
3056 8905
8694 778
5681 7348
3734 8444
7424 2627
4226 9292
1055 9883
4655 4121
8087 6151
8915 5574
6377 3864
2478 2875
6125 6657
9738 8713
3874 9936
5777 2155
3193 3837
8449 2371
3025 1627
6203 522
6472 4359
5891 5048
7011 7504
8208 6600
8445 6887
4581 8392
2187 4627
6893 5632
6343 8561
1485 5239
642 3811
8124 1190
3321 8093
9471 40
4911 2729
332 5478
8122 826
3153 2830
9672 4463
2267 8684
5465 9083
3802 1222
5049 4284
7009 1479
4444 306
9310 3177
3675 5133
9500 9031
3130 2718
9377 8419
7953 6565
1498 313
7979 6054
2054 8043
4617 9526
8587 6249
8983 4514
7996 1624
2658 9608
1234 2104
7633 2227
5243 4666
3021 4982
9738 4176
3875 9601
2692 7405
8367 1452
2044 8611
1318 1298
4830 1437
1630 1360
9853 3448
3229 6792
3413 2226
3657 5724
5560 541
6567 173
5752 5481
3191 3834
5931 218
8125 7703
1855 5341
3162 8578
7986 5479
8794 4484
1256 7909
9692 4505
5059 5599
5585 4619
2313 6623
432 7707
8006 2132
426 4530
2251 2728
3556 9034
1075 3509
3629 5235
5276 3645
1393 1336
9128 9390
9064 7428
9594 3444
1694 447
2336 3474
3611 7751
7676 2791
8160 689
1106 3492
8935 6769
2730 5421
8457 3939
4273 2164
3371 2701
6303 2785
299 9058
8825 4212
1458 1449
7687 8830
9282 6647
4686 9345
2590 5073
9376 1109
8502 7533
439 9297
9548 3742
5458 6523
8269 4835
9064 3232
3157 1831
5960 2970
8849 9885
3481 949
9181 5408
4368 1912
8670 5179
4430 4404
6245 332
5042 4014
9178 776
6647 6093
4423 3172
9577 8272
2583 5803
8861 7711
196 8762
6377 9480
3175 3237
552 151
3407 6955
9518 9711
9596 3665
562 8247
5949 3996
1424 5948
3119 3006
2916 8284
3181 4728
6844 2057
9361 6774
4705 5222
4142 3103
5386 797
7550 5575
8291 1284
9613 109
9866 4180
2171 2408
3504 4291
6254 5894
3115 4245
3986 4414
4239 4009
181 7675
4158 4786
4122 6449
703 9108
5096 5896
7804 9087
1386 5293
7345 3392
282 3050
4108 3235
7322 4148
50 4389
7504 3723
8333 3222
2522 165
7377 7236
7139 3310
7931 3904
7522 3643
2503 9377
4814 9470
3616 4359
6964 5873
2174 4375
4795 6584
3600 9727
7230 4565
7162 3929
3360 1363
7234 4771
3541 4465
2732 5665
5688 4966
2292 8258
584 970
6964 1629
2481 7983
2884 6045
9172 7425
4395 9373
2430 8282
7064 8650
6238 3248
3808 9642
66 4317
2391 2680
9271 683
6796 7211
3932 5788
9968 9449
9608 7329
1487 6508
3337 4945
330 2503
8948 7031
1321 5095
4296 2514
3762 7514
8508 1932
1686 8599
394 5737
5840 7969
1264 3538
4545 9281
1380 4564
6421 7286
4680 7259
6153 6103
8481 1168
136 1911
9926 334
7016 66
7063 4557
1698 1558
5475 5574
9621 2114
1886 2654
119 9325
946 258
4222 1987
389 9815
6522 3082
4358 9428
2277 7222
2497 2303
6465 9186
2186 2763
8796 3157
6224 7541
8467 611
2067 1398
8700 6470
3051 9571
49 4871
4368 4716
5119 7311
2675 50
5979 2725
7632 8209
3042 8146
8245 560
3426 8156
5248 5431
2457 9952
9140 6421
453 6071
477 1706
77 8081
1228 1874
1321 7915
8579 7995
6195 272
6236 252
3276 8801
6680 892
3113 5208
4414 7006
8267 7019
6345 2365
6871 5438
1383 3145
7449 8534
3223 660
912 3806
6716 1941
8848 3875
3605 533
6603 5593
5958 6848
2719 2422
132 6158
4572 733
6539 8999
8592 6061
2354 2096
4485 6084
6729 2476
8253 346
2346 573
8076 51
2015 1062
9521 1784
3238 6339
6483 8366
4790 9580
7582 7286
9929 5451
6169 3751
575 2145
8094 7307
4921 8826
7939 5312
5439 145
3965 2178
1182 6849
5358 4807
5076 5756
1136 257
4881 8572
3810 1779
1524 4275
8535 5580
5972 2848
3268 4223
9267 9635
807 8193
3243 1480
842 5987
7370 2826
7367 6057
3542 9299
669 6308
2136 5673
8721 7553
7687 94
188 5007
3804 7637
6859 4417
5652 3381
1243 1398
4799 1043
4623 3582
7675 4711
2709 8232
8383 2984
7717 2274
4778 4976
9284 696
8830 50
8182 4979
2551 100
5450 8088
5899 4175
1869 4668
8137 4539
8236 9007
5661 4532
3330 7523
4959 2706
7705 1606
4077 515
4153 9269
5185 3083
6610 8240
3119 2194
4760 4606
5200 4886
6854 5762
6471 92
7142 7598
5900 5696
6557 388
6235 8629
4276 7460
8920 4720
4066 1093
46 6739
4092 8582
3530 6838
8750 1604
8011 3122
9685 2343
4306 7246
5919 2482
2764 6867
2340 2490
7736 6741
7142 4043
5755 6613
7750 7972
4410 8361
4237 635
4796 9205
4032 5556
4904 5022
9872 4379
7952 311
2097 9865
5553 6758
2876 4978
6429 523
3669 421
3656 5516
1401 5855
8776 9226
9119 7843
8344 3936
734 2411
7402 6399
3766 7545
893 8255
5494 6191
8871 5062
6822 8141
5128 8475
3196 4017
3458 5691
6683 9879
4838 8602
6294 9206
4554 6543
6403 6088
7571 3601
4459 536
5820 7169
5362 5807
537 7319
5241 9127
601 7569
70 642
5094 9159
6108 537
1615 3469
3326 6118
6131 7757
3993 1315
1991 2103
9314 5160
5169 3285
9813 3401
1284 2948
7752 9076
1890 5745
6495 4300
1220 9115
5227 9363
2168 2569
9115 6860
6702 5789
2128 8536
5280 8147
3493 7821
6142 571
5027 419
7961 4931
7510 3142
1161 5178
3849 1079
1885 5153
5090 690
5636 1738
2778 9526
1561 302
9110 7593
1565 1628
1860 4462
3265 9434
8382 953
2689 9107
9834 636
7648 5238
1651 9925
7230 5348
1716 6368
4248 6568
1828 7346
2932 917
467 5046
2972 1601
1153 5062
5197 6191
4054 762
403 8829
6280 4213
4208 5467
2809 5792
9693 728
924 3760
1463 8959
5925 6758
4950 713
398 8654
6959 529
6933 7430
9497 9814
9185 4231
3747 2357
9076 9854
5764 3937
1542 1064
8544 5694
1439 8732
793 355
9912 7744
9061 3573
8597 5165
9209 1870
369 5305
8836 2226
9055 3827
2598 3700
4871 3901
7071 1909
5376 192
1089 686
5082 6437
3834 3632
720 514
1744 6254
6270 3592
5682 6638
5347 5517
2987 983
6258 9268
796 300
1877 9634
7831 2673
8947 8144
1701 4236
7015 2496
5284 1372
2348 77
5695 9463
2947 50
411 3735
5933 295
9289 1053
3320 1324
6323 7689
9607 722
9543 4049
943 5517
1730 1857
7665 9996
2634 8573
2936 4489
6745 6080
2284 4551
5507 9565
500 9819
3961 6875
8054 5841
1720 5961
1935 2053
6073 7386
4641 4112
8955 4514
1728 7411
8651 3074
7762 5842
2587 9113
8420 9673
2159 6635
2849 633
1685 3499
3545 3571
1217 8671
2090 9302
7737 1353
2661 496
667 5164
6756 2355
1076 2529
5990 7415
7589 6671
3935 404
465 8089
2699 5072
1097 3637
8909 5691
765 5822
27 6893
6064 1155
7783 9900
4583 4838
584 5581
5422 6826
2497 4751
6504 2183
4195 1132
6155 4335
3178 9082
2782 8828
6835 924
9955 8732
5946 154
1545 3672
6338 1873
2347 9998
802 685
4209 4982
5113 4649
9830 3807
2151 4823
8287 3870
8494 391
2819 8386
835 3460
3458 7538
4198 8905
1828 3185
927 3519
4603 8993
3012 704
1468 8877
9393 5869
8304 3341
6960 9966
1130 3672
6540 2242
1431 5909
9109 6481
7111 1879
1368 2495
6056 3909
9344 6762
270 9654
6038 8043
9084 8029
8170 7484
116 3513
2290 2419
5247 8259
5989 2696
9215 6367
4135 517
7783 6411
6245 4549
9561 4075
3468 8003
7100 5664
7776 8741
956 4477
235 5724
5333 2969
4665 1046
3094 4277
7770 4251
1499 9427
5801 59
5121 1741
7456 6756
5491 8050
5166 5606
9893 3956
9631 9126
7991 6317
8561 6556
4423 6101
3859 6680
9512 9003
3790 3797
8083 9198
5006 7886
6119 3560
8506 2044
6476 3731
1270 8117
2095 4803
2710 7185
625 8623
2825 1958
7435 288
2553 7815
1327 5576
8280 5491
2423 1720
755 3230
6149 3129
5430 7719
9102 6772
5480 7335
7504 2441
8094 585
4270 1518
4271 9950
4452 3823
6899 3616
632 3007
1483 5378
1291 4298
6570 2060
6431 5795
2305 6376
2084 2625
2777 5794
1247 1766
2491 8448
9491 9085
2868 6548
2918 9020
5972 8257
8355 2457
8837 3229
2266 1532
8061 6912
5081 5511
8313 2132
1139 3487
7133 2249
9217 1059
6550 5435
567 1000
5362 7267
5837 7244
7013 6148
5745 9721
3882 2916
9010 6041
991 7184
8776 1184
6175 72
7717 9804
1828 6380
468 2407
2601 5133
1663 5603
9556 5307
9833 3827
9352 8516
4692 972
9932 6860
3010 215
666 330
3023 4905
549 7623
4497 7791
6175 3129
2052 9532
6263 3595
1131 1446
2175 7368
2968 5337
3604 3938
4993 4773
2792 3990
885 1825
1737 5034
9927 9316
7114 9083
5235 5963
1365 4660
4915 3325
8192 7711
2591 1279
31 999
9623 497
9247 8139
7729 9661
478 2087
8244 8754
4566 9199
1386 968
5583 7980
6536 2005
8908 8961
643 9723
9082 3925
6301 2709
5461 5534
7873 9934
3176 4487
2406 7288
1164 1183
6887 6971
2683 4051
4999 7922
1166 2772
3697 7881
5615 7892
3038 4727
1272 1045
9757 8875
1626 4967
8666 7176
9227 7481
5480 1205
8249 3303
9307 7848
9330 9244
5438 1243
9146 5952
3764 8617
6541 3228
2500 3594
2694 498
9498 8853
5595 8599
8068 3539
522 7994
4074 7901
9240 3972
1652 9263
883 9247
5123 895
9431 3576
6695 7218
6302 4081
5701 1527
4467 5257
5460 453
4452 9898
3777 3464
1650 7628
6657 4468
7410 8533
5531 2454
9857 675
5730 377
4230 5657
4566 9043
8566 5478
6628 9828
7492 6699
2375 9968
759 1614
3036 7626
2939 2456
936 7080
8402 68
1001 6950
7713 1207
9680 1724
4064 7033
794 4848
5703 9972
7276 3012
5275 7934
5227 7880
808 8008
9726 3318
9844 4912
2071 5093
3596 3799
3186 7700
4721 7294
2848 4215
8246 6082
5130 2564
9454 2103
855 9409
2568 1883
3325 5303
8773 9870
3278 4486
3795 3172
6744 6738
3768 4371
2641 5528
5152 2575
8496 9006
1561 9678
4932 4428
6889 2130
4920 1385
8307 3727
7219 390
911 5747
8106 3930
470 8772
9897 9382
8010 5253
718 4063
3537 9554
4158 1287
1918 2398
8034 6767
9667 2813
1507 2792
6228 4572
9893 3508
5738 7009
1323 6612
5138 5292
5014 8855
5232 5874
5473 9232
794 8347
3222 7306
9771 912
1764 6820
2880 1572
2851 210
4548 4781
8122 8834
36 6123
7451 3409
5860 9477
38 6967
8077 6533
1723 5725
9349 658
3450 1517
3961 1136
5098 5319
9829 1713
9873 3180
4885 359
8221 2893
4361 5791
8561 1902
7350 6568
1951 3743
5803 92
1723 2603
2781 7299
3803 1847
3342 4398
3640 9235
7703 457
5116 5022
9547 2514
7056 4302
3467 7650
7446 99
4717 8746
6112 2530
474 4357
2040 5106
9959 8004
1157 8783
6074 794
6235 8087
6759 7253
1410 2965
7218 4366
7041 5027
2007 7473
5231 9047
1073 7573
1555 9142
3497 9432
403 6480
6915 2751
1506 978
497 493
2021 6176
7470 9062
1891 6874
1908 4314
2522 185
5305 3082
9723 5072
7546 1321
3051 5550
4411 1521
9889 525
6799 8963
3067 1695
4243 2242
898 2532
9544 5123
2161 4833
5930 9498
4797 943
6648 6018
2516 417
7265 7913
8661 1914
9876 5738
877 83
2514 9521
6144 6472
9654 5876
6773 5002
6635 6362
4110 2256
1078 247
8191 4778
184 1757
4427 8337
7652 8531
6025 5682
2846 6321
5293 669
1880 1334
4325 4587
1623 1963
3935 245
9319 3203
803 9053
1822 6569
3382 5074
6285 1867
8271 667
8728 2100
2156 1673
9706 923
6874 8508
3149 2293
1216 8215
1872 3310
5471 5117
644 3762
2738 8524
6741 7053
438 7303
1190 9530
5043 3351
1871 604
3282 3172
4434 7452
6457 1967
285 9367
4726 1668
6543 6336
3413 6394
2917 7329
2220 3375
2440 1101
8615 8152
5456 446
6977 1480
7921 7062
5671 2399
4791 6791
4327 4513
6209 3388
8204 9126
9951 1074
7150 6313
4870 280
1115 1930
4605 4499
7040 7060
4637 891
393 8592
8023 4048
9598 5967
8076 1482
8407 2111
5057 46
6865 5794
5453 5176
818 5329
3421 4465
4513 366
8615 8978
2434 170
2855 1603
932 6223
2591 374
3789 5610
7759 8167
8327 8665
1345 2182
7983 8789
2222 6676
4366 61
6435 1200
8413 3449
8607 4534
9040 3083
2103 6662
1200 3063
5295 7301
8199 9370
9742 1870
1967 8206
1984 5873
2351 8635
8307 1434
7328 5931
4677 8652
1673 7284
2131 2447
4229 4761
8091 2046
5592 852
5376 4815
9771 2340
3541 6138
6708 8167
7846 381
7735 833
2027 6243
6645 2942
8303 4782
7146 7629
5196 3672
1107 8993
7207 6522
9440 7522
1466 5320
6152 1143
3688 2999
5180 5383
8978 1549
7427 6949
7538 4940
8084 1767
4768 1056
9321 1713
8971 4257
2963 2544
9516 2608
8343 3246
9716 9282
652 1096
8459 3809
7418 6687
7294 6879
7528 3446
3097 9025
9878 6573
4801 503
4802 6104
7238 4362
9436 8151
6178 8154
2339 899
7711 9496
8583 7270
1295 9166
5174 9196
8479 8391
9462 6268
2133 7766
5630 6055
8523 3814
7448 147
3955 6273
4314 6674
9591 7138
8209 520
115 4018
5516 3009
296 6565
366 1073
5692 1487
862 201
7859 9722
5887 318
730 5916
9282 6203
6401 8770
3906 6163
8057 8302
1582 3867
7358 706
3813 8531
6450 2971
5901 3502
5021 7174
7728 2670
6386 2364
3543 3645
896 9455
2649 9781
1831 3553
1999 7914
4736 9254
9055 6270
895 5448
5790 8349
8188 3170
8813 3164
471 6539
1767 5945
4967 3176
1104 9136
8203 973
1233 3248
3800 5272
7029 2230
1916 3853
7815 5269
5804 3063
1157 3178
6927 8845
7539 9391
6341 5403
8030 1844
4016 4962
6593 8810
3696 2777
3139 4828
5270 8410
1705 3924
4832 7427
9596 9220
4859 2146
7594 2972
9403 6126
6334 5167
5967 5025
2639 1157
5699 9842
7639 728
2187 8864
592 5765
8476 1806
9979 2738
8111 5441
1155 3841
4249 5721
1165 6587
9473 9852
404 5909
6749 923
7237 8406
4959 838
930 6860
7363 7288
766 2929
5918 7343
9240 718
2822 2520
6411 5458
8555 8096
1669 2266
9428 5133
5121 8373
4847 1518
9798 8078
3713 295
9583 7821
7849 2965
7162 2818
7009 5765
7159 3348
4666 4621
5755 8125
1197 4872
3640 2030
3826 4205
9198 4944
990 8455
9903 8318
4207 9141
2698 886
7716 3862
3331 1716
9495 1486
8092 4875
927 7833
49 6756
9819 152
7025 1579
8651 1737
6085 2690
5061 4057
3607 962
9642 9197
8668 9253
6790 5502
577 8103
8227 4997
7530 1786
3347 1311
3831 1560
2820 9370
4657 1283
9629 123
5064 3131
9091 6773
5288 1285
8149 8985
6066 3188
7387 1121
4655 7966
3818 4776
291 5702
5836 2865
5422 423
1851 9700
996 9237
3246 1850
9098 9723
1237 8887
7835 2018
2574 5835
9427 1327
3620 7188
3321 7219
2528 4400
9339 7000
820 3097
6761 951
3151 4538
9197 6407
1877 9412
2848 7050
3320 2190
7029 7003
656 7150
8369 7815
2996 8044
8271 53
4587 7258
7901 3306
5967 8435
7811 6548
9573 2494
4210 1102
5971 5174
2120 5512
6396 518
6575 641
7750 2470
1939 6156
2059 4299
812 5390
4466 5739
6916 2897
5344 1854
7439 3938
4391 8523
939 8396
5696 7592
3198 3853
2524 9591
153 1667
1606 2834
7398 1017
6600 959
1157 2950
5514 3430
6476 9541
162 7607
6954 1932
3866 8688
2669 1316
1611 5288
8457 1928
1579 2161
5764 9276
9033 7155
9097 4048
3241 8587
384 3884
4181 8237
2040 6314
8485 9123
8604 2489
8887 5036
4503 7443
2446 5224
9265 7469
1631 3847
663 965
9023 5348
7792 4939
3117 1863
6740 4018
90 2800
7684 2108
6867 5128
7517 1130
4482 2557
8573 1327
4541 3296
2470 1720
4420 5170
6879 3387
7852 2683
7383 9108
8781 5434
8190 4761
7266 9841
8532 5093
613 8523
5462 5519
9271 1169
6187 1804
8415 3445
272 7399
9541 6364
5926 9074
7028 7886
3255 8643
4503 5170
2364 4273
749 1239
442 6172
8694 3354
4217 3603
9140 1354
3853 1797
7966 2616
2646 6660
5385 1656
5008 9679
7635 3858
2699 6257
7490 9028
7044 5274
8291 5995
4634 9538
9632 706
798 8024
8029 6476
8372 769
5263 1095
6225 5154
3028 4460
7102 7972
2674 5913
1056 5272
2285 9970
5227 8858
7016 9856
7180 7494
6709 9599
2874 4510
290 6952
3868 7808
6756 6612
7853 3964
2132 4427
6704 9324
2044 5124
1814 8209
4731 588
7267 5378
7013 770
8367 9396
3736 5074
3399 2429
1359 9922
5855 3718
5092 602
7740 4567
9029 6189
4985 268
907 2997
4703 7206
797 7334
6577 6857
1311 5700
4840 7934
5031 1766
3601 2174
3062 9215
4746 932
9155 422
9220 5772
3441 8992
2313 2694
4862 662
6118 1282
2830 5588
1682 8349
2273 5959
5180 4162
7685 8659
677 8363
7461 9441
8131 6377
7421 3277
3046 9525
5553 7517
4926 9920
206 1995
4738 1501
1466 921
7391 9680
770 2869
7104 3846
2707 5178
8108 2914
3734 9103
5367 1679
1426 4108
1554 6981
8716 9346
4750 4351
1984 2142
3349 8293
8232 9688
3616 7270
2514 723
6957 3209
3756 6092
2076 1499
9280 3647
3936 1948
6234 1139
9971 6617
8883 2511
3488 3073
7685 3200
3299 8130
5164 9693
4034 7965
7292 228
5140 957
8854 412
2116 7505
9350 897
4185 1276
6616 1218
5657 6426
1573 1574
4247 1283
602 857
5986 6723
5239 6545
6663 3589
2976 9436
4486 6971
7177 9390
7314 9621
3068 9234
1682 9329
2997 3069
5426 5553
5181 7265
5962 6903
3555 4648
2285 591
1155 1034
3804 1944
8481 231
3505 3606
7132 6128
5395 8833
769 6772
483 3939
4514 5671
5092 2847
2719 260
5057 1916
4428 4815
3490 7020
6551 1023
7450 8741
4758 6515
7600 597
2290 8565
4863 5799
5307 3854
5684 7598
5429 1198
5102 5729
9023 9416
4549 3776
8143 1867
5360 7683
5111 972
8260 5313
9947 2217
941 376
589 3556
2087 2330
9820 5386
6913 995
7589 3238
7213 7182
4874 7160
9680 3468
6727 2235
6361 8463
2270 655
7720 2264
9081 7735
3295 8917
4413 9150
9656 7715
4766 5687
7053 2901
89 9465
7459 1372
8953 4731
8168 8425
7352 6193
2270 3266
27 8965
9439 5506
4319 9459
4206 8106
5667 1434
6152 5692
632 2608
8150 1438
1065 1931
496 6713
9059 8583
2961 9442
856 880
8751 9168
3396 5573
9619 2928
2319 1899
3151 1272
4108 8779
4021 4309
8126 5961
1128 2114
4711 8120
2777 2013
920 114
4194 5319
8612 8820
3070 4525
8452 6056
8696 8573
430 1239
5616 4562
844 8243
5313 3329
55 3574
3563 5397
8671 7183
625 7828
3795 3703
6093 2631
1729 5563
7749 842
5303 8697
1720 5591
2169 3751
9467 8652
7783 4047
9015 5006
9972 4494
6274 3085
252 6879
5197 4445
353 9853
9739 1248
3639 8043
7446 4728
1293 2585
194 4483
7408 4700
2309 2081
9623 3121
6200 7981
3543 8133
9023 9419
6810 7102
1963 3366
7784 1655
7311 3623
7933 2494
5350 9578
4878 9724
3644 4943
7965 1748
4307 3108
1660 9362
5702 9948
4886 2705
3885 716
4272 8970
2048 6351
593 1801
1252 1728
2382 1798
5364 3165
3607 5460
9866 8360
5413 6760
8653 1181
3406 6817
1427 8902
2514 9732
9443 841
1398 3512
1395 802
9157 7084
4349 1450
5219 5679
653 9615
9600 9970
6285 1086
527 7954
376 1235
7438 8116
2705 4368
1531 6968
6956 2179
7597 4806
4169 7987
7880 292
3883 2847
948 276
7 1937
8760 2601
9663 3461
4286 5260
3064 3271
1977 6827
5501 6680
8697 3256
1291 3015
1655 8537
7108 530
6726 641
7918 5364
4775 5724
1533 1155
6575 1105
7037 708
5942 7768
1511 7732
4989 2841
6959 2184
4139 7010
5707 6094
412 9027
975 8007
367 4109
8197 9284
593 1326
2397 4757
2138 1058
9485 9036
8469 5775
2038 3841
1123 1587
4578 9445
4906 3281
7108 2678
9066 8441
9509 4211
9983 7814
7842 7949
6435 7695
6112 1249
9043 9337
9532 153
3481 618
4657 900
4904 7165
7384 4187
5426 3096
3695 9643
1419 4282
9963 4495
3417 3806
1839 5610
2261 2812
8366 5924
5948 9761
6110 1918
907 1726
7855 4595
5032 6097
3882 2788
8859 1884
4533 9365
3299 9507
6157 1252
5252 1190
7512 1384
3928 62
9374 9124
8426 8208
6502 2138
1169 2195
506 8348
4765 8637
554 7861
9501 120
8104 481
1619 443
68 3988
7647 8076
2550 177
7962 5714
557 7871
2249 1873
3591 9355
5293 2237
7111 2449
17 3780
9378 742
3633 1429
550 1276
3031 4247
3589 3307
869 5171
7457 548
2957 284
2543 2088
9838 4572
7534 1380
652 1108
7217 8732
9025 8570
1254 6370
5770 900
9223 739
5309 8033
6244 4795
2033 2111
1458 2116
3802 4514
1606 9212
497 3157
8286 6088
7409 6487
4553 1137
9250 1176
5590 3773
2414 1098
7782 6661
67 2147
5784 1931
9171 8817
5192 8975
2841 7505
7738 2964
7121 614
8228 1977
807 9860
5842 9987
8590 1133
8832 3256
1057 2591
2294 4612
1524 447
3408 3798
2438 8051
8296 2454
22 4544
8391 9763
7374 778
8619 8915
392 8878
5421 2835
8706 2142
7331 6938
5493 7864
4386 1429
8869 8904
519 4373
5065 7186
9682 7360
1318 9599
3343 1101
6176 8477
854 2636
7601 7915
6143 2148
3845 5121
4983 2638
3178 6758
1171 7055
3966 8275
1927 8060
8587 5043
4862 4104
794 2611
4199 8782
8115 9477
723 7267
9564 2208
1172 1958
4875 6999
6101 8992
283 1546
1310 3510
3447 9977
4248 4032
1499 7096
5674 4594
6998 9146
2007 7105
3336 2184
9048 3912
5330 3958
4575 7108
3750 1811
9480 417
7472 8179
7972 4682
3317 1153
3068 1117
9362 3572
8384 9273
2096 7338
644 8686
51 2377
4310 8036
1147 3145
779 3585
8399 3513
5179 5093
4229 6212
1051 7231
3249 4790
6750 3889
9554 8529
8154 6634
1550 4700
9479 3112
3774 9200
5927 6614
3214 7126
6239 5204
673 6531
4474 7927
227 3521
2587 6449
6541 9690
3190 9066
9120 5832
725 2836
3887 7292
629 9565
2002 7466
9758 1776
2681 1941
672 8830
9848 212
3636 8154
7815 7706
2258 8275
350 2827
7220 2032
6205 1792
8188 1824
7734 6868
9921 8995
1178 4414
4546 5323
7282 5139
6782 6194
4202 4094
7579 1960
9523 8463
8416 8117
5263 6247
8210 3527
6167 5361
4961 5990
9128 4167
1877 717
4514 3306
5057 5244
1457 2737
6462 3322
9372 632
9397 5776
4922 28
5208 6853
9913 5043
7081 622
5538 4010
6941 6500
7495 3187
3512 8036
8367 739
3150 2733
8370 992
5348 6751
8508 4963
9467 1765
1657 6255
1398 3092
6265 751
9279 5957
7629 8572
5335 6543
1523 6264
7271 4530
6730 1856
6465 5762
9877 1951
3750 9759
15 2019
6999 5349
9239 4261
6124 8846
7238 833
483 1226
5567 2986
6404 732
9793 780
8594 2971
6368 9147
6616 9565
5616 3545
2437 8561
429 9868
1048 927
2785 6206
7661 2188
8880 3118
3823 1898
1593 721
8094 2374
465 7113
3935 960
896 3766
3157 8725
1255 6994
5499 6276
267 2535
4091 3662
9632 9142
1339 8074
5710 6675
3962 3505
137 1635
7268 9331
2613 8031
8243 6442
918 7870
4676 5743
3639 3944
9461 7740
9314 9201
3429 4640
300 5900
6627 2150
7940 4971
8912 3764
696 944
2499 5707
4248 6718
7238 3388
3890 2464
6315 7102
5094 2512
8872 7061
3216 4967
7965 6429
5715 8086
8772 5817
2811 3385
2038 5777
7209 7565
7758 2494
3030 1297
1240 8116
7858 6781
8014 4052
559 7291
733 6968
7077 9678
4686 6862
9077 3850
9789 9245
5336 7960
6321 9405
6208 3347
8418 5
9981 5075
5696 5906
1985 6181
1602 6530
4899 4281
722 5436
9989 325
973 4908
1598 5755
3188 2818
3077 5064
3574 3915
6703 6632
7279 9855
1856 2647
8745 6969
5141 9095
7094 9981
6600 6962
3788 8930
1661 9577
4374 1057
8371 6802
6751 6393
9903 9615
1248 3630
3744 1980
3777 4218
4648 4903
1505 5909
5239 1411
1497 7596
989 6460
6925 9846
5125 117
7624 1667
3721 5774
5449 6287
1439 7039
4611 5472
8950 2309
4940 965
8166 4125
4764 5923
2272 7023
8493 5477
188 6375
1582 746
9443 9091
5061 7877
4278 1885
9262 9782
9437 4244
2983 2619
1262 3815
1114 902
2419 183
9009 9581
7951 7323
8954 2262
9007 6690
8395 5634
7586 6638
9206 1278
1926 2691
3567 3380
8955 7712
5337 9105
9905 3673
5052 5625
164 6725
8604 186
3647 6104
4310 532
6604 3541
4289 6551
7678 2947
5791 6923
2449 91
2075 6024
9382 9458
6043 177
565 3768
6031 5781
5169 4207
8094 671
1345 179
1190 3501
3032 6669
9065 7303
3238 3577
5634 4565
8746 2566
5925 2962
3823 2995
2532 7536
6480 3147
2391 8944
1689 5803
694 5025
5480 8568
3037 3085
2741 9938
2127 5889
6883 3395
4545 585
8640 1426
7675 1969
8299 2572
4962 8643
8880 4076
8969 5367
7466 6184
1890 7226
4494 2507
5218 6102
6198 5669
5106 670
5442 1253
7959 3998
2262 2468
7175 5424
8051 6066
9277 9024
9576 1104
8283 2579
7555 4647
6317 8800
2507 1700
7453 9995
1598 8575
5271 3532
818 8849
8059 9524
8615 8785
72 2710
3871 5133
7216 723
7252 4527
5539 1400
3081 1020
5357 1201
5873 4655
7930 5448
3080 4212
9928 3151
4989 6537
7399 3987
2620 9744
8917 5808
8675 1432
1330 556
969 1023
1459 20
9320 4481
9265 1630
7997 8626
1064 6721
3947 3577
4392 4628
3456 4119
1643 9377
1531 2153
8613 8483
1381 6519
9183 1039
152 1329
4638 2329
6797 3467
5841 8622
7872 5870
6910 8753
9922 3871
6480 8801
7862 2191
6711 7024
4348 3804
5162 4381
1802 5549
7909 1032
1894 8865
3355 7785
9777 3891
6323 4211
63 2741
3082 8474
6529 8693
1152 7450
4974 8546
5826 8488
6226 5164
8267 5713
6664 7844
3846 6630
3961 90
3717 8214
7409 8710
7501 5411
2622 6856
3539 5113
4284 6054
253 5948
1926 8347
9860 9711
6132 5
7864 3975
9807 1848
8783 4515
4686 1489
3613 9304
2788 7371
7419 2369
7655 8298
8677 1969
9952 3525
9447 6465
8959 3447
7002 1584
2280 367
2234 8876
8515 8366
2227 5801
2087 3741
1310 3768
5870 890
3501 6652
5520 8957
3184 3727
4549 4429
3270 7510
7700 6300
4317 9077
8133 3766
4807 7473
5801 2180
9221 2145
1884 899
2596 7408
1698 9688
2806 4480
5588 5216
513 8326
7085 529
5985 5744
1690 8086
7206 6398
5154 997
8366 5933
1327 9089
9221 7107
5189 7880
5137 5643
5819 9676
6956 4653
2173 6491
7407 7948
5670 7034
2198 2765
3588 1243
7553 2528
8007 888
4890 9322
5023 6130
2287 2950
5224 9094
9160 3905
5545 6598
7955 253
5519 8126
2965 4269
5823 2755
8914 7716
4589 2419
6017 1947
7633 890
6451 7804
9617 549
9142 4817
5667 8109
9249 3410
1140 9160
3468 2750
416 7515
8651 1498
253 7885
680 6385
4580 6125
6291 7431
9356 9138
5521 7448
5413 545
1482 3824
6207 5080
5533 8047
3776 1252
9448 1340
7703 6698
428 4401
4468 5671
9745 2963
2881 4942
3841 9831
4437 7137
9742 2936
6199 3920
5672 2854
5048 6283
2585 6108
9952 349
3883 9088
5769 1253
2997 9360
813 3583
850 2332
3259 1425
7428 2720
3056 5163
5961 3809
1272 7117
254 3741
6235 4522
9638 5190
5458 4121
9996 3709
8995 1065
6074 6033
6005 4962
2945 5
8376 3907
6207 95
8754 2395
6804 7447
5460 1297
163 5983
3149 7444
5952 4717
853 3825
2033 2012
1849 3820
9486 6556
9339 5202
9708 8333
5620 306
8283 4557
8444 2846
7882 5951
8404 1740
6487 4945
5159 6234
815 1964
7610 4209
2816 8473
6952 4654
2888 9034
5841 4911
8082 8230
9578 6572
5747 3432
4875 4792
8090 3186
811 8965
8194 2928
6169 9390
9121 9018
5475 1154
6782 4565
105 4621
8958 7152
2337 9862
402 736
3977 9822
4340 7362
3432 960
2912 469
4543 2179
1942 8807
4560 5981
8032 8009
1776 8442
3078 4799
8962 3688
3726 7692
9132 447
3031 6497
8002 7949
885 1367
8329 6723
3768 475
995 8799
8893 7004
8525 5217
3713 9790
1665 1805
7313 3687
9710 3659
173 7909
6027 5396
7794 5396
3179 3683
9090 7254
3566 6774
3403 5729
2751 9334
5314 477
8360 2894
477 8397
2040 2404
8768 7633
9494 9370
9136 5427
2068 1146
755 5219
1741 7929
4637 9424
6308 6483
9718 2220
773 3668
4845 9992
5391 9351
5352 2706
20 5215
5378 8696
3610 1404
2440 5283
310 7652
4061 3221
454 7249
2489 6187
9065 6910
1277 3242
8450 7960
662 4045
2517 316
6358 2840
4160 7609
3020 5862
3706 338
2040 6980
5024 129
5921 5524
5117 4820
839 7395
2358 8561
123 9327
8012 834
5555 6584
4826 2617
7337 9270
2474 7168
5473 3954
9867 3834
7212 3868
8724 8625
7949 1113
3535 6750
7663 1992
5756 1298
5141 7904
6222 2066
8716 1949
9729 1288
7252 4751
9214 6446
8590 479
6252 225
5111 3957
4499 7204
4589 8045
5676 339
1792 6781
548 5154
2304 6626
4911 5092
267 9331
6778 4736
2647 1729
4205 4763
5700 3305
3231 3911
9228 7392
6017 580
5409 2117
3339 3934
350 1763
9741 6016
4869 5000
9133 6689
7681 1520
6120 6860
6135 7975
3043 924
4539 9733
1346 7015
3833 7122
4193 9615
5101 8303
8881 5538
702 10
6592 3545
9388 6663
7641 2741
9335 100
274 9111
5887 8138
6301 6294
321 3717
9180 3073
2076 4668
2562 3322
3636 9779
8907 6883
3118 6217
7769 8602
4702 8031
5269 4697
9620 5032
8207 5245
1714 2979
221 3573
5243 473
793 9578
4513 9564
9570 1800
369 1639
1056 9543
699 6153
7700 1036
7809 3405
1763 8779
1088 8156
1478 1592
8199 1918
5158 1930
5795 5214
4753 4347
444 6717
4226 4962
8078 5736
8234 6236
1056 6546
6373 9517
1144 3893
4070 1204
3569 5680
7879 8686
4074 1957
5344 2501
4044 7713
468 2313
6535 5487
4283 1464
4572 5257
5051 4610
2908 4654
97 3129
4985 248
6667 4553
5986 3762
7576 2554
7342 5735
7700 365
5405 2668
7305 4029
3375 6198
6724 7052
4740 4080
3727 1370
1955 8756
7814 128
9307 705
2971 1368
676 8954
6927 223
3356 2971
9354 8273
496 6363
3396 7662
6316 9329
8185 5991
4096 2801
6840 4480
3305 4007
9355 1189
7755 5463
228 7339
2951 4139
9713 6149
6313 8194
5225 6717
6097 438
6724 2778
8701 6379
6728 2756
3481 5925
4877 4754
3754 7983
1980 4714
9376 3015
984 7647
2392 720
7460 5849
9225 4463
3407 1704
9967 89
6886 6145
4524 7550
9966 305
7302 8567
4350 8818
9149 4249
934 2437
8967 7527
4775 4762
7993 9503
3650 4821
4242 6737
5748 2367
8622 2216
7188 7918
2997 9448
3448 5470
1235 8208
3109 5639
5115 2215
791 9519
3970 8104
3086 5163
7632 4623
8431 9906
6669 2757
2664 5597
3508 2925
2980 7059
8547 9934
9802 2530
6036 3066
799 7104
1623 7939
8169 8945
4107 926
2603 5005
6701 6817
9538 379
8579 6588
1060 8546
7781 6087
6206 558
8658 4472
5482 9762
6999 8676
819 945
3051 1040
4067 5982
7212 1038
7936 945
3555 3689
4215 8409
2754 3451
2048 3564
3762 3316
8319 6475
9198 4798
5929 6524
3695 4285
2782 9673
1085 6880
9709 7634
4745 2278
3161 3034
9069 3177
9286 7441
6981 1604
4519 1913
4720 3464
7307 1610
9739 7116
7672 1118
96 8599
3803 6256
2816 6186
1532 8473
9804 4019
8240 4142
1508 3734
1198 8311
8256 9944
9541 5125
9304 9713
5385 8275
4298 5279
9137 2332
8925 196
9666 8437
6620 987
8750 8497
8154 6557
3198 3035
3431 7121
624 941
4790 9232
3934 9465
4911 2464
1265 791
1091 3667
839 8485
1480 4128
97 3238
5717 1989
6642 1801
8843 6624
8269 7085
1480 6548
579 7934
7590 6685
4910 8822
4650 2925
2857 7785
7908 6060
841 8431
856 7506
7838 4819
9681 3010
884 4124
633 5324
4127 1315
3007 719
5328 3001
4045 5361
5091 1732
7002 4241
1242 480
5106 2993
6897 4313
580 3557
2369 6624
6492 7295
2948 3255
405 2883
2357 7700
4891 9811
5722 8125
8606 6189
7108 1222
2294 7943
1499 7243
1424 8330
7628 6511
114 4924
2618 3105
9030 5077
622 4491
8670 9550
4265 5413
3104 9615
5838 2931
6090 6775
6069 7299
3096 7927
2895 5503
5432 9876
8899 6128
5806 3309
3860 8418
6523 4264
4644 8729
3255 3139
9727 2532
8898 5020
4861 2677
8591 5311
2118 6103
6964 1801
4791 7030
6497 6085
4859 263
1565 4473
3550 2902
3935 1859
9089 8294
7352 4894
2389 7310
4682 355
7784 8311
1903 9542
5759 4369
2771 7299
275 8650
6829 4549
6332 8058
9190 928
8944 8638
933 5603
7288 8474
9281 6375
6599 2129
491 4629
1676 4671
2081 1469
9856 3140
2231 7433
5231 9348
3572 3145
3674 5865
3475 3733
1176 6521
8154 5017
5849 6424
6162 7976
1810 3925
2707 5546
9633 8764
6314 9498
9780 7753
583 123
474 3203
998 7514
849 2098
2423 967
2033 6484
7819 4115
9102 2413
6274 4696
9934 7222
363 4933
2280 614
1830 2626
2235 4606
6368 6158
624 9503
4098 6082
6521 9184
8802 8546
7596 6238
3580 9046
7712 22
5027 3061
1503 8839
5007 337
7413 1551
5259 2177
8143 2926
4284 3995
7215 1921
6853 4294
840 7848
7006 8873
1823 1361
9069 2581
6151 2875
9000 962
8922 90
9035 5987
348 8258
1145 7432
7390 1863
3688 9814
5859 3970
2898 3850
8684 1911
1054 3588
5287 10000
3886 3923
7075 6243
5272 1371
4151 8400
9393 597
5378 7254
876 4917
216 4137
2223 889
9790 2828
3236 4437
5838 187
6268 2891
3568 6801
5016 2255
6198 5363
9222 6569
5655 4522
3893 3287
8167 7859
4549 7219
2778 1604
2513 9622
7622 8303
6791 2194
5057 8760
2395 7154
4467 8007
5813 9953
8863 3399
8114 8068
5860 4803
2384 3981
446 2596
485 8766
5009 7811
9177 154
7595 5407
2832 5435
5647 4065
2190 7123
545 8312
1579 5709
7254 6044
3221 9243
1909 9669
8810 237
8882 5834
4970 3993
5701 6797
2929 8984
599 8150
6539 6564
3022 7943
4678 4813
874 4311
3962 8097
3216 9845
6140 1839
54 5145
7600 7090
6296 9069
7532 4281
1248 4728
1407 5594
6997 1322
4804 6487
4978 1969
3705 737
4124 8335
7152 9477
7861 9050
2702 1712
3167 2543
9990 4769
1247 4379
2344 6758
8154 4933
5059 8714
6390 1095
4727 1154
5838 1780
2086 1828
3728 9434
7 2018
807 2629
4359 7783
6988 6411
9537 9253
6640 3778
928 7459
2895 8139
7618 7025
108 4725
250 5190
2142 7543
7213 4168
6954 177
1352 2894
3654 3772
8272 6133
7823 8155
6239 5872
631 7386
648 960
3330 4355
3405 7924
922 6678
600 5310
5991 8002
7553 3044
1267 170
5929 7934
1899 7766
2687 2048
3648 3150
9754 509
1866 9185
5273 8318
5787 6198
8504 3235
9367 189
2357 4143
7793 1095
9743 8985
5516 5324
6313 8176
8269 4197
1860 8293
5767 9307
8854 9204
865 501
5780 9562
6428 4717
9364 5677
2577 4214
3527 9318
3096 8117
9159 6329
2256 6545
2328 6636
8189 8973
4181 4157
8459 6267
1252 9355
4015 4578
6731 7759
4998 5581
276 8993
2616 4934
9832 5763
6813 348
6939 4137
9439 4851
7821 4126
5477 6059
7431 3184
7718 7884
5983 8704
7188 8112
5246 5633
6213 189
5223 6920
3134 4446
5111 9155
5205 2342
8593 4799
5986 4193
4231 5377
6717 9185
5484 1085
7438 9895
2117 7138
8120 9259
5716 6679
7610 2217
9609 3818
7841 1972
1453 8782
7054 2613
2709 9800
7290 4573
8875 7332
3901 990
9922 588
9593 9742
9317 8927
4821 8903
542 8018
3024 2963
3582 4577
9974 5830
3023 4993
1020 950
2052 6932
8580 1108
6476 5684
6091 230
3037 5470
2903 5713
8629 9209
6640 7134
5605 3566
9056 1255
8219 8214
9622 2749
5131 2825
8607 7676
5531 5756
7054 681
1530 9650
6428 7599
6488 3943
5186 2093
7289 2189
4476 9366
5710 8411
1103 8578
6120 3987
4576 5574
4652 293
5897 7092
4179 3770
6096 8746
1427 7333
209 1851
6617 249
4048 6978
4506 2934
6570 8570
1809 6385
878 8429
2749 9722
5626 483
8278 7314
4639 9379
6189 7554
8656 9861
240 8154
3779 4587
2577 3129
9085 5613
7791 5065
4334 8688
3915 1445
9098 6079
7927 891
6613 6115
3621 948
1904 1001
1580 3622
3235 2983
2769 7621
2984 1907
9890 7787
4427 7500
9101 9807
7024 4228
8957 320
8558 3727
8473 8987
5854 7030
8026 8689
6133 3753
1559 110
580 5691
9493 860
2611 2473
4754 1447
7864 3267
327 3051
151 3775
5701 2898
5533 9127
7440 4344
9930 2163
8289 8455
6685 7616
9539 8710
9265 2927
6984 1643
9690 5143
6758 2086
6550 6579
5094 1616
898 9998
214 4909
5805 4568
3595 1230
7731 451
9287 5998
7239 31
9032 5311
4446 3327
1657 3271
9182 1974
5456 4986
1081 4138
664 6482
1820 7278
6877 4414
5507 140
2117 5905
1918 3193
7164 7294
2483 6153
9216 131
3030 5543
4327 7155
8862 9047
879 8969
5061 8913
7206 3537
1978 689
7448 8285
18 1289
1719 8992
2763 9131
9506 3170
8511 2131
6217 6098
5560 3229
8385 7302
2683 7968
9284 6415
8700 9850
5074 4252
8468 5134
406 1912
7715 8115
9044 7354
6610 3191
3517 6956
1427 2180
6685 6964
1090 3503
725 8794
9372 4244
7053 2999
635 5943
380 2622
8052 3473
5263 8088
1844 5526
7641 2846
8030 8140
4030 919
3528 3190
1196 6317
9870 7373
1975 2920
6124 1521
4918 8538
8731 6545
8354 364
9674 3152
3487 1302
9543 1838
396 2641
210 4659
4159 6843
285 5344
1215 53
2299 6373
1153 928
2557 4923
1432 6394
7666 6478
370 3985
9549 1649
5209 710
1786 8558
3867 1932
1102 4473
4575 962
5300 9540
6327 6711
803 2840
3208 466
8327 3235
7701 2755
8591 6674
7896 2207
7949 6187
5062 2992
3788 7096
7962 4207
5995 7592
9725 4216
3505 9502
3540 8594
8915 2020
9495 8243
3537 9056
7502 6785
1160 2351
254 3709
7502 9773
5014 3224
332 1051
7126 2891
4674 1434
5894 8003
2973 88
1278 9652
410 6105
9052 5314
2349 8800
9394 9646
2625 424
8128 9945
1093 6083
5553 8732
46 4204
8390 8851
8117 7946
4862 4138
8000 2950
4801 7068
1286 6894
3891 2572
8466 2532
4763 4306
2089 1714
5363 5398
9551 1682
2339 4868
4932 1111
3904 3293
437 6061
3470 8753
3293 9132
3982 5808
9559 6648
7595 4639
1456 7157
1555 4034
5887 287
4113 2323
6037 5254
4450 5993
3269 8279
5817 4596
8239 2154
6448 6665
5717 44
1311 7460
6061 6263
5527 7686
5848 6201
6308 828
7382 8163
2474 794
6369 351
6712 9028
2777 4446
6967 2960
6615 7289
655 2577
5308 4149
3022 8606
8175 3897
7563 946
6117 2293
4330 2832
9983 9187
2363 4547
5723 779
1535 5302
6984 8807
2979 4459
488 6572
5838 2135
4517 6438
4716 1878
2932 2686
7599 3635
7091 9725
4197 5791
2463 2010
979 964
8410 537
76 4119
2899 8004
8078 592
6396 1864
1031 4523
4443 8949
5520 1484
8929 1525
9715 3078
5468 18
3092 4812
4890 6665
6289 4529
3391 157
7385 9377
4578 9305
5392 7622
2120 2102
5913 3417
8225 7357
5218 8794
4448 9758
2439 2911
9293 1139
1363 2374
177 1209
4987 8090
4967 6398
724 9739
6273 7545
990 6097
2320 1670
27 3517
6460 1567
8419 5214
9402 2676
4307 6406
8241 9069
1415 8181
2409 9835
6026 79
1221 9562
2605 2164
3424 6466
5231 3414
2483 1762
1533 5389
1746 6775
598 1416
1455 7407
6700 523
5151 435
1816 3708
8353 3161
4442 2433
5232 8818
2073 7765
554 2163
1394 5503
5366 4102
7090 2259
6673 7423
161 2438
9152 4045
7846 6347
737 4389
1223 8075
3466 880
7133 8656
7861 7898
976 8017
6696 1633
1496 8947
6506 5430
7285 9933
8479 4355
7528 5101
6904 9225
7679 2524
5053 2279
8313 4283
1863 4125
240 6425
622 8613
3707 8231
6167 4477
5846 5645
4701 634
3182 1802
3637 6393
81 4663
7541 8738
9034 5392
2711 1141
5862 4005
1888 1046
6317 3117
3902 7986
75 7280
2101 9695
4202 7146
2856 585
8960 8668
5269 763
6045 9588
7808 3242
6245 2757
1039 5913
4533 6293
950 992
9931 3922
8558 8639
3356 6726
8130 5490
8714 5309
5830 6850
211 8087
9782 8071
3628 6704
6342 1000
971 8102
4997 7303
3116 3854
4510 997
9021 6474
4174 3352
7944 9838
4409 9088
468 1997
1676 7750
6878 1894
7520 5507
3830 5943
6792 7987
7207 7270
5986 159
1896 7093
1531 7847
7438 1605
4262 5857
5750 5664
4972 6963
6790 2578
9040 527
3973 377
1982 7751
3124 9444
7759 3092
6402 2820
5669 41
5992 9890
3439 9876
9797 3268
3700 6556
996 3783
3773 3915
1277 995
6794 199
9988 1873
4632 9318
7696 5869
4812 8457
4437 9236
4100 5601
3038 6527
6087 1063
9722 4270
9618 4575
1334 149
738 1613
3829 5509
4017 2788
3782 1074
336 8048
2944 5228
3836 7298
737 2313
6009 2010
9478 5131
6674 5121
3476 1008
639 1135
8398 3251
7928 9035
1688 2073
8483 1217
8210 6326
2316 2519
9407 7182
5634 613
3203 9805
1595 1667
2560 5510
1417 9710
2414 4595
6040 9371
8417 393
7702 9646
8429 3535
8165 2068
8056 7835
2814 8595
725 8311
8726 3304
5465 4830
8322 1269
4032 6288
3716 526
5639 4472
1481 6031
3250 2532
6619 34
4196 705
2433 7525
2908 6608
240 9424
1702 2792
8006 4502
7709 1771
799 2523
268 8325
4883 9388
1789 4148
7321 3257
7489 9103
9798 624
1705 3290
9898 6633
7376 6355
1515 3437
6596 1610
4976 1752
2547 2016
3182 5761
2603 6615
6482 3014
4170 228
5207 9775
6910 6584
4317 2219
1798 7243
9419 842
1602 7022
7453 5362
5349 2193
2743 3532
1402 5401
889 3540
3545 3911
4603 2290
3941 2001
4804 2264
843 1998
7737 1845
4297 8788
2383 8560
5567 2957
7734 8077
5508 37
7892 9967
5634 8602
115 2261
9751 7653
1720 9312
4521 9530
1114 8965
8556 5660
9924 3553
8204 6162
3239 2014
8046 4924
7044 1160
9786 5226
4303 5524
8951 2123
2473 322
2909 597
8871 4628
7586 3079
3521 9302
2104 1876
2476 2000
6365 3390
855 9393
4248 4871
1743 7950
4706 7128
3861 5137
2342 541
8786 6645
6071 638
2782 1044
3021 3764
370 2708
1270 9321
9261 7776
7539 4116
6007 1053
4389 3190
3643 3228
7337 1507
8502 3781
9034 6404
481 9459
5632 8530
5747 9113
3624 4765
7766 574
8841 720
7859 7255
131 773
6325 1353
9537 4571
3301 3262
7526 8551
3363 784
6220 5860
6295 8427
8905 1105
3477 696
5717 7384
7867 2445
6542 6409
9937 3403
7163 6670
4463 940
9177 8103
7404 8221
4403 676
1720 6714
7052 4752
9951 5048
7764 4668
3900 2654
7946 6972
8957 8578
8294 6175
2945 5547
8241 6569
2011 4058
145 6876
5129 8196
1780 5766
648 3901
8595 1861
8315 5067
5636 9676
1104 6569
9586 6107
8636 4572
9147 564
1494 1159
1456 7817
8701 5385
5229 2845
3461 1527
552 1113
8441 5375
8007 4404
8039 6204
1633 5264
3509 4334
4184 2108
3447 4158
7947 5208
6411 649
8867 1058
1169 1514
7965 4740
1662 1109
3405 5399
3107 3610
2226 7086
2520 1970
7246 5789
7539 8142
7965 8249
853 940
7761 4881
6038 3185
5664 1733
1698 1876
4462 3105
6284 1779
2244 8230
275 8077
4515 6565
1975 1456
670 2003
4196 5025
6146 7881
6603 7078
5990 7678
129 8259
7286 4054
6900 9498
2630 3615
626 3410
2925 5190
8464 138
8188 8546
7753 3565
23 5369
5276 8050
8159 2884
9154 9249
9791 1683
1490 5276
3333 2726
9472 54
2467 6058
3605 1799
9515 2591
1349 7052
819 95
8200 6199
5472 9012
49 3900
8765 2855
6507 4597
3234 7579
8265 7768
1910 7821
8044 3812
619 7348
1116 389
450 6739
5138 6414
7631 3159
8358 8458
3936 5049
3374 4678
4682 27
456 6548
5595 4928
8147 4776
262 4225
8899 4347
9180 9137
1127 2789
8176 5219
3441 1976
8390 2978
5271 9151
4618 9588
5266 4863
9476 4116
158 8179
7502 7442
6661 5816
3312 7139
3811 9333
1014 3339
2253 6361
8107 3353
3430 3664
9897 7884
4485 2148
8501 3221
9094 9854
650 6649
5301 264
2617 7937
8280 3824
2482 4461
9688 9750
1021 953
6592 2798
132 3769
4648 6927
639 2401
7769 8000
9231 8658
2770 6784
7676 225
8039 5943
7866 817
7993 8096
4908 1877
4758 576
2179 5291
1720 2550
1049 1034
4352 7726
6908 6043
4065 7317
1 1068
1456 5949
614 9434
694 3144
46 8667
9018 9860
4457 7559
6716 1048
2257 8550
2324 4914
1031 6542
7948 5491
3777 7251
7117 8682
2953 2212
8784 2140
9081 7369
5402 678
2530 291
7013 8426
9458 2500
9282 5360
4284 7392
2315 6491
9506 8803
8429 7934
7845 9336
7342 9262
1722 6262
1305 1851
7588 238
9534 3310
2783 3446
8169 9839
8860 2673
6308 2797
3462 6347
1832 8560
2497 5225
1511 8722
777 679
6226 955
8452 3154
3430 7601
4390 6093
8372 4360
824 9566
5543 1718
9765 1539
7542 6943
4190 2725
8612 1585
6142 3770
2529 4010
8950 807
9416 2611
8748 7232
1436 2498
8010 3696
3379 3460
6437 1627
3900 1335
6826 9105
7918 3780
3939 8585
607 8275
718 6965
1802 665
889 2535
6909 1656
2926 9184
4486 4133
2249 8326
7626 5890
3723 6146
4293 1987
2739 8655
4829 6464
8600 1045
156 3491
2838 3841
4018 7018
6933 9691
6555 2187
3455 6469
630 1784
5761 9134
9821 6776
7189 8642
8537 9636
102 8277
4533 7544
3951 1437
7273 8613
4635 788
6940 1095
6971 5556
3414 9254
4797 7450
1702 4468
5718 6669
3029 7672
7657 9367
4934 5849
7039 1025
8530 9026
8281 5740
4417 9417
9138 7077
9162 1011
6391 7341
9821 1141
9098 429
8765 166
3024 7070
487 2277
9368 199
7782 7792
3511 3344
2626 2294
872 8262
6057 5432
8426 9565
6555 3496
2646 9799
3516 6080
3258 9768
5526 7938
1801 6423
5888 7447
5451 8802
2889 6406
2238 8678
4394 7395
3248 9801
6283 3189
7156 6420
4145 9929
3667 8248
6197 8189
3991 4369
6406 8206
2702 2902
5075 6646
3638 140
5783 4889
3791 7667
5512 7705
6883 3768
881 1473
7505 8213
4122 9117
1582 5646
8650 1796
3445 577
4748 9079
3905 1063
9274 743
9125 8286
1409 8447
6883 5543
326 7074
7365 628
7875 1771
1762 7916
8712 8946
5468 3816
8650 8978
824 9666
6859 4935
5201 2800
5650 5860
3790 2330
8940 6022
288 7091
3673 1100
7160 3114
1810 1558
6580 3849
5492 8665
240 3510
4417 1882
3484 4617
1713 2827
647 700
56 9565
8221 3285
9559 192
8012 5558
4519 9429
1204 9785
2672 9694
6616 336
1882 3034
5134 2418
40 6466
640 3189
5621 8753
8667 8822
1016 5213
9200 822
5670 3722
3409 381
1499 4873
3387 1695
2768 8431
7398 8629
6938 2791
5662 2853
8716 9638
283 5422
5306 1927
3485 5013
5790 9471
6745 1324
1439 4226
883 9099
3990 6284
3574 1053
8392 1531
4605 831
6694 4119
4633 9532
8640 5372
3216 4486
9115 19
912 9214
6185 7625
4365 303
8076 3876
738 3382
9325 3563
2927 2021
8613 1465
3505 813
55 8327
6874 6457
1397 3801
5140 6990
312 2416
9961 7290
1261 4758
9421 830
1834 4839
6050 7557
3134 4805
2597 9507
8988 2223
9623 4518
375 5191
3140 6547
9444 6911
8098 3551
8397 6746
2434 8502
9384 4768
3002 920
7315 7490
8823 2806
9066 2551
7021 6398
4979 9803
5346 5433
3168 6389
2569 4019
1397 882
1273 4515
3468 2365
2715 6831
3648 5197
3366 6095
8378 993
9955 8172
5661 6723
1311 9435
700 1140
5812 2673
8363 4696
4612 2449
8542 7905
5552 669
2064 1356
8483 9964
594 3501
6909 6510
5395 8559
940 136
6017 7762
9802 4116
1895 8165
1559 6133
4501 1444
917 9576
1049 1982
1454 25
401 7584
3947 8021
3388 8290
7002 3252
1018 8791
8194 2194
3150 255
4394 6586
4819 4287
1857 1882
4062 2679
4410 1087
2110 7063
6918 6757
546 8880
5852 55
950 4487
4909 4435
278 8566
6820 6372
714 6195
4635 5504
1387 7430
346 7147
9590 4801
6468 5028
8825 5541
3924 1242
7842 4095
7492 2911
616 1642
4513 5284
5397 477
1453 7127
9837 1119
458 1513
3141 9733
9361 8715
7108 7024
4712 2365
8241 201
1273 8055
7362 3368
8321 9846
9051 6907
9146 2769
4752 2884
3417 9474
7127 2875
5159 5266
5097 5550
2005 6161
1631 7203
4956 5533
4230 3389
4939 8829
2117 7778
6288 5335
1561 3169
6921 8731
7687 2436
8022 4792
1412 2717
7412 7119
2291 3806
6381 9083
4099 7222
4932 5065
7747 4545
1103 6286
2250 1846
528 3146
9799 371
8414 240
6590 8635
4340 8042
1576 877
1353 5060
579 9231
4325 2866
3885 3373
1283 238
3491 7022
300 3209
5174 3387
9242 264
4567 5047
7724 9044
2114 7890
6581 8119
7882 3100
5357 6274
798 7133
3027 1539
287 3335
9871 8166
6418 729
7230 184
9157 4
2974 8158
7002 4077
3480 5489
2907 2816
2456 2646
1238 2285
4432 6633
4002 9794
9176 4837
3242 9638
2649 2014
6618 8902
8478 7963
4293 6623
8580 6322
2774 8976
2872 4901
6541 4429
4892 8324
6555 4470
4570 7605
3323 8876
1045 3391
1038 3870
7928 1618
301 4213
6438 2783
5927 7563
2596 3761
6724 7163
440 6308
7514 3612
5750 6384
1324 4823
8928 9481
2324 4721
4374 3900
6800 61
1983 1304
7626 9569
6960 5018
8781 9866
5227 1956
9479 1123
5279 7715
2141 6611
7935 9855
1903 7918
3428 2345
4694 7072
5411 7465
5668 4685
7700 385
7391 9172
7457 7824
7007 2570
6241 3227
9191 7235
4361 9499
2973 7126
397 7646
7756 7232
5686 1570
5857 8573
1452 379
4375 5864
3320 1510
7087 9321
3300 1761
1659 1328
7158 4521
7031 846
4627 1043
5219 1832
3092 9086
6376 5969
1617 3537
8809 3084
5323 2941
4781 5734
9877 5660
5630 6206
1919 8332
9940 8459
5855 2236
1676 7217
4199 6755
67 7490
532 422
2907 5824
934 854
3938 7567
167 8418
8770 9175
546 7707
4265 335
8546 4821
8732 1508
9400 2943
6520 6269
3974 2166
1441 2626
8179 6559
1404 9109
1982 5762
6140 7028
8158 3545
6608 7699
5155 8454
1208 8607
2957 5585
3003 7073
7361 2633
3375 4742
8975 9448
1562 7371
6264 5889
6530 8090
1989 5001
2700 1096
2600 6512
8953 9427
8978 1247
7443 826
2238 2155
5101 2190
5816 8528
1551 8960
7296 5621
1627 8789
3401 9776
9853 3326
4573 2821
2018 5058
1210 7977
1304 1321
3732 8456
7326 3367
9144 8968
7268 3657
6362 6510
6761 8008
924 5402
3378 6760
4500 2688
4294 9325
2010 1809
6245 762
2479 3301
9840 4743
9187 9828
2368 9216
3307 9056
4611 9917
6036 3206
9988 3391
7561 1522
6025 2144
8039 1578
9574 534
5231 2273
631 2297
1751 414
7979 6783
1187 318
9906 1647
2970 8706
507 5073
5350 5589
7984 7686
4014 6361
8742 427
5734 1254
6614 6393
3865 7950
5457 3927
8117 2674
8854 4245
7315 1924
363 1477
1763 4531
5104 3447
7742 6452
2622 264
235 5561
9310 6772
1564 4749
5116 8861
3047 7324
6301 7869
1510 782
4680 1521
2715 6488
8478 7217
6062 5915
2908 605
9741 9846
3729 6112
1969 6827
4533 7319
8032 5881
6247 1395
9368 3969
7021 2735
991 8941
3223 5050
7032 5110
5211 7708
6113 8092
7469 3429
3462 1487
6759 3232
4191 2498
2497 8646
9680 2049
4373 3611
5496 4203
8096 7051
3785 3070
4188 6081
4809 2166
6267 5224
5000 2484
282 390
4933 1522
2439 7351
3306 4871
6280 473
2254 3434
1967 3320
5333 134
5200 7118
9310 9605
1553 4119
5914 8362
1567 3417
363 3372
2800 948
8510 3374
8537 3745
1255 2720
1199 8989
4384 1385
7435 917
6089 1960
3680 7971
3578 3361
2724 3303
3257 3341
2113 3488
417 2938
7446 4219
2492 817
5638 1620
3520 3024
9519 8880
5987 1162
3179 7862
9066 9194
9219 707
7641 9623
1672 5409
9828 8566
8999 1028
2966 1951
4848 3266
1112 4276
8865 6905
1485 9381
1834 3897
9318 8577
9585 5022
5471 628
9720 3107
22 8619
8540 2410
9029 8126
5607 5825
1451 6260
5069 7892
17 1777
7608 4303
1507 2315
3107 105
7419 5507
7798 9748
8873 5513
6341 5044
4674 8055
1578 5587
2948 44
8546 9961
9869 1585
1095 2698
1541 1643
8679 489
9478 8237
2973 1845
7718 1319
3887 6656
5620 3492
6307 3685
9184 547
2676 727
2218 1769
5675 2087
5439 8504
2148 6566
1154 2763
4131 901
652 5387
989 9798
1176 8839
7283 8799
2829 3736
8513 9256
9650 6168
8292 8761
4462 246
1514 1127
8241 1940
2612 7925
9471 6271
2924 6801
9521 506
136 10000
3845 1804
1651 8287
8176 129
5932 6716
9539 7277
2091 8257
7188 414
8939 6274
8669 643
4163 9413
9528 2280
1365 6297
8734 3831
8066 7366
6686 1210
4186 4530
7004 5407
1303 9622
3142 4826
6623 691
1482 8327
2032 1406
2655 3896
5750 1863
11 4279
9848 9811
5199 992
9706 3835
8742 6685
5433 1992
4834 6050
9562 2689
5766 8891
8861 9650
9171 5986
1488 7729
1384 8590
8095 1429
7226 9708
7993 6602
4658 3842
8637 2900
7702 899
633 4911
7970 851
2524 1363
2179 8746
3751 6091
9934 8858
7904 5635
1565 1833
1632 8023
5455 6927
5124 482
8028 1172
6074 4555
1563 629
3186 9936
5828 3473
7317 8756
7669 8164
173 9973
1010 73
235 603
4440 7544
96 8524
703 2105
7645 5785
5156 6186
1211 1796
7960 6317
5317 3557
2045 2396
9980 2534
9249 1639
4328 5146
7573 8665
5888 3271
4152 6632
1097 1348
1342 8017
7549 6905
3396 130
3740 6048
9318 9116
3649 6416
338 2347
4713 7750
2759 9665
7174 6701
607 3685
6393 9956
3769 5158
9849 8022
746 1786
8455 7724
3329 8923
8971 514
6240 1277
1212 6353
5557 2599
8277 7083
4278 748
1179 7673
9372 8285
8673 1543
9696 8264
6705 5675
3523 7905
1626 1704
4426 5163
6078 5798
1068 1809
4102 9876
9793 5663
4182 3957
1987 3119
6297 7498
2117 8276
8673 1971
2652 7511
9886 3841
9456 6030
6969 9806
1976 3052
8576 7935
7943 5325
4973 3460
4798 3399
5987 3381
3479 8109
5610 3391
7219 606
8344 3126
4445 6648
4662 1582
2954 5728
7148 2542
7578 5407
5561 3606
6509 1557
5189 6118
6923 2415
9044 1265
3539 1197
1842 9522
5639 1821
6929 5073
9836 6098
6038 1489
8367 3881
1359 558
2109 4011
5232 4321
4502 2632
4049 4034
2177 3832
8632 6134
2245 7634
8466 1788
8082 5368
4008 4080
8670 534
6068 2239
177 5593
3272 7934
4338 4964
3714 7653
1039 5053
9454 8588
5637 3404
1765 9819
5249 2346
8568 1482
2404 9566
748 6592
7428 8225
5483 9530
1122 6525
4418 4677
9349 5227
6302 8376
3649 32
3435 9941
6353 8532
3157 7891
7235 3246
9673 4509
6488 6781
5222 4598
3609 131
3309 7263
3483 6366
3782 570
8956 3846
6821 6408
2353 8665
1985 3024
414 1409
7711 383
2966 4890
370 6771
3355 5242
524 1
8620 7978
5762 1203
3919 4695
7189 217
1257 4055
4585 6806
4314 9263
6567 6790
5800 2460
5821 3168
2319 172
3760 6789
5791 9706
9314 9238
7668 2918
4285 794
1947 1106
5169 1349
5749 711
4044 3692
676 391
3511 7536
8434 7888
994 3883
8542 3095
6140 1447
1499 183
5035 807
2980 8660
7514 1063
3114 8113
4697 8415
847 7402
491 1725
3158 885
4158 2677
5951 297
8824 846
6430 1054
5210 9635
3169 6528
6369 2840
9895 7529
6508 3099
7608 1498
3086 4353
2227 6607
330 5979
8559 7028
7467 6100
4398 3693
6893 93
5004 9955
6219 1442
1511 7675
8876 7434
906 4388
661 3262
5075 7225
2201 4872
6660 4547
360 1232
198 3362
5259 6078
1932 2759
2118 9139
5114 2031
5039 3145
4088 7955
1710 3849
9771 477
4437 1629
2871 1623
2245 7433
8177 6995
4753 4252
145 3092
890 7887
9269 5760
5237 6135
6526 9978
8150 8346
3871 9099
1590 7577
5805 4957
6383 5019
4214 2275
7327 7938
2217 6974
2597 3380
8703 2524
8658 475
6534 512
1231 7908
928 105
8590 5843
1356 3885
8948 8849
993 2711
5545 4065
5861 3920
8719 5585
3436 5454
1928 6927
6423 5751
6397 4997
6027 9112
1926 271
8969 2881
5591 5969
8869 9111
5565 3078
5133 4402
968 5185
3861 9617
9823 5384
9543 2485
5271 3198
2824 6096
4820 4386
7858 5308
5439 4478
7966 8739
3913 9732
2239 6935
2877 9002
462 324
6151 295
8046 2759
6951 3954
2246 2009
9711 1709
8354 8274
181 3846
4628 745
6928 9228
5806 8051
8906 9938
2101 5437
9277 863
2776 3599
7377 2196
9109 2648
3941 8562
4930 6827
8407 2957
1154 2191
4801 9330
4973 4734
7098 1418
1683 6577
3976 2418
2091 9613
3578 616
558 4746
2894 8509
3878 50
2560 5002
6443 9003
1738 2531
1620 2383
7085 4290
9884 7094
643 1452
9233 8814
7595 4747
8707 3330
1495 3466
6967 2924
1498 9277
2205 55
7233 5399
5528 3834
3354 4665
3680 9631
4414 9015
5983 412
5295 5417
90 6530
1768 5135
1697 1992
877 1337
1465 9629
9432 9559
2269 3325
1655 6470
101 4626
2964 1889
8341 5777
7116 6201
5678 1831
4406 1272
9957 3347
949 5434
414 4283
2117 4510
7619 742
1744 8577
2367 854
8878 3233
519 7905
1668 3322
4404 3429
5542 7991
8334 1343
620 498
9530 9453
1456 3678
2937 9479
7152 6934
6299 1653
5131 7718
2857 7661
6147 1773
5272 1544
3310 1861
8393 1600
6679 890
1043 1731
9615 6590
8586 8358
3548 748
4731 1589
4851 6018
6096 1914
4027 9593
8279 6028
1281 7039
4157 9126
2606 6963
7013 82
3905 7465
7737 1818
6588 8824
8027 4162
189 7741
8968 1799
5491 7815
2896 7354
3005 5799
6433 3656
4151 1975
3383 6915
903 4845
633 7202
2186 4240
8490 7616
411 8515
2751 2631
8164 7438
8624 7984
9896 3297
6630 1273
9596 2622
5989 2476
109 7794
2031 5876
1497 8991
8582 7196
6737 8956
3976 7173
1951 1604
4483 7657
8297 7094
6841 6079
333 2521
8009 2568
654 8254
9602 5583
5115 7498
2418 8499
9699 7305
8042 4925
8260 9923
2825 1280
9708 1999
2525 6138
1225 7912
2576 4776
8344 8278
8146 9689
7313 6894
8610 1469
2336 3023
4959 1787
8044 9736
450 7356
2961 7644
2472 7343
8946 3203
2319 9104
7913 3885
2147 5768
4936 4856
4440 9491
5502 4099
1376 2693
460 1778
7316 8998
5710 6750
5758 7221
6928 766
3866 8690
7682 6003
4890 6
5664 254
2572 2645
1804 861
2360 6843
6930 7230
1981 735
6180 7483
6904 7733
9086 3005
9614 1279
4185 7519
138 2493
6152 7316
7192 5148
5867 3837
7427 3413
886 8367
87 5357
3085 4040
3303 916
4520 781
4541 6682
710 7324
895 6498
1162 1440
4299 7048
23 3521
3510 3876
4720 3165
6742 7462
1720 7926
2601 1946
1767 8559
2682 9314
7259 4879
4157 5449
2273 71
741 1637
7156 1882
3579 4667
4715 8958
4961 6347
7731 7122
5470 4916
282 5940
3195 9055
374 3145
934 6535
3981 5765
8226 7058
2676 198
1418 6847
6569 7103
7220 7322
8565 9708
6891 5692
7479 7711
9744 2320
7209 7609
7588 6720
974 1800
842 5579
2770 6125
6771 5181
4920 849
1692 6639
5131 5916
3544 9231
1387 7975
8427 7541
8555 6389
8540 4699
2533 9136
3597 7384
7698 5660
8924 4202
9213 7395
4493 9713
1818 4969
9008 5883
9059 5990
2882 3769
5961 4893
9599 1742
4112 2227
5022 3196
9444 4143
2431 41
6417 9852
4447 5075
4647 1890
346 1757
1354 8844
8272 2240
7651 5068
3897 951
6284 7892
852 8921
4686 9476
3187 2917
4271 9665
5780 5753
7153 7425
1682 5353
3478 4869
2669 4481
7881 7905
3275 7418
895 7738
2397 8931
1673 6117
64 1557
8487 5722
365 4203
966 6090
5203 6095
8972 1495
2730 888
6343 5204
4115 6278
8988 8908
6950 9650
677 6850
6588 3432
7184 3417
4600 7877
4496 8921
6978 5615
4103 555
3022 6470
7195 2768
2043 9467
2987 6797
7552 4302
5913 8675
1160 7176
9716 6007
319 9221
9141 7623
3937 6827
2894 655
1653 2960
1382 2653
6394 1494
2027 7406
524 1429
1524 522
7685 6808
3258 8589
4040 6153
8967 37
6249 8043
7363 8003
5299 9635
2991 2926
3539 1059
5175 9287
8500 1624
331 2949
4571 4856
4648 8701
8674 3960
2452 6348
1863 5989
789 7106
4583 6290
5804 3286
64 3709
6761 1648
8780 2324
9226 1368
2602 3777
8841 1099
2734 2703
8395 57
8898 7817
7103 3410
4193 1554
8592 9524
9274 4063
7660 4893
450 8637
4104 7832
5239 1439
7895 1865
9322 2606
190 5187
5975 2873
7307 7783
9477 9480
736 3894
7678 1420
1604 1767
2946 4397
6193 4812
7311 6740
463 2871
2380 8395
5391 4396
2639 6267
8412 8781
8488 5554
4905 9054
3366 5734
1042 2032
6749 7978
4409 2411
3053 4235
6596 6131
5003 835
7551 1774
7467 4798
3141 3325
681 3206
4695 4092
1958 388
3823 5836
9659 8660
5698 8537
3657 3407
8033 3552
2137 3751
3746 4826
8225 8564
6638 8236
9892 3013
2966 5987
1092 4595
1674 5860
9788 1470
9187 9442
1623 161
9189 792
4629 9810
7886 9656
4537 6032
7812 464
627 7834
6405 516
5656 4618
2263 9740
7107 8847
6939 5521
2119 5185
7431 2616
6189 5815
9582 8347
4944 1658
1068 8644
7442 8828
2261 1873
3656 1944
4885 6214
1356 5964
590 1064
8514 8563
8430 1342
531 9725
2275 2863
7911 9442
6528 3343
6357 6645
2636 9428
9212 3468
1223 265
6459 1563
4417 9857
4867 4112
3521 446
2257 3612
4581 2739
2717 4703
2599 5582
4373 270
2833 1609
8595 8711
5040 3885
4958 672
1215 2208
6018 5423
8747 1656
3341 5960
715 9810
7299 9398
8564 4364
4408 9762
7209 5956
6406 1062
246 6913
3568 4077
9100 1970
8098 9503
5186 3823
1067 8497
4704 1315
8265 4939
8687 3961
5839 4092
8135 2964
2881 2483
5864 7908
8991 1116
2905 7327
4449 1808
9012 3589
8695 2092
1156 2618
6154 3417
9194 9285
1225 1094
5811 8865
6635 7565
6338 4002
9540 4500
9291 6785
3262 453
5391 5201
7391 9442
8562 797
7524 584
4952 192
1684 4566
6955 1793
6998 5225
2998 7488
1469 7798
2903 2899
9923 7885
9483 9317
4241 9127
1443 4833
2742 8663
1812 1483
1808 4244
9759 9677
6918 2321
8824 6730
8194 8887
295 4781
626 5784
7341 2037
6085 48
8693 8518
2738 9566
6558 1723
9247 4744
3616 6318
7672 9179
3525 1574
6864 9121
2491 7988
7110 4153
6377 4945
7237 5025
5571 5267
6200 5069
8510 7023
1766 3254
6270 6038
6575 8545
2894 2284
3577 5373
8403 4831
182 7445
1386 7438
8564 3118
797 7352
8709 4165
2622 2826
452 7594
3896 9442
3212 9420
2511 6215
1851 3675
767 1699
5496 9449
8497 4210
5939 1933
6393 6763
1803 4100
6874 1439
8841 26
4156 8113
9674 9245
4347 7844
9052 7533
7145 3974
488 2997
4877 3084
7052 5936
2851 4861
8729 2713
6998 5400
7755 8917
1646 6489
9556 9657
6765 6601
352 2116
7998 4634
7001 8679
4425 6030
7802 8828
9155 8892
5453 9080
8597 2543
6061 4171
9644 9867
1992 921
5358 3548
7045 6542
1069 3512
4242 4079
1167 3888
8125 4989
9465 1269
9202 4342
4888 7061
3987 8586
191 5306
6738 2836
5890 3883
5105 8700
1824 8837
3981 3637
7567 8113
9420 3920
5757 3156
5453 8422
7438 7779
2385 3818
1608 8167
8277 5948
1444 3326
7443 9177
5400 2206
4471 6846
1105 1266
4428 1385
2136 4083
3250 6369
9916 3328
2797 299
1324 4066
2291 7742
929 4858
2600 7412
8305 6727
6604 1387
1354 6376
3334 8404
5982 8565
8691 344
4597 1287
9242 3039
5119 9828
7740 3452
207 8697
5666 1590
1491 6897
335 9981
8215 3977
8083 453
4803 1395
2338 2820
29 3449
909 4223
1573 7557
898 3018
9474 5795
1721 6698
9058 517
2065 4940
6083 6584
2912 9674
282 710
7345 8938
6301 4442
3708 5921
1025 4582
4694 1558
2032 4652
7204 6842
6561 6151
677 6655
9771 2455
2567 6912
7389 8448
8418 2268
6813 3139
3616 603
2959 5219
9002 4397
1473 6294
2767 6095
9755 262
9955 5836
5539 1337
3586 9156
1410 2952
5370 4938
1462 236
2474 9824
4021 9067
7892 1638
4371 3158
2769 7193
4775 3101
452 3695
5305 789
8294 499
7180 7819
4263 8737
8802 2789
1533 3904
7187 957
3193 7696
9077 1955
9010 9911
1530 2521
9957 9898
8892 7892
5900 2954
5509 8292
8362 8829
8610 4391
2568 3049
8159 5913
5690 677
7383 2832
8999 2906
8561 8236
1462 6709
841 8108
3925 3209
3695 1716
6382 3451
6340 7259
1081 1433
1297 3865
5978 1434
9837 453
9968 6735
3907 5068
8396 6462
8449 8357
1313 9237
9527 7431
9634 2038
135 6749
3179 4257
5616 7486
3914 8004
5375 3470
3222 5391
2677 4308
2082 1057
8758 9256
7912 8315
9162 4259
3049 8828
7109 5806
2676 2190
1006 8857
9094 1453
557 993
3840 7783
4919 3974
8469 2843
6360 4340
2555 8601
2991 7888
1712 9597
7382 4472
5322 4761
4678 5749
7863 3140
2664 7942
5513 399
754 9876
5189 8549
4336 7017
2739 7590
4091 2133
4893 6987
1526 9190
3257 6782
2748 6359
2915 7435
6334 9640
4705 9328
9314 350
5950 8649
4048 890
8748 124
8070 2386
8586 7951
7416 6739
2009 1274
8170 9685
7957 5098
4014 4508
183 8906
7646 7658
2756 9508
8768 346
5775 4084
1547 7520
476 3385
4547 1449
7422 8236
4185 5019
5388 3973
316 2581
8330 8115
7039 4405
3129 1278
6284 5544
7844 656
8452 7851
928 1392
4338 3912
2445 1439
3586 8143
3635 9842
6882 3215
2730 874
5678 1751
6193 8942
1744 5288
5788 188
2645 603
779 6623
9307 5199
3610 9205
7224 8011
8436 1712
660 5151
5843 3235
4128 6993
9945 5338
9389 2752
3458 8825
9327 7104
5034 2781
9391 3535
905 7188
9317 8422
6249 497
7750 4404
8708 7326
7165 2299
7279 1420
7074 8047
8695 3720
6317 7503
1069 6985
9073 1199
8544 8541
4399 2824
381 1328
8218 7493
3002 791
5140 3821
7617 482
2558 377
2798 7376
9891 5478
5521 6343
5030 2799
6063 740
7277 5149
7009 896
7325 9703
5346 7730
7060 1976
1825 9558
2580 3987
8830 8127
9658 7467
2492 8052
3436 18
2222 3926
5917 2118
9995 8185
3849 8952
4470 5967
7540 5410
3897 4529
880 5200
8947 8499
2372 4519
5271 9607
9468 838
2951 2692
4083 2422
971 2662
1011 6936
9420 1162
9961 3874
8570 8794
2052 727
8380 2551
8503 7184
1633 8140
4021 6238
6867 5668
6220 9555
7071 88
3076 1766
1923 5981
3712 6707
8797 6256
8786 2404
9295 5495
1202 7691
6787 3253
9974 5622
5890 7634
4214 2338
9389 4899
1210 1332
1084 6342
9506 9940
7956 9895
8655 114
8559 5485
2899 6017
4612 2569
3238 4028
8172 9735
6959 7864
414 2135
9406 5590
9552 8440
5268 9799
7669 9572
3473 3400
8374 4359
5417 220
2673 5552
3436 3884
9115 139
4374 940
6163 9719
7573 7099
882 712
3080 4983
3487 6348
6095 9067
911 1373
7185 5498
7660 1215
8171 8014
9716 4356
6434 2322
8750 1813
6602 9591
7637 3336
6788 568
7046 7705
6478 5115
3857 8191
7615 6478
8508 6009
2757 1223
8735 2599
341 6944
3971 8254
5679 4940
9480 5555
4889 5398
7253 2117
1583 1926
3503 7972
751 7417
8501 9463
5154 4971
3103 7331
1784 844
1918 2381
5714 6618
3190 1687
10000 2933
5565 5832
9193 2387
2529 8561
5261 3909
5965 8707
205 662
8327 1413
8676 1448
8328 6933
4836 3462
5581 6414
5379 7876
3065 3234
7106 6884
730 9832
7276 8882
6251 8038
217 9211
87 2031
4558 2073
9488 6360
3433 1733
8690 7908
8508 6686
5806 8636
4951 7403
7850 7176
9414 9489
3029 123
3247 442
2389 7427
7365 4841
9934 244
5598 6853
9568 7465
9079 5167
7603 1379
8093 3893
8043 6009
8871 225
8413 4757
1748 1454
2356 1377
9276 6797
5977 8044
9131 3312
3770 3105
4456 9343
3149 9926
2732 1705
7102 4804
9046 4330
1558 5999
6475 8285
3423 3046
5218 6202
148 9339
5836 3243
9972 6200
192 402
1077 7710
2712 3548
5191 7378
8137 8451
758 4227
4124 245
1158 6012
9726 1064
1277 365
5505 3443
1165 5232
7703 6203
5130 1433
5906 5117
3766 6924
8989 8400
8843 1751
8892 4802
7436 236
199 3073
4840 5830
3041 153
9159 5445
4736 7711
1689 6843
167 982
2041 2437
7017 1063
7650 968
5525 5654
6327 2265
6676 6523
2258 3551
4592 6921
6501 5471
3358 366
3708 4359
9785 3734
7682 2771
5039 1158
3427 8218
8161 9976
6331 8439
623 7036
2410 3212
4673 2592
6772 4957
935 5905
7831 5214
2970 2980
2061 6454
4875 3601
3431 8231
2128 7061
8191 2909
4696 7758
972 8943
5462 4350
3022 9087
4589 3865
2720 9735
1645 2448
9283 4147
1626 3350
9402 739
1684 9168
65 8223
9288 1161
3114 3450
8019 6751
2155 6348
4954 8106
439 5589
2098 2432
5328 3567
8096 6262
3747 4364
5098 229
8702 6845
5060 3287
4900 6698
9257 4454
7114 5638
1976 4148
4229 4069
8789 744
6826 9893
596 5660
3329 7658
5665 6486
217 2272
4842 704
7835 555
5175 4612
9055 4935
8071 6089
1467 6283
7266 9968
7219 6126
1789 4354
7476 4799
2814 2946
6736 201
9179 5265
3237 4686
9436 1511
2948 6674
1102 5907
8079 9289
1804 7778
9072 3412
2406 641
9361 4076
8540 857
4955 8710
7066 8760
1359 5510
1688 5586
5155 243
9758 5890
4061 7941
711 7306
8714 1084
3956 5689
6234 6809
9400 8835
2938 8816
292 6591
5895 5945
9748 6075
8176 6488
9885 5107
9079 2805
2345 940
2724 5899
9338 4261
1622 2907
8719 1725
8345 5383
649 9140
9708 8849
4114 275
5189 3571
6449 1234
9610 3266
2690 3222
7280 3913
3543 8524
2607 8994
9857 4539
9922 1429
5478 8421
6961 4192
4102 1616
384 8455
4838 3419
7331 5484
5399 4368
1102 8845
8781 924
3717 8831
8447 4664
2128 1830
8905 8077
9985 910
7200 668
3748 4658
5574 892
5833 2334
4525 1265
5555 6421
5283 3094
7562 9288
770 9885
2400 5942
1596 4985
7479 3674
9133 3842
7572 6786
9251 3972
9854 5856
83 825
2583 4143
7192 3324
206 3349
4377 7186
2815 7160
9827 8364
4132 5453
7872 12
5092 3650
8312 8462
952 3776
2410 2817
6816 4777
8262 3141
8773 159
9426 8959
3955 1099
7469 9371
5974 1344
4943 471
8502 3979
4316 9047
129 5761
2414 1051
5959 6497
9873 448
2907 3867
5933 3493
3144 2714
6975 3811
6278 4590
9143 4129
4862 4248
1504 8847
9201 737
7141 9098
5105 7425
3999 6860
1472 3667
6884 6023
6226 222
1604 4220
7652 9488
8501 2690
3829 9400
3175 8798
8480 7
2166 6855
6601 6535
3211 7230
69 6196
5073 2284
4188 6924
7643 1726
9135 4556
5061 1717
1043 8888
9364 6114
1223 6827
6668 236
7858 2637
8562 8346
6345 8820
9865 922
6039 4044
5629 9613
7705 6915
8110 5570
9652 6125
6086 6825
3050 5586
9988 1085
8274 5431
8313 335
6604 6216
8653 5566
6827 9628
6173 5304
6163 964
4875 3166
3645 4878
1949 9691
106 9636
6617 3277
8056 8006
2342 3034
7638 6417
1685 9846
4083 2474
1418 7561
8445 4380
5059 3710
2468 1490
607 6291
4196 1196
2293 459
2813 7973
7737 44
9120 224
395 9384
1155 8932
1121 2041
5743 1532
3244 4841
6042 6599
4298 8215
7237 8136
3525 432
1512 3149
4093 896
9087 9838
7177 5788
2647 2785
2213 2979
1479 3688
46 1679
8590 1661
8178 2639
7989 3426
6680 8766
3326 62
5049 3244
4151 5792
1000 7297
3724 3951
5764 1132
2185 1562
4878 7242
5925 4521
442 79
2269 8307
2748 9345
4929 5903
2243 3077
6800 6355
6661 3749
3038 8361
5694 242
1345 4976
1658 2446
8181 376
6283 3357
1277 5538
8333 5651
1675 9587
8889 323
1884 4627
1271 1594
9064 5391
1504 6751
649 6770
7270 9387
579 5799
4716 5709
5530 6767
592 5076
446 5942
7506 2630
2278 6647
4009 5336
9926 2616
6911 9190
9127 3768
4668 4225
6656 9131
7062 3153
7763 2820
5987 5722
4222 267
6801 515
8860 2772
3599 2034
7558 8889
3674 8399
3107 7942
4025 8442
8273 4188
8938 9093
806 7626
8546 5274
5683 3839
2496 2378
8656 5311
7133 6751
1688 3963
8620 9541
5622 2899
3454 4350
3153 5287
857 7230
4448 2800
6069 7545
621 5975
9686 7909
4383 8936
4435 6679
6779 6891
2557 9836
7069 8971
4355 6378
9955 1785
9985 5373
821 803
5760 573
4632 5957
5415 9138
7303 7207
2631 746
9805 1355
562 2993
7147 5246
5482 8293
578 1747
1559 8478
1947 1509
8630 2488
5728 2269
477 516
4864 2625
2652 6645
1175 5044
8060 9066
71 1602
6650 6600
8954 9756
1569 3271
7688 645
5835 4255
1209 3518
1956 339
4191 4901
8608 1075
2933 9004
3331 2687
8988 1745
3887 2676
2075 5705
989 1108
820 3024
2955 9862
1922 1057
6354 3585
9394 5009
9791 4153
8867 962
4173 6241
5345 6767
5909 6605
36 1575
826 6422
9735 3776
9972 8770
2677 8542
3595 1651
107 806
8972 780
7774 5684
5659 3680
1576 5258
5212 5671
1879 6911
3787 743
809 8602
5629 9667
524 4419
3040 2700
4220 802
8569 7014
1876 164
896 8857
5893 1347
7414 8483
1028 5125
6680 1655
8294 3775
1868 753
4394 2478
6166 5759
2398 9588
5602 3237
7183 9358
465 7190
8393 3162
5948 7775
7493 6895
6801 9299
5435 2809
1856 9901
1816 4958
3289 424
33 2722
7450 9623
9758 5344
6238 9762
6126 1040
1581 2125
5777 9093
581 2219
6426 452
6927 5252
6698 3525
5804 6302
4508 979
9924 7050
1540 12
1071 4645
1464 9854
9181 2293
4199 2285
3067 6633
1843 4501
9165 6295
9031 3224
8542 8246
2546 6426
5989 3097
7994 7983
3644 3218
8918 4920
7357 2446
5249 2074
9925 1943
5625 1110
3815 4152
5868 3174
3170 6193
5296 8985
675 7155
3235 1933
3033 1264
9399 9166
8350 1407
3573 4590
5912 2664
6116 5939
1534 2346
2620 2886
7160 5372
8731 9285
2925 3002
108 50
143 1124
903 6183
1048 3413
5745 5107
3361 2603
6121 8557
4341 3907
8713 6800
8484 4559
2937 2742
4865 8359
6214 8364
5580 4151
4239 5104
9660 9813
2454 684
541 941
2129 3946
9354 3651
9001 6481
6594 7832
4005 7725
5581 838
7363 2244
704 7892
1982 37
6050 8038
9358 8080
498 5133
2163 834
1642 8182
8470 6935
2543 8255
4658 9433
1507 5520
7251 5845
1847 8399
1907 6551
1294 9601
6322 8454
6897 6609
9030 2481
2363 9395
9028 2055
666 9591
9011 7126
2797 4328
5186 326
601 1715
6639 419
4586 797
8437 4449
1871 6663
4515 8005
9636 8189
7674 7467
5425 3154
3431 6246
5283 3864
2905 6565
1364 2598
3216 1190
3386 9416
3682 7126
2957 2199
597 2984
304 1494
2387 1145
8221 2718
8585 5279
1157 8994
309 5348
4481 3610
4912 4557
525 7865
4768 8536
7356 6168
611 1999
4740 2541
1402 4876
4666 3507
461 9190
6390 5693
9267 2144
8998 3748
1537 1194
554 8329
6128 5638
5450 2382
5743 9884
5147 1974
7753 7009
6603 1979
3063 1935
3866 1171
5055 3533
8788 6690
7348 7158
7075 4432
5726 5811
5603 5740
6995 8642
9465 7839
8766 4158
7651 8415
4958 46
2665 1881
3662 9272
5003 7759
2181 7171
4404 7869
1860 8689
7074 4641
3766 663
5632 9891
9234 3318
4203 9156
8585 4591
6793 3794
6647 8546
7912 2764
3140 2986
3940 1123
5969 8707
77 4819
9242 3213
1271 2494
9737 6372
7938 2156
4004 2586
1923 1052
149 873
1605 1607
269 8686
575 544
1861 8270
3436 9911
6356 7774
9135 3411
1402 3184
5758 4045
7146 2984
5962 4980
417 483
7665 814
8979 1062
3319 7076
7379 2299
6999 9118
9977 1956
3477 1130
3493 9906
6789 4870
8525 9847
1558 5192
6865 7832
8759 714
5141 981
303 3876
2957 2109
1486 5478
8799 2771
2260 4338
5139 7690
2641 8260
3715 7506
6640 3165
7068 2695
6245 6322
1574 7503
3326 8697
559 7989
8869 1745
2378 444
4529 9361
2383 2750
832 7811
2503 8906
7101 2439
1903 9492
3214 8863
1019 6165
5359 6959
460 419
8524 2552
5386 5175
238 9138
9197 9762
9619 9495
1232 4137
6080 1458
476 6293
8810 724
8477 9699
7398 8419
7180 9125
4260 1562
2115 1008
7027 6332
2077 6839
8671 4225
4130 2875
7317 3396
6376 6516
5741 3838
9077 4125
7213 1149
8332 5802
7285 1950
3652 9079
3804 4343
3105 9092
6340 4596
8489 5616
158 6154
6137 4345
3240 7731
953 2309
7303 9024
1664 5226
5160 5104
9109 3719
3868 5222
4370 1679
546 9825
925 2799
2164 2142
6837 1017
1901 1812
4084 5182
8764 2784
3175 8271
5810 9377
5316 2643
8098 9287
6275 7441
9258 1860
6420 8638
599 938
1667 3875
1365 4440
4352 2906
4159 4731
2551 8362
2318 8652
3553 5850
9594 8162
1898 5275
6661 6668
6366 2665
1390 2394
2767 334
1705 2795
4512 3297
1884 8250
9386 2566
3374 7188
7595 6576
8352 2233
7655 6101
6967 2183
7952 1969
7656 6713
1012 7656
3675 4433
7285 5530
9184 5120
9947 9265
4747 4376
1713 2496
7874 6930
9835 4797
7715 8063
9574 2829
4563 4293
106 7187
4146 3026
2363 9753
9002 8546
608 7857
862 7427
3613 6799
5450 9755
7334 3470
3568 9231
1156 6131
1788 4104
329 7690
5332 5583
3109 6448
9788 8434
7986 260
5237 8307
6853 5443
6819 7152
919 8591
6408 6562
8260 2849
1522 9262
3201 9721
6464 2676
7790 1511
4100 2417
634 4376
6878 3751
913 819
4921 291
2343 6220
4261 2569
4952 4679
4921 8757
4127 8251
7412 801
7085 9445
9776 9003
1460 1366
9208 7722
7468 9365
350 4137
3926 6518
4074 5628
9392 5910
7088 1181
666 7540
8423 4086
1525 3512
5613 3891
7945 5839
2028 3246
533 52
7742 2630
9373 3714
4102 5
7893 4846
6203 8160
4248 2504
1273 5829
5817 9781
3942 7642
8256 3236
3403 8797
7286 8890
7625 1551
5130 3590
3968 7975
140 5600
3026 1192
8025 4276
7942 9950
7264 2212
8067 9005
6091 2093
5388 6286
7160 508
5257 469
1389 1942
4688 7854
8640 2308
3151 9985
7896 1287
2940 7904
5944 537
8505 6160
6455 9112
3452 7710
5718 4674
5471 8888
3249 6825
9983 949
7081 2183
2876 2173
7488 7955
3555 7637
4657 692
6056 5344
4027 9600
5518 9884
7738 6183
2933 3088
8626 3821
7955 5837
9745 9546
6363 4249
9841 5810
1713 4026
3828 4051
1817 1960
7688 8740
6567 8154
8045 6256
9198 8356
7961 8557
8884 7893
2962 3832
730 476
593 8929
2153 565
7982 5409
2489 6890
4956 6836
1836 5968
6625 9168
6337 4857
2976 2862
3555 5142
756 6369
980 3393
5972 8305
2856 206
1022 1680
7314 9899
7984 1107
3366 116
1833 9505
3967 2215
3296 8201
9461 8454
71 2645
124 4252
7923 416
2387 9326
5332 8234
5393 8782
2715 9911
1321 1711
1508 418
68 4072
5492 4583
8994 4176
5145 6723
2270 4018
8777 7417
7909 8940
4094 5118
8712 1524
5616 9654
1554 1924
4420 7497
4859 284
1361 7244
1365 1378
753 5640
2223 58
5382 9687
93 1771
6330 1429
9944 2718
6383 1287
277 4963
2880 3498
5538 8910
6480 1899
864 3820
6158 3937
7694 6523
5745 2573
5047 3095
5758 5302
1661 2263
2578 8798
3277 1201
1941 326
3173 5714
2142 3967
8369 2228
2957 9242
7297 6028
8908 9798
8244 6887
6970 5927
2012 6967
3170 9464
3598 2771
6046 6213
6405 5754
2574 3899
9701 5108
6382 444
5865 738
593 1366
3101 9537
3597 1511
2540 2477
2962 5148
8380 1723
7164 1944
2781 344
935 3410
338 4134
8150 8212
8610 2781
7812 2502
1186 3614
8613 7825
543 583
1870 7503
8092 4876
9089 7564
6373 7857
1325 6017
5842 4255
7704 2816
6332 5068
2001 6516
288 368
37 4061
7516 4574
6963 4954
1386 8449
3207 6867
6671 8326
9929 9089
3646 8866
5640 805
2018 7102
6644 4610
8906 2717
3336 843
6765 5571
3468 8826
7706 6355
7272 2685
1509 8518
9225 3471
1155 1999
3797 954
5967 1939
6561 9190
8918 238
9075 7597
3364 4380
1600 6537
7805 4469
7475 1574
2827 5024
6941 4378
9740 2559
4620 4111
5607 4562
6702 8699
9298 7421
1528 263
9937 8492
8969 8354
9946 4641
6537 999
3407 2723
378 9273
8318 3996
7325 4838
4343 4070
2485 1966
4433 6789
9900 7163
1881 1209
720 6832
2849 1086
6762 8162
4465 958
4235 1903
309 7953
4374 9681
6990 75
8324 6528
926 8420
2022 8043
7392 1062
5755 6913
5334 1016
9210 9621
1212 9554
2829 2938
2328 3625
5086 2780
7873 6285
4691 6652
5329 1694
2145 8812
6803 9826
3019 1313
3610 8989
7153 8393
6880 7149
3325 7181
2154 2679
6315 9855
9846 206
6689 9532
168 2741
2910 8858
1607 2277
2085 8375
8193 1925
2777 7262
517 8992
7925 969
3468 4456
8702 7475
1698 8432
9019 1069
1908 362
8367 5417
5995 9734
8651 3631
278 3589
452 2101
2355 2642
8114 5379
2953 7348
3506 9520
2715 8077
3170 9685
1678 2274
3949 1270
8385 2944
5529 7800
1238 7424
8132 1154
9516 3638
4880 9720
2553 5932
5841 3806
8837 9111
4582 9171
572 5631
1496 6710
9823 7884
7482 388
1704 7657
949 89
275 8986
4475 3425
3353 8067
9923 1474
3866 7607
65 4772
7229 136
5451 9795
9737 6132
6543 833
6912 8795
5381 6232
5214 701
9994 7232
2784 9006
7963 5067
2258 9969
4650 9665
4895 125
8907 2135
8241 9885
1292 6808
1365 9567
8640 8772
7576 82
6163 6750
5902 3651
5048 8742
8699 2332
1952 3384
9000 593
2847 5371
3951 4894
6884 5028
875 5477
378 471
2023 7360
1733 2750
4222 2631
3441 740
8379 8173
151 3859
7700 413
7046 4653
709 2630
2777 7375
1684 8593
8287 6060
8436 5591
273 487
4827 7951
8179 7857
5421 2671
1326 5056
3752 2501
1582 3399
5583 6120
4083 1941
7808 4473
2245 3693
2 3129
2296 911
8077 9431
5603 7055
7477 4115
7034 2096
2469 2408
5768 1618
8237 8614
827 1455
4599 3843
5849 9061
4083 8574
8058 2390
7808 8279
3240 2062
3250 2674
2306 7410
3770 486
8188 4498
8048 3961
4813 8258
1033 8403
1541 8123
2433 4987
5101 4148
1781 1438
3483 4569
2927 1151
3771 8322
4553 9835
9167 5857
9405 1942
7907 4324
6746 4616
2125 3586
8466 2033
9195 6740
2921 1553
7130 663
2211 4620
327 7347
5489 9241
2007 3338
3863 6717
4241 9284
5925 5361
852 1306
5771 7419
2749 7979
8616 4526
5557 7886
5752 9536
7803 6603
1804 9715
4395 1481
8426 1260
297 9184
6208 2830
1031 2225
2846 6972
8236 6851
5423 4492
7083 1264
5326 5961
4792 9544
1974 813
3587 8728
8088 3613
4061 2206
2861 6380
7797 6475
3233 1779
9247 855
6177 8024
8986 8650
5236 334
2508 6531
9477 4552
1074 6341
2015 3675
3595 4026
1840 5145
5360 4569
9261 8468
3784 4853
3296 5574
7580 8372
3981 1010
9169 3214
357 1614
8340 6578
5133 1190
7828 6023
4774 8531
4754 2129
9191 72
9608 3314
898 8959
966 3496
7908 9970
7012 5255
6136 7705
223 1455
2157 8439
3625 6895
98 7770
7713 3843
5856 4783
1271 8579
9847 8950
7233 9604
5250 1331
8801 6253
5497 9081
1646 585
5580 699
6130 4149
435 8664
1435 3039
4251 9921
8633 9555
3261 1028
115 7622
315 4038
4758 2924
5538 6676
7835 5117
2313 4192
6333 3468
6617 4706
3589 489
4791 3280
1739 9583
9902 3682
3456 6599
338 4073
3218 5128
7563 1329
1861 7842
9551 4003
7427 503
5634 4345
4185 7326
36 4032
9477 6277
2173 2362
5198 1932
1415 6226
1836 9352
4985 5375
6905 1602
9621 6736
9568 1425
9766 623
748 5649
94 7322
2921 6767
6477 6443
4954 7565
2206 8350
4525 6505
384 8083
104 8169
7394 797
1069 3832
9577 3417
7658 7949
1880 2699
185 8140
6613 3520
3887 2211
6569 1308
2605 8260
9170 6085
6110 6881
9825 3323
4197 1102
5793 2767
6684 4052
8208 2531
821 1463
6260 5356
3733 3094
7748 1854
8222 8721
9461 9995
5649 7614
9186 4567
6277 6199
6415 3487
9513 9261
4135 2760
6805 7449
4910 6670
6462 5121
5374 146
7650 4623
3654 8031
8322 9564
3314 405
9926 9644
3739 597
5173 3438
9482 1817
7073 570
4559 4247
6918 6491
5838 4431
2944 9218
983 1454
6347 5177
1842 3202
2986 1223
1731 6450
7518 6965
675 3687
3480 5081
22 8974
6579 7852
1481 453
6947 6003
244 9044
1188 4393
9247 9245
1730 5364
9536 6987
1241 6421
581 2821
3338 9228
2152 2532
4276 740
6516 9224
6675 9715
5790 3246
7733 8931
2244 9633
9009 8148
9049 8688
1189 9866
9795 7508
6789 605
5529 6014
5263 2208
7267 8107
1908 6800
8406 7824
4967 4772
7720 6376
9685 5490
4544 8909
8316 5304
8956 2355
7990 117
7008 9498
3063 1463
370 4929
3348 438
3522 5156
9919 2827
4027 6998
5699 2223
9 2802
9713 4963
855 180
5588 8682
6829 3468
9359 3937
4033 1894
7196 28
2569 9979
9089 2970
4609 79
5691 8896
5899 3407
3390 3483
5058 583
5381 2477
7279 2955
857 9932
6168 7489
1898 2093
3396 71
6499 674
4692 7481
4199 6746
7462 2646
2804 1871
821 2018
4086 7983
5286 7587
8601 7540
8225 250
6441 8685
8035 8007
753 5920
7183 6370
7640 4038
175 1253
4133 1708
8842 9757
3159 1242
8490 4072
7176 7837
8117 3768
6997 4702
2128 2378
6399 7811
6120 6027
7993 3415
127 968
550 1134
3484 3877
3870 3983
6938 8031
3620 58
5426 5344
4661 1511
5259 1204
7566 4523
1586 7520
2773 45
2813 2942
1608 6446
7597 9047
1734 708
4990 2411
1751 703
8287 1791
8883 7508
519 418
7408 2202
3460 5368
3899 8929
1543 2768
3120 9118
2238 9254
6724 1367
5905 8549
6191 8199
3372 8336
9421 8397
6595 3788
8779 3493
3209 6392
3749 1260
4530 4534
9575 9313
7330 6407
208 6106
4834 7758
1383 5018
3906 1496
903 4013
5163 4273
474 612
8415 9782
6175 605
9361 5405
9190 2657
4886 9194
3893 9398
9215 1485
4087 7950
3408 4346
9706 1786
620 280
7850 2933
4783 7113
1694 7857
9247 7761
7048 6041
1944 1859
3376 3683
4804 3907
3449 5060
3271 5660
971 3848
1068 197
5258 5379
2221 6105
2008 7609
841 438
9915 5032
2074 6073
2144 9241
9939 2785
5937 5871
3053 5304
1776 2637
4438 7015
7192 4538
3302 9353
9393 2659
4312 2120
457 7354
5159 6306
1918 6374
1679 8869
6077 9294
335 9187
9084 3023
801 1067
5130 7748
61 2323
8012 1310
4279 494
1570 4655
2874 5893
2239 8318
545 2596
6435 8394
814 9491
589 6121
3555 339
4597 5782
1817 5712
3375 4296
1904 7278
3254 9099
8479 5044
1052 8982
9612 5124
9218 9012
2472 3668
8967 2062
9251 9762
227 3608
3957 4940
5032 4195
978 9435
8178 2667
1609 7726
7605 6301
8869 2866
8025 5865
5833 4051
8917 4882
9374 3489
9377 7549
6363 6773
5182 7563
7063 4120
9661 2711
2903 2112
1668 4661
3538 8144
4437 3484
7101 9147
2277 9496
1294 1602
8337 6925
189 2730
2938 8262
2968 93
9855 6175
9633 2352
3075 6314
2912 3440
4582 9791
9369 6270
9158 5060
860 6564
849 9224
6824 3034
7076 4103
8748 9062
8684 7189
1300 8901
8029 3485
3725 1000
4637 4105
634 8227
155 3312
7859 9918
2040 1028
3886 3384
4223 4529
5094 6218
6382 8616
3468 6191
1649 3674
280 3531
8711 9369
6297 5784
5145 898
3142 6379
9127 5794
1220 7131
9442 5824
277 2949
4967 3188
8772 5012
9495 8564
4914 4118
9824 9809
3783 2668
7265 9576
7210 8115
4118 8113
1189 4847
1661 1069
209 3716
6653 8391
6397 4670
2690 1166
8246 7618
7178 3166
9114 5577
765 8038
9077 8711
2739 4901
290 7932
4945 2286
222 5935
2999 4947
521 5174
3921 2059
5123 2517
5083 3497
4069 6874
1155 9584
2039 6590
4517 469
1747 8268
6902 2296
7113 26
4721 8595
9411 2861
5517 6611
5300 5545
8647 8371
9898 8961
9037 8401
1536 3451
8833 7311
336 9174
7421 1523
56 173
6602 2627
3104 8865
7569 3626
9319 5851
8105 2205
3330 1872
184 4844
7623 6344
8137 544
8330 5624
2491 9697
6878 434
252 3969
9918 7583
3194 9277
7367 4069
8516 223
4289 7092
3010 7316
9832 982
8680 2270
2880 4693
5497 4684
1198 5029
3057 6176
4049 59
8021 9450
8350 6767
8895 4443
25 4477
8380 5693
1639 1645
1531 3759
4587 3957
287 7313
572 1310
2227 4982
748 2618
1371 8282
2529 7189
6182 7876
5551 7522
2216 6793
864 8715
9534 5065
4482 5948
2374 412
7616 6239
5635 1547
2301 3566
5247 1448
3567 7739
9869 847
6444 6064
8824 4065
954 8491
2387 9112
2102 459
6254 4985
8306 3153
4400 2303
3607 6459
2163 350
979 4330
134 8966
4765 8590
3254 1256
2587 4877
6593 6851
8974 9950
808 8273
4104 3875
9055 1882
2908 2167
244 6097
8422 6745
7909 5129
9188 2639
1993 4743
7343 5931
7575 4363
8225 7234
9866 9013
1606 4712
8263 6260
1773 4422
380 5988
5679 7925
7383 1697
3861 5539
9457 1721
1725 6152
8794 6437
8481 5456
4561 347
7038 3631
4361 210
559 1465
5476 5263
2447 2726
1948 3338
6985 7042
7162 9880
578 6876
198 5892
3192 4039
9874 4209
7490 6260
798 7902
484 3029
8345 8329
6393 9265
2118 8514
3792 8927
6581 5902
9143 412
2776 6553
2157 8217
6031 2772
550 1684
72 1348
6994 1982
7001 1170
5858 2726
2169 2416
5400 9718
4776 7029
1890 5091
9625 933
377 1506
4422 8230
8351 3683
7701 2653
196 4931
7276 3464
2184 9985
7346 4316
9279 1530
8625 5319
8203 6367
316 9207
7722 865
8185 9842
861 2278
2364 4313
5228 8492
7257 5355
2040 6116
7007 423
694 2034
5432 242
6022 3533
5958 8737
7473 2742
8393 4034
9140 7580
7748 289
6057 5652
7242 6360
9516 2211
1646 2875
8248 2113
8022 2333
3025 9077
6265 2880
3512 6566
5516 7233
6678 1026
8354 2386
3857 9359
6272 9741
7007 9080
5608 728
9253 23
3069 9365
2504 5419
213 7273
8568 2128
9083 8528
4381 4968
1060 1473
4598 4933
6703 156
399 1609
4453 6192
7248 6055
3057 2236
3401 6241
1740 7666
3533 4370
3258 9851
6172 9237
3587 1248
8429 3648
9668 232
947 2491
6011 325
8992 865
4653 6876
3030 2514
775 5313
6624 6713
4497 6772
9266 323
7685 3460
3640 8665
148 5256
8093 9063
9826 1175
6802 9008
5407 3513
2970 6137
8499 3338
5322 9739
9434 8778
2292 7444
6949 1086
8588 5953
9773 9539
7176 4260
7790 4854
6187 1553
6740 7677
3387 5702
4930 361
1693 2048
9888 739
794 7802
1512 852
6811 7590
827 3933
9616 2745
2803 1710
7596 4079
3612 4807
7532 2150
4135 7449
9076 855
613 4425
7156 9833
6999 7678
1442 7747
8393 6816
3386 6086
6566 2066
496 6439
6463 3703
22 2940
8733 6389
2812 5526
6466 2828
9674 5765
3748 7971
8652 8143
6440 4037
3880 343
614 4504
1411 7072
2566 9024
1759 8989
5511 9029
5448 3236
4726 7015
2750 2744
6500 8482
1982 6698
6299 6392
4297 9752
1229 3782
336 2048
5829 1215
4200 9274
9800 9362
8819 9739
357 10
8204 543
9269 9034
582 8950
7988 4745
8538 8178
1820 5754
179 5494
8964 4081
3257 6408
76 5500
2769 6576
9626 9852
4607 3574
2902 5846
761 9841
9964 1410
1566 1414
46 1431
6692 8041
5168 1960
1261 9201
1353 8206
1268 6397
6146 9287
2032 9162
5541 5919
177 2451
5891 1340
2065 68
3463 8881
8128 7279
624 6568
6257 9701
8539 7656
7897 1022
8203 5574
5805 7437
5681 1705
72 6826
4141 8336
251 6469
6510 4274
5160 3117
1128 2761
1962 2589
2877 1000
4907 5097
5417 5256
43 7708
3250 1277
3557 6826
2906 101
1661 8274
1778 5547
4964 7711
4518 1551
6052 6429
5829 7615
9483 4909
1211 9531
1207 2620
3236 2177
6451 5170
8898 42
6998 4486
8567 7835
9015 6827
6177 4761
6287 2256
499 4587
8952 9079
5536 3750
6850 204
8478 1397
5675 9924
6511 3537
7689 5383
7682 6310
2422 6307
1009 9184
7479 8080
2864 4155
6127 1459
9658 4471
5312 6167
9733 5749
3639 7586
1563 8865
9097 6446
9870 8038
7177 68
2441 3324
346 8481
5792 728
696 2997
7841 6297
2758 1481
7315 1334
2094 5409
7383 821
6949 1211
2114 3004
4924 6351
8563 3758
7961 8184
8645 592
2525 4572
9385 8432
1596 3001
3627 4650
1233 2293
7215 8292
3855 8686
2624 5973
3569 2769
36 2339
3325 6242
6406 1562
7828 8109
2356 8091
8892 6897
844 4071
4528 1001
7870 5710
6779 3628
9051 8339
7617 9671
5800 3155
7788 1980
8870 8710
703 8293
7752 2197
6235 2086
1073 9930
5034 4692
1576 9264
8857 6903
5525 4799
8072 1109
2669 8826
4855 1409
2697 1443
2708 7859
8386 223
7571 857
5880 2228
5290 8359
667 787
2322 1599
3023 3671
3888 7015
5143 887
3337 5542
2137 8599
9086 31
2732 8170
7105 8616
6909 651
6780 4132
5889 1959
4030 5155
551 1487
2009 8277
5141 7494
3644 9084
4604 5048
8025 465
6301 6587
8773 8501
253 3218
7619 1147
6315 5929
7738 223
4538 3587
6933 9860
4069 7023
8563 8772
9723 8854
139 7034
4141 9290
9376 7928
4452 740
7938 9214
981 7914
1924 6393
4420 1855
6551 1592
3587 4821
3360 9703
7251 2321
7491 3352
3323 9767
73 1430
9506 3328
5860 4839
2438 3436
5456 1536
6473 8819
794 5882
6630 2522
810 7418
7653 6007
8915 6507
4761 7018
8474 4939
3289 4197
2216 9605
2927 1537
195 9218
7151 8969
6417 2973
9184 4721
1495 8257
5428 515
8493 5300
1036 4977
6212 2209
8482 4764
3578 3944
2805 6581
5744 5614
1592 5895
6903 4229
6026 4050
7451 6650
292 9633
1783 6338
3297 9009
9819 4229
9283 9748
679 4060
9550 508
9557 9993
8425 9584
7302 8764
1638 231
4971 7735
7817 1272
4232 5597
2705 8995
8911 8297
6059 1898
7440 8127
4474 2850
8094 619
3716 1866
6772 6695
1660 6976
3730 1972
8506 2042
935 9502
9458 6054
9930 2796
2543 5395
9777 7883
196 8573
2865 2076
9681 9040
1252 7889
9609 7357
5798 8224
2191 4543
8084 9603
9578 2422
1105 2694
8259 4079
5361 1306
3301 1705
4505 5173
689 3414
5532 4349
225 9824
7451 4157
5805 2117
4359 9173
7519 3255
9694 122
2144 4638
4823 4298
3731 5221
1937 254
5546 9803
6260 8812
5794 4320
5946 5613
6178 9554
2314 1803
9287 6827
1266 2083
5586 7606
7635 7647
5134 5254
9289 3380
2029 2130
8993 461
7323 4223
5903 6292
4193 9880
9117 8690
5706 6017
9512 3056
1151 8497
9180 1897
8087 1242
817 6868
9388 2667
2037 8513
4954 5698
9326 4364
1917 3058
5551 6846
3256 8119
2375 1575
2285 4998
8702 6878
5987 6268
358 6135
6617 3156
1219 3265
8135 3278
6036 8338
291 6745
8488 2813
1347 6816
9445 9700
8833 2556
3664 6721
8511 1831
6982 4252
8657 5886
4152 9465
5490 2762
2883 5083
537 7703
5140 452
980 4343
331 5175
606 9601
8155 7057
6871 3450
3284 6192
3032 1066
8707 2960
6682 5485
708 9086
156 2550
2457 1342
4952 4439
1393 4616
4478 766
9693 2138
7673 196
3499 1318
4021 8779
5357 5016
4186 9184
6370 1381
6058 7444
7412 961
7418 3216
1922 9135
1402 7563
861 4406
1003 9765
9369 3762
6102 2869
8660 5345
9761 9418
4489 2160
9952 8698
3601 7304
1700 7884
5433 7116
4011 3619
8082 1831
1042 391
6748 9549
5722 8413
2269 3854
5025 8600
8758 8062
9081 1244
4450 1905
991 6611
9839 8170
9396 1292
7349 3939
2615 5782
9152 2682
7100 3374
9139 5325
4930 5429
8654 985
7769 7987
4092 4249
883 8145
5324 9710
1691 8275
7988 6252
6799 5460
6541 4980
2754 3915
1538 2049
4028 6831
154 3285
6942 6039
3854 3963
1828 3476
5304 5803
3394 7262
659 2127
4443 8469
6348 1501
5681 1577
7059 3191
1691 8002
3362 6060
6806 6041
5043 7826
402 9237
7738 1836
9929 8884
8465 1532
7767 5289
7826 8186
9123 7027
8926 116
7687 412
2466 634
6635 1434
333 1756
6116 7757
5276 4874
7970 1832
5366 6063
9141 171
7746 5694
5667 3351
2843 4605
9689 3592
5842 9241
6949 8777
1962 7011
2686 6088
5062 9778
1419 1096
9631 9825
6226 8101
7259 2612
901 9715
3544 5406
3404 137
6217 1617
288 386
7958 4836
9983 6958
6965 3851
8202 7194
8063 4190
2687 179
1535 6706
8946 6975
9615 2092
5956 8965
3475 9267
5777 3411
1475 2734
9451 5324
5994 4593
2273 8266
3049 5772
2957 7380
2408 9871
2929 6218
2808 493
8277 2882
1222 592
6538 7487
8548 7628
2493 1295
5253 3013
1351 9997
8552 5507
7139 4881
6814 37
5973 4317
8433 8473
2002 6196
8670 1103
4785 6597
3684 3386
656 2379
1688 285
4300 5517
9451 4014
2585 7488
6235 2755
6234 3079
804 776
5232 305
72 203
6413 2819
8173 7402
4045 2530
2466 3135
8971 4629
4629 8828
1107 4193
9722 8260
2277 308
1719 5666
9241 1367
6967 1502
4145 5147
4305 9602
6460 4834
3265 8677
3486 3942
7713 9829
7166 2615
6128 2459
9261 9303
4243 6294
1851 1437
9760 808
5136 4993
3567 8824
3674 9168
8953 7256
2842 2064
7787 6729
6223 2694
902 7509
9439 4400
1761 8796
6620 4389
8287 6384
7199 8732
6921 785
8163 398
9306 8600
5986 8840
3212 7873
4668 2439
7118 5635
6835 3075
5935 546
3465 7357
4153 2986
2381 3423
878 9321
2879 785
3233 3578
1796 7109
2683 5300
1132 9496
3918 9717
5615 9526
8978 6809
7084 9462
2407 8046
9484 8728
6503 626
8290 4786
1893 5228
3916 7315
9054 3662
431 9855
2303 818
1988 201
5243 8347
3579 3892
6143 8811
2042 6323
3501 5709
2937 666
3194 5977
2769 5841
7560 9637
9363 9615
7058 7646
4260 8443
2059 386
2232 7352
3091 7423
5671 3046
656 6454
6243 5048
6506 7897
1096 8220
584 839
3161 9490
32 9165
9484 1637
6412 6717
591 9496
7611 2667
6442 4286
912 7267
5367 340
7552 7636
8209 2455
5494 6773
2410 4461
5388 5793
4789 9891
2035 6
791 7591
7331 2602
4484 1050
2614 9233
1925 4522
9038 2751
3545 6669
5194 273
4601 525
2031 5767
3633 4621
2531 7419
7692 3019
4921 3984
3999 6983
7857 9349
319 7521
9855 8494
8236 5270
9580 6363
4500 965
2227 6916
3452 5715
1011 1351
8854 2189
9568 6369
2265 171
8579 3195
8619 1138
2937 796
8403 6384
655 6633
6890 8820
7810 3290
7856 6205
5063 2298
1489 8362
9499 294
8167 7805
227 6068
6729 5715
8941 7974
4187 6044
4804 3420
4616 5564
3467 7541
895 7771
3247 7788
2345 919
9282 6251
2421 62
3757 8590
3042 3901
9375 4245
346 5563
7435 846
3424 3074
3816 303
1839 2167
7902 2540
2006 5992
5984 1704
5000 5782
1064 9518
3187 7154
1057 1393
6521 7752
4313 4106
8666 3628
1723 4997
8087 2761
4938 8361
1527 2824
6228 7240
5598 4868
9014 2908
5946 3060
5534 561
6065 5099
2076 8970
3524 407
5067 4506
1947 9712
6859 5702
3205 3870
7722 4255
5267 9044
9050 1175
2353 5550
6057 5688
7685 222
859 4022
9491 1520
9754 6034
1457 4462
6924 7586
7550 5292
2895 600
767 3949
8443 2764
3441 6858
4436 8398
8544 5281
4465 4641
2521 7666
4924 5859
4270 1065
8467 2428
851 3874
6609 3311
2223 255
8282 6688
2523 1941
1214 6605
5994 2653
6666 2133
7980 3262
5806 6553
3843 2307
9856 5756
9004 2331
691 4911
6966 9530
1169 421
9878 6579
1888 6440
8160 2060
7830 4875
6347 9524
8982 7123
8613 2980
5516 7815
938 2824
1031 2930
2897 2746
3449 5539
3052 2857
5328 3624
8851 4268
3429 4587
2061 129
6621 112
678 3633
424 3257
4327 8798
2607 6891
5815 9044
1952 1158
8980 3451
9579 2347
8487 605
3139 4769
4839 2694
2685 4556
1648 8909
2988 2477
448 9165
8478 1678
499 3695
1983 5553
8520 3955
2207 8949
240 402
7501 2793
7860 312
4340 7503
6914 3620
7821 3394
5900 8997
2461 8041
8043 4120
2747 1687
297 9924
8083 3536
6724 6973
6788 5433
8726 6570
8434 8831
7613 873
1389 696
947 6522
4417 1168
6997 905
3252 6041
6144 1951
2335 1118
1086 3367
635 4996
7761 6739
5219 4829
5369 4200
9264 6769
3994 6980
4884 1542
3088 88
3475 1650
4076 7940
6224 2882
8316 1401
8471 7390
867 4804
7558 973
1396 2996
1968 3754
5480 5117
3423 6003
5002 5811
3166 3789
629 6442
7321 819
7363 7520
1212 2108
1840 7102
5221 8282
696 336
4168 3041
6094 8941
9345 8611
4352 6264
2413 3278
4506 3677
8150 2106
5166 28
3978 5819
1081 798
1937 5201
7645 841
9564 8031
6918 3332
6650 516
6130 7678
7583 5387
9783 7164
3781 3362
5190 7663
7548 3949
1074 5309
7089 6354
6357 384
6387 4477
7523 1540
3318 4823
7216 6664
2829 4413
3204 4096
8 7108
5024 9250
5121 7794
2012 1090
5464 1300
3286 816
2679 910
4594 837
8260 8520
5632 5557
826 1944
3373 5977
4740 9021
6946 7363
1636 9184
6777 2112
3428 3031
8067 8787
1292 2562
8255 5100
1979 2030
2926 3557
5733 4220
9739 9364
7134 9403
7125 6635
9775 2386
7074 2192
743 204
6757 6770
636 5416
1390 5443
6617 3027
9320 1834
6900 3648
2106 4731
5375 59
9974 6507
4854 4102
3227 3337
7240 490
3370 5295
3374 8452
5062 8255
4625 5150
6929 6003
23 7001
5218 1854
9202 7068
405 3548
5562 2188
1070 5369
4067 2097
5585 9730
6940 5822
1619 6213
860 2422
8303 8394
7477 9998
7953 3405
8976 964
9526 9866
310 3335
6530 4399
4827 9649
289 8211
77 9881
9059 9403
2550 4975
7586 4248
9365 3712
3142 6641
4629 1480
2194 2268
6283 5565
6759 7895
7055 5757
761 2411
8329 207
7471 1628
3229 5887
5744 724
507 9297
7244 4746
989 4997
7275 3040
2631 3276
9037 7330
6380 6807
4583 8724
5368 4692
7231 2485
4967 4580
7889 6943
5121 5716
969 3120
7291 9043
9353 450
7979 1875
8078 8116
3074 9270
11 3656
5541 9817
8569 2719
6683 2638
5036 6597
4955 254
4076 5322
9897 2277
9852 31
7524 1505
9643 3388
3279 7652
2555 9372
5426 1017
6687 6908
5375 1614
7829 9152
2302 8397
2958 8538
5550 1372
2965 1272
659 2554
1667 2161
7212 6750
4899 5808
6624 1783
7136 945
1047 13
2024 2320
1506 8896
9284 1637
8295 9873
8642 4963
9384 5477
9139 1690
2681 2758
4948 9177
8712 9989
3747 9544
4164 4465
2363 5770
4068 3318
7534 3506
6040 1444
2689 6428
5070 9756
944 4914
2149 829
6547 728
4193 9620
3343 6046
6038 3946
334 9461
8690 3462
4262 3630
618 6389
4645 1482
4025 1192
4787 6086
4737 8367
5476 4052
7640 9112
4553 9515
6826 5538
1251 4679
2547 2747
8579 7482
9739 8103
3226 9272
7630 9052
4421 4665
8080 1269
421 6676
4349 7889
9411 1436
4311 7002
1847 3241
3366 8161
6708 9934
7951 1173
9959 4635
3511 919
1104 5691
999 2160
4982 6066
5982 7557
286 8282
8155 7221
4712 7951
1965 8759
2825 7101
6495 3363
4168 7955
7070 3834
8978 7830
1465 444
7100 8024
6177 4891
6541 5992
9222 1165
3924 8090
4050 6743
9568 8747
6934 777
2982 6213
4563 3866
4856 920
8555 1975
4988 1608
3204 1751
4601 8404
7832 1281
4735 4616
3322 5823
5502 7984
4378 1653
961 4775
3715 1970
7930 3707
3441 1779
3298 9419
2606 5603
3947 814
8514 9470
7237 8729
7473 7063
8487 9032
8719 6423
9937 2037
6422 6920
420 7822
6885 4934
3048 6748
9808 6382
8979 3946
4052 1231
5942 987
6210 9106
2604 8572
8329 863
4839 5671
7534 4130
2305 2063
2603 6272
3139 9810
7819 7968
9553 2067
8423 200
9514 6977
8858 9447
8973 4924
9175 1198
4356 7094
3128 2027
2167 9740
5332 1473
8767 5081
3168 7320
1031 6734
5524 9728
6972 5039
946 4370
9585 8869
7943 6459
2994 382
4461 1744
1343 8159
5811 3035
5494 6349
9268 9601
4360 998
1743 9575
1272 2743
2748 6142
253 949
4482 1321
173 9769
5287 234
8524 4226
1475 2909
7757 7023
3950 3817
4312 1940
7051 6611
428 6314
3140 3237
1434 8810
8297 3651
3664 8956
4764 7519
6290 8498
617 5356
5245 4155
1506 4392
9421 3839
5508 7909
3152 6728
822 3419
1617 4490
5052 9392
5676 3962
2358 2581
8409 1575
5610 9835
9598 4995
8326 4643
4989 4853
2945 4759
1620 1378
306 4442
5041 1748
7921 7385
1931 6386
5162 3348
2724 1326
2458 4357
2346 1260
5288 464
1199 4257
2240 1069
72 5530
3618 9430
476 5477
2685 7310
9762 2648
2755 248
2855 4288
3733 3333
5578 851
187 3862
8903 8430
2505 4505
5861 2208
3561 5680
255 6571
25 7598
2291 1805
9496 7587
3899 6141
7422 8855
3986 4167
8842 2469
9562 1207
9600 5833
6424 2439
8629 1524
3378 526
1508 2285
9543 6902
1114 6295
6876 5626
3090 9065
2921 3932
8839 5971
9283 5632
7820 6268
7624 7607
9813 4747
214 5183
2628 5328
2578 8535
9545 8867
7846 7490
2243 6348
7231 1642
3662 1476
7563 9564
3121 585
3381 6825
4283 4493
2233 601
9657 7023
1990 6807
9766 5404
1932 1668
45 4180
5968 3398
1569 7768
9032 2659
4504 699
8698 3881
6817 629
9203 8572
5459 4028
6009 2899
6857 3772
4443 9942
3932 9528
5910 3245
1771 4190
6323 6883
2025 4350
3992 3150
6415 6559
7480 8575
2676 83
2026 7866
9374 4957
2247 5787
1684 4527
342 5591
2985 2028
5256 2156
2334 6212
8677 6019
3976 4874
9854 6799
2829 8789
4962 6164
3144 7700
2605 2513
8166 778
1743 6619
3569 2358
5847 6623
6401 7037
4415 583
3509 6416
1885 4540
7325 2397
1 7262
1862 7025
8527 5693
3069 8854
4869 7726
5590 7902
2513 2502
6796 4541
9149 4699
6403 6426
9176 4568
8840 4548
7684 2927
8939 698
4382 2737
1127 3252
9425 2882
789 8323
5827 1642
1957 53
6394 6798
550 9130
8795 5526
6873 5559
6726 6904
7802 8848
4063 1530
3557 2962
7137 3072
5039 7632
8093 339
7627 1362
124 9846
8352 9608
9764 8605
7442 218
392 1111
2361 753
917 897
1067 8198
6169 6645
186 1068
7288 8166
5221 2007
5493 5441
8436 2967
923 6933
5352 536
1650 7589
338 5444
9725 5358
3499 9211
77 1136
6091 4552
4651 9602
4843 4489
4375 3982
9385 8524
5979 6875
5107 8992
36 8989
6297 6893
6864 5793
5390 7770
2893 7390
2814 7563
27 1922
3902 274
9313 4286
6714 7943
3482 1620
9692 5405
8666 1859
6293 1875
5474 2362
6464 4874
9708 5467
7681 9331
1414 1121
4878 9237
9914 2396
7676 5231
9255 1661
5935 1646
1353 7552
6717 1095
8024 5556
5454 315
6791 543
432 7843
4267 3989
1063 5344
9413 2025
8040 114
2803 6365
8640 1333
6505 8644
4960 3453
5274 1293
9388 5818
120 2537
2458 3542
5775 1049
3244 9206
657 5626
2535 1589
1187 1005
5531 7277
2985 6801
2727 6940
2385 6524
8200 9353
1661 1696
4127 1891
1746 4644
8710 929
6434 6767
6135 9259
1111 9962
6863 1154
2475 4680
8215 6542
8906 1526
9582 6100
4697 5411
1904 2765
2702 6031
8401 9468
6337 8618
1863 9403
3121 9154
7602 5140
5792 7018
2923 5813
8876 99
5878 255
9630 3592
4685 2476
9014 762
1555 5079
104 8436
549 1463
4097 6954
2116 7889
6745 6804
5496 7356
7790 7331
460 52
2642 3589
638 7774
5291 2723
3914 2236
9361 4892
2228 4120
4359 4843
5919 3010
542 516
2397 4525
3225 4183
3840 6619
5549 5739
7875 6232
3647 5143
4738 9193
3247 2698
7304 3562
1460 7214
2837 3758
3797 5165
6968 8413
471 1124
4647 894
6958 2150
7334 4449
5580 827
1231 8833
5122 9000
1280 1748
9165 3601
7834 281
3605 9111
3616 3741
6668 9266
4798 2386
764 1848
2433 1258
762 1850
9708 6657
9960 494
4759 5762
8401 5170
8828 1004
5729 4035
275 536
5312 428
6335 5513
8659 3106
4010 2061
4240 8488
2763 863
4341 4265
3278 5682
1341 4486
243 574
5342 2863
6009 4897
1877 3316
4676 5502
6616 7332
2903 9206
1996 8250
3503 4267
9759 9031
4451 8099
6260 7035
6659 2835
4340 5633
4159 294
8861 3331
5156 7220
2414 1552
1140 1448
5024 8244
8478 5342
9615 188
2898 655
5180 4153
78 7424
2738 7875
3662 1952
8821 6656
2975 467
705 4521
9974 6787
3919 885
3965 3834
4396 7086
4254 6867
2591 8015
2575 914
4044 4268
2952 6416
7724 7917
2290 2949
2827 3201
2511 1046
3491 2303
6785 8895
1243 9009
4212 5179
3629 3901
6592 5726
1864 1973
9109 3831
2751 1690
5617 7180
6412 7993
2503 2739
3603 5465
414 2719
5992 1345
4780 8344
5378 8866
6316 3994
7694 616
1092 158
4199 2819
130 6132
5572 4326
1697 6143
7448 6524
9585 1113
5362 1688
5346 9347
5187 6231
8021 5833
3095 3471
4060 350
6218 3964
2133 4645
7368 5280
3046 2600
2895 7806
9914 3785
3998 2592
649 5685
7106 6844
8698 9351
6324 1146
9612 5707
3320 7760
9336 6745
8301 8037
1949 9634
9682 2371
6254 4039
2694 8022
2896 7813
581 140
3400 7140
8833 651
186 1548
5303 7731
5376 4999
4344 9540
9581 5943
456 8540
4537 3068
8120 2926
3122 6229
8470 6818
3036 2784
1661 1720
170 9878
1923 5231
1663 192
738 4820
8155 1397
6654 9659
6494 3223
3000 6398
9193 5028
9416 2448
512 6087
5128 8700
9695 9157
165 3165
4796 2693
335 5254
7697 4264
5859 8952
734 785
4171 6412
5694 4988
5691 2680
7352 7182
4786 7103
6543 7706
2774 7952
1705 5945
5163 1573
7123 5475
3901 6472
1424 3213
2580 4345
5774 4245
2164 4125
3628 455
3467 5671
8860 2223
2802 3238
869 4689
5539 4089
2154 4537
7688 8291
1372 7458
6196 3245
7882 5344
437 6292
760 1091
9261 9567
5567 9787
549 8013
8719 537
928 7103
4737 1910
3602 5096
29 4683
3830 8475
3612 5096
3337 7038
2651 8464
9790 735
4733 301
7063 9159
5367 8861
6300 6672
5965 1248
4868 876
2323 9093
5574 2979
6053 4503
9485 5469
1027 922
8782 679
8891 462
9042 5696
3593 2472
5629 3674
2449 3476
1980 805
3053 7224
3912 9772
4107 4109
126 1337
619 6093
7385 1164
3882 3907
6699 8219
3216 1825
4513 4054
8421 9796
6659 3714
4246 4060
3745 6745
9771 9326
177 7822
890 2185
5195 4603
3523 9526
6472 364
6371 6063
8743 9819
1192 3143
3899 2715
336 5996
2929 1639
6038 1522
5253 7092
7434 3364
4513 8343
5699 5151
245 9375
2026 2581
6284 3748
2830 5629
2689 8376
9826 6646
8873 1525
1032 1549
6333 5071
3319 417
4352 5653
7814 3944
105 1550
4377 437
8734 4159
9684 8046
5912 1192
1638 3494
9647 442
8826 5748
7420 4477
7308 5526
1473 738
8752 1564
4687 229
7840 8980
4332 421
7210 2513
3760 1854
4314 6205
5966 4811
5962 8993
6002 6227
9703 6338
5172 1695
4502 8923
6174 8825
9149 346
8541 2356
8771 7198
1696 1359
7973 1909
744 3198
3722 3926
3976 1138
8503 504
9255 2131
1728 7046
5199 5520
5514 4027
74 4076
9345 2158
3107 5192
6584 7042
4019 6183
5399 4588
1576 4029
3431 9678
4638 843
5059 7402
8463 9893
8139 9050
7652 6201
3249 5942
198 9816
5015 6358
4227 2996
3656 8678
2786 5501
6353 934
9287 4986
3859 356
7818 3222
5917 2852
8999 1729
6952 1729
10 7620
3897 8684
4545 6008
2727 7941
4758 2056
626 2395
6832 4201
4875 293
9295 6498
4129 8244
642 1944
721 4711
3210 7417
9916 4121
8381 8534
8257 4952
3450 7301
7288 7591
5591 9366
1257 6643
5695 7325
1352 6316
1322 9569
2882 437
1480 7797
3248 9768
833 5327
9318 3990
1379 1202
8965 2729
5609 6608
9929 4958
7561 8450
9510 3882
2326 7486
2992 1759
9376 1880
3298 3146
9317 4017
5633 9087
4241 5736
2300 5057
1799 6235
8264 2453
1094 3381
3761 5154
3710 5647
6998 6381
6932 4485
1485 7398
7956 9680
745 2763
6316 3203
932 1046
9916 6473
7828 8838
5364 9725
8886 1527
4140 4830
1200 4640
354 4405
4943 7151
3684 6361
786 4671
6862 3385
1127 280
6617 5668
7895 9694
1119 1756
969 586
3111 9836
8657 8986
6340 9752
3714 8901
9545 6245
8172 261
2664 5086
6811 7981
720 7983
2405 5407
3387 3065
2893 5316
7006 8519
4461 9034
2246 5309
8426 3349
7263 6056
8798 4767
5498 881
5385 1896
1895 9616
8244 9880
5342 3977
6750 9190
480 5164
4181 937
727 9855
2489 8960
2850 5752
303 8527
9178 9816
3996 5088
8859 2631
629 1930
2861 3090
791 6293
6084 3280
9563 5753
307 6138
428 4187
2904 2865
3031 8658
7481 7812
1630 3455
9707 9573
1241 6936
5508 1010
7482 4967
6260 2831
9393 5890
5173 6905
4325 2004
7508 5984
2592 5829
4644 1342
9084 4372
9718 4976
8583 6565
8686 8118
5037 1587
7906 2709
6343 8392
3124 945
5599 901
1200 2380
9261 4395
7126 3105
7604 9978
3612 2550
3107 3231
6843 9248
5998 6908
4357 871
6376 429
2892 397
9780 953
6197 6913
8628 7491
9565 3399
3616 1125
1181 6099
716 6995
5183 942
3171 1035
6293 5598
6995 1617
4699 9394
2747 302
8097 418
6053 6614
3911 9161
6190 2510
8119 5513
8476 4619
1372 4346
5721 9510
1920 9585
1173 2082
6822 1403
7225 3912
4785 4802
6283 8001
2508 6133
4151 163
5767 6713
2006 1171
6734 4979
5934 3373
3256 4651
907 8832
8141 1179
3691 1454
3447 2113
8083 2884
7628 7323
5068 4411
5840 777
229 5700
7296 8639
1935 5500
6825 8818
7460 153
1371 5620
9584 852
8574 422
1389 763
9883 757
5676 4938
5705 8719
1888 387
8483 9878
2499 9290
6567 182
5538 1100
3077 4981
8746 7381
934 8075
9477 6450
6513 4872
5655 5534
2456 9166
6786 8104
9694 3775
9017 1013
7740 9067
5880 4196
6108 1588
247 4711
8255 2287
4436 8695
2929 9513
6176 6981
7658 7296
8363 769
8484 4884
9850 9929
2369 5413
4129 9669
444 8498
7029 6175
8441 4287
9328 4799
8074 5969
5958 7339
4364 8271
6057 1466
9022 3811
8981 1682
5370 2984
6176 109
9626 3414
6505 3249
8184 8883
537 8277
7428 7802
5419 30
1745 6370
792 1566
8641 4159
3197 6789
5991 9443
2728 961
3507 1927
7705 4960
655 2750
450 4292
6124 8462
6711 8137
5646 5002
6152 2178
757 8420
2938 5365
6012 7638
9925 3604
9881 2790
317 8494
3398 973
8072 2679
1 8296
7606 7017
7629 8926
4756 394
7179 3349
8747 2711
215 7065
3459 301
7392 2085
8711 6849
8459 8461
3700 6603
6708 4925
3650 3360
7768 5545
5042 314
3793 2261
4573 3823
9853 2396
8760 3033
9858 8432
1183 9568
9033 9798
8881 1776
7973 8727
6815 2756
8317 1498
3741 5447
5035 5137
4289 1238
4801 352
7583 1208
2482 4840
9006 4577
4520 6549
3831 9448
4057 4385
4696 6351
1017 5260
3871 1216
3741 9303
673 350
2091 6562
4690 6926
5906 6145
8131 5933
9568 2112
4461 6963
9773 4851
6624 1531
9478 9725
1013 8447
8400 5383
5663 2243
9931 2948
1440 2564
8095 5276
6611 7930
1400 1830
3341 8412
6886 4250
1625 6282
6507 5791
101 7316
9786 214
7701 4715
2090 1333
4141 2685
8198 9340
777 2391
8059 4345
630 3995
7078 7260
8265 6063
407 1218
9595 2456
9857 8359
5890 595
9197 5690
3258 9152
9206 1946
5835 2621
3776 4734
2038 6637
1911 8023
9288 9329
4121 6488
7444 7010
9003 6239
3426 855
5397 3691
8136 6733
1230 2230
1570 2402
7778 5820
3785 9192
4633 4795
7808 3905
4319 1459
2383 730
766 8810
6635 9157
329 4937
6389 5123
5848 2252
949 6049
6598 476
9530 8901
7939 7198
8476 6117
1072 2333
3143 3934
1980 7502
9343 3081
6963 5088
4713 4026
7325 4839
448 9593
2789 4960
8238 9152
8289 7081
2789 2337
6014 2957
708 8492
887 9811
6625 9982
3870 389
8224 7851
7590 4147
8816 1852
9009 1165
3681 3149
6073 8909
8797 2087
9647 1302
4093 1151
169 4719
2294 5345
3561 3182
2316 7703
5756 2748
1702 1709
6980 4326
7934 4988
8807 8383
789 104
2819 6393
869 4105
9057 7426
2461 8665
2406 6198
1231 8160
9509 193
9561 172
3706 2259
98 8986
9984 2100
1288 6318
7348 2750
6035 9086
5587 8185
300 7350
59 7746
4459 4703
3965 5582
8752 5725
3861 1450
3681 1162
8269 4323
191 8455
7647 173
5231 4861
3533 8170
5153 549
2159 987
4915 523
2299 7550
7038 2992
9373 3246
8950 6280
7784 4991
2202 4658
464 1626
2906 5728
817 2219
2304 8728
7493 3850
6329 2664
5375 9356
7955 7702
5534 3110
518 6429
8530 3866
2489 4625
8203 6074
2507 3934
5193 5495
8788 8086
423 9153
8584 937
410 1848
2902 3349
591 9474
2155 982
8260 5053
3721 9954
594 6672
706 1698
3004 8936
2258 597
1226 5561
9921 491
9559 8118
7980 7494
8939 6410
4518 7330
3686 1753
6212 1054
250 3457
632 7272
5735 2434
292 1653
2613 2972
1199 4486
8418 4443
7166 9337
8392 1716
5310 7527
5747 8597
9918 8407
7809 5834
6715 5405
3848 3129
5353 4181
9382 8140
8948 4181
6509 5006
722 955
2265 9093
6757 4340
9832 10000
2265 5588
6541 4691
9913 171
6123 9508
1460 9207
1657 7810
7778 1250
9733 989
4820 9203
1306 4744
7537 6845
5826 677
8158 3926
6648 8886
2602 6632
2438 4826
6141 884
7892 4200
731 3837
3033 5022
4492 8445
6187 9200
6413 3548
1102 6845
6187 7448
9157 6987
4266 6013
7459 7579
7104 7034
8849 7050
8001 1695
944 5202
2517 5654
4556 5595
563 98
2894 1370
2439 345
2547 872
9012 4887
3822 6247
4363 68
8465 158
3272 7190
2845 3363
7199 1033
2830 4982
8560 1336
9975 7619
7234 9897
3683 9942
8942 1169
4195 6194
3623 6916
9400 3215
6392 7053
8914 4223
7673 2085
1821 137
1966 8020
926 8016
1549 4179
6842 8782
9897 1179
5578 5590
7050 2666
9721 6443
5430 1263
3304 6552
6917 7748
9062 8439
4735 8347
3494 4160
3649 6479
2348 9798
2986 5026
2604 6639
1377 6193
4981 1875
2422 4705
8970 7874
1036 1414
8908 8395
6983 1893
6746 2120
3162 4850
1568 462
8390 8512
4513 8355
9300 1189
2956 1282
6674 4064
9272 8036
7950 835
7704 107
6145 3910
9847 9457
77 8806
1108 6833
5641 1044
8776 6779
6930 2923
2 9858
9885 9686
9145 1035
4922 6518
4325 6463
4593 8350
5845 7418
3452 8633
2664 4664
6378 2467
2259 1086
9145 8370
5933 6337
4107 9177
9798 6176
894 2589
8863 5786
6455 6203
9144 3143
2488 2761
3649 8327
6732 826
1972 2661
3923 5033
830 9687
6500 7262
4190 5489
105 868
8093 647
8612 5916
7273 488
4295 1335
6121 8218
5881 4116
9751 1969
7662 9095
1474 25
1850 6784
4281 2536
2285 5335
8518 8145
6483 7109
532 8934
1104 1187
4122 1599
9399 4440
8208 4846
661 8945
7656 4340
4483 3099
2195 5429
5541 6220
2509 9106
1436 4512
9135 2373
8013 2528
7803 7430
806 5164
9206 8595
3521 4869
6459 4021
7470 3100
347 3950
5975 6926
6737 7033
6512 8866
8744 4352
9715 3789
5906 123
2723 7037
6365 9277
8132 2380
493 3757
2588 6388
1360 7292
4744 5478
2093 5835
900 2310
9394 2589
8313 4370
5771 3040
5099 7895
9832 5738
1106 4110
1107 5189
1758 5945
7946 2195
2239 3513
8642 9353
4418 3006
7262 2347
5862 4984
7274 3931
3402 7993
2096 7590
6782 2552
9567 8216
2113 5983
9421 5979
61 6863
1779 2606
2399 2738
3495 5649
3787 7628
6384 8925
5887 5953
1508 9749
941 7710
1739 1873
1652 1549
5165 9740
8222 1764
3777 2192
2726 9094
7298 5789
5803 8906
8860 2439
7163 7576
4453 7366
1909 8226
1297 6249
7339 5363
9498 3040
3868 6974
2093 8554
4785 8733
3375 1568
7929 9272
1978 5806
2476 4379
182 5484
2514 7647
5546 9391
8494 5624
6786 117
548 9046
9186 1458
606 9951
3635 7999
3934 5889
8251 6973
6420 2195
5137 8130
4138 8856
9298 5317
9640 8003
4460 77
6107 1231
7647 2348
2263 1516
5080 5175
739 2742
4438 5928
3716 2067
6587 395
6131 2502
6832 9018
2807 8342
7056 3170
8545 2891
2685 2057
7902 5132
7610 6114
3495 665
1381 8111
7827 1835
7614 7609
2533 4636
5628 5355
8353 6287
7359 1324
555 3465
2942 6235
2995 8707
3972 1636
1660 1625
4489 7274
1009 8994
229 6122
8892 6373
2310 2652
5724 8586
888 7631
525 5320
3007 5729
6518 295
2090 5135
924 1276
1775 4268
2387 5193
8878 7482
7408 6688
2883 2628
7333 4929
4793 7267
9545 813
4886 1595
3327 6405
2580 2903
6802 7356
9333 89
9300 2263
4927 7341
8002 3172
562 4489
3829 7086
7571 5016
1050 5878
270 203
1442 7033
2958 6765
8832 9658
8596 4784
5892 3481
6505 4831
6104 5623
5252 3383
2651 2110
825 7959
7711 7604
4795 686
461 420
9678 4596
172 430
6367 6004
8964 1831
164 9867
8224 3912
9855 6947
926 1835
952 5819
7 1167
7078 1660
3684 6943
4222 8598
4529 8347
9301 4056
5934 5542
6560 6936
5063 6277
8909 1281
2374 6386
461 3347
933 5623
7203 6804
2161 636
7361 1649
927 9072
3092 5853
3634 3395
5313 2723
7183 7105
7539 2624
694 6204
6580 6873
8505 4977
2061 2887
5272 7168
6197 2652
8093 2335
5110 8721
2154 9316
2504 1888
6038 8977
8412 346
2147 5482
8454 8785
263 6264
7738 7255
2987 4416
4709 5002
9373 8984
6882 238
1636 2917
8818 1869
2952 1883
2484 1223
7509 4428
3362 5868
5102 2604
9757 5909
1507 7515
3938 1432
7577 4930
3177 7291
7354 331
3318 1461
3006 3091
3463 4548
3043 8536
9391 7101
3931 8575
2442 8951
7325 7707
4749 2801
4280 3842
6966 7890
1914 6573
642 9800
6093 8419
8265 9489
373 6797
395 3511
3230 401
5687 1284
6873 3123
8897 6588
2568 5176
9507 8817
6998 292
3426 442
6661 6364
7272 2541
1245 2650
5654 8897
1649 1430
4255 594
1442 7376
7830 887
6570 2484
9560 4790
1079 3086
8640 5785
2332 4081
3670 7220
4671 9572
1493 9619
5632 3032
473 9954
9600 2068
8151 2592
9738 427
1818 156
7442 1637
7586 3664
7732 312
5703 1577
6893 2079
7883 7145
883 1597
2990 1457
5673 1492
4935 9310
1309 2746
8640 7073
7939 3903
2313 3884
91 5463
5320 1408
6792 3071
6342 6980
2278 3023
3360 8309
5573 8556
9220 2654
3277 1879
9808 5796
8103 8071
3143 8345
1418 2139
8972 9853
664 1218
3619 2534
5448 2801
4471 719
9330 3772
5042 3680
3013 6348
5331 5215
1941 9993
9842 1286
8837 2580
9997 6251
2782 9526
1115 662
8622 1466
7840 8252
8394 630
9736 5409
2215 1933
98 5851
3444 7416
2340 2002
6681 5891
3213 8011
7263 221
9726 5155
2023 8477
6634 1573
5969 604
9857 6641
834 2772
2004 7860
8010 2839
3288 3718
8509 18
3911 447
1025 337
5730 5959
5439 1434
9315 3345
9831 2517
461 278
3111 4738
7057 3631
7774 2651
7194 6986
8009 4007
6322 5852
6892 4850
599 8933
1186 1135
917 4195
7119 1070
5572 760
9154 2123
4468 4387
2097 3590
3347 6355
7575 1823
6708 4523
6280 7400
9208 842
9336 9708
140 1783
7052 2976
6128 9885
6883 5412
7584 1479
9332 3265
4725 8132
2558 3256
6783 9944
4454 7142
7841 8455
6053 3229
5984 7447
4859 4684
6530 2321
6829 5269
6698 1862
1957 3453
3043 5008
1417 1230
7562 1534
5903 5229
1944 6559
686 3840
4234 8679
9430 354
7151 9752
7944 8086
2282 998
8735 6191
5014 7566
7968 6202
6929 5379
6628 7531
2213 2825
3814 2748
1570 3072
7287 3710
6954 1191
4380 3739
1445 1859
4022 168
9976 5557
4466 9195
8483 4562
1800 8327
1685 1434
4966 9173
8143 4236
2164 5072
8918 6333
3353 8599
5636 3084
5443 9314
7227 8202
909 3400
3471 1469
1708 7116
9446 4444
432 3529
6396 5796
8573 5842
5680 9937
5680 4041
8276 6506
6409 3220
2893 9017
1396 7306
5416 6342
2826 2763
4849 2102
3333 7015
7878 8178
2941 1052
7504 3117
1477 2113
8069 6875
9052 6151
9119 2815
8347 9757
2017 9817
7598 7863
1896 2313
3382 1833
8318 2235
8802 2332
902 3357
9023 8175
4343 7292
1674 2092
7256 301
8261 4580
1398 9171
3300 7045
5870 203
4884 1072
9602 1177
6060 8125
1756 5055
4987 4905
4103 5175
9600 5445
3847 2668
9545 445
606 3710
9116 6186
8459 3736
4300 7993
248 2669
153 3283
8967 735
9769 111
1242 8561
9658 7297
5399 5308
7360 7370
3414 8021
9010 9116
4956 9360
3661 4889
1649 7519
6663 7568
2560 7313
7427 3962
3420 7847
8703 9169
6784 3016
2221 1666
3094 9807
7470 3191
8488 3449
195 1518
2306 9521
7865 3266
8308 9118
7588 1121
7273 831
5198 5215
6054 1561
6734 4522
2227 9641
8123 1009
4571 9242
7988 8620
7268 1927
8035 7629
6593 7187
2738 9250
7165 2026
9003 4568
6824 2070
4707 9520
2544 9698
2689 2098
1863 5416
4733 4497
226 5314
4613 1425
8077 5545
8881 8211
7098 4844
159 1009
126 4603
4713 887
1804 5663
9265 370
109 2652
3808 2186
1363 4741
9498 1157
9225 9816
6734 4396
6942 3855
2324 7540
1827 3977
3580 8764
916 6526
6563 1428
4234 3027
6416 6867
3178 1556
7253 8899
2259 2070
9453 5809
5172 8261
1017 3550
6069 3275
6645 1280
4151 1806
1707 6348
2620 4486
7247 3876
5737 9454
706 7786
7703 3009
9098 961
577 8709
9591 8590
8854 9991
2342 4269
9692 4442
5821 8445
7197 6255
3716 7095
4011 1533
6195 2605
5202 4735
4446 2863
8281 6255
8053 8159
6535 3859
2481 4776
6023 2217
2444 6787
2183 3545
7528 2199
9812 5157
7170 6389
4612 1166
6539 4791
9359 7128
4986 985
5287 3992
3541 9922
1121 389
5442 6263
1241 8030
3134 6268
1686 2958
1134 3415
5917 1260
1384 7858
1218 2635
9114 2986
3698 318
1649 4742
60 2722
1951 2689
3339 9494
3971 878
9180 5444
5008 2084
7350 6739
409 3667
5259 7203
3973 406
6547 6802
49 6051
1678 6909
9275 1436
4614 4628
8775 1845
9687 8027
6978 353
4934 433
4719 4369
8531 216
6976 2914
1235 8520
788 545
5583 6340
5739 3608
7046 7276
8454 6628
9043 2859
2969 8877
7230 3270
8379 4819
5884 5739
3896 4996
5648 9497
1173 7359
7263 9411
5305 8737
2282 739
164 8486
2354 2478
5911 1879
5249 8712
6686 2673
4355 6011
1120 2083
6060 2008
5237 1460
6559 9251
1437 5968
5633 4804
5779 9904
9001 3353
5289 9760
34 5551
5329 8791
5138 4385
476 4616
734 1252
8920 2624
1176 5695
6244 8084
4596 3509
2099 1512
7395 902
1853 2683
8377 3863
1346 8414
4078 9123
1008 1025
2855 5774
792 4710
3224 5384
3734 7271
3719 5140
6719 1313
8190 6554
6579 1972
1982 3660
2481 3720
6586 4920
5150 6196
3515 9317
4742 1306
8708 7227
678 1188
6450 2832
8933 5721
146 3513
8352 7781
3268 5908
2116 8122
5342 5869
4722 8108
4666 3870
3084 3684
3457 6936
2485 478
5791 424
8088 779
7194 5647
3973 1897
3386 3356
5017 6787
3271 8296
1701 117
5244 4069
9773 3593
1885 1774
7014 4468
1063 9940
2195 5310
7005 8313
1124 3506
896 4288
5802 6713
3099 6858
4492 3675
1880 7606
5373 4433
8528 778
2535 3715
6191 9065
3879 9959
5590 8582
1278 5
6035 1886
2857 842
1798 2512
1641 9208
144 9863
4762 2347
1634 5508
6199 6149
2096 6225
844 1717
3822 4398
2788 3044
4328 9223
4974 9139
2640 5212
6219 2531
6297 2836
4322 5563
2011 2107
5512 7260
5846 4166
9729 1646
4566 966
7801 1651
9358 4854
2016 1730
1033 4489
4692 4904
1760 1011
6090 2447
4227 3571
6748 7385
1252 1127
6720 7553
106 7461
7524 3075
1749 4275
7840 852
671 1397
8615 9900
7911 9033
4544 2194
832 8178
2799 1115
1049 3230
2959 5621
717 6901
8779 1322
4243 8001
5996 1890
452 2917
4836 4088
5139 4158
6339 3193
4657 4762
1772 218
1334 36
8948 4648
989 2365
2286 641
7215 8000
1209 4007
9850 2624
9652 2347
5814 2532
754 2575
7559 8583
1265 8269
6746 5579
5173 7029
3481 2370
1338 9291
5461 3195
3894 6657
7052 823
5879 4638
332 4810
2420 476
325 8749
5025 2425
1562 4985
6431 6795
6896 4969
6049 2339
3432 8775
8513 3158
859 1096
8547 3784
1861 8923
2249 9895
624 5937
3245 4739
4168 4547
9785 3429
6698 4663
3213 3657
8991 1674
3510 9600
922 7934
1026 6700
9894 2897
6803 927
1580 4007
4122 7583
6619 1571
2569 2275
8622 8537
7885 9142
1411 8494
8628 2120
9473 5503
85 2615
7942 1592
2208 7217
1417 3740
7713 6251
8492 5865
4032 7931
276 2041
8363 4117
9956 4928
7578 6603
4316 2262
7871 3367
9123 2881
9973 6141
9722 9057
315 2773
3928 8486
1858 3855
6852 1711
119 1326
9696 6399
7140 4892
6054 7550
6960 5512
7322 2463
6536 1553
6456 3666
9961 3249
5697 8918
4217 7747
110 9072
3680 5519
5347 3833
9565 4704
1008 1604
3478 1029
7665 6499
5547 6790
7252 9299
3320 8799
3521 3387
450 1687
2607 4995
2451 6544
1035 8716
2295 285
9466 9744
1318 2587
1219 6567
4968 5984
4826 9399
7463 9741
9519 6280
1841 2194
5279 1386
5493 1820
7435 5897
289 5937
6123 8836
4595 9832
4302 2403
4438 9691
5581 2487
5519 4427
4952 6446
6876 8641
2097 3226
9947 7247
2381 3776
8381 5984
1733 9064
6089 9392
6218 2418
3346 3209
3592 4256
4088 9616
3676 4003
1566 6996
180 3068
2408 4354
2774 5974
6992 8120
6765 59
9963 3575
6734 3334
6679 8900
2847 7555
1566 1396
4030 525
8279 7293
539 2296
2304 3886
2831 256
615 6190
4116 9559
7345 6844
3280 4511
2544 5326
8999 1871
3058 4918
7610 2566
2181 7000
5049 268
411 5258
1815 7078
4830 1057
4268 7091
8462 8967
9923 6456
2165 7050
1351 7637
3634 9684
5525 325
7014 9010
7811 7796
8890 1086
2633 9137
745 6988
7496 8309
4087 792
4581 1549
1300 5630
6100 9550
2373 3623
6916 6543
3979 7159
2025 3863
9540 5885
3220 7428
3362 5289
8850 9959
7085 6238
8633 4884
8155 6021
1252 601
8303 2118
1767 7457
8963 8239
5289 4839
1125 3351
864 6136
274 8560
5 299
2425 8214
7465 2785
7831 8798
5115 7550
4176 770
7928 3411
2128 9016
6470 9435
6957 3724
1419 8339
90 8908
5228 3641
9186 8234
9394 6626
230 3853
9681 7864
8008 8856
7853 8182
1038 8702
3500 2726
1584 6940
8097 5182
3239 8752
2228 8123
6591 9115
1036 4699
9456 73
6090 5077
2295 3592
2978 7156
4445 8964
4172 6804
9242 7200
4606 6336
1502 8836
2098 3070
302 2985
4069 82
42 4421
7630 2838
3341 3736
8639 343
9132 2315
3622 2202
7965 3423
5317 3374
5490 256
4668 9638
6500 2351
4769 6851
3225 9518
5536 4635
1800 1171
7858 5064
4166 188
6592 2934
9450 6841
6177 1517
6131 3678
3015 6594
2279 4188
3439 9589
258 1884
2251 1913
5039 8551
5113 7495
3752 2416
5541 3049
2000 4726
8395 5856
8232 2019
3204 2776
4390 9803
1504 4939
2688 5099
115 1697
4442 3449
3017 5078
4814 4562
7059 1065
3358 7163
5482 7740
3116 9867
9454 3715
9681 1520
6110 1301
8457 5070
2545 1164
4776 9157
7595 741
6630 1013
968 4643
6717 863
3318 868
4518 5671
4271 4661
6551 9456
2491 2974
6092 9090
1907 8329
814 8535
1877 2947
5418 3086
3566 1587
9426 3089
3870 2259
2773 7672
2111 756
2161 8392
9027 3994
282 5188
9932 8451
9643 3340
1944 1980
4990 2761
9815 1135
543 633
8828 5447
2600 6848
5308 5721
1156 390
2616 2074
2514 9617
2912 6093
8257 2917
6257 8088
8838 5165
1464 2804
2525 1295
6485 6503
524 5890
5511 9276
8235 6707
2098 5594
9402 8967
5996 9801
1987 7547
6351 9391
9500 9196
3600 556
2937 8157
527 5573
4739 2113
7924 4173
5956 4377
4913 5834
3576 6872
1245 4696
5134 3788
2242 4505
3912 3127
5396 6368
9013 6636
1589 7306
1620 4273
7821 8023
2630 4566
9096 3763
7415 3046
214 3783
2782 2860
1614 229
1795 6922
5572 8491
4441 5862
769 9602
7690 7674
5330 5715
762 8472
4271 5019
3219 3178
5647 1812
2783 9681
1119 6762
8996 6995
4149 8764
9191 7573
4486 6611
7027 1762
3132 7746
8057 6982
7529 3459
7557 1817
9233 8281
8688 1220
7365 1554
2897 7339
7921 7185
6718 6780
8993 4930
7177 4912
7223 8170
1507 1326
8380 4599
7760 9768
9874 4199
1399 2144
2455 662
7433 4648
366 1133
8360 4759
3798 1366
9174 8615
3169 9045
4118 5781
4928 7598
8985 3772
6343 1144
5356 5719
3470 8496
3702 1024
4610 4150
7522 2737
9948 1623
5167 3034
7564 9003
120 5106
3436 4881
1566 6237
3222 4931
5769 2270
6299 3054
4582 770
2504 5196
3218 2459
8177 9172
9398 1793
8681 3537
9829 619
7869 2651
6562 754
2198 664
4928 6404
5603 8603
9642 6613
583 3612
4475 4027
2757 9814
2431 7377
6802 7420
6042 8992
4282 465
4859 8487
4518 6220
3968 4364
3227 9587
5422 6621
7091 4818
9649 3843
6760 3802
3442 4655
4982 9201
8432 3907
3921 3324
3384 2
304 2411
7629 1325
527 7562
6506 2149
6302 8395
1544 7337
7590 1891
5062 5448
4354 4416
4532 6790
5305 7414
319 1584
398 4365
8874 2751
5099 1964
1304 9515
9711 1061
9912 7653
3870 5733
8848 5704
551 220
274 4615
5042 5193
7123 6095
6058 6132
6456 3163
5179 6523
982 2188
4030 6934
7512 3885
3752 2023
5076 3412
3176 5102
6472 8750
9493 5922
4 3658
7014 3939
7812 129
2004 6254
3855 4902
3867 1288
5631 6256
4385 162
717 7671
3019 7165
3910 4382
922 2519
1497 5986
3738 6991
1165 8957
7957 8899
8518 9221
3074 6798
7082 5102
1082 6419
6755 2959
1472 7976
1458 3884
5986 2003
5291 6504
1573 9968
7236 8277
6953 3305
2795 8224
1589 6623
4432 1580
4256 6676
8302 2441
8807 4273
5671 6620
6423 1706
9583 5890
5452 3020
678 6623
9213 1882
1578 2135
4817 7000
1163 7893
7228 1096
4360 7728
1846 9183
6552 3582
7537 5937
7529 4434
3363 8665
3196 2693
99 423
6124 7646
9610 954
6803 2784
7691 1707
7615 67
5026 2259
6720 3903
1088 2953
909 1560
7075 8343
9832 4441
2205 7656
1959 3329
4193 3759
9339 7818
7146 6965
9232 3760
3842 9346
4234 5213
6436 4238
6252 8453
8644 7027
3927 1046
7580 4005
199 1861
6710 5275
1149 1277
3412 3545
1403 369
2264 7612
8127 8828
842 7499
5202 3153
5414 61
6174 7381
4120 5463
3522 6306
4316 3742
3288 4961
5694 549
9875 9529
7890 6500
8208 9885
2503 3756
5386 2099
9426 3027
354 1075
7427 5350
6835 5900
9490 2510
896 3699
2877 5959
7540 8168
1335 2408
2314 2940
1120 8729
9349 2432
3443 1003
8613 7121
7595 7542
1248 4498
2642 9146
3092 8403
6167 7138
8262 1329
3081 5220
3544 3157
5935 1894
734 3228
8012 8689
5567 9315
3909 4602
8088 3985
5160 2087
6744 877
4947 8957
8158 9965
1368 988
8756 7379
3334 1751
2505 5520
4723 4233
4281 6909
8819 5179
9579 7421
6095 960
9584 9942
8862 4314
8410 945
1635 3765
1441 8220
938 4723
6107 691
5750 2328
9099 3278
8261 1392
9509 6527
670 1749
3004 2713
9020 3212
1346 3582
93 1694
27 5838
1518 1609
7308 42
4042 2898
3307 6733
9679 5879
540 5704
404 597
9881 4658
6021 3006
5226 6198
3905 3627
1087 486
6920 1956
8920 8657
1290 3000
4468 7792
961 7254
9651 381
5169 2583
8763 2855
9052 6179
4059 1896
4821 2307
5785 9346
5957 4218
1032 1667
3945 9440
494 1736
6087 258
6452 5039
4934 7440
7623 2031
6015 3040
6940 9046
21 4239
3598 7573
7491 9138
1250 9190
4622 8746
3210 3292
735 7111
8919 8924
1770 118
5981 422
1808 3260
5051 3489
69 9559
7455 2327
6634 8369
3073 5226
2483 3072
1281 9531
3886 9139
5214 6347
5568 5766
2973 3647
5947 9028
7666 2524
6334 1948
920 2084
9614 5094
3731 3957
7942 1198
6977 5031
7282 2645
9415 8503
8699 9103
6325 1453
1122 6074
9548 7488
1887 3210
9941 4260
4835 1542
8419 4731
2607 5107
5686 5186
1570 921
258 1126
8361 9594
4837 551
9303 5663
8771 4653
8977 8764
4964 9329
3992 8784
5086 828
4626 1069
6072 8566
7261 1343
7513 2323
3892 7016
9 6698
232 5815
7290 5056
6385 8511
4502 9960
1826 1688
3293 2965
3917 9274
3556 8059
8213 8587
9034 484
8611 5860
8731 9287
7501 2570
3585 349
4488 2532
2991 5137
9705 1954
2768 8358
4913 6781
2299 138
3877 2448
6779 5057
6860 5577
7566 5919
7220 9362
8173 1681
2479 274
3680 41
4331 4036
3008 7236
6569 8339
6481 8589
1356 7420
1640 376
4247 596
2239 6463
1112 2499
599 1034
8389 6152
9741 4606
1763 1137
4950 1033
5472 9434
6607 8452
8937 3587
5723 3827
2960 8881
8331 6096
8789 3602
1998 5649
688 6982
6156 230
8992 9942
5857 4017
3281 3446
9895 2385
2447 3104
1176 5662
4484 5366
1686 1926
4427 4261
5490 4625
3520 2783
8452 6489
8354 8849
8715 8947
3501 48
7179 1479
6232 1450
5584 593
235 6462
8359 3842
4204 3878
1890 8439
8951 1610
3189 1267
3795 8805
6527 6240
3859 8402
1619 6180
738 5101
2006 3842
9317 4658
3561 5838
7484 7365
2478 5974
9214 1599
8890 8788
3417 7770
1653 433
7641 1835
5185 3748
7143 9631
9235 5740
2759 7867
7674 913
480 4302
4702 6130
7600 304
576 3379
2247 4749
949 1294
1271 2656
3926 8483
7918 9964
6568 8437
4593 409
9957 216
9373 6152
3388 8103
4492 9644
5320 6044
2523 9894
3343 2409
9536 4544
5398 6253
3912 2109
5199 567
583 2923
5259 5425
2019 9026
2941 6648
8323 3182
9608 1190
2745 39
9627 5144
8769 2517
7670 4128
7108 2637
261 5463
6161 6083
4093 8781
6426 8244
5694 6588
100 5273
5332 8104
319 4687
8098 138
597 8407
7654 9496
419 8542
3854 2378
4009 1010
1641 1559
1791 7901
6522 8907
4073 2788
9052 5818
7779 5154
5054 774
5212 5013
4186 9333
8062 3798
1582 3563
2648 6397
3146 9310
7268 5522
823 9320
2188 6606
3929 4522
7110 4222
7129 1329
7949 7662
6493 5392
5371 9610
677 6691
374 1966
4929 3095
5057 1768
97 4578
4134 8147
3230 8813
8464 9214
7426 2386
6329 4972
9255 51
5642 8447
1623 3121
3298 5628
9247 3122
4525 7439
2119 3098
3754 3058
1645 9393
5153 8346
2320 5796
3607 1913
6965 3821
9612 795
3501 6824
7911 5412
6220 7189
7243 3994
9857 188
9893 6662
2872 1702
5463 3656
2170 5107
194 7398
1054 584
7316 5368
3125 4953
2920 89
9693 3791
3680 5950
8212 3056
2770 3921
3879 916
9126 5487
2357 7738
7693 2144
5089 9445
6820 5365
5591 3166
887 6173
107 6414
741 4145
7566 7251
7756 4429
8220 9100
8515 8833
7399 851
4713 2179
1372 1188
8589 3640
1648 2675
2189 5944
8044 5374
4911 247
4998 5490
576 44
4914 7421
6564 2991
6818 7841
7506 8394
6834 4129
6845 7021
3238 1713
410 523
8071 49
9660 1447
3544 5121
1569 8086
9529 8142
5508 1855
114 2805
3147 2485
9985 1374
5625 2891
6163 4722
1391 4673
8681 6424
8069 5094
9212 6131
4781 8295
2397 4280
7438 7110
5850 6629
979 4583
293 7318
8780 7462
3077 8886
963 5425
2223 113
1852 5237
9301 9873
6342 2230
6489 5421
6132 6916
8694 2965
4998 818
9487 4971
973 8024
4106 4784
2725 3150
419 7287
8782 2963
266 6755
5634 9711
7705 2210
3532 6090
2725 8035
18 3147
5641 204
4787 3440
4851 2989
7091 8413
8992 6083
6114 9053
9868 569
1106 8399
7972 890
2265 4926
5748 4926
5697 9161
9411 2799
5200 8917
6816 1411
2361 2282
959 4076
7165 4191
6854 4070
9392 9197
2856 3830
3526 1558
7871 1671
7424 3510
4708 9116
8719 5156
2255 2044
1033 3484
8505 120
934 7520
2415 1870
9746 4651
3531 5626
1888 6278
9325 1342
2184 1236
5708 7009
8647 8708
4082 1395
328 1739
7411 9556
2604 6365
359 7697
7103 6013
208 1400
5783 3980
1220 360
6980 6285
8821 3312
3375 1143
1543 6887
1294 4395
3913 5328
7328 2521
5510 834
7072 7386
8956 9695
4407 7652
8352 211
7346 2124
3537 2216
2899 9264
8077 8727
938 6132
1913 9140
9605 5553
6735 6167
1833 648
1165 1422
2736 9199
2498 6805
32 2521
2289 5036
5837 8950
5956 3529
1662 9649
2308 5979
3444 3651
4745 6861
6321 137
2024 8066
4274 6280
2887 6991
1889 6769
2398 4423
2060 8376
4379 7621
4854 7437
1061 5088
9370 635
9874 7251
6644 6533
1155 6490
9117 6550
4665 7919
6767 4702
108 4259
4811 2244
5709 8380
987 6017
9889 1881
525 1350
6516 1791
6028 2065
8967 3124
2269 3441
1999 3020
5733 1250
7952 3510
2249 3666
9013 4800
5620 2700
1107 6491
7986 3419
4661 5285
7458 5641
2011 3999
8416 3106
907 365
1139 6498
6841 139
385 3627
5977 8520
75 9787
9665 9466
3654 8476
8932 9223
985 8986
232 9095
2848 5573
9071 4578
6337 9499
9538 808
5059 9571
8762 4034
1711 7633
4263 1679
1410 8780
8870 668
3015 6517
3665 7107
8516 7581
6655 8150
1715 5285
5516 3380
1813 4763
7726 3045
1976 4944
8173 8232
186 4485
5014 5954
6832 6298
2724 8863
7113 795
2560 9737
3963 8741
5836 6961
7454 8964
8555 2722
7979 7290
4911 3766
1000 8754
7605 3949
7460 9762
3766 5290
464 3185
6478 755
2417 511
8002 7886
3480 1905
1395 8980
4760 4729
2956 3965
8977 3555
5401 1007
5004 3990
9424 9932
1886 2447
9329 8345
6185 7102
8917 9644
9045 2216
80 7384
5465 3535
2107 6265
739 9115
3256 2792
2773 4350
6841 9864
8835 6545
4009 5155
1692 768
2775 2844
8521 7710
7178 9773
3562 2326
2750 9241
7286 1208
9400 2018
4410 9669
3685 806
1440 3209
2766 7547
2844 7580
7156 2596
4246 6814
145 6137
8241 1406
9331 6486
8672 2946
4106 267
7744 663
1282 3811
5202 129
4960 77
5964 4029
8247 1103
4022 3163
463 4287
5034 3017
7668 9354
4458 6161
2956 1968
9310 1406
3977 5343
3850 1515
5404 4295
2502 7595
3132 1307
7988 4242
9094 6088
9005 3034
9250 277
1835 2149
7486 1965
8557 2506
718 9740
9038 3034
1872 9412
2532 6890
607 4796
877 1787
5875 5024
81 5852
7376 1092
4290 7499
4730 7266
4629 2905
4871 2233
5703 1570
1922 1163
3184 6885
7656 2333
5425 5183
3229 7656
5701 1121
8809 8018
3158 7964
9356 5907
4710 7781
2189 1629
8087 5554
5711 4605
6897 6504
4990 9954
5339 7726
624 4574
7496 1830
8634 677
6432 4722
9936 1216
8119 967
9164 1839
3754 1457
4272 4183
5923 2067
3254 7880
4069 7160
8982 3191
5398 3553
5983 8097
2267 4378
3009 4851
9485 6929
1168 252
2060 4827
4655 1887
4455 6520
8734 7156
981 8127
936 5745
6728 6786
8046 4500
4871 4984
1397 2539
8722 9463
5735 9975
5455 5572
9183 2154
8277 4963
2681 3853
9582 4314
1293 3657
379 999
3735 7445
1329 6685
2785 2213
8286 2913
2297 4295
5519 5577
4816 6954
6442 4232
2404 534
9852 92
4698 9259
9931 6040
2259 3203
6776 6817
8259 159
8743 1641
4402 4985
5428 3880
5987 1347
2168 1703
9823 5780
7435 8471
8602 8189
7145 3402
8541 2992
4930 1141
8098 8825
2968 4977
4324 3387
444 9337
646 1464
9869 9960
3344 2173
8138 7434
7224 8978
7604 8306
2219 894
5718 3549
920 4211
8805 9892
6067 6614
5818 9671
1846 4907
8300 2766
214 1186
9974 2951
7262 1012
7444 2385
1897 1532
33 116
6242 7523
4416 3917
4647 6007
7778 940
358 4032
9023 2363
9096 3955
4276 5948
6702 8566
1549 1476
1226 1687
6534 4552
992 2100
2612 1446
6006 8982
5448 9164
929 2259
6290 6145
7427 7908
6609 9527
7462 5701
6651 9813
7859 3594
1039 1961
4548 4877
4493 7382
4511 3341
6641 2108
3659 5070
9288 7685
4598 5697
7640 4035
4490 5042
2750 4664
3074 3188
3337 6815
4612 6519
842 6216
6528 6194
4756 3287
7122 2308
4873 5204
7239 3744
2445 4625
546 5504
8242 8477
5685 4613
2624 1891
6583 3427
1041 7086
7905 3071
8368 6082
5448 3502
3444 6961
9639 3791
2609 9593
7014 639
5988 41
9291 8340
7327 1627
4160 7083
4208 3410
8303 7625
9305 7972
4687 1876
1392 664
9519 2020
9950 5794
2935 3395
825 3376
1441 8083
806 3221
4426 7419
8879 6982
7068 7203
7002 6854
3630 956
3638 6014
7975 6376
3053 105
8813 6988
2723 5681
8119 3002
9334 3690
5321 528
9661 5874
2052 2746
2206 9273
8463 8865
8505 5703
5268 8117
3585 5051
3867 6359
5988 7083
6105 2864
4184 7672
9478 8085
7354 3551
1537 4901
6489 1604
9709 2012
4377 2048
865 2064
5013 9425
6277 6067
8606 8152
7870 4274
2393 9279
9078 3275
9350 9037
7327 4053
1207 9121
233 1083
2994 3678
4801 8624
4461 2953
7574 9524
4267 5062
9543 8547
8605 143
1847 5998
3743 5378
163 912
7031 7406
7273 6181
9411 4646
1279 1662
640 6960
3471 2784
4115 9129
2279 705
5943 1055
1413 8669
7048 3667
6546 5512
8988 9909
6559 1390
8986 1736
6632 7494
3524 6411
5191 3830
1475 4790
3606 1454
4694 8371
2219 3877
3694 1113
6525 251
9130 4789
7693 650
4336 2752
1438 3309
158 8494
1937 3705
8248 7863
3633 1165
2300 4497
3667 5975
4553 7112
6816 6719
147 2529
9785 5536
488 629
8477 9994
1290 8191
9052 3598
5450 3456
8742 9399
7323 823
2121 297
4712 8043
414 4719
2509 1872
9227 8713
6615 9985
9061 2295
6452 641
4373 9979
7033 2784
8373 3756
7371 3835
815 1700
5626 2200
2622 9123
6306 1632
175 6659
2595 6072
3149 4865
2071 3924
3473 39
3378 4946
1788 7854
1666 2418
1739 5274
2517 1548
1709 9255
3740 9094
2850 9597
9043 6273
2541 7294
7575 111
4111 9623
6107 5989
7574 275
5042 4817
6165 3527
5552 520
3171 7039
2977 2219
507 657
1516 7367
6086 1968
2369 4814
534 1332
3967 6179
1233 5985
2892 5218
6963 580
9561 1175
1554 9003
6083 8502
6431 8677
9464 8685
5587 9423
5774 4169
1221 2993
8238 9467
1523 3626
530 1936
2078 5879
5722 3121
126 6077
9225 4835
5028 3138
516 1889
7983 8409
7285 3444
9508 5955
7491 8048
2971 1146
1284 4395
2100 2853
9928 7023
2370 9246
6751 8894
2837 9365
5749 9305
6092 2634
5912 5225
2710 3661
53 9559
6154 9495
201 2807
1539 9128
9354 4844
4875 8509
7082 1074
2887 1995
6184 3412
7872 5530
670 7540
9714 1363
1289 4117
2442 2974
9297 303
9243 3864
7758 3313
5596 1492
7831 8399
4698 1688
8851 6383
5991 1596
840 8444
6888 3551
659 7735
5094 4192
2769 7258
4591 4500
550 5807
509 8467
9670 3980
3990 4911
2295 9730
222 391
5313 8906
9199 1970
6083 9643
770 6041
7400 4464
1884 8202
8225 8778
9735 3674
5174 6760
3643 1596
9921 871
1489 6130
3502 3348
6512 6881
4781 4136
3406 514
8594 20
3474 7156
7106 747
2752 3756
4511 819
9568 728
579 73
635 726
7779 4964
8557 1236
6243 7054
545 5419
1364 9538
8129 8553
4859 989
3810 2936
8466 2578
1215 3769
3684 3729
6459 3473
7152 9975
3784 9465
23 9129
2293 1107
4967 3086
5859 8733
7187 824
5866 9773
8601 8275
3154 2788
7058 8019
1833 542
9419 5412
1837 5095
4755 8866
8957 4734
9904 8516
5435 8597
6714 9774
3879 7562
2722 983
751 9653
7682 4115
6289 8091
4205 2517
1869 3310
9247 4831
9354 9122
9442 3
7524 1457
5918 8225
3624 2083
1581 3452
1337 7141
9364 3981
6401 4600
8343 6478
2488 4816
6341 9260
292 1959
6274 1010
6758 5308
8397 1757
9855 9880
2570 173
6153 6193
2061 3786
7467 9509
743 2198
6400 8710
4222 8091
3146 1100
477 3092
747 3347
5809 4074
1966 3193
1188 9676
5906 4458
8385 9738
6531 9518
9593 3383
102 2062
7091 506
9055 759
5812 5675
9407 6699
7710 3585
5314 2141
6681 8570
1203 5304
8303 668
4917 6813
6717 1969
2157 1510
7743 3064
417 8032
3413 4357
3560 5213
6095 4456
1729 4102
2955 1128
1469 1692
590 4287
8094 3120
688 9778
666 4723
6062 8743
7270 3052
8328 2609
1501 53
5447 9410
6069 2332
526 2929
7783 5347
3896 658
5650 3234
8963 5137
8121 6894
6327 7725
1281 8374
3341 7077
410 8790
5574 7286
4290 1844
9856 2427
1786 9998
3031 9398
8556 9326
5387 3665
3540 4719
4235 4615
6201 7650
2918 7151
2699 6523
3341 9336
1683 7271
1731 3647
7158 9680
139 244
8597 3736
50 9613
8448 6135
933 9920
7615 1641
4118 3051
8593 7757
9131 7409
4851 858
6948 8391
2784 4523
2631 8057
9806 5331
7091 1269
1942 8491
2998 6574
353 5012
7579 3271
1123 455
9979 3948
1411 9582
9894 9425
8899 536
1123 26
323 9374
3689 6961
4457 2063
2628 6502
4129 5983
383 2725
1767 4457
7199 5556
4669 7935
6605 8269
2791 4909
8038 2338
9136 8279
6862 9047
2296 4196
8305 8006
9923 9569
205 8630
9075 71
7365 9275
5319 8921
2517 9012
5390 3629
9959 824
3112 3389
1214 2275
1927 4294
7110 9277
7258 2742
1547 2981
3585 527
4750 5333
1115 688
3286 3918
6666 2261
4051 2262
1762 1146
7955 7810
9091 7320
3773 833
9325 1487
4660 5109
7114 9604
2172 6407
3739 9993
3796 9393
3653 6515
2042 4969
5388 2736
6350 5227
8249 841
7631 4873
3401 7408
8236 335
2969 6855
7873 9955
4840 1212
5825 1586
2339 8123
3477 1859
5037 7401
5330 7479
5428 7777
4551 7283
6497 8535
7406 9237
9479 6070
8621 6884
4187 5594
3686 9229
2325 6668
8670 7918
7964 8469
2648 4051
9348 6511
7050 7321
7828 503
4330 3413
7110 9501
3026 2647
2685 2928
5706 8330
6689 7235
7653 1636
3672 6993
1005 839
1249 5557
6341 2809
7157 5021
2081 3340
4094 1336
710 9510
6670 586
8646 2865
3016 3829
5484 3627
3881 8395
3103 2224
7794 7515
309 8937
128 6826
242 7181
1998 2606
6350 4802
2316 2105
962 961
7608 5543
2206 3970
5227 7612
9972 2282
3844 1863
5925 2368
4636 7200
3012 1699
1647 2534
7438 6975
4486 2399
7168 4314
4814 8611
119 1356
9425 1586
3632 4742
4638 9791
2542 4163
4192 665
8149 2767
8083 6509
693 8516
7859 3621
7326 6991
3105 6444
6091 1527
1338 4973
8663 2228
3533 9579
4083 9435
3941 9191
254 3702
1801 7490
6970 2396
7493 509
7372 6439
9065 6027
9132 7550
1858 8791
5273 7634
5367 8257
8183 4207
2589 8882
5334 2659
2644 1526
8763 3672
6390 3519
4270 6428
4349 4578
5415 6629
7632 8969
8105 3691
6935 4186
8118 1226
8822 7622
224 6195
4737 6076
7175 4166
5954 5358
8029 3682
9175 9654
7451 5974
8909 9875
2713 558
8146 9280
6587 4078
7393 7788
2606 8358
8829 9099
6661 6024
2879 9845
8976 4989
940 9984
9411 9458
9901 1648
7100 5245
9528 2668
3518 6510
9665 3799
1300 2178
9670 9363
2586 8862
6473 1288
9602 690
4337 7791
2612 7345
9489 5660
2381 2736
503 7219
5241 701
2347 721
802 3352
1957 3560
730 8916
6138 935
5446 6605
7626 5594
2203 6076
5576 7932
2684 5230
3941 1325
9313 6079
5135 2516
3648 6098
3777 2238
9309 2845
7116 3170
2260 2576
7090 6351
8988 1103
7708 7113
8227 3508
4078 1200
8200 5553
5059 4185
553 6569
4161 2426
5530 2488
719 6000
2816 2688
4196 1157
4144 9840
1502 4047
8640 1121
4446 363
4887 1854
2287 8040
2159 8431
7855 9016
8166 6329
110 8621
3014 6372
4502 4960
8675 3745
3070 1265
9940 671
6108 2726
5804 1327
6470 8749
4715 7231
3783 8841
901 3065
4084 5644
7770 2017
6602 1546
7032 5846
1491 3069
8753 8891
9742 4987
461 1217
9861 39
1197 812
4792 9258
8002 6476
4693 335
7280 6503
1130 3293
2814 7148
9968 1385
6437 9492
5250 5702
9897 9163
3054 3915
2447 3713
4057 918
1026 9604
9577 2532
1317 5314
6507 9764
8525 8466
9837 9495
3378 5439
7951 665
3828 6049
2028 1465
2037 7865
2316 8520
3784 5078
2566 5686
548 9655
2415 4743
789 373
4622 9665
7534 2687
3568 8624
4112 3001
4604 481
6132 1804
3858 4146
8216 7640
7188 828
3307 6434
9488 803
3746 228
9018 9032
461 2312
83 6801
5951 932
5486 8295
5749 7019
6787 6580
8628 5223
118 9250
7199 9194
9925 481
7869 7267
3391 7056
3028 5795
7160 1094
7175 3995
2163 6299
6608 6319
8700 5766
8283 9875
9759 5884
8180 8004
7338 7579
2574 6690
961 7494
1124 3495
3563 1063
6010 2374
7037 1406
3196 183
4458 1052
8721 7789
5581 6278
175 7666
1070 6104
1659 8163
1671 3543
6203 9098
5664 4878
5422 1072
5472 8276
9539 7102
7087 6170
4031 8435
6238 430
7733 9950
4106 2964
4526 2173
1730 1978
1052 4186
9834 3520
8386 8594
7289 2714
8585 7605
6083 218
4794 32
4099 1839
2128 7338
673 3130
5209 7252
7105 6988
1351 2996
3208 7085
2925 7542
9855 123
3123 105
7390 9783
6433 5353
376 3007
6954 7418
7962 4141
3466 7988
727 4150
8621 2777
9337 3698
8931 4767
7061 3063
9354 1558
4587 7468
9470 1645
7899 7450
8735 560
4162 1947
3253 6372
4448 3096
4183 9127
2279 1628
8350 6475
3842 1226
9816 6721
8016 4713
1089 9853
2595 606
8731 9770
1981 6587
2592 1683
6352 1618
7114 7280
547 7383
6245 2090
5067 5404
8133 1219
8225 4437
683 495
6005 8859
7185 4086
6141 6021
8707 1476
7262 8570
6071 6895
2457 4724
2949 6762
7176 3837
2954 2846
9545 2932
9743 6897
9333 9592
5268 9671
5837 2446
5861 203
4335 5803
3340 8738
3411 3418
5855 344
7881 3005
2929 8469
5240 3056
4036 2556
8652 2289
8857 8514
3940 8171
401 4541
3272 6581
8966 8263
5401 4406
1076 9871
4034 1174
1407 2278
5290 8439
8541 1798
3952 8447
9283 7309
4714 3128
8597 8245
3000 3122
3861 6935
1639 7245
9485 1848
4592 6215
7451 3003
407 3608
7714 6275
8358 3193
4263 9526
9084 4410
9223 3006
9407 1594
2389 6391
2876 2797
725 5769
6023 246
6323 1531
9503 4085
3752 4663
9497 5223
8121 7416
8249 280
2473 6876
9210 6216
6670 158
2548 8675
181 2611
5624 3275
5297 4378
6138 7241
1845 2543
5169 6386
4077 882
8654 4983
2986 8423
9424 8146
2496 2383
8163 6735
6909 8912
767 2283
6161 6444
7962 501
1897 2411
640 1390
9176 995
4574 5560
1371 291
8808 4850
4811 4883
7214 5303
5292 9007
7211 2929
6253 6453
4742 8480
4911 8840
8416 5176
1045 1119
1178 5779
167 8311
1611 7349
4540 7522
9705 5262
8685 9568
5355 7355
4731 8429
1133 2017
2939 7411
5672 5326
699 9061
2860 4778
5391 3175
7317 5180
8965 7190
7014 255
7995 2690
8155 556
2201 6047
9666 8228
6954 5777
6962 889
2391 4876
246 50
2428 4968
4080 5484
4132 1521
4342 5921
3658 6498
3667 9356
194 4458
6881 2507
6602 9805
7527 5691
1238 2113
5851 8674
3576 4323
8799 9778
2777 3192
3886 5133
9205 6004
1414 5398
2954 5850
1037 6232
2537 4128
2302 8615
9319 4211
4068 9481
2940 2806
4568 9434
2435 5943
1198 584
1822 8531
7654 6479
3368 6916
4478 3986
640 1922
7643 1784
204 5266
6448 1814
4021 9149
2020 5279
5662 6679
3075 5999
1523 7498
1862 7834
5383 1891
5635 8406
4746 6795
2575 1842
3248 4665
6696 4396
5742 2835
5852 8870
3666 3909
2315 5896
1312 2076
5388 3726
6375 8327
5864 4504
2847 3565
420 333
2748 7958
6379 9088
2972 3733
3042 9527
8660 8494
9093 3964
5740 6169
5321 836
1099 3406
4320 2387
6954 9551
8347 8763
5839 4742
8163 7312
1628 9816
9879 5715
6684 46
6265 8765
3033 3801
2400 2287
3839 8544
7705 6318
2531 2575
7441 3824
2981 3277
7513 9279
7811 5654
596 2686
1849 8654
7584 4565
4206 2610
1552 6509
5026 5010
1949 8274
5686 2912
1005 5370
8285 5544
4064 3736
7414 6551
9103 9539
5648 4193
3176 8447
5016 7846
9018 283
222 2900
6236 1311
144 356
3923 9607
9223 8469
1755 9493
4700 2940
9533 4257
5310 5010
3583 3942
1086 2032
8849 7804
785 7125
388 1270
9025 7975
3946 7279
2593 4556
7513 1077
3675 2806
8387 509
4430 7379
762 6018
6723 4950
5455 8543
752 8611
7662 8208
3314 5608
5741 6461
9935 9270
6827 5856
7319 9867
5181 4145
9319 1581
6590 4223
7658 5970
2529 1946
7173 173
8795 9827
1238 3474
6768 3924
2759 6038
5697 3411
7679 4314
5467 5986
2243 9572
9548 9062
2259 9982
5263 4742
3209 6950
8351 3334
2803 5732
3788 8145
5345 5463
3456 4844
6541 8927
6561 5088
1141 77
9900 6979
5964 1067
3282 1871
7137 6898
9410 492
7645 4303
8752 7847
7615 1671
6618 6145
3429 8085
7732 547
2172 2229
9332 1251
7613 1990
8099 4567
3323 2394
5375 5186
2442 2267
4684 410
8872 5602
7470 4552
1763 5444
5064 6076
9955 4428
4280 5067
9713 6092
3562 416
4917 7025
1121 8809
5354 5255
3308 6147
7143 1879
1545 7706
1466 6020
4109 181
6026 820
8434 4371
7864 9384
1037 5177
6465 1700
4261 2566
9967 594
4487 2089
1614 7461
5179 3014
1637 1571
9572 4120
4110 6840
5152 3448
34 5471
717 4613
5518 5431
1407 5159
5362 3638
5582 7923
8559 6501
4666 6683
5916 9418
9367 1340
8562 5864
8510 5084
9891 9481
5331 5846
1934 7204
9329 8407
7671 6850
8175 4846
5200 204
6456 7545
8255 9076
9195 5012
6323 4452
7011 8411
6849 6699
2267 378
3815 5907
889 336
8922 7551
1806 9840
9406 3238
7742 2291
1017 8494
7299 3502
4724 665
8226 8801
83 128
3047 8365
3102 6111
4116 6585
6578 5355
6093 5278
7209 1911
3411 8196
2065 8123
928 2596
4122 948
3198 5522
300 2841
7612 7279
4535 5128
6585 5171
1087 6502
8051 7241
163 6069
4643 1530
6056 786
3383 3662
5747 1716
8573 2212
4140 60
9713 4061
5402 6154
1006 5234
9702 2362
4251 3455
1486 5373
7887 1181
7150 5720
6075 5871
7764 9334
754 7003
9736 8304
1758 616
5548 1650
3340 9803
873 2839
4017 1193
7451 8342
1106 1432
7278 7121
237 288
3173 919
6028 898
7241 4353
8188 8023
8885 9262
8713 5902
3536 3172
7606 9682
76 9142
2074 9627
207 1614
2856 8752
4391 2821
3534 9398
1502 5360
7520 6092
3593 1229
8176 5572
772 518
7788 7492
9666 860
737 8465
9163 9205
2335 6498
646 3635
1976 2776
9601 5239
9991 5935
5181 9366
8119 3851
9010 7666
8281 4219
7334 8939
1632 973
3543 9238
8542 1902
127 8797
5138 5710
2024 9042
2430 1327
4659 3937
4224 973
8165 4798
7886 2447
5399 2232
1671 9717
1668 3376
3618 1148
5278 3624
3846 3163
8936 7579
7591 9798
2748 5374
8208 65
6456 9132
1186 5012
4202 9601
7917 7033
9190 2814
6313 9119
9725 3322
8335 3315
9067 9939
4230 6592
1435 4925
107 626
495 2224
7386 6554
4989 976
9869 6743
6193 9282
2038 9073
5724 3693
894 9975
5162 3694
8167 8880
4681 7832
2092 3278
6444 2556
3092 9855
8634 5866
3708 6328
7571 7877
9985 1896
8988 1200
4688 3706
5311 6602
8174 5827
7928 1319
1319 4819
2098 3729
3682 4914
113 7039
7158 4247
634 7128
6868 7282
3938 5062
6546 1492
819 6420
8468 6226
2359 6609
7022 828
5285 1323
2087 7582
1380 5419
1054 3623
3251 3062
8506 9756
5374 8773
8832 2626
6337 9657
4056 6265
6175 9055
6352 7425
3129 740
7511 4235
2006 6229
5850 9316
7292 3125
9064 7628
3659 51
5751 6117
9404 9454
4124 7514
1898 9172
1024 5540
3390 4984
5038 8142
3848 5572
3818 875
9431 7932
5761 6925
8935 9417
6098 5822
8166 6646
4205 3478
3644 6960
3744 7828
7751 5871
3540 6710
157 6605
9998 4566
4598 1902
3752 3713
6664 7951
8802 2888
3554 2352
8116 138
865 6980
4292 8253
5457 2481
8420 1438
652 6898
2863 1817
8859 1844
5761 5572
691 2523
1675 173
1864 1101
3803 8126
4614 3575
538 3845
5515 9349
9545 1636
775 3111
6138 3302
6758 9371
7072 2325
9228 4898
9309 4917
5876 7194
8147 107
6953 9049
1543 9831
6598 5902
1119 7823
5268 7239
9872 5223
6345 2785
6534 531
5419 3209
3761 787
9275 9867
256 8163
5030 8754
3288 9189
9172 71
6163 3396
8993 6720
4246 4928
3405 313
9358 3785
583 8430
3463 597
3853 86
3517 6922
5032 8129
3188 15
4221 8016
5796 6587
5993 9974
9931 5943
5426 4871
8537 3690
6158 6580
3782 9145
9882 2579
9885 6549
7379 8437
5933 7381
4445 671
302 4504
4437 9538
1117 8949
7553 4518
3895 1395
698 6487
4412 6320
6276 1852
1036 3683
6984 7058
1313 5367
279 8994
8555 9898
9293 5866
9279 3390
8213 3007
2812 1141
244 1770
1241 9779
7720 8213
58 4389
9477 8379
221 8733
3042 2038
5811 1638
4699 4485
3737 2709
1974 4444
3477 9426
6355 4966
1726 4456
1640 2903
1828 7809
5719 3434
6006 2459
9492 1800
2511 3864
8999 7252
4777 24
5483 4272
844 5708
8915 7798
4908 3299
3935 1418
5744 4517
1547 1810
1333 393
6714 3602
993 4259
1876 6398
2732 6244
5602 8049
7559 8881
6807 1384
6052 2571
6788 7120
1720 1281
5947 8501
1170 9514
420 2138
8232 6932
3346 5640
4519 2576
4625 5525
6667 6606
3426 4551
2594 222
3297 8967
8846 4972
3742 857
5086 4338
339 9874
1966 9264
2726 7697
2344 5211
6041 8141
1775 1868
3876 3196
1724 1995
6090 4154
3917 469
6349 819
4568 2524
6659 4993
8810 4348
5598 730
2809 3966
2693 358
5517 1799
9514 1543
7020 1987
1608 1285
9416 962
1269 6783
3861 5801
2580 7176
1412 9059
2649 2891
655 6160
9012 2151
9409 7180
3138 3408
3469 6937
4586 9059
4800 6415
3795 7116
7171 542
6619 622
5866 5877
1 5890
4737 5343
1490 495
8266 2183
9790 5127
8970 3645
6756 4851
432 9471
6818 8417
3939 5459
4878 9277
9114 4431
1504 6108
609 4893
7276 5543
5296 8600
6475 9989
3472 4775
5149 1027
7541 8397
1250 2657
2509 1964
2595 2941
2325 4991
7089 7103
1005 8662
6571 6782
285 1860
5370 5389
1843 1723
95 5533
1734 6233
4498 4202
9682 6705
3147 7794
2261 1820
1359 1883
9242 1944
6120 9883
7285 3757
4009 7894
3416 5231
6442 852
4609 601
2296 9192
876 723
9068 3126
6172 7328
6170 2607
5297 6103
9437 7936
3973 1631
2550 9122
6711 7753
7082 7545
723 8005
2273 8288
5804 2600
3023 1617
7080 1280
7377 6984
7072 8557
2577 8424
8333 1748
3016 7921
7934 1780
3717 8158
4939 6255
2083 7949
5018 8675
9420 9426
4179 3485
3178 9602
7972 29
4453 8150
9206 3312
471 1421
5712 4355
7778 3576
6390 4481
9061 5733
6473 8467
7097 4616
2980 4129
6852 8251
748 8750
5483 493
9057 4196
344 1832
4309 733
5286 1473
8401 1920
229 9641
6501 7772
7696 9458
6731 102
3817 723
4041 4435
8282 6753
1685 9239
1094 7866
8451 8209
8983 8621
637 2362
8162 5091
1147 5462
3218 8998
9916 6922
2191 6782
5968 147
9351 3107
5863 7764
7035 1476
935 251
366 7662
8283 4057
5719 5275
3629 9116
3462 455
6928 771
6793 3194
1085 9841
9989 3283
2999 5422
3841 7249
9792 2359
5587 1122
9588 5700
4417 432
7708 915
1656 7307
5891 5024
5193 3609
3120 8416
6990 5296
3089 8026
189 3560
1565 606
4301 8866
9970 8182
1091 4852
2599 1687
420 1207
6160 1789
9613 8558
9882 1629
3563 233
361 2882
7560 687
8581 2941
7282 835
9896 5396
3750 7007
8076 1880
5357 4481
4228 1684
2995 7144
6007 8147
3610 195
7811 4842
1234 6723
7977 9762
3947 9785
3716 1601
3476 5886
5954 3807
182 9384
9101 7373
1568 4078
750 4078
3460 7348
2502 5424
452 3117
2538 1937
8569 8238
2931 1579
7056 4754
7745 262
2736 843
2630 883
9148 4607
639 5968
1231 5654
4029 5870
2969 9886
6255 999
4860 4331
5587 4644
9897 5167
1630 4020
6630 7149
8212 3188
7370 8245
3668 4390
2170 1285
9963 4436
4885 7448
5700 9222
4160 3614
9032 9608
4976 6236
6680 6130
7658 5487
1947 998
740 1426
6058 6494
4521 441
7517 2779
4621 8697
3551 2262
2077 1172
5017 5683
5621 5093
8667 7194
6637 9842
4051 8965
9565 5753
1419 7073
6917 4208
8712 9995
5571 1055
8023 4680
1762 4905
8146 9280
4461 9773
3124 4490
6594 3567
3483 7399
3127 1721
192 9356
7223 6241
1386 2266
4267 7813
4571 3733
922 3403
3909 5536
8423 2458
4477 2678
9216 120
2589 3618
4149 759
3876 6769
3962 6617
4057 209
5319 6929
6555 5687
1464 165
4084 3584
5534 4996
2978 3521
8551 8584
7997 8910
2759 6861
4241 9910
2234 1618
3003 9593
4772 2412
9603 5831
9644 7553
6825 8698
3082 150
4509 8604
5971 5396
7774 584
3623 4075
8443 8172
2407 4383
4379 887
7939 7071
1397 7837
5334 6848
6251 4130
1328 257
5746 4638
3103 9272
4244 7717
3861 5323
5197 5969
8780 7904
8234 8255
5580 9236
2703 9553
7031 4771
304 3388
4997 141
8700 4760
6609 4873
8241 1715
343 627
4623 4382
6961 6465
8764 9918
9447 6740
8906 297
9529 4450
9873 1750
7633 1827
462 490
5650 527
8245 6834
1989 3104
8382 6858
197 4443
6614 5592
729 3479
8712 7345
3993 1265
5972 984
3418 153
8341 4732
3207 9945
5196 6498
1225 6816
2583 7050
5406 9007
5197 398
911 7289
9102 2574
4237 8380
1552 2353
5617 2760
8868 8203
7719 2701
7807 3034
283 1160
2701 3839
431 2886
1380 7018
6139 6603
8093 6360
6523 6926
7492 483
8195 1629
2893 6609
360 3587
6638 904
7799 2867
9016 2807
1922 7341
6229 3313
3823 3205
6009 9213
3322 6272
8596 9815
7084 5857
2462 5816
5607 8696
5723 3060
4722 3691
4958 7141
1067 2698
8225 9339
362 8597
1971 8720
8364 1069
2857 4578
5595 2493
4799 4068
1617 9125
9791 8321
9738 4533
3335 1457
8405 159
9960 8330
788 8583
3219 6603
3775 7378
2881 535
1879 6596
2856 5264
2730 4729
5622 3297
9689 997
9354 7399
1685 4261
9733 1010
853 8426
8506 155
4362 5776
8699 3248
9360 1074
6295 5644
4021 1022
7549 6676
6770 9242
1004 4718
8827 1136
9857 5660
8922 8374
6278 5014
1540 495
5876 8252
4259 2643
9226 2156
3531 5742
586 2556
2448 9673
1292 775
2610 4227
2195 4546
9177 655
4432 985
4913 4498
5264 182
9702 1378
5409 8581
3332 7666
5936 3048
7693 4790
7864 2554
7589 8294
224 1720
6303 5781
4224 5408
3632 4041
1559 9366
5877 7757
4212 4763
2074 2005
4565 1825
7826 137
5184 6901
3192 7717
1376 7860
8163 7132
4810 5042
4882 5635
9431 5821
1228 6058
6356 6561
7728 1797
2529 8008
3095 6796
2414 6174
5643 6593
6899 4010
7508 3132
5851 8033
7821 2876
9129 2574
9253 2531
26 6338
6164 6058
8686 3751
1397 9227
5394 215
5282 637
2965 3540
3055 4106
8768 779
3175 9217
172 8786
3723 207
1336 6353
8553 4055
3913 2912
6373 8797
4248 6187
1227 5683
9374 8612
4381 9814
6183 9284
6549 3457
2146 8139
9561 5737
3593 4950
7643 3763
2590 3809
4579 7262
7714 2432
9892 9984
4845 1331
7736 7063
8678 3954
1735 1882
5428 1702
2650 3902
4476 6550
135 9277
1809 6049
7617 8575
400 6036
1584 126
469 9944
9944 3658
332 55
7351 976
1046 698
3344 2484
8220 3969
3368 3450
7604 1400
6773 372
2236 6948
4533 235
5203 9295
5463 9011
3736 2355
8896 899
8883 9708
5729 7676
5943 3720
2761 1664
2374 9580
3629 8936
6812 3731
6849 9428
2452 426
9893 7667
1690 290
524 3657
8276 6283
5782 5149
5756 469
6065 9041
3061 1534
1945 1982
5066 5414
121 2208
4140 570
256 5812
2786 7155
9749 3455
2146 6204
8044 3165
9117 5060
5157 2620
9181 2940
6073 7747
6199 3171
1388 5816
3438 3252
2137 9708
9697 8957
805 4829
9407 6920
4524 8320
6164 9416
6431 8052
8621 7830
6653 609
3673 8547
5218 7521
6166 4921
2930 7559
4804 4978
7602 737
4618 1124
5251 2904
8074 4952
1180 534
6829 9133
8970 2698
593 7498
6499 5460
3469 109
6452 133
9820 9443
796 4508
1516 6593
877 1616
2685 1147
983 2083
4427 9528
9911 381
3899 6120
9004 3925
3506 722
9314 9254
5432 8638
14 1346
4572 3759
4295 7495
6164 556
1180 241
9600 3230
4994 6359
7821 2037
6511 6040
2295 7296
7808 2761
8151 982
6464 6855
6451 3020
4275 6424
4677 3317
1686 7722
7058 5504
6435 7567
221 1156
756 6201
9349 3617
2081 3154
9827 5526
4164 7208
5569 9277
1788 2979
2221 2780
7380 2646
9432 2720
1028 6519
9245 8759
4913 8669
348 827
4162 2867
447 5979
2398 5609
2376 4186
3025 8139
6144 4823
2887 9495
50 2004
7671 5622
9466 1342
977 581
2576 3326
1790 5360
3257 6976
2720 620
1951 1056
4476 3803
813 3980
2752 2128
8079 4740
7708 1684
451 4193
501 2142
3917 8314
3147 4081
8708 483
4047 8712
354 7325
2103 8687
7393 3336
2060 6791
8171 6004
1567 9952
7536 9040
6503 9768
7393 1783
7003 2008
4482 8143
7064 205
2819 341
2923 5545
3638 9110
1484 4190
9661 9463
1449 2154
9905 4662
6255 1856
5472 1048
9456 6098
7424 5038
612 7811
574 8925
4819 1744
7749 9926
6470 7053
1246 4875
1124 6313
805 1229
3894 8453
8859 6989
2091 7886
715 1508
6243 3313
5000 3436
8376 7590
4196 1351
6447 329
86 913
8378 3384
4165 1201
6825 6634
1640 8515
2550 122
2477 9129
4311 8364
2943 8325
9469 9560
5800 3749
967 904
6020 2938
1431 510
4366 3542
1990 6791
9727 7603
6891 1106
2226 5069
7381 7957
8992 2452
4618 5487
910 608
2001 7681
1924 5013
87 4354
2465 737
4809 6853
3124 8603
4314 291
3614 246
9960 3415
9215 8473
1078 6118
7828 5381
415 9456
6806 5060
594 4056
8809 2353
3098 7955
930 3576
5621 4619
4478 2182
8361 1672
1972 3987
2311 923
5992 3582
2495 2405
3739 9958
8000 740
1205 4944
6661 5677
3177 1522
949 331
7188 7812
824 6481
5033 6856
3272 7238
3836 5512
8585 6150
9265 7324
8561 9903
29 4907
9873 8931
2471 3134
6243 8051
2144 69
3090 7811
8882 6143
1235 3101
8793 6354
8002 9740
4798 5423
3082 828
4722 6666
5968 5950
3543 3188
281 2734
6626 2311
389 6162
3597 5347
8918 7715
859 7742
4929 6047
4582 9252
4370 8859
8908 9120
7652 5015
9958 7638
182 6823
3257 9929
8424 6328
5379 440
3772 4349
9693 9700
8069 486
354 1548
3512 882
499 8860
6812 9476
975 5894
6164 3895
1840 9181
4197 3609
9605 8662
9323 7663
3984 5139
8264 2507
448 4658
5444 5861
3961 335
6798 679
9271 1745
3258 2035
9349 9227
7561 3407
3137 4999
4967 3303
5819 4923
7708 3620
1602 187
2341 1512
9956 5543
127 8492
9593 8713
8929 7120
4637 9589
5937 9156
9487 7412
4332 5449
698 8439
1663 9802
9507 5749
4811 4256
1485 9180
6658 7175
6768 5889
4386 9740
2950 5360
9315 8061
3367 268
5617 9507
7075 5528
9909 3031
6086 4022
728 9915
1098 2182
8155 1070
8509 4037
8620 9013
4848 24
4010 3862
6220 4094
9092 157
1293 4248
6077 9658
8663 3130
3026 5549
3621 371
5370 4549
520 6166
6374 4186
5397 6116
5738 4950
3959 6645
5923 5999
1687 6952
8340 1397
4727 5099
8179 2657
74 4310
4834 7383
5889 3007
5918 7209
326 1783
614 9707
418 8857
2938 1472
7874 1291
9274 1556
2415 1754
3905 8786
446 826
1532 9688
5906 2445
7334 7503
4676 593
9621 8249
2522 5434
2625 2713
1585 4838
6083 688
2215 329
4744 8921
9108 9888
5473 7930
8200 7056
2228 175
2967 1305
7188 3904
9494 634
2622 9235
1058 6626
193 9931
7046 3487
9256 1031
8865 6381
3535 5528
2452 7230
3147 7639
6616 8522
2863 5947
4206 3823
2592 4914
3186 2269
1754 779
5537 1321
2123 3077
4577 8847
5604 5207
9133 3940
6100 1619
3450 766
1527 3898
3836 3538
2031 1245
8920 8388
7827 1667
1620 2695
3386 617
5486 7990
7674 3060
6367 6824
1076 7436
2171 2940
1668 2923
117 569
8546 91
8302 7505
7705 3861
4461 5095
3250 6279
2211 6989
7175 7772
1117 8393
2725 157
1602 2343
4182 9703
7310 9607
2652 8190
5746 958
7257 4047
3641 617
4693 9328
9807 3565
2195 4808
8238 8120
860 6252
5783 2480
98 753
1409 5188
3375 8078
1022 3388
9706 3454
2918 5449
1153 788
5120 16
4207 6005
5175 587
8047 4507
9368 1034
9607 3915
2748 1453
9797 1636
8438 552
4396 4656
6112 7586
2253 3611
4829 7069
1319 8503
7300 8482
6975 4750
2835 6438
5883 7430
6796 115
1229 1880
3973 2475
177 1798
5128 3314
5497 2865
6023 4950
2050 3860
2496 796
8277 705
6037 9984
6283 7917
7397 2957
881 6890
4101 9024
496 8198
6676 4759
8491 3979
7150 8192
2578 2078
6832 6683
6845 6070
8284 2144
6152 4769
4406 2666
692 4758
3105 2165
2892 4933
861 9508
4889 5854
1274 7892
7880 7454
1651 3239
2602 4380
2896 7507
7985 6676
561 9282
7394 5745
8667 2865
6527 7155
1671 4592
5546 2431
3307 810
6942 7785
2592 837
5064 2709
7714 4518
3181 1087
5301 388
9518 7232
1464 1695
860 3745
7760 7150
2448 7985
1949 3463
9385 847
8992 1801
1649 3135
604 4562
4788 2512
5926 3780
9358 7173
9363 3100
9418 2879
3728 5740
9783 427
1518 7420
6718 7893
1580 5182
431 1481
7232 337
1768 3175
6512 8881
6402 5872
9277 3298
7004 5677
1255 33
238 5112
232 3518
9689 9761
7957 6652
6961 7980
803 3965
1195 4793
4834 4898
2588 3147
2642 8796
8541 2276
2688 7114
6794 9168
8881 1558
2625 1895
1498 3122
8340 9256
9943 916
8692 6346
1234 4748
8745 3686
3044 3261
8325 7891
5247 7021
4998 7894
1569 8161
3971 4234
3447 7713
5396 2332
1759 2830
8445 5041
1351 4232
4795 670
1338 4052
6181 310
6089 2888
2636 4359
7645 7860
849 4716
1687 435
1838 4888
4244 1736
3124 2944
664 7486
238 7826
6831 6429
9808 9893
9824 6039
5303 2061
7656 9510
1390 7030
7734 4378
3363 5229
7662 1739
2137 6376
7232 5539
595 329
8750 4744
98 4560
1231 6424
6602 5084
615 9849
7318 9677
1164 7087
1153 2369
1478 6978
1995 1932
9358 2181
8130 7044
7025 8286
7469 1425
3861 9977
8887 6154
7143 494
6450 6914
7287 5943
7288 4065
646 6760
1064 5089
7999 8267
7321 3410
1880 2662
9650 8786
2734 2715
2202 3628
7038 5276
6192 7368
7863 5398
3737 9814
8663 245
5908 2858
3780 6304
8527 6221
892 8389
2807 6620
99 1328
575 3768
7270 3326
1505 9143
6368 6363
3037 5548
1059 1035
8360 5609
296 7147
1171 1462
6417 7946
7604 6853
8184 1752
5111 2231
2089 2600
3281 4227
3313 3647
1897 3953
5970 5326
6975 4654
221 2923
8001 9518
5271 650
4896 5221
1997 3188
2086 7778
771 303
1237 5560
6045 3992
7194 8655
3793 8274
9138 6863
4294 7349
8302 7997
8191 9763
7351 9046
2608 7227
7396 5711
5531 6595
482 5318
3516 2753
9520 3235
7471 9109
7250 8830
7185 8526
3443 5154
218 6203
4346 2258
9289 3447
4067 6322
6076 6065
2076 6052
2472 6552
5489 6533
6407 1008
2577 3031
4321 3780
3570 7802
297 6746
3096 7767
1853 9319
6385 8284
7883 439
7761 4669
1472 7037
9709 6102
5242 6705
1390 2138
2449 6412
1585 8366
2050 4171
7342 3429
9018 8530
7748 5796
3730 2279
8396 18
7356 8245
2863 1328
1762 2371
7639 8120
3197 2194
3906 3353
5436 9722
8272 1791
6103 7871
3876 9238
9470 5142
8193 9305
7278 1599
2231 5190
4909 2384
703 1251
6206 4529
3959 964
633 4082
3312 92
6026 8
2431 4248
5738 8217
4693 1059
2424 8312
5158 4469
8551 412
1348 333
4101 4637
6781 8295
1709 6150
4826 8365
6760 7232
1804 113
8132 7276
8898 1950
6707 1042
9680 7685
9643 7721
3763 3784
5702 7701
5621 9695
8552 4083
4276 9908
3490 6966
2359 5554
5831 3055
1135 959
4971 7496
6152 6071
9945 3874
546 9043
8528 7263
1898 2049
3409 5378
8725 3540
9229 842
5600 5318
9365 6875
7283 4940
7857 6973
1772 5780
4778 705
6073 8774
4994 8976
7865 2937
6158 3548
8651 2086
4386 2792
7697 2215
3324 5096
1935 1483
4354 9686
8964 9233
706 4955
1588 3719
1409 393
5571 5790
3906 8458
7801 3259
8258 6793
6468 1764
6959 8827
9479 2224
9044 4035
2010 1535
8743 3547
1271 9421
7915 9466
5693 3738
2215 609
1344 6289
9159 2306
9815 7645
4336 3298
5704 881
8393 8451
5227 3430
81 1629
711 820
6834 9945
4394 4453
5337 2298
7283 276
5205 4916
7181 6218
6510 8663
1077 2168
5844 5033
3025 6118
2168 3541
9651 9557
420 2915
1100 5982
7141 9572
4934 3337
671 8552
9964 2325
2535 4885
4037 6205
6611 3122
9043 3921
2608 3860
3098 395
633 7752
7808 3800
9469 6474
6266 6043
5426 6801
16 1086
100 6467
9882 2107
8900 2880
4897 4166
7493 1363
2315 86
7657 9463
522 3066
9355 3819
1155 9960
4200 284
50 5732
8789 381
2583 605
2018 2732
6049 8638
8481 8164
6829 310
2634 8610
2369 7886
7329 7022
1505 6926
7057 832
3004 3396
5567 9400
8620 3110
8132 8722
5806 1690
2057 1059
7792 9835
2476 8666
4256 7848
8250 8548
8864 2325
1696 3943
5691 770
1393 5631
7800 6386
8620 1161
6964 5767
7343 7835
4536 5384
2213 6487
4240 3367
5537 7726
7880 510
6092 133
898 6313
5838 5722
2711 8709
9776 3474
5112 2608
8077 5762
8623 8826
8346 5734
585 3689
1348 7274
3687 3711
5043 2634
9332 6972
8072 9483
6035 7272
2086 7893
1511 4906
7440 7209
8724 7435
1380 4706
8010 5637
7417 1026
1998 5657
5485 3284
5279 5628
8029 4303
7037 2091
7406 3201
2267 8132
2596 1188
5105 6859
2570 3035
6406 3076
2337 6863
5981 3456
7205 8615
8993 6619
2994 6677
5133 8936
5661 5244
4947 1242
3498 8182
820 355
1714 3584
2734 5683
1926 4381
7363 3168
3059 905
1369 6434
7027 7545
9888 4527
5311 2375
6561 6994
7332 8862
6137 1394
4024 5643
4316 3736
5469 8859
4979 1256
1799 4839
4968 8882
608 8762
9183 437
4782 4727
1727 9795
1044 5188
5900 349
3927 8923
2821 5485
6460 3747
9190 8043
2785 4921
5816 6549
4708 8549
7627 3172
8472 9834
947 7326
8221 5921
4931 5049
6730 7636
3894 1606
6108 3712
1916 8137
7892 9080
5894 3731
7137 4833
8322 5149
7061 7015
3270 4636
2255 2379
2921 1474
8991 948
4163 6934
1414 8563
7241 7166
4538 4518
9356 6723
7059 4508
7662 4133
2648 5627
9841 8642
953 5522
8181 3388
7484 9980
9001 4335
2620 3911
5092 5348
5787 1077
294 5010
7411 6994
563 5132
9595 3662
5559 1439
7106 2757
3002 734
1182 4793
3549 1836
2700 2334
1513 8822
4355 633
828 8267
1097 8733
8260 4928
7166 1678
9586 4624
2768 8504
2622 1525
2407 4913
7881 8833
3143 9848
8122 8786
6653 64
9668 390
4892 3864
8803 8872
1537 6373
8732 1728
7457 4159
4787 123
8393 2600
7141 9122
9309 1118
7781 7784
2659 8276
6570 7214
927 451
9186 6643
9014 8750
1799 3413
8958 2543
7184 1813
3527 7226
1809 1415
6509 2074
5432 2022
9815 9695
5598 5881
6568 8942
941 7747
36 2248
1533 3032
8022 4002
2316 3537
2663 7207
9493 4831
9690 4842
5786 4037
9896 8674
9131 9328
1559 8498
9641 4086
875 4392
4742 7676
6203 2574
6911 2510
250 4083
8476 392
766 2411
8942 8423
4200 860
2988 1572
5696 108
7957 7202
7923 7138
8780 5067
427 681
441 2601
1255 2503
5894 2204
3322 6713
2881 5925
9316 1544
3045 4381
5772 9192
6273 8748
1708 3807
2297 5350
7047 4386
8132 5356
7490 9589
7378 9514
6404 2542
9239 2516
97 7449
4607 4169
1580 8247
9258 9593
1443 1100
4513 2004
3465 7301
3171 4666
4925 53
8879 187
9167 9282
5562 9082
562 4233
9279 4823
9445 8851
5377 259
5296 8960
9505 1250
3823 6958
5907 2794
3933 1212
3515 1725
6761 7456
9183 3925
5872 7025
5078 9823
7358 95
1604 1755
351 8597
646 5052
8440 3028
7967 9205
9502 5343
9167 7132
1284 1426
9739 728
3651 5738
3071 679
7989 5531
4787 9854
46 5784
6419 8723
5184 7948
2348 1939
1231 1644
7931 6750
1401 9067
7883 1510
2259 3162
6668 9399
2125 8616
6199 6415
7930 3727
1569 3045
4140 2459
9292 3964
9075 7851
5490 605
7491 8042
1873 9598
4269 5927
681 6227
1801 6812
7777 9269
9298 5309
1424 6800
5512 9776
8220 9525
4659 9895
8624 6872
6361 1199
9697 2556
9067 2171
6684 5924
842 1299
2231 5929
7812 8857
96 4817
1716 9582
1939 818
7254 3103
4109 8842
1263 1050
7058 4064
1362 3269
8331 865
2862 6478
7960 204
6907 1337
6983 4705
6751 1793
8404 8038
4769 5441
4944 8373
2110 3188
4566 4352
2087 7945
4586 1445
3359 8395
457 6825
5836 6266
2876 3785
9681 3576
1350 9725
4857 1513
6924 5330
6692 911
5051 6727
1082 5074
2 1716
7391 8411
6293 7546
6546 1291
9354 1420
2996 3181
8690 7450
8151 3436
4227 6444
1422 9916
4599 4700
898 211
9072 1177
4074 9804
4282 7653
8293 9323
323 2713
8999 7810
2919 9757
8325 8462
4260 3906
6500 4435
1943 7524
5271 3324
1913 6046
1578 6585
8954 3661
9924 4565
8763 9448
2658 5919
5965 7020
2831 417
4210 9971
8555 2194
2171 7195
6532 1866
8656 967
5064 8304
6626 4117
390 935
8484 6486
2228 7591
8713 5522
1535 2321
4024 9898
382 1848
4091 6881
1926 7310
7704 5526
7421 7542
7260 5994
4803 6971
7068 6735
5019 3451
8277 5670
5827 4294
5658 8062
2343 2097
7477 9458
5574 724
8611 4046
3736 7853
3509 7782
9146 370
6137 3091
3108 6759
8684 4460
6067 3217
7933 6554
8770 255
3758 997
9085 8589
1851 7336
3958 3231
556 4884
8183 1305
8019 9665
104 5470
6311 854
9618 6322
7857 201
861 8692
5931 5923
6281 1430
9910 4009
2953 3886
6810 3956
9134 6800
5264 1641
8980 2250
7409 9956
3898 8469
821 4002
4681 1893
3252 4957
7981 9971
9480 513
3592 513
8719 5288
5466 3985
514 2616
3111 1385
4317 7357
6810 4551
5734 1546
6233 8194
9007 9825
5763 8722
8366 7814
4072 5567
9815 1636
63 232
2953 9405
4671 1911
7743 7773
3015 8757
660 9878
8123 7946
6288 864
2246 907
2525 2927
266 7085
9648 5301
9080 7688
7938 5898
3171 5997
5246 5618
6129 8417
3160 703
3985 9209
3627 6355
4411 3281
8945 1737
657 577
1528 1564
7617 7303
4650 7969
3071 8744
3154 4373
9824 6920
8061 330
5623 5037
1065 9428
5653 2334
2630 5780
3163 558
2007 5793
3427 5893
1931 783
5495 8882
3132 9443
5959 924
5934 9305
2904 1952
6956 2445
6095 7201
9275 7972
4392 9359
8287 9989
1367 5128
1162 1068
5234 5694
1904 1599
4187 3651
5588 6486
8130 9854
4561 560
1053 8218
5582 2086
8616 1847
7971 5026
4288 3372
3399 8318
1253 77
2612 741
9962 7943
4644 9906
894 7784
1333 3676
7188 4746
8929 8477
8184 5297
8820 8786
5024 6041
2281 8836
6999 6374
9244 6032
1880 4763
9839 5919
3809 1043
4530 7747
3508 1551
4334 1828
1224 2865
8835 2620
8704 6204
8387 6846
4733 1210
4625 6521
2163 1191
9337 7088
7993 1494
7060 5205
3048 4948
2137 8674
2490 3882
7578 8679
8306 6316
9289 1711
6522 1646
976 5185
7770 8762
686 5126
14 9281
3323 5482
3236 9142
7079 1671
1962 7986
1442 9713
6690 7671
4128 1981
8231 8076
6541 1159
8050 5116
7953 7536
3992 6451
9291 7833
360 9438
299 1450
5613 4625
3826 558
2111 3797
9453 151
4214 1132
1259 965
1674 1338
2669 7097
4102 9200
1474 3340
3159 8412
7935 1906
3809 6924
3696 200
3785 6077
1275 3331
9590 4356
6392 5823
4317 4545
3457 5701
9980 4480
1598 2745
6844 5718
1707 6789
9205 4809
9306 900
6575 8304
2690 8517
3101 2579
2252 1007
946 8378
1109 6746
5414 3391
5376 8381
8689 1004
8649 2645
1595 5930
865 207
1562 6721
2489 4755
6707 6528
6128 5526
2223 614
914 8827
843 4137
7883 9375
417 7011
5450 129
791 6860
4468 790
9340 9796
4823 411
2994 91
3845 6427
1749 3642
6703 7576
2321 3800
8455 3876
5973 158
1445 2530
5257 67
8101 5658
2851 5137
9389 3864
5976 7016
3873 6773
4604 8603
7436 1258
6967 3820
3784 7653
8812 5673
1261 4353
1714 5297
7133 4279
704 8431
217 3573
8138 5925
6724 4421
9862 91
6185 6753
6959 5821
2171 5027
689 5249
3017 1268
4106 985
229 5425
3227 2875
865 6045
9080 6088
6096 6177
4986 6514
3347 3826
312 6485
3480 703
272 1468
9925 1817
3474 3564
4359 7752
2991 9907
575 3095
1329 5076
4062 7575
1448 2815
4282 4946
3327 5452
7309 2857
4401 5808
9371 8158
3384 3934
2835 4445
2913 2187
6349 1289
6406 2831
3105 7315
4416 4690
8640 5126
2099 2693
2929 9865
5808 5128
1099 5980
8157 9478
6271 8124
3784 4216
7978 2537
4052 9517
1144 6506
419 171
2141 4292
9333 6255
1256 5493
6655 9529
8536 3373
985 5166
3243 9699
8453 2552
2337 2075
7861 5473
3586 3255
3944 2416
1944 7280
4162 1496
1071 9033
182 297
4729 4634
2357 3017
9796 871
2628 6936
8155 361
7974 3333
3542 7053
5792 2642
5526 1369
4229 7131
8499 9613
8183 2404
8350 3866
3201 7579
6359 1915
2794 6450
5925 6567
6195 1959
3966 4812
7116 1879
794 4236
8525 2979
9705 8591
1258 2275
3354 2782
9787 9613
2623 8390
1817 6023
553 4916
2246 5712
4206 1655
6247 5529
4683 748
8692 1494
2362 1662
1045 9318
4638 834
2375 1484
4733 2798
9589 7014
3415 2164
4099 7146
5950 6516
8171 5123
5107 7770
4306 8448
8229 8807
5023 9423
4659 7846
1904 9555
8309 3222
7719 3338
5785 6977
6760 5963
1853 3586
971 7095
9724 8279
9869 2642
3485 6072
7777 2220
640 3369
8494 829
8692 5569
124 3700
3258 3967
7904 4689
2240 5185
19 6478
2649 9339
8193 3993
8393 1169
4794 5337
2055 4723
8163 440
2622 5344
3595 4815
9578 96
6958 2879
5948 3288
8543 7646
4587 1597
8446 763
1307 514
4940 7198
9504 8749
3045 9787
5310 9520
8301 2689
3146 6030
1702 298
4414 487
4149 5382
5132 497
6608 6039
293 5749
6678 5970
1124 2681
1296 5175
7605 1043
6262 1427
9549 6371
6272 5650
8162 4936
7803 1917
294 1069
8064 7339
1054 4790
5566 5179
6562 3321
2842 6510
2083 8362
7548 8125
3298 4887
8663 4669
7875 1466
5659 3958
4893 4705
2326 3183
9112 4860
2730 3335
3318 3738
1378 3822
6867 5176
8487 9199
3171 1973
2638 8226
288 7451
1082 2508
2873 5742
9462 3270
7734 1129
6624 326
8047 7222
4750 6889
8854 4879
4636 8057
2534 1867
661 6365
3824 8346
1501 2128
2381 8248
5236 1536
1541 3709
1195 1367
8522 54
7317 2582
9516 5222
6844 4344
6058 6378
6888 7715
8302 4396
4831 823
1019 7226
4973 7452
6333 9538
7454 7663
7911 5969
4109 4826
3985 9657
9130 4755
4758 6603
2006 7657
6426 7017
2306 7770
8400 4535
6871 3810
4593 2103
7098 6567
3709 613
4116 5222
5783 8317
4775 5362
3285 4987
1124 5472
6542 5940
9179 9903
4327 8458
4388 5192
4869 3654
8689 8939
4043 8179
4866 2905
8264 6271
7528 2247
2673 7914
4637 5568
3114 8124
3734 7781
4058 6154
6694 8055
8739 6113
3910 734
4228 4899
5977 5806
9558 763
1981 3590
7912 1773
9028 6915
1158 4306
3334 9059
1260 755
273 4296
3855 2294
2737 2190
4918 7820
5238 2564
183 6272
1003 9168
2428 9979
6362 1162
1109 9899
1710 9866
5410 1673
9675 6503
1710 1750
9024 4152
622 4488
9360 8157
9016 3869
8291 6902
8890 5522
7158 2117
9249 8342
516 5793
6231 7542
9812 2195
7256 1038
1854 3128
697 8011
8306 7754
6405 4834
3759 3903
3531 4985
2106 4757
2170 4413
1931 6908
6669 5183
8893 368
4187 4228
1783 2700
5057 1738
477 2154
2772 2987
5428 2966
5825 8637
609 2529
6067 451
8712 5422
7740 8992
7913 5730
8324 8477
2751 8146
8234 3565
4058 9555
527 731
7607 5563
5509 3786
6166 5770
7765 6151
4221 2100
7721 2367
211 9268
658 4152
9157 1872
9761 2262
3619 2862
9483 5118
472 1155
3613 8426
2384 9218
4656 9301
44 7691
8145 6487
9842 4618
9004 443
6639 9095
7200 7313
5595 1731
4740 6596
9089 4830
8299 4224
7696 8801
602 5408
1550 4750
22 9475
1783 5069
8949 4600
9400 5372
4607 804
6308 9284
1030 9770
7629 8840
4527 1530
1170 3649
5219 2130
230 1208
8022 5256
4286 7784
6399 5625
6557 4646
5844 5399
1160 338
2163 802
5209 6567
8568 8141
9370 8356
7573 1331
1069 9593
1472 2793
3794 5038
4542 8123
6363 3790
1013 3139
5593 8326
7801 792
439 3865
8474 7842
4635 7634
2778 5761
9160 7285
9664 6720
8094 9114
6759 1091
5841 3313
1390 2672
3896 5431
4470 6048
6671 6047
5820 836
6872 3781
7430 928
1369 2628
3474 844
6399 5547
8222 6007
1394 448
4793 960
3249 5788
9734 293
7859 8458
7833 7470
3694 9440
2939 6712
9025 1792
3701 8997
6514 5834
2203 5511
1480 7986
6323 3967
788 4054
9265 4219
9166 539
1548 1790
6046 8105
5692 2407
7996 6403
465 4087
8898 289
4756 8292
8578 5446
9781 4780
9038 2428
1165 321
3824 9654
6097 1635
9589 4399
1030 3783
588 113
9790 7694
3221 5789
6335 6290
6568 2301
1981 1771
7099 4942
5413 2301
2719 2961
409 5341
7528 3133
7061 7347
6472 5236
577 4034
9063 2042
7058 9251
7886 1830
5065 7413
6308 5540
1526 8482
4479 3602
4603 4331
1518 5188
2473 8268
1536 3484
2664 8115
6306 6995
1159 76
3981 8435
8813 5744
7822 9332
9416 8831
5777 6048
4273 4978
6459 6370
5746 5690
4389 1296
9310 1443
9881 9603
7919 1271
6186 9304
303 8486
3478 6733
1682 5955
9677 4158
3222 9505
5993 3120
7120 576
2675 4720
8603 8509
4745 8866
4593 5214
2457 7671
7532 2696
5797 5683
2282 3472
5796 6176
3534 8919
5632 9860
4878 7662
4721 9082
1505 9175
5399 8194
3865 4849
3891 6640
61 5994
1238 2256
4793 5417
3142 7722
9915 2686
4118 5647
533 9901
4786 6715
9370 2706
1648 1520
3020 3326
6521 4820
7191 9962
1915 6349
9235 3230
3854 4119
183 6977
9898 3216
6847 7261
6991 8570
1699 6525
5128 9584
1581 6112
5212 4792
7607 1762
7570 5966
2437 6664
3491 310
7890 8424
3463 6610
8096 4013
9035 2099
5693 8761
4095 5965
4239 9737
8679 8691
2525 7770
2811 2397
9406 2460
7653 3232
7581 6890
44 7763
6049 6857
9640 4751
1804 8569
4415 1990
3556 2847
4554 2373
8915 4530
9871 7045
9821 250
8653 6810
3329 5451
6830 7365
9098 1328
2431 1597
1964 4021
4598 7062
1071 1061
9401 5686
1647 8560
9336 9439
2988 1962
1683 1964
9416 7286
2249 9052
7220 8545
5370 8891
7221 5834
3001 1861
9543 8332
3066 6829
3632 9720
2606 6348
1403 5267
4097 5871
1782 9241
7655 4203
798 6113
3701 2472
265 3836
3158 692
526 7947
4448 9133
541 6591
6619 8504
307 6560
2398 2079
5330 1659
7208 7775
8186 8246
9489 710
819 2767
8437 2076
7003 3260
920 2189
280 3270
6537 3919
8105 3034
9602 4444
8230 9159
2166 6962
4122 5564
8593 6326
9923 6940
1876 6212
9091 4400
5829 4789
6516 1324
6678 4224
2166 4684
1286 2501
3504 2132
9821 7343
6522 7069
8017 867
9224 8912
9190 1562
5938 5871
492 8496
3536 4022
6032 3738
7321 361
8683 6221
4433 4490
5169 8882
1223 5390
8168 9249
404 1389
1270 6441
9854 8561
4488 3586
5390 9828
5991 3660
3864 8546
2263 3806
4600 3377
1829 213
5448 3310
6544 5542
7301 7874
7216 5741
5792 7533
9649 7193
5742 4121
4417 2209
5644 9204
87 1125
4578 4086
2442 3800
6346 7908
5912 1175
4448 383
1876 7397
9652 3749
1222 3790
5892 7194
8824 313
7233 3624
3395 4232
1864 4353
3876 1581
9391 4602
5914 9972
1838 4435
58 5822
1832 5041
5045 4685
5945 6657
7822 4914
839 1943
6086 7022
3619 1239
3429 2559
6730 2854
4412 9575
307 5402
1470 9407
52 4076
7572 7354
3100 4031
4127 8762
1480 5822
2909 9871
9424 7529
7466 9632
6657 3219
2499 1563
8362 5225
733 1100
1323 7612
7828 320
5507 2850
9056 8991
6750 1495
7760 5139
6371 6955
9557 2862
9682 7468
6206 5217
4803 1420
5982 6439
8493 8631
4188 10000
7434 6167
1922 5304
7640 3923
1837 4581
2328 3745
1957 1668
6728 2420
7370 2468
8169 9609
6560 8350
3547 5302
7701 6269
1081 6503
4075 6263
1455 2081
9735 9607
8919 5341
5814 2529
3588 4949
4682 2186
2400 8638
3039 776
2144 228
3001 3346
66 1454
7988 3243
1220 5256
4699 6253
4133 9001
15 2681
4631 2012
262 9978
526 3534
8645 1072
730 7741
8120 8561
822 157
9843 2914
5977 1130
9188 7818
5384 3509
4381 2203
1790 675
5732 2226
7589 6844
2718 7575
9176 8810
9659 5350
8299 7791
4567 7537
2324 7602
8095 9836
4992 4290
2038 2097
3246 2455
7541 324
6132 953
9310 8538
3539 7298
8661 3929
5590 7081
4284 4334
904 7585
9916 9542
8343 8897
4972 9533
7928 1075
1077 7556
955 9299
5064 8898
2113 5424
4138 2703
4051 8350
8478 5372
7159 2432
8056 1295
9707 9993
6717 3479
4659 8932
5512 3902
7246 6364
8419 2375
9115 3205
4268 1118
9209 6207
197 1321
2418 19
954 5404
8935 4952
990 4441
463 425
8762 3486
5649 1383
1750 365
8911 4767
3877 1942
521 3425
2387 3540
7432 5065
1467 8605
6580 1265
2860 7097
153 926
9756 4158
6824 7127
2903 8114
7028 1297
7972 5660
6833 8101
8758 2396
2988 9198
5424 6498
4292 9835
876 953
1130 7099
4449 6083
3453 3784
5101 4491
8503 1921
2326 1966
1018 1329
8833 6934
7651 3543
7169 4891
6964 3398
7133 4318
5574 4348
5288 2258
5426 7251
8272 9519
8832 8234
4068 2751
1586 4009
9081 5380
2462 7196
2301 6333
4367 7044
6537 5960
4695 1990
5800 245
8133 8154
4053 2588
3130 2586
4562 998
5786 2581
8119 8350
5468 7330
4026 5703
2495 9071
6888 7036
4697 95
5337 591
5743 8871
1274 6944
1102 5039
2880 9532
7995 362
2989 6065
7069 8580
7195 732
2010 2739
7358 2612
976 2790
1403 1857
442 6303
4777 9462
3380 942
6166 456
2761 3977
7905 3856
3574 1641
4518 1342
8240 2618
3493 8384
8011 3842
7705 5600
2536 4219
965 541
3837 3728
7347 8954
9398 6767
2495 1479
9430 1554
5505 5020
495 5045
4661 3557
2279 8133
9756 45
6656 4685
3840 4898
2540 5567
1084 1452
8916 2434
2585 7921
1664 6835
8745 9835
7781 7718
1482 8750
940 9866
6261 3149
8350 8973
5832 6876
5522 4338
2716 7739
4551 7408
9971 78
6722 5421
9485 6335
5623 3002
1785 6010
2432 3036
5968 4244
4961 586
6710 6585
3313 4561
7116 2114
2255 1460
9931 9381
1394 6816
7255 536
9149 1188
3601 4611
1645 7627
6295 6331
7823 4292
5570 8044
9244 9901
6917 8213
8598 3713
3807 517
2084 5740
3845 8657
812 8589
6785 4448
8862 6154
1647 1989
7074 5539
816 8572
4684 5459
8139 174
7732 9159
1981 8674
3622 8595
7516 1082
7216 4731
8299 1751
3441 699
6093 9172
5413 5973
643 958
2309 110
6570 1514
6916 6169
2679 1506
8985 9562
5978 9911
8751 5724
8 2822
7066 8177
3360 1724
3349 1515
488 6
4563 1377
6218 430
2138 2053
5920 5070
2393 3068
3812 2223
5753 3833
2441 3185
7477 1877
3950 3930
2162 4488
9484 6765
9196 5929
4665 1766
7383 6289
6975 1444
2936 4897
7452 3683
6374 2748
4553 1253
9205 5774
8341 6329
3806 784
7812 2332
3035 3761
436 8896
9385 5485
2241 5641
8248 5111
5697 4918
6646 2436
2381 1766
9603 8108
7262 5700
6604 5148
7689 8930
6110 2606
5487 8925
7042 5968
9986 7196
3494 6951
1783 173
4833 7373
6317 1912
4574 2791
8691 7428
4949 5462
720 357
4093 4737
8039 4353
9895 2156
8512 1481
9071 3189
6156 6252
1458 7573
9363 8139
939 6424
141 4811
3018 5460
6278 6132
9298 8747
7742 3176
6246 7553
7768 9256
5590 1173
4562 2071
808 1016
5703 8476
5001 5901
1489 8245
7967 6622
6756 7869
8220 8607
8800 9048
8422 7248
140 422
9359 1679
3532 257
2803 7485
6772 1405
9023 8474
2813 3666
4353 1663
3952 1178
3441 6130
6973 4639
9898 9051
2627 4654
1842 312
3937 9050
5573 3254
8747 8941
4364 6966
7194 6575
3937 7134
2474 716
4578 4322
7880 9877
9854 6197
4218 5161
4317 985
9221 3383
5822 66
285 4777
7300 4145
8323 5317
1110 8620
6346 3540
8945 6569
1167 122
703 2187
5180 5619
4116 2312
5931 5273
6881 4557
5279 4845
4456 5072
5883 1259
6563 1060
2943 7577
2082 7486
780 2417
2715 9724
8608 9991
806 4183
8675 44
6548 467
5608 6031
3329 7853
1466 1924
9940 3299
3470 8237
1582 7012
4373 38
827 8196
7798 5488
8425 3228
3013 2715
8290 3822
6717 3490
4596 2250
1755 3861
6380 4361
4507 3031
2637 2350
4354 1045
7611 9546
5250 9899
5865 1322
1537 3921
3909 6766
5865 8356
8832 3257
8324 4673
1702 8514
8452 3348
8692 4013
5072 166
1737 1023
9189 4435
7596 4237
2286 2275
6184 1160
3406 6441
1137 3820
987 2498
9609 67
4446 8588
2692 3096
2883 483
8441 742
3343 3709
8096 1547
9944 2053
6335 8587
105 4268
3846 2814
4541 9789
9152 9428
2621 6805
8563 6022
7755 658
6616 2156
9319 369
1193 1238
2124 6075
5938 4561
184 5469
8569 3691
8383 9535
4489 6779
8331 2494
2943 5533
7572 1332
3725 9647
3382 4974
9736 4554
1476 5299
6377 1030
6059 2817
6493 4456
7115 5365
4307 3707
7199 6572
4127 3967
6617 523
7333 7683
9478 3319
4998 3333
9577 684
3715 4085
8684 4838
4441 8780
9117 7877
5677 9289
4280 2801
6941 468
918 6720
9908 1452
8380 9589
9258 668
3427 8579
3456 181
3751 162
2639 6815
8229 951
4041 9380
5034 7556
3460 6154
2999 9159
7584 9065
5237 8746
4655 5900
4039 4251
4593 2237
358 545
6945 2639
8090 582
9465 3734
2584 2107
7748 8850
1223 8427
2043 7158
8589 7200
6 2256
8666 2760
2715 5199
5526 4008
154 5726
9514 5931
9674 5329
1491 6557
4734 7299
3568 7330
3806 4935
8272 7854
6839 9840
312 667
5397 7413
4963 3790
9857 2934
5382 3876
9501 7798
5047 9308
1884 6634
8992 8115
7607 4919
4688 2570
6156 4497
8063 1245
5619 2069
3576 8928
8773 8731
475 8087
7977 6074
6512 6628
6715 6407
502 8974
6796 2889
4221 6729
8553 3053
593 7582
8125 5406
4651 7574
1384 7790
1763 3011
3635 2223
1892 3681
8587 6022
554 9141
9505 2040
9815 2048
1361 8251
6881 1672
4153 6853
8478 4647
6293 7068
4296 8052
9703 1713
2573 4867
5775 7709
3876 4561
2858 794
586 7430
8339 2600
7065 4072
9024 1456
9390 3679
5295 2974
6468 2395
106 5362
5292 6236
4895 1077
6816 5834
8950 1402
9486 8421
8737 5792
9732 7057
4594 1198
423 3288
6993 6679
144 9646
6827 8069
4004 6590
1632 7999
7309 3388
4602 7627
8492 5511
3338 2843
9604 9928
4320 7185
8924 5839
6432 4133
6307 6421
9415 7985
3407 9025
3017 870
1697 4599
2390 5446
9041 5847
1608 8684
9111 1698
5034 7274
8665 2124
7095 7068
1081 7752
871 7747
2718 3477
8286 7148
2631 7634
5010 1182
3967 9945
6251 748
3550 7490
292 844
4715 9839
6061 1453
272 276
7118 5691
9158 1729
5240 4232
2177 6763
5216 9588
5449 3706
3570 5484
9652 1042
3596 8414
2263 2334
9208 8949
3335 9790
2023 7956
8580 4416
4723 383
6487 522
929 9220
1893 9015
7684 6645
6344 6381
3507 2038
4315 2599
8756 5316
4437 2032
3157 2523
1854 2945
7285 9908
6860 9641
5835 8374
5176 2621
4604 1492
9074 6700
2814 2463
408 7601
7075 613
363 6928
4488 6692
2157 2847
943 7803
2950 3789
3960 3936
9710 9658
583 1461
3233 7521
323 5895
1047 4218
7644 6785
3054 2095
5951 6914
9178 2539
181 3860
3143 8025
5428 7120
6815 8891
8651 1418
1016 4700
9808 6659
9928 6629
4552 2185
2037 3904
3766 1956
5342 2678
4391 34
7474 8820
3667 8050
3565 7573
5102 8134
2172 1929
9478 1258
6797 6565
5793 884
1332 8166
409 3176
9485 597
2142 7395
5196 2784
4600 6024
7376 7289
1449 6432
2881 3379
5809 6716
4869 316
3440 8541
2875 3086
9649 8984
230 6795
6009 7757
7157 9249
5067 2256
3706 7932
4915 983
4565 8017
3465 669
6536 1547
4877 6348
6544 1710
3780 3154
1616 6634
8576 6444
638 4996
6894 6831
5269 3925
1689 101
8102 9734
9296 2368
3407 8194
6836 5058
6686 453
5564 7799
5982 2207
4592 4670
7985 5120
761 1891
4961 1931
420 5135
6609 2585
5061 836
3878 8007
5043 4229
7037 457
4377 4780
2571 1256
4754 5806
5513 6571
2053 2104
4306 1178
9374 5870
2589 6131
8902 455
3329 9252
9713 6544
5340 6398
7463 6181
2241 8030
7908 9825
4588 5941
307 1793
4056 7367
5750 9750
8356 6437
5087 8161
3772 785
2810 5384
9182 553
2556 9333
8803 6340
289 9394
3001 4579
1864 942
537 134
6828 4151
328 1851
9650 957
3972 8638
1909 5673
9282 8339
2162 493
6845 2950
1855 8040
7438 5618
1639 4832
9463 7328
4503 8606
1226 424
8593 5974
8212 8595
8717 4787
57 5100
3564 1480
9707 1293
1879 6128
3303 799
2216 6239
158 5166
3604 4209
2480 1091
8864 4170
3196 8238
3720 5054
7111 6486
5431 1000
2266 9935
4653 5828
1726 6217
7928 8866
2923 6711
5382 4347
7093 6385
5580 6362
7693 9487
1672 5417
7366 7522
8871 4793
1781 2459
4330 3495
8987 696
6115 5366
8070 1288
9092 3857
498 5654
3378 692
1874 1586
1528 313
6774 2259
4959 3902
5690 7943
806 5377
7962 909
9608 53
3766 3603
7938 7884
1315 9293
6569 2573
3027 8423
3687 9059
9718 3950
5318 5378
9992 2174
2542 3917
7132 9450
8651 7564
6018 2953
1560 7328
3100 1490
7741 7827
686 4389
492 9034
243 5357
2975 4089
84 4258
130 5724
8547 1117
4052 1785
6508 1895
3002 8349
5652 4385
7581 208
5849 560
9807 6875
1913 7437
9532 487
7374 9259
5182 8487
4610 3402
611 8917
1851 2139
9028 7780
2472 8119
7976 3683
4339 3024
21 7657
1157 2376
7440 7222
8965 1273
7367 5748
4233 7398
5897 9360
6070 1750
3213 3842
3258 651
4181 3087
2315 3070
8901 6389
332 9266
4703 9826
1375 2264
2719 1208
9416 9464
7918 5989
9378 9253
9353 4906
921 7322
7599 9523
5872 540
7983 7316
2738 2968
3559 6434
8243 9771
7737 2749
1409 187
3437 1245
6471 4909
7072 690
6299 1799
8661 9998
8886 7111
7429 216
6354 1119
9319 1938
962 9172
1798 5890
2450 5557
6397 2374
5794 1569
1676 6052
2143 3337
3610 7728
6477 2859
7012 4687
5339 8620
4197 9324
8100 6422
9260 2773
7280 8938
1038 8789
6396 3180
824 2054
6921 7401
5343 2571
1158 8310
5589 7540
6771 280
9831 8288
4532 3158
4258 2432
4885 1202
5515 6886
7813 3128
9498 972
9234 4962
2559 2711
3084 4915
1138 2638
8731 4211
402 853
3927 3039
5962 687
9164 8494
2199 3912
6958 2190
5887 2778
3405 9719
7619 7238
7477 84
2908 6734
5711 314
7884 437
6477 2619
1821 6301
6357 7279
5573 3257
4712 6981
664 8153
1812 997
9692 6451
6116 4910
2060 1372
5256 1761
8748 3737
4726 9802
2874 9342
5381 8705
652 9536
9542 9227
6450 7376
8774 1028
2707 6227
3265 8884
307 687
4224 7727
5206 9083
860 4072
9179 1601
9439 4585
2511 6926
4348 4588
5890 2071
9265 5946
8685 7283
8230 5246
7158 5158
5343 2006
7902 5890
2829 9910
7973 8085
5608 5696
1513 9175
6258 8012
9137 8742
772 1241
5264 6413
4742 2648
2703 2213
9522 4464
7734 5339
6436 3227
776 1100
6231 7664
9773 829
3153 4715
2513 8195
390 7331
4056 2905
2045 9423
9779 6214
7990 466
2113 9003
9130 5533
7990 6302
7395 2447
2229 5759
1292 7164
7140 8583
6083 3937
6208 6896
7902 1472
7912 4114
7678 6059
2173 1763
1314 8422
1903 1309
2297 9148
4189 9699
2719 4530
9075 7228
811 6845
1073 5209
332 127
9261 5479
4670 6708
1545 682
9576 5166
2710 8427
9976 1294
9493 5985
769 2506
5262 1004
3724 8020
2917 6228
679 2703
2988 8840
6599 5195
2035 8353
9210 5611
5915 6449
4676 1916
3633 3641
4447 5582
1549 7304
9906 5403
3670 2192
2876 2834
9594 2171
6729 3444
6839 2784
719 4573
2830 2949
6556 2654
1986 8149
1293 4535
6344 7594
4415 1881
8507 2606
157 5321
1153 6028
6806 5479
7263 922
4782 6476
5131 1977
1097 4690
4608 4358
2048 3256
2841 6866
7933 9795
7597 9849
3889 9882
8360 3936
4332 4751
5423 8300
2044 7136
105 268
2121 4614
8784 1725
8676 4005
6837 5997
3020 8803
1778 4782
3142 1138
7869 2914
7247 5317
1573 690
9477 1129
8774 5449
7265 1644
4189 2731
3965 9253
4184 6524
8978 875
3241 7828
5787 8212
1540 8555
3215 1004
1487 5000
3475 9679
7367 6764
2765 3755
2820 3518
3416 8480
7852 9495
1383 2879
6676 7663
9784 1513
4449 6043
6500 3762
8645 6852
5790 3950
4825 6443
155 7658
1718 7671
962 9684
7025 8032
2555 5232
1547 2154
7072 1726
9618 7020
3843 2129
2390 207
3443 9291
7818 775
7690 4736
8951 8722
5736 8632
7895 9156
5471 5643
9992 1607
2318 147
2569 858
4162 6054
628 7120
4098 8280
7619 6269
4883 3227
5605 9932
5371 6807
2163 8652
5336 4251
4535 9255
7425 554
249 4069
6985 2469
1397 7647
7937 4931
9579 5061
7024 5810
9951 3087
7361 5130
5958 1777
9664 4894
8244 312
267 3805
7432 5726
1198 1468
8719 8497
9724 6202
8133 4438
4398 7507
8408 3558
6141 778
6004 3713
6224 9988
1560 5873
9811 7440
5081 7944
3533 1968
3257 7978
6297 4132
326 2555
9806 1264
903 8077
4436 7429
9089 5239
567 8611
3580 4354
1526 2067
5150 8349
4844 6900
2818 4506
873 6811
4059 6490
9772 1387
6043 8032
3288 5454
5137 8278
9870 4510
7873 6033
3559 7602
8513 6694
3999 6764
2387 4312
9761 3070
244 3808
6307 944
502 7404
5062 7257
3808 7462
2969 5764
1543 227
6904 8273
7943 9735
2356 8693
6481 3473
9555 176
9373 9098
8290 7273
7586 1885
466 6542
468 9531
8075 45
2286 5634
1982 1445
9265 3420
4550 2885
9728 1459
8969 5184
3333 9481
9628 7079
5680 8045
531 3554
9580 251
3700 6241
3 5714
3099 3717
8177 6321
1764 8235
9002 5441
8395 6188
7808 40
663 1676
2653 2087
6211 3297
9455 9059
2960 7736
3320 1139
2030 5305
1547 8213
1348 6937
2955 95
3364 9251
6153 832
5938 5595
2866 3671
3399 3382
2988 4549
3865 8629
8546 4383
2183 1518
9795 9294
9060 2103
2475 6488
722 8
5549 4982
6936 6198
5480 4688
8258 1176
4098 9360
2465 6019
4057 1357
9328 5884
3451 8308
3133 8966
2584 6556
1926 8893
9337 7155
1334 4029
8701 4158
898 5511
4047 8150
9490 6114
7167 5442
611 5612
8251 6481
6890 2137
3288 6801
7194 9007
7441 264
519 7976
4513 1261
6265 1833
7727 30
1728 1505
7910 2828
201 6784
6866 6650
8863 3951
9129 7159
3568 536
7780 2728
3051 633
5482 7732
4442 2262
4498 199
314 632
4517 7226
7657 2889
7803 1136
3790 6747
1665 8375
7056 226
7461 4554
4124 9242
1754 4491
4652 9277
2434 1391
5867 8878
7054 1447
4435 2520
6672 5881
8908 7830
6513 3334
7579 779
9587 6081
5743 6236
455 3123
4813 6364
3906 8954
3156 3927
6134 1277
416 9597
499 4741
1789 1283
5212 628
4692 1300
6319 1561
4334 9320
185 9979
5437 8861
9446 7969
6230 6500
5746 28
1639 6564
2898 1067
3817 9952
14 5449
2258 8218
7712 4753
5925 7828
244 6607
1898 456
3355 4753
8492 253
4102 3839
4224 406
3556 1820
8041 7472
6679 3427
3796 6750
963 57
3182 3006
4140 9331
5341 5984
454 5771
9826 4169
9662 7740
2021 5306
8712 7310
2520 2625
7730 6373
7164 9913
4675 5366
5660 9375
7672 2234
9965 2502
6258 3442
9334 5777
6360 5411
1151 226
8824 8765
9676 351
9918 2438
3211 5827
3678 8622
1632 4631
7447 598
1423 7364
7562 2361
8522 5514
4445 8419
553 4488
1754 8940
7937 1079
753 5608
2208 1994
306 7941
8932 1793
4217 4809
595 4439
3308 2806
8592 1575
8342 8065
1894 7988
5541 6000
6062 1653
6273 4783
9840 5240
9832 4771
8621 9226
4179 4129
5443 4299
2111 2908
9180 7506
6184 8151
4204 2526
9820 8398
5837 3888
7071 5273
8234 607
1751 7712
4297 9602
1972 9406
9197 280
6060 8567
1145 2319
3274 9098
8889 7039
8183 5284
1351 3832
230 1625
6954 2087
6790 6622
932 4898
8973 6430
8537 4745
219 5859
7155 4972
9750 6215
2310 9408
8229 5288
8414 2532
8076 6069
2581 5553
3822 4282
9509 6596
3633 2300
3056 1198
5018 1211
2846 6060
3285 9702
380 7123
3804 3827
7 3240
9750 708
430 5272
7236 2608
4593 6302
3960 2662
7934 310
7934 824
6240 9613
1875 5505
2692 9917
9075 9472
8318 5880
4592 7398
3652 6736
9445 4171
6367 3926
3309 4415
7758 2989
7191 249
2777 6685
1110 9329
8820 3084
6296 3819
2738 3114
2125 2819
8250 2692
7359 9493
5000 6846
8242 4504
4346 4864
9652 247
4662 5273
2175 5743
1309 347
9747 3262
4427 8072
6141 2184
4091 1015
9397 3263
4911 8213
3801 1312
9561 2514
6056 7022
1580 4553
5403 4808
1463 4129
8397 6998
5506 9406
9272 702
9593 7043
5274 8710
5273 1742
98 2441
8367 7530
7736 8112
2948 5686
5385 8776
3988 2510
8905 4337
9448 7837
5662 6508
1662 8990
3958 5573
478 9918
7882 2318
456 450
5501 1669
5760 1798
7526 5575
4747 5943
4814 623
9016 3006
6778 6578
7350 8614
7669 8120
8719 5355
4306 7214
409 5828
8507 658
7517 905
2146 4747
3009 5230
1099 7981
379 8628
2545 7786
9035 1050
9119 3096
9310 5408
1649 2310
3537 6578
8431 7123
6232 6495
3393 4570
6458 4310
7544 4248
9976 5600
4231 8966
106 223
9177 9791
3288 4144
7005 4460
8803 9040
4696 5656
8292 4317
223 337
5916 8381
4817 9343
8706 4498
2320 5652
1963 4169
6532 2636
7079 1550
718 9701
4955 8468
236 3560
7112 8058
4090 4364
3218 8930
4417 7623
3573 6751
9142 1778
7436 1482
8570 9162
4892 3719
1347 6795
2662 2286
9744 950
1553 3669
5796 7063
1815 5845
9575 5619
4396 2446
6481 7986
5038 6952
9170 3520
6645 6025
7840 1006
3725 9806
7554 1964
230 1576
5103 5249
7242 3877
7343 8752
2167 5414
5540 759
4214 3795
7032 7540
6801 2749
8264 7189
3758 9800
7062 8791
8490 1660
7577 5124
7693 6278
7972 5490
4069 3401
6879 1442
3647 3406
6412 8433
353 1536
3656 3081
2437 1537
2024 8554
2839 1974
1262 3765
9860 5021
6584 5882
2182 3520
2083 1926
3335 5796
3935 5170
6910 8960
4250 7695
4669 7850
8117 2244
8000 6648
4672 7522
7074 8327
5717 8922
2971 5919
6709 1126
1449 902
2271 817
1204 8976
8369 5466
7345 6373
4685 1060
7240 8461
8579 5022
778 9934
7560 6973
8746 8340
7049 4345
1442 2553
5618 3582
3439 368
8446 8132
4190 5099
5982 5246
5817 2804
8395 7715
1469 9463
5421 5609
6828 8864
8843 355
8810 291
6390 7232
2948 7463
6654 4737
74 3730
2892 4406
1366 9397
7242 6176
3554 6612
2595 7768
3877 7746
9844 601
5026 927
1079 7500
4758 9639
5378 8998
6396 1053
5686 2704
8520 2876
5495 5245
1857 4332
8856 355
2963 9847
8113 3361
4189 8368
4058 2555
7117 3479
3995 7480
8791 3679
5754 188
5469 1262
1983 9353
5 4093
4634 7864
1108 6576
762 787
4625 3872
1566 76
7405 4352
971 9441
6262 5241
1579 1065
6134 4113
194 1156
3787 1465
5616 8234
646 735
2564 200
1832 5640
3335 5962
1973 6396
2903 6415
5233 6249
3141 4280
3819 3200
8871 8489
8935 7541
5486 84
7053 4018
6223 8896
2170 9998
7815 7320
250 3926
5564 4074
8720 758
2492 7469
3837 5028
8609 4828
1421 4504
281 712
9072 5383
9223 3955
3338 3370
8583 1570
4859 3385
707 9824
4583 533
4580 4062
3400 2382
1556 2558
6229 1402
4815 2386
5635 6120
7919 1363
3940 5009
4072 6282
1718 8907
2458 9554
2471 3157
6213 3799
1763 5664
7275 9333
3469 6879
7067 892
6228 548
305 7015
2228 6989
6728 3495
1804 1691
3661 5214
912 1545
1862 5411
6308 8300
4845 9467
6163 2030
9685 8736
9243 2582
9550 8926
4768 1780
4854 301
4808 3911
533 2684
6135 6273
6853 2685
411 945
3744 7384
6539 6108
7383 8615
7188 2598
737 3723
5999 9171
131 7528
5964 2886
9235 4620
6443 5332
3603 5789
9685 8129
5950 3422
3598 712
6553 7430
2414 3388
5424 6700
5471 5697
6131 1149
3778 3402
1349 1502
5369 7438
7389 458
905 4558
881 629
944 6648
9992 2327
320 7452
8385 9496
9394 6623
3538 9555
1208 534
6798 8019
8454 5990
4923 1519
2849 8435
1435 8714
2444 2417
9536 1922
7533 7124
6661 3356
2716 6281
9248 3513
9505 1648
2370 3335
5050 5473
2502 4979
4350 9705
2075 9567
7716 9044
6429 9095
6222 4092
28 6119
2526 858
5884 6691
9744 5803
4964 7527
4780 8184
7896 5734
4660 6513
8895 3071
8175 8831
2008 6414
8877 4951
4198 7348
5645 7129
5540 9888
456 3160
9865 1857
8899 8140
4220 2419
9834 8938
7806 1386
7437 1456
1188 8456
5162 7935
8627 7106
7728 4542
3851 9673
1452 3555
1524 3822
3156 7211
9778 4751
2759 6149
6698 6921
7213 2641
1506 909
9824 7018
7566 9791
5805 7940
4546 6950
266 2833
8011 7155
1414 9830
2155 9597
6953 2331
7279 2814
8191 6916
8928 3086
3053 118
5858 3789
3912 1219
8431 4229
2046 1445
4663 8801
8878 5858
120 1311
3353 5102
9419 5422
187 2077
1384 4980
6494 3324
6834 5844
483 4427
5631 8679
7281 3978
5974 7121
2586 2272
6769 2683
2357 7494
4687 3754
8608 3244
6781 1877
5065 8748
3262 2783
8353 2876
6567 7448
2342 5726
8361 6508
56 7017
8885 5509
1957 6985
7175 3724
8590 2561
7199 1678
7220 2398
9957 8874
2317 7891
6887 4308
3503 1625
1865 6481
7081 5801
2400 2880
9534 9253
8519 8435
4715 6806
9241 3036
1401 3526
9849 6758
9015 4567
9565 2315
7514 9386
173 9020
1038 4469
4873 2338
3966 24
5271 1727
2675 9095
5789 7118
9927 5566
9404 7084
9222 9325
4098 8949
811 2487
1449 2360
7168 5036
2338 6683
8746 1607
7913 8844
7020 7871
1414 8337
441 3869
5466 7742
9067 5092
6728 6118
1471 4692
5616 78
3063 7967
849 5023
1298 534
4000 2278
7000 4383
2905 7841
2873 790
3328 9594
4040 4743
4845 8683
54 1610
8567 1914
5328 7278
1871 7990
5306 7247
1062 8318
7622 3776
4520 4722
5241 2465
4806 5058
2598 6277
2138 7955
4443 4477
4893 1608
3116 2408
5642 1444
8994 6351
8255 8908
6466 5247
6401 1127
6316 2561
8729 9614
541 2404
6364 4221
8646 4308
3255 9679
3419 1302
1820 6490
245 15
4879 289
8782 9841
8767 2016
5006 460
5584 2805
9492 7934
5601 9763
1714 725
3857 1544
3615 5394
6578 2654
2217 9513
6669 6856
3890 798
3495 5690
8317 9710
9623 7578
6537 4124
6013 6451
2633 3180
9325 6294
1346 2980
467 5738
5703 2887
9050 9499
40 6149
1337 5487
8017 5835
1963 6173
6821 8159
5199 1964
6589 2476
7979 5318
8967 7821
668 557
216 5661
140 5719
5869 3600
1272 8166
1278 5083
3801 8871
8274 2948
3013 4079
6989 7281
8097 2227
3039 1221
5870 1106
8936 4261
2072 9673
7764 7279
6550 764
7450 1077
532 1597
9764 5990
7540 9476
4918 6414
3770 793
1456 970
8987 9226
2195 8203
2641 5535
7351 7514
481 9208
3933 9996
5105 8870
8071 2854
5303 5157
7523 877
8135 3164
5255 8686
5049 5548
707 2405
4001 4329
5737 5529
9406 916
2332 1633
3954 3166
4237 3225
8608 5980
9806 3006
2958 6621
9296 1141
4901 1129
1921 1580
1164 3484
4593 2678
2568 1891
7178 5710
5076 6020
6668 3697
5295 5776
7652 9956
3476 15
3155 7143
9518 9347
2409 3746
2421 1810
6913 8748
1210 1831
8128 8780
110 1477
7684 9867
1423 5379
1837 9487
9836 5682
2343 1362
3883 3288
5706 1503
5704 2324
9437 2545
2005 4701
1343 4227
8818 7401
2762 2458
6378 1125
649 6943
1019 9657
1145 4206
8584 7558
8232 9892
3116 9141
6476 7065
7749 7296
1441 6724
3238 8538
5574 6614
7334 5699
9537 7041
8459 5456
6499 4499
37 7755
2011 7914
7507 3352
7407 5299
7694 4909
3090 3387
7984 5520
4245 4302
4005 9179
8313 1836
7866 2971
9398 6190
9409 4632
7252 8399
9861 1843
2353 2414
2729 5461
50 1047
8301 131
9982 3268
2135 192
3373 8671
473 9313
1156 1745
6282 4140
3760 4832
3903 6284
8537 8609
5747 7499
7566 8848
6524 6991
6664 3316
2237 2463
9557 3511
3670 3904
8745 1340
3110 32
7861 1248
1986 28
4729 8080
1232 5463
98 760
1253 6349
4564 172
6219 6930
7717 6673
5384 1577
2712 6837
6041 860
1832 4340
516 1422
800 3721
1034 5793
9065 58
1189 9956
1136 532
2499 4046
2133 3262
751 446
2169 8674
1025 5565
2750 2399
8713 380
4933 7592
7321 2278
4295 5666
8494 1903
6623 9716
2510 8553
4259 2858
9987 4015
3827 6344
7368 5416
5766 4206
557 9070
9738 1031
6078 1638
940 4002
643 1842
4396 9692
1719 2825
4945 4731
4017 6157
2969 2784
9620 6428
2843 4800
6322 3277
7465 1378
6079 4243
4464 1910
5294 5775
5250 5762
514 7539
7392 1195
4165 2491
3745 8100
6282 5721
7529 2384
2306 5511
5469 5714
4444 6138
7675 2999
8073 9375
7202 6090
4241 6759
3598 6880
3713 5551
6205 4605
4785 2278
970 9449
6380 3131
739 3505
7930 7017
285 4772
9428 8892
5438 7221
3722 9780
8822 3529
632 1192
7953 5185
1607 8546
324 4746
6398 7975
6922 3878
7623 9745
5438 8506
546 5180
9899 6998
8570 6197
9660 5156
78 3421
9826 8533
8709 967
3183 9313
9012 9891
4962 7747
2418 5262
735 9559
1361 4919
1592 9447
8899 7734
8857 6798
5420 8877
8939 4454
1194 2183
3563 6411
7815 5170
8606 3575
8271 3844
7535 5111
8687 7818
6995 2645
1429 3489
6432 5872
5784 7175
6399 3927
7457 3294
7847 6819
6787 7579
945 9280
9831 4204
242 9919
3538 3963
3668 5828
5216 5374
5120 298
9863 5472
5054 9759
9138 4046
2957 4245
3724 7495
9704 8865
4210 296
4720 4757
4354 1859
2382 9855
732 897
4517 4106
9289 3455
3931 7441
2326 4414
2912 3808
9084 4956
1177 5489
5913 8018
9674 6811
121 1640
5056 4526
4303 1401
4540 3537
2199 3047
9263 5334
3612 1816
1282 6679
9195 3264
535 8592
3060 2834
4560 1572
8034 8658
7869 7619
7386 7724
8311 8114
3821 4381
2800 4071
1278 1723
6001 40
2293 2701
636 7577
2682 5250
5604 6465
4709 9357
250 1081
1834 4823
3035 5446
1405 4641
1577 2481
3403 431
2651 2821
2994 9501
3449 4593
7220 2777
8559 1241
7690 7355
1979 175
9055 5355
9784 1819
7779 3055
9796 5426
8197 7194
8270 4366
651 338
2593 4430
9224 4622
4466 7994
2303 7892
8212 4779
7323 2039
2831 1631
3909 7962
8357 4338
4247 4748
394 9667
5791 3563
3328 5099
6040 9514
4091 6851
1757 1468
8283 9559
5175 7523
1923 5531
3098 3012
4802 9784
6997 4797
7825 5843
54 6065
1021 8841
6535 3947
352 3763
5531 220
4975 9273
9427 870
7366 5744
6814 7335
1152 2717
9798 4351
6377 6436
197 3472
3707 6545
1119 1781
9791 5987
8700 4909
3341 6438
398 8267
9972 6131
7583 3472
6623 3981
4019 1041
4467 1699
6854 3847
5925 3382
5189 3197
4678 3067
3599 2812
3558 6315
5482 7011
8606 4798
752 406
1448 5309
3910 270
9477 3209
7940 7964
448 6742
6585 8766
5819 3544
6496 7073
1486 6676
6762 5075
799 3381
778 71
4986 2015
5734 474
7021 5294
3442 6131
9641 8036
8793 1635
3926 4618
278 6211
2135 6730
6254 7668
2251 8576
4162 4073
6824 2625
3195 5487
8055 1740
547 393
9583 6578
1708 7916
8107 9799
7628 5278
8255 8561
6605 5963
6635 711
7933 9887
799 8619
1475 7372
6901 228
8408 9287
863 3137
3673 8696
914 4018
8594 1602
2167 6725
2543 8537
8234 1882
409 6887
6003 7056
1931 423
1869 2412
7658 4537
9720 3526
611 678
4034 9524
6561 315
282 5556
7684 5275
5320 1357
3917 2033
6385 315
2224 6920
9809 6134
9230 4616
3121 9829
4115 4428
2235 3286
264 6786
9932 7537
3526 3724
9350 7194
3020 1674
4164 6385
2683 1177
7661 9895
9897 1408
5198 9226
886 5259
9267 704
1556 9891
3004 565
2233 8829
8737 1757
5110 2703
5442 6261
4746 3075
5233 6983
9048 9534
5174 8096
6073 6481
4331 9554
2071 6848
3470 8283
704 2915
1066 7949
2133 5493
3640 2304
1065 1761
5478 7802
4826 2170
4607 6117
5997 9452
968 2744
6197 2963
680 5705
9127 7827
7997 1108
5697 8548
247 6434
4697 8995
9977 1022
3299 6621
392 8846
8250 3042
3552 3911
6454 1811
5838 458
7522 431
2127 4857
8646 9433
9635 7046
5964 7667
2491 3994
1812 3804
697 7424
7589 2480
3986 966
4567 13
2126 1697
7540 3642
8868 7676
448 1873
2951 8051
6679 843
6862 6558
7540 3965
8718 1780
9505 1910
6411 1000
872 3613
5140 2187
4308 7588
7495 7474
2390 7976
4477 306
7398 1189
8221 3708
6403 2182
3542 2581
1512 9114
1110 4872
4631 5647
7717 6115
9732 9584
8438 4316
7830 739
6302 5663
7398 5455
75 9279
3831 7160
4413 3086
5745 5870
1932 7746
9501 5462
3371 9376
3694 2202
4372 1612
4566 1009
7859 7856
8467 4285
6441 6013
4543 5006
1138 2229
141 3981
826 9983
2426 2975
347 8489
1261 4703
5973 7915
5080 3883
9354 8512
1923 8165
1942 2100
4739 4130
8822 1149
9816 8098
9743 8783
8360 2867
3454 7324
8848 5779
2170 6267
4925 6694
9992 8628
4302 6226
964 2559
9200 9969
3406 6427
8134 2649
2520 8722
6276 6938
162 9593
9480 2856
9708 2287
7592 5420
9580 7558
2564 2473
8092 1378
4574 7818
1549 7573
4570 1923
1884 4655
4594 3080
5070 5748
3581 9175
5213 5137
3460 5922
8343 8049
7386 8641
9676 8444
3590 9002
7014 3510
6851 3483
3684 525
9691 9941
3410 6909
5581 3863
4180 5718
8030 2849
1561 7330
730 3370
2246 9829
1787 187
1381 549
8916 3879
5825 9806
3179 1800
5776 9535
6007 4673
1280 9482
6407 5098
9771 2500
9136 6855
8993 3878
6398 2090
732 1866
5117 3580
1894 9491
6109 8676
6740 2036
6464 9363
7805 930
679 9937
378 6573
2329 2923
4203 6847
6597 6991
1316 4010
4503 1201
3294 2272
7616 6193
9270 5062
5922 4103
7767 8781
1931 9051
6149 9175
8639 1036
3590 2626
8151 7558
3683 2564
5618 9724
8832 8460
209 8915
3022 6448
9560 5710
4279 7136
591 9571
1967 5321
9741 6809
1777 7510
7790 2878
423 3456
3904 1747
3928 1381
7816 9287
7283 9894
3146 849
627 3044
8507 7191
3928 6030
4612 937
4898 616
9618 5250
8497 1535
6157 7896
6349 2964
8405 1143
6706 9955
5461 451
2768 7831
3296 3197
6565 8287
546 7957
1411 617
7671 559
2503 8656
5463 9088
9506 2910
7592 1615
4698 4735
2299 7741
6586 7353
688 488
4079 2680
6807 9900
8852 7884
7659 1664
2219 7047
6702 8127
8718 175
5311 6863
7595 8982
9493 3583
68 4289
7320 2416
2265 6634
4623 744
8235 8465
2898 2952
2547 3458
431 8828
6752 8139
5599 296
3869 6844
5141 2154
805 8174
3823 2691
2485 2717
9525 3617
7128 5680
4212 6675
7062 9443
8589 6982
8256 5147
977 2745
7244 1761
47 7063
7776 1877
534 7165
810 4943
434 9930
8105 725
1354 7970
7545 8440
3917 8750
4754 4608
5885 3281
7036 5271
3060 4463
5063 8404
6534 9035
2385 5571
2644 4789
6328 7969
7619 2224
1454 6339
1135 7584
7366 3077
5430 9573
9063 4800
7588 1818
4285 4400
3830 7133
1650 5753
3898 4218
478 2578
4681 2334
6172 2976
7511 1197
5470 1547
3750 74
3288 3801
1587 6944
9479 497
9659 5870
7649 1380
6771 6153
823 147
4054 9574
9943 1751
1272 6734
3704 2935
8293 5758
3040 10
8618 2332
7100 1124
5945 6216
4333 4750
7567 2364
373 5885
8379 532
663 4096
1569 8810
1507 4646
2100 8394
822 1490
6528 2185
6232 8959
9914 5151
6342 1557
2036 3856
1056 868
9315 6930
5745 6105
26 4619
8216 6906
2488 1762
123 3107
9568 7735
340 2861
6367 7352
1112 8817
57 6753
4452 8040
5818 1377
6571 3800
8038 8496
8306 8669
44 6631
674 4540
3543 7293
7788 7002
4192 6504
5693 5371
6546 2805
9170 9975
7272 3362
3112 9079
9621 9913
6103 3914
351 429
3435 1471
5600 4404
6186 3724
1318 2533
3823 1498
8314 5860
9136 2219
2108 1807
8366 910
4233 2937
3437 5466
271 251
3445 9253
6056 7831
99 5351
4072 9299
7745 4893
9183 5002
708 3229
5424 8282
8581 9708
2901 8541
789 5788
2942 7884
1709 3575
19 6111
1695 2361
7516 791
550 6976
6145 4569
9622 907
6735 6437
421 683
4743 611
961 8656
6267 5355
4570 7959
9879 7273
9838 6331
1993 411
1075 5591
4893 1755
338 7787
7429 4885
8592 4977
9233 5270
922 8387
7524 2232
877 5532
587 3071
7879 83
9400 6332
6046 752
4538 3130
6083 3268
9905 165
6320 5266
6793 6395
2423 4572
6406 4820
8674 681
6344 5716
94 5277
4520 6167
3976 6835
9452 7665
5523 9021
8882 5771
2971 1182
6783 6093
9913 9421
5006 8099
2527 9021
5922 3380
3645 7082
9168 5939
4577 1383
2601 9670
4669 1020
9550 3073
6187 2087
1326 4037
1043 3958
3069 2774
1438 374
7393 1305
9789 5922
6840 8504
1524 4290
8776 5731
1980 7238
1490 4790
6847 2695
6281 6221
8853 5066
2919 1749
3398 8836
3515 3589
4400 8206
3119 4083
8157 8191
7553 6775
9402 5455
1884 2324
5711 5332
6869 9573
192 6000
5601 8631
730 5008
7895 7045
2215 7686
4188 6259
3333 4776
8439 6283
1354 9600
5645 3984
9934 6433
1739 6777
8707 8370
251 5931
8876 9778
1254 7762
2404 317
8463 3531
8690 8025
4769 9761
400 5768
5441 336
1066 7960
7805 5429
6333 3420
2001 2336
1597 610
8248 4836
9346 5166
541 7517
4755 6590
346 5943
1052 6233
6751 3616
8066 5668
1473 3523
4901 6731
1476 6818
7063 6574
8033 68
8107 8938
8706 1933
768 2528
2801 5216
6936 4910
8673 3078
2209 7531
3302 4034
4137 3550
3630 8537
3975 7733
7396 8171
2606 8507
1157 5087
5149 431
9288 3503
477 437
3779 8418
6919 6020
2673 4827
4553 5593
7564 4904
9243 7747
5095 6155
2009 7117
4656 1026
2801 7337
5020 230
6677 9671
5914 8127
4397 2557
941 9198
3004 6289
1374 3971
6188 7510
8324 6254
9402 3504
4648 9573
6910 4379
9239 1323
6493 6767
7291 7602
3286 6193
8189 2701
1636 9123
2842 1298
2360 7545
3810 5492
4659 7901
3353 2132
7581 4534
3314 7869
2470 6800
4454 3698
2135 144
6823 7144
4396 7601
9774 923
5640 644
4426 8182
209 6887
2307 5644
7116 1241
4443 4720
8043 4914
5138 291
3305 8
5561 6943
9187 3604
5308 9501
9138 4177
6658 4384
5258 205
4834 8058
9192 6761
4437 7947
2680 1716
3953 9184
3530 2504
4156 9623
8589 2405
8942 3520
3815 5968
4120 4964
3551 9949
771 3047
7427 4247
741 664
3646 9885
9642 3829
3287 5808
3695 4605
8748 2716
5009 1851
1943 627
8073 3789
3045 1347
5067 842
2338 7534
1679 8966
5178 5340
9182 5353
7615 1345
8367 995
2497 8422
6196 4810
9325 9947
4036 3180
5509 772
3843 8802
3969 229
4351 9591
4618 9813
1258 3630
182 6158
6367 6736
9368 8515
1246 7935
7040 4690
7725 1612
9647 8605
3998 5351
7394 4811
9135 8322
5404 8375
6341 2233
7903 2921
8787 3083
9659 7023
5760 7140
325 222
3365 141
9383 3503
7459 9434
3166 2779
717 6611
8444 2479
3343 3372
4153 1378
4165 5155
6976 4510
6869 2785
5267 1142
2728 3844
7400 1627
5929 1256
4558 9265
9831 5012
759 5901
9304 7715
3547 4709
6227 8739
6331 829
2044 3383
4080 5706
946 1878
1060 1840
5191 8952
945 281
4709 6105
4357 7438
5683 6599
2929 8935
8801 4800
1981 6535
9919 2073
168 9057
3484 2707
6603 1334
2033 3690
3341 9707
7482 5536
550 2135
5 1532
9382 7918
7717 2202
317 3540
8263 6930
8416 2306
4747 5922
3893 8639
3724 5475
5854 8337
3927 6081
8459 1462
4732 1547
2821 7619
402 5146
8735 3340
614 1476
4143 7297
3921 1553
6534 4118
9158 9706
6593 817
8879 9381
6438 6267
5544 407
5429 1186
1307 8082
3591 1607
2979 1960
521 8845
1622 3654
1384 4843
8551 7502
1456 9165
5637 5883
4604 8148
1615 1572
3881 4184
7336 6199
7984 6975
4840 3962
7266 6711
783 4476
5500 6835
7135 8511
3913 2918
636 9389
1766 7394
4045 5802
545 670
942 6798
7352 1206
1158 955
9658 9142
6302 1985
8820 2183
1658 8219
769 3333
9265 4697
9113 5430
6463 9024
3088 607
3369 8441
3055 3858
2517 7779
1805 5040
6723 6785
756 372
5698 8205
8829 6022
723 2313
3582 9122
1125 7217
3705 5497
5572 6007
5179 1560
3434 7986
984 5846
1559 9269
4538 8755
9095 1240
7044 6272
5099 5749
1944 2839
1543 7758
2771 6536
6338 5400
4797 3042
1789 6445
1743 6553
6756 2386
8233 7011
408 389
2893 4577
1028 3256
4448 2694
4327 2943
7003 6384
5278 8433
736 5853
5979 5586
9614 9345
3674 9158
7543 7767
2443 8493
8470 3777
9936 9325
3329 3707
7539 4736
3023 8820
6843 2324
9488 6820
9238 6331
9312 8712
5936 747
3384 1322
7515 7995
8945 8619
3520 1988
6766 8734
5226 8625
7853 4903
3692 4382
198 9309
939 7902
3768 4476
2025 2206
2037 2443
2816 5722
2837 2426
1272 9466
3863 3234
3363 7344
3395 9406
290 3595
37 6629
9947 911
4107 6321
5974 4941
4342 862
1141 3484
3878 3297
3351 406
4946 8831
6876 5252
3788 5540
6428 5903
1468 8955
896 325
5661 3923
6554 8640
5314 1791
9384 54
1898 6503
4848 2127
9559 4617
5512 533
2279 7703
7876 1325
1135 2689
6790 6305
7244 3610
7029 2465
7086 2878
6825 1272
1040 2891
8449 210
6923 6926
9412 5570
4567 2921
7633 5337
8805 5022
936 947
2662 2468
2584 5398
5117 4601
5264 5025
6826 1269
8083 1222
3201 8399
8352 8630
2995 6301
1664 2975
6562 4496
7992 4569
9799 6108
9832 4066
1088 2914
4957 2278
8637 1544
5241 6991
3771 6685
6550 2661
8536 5370
7501 8352
6370 4741
2316 3579
595 1794
2199 298
1078 5624
3626 6957
4562 767
5819 9794
1182 3073
3622 5065
1988 7532
5067 4825
6448 3350
6291 6917
5342 6510
7379 4704
5667 7985
9438 1049
2307 9790
8264 3305
8964 1097
2206 561
8304 2340
8138 3364
8850 8053
2398 5436
1756 5238
7334 6374
5939 6084
1327 5950
3084 1333
437 5908
3275 232
9600 798
5553 468
5015 9637
7506 1187
2270 7824
4147 4738
3439 2590
2386 3636
2735 7486
7844 5105
4502 1250
6368 1540
4663 8265
4678 910
151 1224
9125 8843
3918 257
3358 1421
1845 4297
9745 6668
7234 8870
7887 9270
3472 662
2598 8922
5880 3003
46 6962
9093 3521
7642 2342
6296 898
2606 5051
947 5085
7131 1881
380 5116
8265 2604
3404 2456
5570 7160
4571 5294
74 3991
6763 4459
5382 6505
2975 1750
1571 9502
3294 2742
8230 745
6915 4661
4572 7700
6500 6621
5787 6530
1586 4821
3258 1847
1543 1767
4004 5472
3579 1372
62 5346
3914 1427
4393 9670
6120 4070
5313 5451
5675 2473
8970 3763
2701 7971
6549 7404
9418 3208
734 7029
2667 25
5141 578
1130 9129
9306 9611
7642 3855
4400 3194
7435 4793
7141 2263
698 6275
8343 8270
7982 5357
822 6525
7798 6272
2266 3187
1813 7567
7528 9795
6587 5667
7539 9327
4453 5360
1500 8492
7875 9644
6349 1629
669 8209
7701 3080
9856 895
4342 7349
9693 2676
8588 9560
4159 6111
7644 9191
201 7916
206 3773
6712 9486
7081 9328
298 2650
2821 9186
8245 8033
7490 3971
5755 4495
8286 4811
4180 2397
5401 2823
4510 9432
8025 8581
5169 4145
7467 2940
8936 1147
4240 7313
1713 3929
5869 5081
8703 4807
4408 3489
9526 1337
2370 4571
5197 8249
5206 5910
1802 2424
5202 7476
8702 6000
2983 3876
6964 1736
2824 960
4621 7203
1910 302
4218 4157
1496 3692
5717 2281
1807 7185
4585 4267
174 4014
672 2102
6240 9266
9229 4971
7469 3476
9958 8547
1349 683
1550 1128
4526 344
5697 972
6888 205
7541 5682
1200 3502
1674 8134
2657 3831
8058 6395
7725 8404
2926 3029
1708 1099
6465 5242
3927 6617
9262 4987
6959 9746
9305 4265
879 5704
4936 5866
5003 3103
7338 2006
9099 9934
9591 7833
888 6539
1534 2354
5497 7234
2438 5295
7778 2294
6721 7577
6431 7629
3081 7575
8576 3447
8424 5957
519 5677
7629 9883
7122 1459
3088 1485
8233 3343
3004 5627
1400 2935
6885 8987
6770 3819
3681 5537
2285 7320
3488 4429
7758 6672
7876 6217
5971 6543
9052 9215
9795 8609
2890 9479
5386 2828
3909 2391
988 1829
1339 6639
9788 2041
402 2154
2347 1861
2694 8984
3016 9939
7017 4755
4825 357
6997 6590
5827 739
8845 9930
4253 1541
3366 5052
1025 8919
7598 4111
9215 2344
9384 1326
4276 7016
7872 6679
6675 5421
3055 938
5747 8362
2931 6676
4275 6455
2530 7348
5992 9957
8338 9359
5029 4880
6431 5874
7248 6139
2640 3990
7021 129
8599 7240
4628 7279
4325 5460
6390 8405
1819 3794
9041 3309
3980 3781
4705 2259
523 5305
197 995
8884 1913
1929 1927
9894 7077
6756 7502
627 9488
7667 7287
444 2788
3400 5615
7865 5234
7809 1052
3332 153
622 8017
6834 8508
2830 9546
2397 3496
3082 9918
5518 222
5044 2884
7720 115
8855 8481
8562 7361
3071 3292
4225 7754
1577 1010
3443 1129
6772 5805
9144 6306
7476 8671
904 5177
3075 6684
2204 1926
9726 5677
9520 7771
5611 4823
9503 4875
4943 8279
3437 6624
8324 2032
4486 4594
1126 7026
2335 9886
8393 6239
5100 9944
6565 5506
3939 9844
9392 4133
8421 3272
8089 5325
3599 6715
1989 9118
8571 8692
9110 3002
1674 9214
8699 1483
1166 9474
4098 3345
9823 3717
6055 687
1820 6062
3961 2303
6951 9723
8257 3508
1071 4516
8002 2596
2267 605
5241 9775
814 3911
1207 6608
2180 9351
5068 5794
4740 5561
4161 2316
9975 8549
5963 3607
606 4102
7742 934
7269 967
545 3145
5670 4178
2927 7798
2065 4300
4518 7576
4007 5351
4564 8119
5409 9422
5217 6772
7437 9190
3480 5454
8608 4167
2704 8660
4333 970
8670 8450
4449 4974
9340 7505
4116 1473
6819 2860
3175 1053
3009 9289
9240 9808
40 243
2442 964
669 1784
6360 91
4710 2252
8637 6744
8877 4934
2526 3977
3993 8657
9512 1453
5820 8303
4322 717
4831 1430
3032 6897
1323 6685
1610 2993
195 860
1010 7519
951 2
2759 3653
6555 5448
6645 9136
5659 6828
3307 808
5530 1629
7122 4437
5059 1980
8139 974
6585 6571
2807 9924
4464 3226
2385 6064
612 3035
9984 3355
469 5187
6698 5496
243 3209
6787 461
4632 1048
2953 2215
9486 1644
2433 3633
609 1753
1556 9040
6973 3872
1006 1426
7800 334
9382 7491
1240 7300
5505 3254
382 5916
3505 1474
3832 1895
8549 7752
8279 5745
5740 1497
526 8781
8192 8491
5030 290
477 5163
5231 7396
4383 5083
4868 7773
8138 9438
9580 5786
7602 9811
3154 2704
95 4274
713 2007
7472 2818
8507 5304
7813 6518
5739 3746
2549 2312
2221 1732
2455 462
540 7760
8556 2949
4136 3949
9953 4725
2465 1306
4432 625
7518 9589
9710 9988
6011 9038
5455 241
308 1490
4468 6533
5970 1770
1907 8893
7016 9537
3501 1150
5535 865
2228 983
771 9404
6234 1258
8634 501
889 8257
5106 2515
2688 5325
3186 3294
5277 3823
1500 9222
549 7666
8172 1788
3747 6518
2569 3455
4145 4265
2499 4046
8708 2530
7172 798
1048 1668
7056 3397
4142 6006
4771 5641
1981 4901
5213 1287
5668 56
6448 9561
6650 3029
467 93
5038 5871
533 2148
6117 9730
4153 558
591 4506
5902 6626
3189 7942
5679 9567
2113 4856
3010 3097
8709 3278
8740 2298
756 3532
8702 6509
2192 3148
3957 5415
417 5608
7928 9671
7339 3853
8646 9757
1817 292
7512 4314
830 2010
5544 4964
1265 6313
7968 4610
3527 2324
1377 8750
6898 9761
7142 4646
9187 9705
8387 3519
1078 6828
2839 2718
7240 9726
8843 9652
3717 6536
5400 7909
2916 5294
8233 8482
9013 475
8047 5269
9558 6429
4 9764
8241 1433
7610 4569
2927 1795
36 1354
8275 6923
6228 4498
7267 9218
9916 7197
6842 2398
5928 6728
9033 3639
8626 1007
7959 5807
131 6390
176 4649
1678 3223
9808 3404
5568 60
5035 1414
4946 4407
3277 4008
8744 9151
6228 3770
3567 1488
7058 759
2591 2139
8507 4373
8051 9538
2809 4504
4563 5355
1274 6913
7943 3845
5842 7267
5410 958
5980 6974
4503 827
3751 1298
9683 2931
8553 7333
6922 2354
8253 6837
6032 5250
6665 1213
4238 3251
3900 3562
2252 4059
2522 7260
2331 2071
374 698
3706 2165
5224 7323
9185 9199
3171 7587
61 4804
2365 3135
2552 220
6746 1195
1835 76
9215 1266
3175 2126
5767 5656
8743 2559
3086 7158
5744 1315
3989 5802
3485 3419
4073 2991
2464 6766
8268 8077
7593 2353
8669 6842
7415 2229
474 1455
3266 1930
7870 1620
4680 1877
5583 9383
3076 1843
5539 385
1670 9818
2269 2589
3341 3566
3587 3543
131 5289
7810 8638
7322 8296
6094 9955
6827 4678
5046 7639
5514 2839
8353 6988
7160 3923
6673 5082
7527 1943
5526 1463
4213 4157
5823 3704
572 2344
5110 1547
6628 5516
9585 497
5731 7769
2267 9861
7883 4318
4007 7533
2765 9058
9575 3233
3063 663
6672 4079
1475 9733
2146 8447
3807 621
8321 5307
1892 1850
4569 4820
1232 2412
1298 4249
4952 575
1748 8349
1432 5043
7123 1914
9400 4371
2140 4284
2156 8056
8897 7763
3257 1928
9571 7371
5320 8765
7540 3189
6718 6865
9048 4750
3759 20
8234 8458
5428 1481
8991 9707
6999 8888
6933 4274
4467 3359
8370 5608
769 5206
6744 1703
2549 513
779 2000
9786 2305
1105 9032
6029 8952
3876 4707
8089 4337
5501 1937
5521 7011
3151 7168
1622 2801
1706 5975
3652 4663
9888 8447
1922 4
4749 8841
7610 9669
6151 6141
6366 9394
5574 7953
4741 9700
6045 7429
4338 2567
4090 1449
7948 1343
5412 8388
2876 1644
6374 393
2025 9558
9070 699
5077 6366
2760 3432
2188 3490
7108 1940
5955 9261
8264 7744
2165 548
776 7776
2295 3081
8299 2789
189 8103
424 296
2995 2084
4947 5838
6384 1027
9959 4216
6024 5993
7200 8817
654 8473
1097 4581
5060 2405
9128 5986
3323 5069
7216 1535
3001 8082
6034 1976
4202 6160
882 7001
4284 7813
392 2124
4407 3682
2618 2151
8238 9522
7898 5891
3773 9188
8495 5494
3887 5994
7279 5235
4329 1618
1729 7061
8232 8546
8294 5331
5964 8967
2536 2925
2027 8378
2765 3374
2128 6047
2460 2875
9871 7801
3912 8406
109 8391
1556 5948
3117 7786
6903 6547
1798 8897
9423 4228
9023 7886
4307 3489
4832 2183
9731 5966
2218 2338
5298 6058
4031 461
1003 4565
6290 7528
3468 5794
5676 6460
8403 9242
6129 384
7237 3561
8489 9393
5343 4630
6270 2235
7613 4018
6748 8026
3821 834
9000 6931
217 9566
2835 2533
6912 7569
1662 1305
3109 4495
2517 533
2169 94
825 1831
3544 855
9485 6656
6521 5391
2707 1529
745 9072
5654 5689
6019 2883
3524 3165
9031 3234
6831 455
4393 559
8286 8541
3644 6669
1723 9296
1975 3619
9912 6506
8426 6094
8431 4838
7252 4010
5899 2
3241 6766
7711 3949
4888 1927
251 5431
4763 6386
5649 9810
649 5950
366 5169
5968 8417
2118 7694
2198 7700
6562 839
729 5607
3428 3833
2664 5836
6441 6183
6346 8992
6592 7862
367 4839
8993 5391
330 3440
7420 416
8998 7480
2698 2378
9150 8200
8112 2140
8051 7830
2291 6347
2747 1186
5355 7112
9727 6767
5422 466
4871 9493
5989 1462
1249 5969
398 1957
6526 5533
8717 2672
1724 8211
1188 8742
7946 6528
7633 2306
2700 6543
2361 9681
6185 4897
9729 6147
1559 8390
2509 8724
7221 8807
4301 8143
5059 3843
9495 3490
4073 4136
3171 6066
3169 1360
8855 3759
1424 4493
6090 8669
7999 8170
5931 565
2129 913
620 8049
1843 1792
313 1674
377 4995
8886 1450
1694 2187
7420 3184
4487 9772
3055 5218
3729 8170
511 1944
6112 1570
4974 8662
9388 2307
4323 8103
4687 1315
182 7570
1702 861
4181 5378
6540 2954
5886 4248
9920 2691
2517 3780
4632 9694
6496 8390
7231 9657
7420 7042
5704 3676
5765 5981
2108 2519
6662 3781
1812 2951
5654 2029
5220 5232
191 6984
5830 2132
1151 7583
3825 8725
5369 9513
5222 99
7886 3691
2491 4783
5078 4106
7781 4096
3963 4323
6370 8091
9144 9467
6363 1189
7017 3831
4582 7351
62 7807
1294 7597
2564 627
2842 2627
5023 6489
3454 8957
463 3583
8739 7563
4071 2335
4720 2561
4713 8974
2466 4702
5423 559
2720 5489
1680 6147
6064 4025
1779 4777
2865 3102
4210 2089
6116 2069
5180 3512
6952 9631
2753 6818
7338 4219
7626 7638
5844 8088
3605 3673
4183 8581
4200 9238
1321 8779
9057 7609
7660 8880
2214 436
9209 3358
5394 4876
6343 7209
5026 8582
9924 28
9586 1325
9998 3197
704 2362
5738 2748
4085 8162
1703 7654
4870 7457
3914 9846
9863 4484
3953 3753
2666 1145
99 4710
5217 186
2629 4626
1091 9113
3706 425
6635 3501
8031 7205
3400 2183
5247 3233
9682 8267
2397 1884
7888 3073
6795 3277
1542 8583
3069 4636
5746 188
4219 4584
8518 9308
3708 6131
537 431
6075 4958
6310 9973
132 4116
9379 8102
312 4415
9440 7209
7704 1104
8027 5411
6166 2627
5992 9188
2985 7872
2944 2568
4517 5322
9753 6765
3504 6427
626 9102
8516 4685
9760 7469
6809 4181
1945 8009
5158 4266
5713 4467
7927 6360
8847 7810
6007 8276
4172 8309
3645 1703
6735 7698
9884 7429
9562 7065
5549 1678
9692 5921
3950 3317
352 3091
8578 2033
9024 2109
1741 7674
4300 4060
3824 4168
4093 1268
1881 5080
8192 2442
7890 3605
8268 1361
4749 6465
6056 3955
4245 8853
387 7533
7352 5551
1995 5000
4746 8304
9874 7581
2805 7519
7711 2757
5901 1114
5719 8477
2116 9256
1040 685
2104 5629
6414 7815
2537 127
1501 305
718 4487
596 3804
4472 8334
2759 1757
7398 1822
2842 1535
9892 2303
944 2630
1508 1656
8900 774
9389 8246
5448 9160
6032 6025
9519 525
4603 2934
4002 3145
5699 4569
6846 7408
1689 8724
1583 4696
1517 6950
8456 430
1039 9162
2342 7439
375 18
1104 5628
7200 6383
1871 4009
6735 9334
5109 7457
5554 5176
3469 3660
466 1108
3585 1604
7147 305
7608 4362
3756 9864
5684 9206
3384 9030
5238 4549
6966 2021
2804 586
4508 5423
9206 9996
9592 8647
4418 4075
2637 9598
1435 505
6477 2362
9347 3967
770 8907
5634 1961
2897 7449
3860 6789
972 9048
8320 8485
6121 1094
1189 8604
1962 6690
2515 1436
2333 3997
9412 8369
7296 8798
6318 293
4807 5613
3570 2515
9352 3227
1142 582
2285 6421
9467 2452
2931 1097
9931 203
598 2869
724 8115
9821 9661
1444 7703
2400 7201
7218 1235
6477 3288
3570 8030
4495 2173
604 7590
8707 8832
5661 5536
5250 8443
4205 917
942 5084
4475 3569
3006 4641
5133 3881
9323 3092
4474 9635
1853 8348
4188 5619
7211 4526
6320 6691
5147 9555
4214 754
7746 1783
1393 7043
7447 4097
1567 6675
6328 6237
6744 4610
9898 3381
1031 2504
6678 6005
9740 5440
3759 6518
7020 8204
5881 6016
2248 4750
15 7190
4399 1582
3397 777
1841 1573
6807 5028
6146 5254
6025 3787
8826 3343
1486 7332
610 4501
400 5597
3256 3420
9319 401
6630 5670
3635 7426
1103 5539
8019 7792
5085 7503
7355 7265
8704 5190
326 9098
1054 3090
8345 8907
7730 3744
8286 8455
5027 8359
9151 4854
6243 8682
5064 8838
3381 1887
3217 2909
1173 3186
7628 7683
9226 425
4979 1302
1270 1696
8598 8422
2141 5678
7549 8120
6424 2604
3047 4199
9469 671
6612 9363
1856 5126
3787 4528
9334 8050
8043 5859
6122 6576
8008 6050
4133 2152
4778 5359
2099 7802
782 7111
9 3081
1997 3425
2912 8161
6414 6604
5392 7370
2564 612
4341 462
7126 3798
3190 2132
2608 4121
8631 728
7437 1146
5080 9794
6685 2242
2811 5484
5675 3792
8129 1442
6459 640
6789 3526
8114 9682
566 7308
5760 5470
484 3399
2368 6963
1294 9986
3645 9016
4014 8130
6950 8363
9893 9347
2351 3191
3402 9219
5400 2958
8101 1064
2387 3650
8942 6154
201 1755
3709 5407
1906 6489
7706 8912
8673 2906
8661 5985
5536 9616
7737 6480
6341 8130
2653 3540
9069 2146
8237 129
2182 1226
3440 3174
421 7561
740 329
6505 8045
6884 6540
7128 1124
8527 6485
8401 4117
114 5342
6586 753
4306 347
7708 6680
6008 3044
1882 6502
210 8166
8964 2431
5165 5481
9015 1661
4031 245
207 9409
635 826
6771 7187
3237 7242
2665 4067
4340 753
8781 7852
3181 3446
2035 172
419 3298
6745 9135
6265 2884
6572 1029
8141 24
8186 7046
8588 6745
526 8074
5107 2729
5113 3325
5373 3417
5815 616
7149 2344
7000 3842
4979 7587
7263 3277
3151 2936
9893 8746
7718 2505
9645 6537
3478 9655
5898 1822
6236 5374
5103 5428
4689 4762
4215 4509
5044 9217
8950 6199
9336 9118
9859 4675
9789 1785
4727 4279
4291 6290
9491 3330
7492 5787
424 3147
9680 7254
138 1960
2066 3126
8909 9710
9529 194
8182 2729
853 5433
5455 1319
465 3474
8458 2488
9330 3564
1005 1468
5872 6921
9757 5236
126 7753
6283 1358
6563 3308
1399 5861
6789 4713
2114 3653
8614 3448
1530 9372
4104 8443
3738 6961
8787 3898
3222 7210
780 6936
5192 1462
3490 8275
8707 4217
9370 4038
7487 3212
184 7443
3486 9062
2106 4095
9739 7751
1778 7861
882 325
9855 240
6016 1548
6590 5881
2088 4961
9177 4484
3636 7186
4340 1770
3221 5979
6074 9905
9955 7128
189 8294
4215 5040
9933 8523
2808 2988
3022 1623
4770 779
8938 6096
8669 8208
2801 6223
3273 2791
1921 238
4488 1247
4805 1598
1282 4939
9595 6694
6673 6983
2734 8693
4949 9882
1085 4322
2174 5446
8011 5999
6067 3272
2842 1944
9703 3834
4108 3744
7922 1378
6306 6155
5873 8343
8666 9004
5289 161
6776 2275
6278 4173
1184 644
4623 5986
486 4487
6307 6024
7592 4967
5912 1421
8750 2676
7735 8446
7080 8822
2937 1609
9809 6060
2520 8846
6729 3680
3826 6338
9022 9729
2249 1528
1797 4406
9247 3375
1665 3797
2299 855
5288 1619
4980 808
5501 2752
6346 7729
7378 6928
2928 8624
460 1184
3333 1982
4769 9007
1097 911
9515 995
203 9004
1280 4244
6783 3159
5449 2097
9087 8413
6088 6660
3769 3712
3149 3399
4061 6289
750 638
1285 5827
947 8741
6856 4799
6551 7682
177 6284
7627 5935
9670 1243
1809 8156
6632 658
103 3116
4605 1165
9743 2142
996 4760
1388 5653
7879 2686
3976 1451
160 166
6618 3182
2741 4126
3846 7742
6473 1731
6358 8199
6363 6888
3545 1822
5828 9746
922 7087
6403 8045
9639 1215
6542 7536
1532 8945
4780 3059
1962 772
7278 4076
3165 2875
6418 8675
5326 6365
257 3058
7327 3125
3188 5334
1678 4154
2774 4712
9208 1680
290 9438
612 8026
6182 1182
4712 9166
7712 736
5152 6345
617 5026
3893 6212
1151 5272
8428 1817
6605 8076
9109 8489
6167 6610
4699 6439
6718 5759
7296 268
7191 2444
7587 7333
7859 2275
597 6402
7775 8664
3572 6298
1257 8005
6356 8144
8411 5056
3232 2183
8924 6537
205 4091
9609 1253
3252 6975
9389 4795
6988 524
8893 6621
7980 7704
9413 1040
6779 9717
5984 5127
3887 7327
1030 5168
9470 4811
5588 9441
6513 6359
2403 9669
4735 2044
6678 1707
3770 3468
8005 2224
396 6308
3837 1768
4764 6828
6025 8030
5567 3342
2108 4528
6563 2350
8003 620
5893 982
2241 753
2058 360
7163 5000
3195 9102
6129 9466
1261 3045
6811 3678
8354 2722
1264 2366
8792 680
1100 2709
7315 9748
9171 7473
4846 79
4706 4647
4111 4407
7651 8056
1817 8532
4417 2463
9754 9232
5690 2330
5617 7290
337 8627
8461 335
8783 203
323 3980
609 2924
2193 1144
7299 2884
9354 7303
4521 5584
1122 9977
7898 9393
9754 2342
6984 7251
6027 2538
7170 7052
2563 2566
3503 1156
300 5268
3285 4080
9943 2243
5595 6081
401 6959
9797 5498
4632 2301
9294 4784
4483 2447
7700 918
8400 4603
9742 9814
4854 8601
3416 6845
4469 5033
5913 9791
7123 2092
6806 121
8603 2323
5326 868
5001 2083
107 2318
799 8748
4373 8296
7098 2777
8538 4197
2250 6421
509 8465
6341 4356
6651 3391
28 6397
1355 2903
7098 1557
7251 1744
4751 3486
9183 7915
5085 3723
4619 5458
7827 6820
6634 3503
2199 5079
8020 9011
9363 7393
4715 2833
4963 5047
621 572
7635 3920
256 7713
8984 4600
6269 1794
8383 8159
4482 9439
6231 6895
1514 4522
9438 905
3422 4702
5470 7497
1994 9964
3515 1324
2085 2186
6157 6715
9356 778
8462 6283
6649 8478
9851 1171
3293 5884
8404 6683
8412 2702
4591 5769
1288 3534
4979 3705
4261 525
4341 6948
4281 3200
4072 2371
5960 5356
6900 3980
4030 95
9837 9873
7329 4153
5159 8774
8050 2112
979 5947
7644 5607
4961 2936
4460 6181
1358 7798
670 4809
2617 1023
2281 4921
679 3808
4067 358
1853 2459
2961 2135
5583 1930
6044 5349
9002 3850
6162 5637
8552 5647
2700 5865
33 7264
8398 7248
1517 9579
883 1829
3298 2625
975 9249
8686 5408
1555 9338
2216 1245
3214 6098
6200 8504
506 6491
4175 384
3261 4656
6681 3676
3698 6024
9715 2499
2345 8154
4427 9803
9102 4317
2333 974
4824 9723
512 2779
8583 3753
2610 422
2960 6163
8051 5699
298 8337
929 1793
6321 6865
8855 9861
8694 7387
760 6474
8588 7740
3213 1092
3766 4423
4387 7421
1349 8242
8980 1043
7892 5190
1780 5144
6293 9139
2116 7290
3178 4130
2845 5254
570 2940
6704 6315
8461 505
388 211
8727 3575
1729 6123
153 5994
7261 5715
8004 4103
4712 1585
1417 170
8159 2525
7638 2361
2862 8898
7680 2778
7335 5212
6518 5867
2044 9357
9709 3
7416 7626
9799 1747
3935 6889
8398 9627
1273 6408
4088 9500
8104 5414
9846 7722
6710 402
3755 4097
1261 124
7227 2375
1386 3449
3072 1151
5492 6481
9210 4526
3980 2166
4973 2601
4832 1149
6477 6155
859 3243
4201 5741
7142 5292
7101 6275
8632 901
3291 3263
493 9431
5394 996
2874 8974
7601 716
8862 2035
786 4312
4104 4478
8716 9121
8523 7878
4169 8641
9276 3524
7440 731
1765 2953
1850 7208
2043 6798
8790 8827
9415 8128
368 9658
6641 8005
4008 3342
6135 407
207 558
3957 752
6296 255
2099 7444
6546 6873
8420 3573
5729 5375
8576 9153
1762 2799
648 6834
1006 8017
2678 6939
4383 9400
3576 6300
2851 9353
5200 7115
929 9423
548 9817
7183 7528
2055 9708
9910 6792
3769 7074
6394 711
9484 3615
4633 5484
158 2101
528 92
4106 5640
3850 7659
9909 8187
8209 3930
2834 1068
446 4346
2274 2433
6600 6358
9838 6730
6076 7844
8101 7000
2516 798
8471 3718
7375 2359
7108 9395
5226 1013
4370 4294
6013 8361
3976 2286
5985 9311
1946 8012
2930 1355
6430 1978
8274 9572
4263 9824
2685 8640
9228 3859
9567 6680
1421 7046
9360 3623
2255 4418
7677 4642
4004 5969
9294 9900
7338 1442
5904 2554
4568 3704
2087 9218
3671 2446
260 8028
6503 8876
7509 6193
1671 6457
3725 3795
3266 3792
5081 6472
6666 3249
3192 2558
9567 2527
7707 3784
8356 742
3064 8366
2253 5871
7419 6198
6115 9039
7567 4275
2634 2223
9577 430
7592 9382
7886 4301
8805 9068
8530 9204
5401 1310
3375 1498
9332 7871
61 6346
4772 4315
1500 1777
652 8024
3031 9621
2051 8580
1332 2315
8645 1778
1272 772
7250 9236
2697 6463
2401 4167
3946 683
1440 4681
7444 1060
4162 4524
1362 3530
638 4829
8953 1462
7819 4917
5416 7894
2473 4252
4833 41
395 7733
9221 1810
3498 4130
7755 1594
803 2797
1819 465
3794 8168
9260 8450
2833 9762
8561 5852
4908 679
501 303
5618 5672
4300 211
3152 5457
6966 3677
6882 9532
5393 2241
8306 945
9055 2309
3367 3842
3806 1181
6588 6222
696 2900
3825 9530
3650 1245
1112 7187
3285 9177
8152 3822
6297 1779
6873 3808
2364 567
5653 7193
979 9561
9874 9884
7477 8070
6227 1935
7356 2123
9897 2045
9845 9861
4231 9900
4518 837
6645 6916
5718 184
8611 3293
2380 7113
1294 4781
7919 3012
6457 7130
4067 3547
3404 8693
5987 1924
6110 2624
5239 2783
4454 6699
2810 7704
2715 9007
8998 1819
6010 6701
5221 3006
4760 7188
8109 6124
7316 7739
2168 1738
4535 1957
6116 4369
2702 8951
9082 4009
8299 7083
5958 6844
6489 5655
2968 5695
3688 2850
3147 3886
4799 408
8701 8635
514 9570
9137 9432
6855 9090
3325 7936
6245 4922
5002 4935
6677 2638
5992 9957
5274 6343
6499 6007
4 9863
3912 2220
6087 3265
397 1354
2704 7075
4407 2496
4955 666
3389 5599
996 8503
9398 4908
2213 2332
933 2471
661 2612
254 7836
2126 5345
6067 2970
7070 4619
1366 7240
3806 7979
8963 7000
4789 2799
804 9542
4038 4234
68 9901
6563 2516
256 6348
7715 996
8920 7440
7726 45
9249 9402
254 6906
1712 2311
1232 1149
5056 3182
8079 912
3841 1797
6588 6314
3917 3933
6596 9713
9895 1166
5885 9607
8520 2878
7091 8542
2476 3608
9670 3069
832 9946
838 2843
5887 4060
1275 4822
4230 879
2934 3557
1239 7553
7852 3616
3784 9626
4376 3735
2672 4496
4638 7600
418 9007
5780 2282
6230 6253
70 5821
7127 6802
2327 7912
4560 1348
9310 8097
4245 7610
811 6951
8761 6115
1385 9158
5506 1228
5283 2922
3038 9442
8025 1652
2514 6846
6333 2926
5138 8306
6982 5141
5808 7624
7754 3950
8207 5514
1529 7222
9330 9313
7869 3864
3862 2622
7753 9690
7454 6735
8060 1226
8680 4300
8207 6651
355 1567
8045 6193
4444 8263
548 2807
1525 728
1358 6381
8441 8762
6504 8199
6717 7962
8007 6962
9228 6001
9258 2157
8547 3447
6421 9701
3184 622
9730 9828
2335 98
4206 8537
9383 5207
3422 537
541 6024
8895 6770
4789 447
4660 7372
1587 1028
9304 2599
7083 9355
5328 6202
2822 3367
5556 5467
5146 5137
8651 3053
4838 8527
7643 6162
5867 3102
9527 6584
2749 7014
2697 7577
9590 6814
8668 1031
903 1064
9415 9949
1441 4545
974 5666
3969 6860
4965 4264
2174 5852
5246 6783
9713 9123
3205 246
3302 9006
6334 2449
5528 4899
7856 6986
3328 3186
8377 5934
1523 3478
8151 6168
1811 1000
7599 38
3389 8042
4405 2206
986 4777
1397 2374
6033 1757
9884 7232
424 459
1393 8350
7848 1990
8224 9669
7961 421
7302 9394
7491 3207
7074 5866
3782 8564
4107 8959
7772 6979
6208 8432
8882 5828
4188 9991
5744 5138
909 8011
2538 7305
110 5143
1770 8328
1730 1615
4621 9400
1491 5779
545 6847
806 8884
9090 493
73 9401
4641 1725
1482 9080
8753 2963
1776 3667
4913 1566
5861 6683
4263 1947
8427 6852
8849 6953
9700 1134
598 6391
135 1503
2165 7866
6582 7103
8940 4607
3012 2313
5833 4293
999 5109
3886 3302
9455 5043
2204 6887
3766 6309
866 4920
1877 2106
8497 751
3058 4771
7127 8656
7768 8119
549 5229
2990 6687
4449 9540
1935 458
68 814
5671 8317
6034 5627
2074 7485
6586 613
5593 6214
6190 712
4213 9379
5071 2764
1657 4611
7048 3195
2341 9126
4947 4331
2143 5232
4442 9446
277 3081
9201 7863
2144 7015
4037 9726
325 2186
2329 3627
5979 145
7670 4586
9886 7414
2160 6987
5730 3114
4517 1276
1965 454
416 9653
4844 2511
2849 2247
1847 2492
521 1364
7355 6683
9014 8510
808 82
2001 6852
1331 8191
9205 5888
4297 3375
5767 8565
8002 3350
3897 9930
5506 3276
1527 8690
4310 73
6838 2479
1954 8815
1088 9810
2453 2355
8035 3374
1494 3842
1289 2721
2560 7778
8979 4797
6555 226
3528 1938
3661 9562
4253 483
8539 1718
9520 3898
4360 6569
6236 1529
5039 3382
9221 2213
6282 9589
877 5100
7911 8613
3692 5190
2214 2041
2868 3098
3043 2449
211 5210
8455 8876
2215 3053
3376 4614
399 9605
3680 6757
9894 5182
2969 1180
3661 8463
2807 1099
32 8150
1257 6291
6664 6248
2807 6072
1708 3479
3649 2343
368 2445
2183 9470
9538 9215
1098 235
1731 8804
689 8227
9876 1136
2613 2013
5993 3350
2250 6145
2805 228
1351 7949
2845 2440
3234 6022
1003 8046
8180 4156
5660 1596
1104 2084
1378 6339
5278 2833
1503 1540
10000 8178
1474 8432
103 4968
73 6739
1956 25
532 8299
39 7000
1652 9855
6835 4524
1065 7224
8897 3782
6491 2089
7355 9671
4816 3691
7342 8525
4254 8883
1447 8667
6840 2725
7039 3644
4152 3758
260 6133
2729 3875
5730 7318
1211 1939
2301 9133
2279 5132
832 9317
2005 9088
1578 3552
7763 7870
9672 3953
5975 8997
9022 5139
4201 5492
9330 7948
2353 5347
5265 8179
6558 6775
1977 6265
2348 6574
1051 888
141 3092
3736 9447
9312 9890
8484 9676
9722 8580
1954 2621
4205 3572
7259 7640
9481 675
7254 6462
6961 1135
8579 9618
2839 5503
4779 9493
9950 5564
8216 294
5492 9849
7926 2435
6567 7809
90 501
5766 8637
1818 1802
3182 2452
1076 1913
9547 7020
9643 2290
8747 205
1750 5479
8556 5331
7480 6917
2646 9128
2260 1397
433 9951
7322 4062
2643 8579
5969 9563
4303 3831
9797 1471
3922 3350
4679 8473
5963 7402
9232 7455
1744 6589
2577 6633
4571 3494
146 8345
6623 8947
2804 5973
6077 5825
6542 2646
5517 7896
943 1811
4075 2986
8980 1451
2522 2251
7822 8948
2676 7869
9047 1078
4799 3904
4157 873
1723 1219
1700 7657
8344 2945
3283 5658
3106 9457
3719 905
1211 5874
1065 241
6501 1244
4482 6523
335 4597
1922 9981
333 3285
866 8779
1623 8231
8578 1507
6117 7895
4415 3023
2682 9193
4836 3452
9060 852
6610 7402
4369 5161
6616 8441
6871 4302
3549 1334
603 9797
4196 9111
4565 3018
6996 5080
6586 829
5734 2189
366 3872
714 1688
5668 66
3877 6164
9173 8889
9021 9511
6180 1149
7876 2034
7723 7175
1114 2750
5825 6531
4722 2232
3921 5300
836 7418
8822 6625
6621 8000
698 1713
4430 2529
8977 2470
5090 3774
3182 7498
5791 3693
9120 7381
2035 8661
330 3230
1875 2898
7998 629
1428 5747
1654 2216
6710 6707
5187 9009
5120 701
4016 1829
4662 494
3007 5935
1209 2634
5093 3356
4814 7392
7584 6737
8517 7282
8667 5488
3909 4210
7290 7877
9139 5550
7896 1472
888 327
9476 5763
3920 2409
5206 2838
3490 6611
6420 8848
2469 9453
5352 8951
1375 8417
3861 9027
9076 1103
1105 6804
473 6659
8178 2142
5176 6006
451 5280
9294 8827
8616 9472
9607 8259
274 8039
7449 3896
9430 9668
8852 5066
8990 8411
2729 5869
5972 8721
8091 3507
6856 2628
1592 2885
9958 9477
9162 1956
4062 8658
2681 173
4719 3424
7583 4198
3338 8321
4387 1851
3957 8494
7895 9544
4396 9861
3104 7720
2678 9683
2245 1346
636 6813
2895 8088
1760 877
3064 4605
6961 8847
7975 8838
6877 9293
5468 8604
3181 8385
9440 4846
2449 2414
1033 4727
4987 7203
2783 1993
3537 4771
35 3495
5735 2422
8554 9454
1570 2202
9746 4977
8560 4701
2752 3442
6310 3672
7865 5808
1593 6442
3607 4373
4874 5473
2612 7344
2185 3973
3739 7507
4047 6647
9059 1716
1306 7619
6728 2444
9098 8503
5872 6373
9787 2738
8760 5836
3532 4475
4996 7857
8910 7006
456 8080
7241 8535
3031 3345
3262 5697
612 1680
4229 7295
4981 2082
8724 6884
2052 37
2232 3625
6379 1822
9568 4908
6983 3854
2078 7470
2959 6856
7600 4766
4281 4525
304 8955
4978 7763
7825 6731
1462 2001
7476 6119
8625 5037
8984 8030
7413 4005
9357 7153
8446 1869
5958 3609
399 5743
51 7563
4359 3283
9062 9092
2391 9329
4034 5991
6339 7477
271 9652
1956 9376
9885 4098
1826 1418
1015 6810
9590 2229
1919 9162
2825 9150
4575 9621
8318 1907
2734 6086
2531 8728
8171 9865
4454 9070
8616 2270
4480 2210
3953 3581
3299 2994
8256 8192
9923 1868
2956 9266
1846 6191
8259 2659
7022 158
2281 2960
5911 4569
7320 9191
3141 768
4894 4871
8900 4761
9843 6364
6864 9915
1686 5524
649 1099
1767 6208
5895 3243
6716 3951
9896 5120
3459 9017
2089 5039
4446 424
7583 2957
9696 6754
9088 7443
8373 2185
9963 7611
7002 4670
3 904
455 7777
9803 9823
9007 405
387 6118
4089 4725
2810 3226
2267 2977
5153 5374
2135 1139
1357 9223
2598 9212
7507 2354
7268 4818
7821 5852
1369 9953
7555 2978
3969 8111
2041 6703
2527 8808
8274 1346
5745 2854
3656 8044
3004 1221
5448 9720
4318 1512
1173 4356
3246 1595
6997 6140
5696 3256
1422 223
6895 4544
1082 1954
2665 9119
8520 6474
887 525
3609 7973
9055 7465
8790 3285
5425 892
1902 8503
6186 7008
1539 9380
9815 6979
547 1808
8235 9922
6131 3817
5517 1443
3273 1394
3734 1534
5282 9998
8096 8006
5520 5204
8979 4789
2173 5726
3769 3888
8547 7579
3603 6523
2962 4067
5047 5956
8881 3017
5454 5425
4181 8892
7037 6480
4887 4806
533 9245
9308 8830
5660 9717
6842 7031
2721 1104
4348 2534
3463 8032
3113 3276
8999 1243
3699 2919
8917 4928
8578 8848
2754 9756
1444 4565
7756 8470
7896 124
1868 7090
3440 4402
6903 9100
1216 5997
8292 5328
2183 4830
7176 3719
6873 8564
1572 9646
1053 3641
5625 8884
1364 3841
8223 6308
6538 7423
9191 4085
9871 8719
60 8542
6065 162
3050 3950
5644 8723
2204 3764
2722 9939
8026 7898
1513 8260
9466 2986
9317 4950
3359 2835
5263 8402
3459 976
9155 3091
3126 6187
2710 8183
6690 1433
7169 4904
3248 1873
5711 9092
3702 9923
3499 1714
3082 9680
7702 2448
2987 6686
2806 5204
8461 3
4161 1389
9639 5422
8418 3271
8449 9975
6157 2918
3270 3274
7253 3108
1399 4603
1351 3439
6235 4395
6322 9078
5127 1975
1072 5553
6872 7194
6209 2034
2948 1454
2672 7625
2996 6616
8506 618
6808 7317
2249 7374
9477 6165
9377 9827
8708 5866
7172 3577
6524 9564
4134 8935
4323 8560
7680 7681
856 6354
4360 523
5207 1442
8632 7219
4067 2254
5836 3685
6937 7692
3625 8445
6439 7417
7878 8465
5585 4494
296 7664
6242 3732
8066 9653
608 6542
1235 4784
4587 1479
779 3600
1595 8341
7101 3953
9142 8606
3672 3089
5752 5720
4268 7102
9459 420
2094 8785
2274 2056
650 6899
588 8329
9826 5672
9890 275
3198 409
9352 901
5132 7697
2260 5740
8355 3375
9373 5546
819 5583
7313 6576
8480 6878
433 944
5125 1347
1072 1644
9607 9763
1700 9089
3815 2094
9845 8282
4417 7668
8631 7753
8558 2616
3278 718
4174 5699
9269 2229
801 2519
5976 5821
4089 1007
9824 602
8360 2584
1983 3618
2207 2485
5673 687
1426 2197
5008 7314
2403 4882
5702 9237
6061 6453
8691 6292
2401 2783
1090 321
4676 2783
7185 6663
2311 6951
6611 5607
1908 5226
1849 1699
9885 9167
9956 2673
5421 8404
5096 1576
1872 5245
3586 5462
7818 6659
3449 1444
938 3365
3651 3383
7749 5869
494 4737
1356 1308
2121 9632
8011 8066
9712 5370
8987 2922
4884 6725
8842 1866
6509 5951
5711 527
3261 6844
5074 3263
3556 1685
67 9815
1619 5044
6409 8105
8056 391
2432 6328
1501 1402
7484 5219
8288 9189
4668 5397
283 8984
8879 3954
7714 3372
5274 2402
4857 3504
3202 1763
9481 9302
2089 7026
8741 1023
5606 6156
1055 7917
9816 1792
2577 5130
3172 6631
3830 1091
7671 9475
3821 9194
4459 7866
8987 6516
3451 7212
931 195
9041 9318
9926 1984
7477 8225
9528 2355
5521 5000
8271 3803
4042 5055
8610 2889
8337 1074
5552 4811
4336 9515
628 8654
8746 6050
7110 9773
3830 4184
8527 5748
1610 8738
1875 9672
3946 7332
1930 2507
8964 7225
5949 7852
5166 453
2871 5528
9286 8652
9013 1666
2640 8767
9434 4970
1659 2480
3386 6712
3846 2397
4570 5940
166 6550
9121 5077
7965 943
7499 6388
9146 9047
6159 211
3371 8788
5923 7988
4412 6063
131 9096
4661 4273
9151 11
4962 1661
7712 7910
10 7821
869 4303
3231 7784
9302 639
5026 6496
4511 8094
264 1758
23 4400
9836 4354
264 4343
1409 7392
5633 7440
9716 9191
9609 3375
7097 394
6074 3171
5133 102
252 3280
654 563
8192 3157
891 7741
725 4795
3369 6079
4780 36
4086 1113
5041 7833
5936 789
1408 6431
8866 1240
4302 779
9983 9506
8327 2765
2844 6021
8847 1074
1931 6418
1356 1176
3474 7309
2898 9422
4259 1239
5823 1400
8205 7501
9555 6499
8149 3728
124 7164
4230 5238
110 1046
1264 9139
766 9077
9850 3348
7067 6075
6887 4836
4978 4093
926 3137
5570 8678
4093 1325
6247 1135
6766 4822
257 6872
201 2551
6168 4093
9447 7096
6161 4041
2780 2496
3209 4558
1989 2200
9452 2208
9437 4202
6627 3158
2489 2906
6571 3334
3248 5075
6171 9245
2112 480
7530 9245
6599 5779
7882 9715
9837 7216
9375 6831
1688 6513
7159 5574
4142 9710
5509 2859
4209 3569
9336 4265
6844 5334
6702 3204
7075 6395
8947 3929
6903 4838
5528 8871
562 3069
602 539
3583 9478
3648 3854
2082 6661
1307 7870
6887 5934
4803 6005
4055 8055
9801 4433
442 3856
4793 8317
3838 8233
4323 1600
640 102
1804 6151
3694 7039
8448 1620
3992 1098
150 614
8482 2833
5764 8929
8720 7600
3799 8613
494 5464
8523 148
3603 3675
1461 571
8333 1901
3912 6185
1021 5412
5225 2858
3849 9502
9934 32
4564 6758
1092 7111
7208 7514
863 2874
8408 3506
8917 3859
7160 1427
5675 2421
9866 2425
3569 6101
7244 6469
3658 7290
4033 748
7879 7924
2356 5755
7698 7807
6678 2216
796 9185
5622 9357
8644 9726
7933 5406
7715 1713
9584 5538
9228 3255
8284 6731
9750 2998
6484 3130
6226 1711
3673 7141
1918 4407
8511 1033
416 2301
9621 2053
8018 2461
2096 2048
1864 8057
2500 6764
9382 9071
5102 5291
9615 2487
1590 1201
6473 7079
3673 3348
3261 2864
6627 6125
8460 9207
4119 6542
7858 8199
1035 4755
6224 4769
2427 6502
9972 9074
6278 6541
1378 9967
648 9827
7122 3698
5831 9806
7828 920
4067 2550
2855 6560
9370 3523
1808 1324
5738 3466
1050 4063
1528 6045
3146 77
7873 137
9557 7467
8976 3247
1794 4124
6430 6367
3718 6112
3476 321
4959 8424
5968 3407
9513 9436
1079 8462
4722 9965
4553 5187
5001 1557
2718 9618
5703 5777
55 1213
2636 7486
9170 3082
1882 7530
3805 248
7407 3986
9591 3993
2886 5013
4081 3063
3295 2570
3049 6813
4216 6160
8763 474
8873 3336
603 7421
6655 6240
7832 567
9474 1697
4149 3426
9844 9513
6338 5302
6465 6220
4574 145
526 6755
2312 3383
1375 4106
8573 4927
3947 1797
4219 5264
9699 8146
6811 9191
5837 1403
9043 5866
7316 7480
3708 9096
2506 7633
2902 6147
2507 3161
5643 1206
3132 5884
348 9030
9321 7640
8740 3566
4638 4405
1839 1277
9172 8246
8589 2640
9602 6435
4886 3322
8540 2705
4934 442
2915 7594
3247 9854
1877 3033
1314 5423
4936 9189
988 2059
3432 7053
6588 4668
4015 9937
7988 302
1719 1382
310 9933
3029 5409
8402 9100
9842 7479
6430 9273
574 4700
5572 4657
7815 9114
6236 8993
3304 3270
6369 6999
6032 8290
5475 2786
2831 6908
8855 223
8277 3563
6597 5607
7828 4562
9378 4390
9669 3450
7851 363
4173 3499
1960 5055
456 4751
9416 775
6644 5687
9509 2950
8399 6024
5661 9186
1475 1219
2103 4100
4184 1621
6791 3084
1919 864
5236 5453
3999 4706
7713 1939
5694 5447
9191 2802
9867 3673
1791 8431
8286 3628
9426 7226
3961 4600
5067 3269
4085 9369
2784 7692
2056 7801
4372 2945
4271 6086
1417 3334
2542 4241
7337 9484
2097 4861
6001 8891
3928 3692
9279 8502
1370 2882
5341 1287
3780 1630
9154 1040
5741 680
2305 3354
1640 5436
2207 7940
891 8929
5610 8714
1092 2287
2580 4019
589 6976
3637 9778
2709 7639
8320 1400
7161 150
1013 2303
611 3647
3352 676
2722 3630
1000 4035
8882 8222
7585 7701
9561 3501
2278 181
3056 8447
4341 7817
3185 6770
3544 2968
424 9431
7882 7251
272 954
594 1660
381 8912
6100 712
1053 1008
806 5612
1590 8987
3085 703
9542 7472
3445 3130
1186 5291
9220 6030
383 9778
1412 1319
9200 8856
9892 6399
8005 3925
1112 6658
6092 6038
2093 9195
7238 4018
9132 8964
6976 852
2570 1004
6870 2916
6383 5435
6468 8915
6993 9458
2284 4244
1874 7333
5686 6884
8256 2319
6432 7146
4046 8975
6128 9729
1707 5931
7801 4062
6872 2453
7908 621
2987 6529
5056 6794
7888 3898
7046 8334
1746 2776
3882 8217
5949 3543
1160 5108
1189 5084
5260 3488
8958 7913
8763 987
327 3975
8735 415
6505 4396
3509 1939
3667 8685
1151 3263
1544 9622
6203 6861
6235 5490
336 3965
9663 8937
5629 2448
480 8555
1869 4546
245 1879
6123 4438
2565 9926
2577 364
5985 8294
8734 5687
246 7253
4545 7285
2434 3783
5735 4611
6599 4
808 9549
3765 8678
422 36
7289 7938
4087 524
2007 5516
3845 6607
1035 6049
3862 377
37 2480
9885 1989
5985 2412
6370 785
5571 3846
7328 1769
509 3304
587 7558
7240 906
5884 4446
5128 3056
4219 2475
3855 399
3119 8724
8480 4443
8588 8429
1688 5588
2682 8535
9804 3393
7599 602
9990 6020
4403 6061
3110 162
6650 7405
6412 5289
524 303
4946 74
1145 7237
474 8884
7097 7833
1709 8464
4108 589
1305 8141
6776 2268
6836 7160
5704 4780
5683 8777
3825 7119
9313 3836
734 4403
5773 8126
2324 2766
675 4614
9197 7767
9059 2575
337 8995
8178 2029
7668 152
2283 5514
1975 6464
2368 8812
760 4059
1903 1310
3219 3352
2654 7908
187 8850
1092 2850
513 206
1147 3691
9883 1523
4562 10000
3457 6751
2852 2448
9306 5936
9785 9664
8113 3105
4631 3504
8467 4627
5836 8527
5903 1431
9149 6241
6514 8300
9888 9617
9151 8918
9396 6767
6250 8428
7743 6737
4291 3799
7450 7371
5447 3819
6458 1258
6078 7331
3519 152
6580 4650
6496 7137
4605 3080
1215 623
246 6693
2292 9799
359 4810
5632 6914
2948 1250
3248 2444
1154 3289
9258 7635
3890 212
6661 5181
2241 4623
7357 7126
3396 7412
5289 7147
9063 1688
6168 6524
1551 7971
4653 7362
7642 8815
6659 2789
6960 8095
5348 4714
3107 9010
6272 2341
3679 4522
6573 1821
7041 8415
1055 8439
9302 5221
3644 8981
1250 681
8488 6544
2836 4893
7946 3571
3440 4214
813 3512
4745 1579
9525 6579
4463 3981
9345 826
4440 9122
692 8387
6887 9138
4822 3070
8089 6801
3592 7382
8777 8802
1046 5005
2903 5424
2008 8764
9782 9638
5879 2330
7403 3626
1660 5175
5285 2228
2026 7935
6905 1794
7035 2610
9436 7025
986 620
2882 4512
1595 8993
5871 5518
3747 2327
4341 5446
526 867
3747 3507
6798 1759
4788 4441
7480 3960
2558 1203
2036 312
3002 1386
9842 3779
3227 1536
6970 7332
528 19
1245 8625
360 8883
5977 3946
3023 6077
8248 3467
4479 7624
4655 3365
2030 8621
6047 358
499 910
4662 8491
9579 7530
1214 8614
9200 8865
9638 2677
8291 4053
5811 4287
1440 361
6204 7564
3694 7637
1984 6269
4168 129
7031 1914
3906 6370
1568 6416
6334 587
5595 8010
3953 7292
3646 3533
4937 8995
244 2324
8446 9049
9659 5869
8270 9606
6592 7836
2978 4870
2431 6722
1575 2865
6158 9114
5946 3159
8100 1769
1737 9067
3196 861
5860 3463
9907 2872
6541 2899
4016 961
7759 2644
9859 5975
2168 1670
6129 8639
4880 7886
2544 4329
5221 7148
115 7413
7449 853
8833 9181
3904 8478
7888 1314
5476 9736
2410 1298
6086 2576
9178 1215
3522 4592
844 2353
9941 4070
8050 3121
2255 2171
2867 1300
5425 1313
5662 4971
5153 222
5384 6635
593 9473
5112 6419
2725 335
7943 3606
2441 7277
2377 3967
2992 4983
7323 9748
3625 979
6126 6744
5233 6683
2165 4099
3405 8926
7973 2664
685 6398
6612 6848
7676 9695
3465 8415
7489 7204
6930 8443
1523 9776
5072 5237
735 6641
4421 4302
6246 6637
2939 7659
2656 364
1695 3472
6750 477
6077 6321
7954 8748
9049 4792
1670 5163
5074 7962
8466 7235
664 1361
2445 8199
582 8985
6118 4754
3950 6562
5267 9882
856 9485
8429 738
5628 568
3998 7594
7077 6130
3346 3890
6483 2150
7007 9649
1011 5867
119 1791
7521 4925
287 944
362 670
5505 9571
656 5619
3849 3951
7989 5629
3503 5571
7379 9326
3764 8338
3001 45
4826 246
1218 5658
1032 5443
8930 6321
167 363
9769 3358
5694 2759
232 9324
9073 7311
5614 5306
6467 2976
4461 6409
2474 3869
1492 2446
2023 388
529 7635
9346 2725
2365 1252
5888 8732
2605 4472
9944 9219
4777 9257
9619 8345
6362 7657
3176 878
6972 7853
9149 9148
9189 3279
8170 703
8241 1732
49 763
1469 8706
6966 4952
743 7259
8849 257
6804 3456
468 4877
179 9327
4804 9932
3788 8911
5076 4078
8743 1842
2076 9244
6470 926
9123 9368
8654 4273
4145 531
387 2422
7585 8747
7400 3496
9379 1246
8672 5804
7660 5751
2101 329
4480 81
6825 4416
8700 973
2130 5750
6794 9754
5741 9508
7230 1274
2054 8689
8223 6699
2863 7898
9908 3898
3955 1213
4892 5993
3272 3474
9057 2677
3208 7702
651 5902
9908 9667
7673 260
9186 4557
9724 3242
7821 3740
616 5314
9681 7118
1605 1640
1246 2191
5155 7293
21 7149
3100 1359
5197 575
1584 4997
8455 5343
8581 3904
4653 8074
1327 788
319 9625
8703 1029
5641 7574
8927 8141
7341 1418
1381 2052
3828 9913
9676 6448
492 7270
8083 6794
4258 987
4705 1608
2097 4205
53 2968
3661 3340
8321 9115
5647 1979
2144 250
3486 3486
6730 2591
8176 1407
6820 3747
1060 8325
3550 4191
5708 3185
7188 4772
8489 447
5509 9475
926 8675
8330 8845
523 7017
6402 1429
7646 5464
6305 4056
2845 4365
1305 4477
1957 3207
7252 2473
5627 464
694 2215
8160 8972
2843 2081
1652 5692
5319 7570
7994 5303
6210 2694
3407 5617
5559 3451
2445 9627
7098 4235
4913 16
8165 8454
6102 3318
2457 8909
9123 7531
9048 1437
9492 1212
2120 1012
3262 6626
8806 5921
6813 1548
1825 101
1849 4965
2078 3194
3248 8052
263 8353
5767 544
2938 1598
3862 7061
5239 3915
954 3507
2420 5176
8516 6439
1040 492
4469 217
470 4042
1788 7563
6500 2946
200 8679
6117 186
1848 845
6602 6721
7437 9042
6665 4961
9692 6821
6320 6995
3102 337
1911 5977
2632 6629
9584 7300
8730 627
7270 1331
7591 3580
6123 9169
3603 5642
9825 4138
8533 5932
404 6895
2448 3479
1317 2817
5991 389
263 7117
2009 1548
6374 9060
4039 7548
5974 4477
8104 9341
4830 4828
7608 2399
1394 3722
1833 3834
2111 3165
1613 3248
5281 1825
9141 7920
1046 3799
6203 8599
6225 2587
3149 2613
8077 5395
7051 4274
4264 1889
7164 1291
3250 2711
7692 1663
9836 5876
8261 1553
3114 5378
2477 9144
4010 9440
2061 9102
1451 2108
3362 8883
5161 2652
131 5567
1479 3498
4538 9693
5241 7176
4488 345
7150 96
7326 6810
7720 9298
2109 5537
3798 3325
3538 1265
4929 9600
5465 4555
6760 8243
8674 6056
4926 1915
7901 4980
4901 4689
5713 7377
350 8637
1553 9498
4753 4587
2774 8572
6131 1963
1951 2242
7169 6864
492 6796
6122 5030
3006 8365
8978 1864
5680 7870
7142 3208
4039 6261
370 90
5598 7344
9085 864
9362 6839
3434 1624
1862 5839
4986 6112
6216 8308
729 550
2569 7146
6437 7914
9890 5951
7838 2138
2079 2919
1252 7930
4801 3832
2790 482
3063 5233
4702 5356
615 1729
9722 9346
3754 8953
8852 5356
9727 2142
9417 720
7716 2582
7472 6642
8998 3748
8851 1031
8461 5412
3517 3385
5823 2198
5699 8228
7198 7808
190 6802
5356 4693
4006 1467
4407 1815
9824 7783
9569 9238
8909 5299
5499 2352
5592 5331
3073 882
4229 727
2357 4762
8464 6689
9535 9784
2511 9881
4916 5368
6831 8194
5129 6797
1398 7712
2991 4790
7910 3059
713 6371
7875 2563
6994 5771
2094 7290
2476 366
703 2144
5894 3341
271 4983
337 6624
4688 4262
9326 862
9507 1078
2019 7768
1844 1077
4678 1496
4440 4331
7470 6590
1981 684
163 8599
1274 661
5697 3517
181 7857
6823 8007
3703 140
9910 9793
1376 2490
5459 3050
385 3180
5749 8399
1271 6608
4132 6738
773 2146
1050 6562
7099 3464
1976 8709
6189 9448
6666 5423
6499 7744
7193 6116
3490 1789
1037 8463
7384 1473
8940 9894
6600 7315
1436 5973
7066 7311
220 5498
8303 9349
392 5635
8052 3426
8597 6048
8001 461
7599 8460
9788 992
3544 9124
2154 100
7593 1857
9811 8895
8990 3519
563 4419
5434 7130
6116 3208
8086 8330
8193 484
3444 3018
433 8481
6598 6272
1403 7444
8005 3961
6850 4453
2776 1267
3499 9791
9930 6028
6710 3367
7047 8636
9233 7942
6031 833
7428 7793
7066 8665
35 1157
9232 4281
8783 8762
2576 6956
7100 7979
7705 2822
7500 412
8026 6786
2940 9292
8648 8309
5027 8811
3349 7148
5977 6598
4048 1861
1936 2006
1285 7243
6648 9997
1775 7773
3439 3743
1658 7673
4850 1143
681 1964
4742 7269
6812 2840
3685 8054
9413 9903
8429 6181
2345 6760
2009 2638
3895 9828
7547 8510
2196 8076
9065 3090
8767 5786
4630 4552
3092 8913
5077 9023
6283 732
8662 177
992 6952
9900 6449
7640 2856
2718 5863
8825 2635
4704 9232
8097 9649
9409 2570
2217 1932
7595 8290
8356 4122
5067 8018
9091 3645
1540 3822
399 7319
9389 2904
1717 5822
8786 6746
3768 2833
5754 2201
2070 6839
2278 2230
5012 8763
7692 6128
6398 9701
5819 8492
7187 6564
5114 765
1608 2540
4055 9314
7051 8123
9886 3313
4037 6381
9206 6619
9599 5115
5122 5505
2229 6775
4560 439
4332 1601
5215 3692
35 1370
2063 7186
2301 5969
4810 1060
7548 5912
1834 4599
5245 6401
5703 7958
9880 5774
253 758
3322 867
4276 7175
8256 6611
9998 3143
3864 3276
9210 2342
5117 526
2935 2192
4862 5884
5119 674
234 6328
3816 9581
6992 4631
1841 9501
6846 6719
2581 4292
9684 34
1045 8753
4931 9642
9656 7875
6436 8093
1352 2965
978 534
919 3181
6139 4131
2586 9936
325 3874
2592 9276
3202 6988
7933 9714
8078 5680
8604 7609
2687 3003
4896 4847
8149 527
8129 8553
9398 2499
5756 6133
9129 6376
2882 9526
5817 2323
5209 457
1794 540
1353 5738
5581 8867
3328 9402
4195 8346
6448 1717
1281 3900
8604 2792
5298 9079
9481 5229
7424 7366
1995 1525
9181 3599
7903 9155
3491 4065
9559 8687
1895 2007
7409 2207
5406 8291
5866 3022
9691 1983
6918 7109
980 9229
7607 5477
3129 617
3910 4556
3620 9061
9252 6624
5032 7213
2557 3103
2684 4235
6270 4999
413 9662
4040 7005
6754 7280
6588 4657
7079 817
753 2898
2800 5821
9219 8483
6512 7317
5789 861
7439 2321
9277 535
4703 8477
9089 6193
2981 2091
7857 9883
4031 7214
9388 3865
4846 8430
8932 5068
2826 9413
8707 6721
8897 1222
2740 5944
7687 9211
7701 4506
250 383
9672 5156
2278 2906
8022 2112
6104 2324
9017 4998
904 212
4438 4943
6136 8174
1672 324
9968 8010
8068 7624
8939 6090
3587 4460
2419 8368
7315 3808
8046 5051
2541 5513
9993 6683
458 3369
3475 2922
3388 6035
7183 2558
5393 2240
9135 5703
7775 9510
4267 529
3071 3359
5900 5341
9071 7001
9508 5967
6829 5878
3853 9293
641 4301
9013 9506
1851 9512
7890 8940
1038 6937
5858 5802
9232 4986
4442 6381
8903 8157
3849 475
4700 1208
2432 213
6580 6479
2428 6568
2258 5082
3045 7522
4130 9086
255 4984
1532 5468
6146 9958
5160 2927
7516 6940
5468 9578
8304 3107
4200 6221
6596 2668
2111 2713
1923 6828
222 3352
5143 1735
6862 2658
362 2480
4163 9110
8649 6751
9024 3683
6739 4644
87 602
1901 4366
1364 5763
1623 2039
6562 2020
8891 3043
2896 3400
4606 2340
2030 4744
2837 9534
9415 5501
6 6307
5865 836
4655 5443
9114 9646
1570 1702
3324 3946
2945 4918
3553 6041
9815 9245
3927 5819
7969 4633
3380 7287
5137 5380
4221 5733
6066 9637
2332 316
8169 8340
3280 2988
377 1002
4345 4234
5790 4861
1821 4190
3670 9731
871 5719
6436 2733
342 9270
6084 248
5635 8858
3816 674
798 5753
8662 7683
9022 1474
7386 1358
7437 7277
4635 4241
2155 7364
1450 7063
8644 6835
3014 9148
1393 937
3906 5360
6375 6188
6129 9251
1617 5728
2128 3464
8967 9505
3325 912
4387 3372
664 5162
9093 1368
4101 7546
9448 46
685 4853
7544 4885
3426 9408
879 9407
1320 2484
5546 1983
2427 486
7339 3801
8205 3967
5911 9805
5897 2678
7786 5424
3619 9280
3806 2012
3506 3528
1746 846
9329 2812
3370 5994
2747 2088
2145 2200
1973 9468
7598 4477
8206 1179
7876 5119
4189 2981
1114 3713
1730 1832
9514 9908
1951 3401
1814 1553
7428 5304
84 9197
225 9250
9424 3521
9824 9445
2085 6486
6999 2922
3406 7286
4538 9164
5586 2219
3583 4386
4474 8489
4576 5232
2100 3411
5217 3610
4034 3507
4599 4249
3806 8955
643 3782
9081 6533
9733 2213
8586 7606
9137 1533
9667 7265
8355 1236
3166 8651
4987 4650
3542 7973
5310 2797
876 1670
3336 5592
9868 4674
2876 4352
6506 5546
4881 1386
7393 134
611 4103
6635 1251
4172 231
472 5897
9632 4437
8530 9682
782 3849
6196 9579
1661 4976
9216 2741
8341 3121
5412 4357
9510 5438
2772 4980
1822 476
1741 7126
6460 4109
6876 4945
6365 9743
6268 2919
1947 2132
8355 8367
6329 1985
9880 3215
8307 1026
4202 4056
4928 1090
5691 643
7031 8959
7146 767
353 159
2197 6294
1620 5801
2809 1133
5467 6896
340 584
9190 7934
5943 305
4081 8971
1650 8475
3065 1017
1525 1493
4360 134
51 8328
2206 4376
3278 7571
2296 3568
9782 7085
5798 9803
2048 8603
3890 3733
4357 7429
6630 8165
6502 7334
5915 8458
8904 7760
1445 2314
9791 3957
8481 226
7675 10000
4982 2795
2041 7275
2967 6952
9155 995
5636 589
9314 1662
1449 7173
429 4123
8805 7309
3521 4992
3236 8340
7275 8594
1111 6871
4968 973
8592 709
9289 2031
5792 9928
432 9956
8996 8982
2897 4569
7156 7055
922 7618
7054 4470
9796 732
6568 1418
7277 15
3 3542
651 4242
6203 4136
9299 5080
8634 5508
6389 396
2440 841
4243 4500
6169 5628
2379 1117
1572 4607
9907 4423
6206 4792
9655 4931
1802 2133
6959 8907
8876 7566
7691 6046
5388 7596
7362 5527
5669 5964
6396 2524
9215 7352
1765 3742
7054 2489
7927 5532
7866 9880
6183 9806
9357 51
9883 1688
8721 2582
9544 7137
9562 3955
7356 2117
1327 9455
3489 7793
2201 1755
8484 6794
4958 3580
5988 3386
5992 7483
1336 8337
3367 3779
3803 9005
9789 3506
2594 4664
1589 1506
881 8649
3868 4593
1472 7692
8363 8846
235 8511
512 744
3090 8290
3908 2653
4282 739
2041 1336
3051 4548
3367 7661
2691 3081
2262 9452
4730 151
4464 1445
5504 4012
3509 7989
3094 714
2252 36
732 5966
4696 1713
1198 589
5865 7944
4707 1431
1141 2485
7317 1959
330 3911
5512 2345
4384 673
2373 5401
3686 5450
8468 4060
2918 135
8426 1593
9686 4858
8223 1638
6365 7938
7722 9682
3535 9241
1768 6730
3520 7689
9816 1339
4038 5143
8206 7338
3388 9498
4407 5734
7359 5634
973 2187
5332 3849
7746 9199
1097 8110
9459 8291
2030 2751
8549 3744
5955 8841
3151 7051
604 4663
3560 2825
2641 1073
9053 7689
7677 9743
4822 1221
2471 6438
9458 9828
8800 5424
1874 7574
4259 9502
7700 5604
4825 7500
3428 2461
7887 1580
5795 7458
2827 6510
1186 8435
5719 421
5891 3836
1676 9058
2826 5919
5367 5533
8860 8057
3129 6730
8073 5778
6990 7220
1653 5990
6539 3281
4317 8044
9415 5461
4436 1805
136 9568
7183 3904
6961 9999
9030 4337
5810 799
1685 1749
6336 2856
9217 8699
6604 9906
1 7903
1022 4718
8527 3487
6037 9557
4277 3431
7503 3338
6470 5054
6892 7611
3069 1920
8106 7654
2347 3948
2638 4251
7003 8248
548 2276
4835 7053
322 782
1091 238
6053 4137
2078 6995
4521 9525
6497 3276
2575 5688
8039 3778
8031 4778
420 6005
6831 164
7306 675
5358 189
366 4633
8422 7704
4384 9792
8303 2438
5607 1504
3974 5609
1076 2000
5772 1830
6412 4136
3166 4188
7579 3512
639 9924
6466 8356
8756 5220
24 5930
4632 4453
6742 759
1205 2545
8262 282
9441 8890
6600 3350
8934 6815
8234 299
8527 6350
3248 8109
4142 1828
7662 2136
8184 6937
7842 6553
3693 1560
2654 9184
3214 1959
4874 5857
5684 132
2117 3701
6296 6233
812 5232
2010 9633
2382 5620
2596 3680
638 1448
1706 5477
6576 240
2876 9313
4936 5645
7819 9336
6312 3522
3778 7388
5146 8180
2113 2578
1272 8781
6815 9783
9440 3106
2963 8654
2471 9080
9963 3322
5333 8565
3774 5552
7586 1718
4856 8949
1822 873
8370 9799
504 6647
7550 1871
9604 8824
1177 8240
2938 517
8228 6622
5359 4899
414 2371
7062 1088
4427 7032
3050 1565
5612 2774
854 1656
5514 8821
5059 8770
3417 2010
4840 9620
1552 5177
5483 8549
7410 6714
7362 75
4545 9155
1546 7205
1137 1754
6312 4370
3414 8959
8913 8697
7808 9617
767 6268
3145 2416
3434 6978
5333 3482
9001 2654
4216 6476
6937 119
9325 1109
8085 7761
4636 9622
7395 911
2589 4600
4934 8708
6974 3193
8983 4568
830 8487
8850 9664
2805 7500
5914 8496
6469 7875
5923 300
5255 1496
9159 6960
3505 8531
5312 1556
8590 2054
2021 4665
4259 9059
8713 8516
8613 2909
1420 9802
8383 3122
353 2863
1339 6103
154 74
5478 6236
6168 4345
7973 7559
8383 8641
77 7289
127 4447
3508 9672
8412 5239
1918 2041
9401 6145
8573 1993
9069 5718
2304 2915
3831 4398
3891 7030
7761 6060
7971 8158
1027 2332
3287 2826
4677 8876
870 6475
9051 4830
2587 5660
3895 2000
5973 7712
6968 9125
2990 4090
421 4074
2084 7671
2338 2556
6787 7861
1858 1265
2372 4168
4265 6580
2562 5046
9801 1562
7451 482
4231 5711
5265 4813
3707 9998
120 6472
8215 1736
9199 4495
6990 4232
4411 2363
6027 7399
1618 9537
8491 7699
6405 9940
8123 3404
8176 1345
4437 4959
7321 2554
4010 2571
4217 668
98 119
179 383
9739 2018
6330 5734
959 6781
4879 6859
4768 2015
2005 7711
551 7775
6760 7015
9681 3644
5101 8440
9733 5914
9472 2231
829 6510
8266 739
3429 3936
7468 894
4357 3422
8011 1312
6202 1723
5917 4331
1808 1764
1226 2452
2761 997
4534 8313
1722 7417
7816 7988
2125 5069
6103 3419
6067 3053
9369 5095
6013 6921
5878 2982
3975 1237
3889 2091
4946 4296
6342 814
4107 5212
6638 8615
5847 2979
4534 8102
8814 5841
3909 7520
496 9664
130 8311
3455 2358
5631 9422
1092 844
1367 1974
986 5471
6542 5105
1825 1384
3451 2137
8860 991
8433 7192
9593 766
4857 8017
7583 9949
4056 876
8314 4675
5674 2920
8775 9635
1423 9597
3117 3192
846 4170
8251 167
2825 8483
5281 4539
5015 6978
1208 2583
1510 8839
5652 199
5919 4436
8198 418
4792 6895
4640 8556
2844 5029
5678 2570
5104 187
2395 9784
9845 1160
1186 220
2177 9625
9557 7806
2814 6055
2291 10000
8063 665
1956 774
3562 2753
5679 7461
857 4220
9026 102
8890 1866
8360 5974
3118 6633
4880 9214
7120 371
4554 4335
6631 6235
8570 3859
5955 6058
7018 5964
3478 1663
3992 4997
7203 5450
3846 2774
1603 1020
2418 3831
162 3287
8618 3115
7627 5099
853 1963
1389 8778
1829 9865
5675 6031
2579 7761
6516 2996
1972 7991
9657 1464
6585 9114
9234 6649
8479 8226
3919 6619
9823 1008
2170 6061
1348 3430
3004 8540
4565 2819
8284 7644
4102 8972
4134 420
9787 6182
7341 9044
5538 8394
439 5035
3808 6766
6428 5485
5124 383
7402 9147
3017 3920
2749 6622
9033 6771
3365 4460
4903 5373
2972 4162
7506 8538
9964 338
5210 7185
3712 1870
8416 9463
4124 4384
5720 9856
5933 620
4508 7048
8399 4416
6345 1505
9551 659
5408 3788
5350 6638
634 6553
1683 289
4851 7788
8793 1137
2213 6489
7986 5359
2598 4800
4089 9049
3916 5049
787 9043
5674 7461
5753 1413
212 5983
9473 3464
7420 4032
5908 4586
5131 898
5857 8419
5576 2693
4310 2106
6428 4769
5556 7252
5394 7943
8090 5251
9269 2258
4155 2965
5259 7919
7157 6307
1876 938
6301 2608
7469 4750
2060 340
2462 841
1299 9219
1270 5332
526 2135
1859 1274
8904 6850
1605 6633
5809 9543
1074 8694
1752 9522
7955 379
2893 3300
1942 543
1580 4379
3618 8085
9126 9371
8258 3267
355 5218
2382 959
4855 8782
2156 2530
4 7024
7823 5254
1598 6960
1582 2357
5683 7510
1538 464
4383 3561
8060 2617
3743 6639
9389 2060
4991 5961
8963 6756
4868 6076
5942 7744
6027 6876
2503 6723
3498 8807
4607 6123
5992 8938
5703 2630
4185 403
6192 1998
4094 3060
9011 2399
5214 5685
9132 138
596 7817
2172 2103
8876 8786
4471 26
8711 8291
3354 1659
1114 3052
995 4704
5655 1580
8985 5928
5126 2571
4780 3586
3518 4700
2152 5461
9298 6809
173 7643
1198 7514
4212 4375
2192 9467
2548 6452
15 5608
8696 9928
7020 3231
1945 3328
2579 7856
2401 6126
7004 9059
9983 1382
2601 2474
1852 8588
2927 1352
6765 4362
4636 7899
1425 1760
2510 7059
2732 6027
8705 745
8667 5810
7301 1165
9598 1019
8108 5531
6102 1009
9449 8474
7586 1816
6214 7385
568 1741
7588 2215
825 5670
73 5152
9796 2733
4824 9296
7178 4291
8539 9379
8713 4575
1708 2203
3045 4940
6930 989
2421 5702
2342 3031
5529 6530
9863 7395
1530 1540
3518 3913
9466 5260
8892 9995
6504 2542
2347 5421
7675 3076
1170 5317
7758 6076
2154 3831
2188 2282
8431 8287
6640 4615
3082 966
2342 1817
2863 3860
7600 7579
7465 7627
1834 9068
4634 5781
951 2585
6234 9203
7254 1552
3438 6944
8288 7529
8336 5388
154 6057
8051 4863
316 1644
8228 9042
1062 8880
8467 6822
9242 4836
1997 6
5802 8650
257 5790
8548 7120
3907 6192
7606 8671
2031 9768
5362 4208
4811 1607
8874 6034
535 1971
1620 6046
1875 2481
733 3224
1963 7073
9415 768
3727 8727
1056 6526
3281 1048
6684 8351
2909 6262
6628 9328
3168 2834
1304 1780
6267 1424
4166 7596
273 2216
289 857
9684 347
1359 6280
4722 7876
4705 7369
6726 8931
8569 5195
661 9843
484 3086
5717 4495
2867 6769
6531 5298
4507 9803
359 5224
5049 5179
930 7827
4211 6074
4673 2532
336 4496
2462 4772
3394 6300
5564 7072
5298 6605
5157 8446
9270 6398
4100 3647
7963 986
1874 2551
8266 2356
4267 9690
3954 1450
8948 3715
4817 2982
5405 2744
29 4684
2995 8935
4419 4981
8078 7799
6302 1524
501 6113
4981 970
8231 4775
3322 4919
1650 8254
5602 9512
6834 2100
9842 4912
4586 2357
3364 6886
407 5136
7970 9298
7774 1421
3161 6480
9028 1230
6887 3676
6833 5154
164 8856
1817 3822
8298 4503
1478 1871
9819 3116
9039 9980
1191 5902
7174 261
5088 2354
5218 2211
3699 5562
1844 9773
8757 4532
8092 7594
8038 5189
4839 756
4241 6034
162 7610
2601 3786
4621 1841
1579 9925
287 869
3275 7590
4823 6265
1673 7440
6892 4535
336 2372
1229 6908
5693 2247
3 5908
2680 9526
5337 9608
9676 5032
5063 7290
9496 9184
3289 9664
3763 5736
4404 3235
6296 9671
9091 7927
9222 8504
1898 9500
5657 2889
1035 4569
3390 9594
6683 7130
8515 4096
4733 620
7464 8143
6314 9560
9294 7022
8488 9381
7748 1112
488 8534
1047 7175
6863 1349
8704 4471
3688 3372
9967 3178
5448 9948
9347 2446
5424 4314
3801 7092
8411 6317
8549 9853
4839 7522
9953 4240
8813 8595
6505 2933
6984 9499
6907 691
9984 5563
3285 5568
9520 1233
7611 4561
6153 7340
1524 637
9440 8818
1918 6900
6095 6504
3662 5047
9959 1777
8553 2272
2261 2016
5873 3935
2995 8058
6012 4070
7174 688
2592 6845
4430 4212
9777 7118
6087 7018
6402 2420
3386 1202
4610 3906
7640 8218
6453 1583
7550 5291
7747 3932
3118 480
6735 1696
5006 1021
5254 724
3520 6115
8202 5553
3941 3105
5617 1089
2956 5559
4445 4273
3261 587
2017 1552
7464 4919
1287 4690
8393 9208
720 6980
2949 1044
4558 4738
8597 6920
8613 9915
3464 5793
3649 3065
6074 2305
6774 3697
7121 4660
9727 684
7962 8088
8739 5950
7977 4112
4292 8303
5709 7433
5603 5805
4419 7180
543 8451
4246 326
2784 7637
6864 1771
9186 6550
1422 4911
6962 3950
3950 7556
1370 8702
3503 5035
3781 832
4091 3353
2202 5632
4825 4044
2070 3322
1671 5157
3193 7175
2712 6301
7248 9601
4505 8556
4489 9740
9443 980
7401 5050
3472 7844
2248 4924
5554 9816
2808 4860
2653 5754
4215 2107
290 8125
3486 8414
5734 4415
7110 5155
7203 6598
6598 3680
3043 6961
7631 615
5706 30
2571 2385
2292 1100
4754 8862
2257 1789
883 8771
5159 9661
4117 6510
9876 1198
127 3037
719 1262
4977 2000
2526 9300
7536 8237
856 1646
7681 8332
9330 8029
3727 1230
7120 4532
1117 4103
7 2370
1442 8203
9296 1925
5370 4081
8255 6867
7579 1524
3622 9020
3027 2564
540 3562
666 4062
4766 716
2211 3217
3363 5483
5585 2590
5375 3740
1627 2521
9146 5477
3078 531
1423 342
8735 5622
1989 6976
5367 4066
4553 9829
5617 263
6506 3941
1345 1792
9088 2012
4102 7104
8951 4968
3889 6287
3409 532
4285 2679
4368 2979
4304 2634
6118 2163
2468 3138
7945 6652
9000 9925
1270 1833
9290 7022
5319 2694
7380 4356
2510 3998
317 2220
4518 6050
4903 5981
2551 7168
4154 3593
9807 4993
9077 1399
5260 7245
2646 8131
6127 1170
9730 5335
9371 3227
6790 1863
2369 465
2821 2205
2608 7316
6759 8463
4586 7271
3386 3033
5909 4215
6543 5842
3749 7385
4480 9628
6711 7111
8695 2848
3783 6146
7403 900
8178 5152
8288 2477
6073 3999
1604 1630
3271 495
7318 7846
9267 3848
3477 6401
6766 3032
167 7269
9302 4183
6600 7540
6977 2233
3059 3924
7289 4496
5576 1349
5120 1471
3575 2849
3419 5935
9359 6393
2138 6142
1584 9996
2611 137
6377 7788
3352 9997
1117 1303
4384 1069
289 6981
9661 2315
4668 6299
2724 3493
8886 9880
7996 8431
6700 5662
7146 8887
2212 7535
1688 466
8625 8077
7037 4398
5503 4449
2285 7756
6893 8407
3504 6527
3024 1183
2467 7709
6593 4166
4935 7525
5319 8649
4417 5489
2818 7232
5469 9189
6494 8282
192 7720
2754 5213
7560 4878
7418 7616
9206 3125
9209 5325
8224 3580
6165 9198
402 8645
3769 1075
4523 8318
6818 3349
3005 8313
6177 7748
5471 7792
6860 3478
7363 8553
962 9553
4648 310
1016 1628
9750 9416
8189 8500
6577 7922
8195 4622
1463 4424
5418 7165
7871 707
6311 6253
310 6898
1956 3117
9257 9642
7864 1678
1079 2470
9888 7098
2486 2225
3282 6227
6155 5494
6724 8165
8528 7846
1092 913
4066 5746
9932 7496
1447 7636
9224 1644
5672 2020
5112 6101
9527 7282
4892 9517
1198 3941
5345 9064
8580 1485
8535 9098
8593 5291
2765 9863
7405 5030
5298 5500
5985 3021
5122 3956
2988 3873
9643 4565
3514 2990
4927 7712
3347 6095
5892 3044
7238 8098
232 8394
1695 480
5888 1058
5684 9847
5363 9998
8672 2729
2768 1187
2675 6309
6124 7518
4451 1328
3430 3937
8388 9304
7979 7367
8917 2734
81 3895
4889 590
8529 3953
5106 4178
5032 3586
2066 8829
3840 3296
3933 6180
2174 4056
590 5291
1508 4366
6412 4063
9068 7931
1563 9846
9583 1263
2031 8750
9024 7111
1198 493
6320 8832
1382 8116
2479 2893
6708 5340
7724 2520
1673 4974
9301 213
9228 2269
2461 8473
600 106
4733 8418
4390 5986
9380 3742
3933 7096
4826 9751
4685 7241
8492 2638
7442 3685
4360 8518
9987 7115
5267 5052
6677 1861
4190 7751
323 6945
3497 707
2444 9349
193 5004
3306 5386
7785 9445
2568 6711
8942 7502
2388 3489
2262 1034
8546 8484
7381 8904
2668 184
6180 4414
9483 5458
7918 233
3063 5410
9563 9257
1902 7733
8934 7460
4117 8538
3784 102
74 9197
8328 844
5951 8019
5171 3134
326 2700
3312 6120
3966 2608
6468 8261
4242 6740
3673 7892
7284 7309
9661 3150
7593 9590
7139 5988
6996 7896
8313 8516
219 6899
546 7378
2010 2967
5627 5530
1890 6606
6342 5006
5486 7826
2515 5652
6591 9336
9609 6071
5282 6701
7014 192
2274 2591
3645 4945
6976 6262
4142 4292
1523 3471
433 8784
1223 2261
9278 2480
9518 6209
9205 2168
8566 9395
4301 4782
2103 2667
4315 4834
3958 573
3966 8091
4287 1095
9970 834
8552 6023
2514 4690
5421 2311
1440 2868
394 2142
9784 3106
9632 9020
4036 3279
3683 2111
9554 956
4815 508
8253 7676
6065 5270
5996 6551
5011 2172
3335 780
6042 9902
5714 5705
9848 3316
4088 2417
9636 715
174 6665
1283 5612
1983 9813
7903 3191
7950 8961
4854 8868
3895 9516
9371 8398
1380 9089
9005 465
3351 6224
680 2494
7972 327
6075 32
1414 2248
116 3682
8465 9883
8926 71
3894 2249
1601 8857
3478 1495
792 9901
751 5150
9277 9147
8870 3911
675 484
8377 2313
2868 9770
7322 4574
6770 2546
1009 7011
2400 3571
7534 7416
2545 3720
2520 6054
9460 3220
7058 3579
661 7952
5411 6996
9397 3512
5318 4473
4952 1045
1055 5161
4440 4730
6634 5732
7417 6432
1501 6931
9733 9183
1143 8070
8087 6635
6889 6359
4127 1005
4444 9571
9152 5192
8440 4734
5030 4680
2064 3998
9396 7111
1218 4066
6463 3633
5199 9524
8903 2053
6941 8202
963 2029
477 5418
8710 569
7834 6051
2052 9481
226 1677
8475 8333
7698 7490
8448 3253
8237 5803
4633 3390
2001 380
7733 4012
9118 3630
4210 743
1672 4881
4704 2200
6831 6495
4349 5359
6858 7657
7952 3146
6893 9664
6593 7906
1952 6895
8892 2497
7511 1207
9810 7372
1260 9422
2454 2307
4559 2290
539 4157
5497 5971
2712 692
7851 2622
9387 5529
9904 3460
7024 3183
1382 8150
601 3120
3953 7724
8659 7775
3218 7016
6407 4486
7316 6431
2421 5298
5199 3349
6594 5706
5024 1207
5021 1734
3556 3817
7910 2793
6321 8489
5238 2024
6343 3098
1779 6
8522 9229
3866 868
3709 41
4368 4706
6409 9291
1260 1674
6525 1557
9353 7863
1986 1256
7446 5127
5665 4224
8323 838
7534 8998
5322 2912
3877 9126
1930 8858
2546 8058
7896 2615
253 3844
8203 6969
6559 809
4107 8193
2615 4535
6887 148
966 5714
1834 883
8943 5619
4126 1944
51 9671
7462 7728
9376 8557
7129 8670
1204 3960
272 9275
316 7693
6493 8193
2903 2720
2172 2955
4911 3554
1922 7954
5142 9103
5801 3203
6270 1571
8191 2642
7701 6552
4578 2746
3969 607
8817 2773
8849 1157
7997 5334
1551 8643
6789 8747
9296 7646
6809 475
8461 5277
8143 4993
9762 1536
9956 6307
1150 6893
8628 573
24 3653
5165 8869
9293 6292
7807 731
2029 400
488 8504
3701 9569
9471 5167
8728 5167
2159 8924
9782 3424
9636 4987
7301 1158
4529 7845
5773 8219
8261 8198
2183 9483
6910 7015
7984 7224
5477 1871
1166 5576
6397 8678
2982 6831
1026 9479
8659 3468
9305 929
750 7768
812 9979
7663 2910
8110 2910
4134 738
8633 6706
1729 8195
1599 7600
1447 8891
6483 9196
3687 6001
2751 3295
2537 6942
6083 7769
4757 1548
1579 6960
8590 4822
1726 7480
6212 8145
7876 8012
5226 7345
4765 3246
5632 651
295 6760
7185 7873
8280 804
7739 942
2141 9914
1892 5836
4295 6317
6604 2107
625 1158
2210 183
9542 1594
2119 8770
4881 7255
7686 3385
590 5644
7041 5177
2558 9000
1509 9261
8323 7663
673 9935
7658 2310
2244 4714
6528 3644
1283 726
3788 2512
1157 5209
2171 4863
8933 5
3415 844
4054 5053
1752 3659
5098 2146
3979 4822
5424 4267
3507 8390
8822 1453
7408 5082
5671 7227
2594 852
6103 2681
1037 3088
8255 2496
9787 5750
4628 799
6442 7125
2907 8610
5034 6647
2698 5926
4737 2118
6169 2855
1676 9920
4927 5212
3767 1370
7203 4621
6992 3192
2609 6476
9266 5695
6336 5641
903 5133
2463 2422
8200 2460
4063 1293
4555 738
8973 5684
4802 398
4918 9048
3644 5742
7597 3581
4163 7242
6649 7149
6010 4002
3914 6161
2714 7777
7783 7965
9569 1029
7995 5815
4983 847
132 5548
7640 6529
1575 7710
9400 7745
2199 4837
5487 3697
8050 595
365 2463
4916 1242
3462 197
970 5680
1430 2525
2401 8470
8020 7600
9281 7608
3820 5610
8344 4917
6174 5931
4473 9897
5211 7263
9862 2913
1467 3323
7141 976
4516 3188
1632 2888
3392 1549
4012 830
2507 9340
5644 3846
3103 6466
3707 2635
463 9028
8314 4872
13 5201
4403 2043
8184 1219
1747 6667
7046 4159
2753 2226
2703 3350
4841 1240
8698 6
9515 6544
1660 771
1527 6493
3342 6891
7613 9363
7254 3621
4596 471
6019 2981
1936 6336
5467 2246
5324 2843
6407 2341
9974 2888
23 8031
3299 6190
8109 6884
7939 9893
7275 1316
172 1462
2110 293
3348 9080
1916 1670
9430 6541
1696 8320
4361 5766
2261 1718
8137 2311
261 2664
4088 2960
4017 4464
5123 277
3500 8851
1857 663
9651 3568
799 2376
575 7580
4680 1958
2418 7396
6317 9911
8705 4236
3835 570
2684 338
3526 9156
4152 7202
1613 8383
9224 301
6236 3035
6641 653
8219 9141
9276 7519
3608 3532
2491 5977
3709 1355
6581 112
8791 5338
4022 5407
6977 4542
7788 9607
7117 3025
4030 2772
7264 4779
2742 5429
5391 5189
1433 2166
3859 3426
5462 398
8219 783
9551 5877
7821 8880
646 6601
6340 9651
6622 3888
1398 7860
3176 4170
5546 9626
8269 4176
8804 3493
151 8987
4896 7564
2711 5027
6296 4000
4316 3815
2614 4630
7383 173
4262 8201
8312 9923
3773 7977
433 2721
5083 1606
5526 3990
701 1742
2260 4177
3732 6812
6830 569
7870 7005
3108 5235
5217 3960
5301 5573
6810 8252
5775 5327
225 9562
1668 1245
3092 8231
4518 7182
2501 786
1970 9672
212 9260
3496 7295
5066 254
9863 4656
9558 7178
534 4540
4379 1207
2849 8522
6725 4237
6285 2200
8310 6031
5050 6150
7286 7284
5015 8078
1796 3351
7195 4068
5397 4673
4859 8133
7077 3215
888 6531
8081 3454
1371 1705
4239 6226
1364 9434
1849 8656
3828 893
6457 4447
7924 8213
9171 7181
1382 5175
4980 1325
2969 4402
8566 1414
1051 4175
3148 8243
8189 5820
6797 4930
7529 6567
4350 3877
1822 2236
7659 1592
2828 2142
4362 9548
3786 5627
3439 7336
6090 5256
2761 2064
9796 2384
8546 1299
7229 3757
6191 3734
743 6299
3721 44
5216 8503
6989 871
8743 4897
2433 4872
6784 9662
9802 518
6456 2487
5943 9829
8967 3782
8614 1950
7691 8472
5210 9890
1802 8200
2720 9211
9793 7397
1800 8976
5638 504
1697 5714
9256 5884
1187 7924
4048 310
8760 9028
621 3967
1895 5309
3854 1932
8462 4846
7200 6165
4772 7328
5397 8217
8801 1361
7662 9920
7231 9359
934 3193
325 1316
1415 9297
5608 9093
1694 1339
3293 2135
6197 5844
7195 1564
1452 8913
3948 7847
7511 9978
754 1347
4977 9406
5148 8744
5851 308
9174 4181
9189 9166
6713 9865
82 560
4284 2320
4019 4267
1158 2034
4846 5635
4007 6785
7119 1151
5458 2332
9623 6243
2647 2967
890 2994
5571 1442
7925 2788
5427 6396
1777 1951
4602 7218
5646 1624
5326 4295
1824 7348
765 4692
4674 234
2272 5982
682 6233
7510 4534
8941 1348
9084 7669
2364 2908
1756 1642
2753 5151
1643 3222
2657 1696
4577 1586
4913 817
1487 6237
8899 4541
3804 4472
3676 8346
7793 2661
8795 3039
253 6261
7240 2339
6676 3776
2159 2385
6411 3991
4777 9966
1738 8508
8016 2236
7247 3292
708 3700
1159 1625
3310 8141
379 9596
9117 417
4244 3490
69 1946
9821 9244
1103 6166
7127 6255
7834 8330
9155 6311
9423 4801
5695 9906
4361 5614
2757 9277
8302 8899
4932 1238
21 6949
9219 9603
539 9717
3401 4746
1060 3576
8560 8044
470 127
3460 2364
7873 5386
4550 9939
6093 9528
8727 4112
4932 8028
1699 1234
9494 6045
1865 6586
4775 3729
7773 6431
1699 4205
4271 5281
9460 3749
9938 9417
7561 4475
1414 7160
3163 2095
2978 289
3123 9244
3228 6636
6384 8098
3805 6179
798 48
249 5280
5833 2069
8377 4211
7312 7562
1647 4116
8065 9178
763 6815
947 3608
302 5280
4440 6180
903 1682
1470 7060
6991 3580
8961 5223
9228 859
7964 905
6386 5605
5360 5326
279 146
9759 924
5822 8546
8347 5068
399 7225
5567 8300
2808 7480
8455 2361
6683 5828
1452 7223
3679 3998
7285 6278
1802 4008
9867 1649
5024 2918
3631 4404
5299 6183
8840 5457
7051 8747
2688 8607
1972 2850
9841 8527
1275 899
8857 4622
4926 41
992 6862
3390 7299
9530 8327
9580 2798
9909 1084
1930 8653
2743 840
8230 1147
9846 1307
290 8022
2339 3311
6868 9021
5226 5592
8983 156
5303 7788
4993 3234
3182 986
3336 1550
2224 4241
6452 8879
398 4812
9093 9341
8150 8521
9582 2852
79 3585
9291 3841
3439 4583
9789 9264
8558 8947
5983 7993
2830 4586
7881 2475
72 697
5324 2787
2904 1549
527 183
8079 2850
8503 5251
7176 9280
3449 3862
1853 3540
4989 4231
8106 4011
8416 4458
2101 3232
1943 564
3438 7917
7204 8225
3680 4034
2968 8295
1525 3280
3672 4859
508 7267
9367 116
3368 368
6128 2658
3015 8935
3325 6147
929 3439
9136 3559
4356 3813
764 4906
5397 5358
2973 6525
9530 4840
642 1276
9720 6412
3251 6924
3958 582
7604 19
4320 2920
6375 5596
7827 8823
695 3309
6268 7108
9795 1199
990 2848
4892 6360
1154 9265
7472 1498
1584 1984
4504 9119
1612 1112
1641 744
9070 6222
9705 6903
5918 672
376 2189
8132 7098
7298 2301
7952 4898
7852 9972
4944 629
3171 7804
603 5364
6970 2006
691 8426
8785 1262
9318 8367
4732 8655
8984 9670
3236 9381
3627 3694
1984 9910
1491 2222
4696 9911
2624 3102
529 5272
4343 1994
5769 8758
1959 9666
7784 8162
7637 579
3843 6382
4544 6708
1704 7710
6363 5832
132 8543
6310 5549
4304 8656
7070 3835
9462 2164
9339 92
1716 9962
5 5814
9449 1237
6617 2722
4745 6671
8156 2883
4984 6134
3262 3002
8684 268
3726 4613
9623 1153
6168 7954
4964 645
5145 8425
4663 2570
2034 7054
9672 386
1070 976
7581 3112
1626 5244
1381 8384
2524 3928
4412 4207
5087 9152
4364 8158
6364 2364
8700 46
3880 6536
6659 105
3207 5384
7687 7696
4049 3633
1880 8717
9859 1604
8806 3281
6236 5472
3081 8504
2941 3034
8676 5691
9869 9013
3967 9549
9830 2855
5934 463
9496 6094
1655 9419
947 8864
3578 2910
2488 8029
2254 7589
1199 7802
743 4460
3190 3942
2314 478
9173 2982
8473 1928
1833 2024
4385 5603
9543 4923
9076 4316
975 655
3184 7612
5975 4301
3108 9067
9100 7003
2409 3601
9093 1479
9999 7173
586 8116
3751 8044
7740 6870
5372 2085
4609 2686
8503 9567
2501 8577
4951 2961
3674 2094
2510 1844
3477 1278
4916 2597
3391 9869
3386 9206
2229 5162
5034 5305
5737 3312
8507 3478
7157 1017
9766 5280
9337 4427
9003 6398
4334 4725
7077 7825
4073 8934
238 1892
6269 7200
4368 6115
7369 8811
8572 5190
4092 232
7656 370
8516 8166
5733 7199
6404 2977
5046 2678
4805 13
182 2561
9179 6522
3338 6082
1647 1570
4350 6803
7270 3681
2854 6382
4768 450
8955 2954
6793 7112
9717 9202
3954 7725
8431 8560
2511 3926
4645 8599
7400 7303
5639 8869
5086 675
6458 1522
5936 8222
808 2791
7354 5801
6285 2210
3532 3001
3384 7263
1351 7665
9497 6751
9090 9921
3336 9805
5787 6098
5913 7516
3550 8380
5985 5795
6677 2808
2938 1659
1394 5475
9981 9222
838 790
1859 7585
2423 7979
6637 7985
878 8704
6075 917
2321 7262
687 2458
6808 2018
2057 1006
952 2066
3680 9761
3263 4848
9114 1068
6583 7654
9983 7091
802 3750
7005 8160
1053 7172
9388 6689
8022 8963
1895 4889
8379 5560
6742 2558
1642 1738
3520 1273
8 3514
2815 756
1217 8191
2212 3378
1378 9703
8763 8907
9561 4403
5414 8424
5419 8982
2649 211
4708 555
3333 3270
1597 6982
3034 3148
9920 2424
1778 6265
1188 5694
4214 442
3486 221
736 662
1219 4629
6928 46
6828 7340
4343 6862
6428 9512
5278 779
8088 8375
2587 6160
1371 1791
8335 6971
110 7976
7218 3154
9182 3416
7926 6287
9272 414
6296 7037
3962 5725
9812 9330
586 5881
9682 5504
3767 8322
9176 2000
7951 776
6543 4414
3869 7448
4822 6927
4169 9032
5653 8074
6357 1133
8560 3796
9630 1521
2837 5785
8830 1137
8789 4277
2173 5708
6042 5551
5678 1791
8694 7599
5720 8770
2773 4875
5681 6453
1800 7928
1661 1663
9595 8958
370 1505
787 9089
8440 5971
407 9506
3255 4506
3467 1312
9182 8044
3964 6587
625 6956
4608 9815
6915 348
5263 4932
7398 7707
2622 2944
6250 7070
8129 8996
771 1115
5403 8307
7196 4002
3340 7723
114 3063
6657 7996
5234 4038
1130 427
2883 8178
5426 662
3971 8654
8824 8535
1869 3949
400 4424
831 4152
8209 269
2566 8744
2405 6502
9132 658
7490 6479
2801 6140
6949 4470
8118 7366
5052 6047
3348 3059
3321 9943
6925 6910
3311 7893
5918 5486
4658 2395
2765 6741
5304 2615
2647 1855
2600 2004
368 2888
9329 9572
5522 7273
2448 8451
4687 9484
8143 9862
2826 4552
2429 8826
7811 5359
8615 9364
4279 403
9538 9374
5813 4170
7447 6642
8738 9423
1042 858
3633 785
9544 3091
8005 958
2911 639
8274 2462
4084 5672
4810 3287
8186 816
1488 4166
6418 8207
9994 3869
5955 6044
429 8991
9558 2415
2874 8762
6898 7723
2808 3478
9577 5091
6636 6348
5403 4792
2706 5869
549 8068
6442 3657
2345 5625
753 6952
2121 9877
6807 7596
4327 9768
3125 2778
5564 9825
5800 7222
6415 9588
9016 6171
5386 856
4447 1529
1932 4590
4710 4670
5387 1107
184 3096
4866 4682
1416 8761
4107 4853
438 8454
7017 1453
1576 5258
7108 8559
196 2391
2369 6159
3872 7133
9994 6574
431 1516
4856 1196
2126 690
5247 1156
4566 9068
4942 4336
1419 5080
6834 4858
9859 6746
1624 4197
2965 2859
1909 4171
9675 8714
8544 8974
4479 561
2373 5221
1307 2673
3749 615
6151 1401
3633 1098
5662 947
9770 2609
4092 8039
216 9685
1927 2638
5273 9301
9451 5716
7692 8144
4306 8240
3752 3021
6681 1895
8812 245
2749 314
185 1821
5565 8646
4401 5115
4443 4804
1135 2705
8644 2335
3677 3714
6478 1404
165 1614
9346 4772
3174 8395
4672 5368
6987 7353
8478 9397
604 515
8532 9102
7182 6808
7441 3528
8627 8217
7660 3706
2442 1367
6274 841
5077 2181
8873 6169
2947 6150
9503 3438
9606 9099
7246 531
7208 7307
9793 7290
8915 1420
6093 8398
7354 5394
7349 477
7747 8120
6826 1460
9677 970
2197 2259
5582 5842
4805 1756
7140 9659
7118 9157
767 6422
545 4470
1287 440
6976 6893
6595 440
7618 7886
4020 7709
4538 5949
8420 9922
1388 3083
88 3375
438 6258
2757 9613
4020 1951
1004 1180
3271 3692
653 1754
6284 3951
4453 6312
3335 890
7543 1083
3264 9778
7466 5839
8430 6999
853 9199
3381 9402
3017 27
2178 5990
3193 2464
8593 6007
9872 155
9144 3737
8716 6851
6803 1126
9719 2800
6320 6367
9866 3663
5654 5856
2728 6439
5957 370
2962 37
8981 7233
27 993
3320 2404
7100 7366
5482 6942
8510 4775
9013 5486
5627 3663
1498 4955
517 1116
8846 3077
7572 2789
7936 8619
2996 2294
3595 3637
2907 1334
3293 6169
1593 5784
1457 5389
2228 7486
9667 1751
6867 739
3350 2737
4553 4086
7352 7342
8014 4184
8259 4544
5586 437
4660 9183
8432 9509
8340 390
577 3382
539 3089
4476 3006
5163 4401
1228 8931
1857 5903
271 4446
9904 9382
3396 7278
4533 9133
215 1816
5282 8466
6971 3988
580 1210
5239 2172
2598 5512
7358 2038
5637 9167
5123 2231
4758 119
9773 3354
2112 3120
2426 8222
9267 3662
986 3595
2145 7825
358 9168
5125 9482
1840 3492
8371 6866
7298 2864
8160 1487
2748 2721
417 7590
7970 3329
3983 6778
1269 9153
9296 6212
5840 7003
6963 4065
1661 7337
976 5931
220 6108
4143 6617
1629 4314
3853 671
7990 8585
4517 2481
4854 1479
6666 6559
3979 7123
6934 5750
5989 3239
6790 9570
9695 2590
3 6977
3771 9454
4946 4079
8231 7429
6006 1449
8727 3707
8523 3542
3391 8052
518 969
1107 5738
8030 7515
281 5585
9227 3874
1161 7536
5863 5408
1322 7694
2886 322
9334 1307
9736 6424
9915 5897
6629 6337
8030 9051
337 9289
4983 7824
2276 2623
3144 3955
190 7498
1167 3860
6765 9259
4894 4224
1293 4375
5486 6953
8585 1133
807 2358
1432 2831
5776 6236
9161 528
2399 510
551 1268
462 515
4384 987
6220 9226
4110 4672
8327 6797
8562 1114
4449 7090
4549 6435
5963 7160
6243 2988
9807 6493
1271 6586
7436 6070
9809 4564
5096 5652
9274 9233
5774 2812
6875 6088
1786 1708
843 5829
5714 1756
2473 403
3653 4226
1824 398
3526 2708
9817 2355
57 5182
168 66
2232 612
3081 2300
9154 3893
3586 2261
2794 5630
4471 5000
689 6779
836 4706
5012 218
7514 9532
9876 9205
4570 7375
6939 4348
2430 2054
8412 8273
1535 7725
5597 1968
1266 3367
7281 5732
5273 4155
2131 4708
9115 8056
1377 5384
6497 2929
5135 9651
8196 1086
7567 8033
327 9226
7434 2802
3014 5672
9044 4095
7495 5263
1509 8559
467 987
9913 1358
6022 9058
1650 3351
244 1579
3067 237
6268 7663
8518 7197
2376 7384
6560 3051
2050 2726
4680 6164
1807 8275
234 8953
856 6041
1321 2396
4267 8517
6996 2830
3635 1379
3676 3806
2353 8089
2201 2281
599 7252
2838 9296
2305 4143
7028 5813
3859 6446
3007 8218
3541 3435
9733 4564
3402 3963
9025 4104
7663 6105
8812 4813
5411 2944
2299 8214
8908 137
1798 8600
1381 5006
3523 8748
1528 9270
8742 266
1818 614
9139 176
6265 1684
6613 6781
3578 9199
1310 506
7352 7017
6742 2942
6751 6709
7257 3243
7833 4570
3589 9715
7675 3221
9612 7286
9410 5875
886 7225
3638 396
2938 4396
705 5379
5890 4700
5941 8902
9039 2491
4406 781
7466 9923
5498 7576
5516 6130
3105 9354
2761 2305
3628 4696
4261 9392
2572 9118
3682 7580
423 228
6446 2505
5332 1263
5195 562
5584 7958
4207 4679
6723 6769
4279 6402
9381 1316
2010 8540
7683 1464
8431 8458
5169 4109
7617 1559
4399 7059
4359 5757
8904 1802
1786 7777
2869 314
1550 3568
2176 4219
5094 3985
7953 8012
9235 8808
2750 4893
9851 9999
6866 1517
9132 4531
9636 9826
3712 6842
6679 7781
1011 5570
2079 3705
9319 1278
4201 9507
4504 2072
1998 8939
860 6185
4255 5807
5530 7729
3694 3238
1393 6392
5188 4432
8914 7206
6255 6220
6726 9971
2788 3379
5347 9326
2134 8360
3073 4727
3656 9831
1622 1817
2745 4751
1263 6290
9373 9517
1359 7130
5229 4275
5683 7477
2478 552
7107 271
3658 7204
2675 7591
9859 5252
2091 7521
474 8374
4166 7692
2083 2562
5102 8045
8629 6779
9179 5573
3262 689
7716 5108
8765 2313
1914 9721
5302 8176
9683 3665
3612 2554
9140 6084
3352 3339
6883 2002
7939 2045
6396 2602
9344 1162
5947 3037
3615 1033
9408 9478
6019 8505
7939 90
56 4171
6342 7707
2282 4104
6066 9536
2377 8090
3970 4649
9732 7266
7426 2772
4984 7828
1389 2913
731 8696
9914 9953
5040 6786
6738 8447
8955 3264
6012 6132
9482 3558
6239 507
1827 3203
606 4156
9294 9061
4852 7572
612 903
8035 3673
881 1830
6546 1954
6597 3721
9962 8666
7462 3977
6256 4352
7214 6547
3470 4839
1174 6959
3599 4016
9293 2714
9731 6414
420 7414
7315 9577
1563 7223
5911 7652
7218 6406
9368 672
41 4574
1865 4423
763 3630
1744 4461
1466 8746
8725 4164
8517 8548
7556 5742
6208 2466
9466 2926
7653 8343
888 8029
2925 5698
1185 2395
4980 2542
655 5339
6876 492
2542 8228
6799 875
1504 7650
8248 2742
2697 3605
5141 8903
3694 4662
3709 9825
1645 722
4046 9286
266 9235
5053 7016
6250 4043
9138 1586
6631 637
8652 7427
7932 2705
1821 2629
1785 8350
2203 6003
8744 3372
5990 2029
209 1241
5213 6042
558 4269
9193 2531
4129 4368
7236 7092
7601 9030
9736 5236
4388 3643
6207 7957
3607 326
296 3852
204 9853
6354 2215
4510 9275
1723 5985
9615 4463
3263 3767
9483 87
5357 8884
8434 4325
4688 3816
9361 3036
3345 7114
3197 5059
396 1990
3367 4244
6475 8441
1929 1787
7558 864
1653 1185
5228 1733
5912 4085
9030 1497
4569 1914
893 1299
1284 9707
9521 1619
5308 8465
1242 3460
9618 6902
2171 8619
428 6370
6371 5232
4641 1115
9252 2172
9810 2748
5361 5148
5994 5788
7202 508
8627 1563
7677 1071
9408 1489
5101 7828
3624 1996
933 4151
3973 7569
6922 7621
4675 5656
1828 6414
2151 136
6715 608
7669 5697
2686 8863
3265 7714
3423 4434
5794 7987
3673 6840
2803 1889
6809 9652
5164 2803
9918 9373
3997 1677
1725 5744
7099 779
7185 8165
788 1599
3774 6886
946 3276
7509 3918
7651 6595
5299 5839
9840 3158
5950 4304
3234 7958
2611 1882
3871 3387
6151 5042
8219 4504
659 5671
6140 619
8583 1979
2031 4842
9414 5445
5628 3473
5907 8791
3305 5838
9297 4590
7738 3434
9648 3786
4021 4935
8542 8808
6620 7656
9808 1196
1131 5591
5706 463
2228 6570
3819 476
5387 2694
8961 4703
7172 9933
6406 1841
1890 1789
4923 7690
1306 6864
2281 8582
5115 9482
3386 8964
156 5418
2852 4955
4786 687
2871 5997
4569 1178
6682 2977
5098 5258
594 3493
1660 3238
6499 4991
3198 5266
5542 4812
6332 4635
8758 6961
5878 6016
6972 5441
9981 4789
196 1999
9801 3447
1620 8383
3774 4140
1061 4450
478 304
4831 1358
981 9941
4603 5347
5687 7368
4254 9498
9985 2497
6579 4158
4735 385
1326 9045
6643 9013
3916 3282
9998 7119
277 6433
1423 8188
9255 1071
204 6300
7496 4963
9219 1662
3920 4588
5471 1242
7206 2618
3441 332
6898 4373
5072 6305
5872 8516
1656 5171
7786 8463
2083 6197
6 9516
2321 1102
8373 1002
6663 4083
1647 2500
4099 5028
7815 2334
8515 5220
8951 5751
5628 5489
145 732
1694 1070
5118 2306
1896 735
1361 7375
9216 4420
8932 9571
531 2398
5244 7798
7583 5775
1468 1317
6939 5613
8880 6785
1081 5406
5528 4833
4249 8920
4200 8689
8842 1707
7918 2575
3265 7442
8603 7222
2700 4458
6908 1806
6878 8368
7058 5083
6964 567
7948 12
9022 7716
2598 4976
3858 2345
4099 4588
9364 5474
3925 6323
1259 7647
7054 5153
4865 5004
1116 2042
8443 767
1963 4340
8740 1946
6597 8983
888 593
7889 4820
7574 8114
9842 6281
4409 8405
6810 9377
7140 3970
9385 5606
6081 5100
7226 2125
8876 1053
6073 8953
1058 7390
7872 5305
8595 9906
8490 199
983 6744
2192 7974
1947 2888
3724 3993
7616 6820
9105 1592
572 6203
8842 5809
1980 3539
261 7675
8902 1001
2449 1561
6814 1667
6434 3712
6759 3514
5729 7219
4053 958
7604 6463
7495 3998
7349 1931
7053 7290
2377 4436
2887 7229
8695 7298
1787 1578
9350 4254
5175 4876
4365 7081
8440 4378
9810 8170
2445 8724
662 268
5190 7379
2799 8586
8222 6354
3352 8847
3772 8439
6007 346
4415 1269
6874 5370
7725 2072
255 2412
4635 1250
732 4080
3336 8820
5792 344
1646 965
4621 4521
8124 8231
4170 6450
9259 8683
2433 6158
2004 5411
3938 1401
7142 7912
1293 9940
7414 2485
964 9243
8578 3565
4943 2351
657 8278
389 7367
4128 2561
3207 1086
5018 9917
3929 2373
5131 2630
3777 1737
233 8776
4028 9796
5189 1029
3168 4899
6775 343
1102 2376
5289 9944
1554 9907
4183 8517
1404 4040
5666 7386
9226 6222
7118 7380
4014 7593
2014 6329
4029 7984
6679 71
9708 1007
4280 9596
5844 5932
978 7585
2101 6016
8795 4168
6079 7191
7750 1901
4702 5706
395 2816
6691 8588
5217 6041
454 7978
7881 525
5492 966
5492 7760
931 9212
4062 1387
9879 3537
3493 933
327 4732
7746 8979
9969 7241
8249 1962
2611 8355
9060 8742
3249 6135
4349 416
3505 7070
6305 5521
6110 9669
6168 4300
1850 6945
9034 6100
3361 651
3881 8021
2440 3049
6418 5465
7889 9859
7448 2964
8079 62
5877 4429
9225 7673
2384 5990
2520 9964
7536 3698
938 6809
8357 9761
3863 4151
9040 9839
7178 7572
7971 1522
7255 5945
3000 5536
6152 6780
2820 256
6222 621
4749 2937
4907 138
5798 9128
3630 1744
9058 4547
1707 843
6557 5889
7312 1570
9461 4929
7268 795
1514 768
4589 7578
2379 7194
6613 6941
676 8241
8841 9390
1867 5496
9595 4185
7401 8229
66 3591
9486 6491
4541 8178
2871 9686
2876 6811
3311 6084
4072 1248
1702 5193
9111 8300
8471 3516
8880 4699
9913 3434
2850 5648
9621 2100
3027 3060
9255 9338
6004 3938
4047 7148
6134 111
6237 319
9760 7266
604 5985
2836 4565
6736 8296
7992 7082
2540 8957
9656 2859
9368 3444
3571 2246
2207 9976
56 4967
9487 770
749 5757
1863 6509
8036 5554
8398 16
2147 2766
7921 5827
44 5858
9828 8871
3031 9430
8579 3165
9138 9766
8944 5608
2251 3711
6087 8567
6389 2599
9821 6140
436 1024
891 1714
6398 8103
6740 2078
3382 8409
5333 7623
6360 8542
5883 9274
9730 395
2111 4755
3181 5994
6804 3400
5267 341
4497 7122
6615 2345
6082 8885
5294 8394
9064 1036
9631 8692
4007 5729
411 861
6870 9363
3043 2836
2853 1285
4839 9025
7688 7773
6071 6285
7797 1876
6965 1163
1752 6345
3636 183
6403 6276
3797 1886
5359 6570
3246 1934
7502 6311
8202 6256
6746 3688
3540 6020
8744 6956
3124 7056
3953 9112
3651 1094
8665 4353
5899 7743
4147 5875
309 3132
7391 8894
4290 1391
4916 221
4764 5423
9354 3019
2633 7467
5843 8595
6244 5504
4624 7442
2118 4580
266 644
6448 3153
5045 7376
6575 5406
1576 3768
7608 1081
10000 6514
5980 8341
6560 9765
3108 7582
5941 5251
590 9335
872 9238
373 5559
1141 6124
3592 2491
9577 1982
9601 2878
4258 9
6406 4039
2765 8978
1940 1366
7172 7123
7618 6504
5777 5353
5487 3440
5597 2836
1121 1743
7726 9430
6912 7779
4912 6203
7136 5026
2652 6827
1676 1514
4588 7283
6853 7361
1014 9797
7761 479
5414 4075
8329 898
912 8729
3261 214
9685 396
5372 6075
7585 3057
8849 1735
1729 7806
9548 1964
9794 4606
2734 4817
8894 1191
206 9538
4250 671
2842 7770
9178 5781
6931 5836
8069 7205
5767 6552
2800 370
3995 8194
7871 6133
4267 1847
5100 357
325 6289
4510 7202
876 6031
6080 7614
7479 6553
3144 1575
4259 3335
5111 5695
3373 4837
9317 3514
1907 2475
8147 5966
4402 6109
5581 9818
4079 9900
5024 2408
3488 3306
2522 9248
2262 6188
2178 56
4726 8903
6188 4830
5061 5927
9734 1219
4589 2028
160 3961
6103 6266
5493 5633
1589 1988
1912 6541
3880 8099
5680 7686
2410 1706
1341 1014
3024 2746
8653 9497
2145 4409
6398 4670
1885 3036
4591 7541
1617 7955
846 6852
1001 239
2781 490
1045 5302
3087 9527
3207 8127
1484 2908
1743 4669
1042 396
9467 5997
1193 9921
2480 8304
5309 9494
6169 8757
5516 1751
6640 3119
1138 4233
321 692
2522 4014
2889 3344
2651 7599
4017 5768
9220 2630
7734 8986
8802 453
9190 2381
7997 1157
7868 5508
1093 2415
2823 8018
4451 5351
7863 9193
5329 3982
3630 5923
6592 11
7319 5819
9075 8979
6322 4029
7401 2215
865 5586
9214 5615
8271 9300
2032 9521
2752 9437
5576 88
3894 9945
102 6541
2643 5473
5791 3227
3415 5126
9012 6728
8224 3124
2427 7544
9871 7267
3221 7227
8337 556
1879 6307
7697 9164
6950 9042
7413 8028
9688 7355
1951 8320
653 7605
9569 3021
740 381
5203 3849
62 7203
2074 4343
6641 9805
6319 804
3796 1309
9873 6881
9192 1842
1614 6796
5040 584
1731 3955
3198 2788
8482 2594
4783 5604
6529 3190
6173 4941
2580 784
7097 8116
3336 9611
5721 5666
5929 1467
1028 172
6923 9283
5159 8854
1557 1439
2138 1425
140 5413
3127 485
1163 8207
1624 6779
6938 7470
2766 4135
1842 8571
9274 7762
82 8432
3153 9321
5643 8109
527 6783
8907 7190
4199 9818
7154 79
5500 1602
2320 8163
125 1659
2567 3483
652 1549
1369 528
4504 2825
3806 8512
1653 4291
9801 4049
6478 2141
9910 4201
3335 6750
8504 8792
7997 7437
5183 6978
3527 8802
4281 9749
7946 8207
1593 9595
6250 3881
8166 867
4 3618
3548 3905
9215 6183
4396 1749
4318 6230
2122 9246
5849 6329
3521 848
5164 7455
5283 8128
6694 4603
2259 7830
8013 8442
9368 5410
6173 6324
9009 3660
4548 6400
2872 9507
615 2706
2378 8273
8802 9597
7510 7507
4506 3362
6038 9952
8155 9750
6537 4940
5407 7961
6963 8426
5248 7318
1660 1353
8349 8174
6951 8738
5020 8056
3563 4567
6116 2307
6291 3713
8452 8406
7503 3832
7836 1825
2595 4933
2904 3734
6466 4981
8845 8555
270 6601
6435 1092
450 4430
342 5180
1898 1887
153 7728
8627 8965
8690 7048
7479 805
2572 7909
8474 707
5875 261
5187 659
7985 2099
7867 6487
5071 4412
414 40
9024 2596
8204 5619
8327 4923
1386 7953
8466 257
3484 9412
3975 6430
1574 9042
7990 3286
4607 5076
8271 1008
3495 7395
5947 6808
5551 8129
71 3286
5773 837
7547 9261
4263 7942
309 4957
6802 1788
7852 7156
2752 2644
432 4017
3242 7797
7859 3689
2771 7516
1989 493
1335 2111
5718 1031
3506 5524
5797 2414
5752 2462
2909 1388
750 3994
3815 1856
9920 5111
4233 715
2271 2555
4922 5529
3840 1345
348 8705
3524 3530
3486 8163
4997 3315
9371 1332
3561 4520
8372 5987
7227 3622
2783 9920
1426 8030
8359 4185
5633 9666
4063 3864
2427 5889
9665 39
2592 1440
1670 1910
5417 3381
9506 6931
9138 368
2310 5269
4674 3488
1884 7292
5982 3372
4800 4838
4261 3476
7123 2201
4743 1324
8922 6730
7100 6421
5613 5391
2608 3370
526 8304
9593 1542
3667 9500
3037 6573
4645 480
2540 5818
3885 5037
9940 9256
7835 1457
7825 3547
7031 8129
1352 1913
2084 2252
595 721
6519 2311
7487 3726
8706 2398
659 4604
4813 2537
298 1993
9453 7063
8606 9321
3028 3561
4235 7230
6199 2690
5319 7406
6144 2415
8433 9672
6664 8713
501 369
8124 7503
1324 9168
210 9302
7116 1549
9889 5801
7941 6373
9990 5172
6394 7376
6409 9021
8822 6623
2553 5549
7997 1762
4566 8552
2300 3486
9947 8952
2960 3637
4180 9334
6142 3644
6684 996
3200 6083
9007 6360
1127 1040
8332 6220
4013 2812
690 8725
8078 3677
3678 6442
5028 6796
1003 1484
3152 5779
7948 1531
6284 1995
1023 2232
5334 1513
1109 1959
6072 1350
2741 7323
5419 9097
8481 4725
5808 1354
9899 7185
1486 4250
1396 8790
3074 3844
2563 6189
4405 7282
8857 2404
5163 1636
5294 6876
8093 1295
3761 9756
8494 5175
7920 8283
2395 6106
4897 2109
5178 3562
5899 349
1208 1741
5966 1533
7158 8890
3660 7754
2140 3414
3843 812
3264 9382
3892 1080
9290 9004
8799 1819
2485 2035
4186 9210
3718 5243
7450 4517
4847 1081
3087 9055
5076 9765
5394 524
5233 6111
7122 4388
6411 1808
613 1025
4635 7767
4947 2610
4237 5820
6041 5973
6492 9557
256 8471
3735 7974
1741 5713
1093 1845
9784 7211
841 447
8524 8470
7526 2246
1371 6029
2830 8760
7320 3977
6073 2599
1628 2080
4712 5894
5108 1829
7794 6315
9911 5960
2127 6844
9808 5542
2702 6416
6562 9074
2861 3096
6089 8191
9162 2659
8677 2152
8044 8334
6290 3846
4950 5455
484 4752
6812 9431
5525 7872
2402 1220
8407 7128
4498 3099
9244 6419
3380 794
7210 5379
7089 3443
5364 3764
3960 5623
7479 2175
6559 7891
6258 5168
150 6814
3567 4884
932 2498
4891 9077
7400 4566
9302 8057
6596 1357
3571 4380
7086 9777
282 3204
1309 4709
8890 8450
4350 5221
939 1801
4494 9612
8088 3434
6254 2870
8535 3670
6213 3461
8721 7687
9463 4171
7936 9679
6699 138
9087 5474
8465 4276
3456 3994
4043 682
5033 1957
8121 5625
6615 1121
4555 1
6056 8366
2262 4587
7947 5154
1288 2222
5496 9349
216 6389
1440 9647
1227 8585
5704 8818
3608 9853
1806 8094
5013 7804
4872 7804
1008 2764
8730 455
4946 4321
7942 7886
5005 7945
9704 6615
400 7495
3190 3745
303 6089
777 743
7268 3737
4355 5268
748 2646
7556 62
5678 5910
4961 2921
1861 4303
2956 6438
5892 840
7784 2647
1255 1614
2752 8829
4093 9550
2547 7069
3042 2041
5541 2301
7182 5372
3277 896
3933 9851
4184 9861
3327 9578
7834 712
9216 5300
6084 9849
9376 9594
7576 8061
8519 7171
6583 2875
8498 9920
430 5528
2283 995
1030 6925
4455 4236
3936 9422
235 6127
4648 3979
8819 2626
267 6828
9680 693
8530 4392
6063 8495
7165 2246
4257 6478
3296 8522
4095 4036
3917 3838
2232 761
4776 3994
7937 9653
4135 2850
6529 2605
5331 9136
1112 8459
3273 7251
8677 3896
4471 5099
337 4344
3563 5083
9579 2801
5034 1708
3144 8395
5614 1239
4290 3793
5785 2208
1318 7533
1099 4115
3425 8536
6207 6275
2033 5599
5626 5979
8890 9988
8721 7700
8146 4431
8007 81
2631 5848
7594 7652
7176 4060
6968 8027
7439 4131
653 7345
5895 2353
1102 7817
1811 7533
3738 2469
7163 9107
3824 9420
5375 3770
2457 821
8054 5810
9761 2266
1815 3087
7508 9412
7353 4405
1884 6150
5796 5515
855 5556
8774 5850
8235 2763
9969 5215
3331 7101
5336 5382
4776 6192
4162 3849
8610 3415
7673 6982
3237 3426
9684 6697
3081 8042
2583 9139
1900 9836
8280 6345
6733 4820
3695 6433
903 1483
1138 3901
5971 4113
6863 7674
2065 6921
5629 7080
496 2670
1221 4320
1745 7749
9176 5735
9969 2651
3831 602
3619 6722
5478 6872
6450 4165
3147 2877
8662 8558
2743 2725
2372 2819
3992 6022
4748 6768
5295 9219
8880 6161
9778 871
9076 4034
8150 5922
7111 9971
331 2298
9509 6288
9294 8657
833 4824
8384 5330
9091 8391
483 6022
4340 9042
5342 4896
5676 5255
1115 303
904 3908
4166 8132
970 2070
8299 6871
6136 5441
6666 1451
5894 1423
6883 2770
8115 7954
813 4688
7487 5663
4014 3752
5764 9032
6667 3456
3506 7166
210 6032
17 3703
9230 6322
2293 9305
1210 2578
9392 69
701 1211
5022 3973
8575 5809
6269 1459
2345 6145
1222 3220
8208 5826
3752 5008
9064 1667
6904 7800
3448 9205
3337 6836
1259 1561
2959 9107
9690 815
1541 9345
4467 898
3660 6119
5333 9458
9404 1883
5520 7984
1381 2368
46 6989
4179 163
3501 5891
6224 5347
1734 5958
9336 750
8051 4328
5817 7270
2846 4568
654 3715
7143 6877
4152 5816
1339 8155
8500 1888
8748 5523
6771 895
5178 5330
9870 1550
2773 1544
4857 9293
503 769
497 9213
849 9409
8298 3897
2848 2083
3700 3133
5 464
5304 4423
5836 2629
2134 4370
9180 8614
3445 4868
9326 9053
6958 2614
7919 5152
7425 797
276 3263
1239 2219
7528 7373
2298 5143
3754 1170
8044 6668
5195 5058
1729 4265
7569 5247
4437 2157
4094 7006
9767 4972
9831 7296
1757 7999
9858 560
517 6945
3668 2417
7241 518
3095 8046
9781 221
4968 2664
8444 8937
8961 5275
4347 1846
7342 4535
9918 3066
1923 749
8787 6328
6610 6363
2399 3331
4458 1501
8976 8007
5669 249
4868 17
860 3008
7808 654
5933 9210
2908 6239
8032 1535
9895 5967
2752 4058
351 1816
8445 4897
3706 8157
7880 6281
1573 3958
9990 7935
8266 4314
6626 6487
2542 2190
2908 1596
5522 9786
3175 2253
2644 3866
8224 9575
9877 8855
8540 9027
7429 3423
3206 9139
9571 8197
7849 1842
5255 5154
8212 3451
985 4189
3516 5599
2003 5758
305 5930
6271 1210
3719 1070
1675 9601
4969 6489
9995 9781
4643 5317
1870 5823
8996 1162
5965 2285
4726 2415
2052 8596
2889 3877
6644 7793
9569 2781
237 3573
245 8523
1030 2967
6320 6289
1686 5913
8666 5941
310 5495
7414 4430
9794 8762
5198 1243
9458 3850
4859 512
9832 1610
8993 9219
7636 1958
9312 6450
4591 9322
7822 8129
2802 585
3774 7023
1658 8121
493 8742
5713 6153
4441 123
7202 24
2948 5349
4619 60
5090 4336
292 8845
1332 5367
5975 9648
7894 1881
3333 1133
3343 7236
1509 3487
1775 5547
2361 2912
7417 8741
2396 113
7004 1330
2628 4610
3760 514
62 1652
963 1180
4912 9934
4828 5543
7664 2529
5114 6280
5125 3170
7247 5161
3401 6464
6069 7821
4472 1450
8648 9621
1234 8878
4349 4920
3551 717
2059 1980
72 7480
1042 2591
9887 8948
7384 8256
1778 8875
630 2922
9075 4017
3978 8378
4050 1241
1816 7915
4835 2090
7479 5304
8362 7443
7025 3047
6127 9508
3155 7708
6 4995
5679 963
9089 4346
5266 4103
1110 1422
5667 6764
3781 4629
2051 3006
9881 7626
6752 8813
569 5164
3826 114
8108 9363
5334 1466
8920 2611
4581 9646
1167 2512
1308 2305
3947 8810
8501 2336
6192 2572
2309 2319
3532 8403
2902 6838
6205 3103
5432 6879
1851 2380
7027 1675
7827 9221
2297 388
5358 8809
8122 2946
3815 1810
5520 3326
3280 4097
1409 9867
2026 3525
2132 8698
2296 5427
2826 387
426 1777
9410 9886
5391 8068
7268 6469
5728 7274
480 7447
3816 4877
1019 5786
280 575
8972 1590
9907 8677
263 572
8508 2316
9307 487
9151 2249
3576 2168
2319 2889
4056 1793
5027 2162
4156 8396
6725 1718
8567 2848
902 1874
3408 1139
4397 2527
5705 3597
9147 564
6351 7188
1091 4315
543 7779
4538 4414
2317 3769
4285 9830
1847 309
6830 1164
6624 1570
5707 9364
6041 1843
1079 9360
378 3522
3845 3098
6338 261
3036 5634
1446 947
6949 9986
5631 6660
4728 7166
2334 7020
7030 3816
5784 3833
5673 6971
9761 49
7745 4904
6038 1873
3674 1482
3752 9157
4318 4545
9145 709
9606 9895
8022 1015
4321 9482
1306 5549
2286 4111
2217 7876
7779 331
9467 3828
8373 7671
6937 5247
9627 3040
4236 9734
768 2875
344 1163
1990 5080
1503 3518
8979 1515
2296 9459
3945 51
329 2900
7753 1560
1378 8008
5708 8635
8095 6567
83 4198
4561 8998
2664 3384
1411 3202
5997 8411
9902 7049
3240 5710
9473 8322
6016 3995
6176 5119
8226 4112
8192 1459
3883 177
8740 8084
1945 5804
1289 1148
106 1291
4483 400
219 563
2285 4614
5581 5457
7923 8033
2931 3434
9219 760
1726 2258
80 4612
7991 8415
6230 2800
3435 7614
8463 9404
1801 5424
7532 3079
973 888
2880 7661
2096 596
8416 5678
9825 986
5792 8911
3537 713
3811 8102
5299 8752
4410 2477
6397 3811
9239 2070
3609 6824
9191 4904
9359 797
1408 5255
7308 9494
1563 3561
4046 7726
2977 951
50 5854
3521 1440
4136 7117
4442 3841
6444 9665
3826 5023
283 314
2938 3626
8265 3629
819 5574
3057 513
7849 1783
5978 9191
2571 1426
8612 5884
1854 7935
5063 9350
4112 702
8632 4651
7530 5284
7258 2019
2415 315
8496 8561
9808 541
6147 2937
9293 3140
3305 4204
9672 6512
3490 1899
1284 2273
5633 3803
7971 1562
7984 6963
373 1880
3376 8017
9045 1299
3184 8711
6522 9848
5083 9163
7999 944
7422 2077
6078 7074
6550 667
1215 4607
5973 562
9414 6660
3640 9530
3635 7416
5343 9735
1224 5153
4961 9331
9861 3038
7622 3936
3448 1989
1350 5862
3914 1426
3040 2988
853 4812
1750 3965
6625 6657
4091 2029
5623 6407
9102 8888
213 2512
432 6885
5665 9931
1636 329
7227 4467
5277 4450
3476 8837
5236 7217
7714 9519
4227 7360
6232 7551
7049 5597
3022 4835
4302 9771
7201 5461
6769 8361
2279 7358
6452 4240
430 5628
6942 5564
3877 1302
4869 9651
1636 8908
6729 7585
1287 825
3109 8414
1870 7811
8984 3386
8553 3305
6749 9681
4451 5592
684 8512
7173 5294
9437 7932
3165 1098
121 9256
1545 6149
8527 1068
9894 2883
9337 1752
4155 4276
2547 7989
2200 9324
8132 5911
9823 7820
2963 2502
7058 8486
7476 2441
5008 3367
3 8872
3761 5962
7707 6454
8696 9353
493 8368
3292 7957
5890 9645
122 2730
1766 707
5609 1165
4373 719
2711 9800
1924 8700
5092 5150
9056 1234
5721 8216
7937 3602
3255 6688
3086 2853
8287 3661
2278 3422
4698 84
1317 873
1666 6372
7579 9665
387 4326
7837 6623
1154 9779
7444 4409
8431 2171
5397 8375
195 8613
511 8180
5563 2530
8743 595
8939 9854
645 9000
7421 8035
1658 3337
8503 8574
1108 3520
3978 3569
7254 5303
7744 1783
8633 5386
3556 5815
714 9428
3879 2905
2935 1755
4404 60
898 8421
9974 9557
8511 8081
3796 1675
6552 5149
7027 7207
1571 7030
6436 5241
1074 4456
6575 9939
7787 9657
8501 1482
3776 7940
6756 6253
426 6346
5836 6509
4879 4140
9195 1432
9748 3241
6645 8209
8872 97
333 9377
1074 1870
1817 7443
2153 9216
9055 1309
2935 9046
8552 378
483 6517
5670 6308
6994 7673
7276 2015
9738 1341
6295 3849
5681 6851
3318 7487
5949 411
3704 8493
7142 1242
2885 2831
3750 1942
1596 786
7703 9019
673 93
5911 8749
2070 6778
8749 5959
775 3351
7725 7801
8149 5529
3305 5710
3297 9044
7584 2982
198 6004
2052 6703
7469 2428
489 315
9335 706
4760 4557
509 7735
339 504
5380 3567
1029 8907
7600 3911
1215 7703
8511 6355
8586 8577
5644 1067
6171 3394
6568 6344
8652 5029
6454 6446
8279 6301
1572 174
4928 4542
7800 9393
5718 131
7458 4548
6778 4332
4378 8397
2429 4247
5968 1130
6427 1205
5692 5456
5443 7370
1881 6973
2055 3060
2789 1365
7368 6177
3501 2185
9926 2490
2305 1106
9979 675
7436 8783
6372 4199
7079 7973
9283 3646
5393 4320
954 6187
8990 7423
6843 1334
5615 3516
9530 7343
7261 7123
3758 3349
8552 9001
6528 5486
3799 5884
7282 413
3256 1059
4317 479
4133 3983
4919 5137
5540 3317
714 9037
5167 3985
5632 9270
1901 2197
5592 6176
3952 6405
9132 1816
8275 369
4632 934
5809 1949
4510 9014
9321 8105
8009 2607
7095 6913
6693 921
3375 7605
6925 898
6269 3479
9019 2066
751 7384
8820 2866
5750 7782
739 8892
1449 5522
174 2730
4531 5007
76 8469
9308 6695
5174 7744
9282 7265
9109 4138
3640 2533
5395 4714
4438 6268
8062 9741
9198 2517
2463 3788
5922 6072
3176 422
7799 3031
1271 6875
684 1229
9952 9167
1299 1608
7178 7031
5446 3188
8029 5020
9072 3137
4052 6742
3769 9547
5011 9118
2455 8618
4229 9302
2650 5260
9476 7288
5065 3745
6428 148
3307 4064
7942 7069
6668 1176
6101 9762
2455 5363
3316 2030
1087 51
663 3581
6215 370
1030 34
610 4999
5125 3155
6464 5159
5128 6422
1460 2794
7247 8875
1993 7478
601 4670
1909 9699
4056 642
91 1940
7565 7695
1163 8495
4765 3558
6292 9481
4709 2532
8262 4438
6923 1510
6088 222
2089 9241
8282 1558
3515 8853
4519 6179
9106 3772
6214 6824
6184 8702
2120 9913
4718 8628
1310 3757
6940 8862
8759 305
8620 9794
4537 4306
5658 1167
5324 2546
3081 5751
8642 9007
1754 7279
770 6384
4483 9964
6791 880
8489 4065
4616 6257
9424 3882
4226 5520
6008 6456
7346 3056
9380 1951
7981 4501
9784 4010
6001 8705
8252 7575
7249 5583
2109 471
4952 2275
3923 546
5966 855
7546 2400
3171 9422
572 4178
5173 1289
9808 4811
7362 4296
3434 4183
8998 9727
9805 3866
9916 3797
3632 2555
9099 5387
1455 2206
8417 8822
6828 6998
9425 8300
6345 1716
2156 925
3576 6196
7501 3787
6993 1842
4955 619
5216 4612
4177 2217
8750 1720
9944 7719
9584 613
8138 6609
5318 4481
4809 2109
2309 6588
8914 8819
7690 5915
7659 6504
9708 8551
3206 5384
7480 2115
4516 8482
2316 6557
4318 1720
1959 1027
5571 2082
7490 6756
2464 6892
6494 4868
311 3363
6035 4387
5962 750
2239 9552
916 8831
865 1993
6625 2902
4079 2888
2033 1667
9709 348
5136 1282
9438 2587
1759 3687
54 4605
5035 1173
167 1809
8277 7178
5618 5016
3520 1091
7566 3806
2653 3204
8033 4626
2015 8284
1491 3680
5533 7541
6306 827
1617 4683
180 1952
7589 7990
6674 7075
5525 6318
1439 6525
7165 2088
1009 1371
5411 9755
400 7798
2126 1516
1516 7629
2620 8666
7999 8021
3312 1109
8810 9401
5905 4197
3715 8394
2205 4909
8262 2202
2070 3406
352 9633
3335 9920
5257 9439
9040 2330
6687 3023
8637 5307
5852 7038
6956 4999
1348 4801
5832 6055
5150 3418
7006 3863
8622 3958
5366 4804
5400 3986
8728 5542
1278 7168
5417 7174
5691 134
3822 4824
4521 7995
726 7573
4609 4519
7374 6686
3584 1465
4056 2771
9976 7015
1198 812
4194 1746
6494 564
1219 7430
9495 1480
1581 686
2086 2882
1991 5535
5654 8720
3351 9626
1676 4788
1850 4943
5361 2212
894 6723
7974 105
2128 8910
9726 7261
9794 6893
2676 8138
4203 1127
4936 908
4701 2613
2593 7984
9192 3947
4728 9217
328 4302
1382 1818
9217 7337
451 8213
6606 7202
7307 9404
5190 6664
2173 9570
7862 2448
1656 5324
1165 3648
4011 4971
9177 415
8958 2652
3903 6874
5432 7090
7884 6162
7734 4050
1368 3194
8132 986
2986 2640
4455 954
7084 4279
2945 8590
8978 3820
1872 6071
8109 1737
4639 6937
8984 3681
6260 7555
8435 8718
4599 6589
4930 6618
1231 3357
8557 8037
2671 6557
3775 8595
2942 3374
4040 1007
4363 7149
2403 6018
8065 9585
332 9168
2703 3886
7525 6185
9503 6409
3909 8746
8334 2847
6273 1471
1611 2921
1281 17
136 3074
2937 3226
5430 2496
2121 5776
1281 8716
6044 9684
7709 1412
2105 9383
3057 3990
9630 2264
4308 7663
6275 7002
9105 5751
9372 7178
1893 5171
190 4535
9022 6993
4774 2319
2754 8744
3282 5876
7074 1939
7431 6819
2355 1767
5231 734
8370 2567
4997 1947
9408 5726
3756 2802
3638 5036
7912 4319
7630 7258
6829 9740
4931 3958
3593 4494
7484 2154
7476 3056
6562 419
4145 6545
9818 9431
8747 5237
790 6753
3038 4580
8621 1286
3306 4414
107 2675
9467 8508
1873 56
1675 2708
5722 7715
4116 3543
1943 3910
6093 9152
106 9163
742 834
3151 4923
2000 9902
2466 4569
6603 165
6360 6943
6756 6479
6979 6402
386 4009
4827 7356
1190 8966
1031 467
6872 8665
3162 6350
8886 3269
7480 8677
2819 2209
8275 5780
5097 4289
7773 6826
1517 9458
7355 3330
8008 8881
2521 4662
6026 7485
5708 6334
6214 1299
9364 6029
3931 517
827 9376
7270 6132
1299 1506
2148 3546
1446 8967
3201 3555
2677 5958
2297 3945
3763 3510
4867 6942
8062 5934
1290 8161
4460 1357
7979 7793
1193 9011
8101 1847
3204 7773
2936 3981
3818 9736
2563 8413
361 6657
6314 7399
2491 5708
8997 753
9595 7691
2843 7196
1475 4083
1624 4765
4486 2606
8416 6578
4002 2741
2182 5760
1236 5561
3532 1563
5971 3173
14 228
9076 9439
4492 5009
6047 4195
41 4659
540 3046
656 7957
9499 648
302 7991
1705 861
4283 152
334 8946
628 8652
3373 9042
4799 6857
3803 6091
4791 5321
4139 5665
4790 3966
7085 216
6985 3112
3573 934
3317 9609
9518 9007
2381 3119
9422 6835
43 3887
6529 9966
9956 4055
1061 9930
2533 1529
5188 6226
1783 4448
4101 8011
6031 1795
5116 6975
1572 5499
1457 869
2135 4415
5715 2518
4086 6932
3322 9205
8021 3513
3965 9805
2555 3865
6021 5023
7094 5641
6341 4388
392 4698
5427 4185
6832 4574
7483 9079
4499 766
66 2152
572 8546
1691 7319
5527 6145
2304 5347
978 8837
3007 2756
6685 7723
9065 4200
4225 6832
5915 990
8371 9343
2976 7070
8927 2862
4476 5494
3846 1650
9832 3059
3883 9555
1336 456
7579 7477
9156 9963
7364 9248
309 928
478 1979
4022 6610
4569 9571
5074 7607
1048 7271
9969 6481
3460 7106
1690 273
7508 500
8588 1174
1278 4542
2999 3169
4485 8259
3657 1677
6582 386
8282 2869
3700 6303
260 8533
4868 6456
919 2134
8788 3322
6478 3059
3381 8880
4574 7430
2888 3216
7803 7296
7741 4884
4596 2989
831 8259
9321 9873
1863 5533
6994 2397
4768 3274
5134 354
2175 7548
2476 2704
8709 401
5915 1944
647 4083
385 8814
5973 6937
5827 5258
5050 1718
8624 5708
9277 2405
769 4987
744 6440
6054 2975
7427 2676
2022 8767
1787 3563
6662 3842
3312 3338
7459 2414
7149 9328
9505 8143
7277 8194
1154 5439
9638 2213
2351 6603
9989 2697
1096 5985
5093 4723
3109 8325
2772 7659
7507 30
2336 7089
9564 9214
5548 6955
6828 9694
314 9236
8961 3932
2495 2488
1715 3180
4782 6991
3751 1753
7454 9295
782 5358
7225 4308
3330 9432
2921 2565
9578 5034
9469 6348
442 1240
231 3465
9864 5845
1871 678
6570 6971
7025 45
501 7470
306 793
9468 6436
5452 9272
4789 8935
6594 1365
9107 8078
6839 4708
7791 8973
7069 6493
2044 4749
4276 7490
48 1865
9001 9716
6503 7295
1874 8224
9636 7530
6102 6069
212 7350
7356 9017
145 5416
8179 3372
4259 298
9850 3475
8146 6081
1612 1390
6816 4494
9245 5140
9019 7352
2172 9249
7521 8753
8009 2274
328 5988
6896 6581
537 7577
8752 284
6351 2813
5941 7181
6894 5393
2049 3380
4722 4735
8119 1530
7031 6872
6942 8821
7215 2282
9433 3985
1442 3462
1475 4638
7806 2808
6833 6178
7074 3769
5090 8276
9217 5561
9231 9022
1598 3427
9343 4792
2965 6048
7427 2349
5108 1416
6445 5421
4658 5652
7650 3975
6194 2995
3040 6178
3865 4972
4377 6523
6328 1417
4008 2885
433 3010
6623 2404
6288 2869
7683 3542
8004 7636
1969 9608
4618 9906
5257 7105
4816 4220
5691 4900
7583 8105
9232 3606
5478 8617
8813 6067
9307 5644
5691 1526
5699 1223
6431 6521
6375 2638
8088 4912
1658 9024
257 3622
8895 2604
6101 6973
3473 6706
4825 7263
4371 8997
8220 2910
8403 4367
7537 2212
8799 6055
2541 220
7427 8312
6171 4229
2236 9787
5159 5124
8396 9452
836 578
1468 6430
3409 8489
5877 2210
7308 7289
9913 3682
776 5923
3047 2159
2021 4365
1110 9348
2732 9857
5517 7548
8362 9822
1893 7170
1906 6103
4457 5686
2455 3975
3439 3371
7151 2644
3226 9715
3615 1791
4382 4142
383 8463
9486 5362
4703 8352
5602 6769
1495 7161
34 856
3153 5231
5826 5368
2946 1097
5432 1111
3445 4500
5038 1777
9710 9296
5186 7994
8691 336
9522 7187
1969 4592
1820 3145
5838 7382
4366 1051
9484 643
2921 4608
8600 2908
5807 7933
5395 3741
6286 8082
5600 6183
8724 7124
8402 835
6788 2563
790 8945
7077 4930
7870 8462
7894 9519
4595 7177
5731 3506
4002 5778
3142 131
149 5030
1933 482
3627 2029
3092 7332
4594 8863
776 4367
949 9870
1654 6314
6155 6
7544 4363
7920 9889
6310 4396
7271 2225
3843 8207
3120 5325
7224 5242
2157 4558
8620 9007
7818 767
746 5573
5310 2760
4050 3412
8210 3908
8311 7919
1435 89
3631 5448
9478 1409
1912 9958
2943 4682
6376 8952
8297 5218
4564 4776
1831 3102
7906 9428
9064 9553
9860 4200
6481 1281
3688 9628
7492 8524
9771 4397
3271 8301
2716 9710
2533 2316
8308 8783
5224 170
6000 7729
2850 6045
6547 9209
2952 6564
3770 404
5356 5053
9272 8892
9423 3433
3800 8720
5486 3036
6397 6275
4047 8535
6172 6341
726 4407
1216 984
2647 9346
949 7261
6645 7706
737 4266
9374 3620
1964 6054
2027 7213
1923 9665
7436 4233
1088 9732
4486 7017
1678 412
2244 4623
4679 3798
2621 5057
6089 8223
7304 6527
1415 8606
239 4005
1920 9620
9201 8330
8320 3257
338 7897
6222 7571
1704 1631
3920 4803
6969 9726
5266 6764
9593 9388
6620 5377
891 654
7265 3294
5896 7621
3687 1305
7123 5373
6457 4566
8165 6788
9872 6631
6240 5159
4121 31
8356 1716
781 7970
3479 4682
2420 8909
8933 6507
6234 3513
5561 8935
9031 8073
642 3878
3054 5405
5847 5239
7296 8171
5962 7389
8458 7204
4221 1491
7004 6775
5398 1651
1395 7683
9532 2079
7174 9093
8405 2250
5522 3613
352 1131
9456 6080
8370 3497
6910 6994
31 1483
8259 6270
9489 1223
6805 3166
3409 228
300 1980
5834 341
8618 8766
6739 6948
5602 2715
6835 980
9070 8551
6092 1249
6685 2729
509 9287
4614 9820
6891 9666
7597 5263
1043 9788
343 658
991 4162
87 2153
8583 2618
299 95
2887 1636
7720 1767
8189 2348
5990 3600
7783 8288
8708 1703
611 5322
9277 1944
5889 3706
6201 7796
3220 9320
9805 903
5955 134
2205 2824
8866 9994
2762 1469
385 4602
6752 7007
8771 4639
2186 6395
5748 8405
1382 47
203 5089
1315 2002
868 1107
4045 8937
6982 9609
2660 9680
5841 801
229 8426
2814 3892
3540 5319
846 6024
4733 9651
4121 5270
9634 5259
6353 2291
8452 122
1922 3720
1333 9422
5319 1001
630 2173
131 2552
6682 2154
4268 5380
8833 248
350 8221
4747 9877
2611 3064
7075 4240
7857 3829
3699 2882
4638 3806
1127 8938
1706 4303
7285 1914
6132 3064
5981 813
7454 6684
6499 8374
7830 9570
4278 2482
4939 5247
1777 5365
7054 6949
2484 2479
3989 7622
716 4886
8511 9155
4018 4816
1639 886
670 6492
6593 8653
5537 6697
8978 7737
9125 8685
4772 8760
2260 5022
4570 3720
3692 1701
9991 3003
6207 1788
2252 9519
2107 7304
4974 1073
213 3375
2173 9833
6375 6995
658 4304
7856 4377
9770 593
7474 7265
8965 1825
2694 201
32 8783
4219 3551
2932 5571
9095 3885
4353 5124
3369 1391
7413 4722
6049 5215
5922 4750
7491 4589
2926 1372
2434 7576
7072 9690
92 976
9472 4432
2037 6317
3488 6114
2992 3523
1176 5390
3841 6585
6611 6901
5699 7992
4885 158
7186 8243
4444 3864
5030 9158
3386 4212
6882 3650
7655 9957
5437 3902
281 5746
2414 1851
3280 6705
4055 9475
3597 6278
3896 583
614 9802
9531 4771
2203 1153
569 7360
8842 6160
1853 9477
6449 7865
930 4048
8661 5891
8299 7322
7542 9598
1797 2861
6536 3922
6072 3201
6146 3601
1414 6955
8421 9735
6132 1394
1969 8903
7920 1050
8362 8059
5868 4060
1158 173
4424 1905
1102 564
6765 5091
7528 7866
3734 7861
2985 202
7342 1301
5480 6211
5980 2659
1055 5114
8718 6922
7623 2936
4709 4219
9373 8139
3248 497
7517 5331
4925 1310
9224 7956
3823 1984
8290 5622
3790 6286
1006 4003
6887 3772
8629 2674
4536 2693
1681 7901
7678 7977
4724 7788
5757 7139
8157 1517
8429 3003
6368 2870
6551 6
7217 6515
3183 2080
1321 6410
4556 4716
8722 820
1892 5912
6274 5825
1597 3225
1843 1504
889 3182
4491 2713
6022 656
8048 3085
7898 7045
4872 3025
9500 6098
7493 3498
4107 8073
3145 7080
6749 8181
7659 2716
6152 4466
6953 113
4071 3353
4945 6790
9426 4877
5467 1703
5529 3603
6576 2247
1264 3097
6534 2697
4133 9227
7848 9856
6249 1810
8518 2371
9931 3507
9169 6791
6380 1713
6597 6054
4579 5119
7845 1712
8717 1045
4176 9488
1504 9963
450 8070
9138 1886
3573 9629
682 4416
2185 3747
9687 6826
1740 1671
9270 9243
1381 9624
3441 6696
7850 2141
7384 7990
9392 1698
6142 7722
984 935
4393 5113
6392 3639
6278 7762
791 2662
6865 4456
9920 5726
1218 4628
1889 4368
4062 2929
5397 5867
2857 593
9321 6708
6826 5500
8372 9853
7947 6486
3199 7495
7079 2573
1471 680
7599 8969
8733 9145
4368 9460
5042 8262
6183 4210
8421 2058
7793 578
3098 1858
1389 7349
2245 3024
1439 7654
652 6747
4076 3017
6 3412
7587 1966
470 1536
9766 2449
522 7007
675 5373
6830 1208
3229 2800
2094 8143
6774 1184
9742 1078
3514 6044
8006 4412
7766 5011
7861 5552
7603 6247
3351 8863
1317 1802
4755 1681
2141 2761
2461 7989
8244 9856
4417 574
4767 7469
4910 8849
7711 7462
1514 7631
6427 8212
2869 3658
8900 5150
9992 6100
3545 8829
5310 182
2699 5406
989 8352
4223 6414
4954 17
2703 9382
4408 8742
6476 1107
5663 4357
9303 3667
2211 1746
2057 7329
7568 1460
6919 7033
6465 9762
4981 7764
7656 5231
2167 8690
7945 9413
587 8216
1895 9366
1487 8866
4016 7853
5904 8063
3675 3128
386 493
5453 2765
2762 5693
6892 9073
9276 6141
7829 896
3842 6381
2011 4531
2051 4020
4555 5605
2140 7224
2457 3305
9590 9873
1702 4150
7624 6573
5059 9234
5585 8952
3640 2813
3421 2500
6900 7173
87 4323
7015 9788
9167 9174
9008 8994
4897 983
7397 7537
498 1172
4790 1156
7965 4903
7345 956
3379 3447
8006 8199
7428 5538
9374 9959
9462 8386
3008 1553
3275 5037
2811 9078
8723 7419
1411 8780
6625 8877
3842 5837
7914 4870
4771 9608
4510 1026
5543 6675
7123 1826
1942 9125
5580 6646
3423 7010
8757 3595
6299 2983
6813 4891
7481 2412
9802 7761
5217 2678
1739 2913
5007 4214
2890 6625
6787 3099
8349 6733
2748 2938
7783 246
1050 1226
840 6974
9037 7194
5713 2318
7936 8745
9065 9790
6135 1797
8643 7540
2806 2418
8544 4514
7357 9518
9941 8238
983 9326
4294 3971
1252 5835
1630 1082
2946 5817
3703 6380
8097 9487
1247 3528
5595 5647
9950 3287
6583 5037
8474 7280
41 5810
4813 8388
2219 3100
9078 3243
4412 2850
5408 4433
510 5944
2633 4946
7318 8984
9340 6757
7439 6557
1418 5129
9859 9916
273 6512
2031 1508
2629 4207
1327 8131
6671 7120
2603 5023
8104 6594
9327 1807
1915 5149
8971 6640
2632 477
3587 1397
2598 1584
7636 1107
1429 9320
8578 9441
1902 1331
2620 649
2174 5046
6906 9220
7350 3108
6318 1940
9347 8739
8657 4407
7682 93
6109 8396
1262 8472
4274 3308
1050 8486
9462 3788
8864 504
3033 548
2145 2620
5812 3627
8284 2042
2456 4155
2795 3072
7496 6596
7639 4907
9541 6967
3441 7166
6185 7200
7558 5041
3035 9841
7796 8077
1661 5082
4202 5129
3684 888
7075 1387
5702 5346
8374 8980
4197 1713
5615 1354
3946 5260
4262 7968
5457 2866
3914 3895
3708 597
8956 5950
5238 7345
6192 3739
9758 1583
6783 7289
6157 9481
2218 2358
4541 5185
5986 1613
8093 6238
8307 9936
7741 9775
9087 8077
5803 3141
4406 2995
6131 848
8809 4958
6726 242
6834 9625
7295 793
2169 3904
9850 1043
3152 1165
7085 390
9588 1976
1393 5963
8829 8597
5086 1804
8056 9124
1437 960
795 9376
2913 8932
867 4417
1361 8453
7570 9427
8338 3271
960 5155
6531 1116
8209 1371
6147 1331
8536 7119
5828 4289
4758 4445
4719 5618
991 511
4145 6064
7277 5386
8877 3073
688 1596
7998 206
4805 3568
9544 816
9989 5453
8215 4172
3749 146
3867 6015
6124 4248
5896 8521
4427 5557
5535 5702
4899 7358
7127 8350
449 840
8288 7711
1552 4982
3415 2493
2388 7027
8601 8192
5881 2669
7468 2174
4086 2237
3446 339
7277 9150
8346 6699
6539 5684
2131 4231
39 893
1768 3791
8289 7237
8702 6972
3002 1897
1244 5646
6516 6707
7674 9887
9123 7432
8038 5049
599 5311
444 7953
1354 9719
5868 8200
9574 7041
377 1735
7981 2961
946 3375
1711 4113
5210 8893
6548 8086
3495 853
4092 5074
3936 1616
5863 623
3055 7271
4427 2629
8930 555
3907 1602
1941 8062
4467 2412
4991 6776
3506 1110
1929 2478
6328 5784
4698 2866
5248 9920
3280 2622
4150 7262
2012 7741
1061 5096
2305 5508
2851 5827
5213 8413
1146 1407
8764 6443
2203 5872
1684 6389
1294 6096
3758 3017
6404 8214
9493 2171
2772 9166
4705 1098
9953 5365
884 5003
9703 5254
8189 5717
7637 5096
7803 9990
5221 856
1951 5644
6548 3404
2809 8922
4551 220
5253 4917
7177 1863
3347 2268
8134 8054
9172 1068
7019 6977
1827 8886
6378 2724
2536 5399
3682 20
6821 6835
2683 3670
3510 1429
8858 6003
1191 8383
9763 7967
3140 1215
5875 2457
8354 6868
7665 181
5629 2287
6537 4903
9721 9795
8734 3073
6409 3428
1827 2683
530 5455
5148 9671
669 8843
6038 343
6429 5688
2725 6816
3943 5936
7186 31
5160 1875
96 7206
6319 9716
8392 6613
7770 6328
1130 4631
6390 9560
7975 6180
4682 9915
970 3458
767 2739
4057 268
7118 3135
6007 5024
8702 2635
4892 5898
887 1185
663 8251
205 2930
7337 5254
9412 646
2375 842
2610 4860
2210 9233
1381 689
3351 7979
2433 3334
9261 5698
8214 1467
4390 592
3459 907
4741 8666
9631 7629
1208 7759
1501 6411
483 8763
1707 2604
7825 7744
1076 4733
5498 4320
2518 4891
3285 8771
9304 6831
8827 1770
4225 5193
3901 5231
5265 3321
2110 8556
5008 6222
1117 8536
3869 5766
5256 9886
5100 7084
330 9712
4286 6990
4582 5127
2168 172
2772 5692
6971 4180
1464 8763
4044 5400
5470 6432
9227 3022
507 259
529 1515
3475 4441
2997 7531
4290 811
2858 1724
2061 934
7158 8394
6092 1785
6404 6933
6950 642
1849 5940
2903 4996
6338 5014
2961 8884
6916 8341
4097 5573
8100 1541
370 4096
9125 4900
7085 7133
4886 4072
3236 8879
8970 9461
4163 2843
3165 6347
8561 8254
8726 9701
8530 2769
9332 602
2902 9381
7722 168
3114 882
1739 7285
288 3011
4046 2586
1463 3397
3282 583
2378 4204
3832 5287
9002 8973
6336 1052
9715 5881
9396 9280
2911 8134
7233 9999
529 3397
4472 5981
7645 1832
3174 9063
9591 4440
531 5100
7871 4786
3715 315
574 252
8062 9657
5277 2669
6423 1778
6021 3060
3121 1990
3139 2135
7790 748
7741 328
5655 7185
8450 6072
2558 2339
2326 3339
7397 8392
6661 1062
6747 356
3166 6913
8175 7981
6977 9228
2548 8693
466 3982
7089 2168
2629 9750
3511 1505
5180 1761
9227 6629
7035 431
1974 5859
1802 8834
7946 5034
7589 7489
7191 5061
254 3852
9424 6495
288 5295
2323 6731
9377 8528
3681 3349
3333 8385
6967 8064
540 4663
8694 8690
3954 6
1988 5226
5445 5037
9689 6399
9017 2867
1605 7753
1992 578
7158 8012
5583 3408
8962 946
3130 9802
3812 4337
9017 8521
1703 2280
8648 9462
7114 7309
9546 7753
4398 3671
1428 6820
474 8731
9193 8563
5501 5085
4156 1349
3063 6956
7206 2182
3939 1837
1046 6082
6736 6428
1380 2398
3690 9817
1327 5672
9492 4646
323 5304
5577 1903
4703 2973
7247 4578
6547 5761
4212 2955
6749 7546
5730 9232
5718 7503
5313 1990
7431 9521
4929 7001
45 9586
7044 5436
9340 6300
7067 7177
7041 5925
1337 4925
9828 5102
8798 4286
8512 6593
6246 8711
313 5195
4918 8857
9629 2454
6561 7123
3178 1598
3951 5137
4532 7235
6436 7489
5704 7349
4557 1391
1246 4596
3373 4572
2896 6726
3610 2936
2135 666
6923 8528
518 1495
4015 3167
9572 4646
7292 8341
8537 9343
7710 7262
2187 9744
2414 2854
9557 8669
7689 5638
5823 4758
8410 8042
3269 4238
9198 9786
4464 8191
8256 2435
1845 3161
5837 1969
6333 4190
9404 8957
846 5797
2491 9315
6310 1633
1081 6031
4827 7197
6183 4768
737 7798
432 4619
2050 7762
9723 5601
4995 6910
5792 2123
954 7963
9565 6914
9476 6307
4926 9905
6835 3977
6282 6861
1263 5492
3928 5072
9627 3349
2 5737
7982 2584
9014 9587
1172 8344
2807 9949
9349 8748
4141 2352
743 6439
3797 1148
1221 5411
8170 4029
3626 5785
6694 8423
9158 4600
5055 3857
7934 692
116 3812
8273 9141
5249 2214
3934 8409
5609 4090
6307 4177
8460 5601
3418 9669
3745 953
6113 6205
7610 646
586 3860
353 8432
4475 4866
7271 7881
1997 8771
7570 4981
3580 904
1684 8649
8319 6524
150 3405
1702 4094
1356 7673
5318 8394
8869 8620
8897 1217
9215 10
1425 7094
9923 891
2731 8211
2924 96
7274 2266
8133 5855
8055 2756
5132 4493
3091 2051
2119 2632
1655 3853
3160 8851
5118 7045
8036 7519
4692 8248
1239 8289
1304 8572
4234 4538
3210 8177
6343 8224
8589 6579
9267 113
8953 4107
3142 3615
4698 1539
4055 2999
7649 4297
9510 1186
4886 5068
1227 5178
187 6853
4502 517
4322 1026
228 9733
5507 6644
9698 4229
167 8625
1346 5265
4152 4636
101 8756
6440 8043
927 8185
9612 8491
8807 8456
5199 7951
9376 9589
9361 377
5059 7778
2810 7194
6572 2478
1691 6239
2815 8440
3162 6299
2756 6010
3317 5803
9784 4577
6704 7103
2569 3515
9710 2988
8664 8813
6231 3139
9425 4780
8393 115
1721 8107
5216 8399
1032 586
2037 9383
6320 2086
6286 9652
3212 8752
6508 9246
7083 9876
96 993
373 6156
6624 2584
6206 7688
9226 1539
9279 6228
9169 5658
2984 1619
7629 1259
4651 8584
498 3388
8608 4081
1581 4498
5525 6109
7054 3938
4624 7578
6024 9396
3870 8650
4673 3611
3427 2545
6308 3240
2858 2483
6349 4262
1416 2908
9076 2022
8340 3319
4238 7
7877 6721
2650 1480
898 6955
75 2435
9079 3759
9957 2158
6590 7438
1210 9262
9564 5571
9161 2358
3033 8041
9458 5702
1079 5259
7643 9525
9909 8971
5553 2453
721 9689
8088 1362
3058 6507
1254 7803
1301 4328
7106 3813
5685 7500
7779 9306
5111 1074
203 2936
1694 187
932 7771
2488 7707
3326 22
1581 8857
5731 8456
3768 4822
5435 5527
1302 9594
5594 8625
605 1576
7469 8654
2492 6763
8860 5452
9617 3793
9727 6901
7583 6119
5061 7998
3387 7649
2524 9933
2458 5569
6250 342
4710 872
2744 2109
1047 4662
1851 6874
4230 2681
1167 7963
8192 9766
3663 4318
5806 3153
6273 4510
5091 8387
7872 3663
9305 9322
9534 8162
9194 5490
1766 543
2424 4735
8511 4028
2309 9480
5566 215
5015 7677
6541 3412
2817 6994
8493 548
748 7460
2678 7938
9291 8451
5890 4197
4764 6777
3927 7116
4338 6378
5365 8626
3872 810
6515 8413
9511 5039
3362 3235
1609 5987
9427 792
8891 116
5236 7351
616 2391
7117 898
9219 1789
8917 1941
1210 850
4458 3583
5762 5899
4962 1318
8032 53
2657 8455
5119 7202
2784 6164
111 3672
8822 9444
4492 9282
8814 6139
2131 3877
2172 6405
1909 881
7482 2596
2664 9941
5306 7593
39 5548
2424 1986
1775 2758
5690 1880
9737 209
3061 5240
2861 3755
6543 7194
3867 9566
9057 5988
5306 9880
3210 3371
8175 5399
5719 1725
9757 3134
6523 4599
4261 7150
5524 2702
5738 314
1722 3183
7365 3141
1656 3784
329 1996
8560 6530
3391 8546
7037 6146
1556 3168
979 6107
2029 3873
1365 1198
1409 1967
5612 9789
6422 8394
8127 2667
4980 7158
7375 5331
6795 2973
3681 2685
1975 1228
7491 1947
9673 4497
3624 6026
1816 3517
7115 5428
7917 6703
1204 8068
4481 7642
5918 8978
1431 3729
3611 8011
2645 5812
5262 1834
5379 8554
9378 1515
4635 6277
820 4850
1643 2208
7553 6781
7094 2561
4740 2527
1145 9964
3275 6622
4371 6215
3459 8225
6235 4061
4068 278
9465 3452
7379 5512
3128 9211
8268 9875
5908 2142
3288 3952
412 2553
4962 5183
6206 7633
6845 7675
165 9787
5386 7271
6292 7330
7320 4547
4849 8491
1447 1674
7281 5816
4572 2002
3315 8
7313 4243
205 8591
1336 4659
157 283
6596 908
6492 8481
7961 2013
7197 7448
5233 1355
947 7331
5617 4945
3021 1629
7092 3525
1218 4906
9344 3395
8017 8299
3758 7798
906 7880
3196 6159
4493 8589
9924 9405
7033 2803
4619 9971
3562 3227
8362 1476
1414 1209
2722 176
5513 2137
8962 8480
2197 3698
7561 7486
6412 126
329 122
7984 6559
1224 3889
3903 4133
2387 8880
2107 662
7307 8587
3737 817
1662 8882
4595 9792
3264 6233
8044 8108
5715 9743
4142 1478
1411 4362
8220 2098
5894 6363
6819 9057
1194 3667
563 8210
4598 6203
9762 6840
6229 6348
846 4369
8530 7686
2044 4865
5163 1405
687 5951
7024 5893
3710 1616
3357 4993
8814 6834
8603 4943
4338 9232
8872 9609
7798 6543
9913 4965
7260 3414
471 3872
4392 5969
1754 296
1514 6609
8887 1549
6692 5384
5296 3027
1508 2064
9371 9961
3662 9800
6424 2638
564 544
2485 814
4184 1004
7856 95
1683 2671
7819 3873
3264 3648
9231 3707
5121 2372
5832 9705
6392 7106
4456 8824
2289 2557
1012 6406
6548 5620
3360 6184
7143 4429
9189 8789
4294 7097
418 1985
623 9624
2534 1876
10 3036
8614 9999
2124 4052
7916 507
1337 4190
9953 7867
6208 3384
2539 9264
3988 9559
8752 9093
8808 8615
8483 7477
6223 7390
1169 5011
2062 8892
2032 3528
108 9682
7549 5011
849 7854
3229 9126
1518 3538
7198 1287
1275 8113
5209 3158
1408 3318
5671 2496
3909 2130
265 9485
1604 9860
849 1734
6562 4659
6925 8243
8376 3043
9332 153
7008 1
7549 7354
6438 1871
1489 2021
8920 5188
6148 5294
9530 5666
1682 8371
1040 3491
3763 7967
3037 7041
3074 4324
8224 6073
1626 5027
4399 4927
6252 4936
789 6564
5959 2053
1680 4452
8234 8147
6077 5556
4792 1338
6704 613
3165 8704
5121 3458
8761 8004
6392 9820
8111 849
7620 3311
9630 3652
5472 2692
1707 1167
2339 4010
5275 8232
7359 2569
204 6256
794 6401
7545 2059
1672 9989
569 6611
407 7396
8855 2272
3269 1239
5703 5824
5586 2350
9493 2060
6341 918
7895 8382
5415 3739
8710 1935
4568 8340
4476 4712
8463 8719
8642 566
310 7222
8650 2676
2753 9697
3586 3108
2982 4122
7164 4136
5219 7081
6449 5849
364 4529
5677 2737
1436 959
153 5156
1374 329
9884 1185
7837 683
7450 8719
7540 4857
2483 9863
9836 4414
7565 2260
5591 1964
647 2355
2093 1872
1621 8258
2825 6080
5372 8496
1920 3264
2939 5608
960 7762
6096 6252
2303 6429
5024 4346
9667 4892
9412 7630
6160 5633
6301 5163
1209 9780
7191 8612
8079 1208
6845 4033
9920 7369
9332 7053
4634 5010
1768 3700
4784 1756
7529 7123
9436 7503
5181 2838
8226 4624
4692 6890
3102 7360
6022 2601
5189 844
6928 2756
1739 8320
8949 2723
8322 4034
3455 5803
5247 1509
3910 4579
9334 373
9967 1466
8648 174
1509 3277
1253 2250
7954 6059
4254 3
9727 9007
7544 1823
6963 76
2417 912
539 6765
3709 9335
4937 1032
5979 198
3936 5228
5057 9280
7517 8885
4061 4594
5507 9720
5905 6064
7777 9372
6554 4785
6612 8273
4290 715
6065 6187
6393 9671
1789 7448
5214 1651
2768 186
7287 4088
9665 875
6415 7531
8751 339
2805 9263
8678 429
2583 33
9613 7929
2509 9702
3121 7437
8057 552
8496 4977
9926 3206
5116 6569
4752 7575
3184 5467
499 4348
2857 5506
5066 7214
24 7932
3382 1523
9067 4767
9252 7040
6293 9372
2870 8446
8959 3710
4113 3892
3048 6228
3768 2969
6180 2174
4322 5071
293 1083
8719 4550
4046 8646
4977 9670
597 6389
2030 9093
3997 8352
4623 8081
3675 3237
4327 3866
4136 3311
7554 9563
5163 6481
1788 8863
8719 7560
7025 9928
7137 6895
884 6624
2738 3276
775 1326
9378 1843
8929 4970
8682 4933
9717 7043
7720 1002
5338 5211
5162 176
2544 8613
2359 5394
8010 9647
424 315
7823 7116
9123 1207
8378 8508
7495 1509
9215 6992
2327 5125
3551 5369
9747 9514
4927 5701
3499 9652
8734 9592
1076 6758
239 7685
4433 2213
9250 6211
3874 4427
90 8429
3391 4719
2134 2948
6601 546
4403 5410
2631 3136
1548 5452
5727 2426
9340 609
8988 8557
1057 796
8712 8483
7430 3953
980 8807
2588 2520
1825 5194
2888 5899
3301 145
5847 1598
7851 3685
6873 1897
8522 9459
7714 2777
9188 6557
2863 6350
6694 4847
3080 5592
3657 304
1521 4344
8963 5193
6371 4021
8378 3137
6400 4805
3671 4509
4105 4692
4195 3694
3360 3660
9868 6395
2277 4818
7943 17
1350 6703
7476 6710
8405 3254
4196 7091
3574 1243
2665 240
3171 4140
7047 2389
7396 5090
9922 5221
4089 585
9827 8111
74 7059
7321 6634
9314 6375
3508 2395
3497 5838
3699 3360
9758 3564
3638 2854
1742 1780
2040 7114
5781 5125
598 1321
1016 9596
9905 2209
7930 1408
2314 2243
6470 1777
6200 9973
8247 7222
1861 7917
6869 4159
1307 3338
1878 3851
6635 3199
6790 8669
5321 8485
398 7452
8031 3650
9505 3371
2606 7299
9713 5388
1564 1859
4691 154
6216 8165
2825 9931
6080 6579
6042 2575
1626 5082
6505 638
7057 5467
391 6180
7325 7179
1373 8495
9986 1394
6992 2111
8391 5317
5847 3232
7783 3959
4816 501
904 8867
2863 1219
8739 3085
5599 7608
208 9407
6928 2037
105 2610
5128 4256
9267 9543
3524 5928
3749 805
7262 3957
4822 5451
1635 5908
9408 5512
4724 7164
2267 3263
5035 7518
5852 6175
1607 836
675 5835
6603 5065
347 798
335 5289
2216 3579
4741 7433
6635 8109
6773 427
6118 3844
2102 5798
8017 4915
5360 2761
7311 9925
4005 8654
6471 9912
1631 4613
4581 2918
1488 8056
8453 254
4801 2412
3012 5619
5531 5442
5203 1013
5455 1280
1463 520
7833 294
6580 9268
3049 9295
6645 7841
6395 9799
5509 6514
517 9028
263 7792
8000 1288
6121 3585
5517 9861
5740 1023
9258 5792
1178 2231
1818 2658
3406 3609
1820 5515
1514 7305
3641 5399
7591 7517
7332 1389
782 605
4107 3710
5818 7335
7417 7253
668 1527
3607 6980
5591 4694
9217 6214
387 4024
8410 6072
7790 376
5701 4654
2269 3391
4262 9935
7856 4901
2540 6923
6938 1126
5001 318
396 606
6239 408
2713 6925
8921 7035
5614 8817
4980 1845
9380 6250
8050 2132
2527 7938
1135 3030
8736 1358
4905 2647
8439 5975
6546 332
6217 21
908 1631
7132 9464
9418 8740
917 2679
4035 4675
1654 3998
6392 4595
7363 7654
4704 3044
1077 6061
3676 9216
4541 7009
4043 7462
1111 3517
5278 2500
3852 7265
8872 563
4939 3502
4465 6542
353 7635
342 6439
8308 7030
1325 3357
9811 3537
3327 5393
2428 8106
9641 6140
4978 3165
9587 6292
3315 24
2483 3420
2199 7072
6933 7715
4008 968
9662 6496
6380 8315
78 7977
7295 9986
9487 2178
5325 9233
379 1192
8208 3903
4912 8854
5012 186
706 6555
6561 8926
7834 8650
5056 8138
6717 4243
3834 1059
6970 168
1372 1407
8902 6962
2878 7359
8751 2678
2428 646
9313 9388
6384 618
1839 7934
4493 4149
4420 2603
2326 1334
6336 6192
2088 8706
6737 6478
5373 6736
9902 8294
9708 973
5680 2936
4928 4986
1611 5044
6344 7210
4511 4861
1516 6956
8761 2726
3540 3516
8583 6957
1319 5919
7802 2376
7564 3646
5747 624
4062 3441
396 2305
6284 5635
3366 2168
2328 7130
6547 5148
9881 3870
9311 899
9623 5883
6073 3695
3935 5998
3747 253
8786 3196
4553 4352
9341 8896
2177 646
5582 5907
8740 3500
6765 5599
9311 984
1154 1336
845 3140
6329 2100
1150 9877
6482 2516
5351 9630
8618 3841
6355 785
7352 6179
3680 5426
1009 4520
3105 5585
1779 1215
6608 8030
9329 7857
7700 7733
5653 4838
7228 5738
7643 5148
6470 6456
9133 5527
2993 966
2059 6739
6987 6576
2442 8794
1107 1929
3484 9046
6570 1233
7811 5940
1609 7320
8032 8874
2708 4483
464 1409
560 3846
4541 3491
2647 222
7782 2134
9087 8234
1754 9331
2001 9193
1026 1947
7765 4273
1201 3399
2780 1460
8688 9622
4025 3230
5261 9750
3627 4357
2739 4252
9617 7084
8969 4815
9629 2928
7355 2927
9709 6631
531 7078
4183 7898
5913 3159
3482 8952
8562 1473
4121 2210
957 2673
2513 8102
3881 4161
3129 9461
5691 5261
8067 3358
758 4762
5716 1966
8913 2237
9826 1019
9063 8814
5951 554
753 9051
1309 1941
807 5751
6140 8000
7609 146
1834 9052
4251 4896
2697 9757
3310 1945
2907 4006
9125 1442
5586 1971
722 4073
5100 3495
6262 3442
5033 5378
6709 7858
4372 4849
6220 6409
4203 7200
6460 5153
4165 9164
2780 7722
3976 2226
9219 5032
6476 217
7624 6845
4842 4364
1140 1184
5552 558
7434 190
7461 1078
5424 4913
7920 7127
5695 8443
1536 1886
6590 2332
4655 4819
8188 2532
5544 4106
8401 3159
7210 806
9686 8389
9080 5822
8226 9727
8228 3158
6429 976
2009 8410
8658 1304
750 1630
5490 5684
3776 8845
1923 150
6009 5361
2788 9145
9850 31
6962 3374
8674 8813
5423 6619
7485 9639
305 2833
2274 4341
4563 3367
8599 3027
5 7364
649 7538
8073 3910
3772 8315
8446 8385
8264 4487
6400 6663
1575 538
6021 3817
9366 7390
7568 4198
861 4598
1634 2361
6474 4741
8798 6005
9924 7548
3458 3044
7551 1060
2499 6404
242 1300
5766 5326
1601 2243
8178 8485
3039 5877
4487 1747
9854 1824
317 4829
3209 3442
4879 6447
8023 2024
9033 3848
6127 7693
763 8264
9188 8215
2784 1907
2248 5872
935 6362
4222 5745
1762 5213
3010 1125
983 3980
2165 5050
6812 8019
5753 3250
3044 1380
8218 1778
122 2888
5947 9552
9768 6564
9858 7723
2209 3871
6757 8611
8648 6378
6422 7076
6037 8149
2990 6636
7048 1815
9071 2507
8719 2012
5014 2228
2502 9093
7652 2556
8052 5707
4213 4783
8390 2161
2460 1445
5617 8776
606 1921
7853 1496
1493 1188
6295 15
8881 7997
473 5893
1957 161
2330 1096
3109 2133
5620 8716
5996 8880
8146 2025
1350 7094
8676 2320
5276 6981
9341 719
7393 4734
8182 9340
6511 6337
5621 7161
1368 100
5793 652
2726 3213
8134 6507
1408 4345
7420 9849
4405 7555
5282 8658
7818 8739
2416 8044
1568 2495
6195 4701
1575 135
7803 5814
7784 6186
3101 1029
2288 3741
8189 3511
568 9067
2838 4371
2821 1106
9568 2729
3828 3940
2004 7612
4 5628
3086 5281
8219 6788
169 6179
89 2604
670 9001
3822 5975
2939 6445
8668 1081
6348 3197
7522 8029
6931 3730
9312 1941
164 4548
9002 3251
27 9917
3177 6199
3208 8740
7438 2878
3537 6628
8300 1217
791 2881
9225 5093
7498 8723
5996 1236
2403 2441
8539 9945
2403 8535
8292 7391
3463 522
9643 5938
1117 1118
9468 4681
972 7522
7048 1854
854 2504
6334 5699
8283 8278
9410 2571
4850 4575
2350 2777
8636 1338
644 9462
3309 5151
8546 8385
7640 2528
9026 9938
3580 9466
2702 7312
1159 4013
8356 4025
7702 9769
9540 9628
946 6384
5112 1679
8599 8704
3236 7819
4330 9116
4063 8967
1050 6094
1260 981
5232 8205
5167 4190
6880 2312
3670 4587
95 8879
8835 5611
938 6689
6305 1122
877 6621
728 2086
4413 2733
4313 7099
6440 5922
2534 143
227 4104
3548 6427
3201 8650
3626 8629
5167 9612
8653 4787
3437 6603
7735 5489
4335 8221
2603 7342
5205 6986
8592 7057
426 1170
9904 2777
2872 1591
9587 4315
2666 3615
8760 900
1800 8175
50 3121
4288 2792
8241 2041
342 7819
9798 2502
3999 3203
333 8417
6362 8225
1987 1092
4823 9658
1946 2972
2565 4639
8868 1692
5082 1785
6590 5345
9257 5872
8640 85
2345 4476
9126 3756
9011 6787
7450 3392
1624 3887
1706 6820
1081 6425
1301 385
1734 882
142 5899
9197 309
2272 2588
8464 4295
5994 2984
478 50
230 6596
5776 2715
5747 3416
3639 2311
8709 4978
8459 1158
6193 9732
5692 500
4515 7060
6345 7565
7700 3514
1084 2739
3007 3997
5493 3107
4076 2841
4586 9939
9994 4527
8127 1475
2315 5563
7943 5633
4541 5491
3384 3091
6012 6833
5239 5135
3631 6813
1664 3252
1362 9508
4565 141
3115 2434
6053 9467
6607 9062
9938 8126
7664 4535
1124 1124
6210 4492
8513 5280
7795 2972
5681 3906
2798 9572
3385 6533
2310 6547
4505 6307
1833 3259
9767 4787
18 2584
7557 7337
9669 6950
5081 3181
2571 952
5259 7199
4340 1964
1932 2598
8678 4051
6503 3614
6081 618
5357 2868
935 9582
436 8144
7290 6088
298 4698
5371 3978
403 8549
8228 1796
4967 902
9986 3920
3108 982
579 7011
6269 2471
442 6242
5649 2613
6192 8948
7054 3303
8117 9856
9724 3963
289 2081
9296 6034
9 6815
3582 119
355 3578
1753 1159
5135 2806
3084 1251
3392 3691
5907 7668
835 1076
4179 2357
8636 7591
5850 7952
5506 5052
4031 1946
3363 4037
7951 9667
6215 2581
4755 3726
4395 7542
1562 2211
1847 5877
2951 2159
3571 746
7096 5455
1876 3728
6567 2809
9761 9615
9026 5422
1841 6890
2898 5753
2915 3087
6870 9529
5917 7362
6573 4793
5189 6791
393 1272
8960 5139
6177 5764
5528 13
9932 5868
8702 4014
9297 6096
7138 2270
3374 6311
7941 5525
8495 4999
2543 729
280 4216
7233 5777
4518 2338
5511 1205
2071 8509
9153 939
1854 8730
8542 636
8294 499
127 9329
1386 6153
267 5196
9000 9542
7274 5192
6345 8973
8840 5118
1357 561
8994 2782
2011 5982
6376 7420
8800 439
1974 8698
5982 4103
5287 1384
7013 5556
3612 1857
3254 8316
6929 6974
6765 8779
6748 768
1595 5297
6530 9042
5995 2020
5830 5377
4034 6857
513 2931
6568 4776
1602 2166
7208 6112
9215 1582
6981 5248
7974 3115
6701 384
5948 5728
6677 8485
974 841
5985 7657
5624 8972
1116 2843
6007 9080
3588 7431
1942 5304
7963 587
3672 2622
6857 1450
7866 118
7584 3678
482 5636
2133 2779
9244 4632
3069 4893
6468 5059
8612 6225
5839 2443
3602 4681
691 5054
1546 1398
4092 6217
7607 6293
9491 2942
5904 8648
734 6534
9408 8368
3140 7463
6532 3541
7932 1644
433 5569
9611 6795
9263 8044
105 9854
9220 7414
5051 6368
3827 7263
1813 9444
1918 8768
9228 2373
8020 7876
4759 5602
1387 5765
1436 3293
4993 9237
4924 9079
4822 5441
2594 284
4730 4120
6621 6373
9761 7889
2922 3759
9784 416
3192 7757
7016 7068
1211 6950
2211 6756
5916 143
9653 2836
4275 6369
625 3702
670 7172
7112 8150
8842 8759
4726 8240
792 1579
2284 4973
6815 1350
4793 3417
1436 9561
4273 3659
2779 2982
4019 9701
2554 9811
790 3651
1031 5379
3341 7936
1729 2418
4272 8984
5708 8129
3244 9347
8758 7396
3370 8697
8025 3275
950 2769
1383 2099
2516 4270
3146 841
8792 342
4942 1015
7315 7012
7243 5224
1458 5838
4215 4759
7436 2563
533 3929
2228 9470
9742 2613
449 773
1005 576
9327 1769
2185 2666
258 8639
5795 7553
2384 1738
7493 9281
706 4808
771 4393
7942 686
9832 3469
4902 867
266 4677
9288 4766
4183 2186
4865 2100
1073 7225
2063 4368
3100 8947
5329 8101
8413 8548
563 7803
5523 3097
7174 338
9683 1744
4383 5912
4010 1846
5782 6689
7215 8405
5447 1047
8314 2273
9163 5799
8052 1369
8366 8029
7427 1661
7440 6849
1861 9378
2288 9205
1854 4282
5847 7259
4395 4628
3811 4691
4974 7760
5080 6307
4566 5558
7308 424
3332 8762
778 2122
19 4882
395 7830
7661 930
3222 8564
7598 1052
5299 2900
2870 2784
1686 6987
8372 7576
3426 1354
2710 1751
9375 4890
4879 1317
3576 4230
9922 4346
2138 8493
4828 9483
5846 9251
3558 1002
9401 2741
1233 6669
7154 5511
1207 9643
8768 1866
1361 5277
3200 3276
2371 7168
1284 9567
5053 9716
4821 7644
9982 5924
7553 7924
709 9977
3929 1288
1822 6141
4847 514
1715 6498
4356 6175
2822 3782
9157 5354
9527 3107
4495 1094
6539 5671
4746 3343
5118 8747
1083 4495
6044 3426
8303 7633
9357 1418
2513 54
8957 5686
1621 6921
8483 8469
4952 7913
8222 5338
5476 3529
4749 9860
5180 4097
5605 625
1677 6270
8744 2056
1876 3592
2149 7466
7136 6906
1710 2954
9731 7706
6370 7570
9647 7329
7294 5429
3836 9919
4064 9635
1024 9277
3612 1346
7944 9556
6553 6176
4550 8480
5221 566
3602 5058
3949 1358
4243 8711
7901 5597
4060 802
6135 2064
1189 7171
1925 3861
834 1085
2787 3594
9529 6749
1355 991
7834 127
7632 8895
2080 4257
3485 5418
6069 8726
6659 6682
3827 9349
4545 4729
1269 9529
7976 2410
6940 3342
3813 8311
2525 8579
6415 2815
7146 1577
123 5531
4418 1851
8800 2340
9315 9130
8573 5180
7812 1961
5416 7521
841 3584
4580 7166
3262 6288
1743 9920
1909 1266
3257 4807
3216 3482
7686 9485
6659 8051
3613 4933
8655 7577
2004 1319
4605 9466
8747 5528
9781 3310
9650 6759
7280 3839
2364 5773
7579 9932
3060 9740
5166 870
9242 334
3014 7071
6288 976
2466 5364
827 9123
7667 5060
5957 7621
4916 4644
3602 8795
8247 8254
7817 1990
6113 3431
3296 5825
3420 4786
5676 2795
7209 6851
131 7375
576 6878
8466 1043
2733 9342
7248 3597
1830 2420
2375 2962
8415 9492
2933 6419
8552 668
922 9985
2145 3878
6175 4597
288 4503
9456 8849
3538 956
2864 3187
7567 207
655 8886
2999 3797
8111 7185
4063 1207
8971 8628
3257 8904
501 934
9935 2444
3716 7243
3963 760
4186 4867
2782 2823
4378 2035
2461 6005
4491 7145
3749 9995
4588 6471
5224 6581
6957 6699
9177 897
3899 5086
337 2532
1983 7756
296 9231
8458 7961
4577 1739
823 1004
8126 6388
1877 917
1405 7079
6287 7257
8002 1660
4012 7651
1588 2535
6119 6118
5714 6007
6293 2633
7166 1047
6399 4204
1611 8603
4897 1815
2834 5205
9269 3403
8958 8819
7814 9268
2451 1903
6773 6705
9672 9099
841 5725
2850 9720
5024 7730
9581 4240
6173 7693
6620 302
5164 3618
1089 6165
6047 1803
203 5284
3558 6675
2710 2741
512 4197
6493 1034
8935 3266
2284 5209
5231 1476
9277 4270
7246 3234
4604 1406
7260 667
7795 4682
5422 3952
8713 8822
3533 3922
5692 5240
1939 8345
132 6532
7428 981
7484 1639
5367 8348
6568 3716
7448 3947
2958 3644
1256 3632
6444 8012
5045 5108
8083 9479
5341 226
2561 9495
168 8999
8685 7293
3554 9296
8661 6426
3993 4561
502 2856
587 6744
6792 5208
6881 6126
4575 4933
4320 5264
4770 5946
3625 2048
8518 3185
6841 4152
9532 4999
4594 851
5130 692
3188 6960
1580 4640
9531 2459
2 7294
8632 4430
1160 9967
4853 2604
226 7819
4392 2736
3396 7139
2803 4822
9760 511
6267 3339
7526 2027
2703 6781
8231 418
1742 6809
2839 3604
273 1372
1783 6267
9805 7253
8820 9314
6423 6160
307 427
7514 9741
7920 7480
3977 2297
7506 5816
159 8308
9748 6289
2645 9285
6364 8501
1498 3599
50 6151
4390 96
3264 3047
8454 3844
9623 5782
2787 9511
9524 7920
5680 6275
4419 3380
7271 349
582 1290
4952 9136
4166 6979
7411 5819
2894 2090
4965 6925
7077 2933
3251 3053
7488 5020
4359 8361
5490 656
842 5722
5667 3808
558 1504
6446 835
2592 6562
2778 6592
2289 7817
6749 9829
5401 6286
5665 6674
373 3266
9073 3996
6477 5057
9420 3178
141 6213
1452 9130
9586 2016
355 1054
4014 8994
4327 5477
6147 2548
9409 2981
9688 4166
4322 8175
5434 1192
8126 4560
5014 4220
5586 3218
9588 6368
9715 8022
897 3520
5144 3043
5428 2034
6004 4339
7001 1829
2592 5659
1644 3503
6929 2139
5708 2239
1890 6695
3979 9017
7370 8537
5379 2412
6451 893
6272 7944
1983 1830
6142 9315
1897 1836
4267 8572
1674 1045
9544 6908
2191 9360
1451 2060
1526 7602
7604 8355
6291 7847
6034 58
6024 8422
8698 2200
3597 1286
2520 7026
226 5432
8197 4951
4428 1838
3865 9800
9432 6534
7654 2336
2043 1756
4771 3795
705 8772
7732 2565
7151 6948
7331 7020
5151 1080
9424 3754
9245 3227
5669 6719
230 2741
4291 6949
3504 9551
3755 1150
3018 1195
2895 7795
4040 1165
4570 3918
3886 8499
5039 7568
8244 3019
6718 9386
8244 6976
9625 3987
8564 8799
4738 6566
9991 9908
1440 2932
9124 7293
1892 4741
4176 9770
9075 445
9608 440
3355 2648
9261 3205
6386 819
7687 2670
5300 2697
7101 2437
165 3386
3347 2182
1250 9906
8727 5472
8764 5636
5951 6072
2558 8986
2810 8826
3720 7315
5928 321
8076 9068
4037 9035
6442 2903
8335 8710
5547 3199
9855 3655
1144 4714
7903 2566
4584 7650
9529 247
7403 2312
2805 5350
8735 5588
4263 7445
2111 9735
790 199
2926 5786
3751 1341
8135 9972
2030 3638
4470 1404
7720 6814
9723 7770
231 7737
3839 1902
2748 3700
5877 3269
2213 6772
9220 855
2568 2634
6290 9339
5243 2677
8755 3656
5036 3610
9359 418
2045 4584
3007 9153
7284 8730
7444 9855
5125 5949
3189 5032
8934 8627
2016 9239
5571 4707
6952 8538
4569 9481
929 3821
8449 8471
4667 9631
5200 1176
2232 2754
3155 6336
6738 688
6002 3525
3612 8608
7085 15
4428 7447
6322 1127
612 9127
3669 520
362 1480
5395 8577
6156 3948
8520 4865
4464 937
571 2452
9561 8088
3781 2528
6520 7614
628 4121
8123 4532
3627 1111
9756 3699
9233 6580
6405 7184
3481 6642
3180 7834
121 123
9526 591
8859 4531
2609 1245
4811 7684
8358 884
9206 8608
6852 3219
3319 26
2488 4697
6047 321
8006 9558
5051 5344
5499 6370
3215 8976
7318 1190
2209 1626
4450 9100
9083 3898
109 5846
7223 4703
9455 1611
2942 8682
8284 1622
598 4259
939 8953
2311 9003
2320 3300
7228 8254
2544 5911
3043 114
169 4701
1045 7276
623 5405
5116 1377
9617 1715
8226 6188
3704 5847
4437 9580
2376 3375
8135 7702
9431 2481
6494 6445
945 8095
2260 1311
418 3965
1748 7930
9399 9218
884 4296
9558 5134
888 8404
6816 2063
3460 2375
3290 4808
1798 840
6094 4208
7514 1571
5816 3522
8436 5186
782 3766
5146 8406
1455 421
4744 9595
9589 4805
6543 2179
7832 539
7453 6957
8091 9932
5316 9592
3283 3169
5517 2802
6763 851
4211 2221
3479 828
6460 414
7711 8713
3216 9619
3842 2397
9416 6578
6232 5498
3219 9127
9420 9061
7735 9245
4633 8371
7600 8329
3668 1226
6821 5134
7585 3995
2891 1118
5138 6827
7656 9306
7071 4048
7070 9069
5820 3330
2250 9145
2028 4258
8616 6651
1728 8300
1097 9105
1659 4318
2420 23
7691 1679
3788 5456
7128 1313
5713 7285
1640 7901
5700 1433
2987 1018
4768 1619
4732 422
3937 8039
5248 7588
4329 1581
1396 600
1598 307
301 3731
1760 1468
2839 4162
5607 9438
6995 7913
1686 7571
3514 4862
4307 2140
3716 8647
9138 1204
7721 1629
3617 1290
2393 9904
1130 2061
5018 2532
5062 6162
3422 9918
805 1851
9066 9939
5314 5175
17 1461
1313 5200
317 3444
7608 263
2274 4441
7758 8984
6619 8470
3145 1883
1310 2315
8426 8736
4343 8536
622 3708
6221 5268
5697 9537
8924 8687
6510 1384
6504 8568
3364 2069
7843 2352
7080 4811
895 141
1626 5820
1874 1059
500 2067
7394 4851
923 964
5466 9246
8484 3554
3473 79
279 3370
9378 5643
969 9764
902 8349
4736 4492
4197 8754
3968 3478
6469 2243
7043 4242
7304 6445
4331 3092
9789 485
5862 5704
999 2197
6427 7123
8002 3752
6565 6625
3814 4550
8104 7084
6221 7583
6808 4222
7484 535
1503 8784
1985 1624
5480 7852
4359 7263
897 6929
2014 7159
3999 2609
6819 5439
3658 5017
739 8421
7851 9874
8431 9599
9568 8556
5455 932
1601 7640
1809 2357
8272 6934
5399 3402
5819 3040
7325 1273
4801 8426
6213 8588
1082 3345
1228 4814
1688 1442
7572 9020
4393 3170
8773 495
6853 7532
5345 1035
354 5756
788 6538
8582 3993
9346 1606
1362 744
6419 6869
5815 8060
4618 7192
8646 8880
7507 5806
6318 4776
209 6319
4077 7788
7307 8511
3674 4477
807 2993
6886 7526
2497 3502
3478 4868
4464 8002
1639 9289
463 1479
4292 2985
6109 1162
8185 5142
8384 9526
4394 933
9294 9679
6602 2081
4468 6973
992 4675
174 9434
1074 3928
8322 3253
7061 2626
9542 2533
9891 1711
406 183
4439 1528
1841 6639
1690 2464
8670 3785
2288 655
9013 4559
4969 3147
6842 8062
6850 6755
8818 2249
3916 7420
1607 3469
3291 1223
4939 8868
3521 3704
39 5751
8602 7596
2821 3981
1258 1945
5310 3328
8842 9619
854 90
6965 2675
6150 3460
5948 1666
8092 8343
5921 9044
6941 2674
3076 5380
8845 8526
4873 7934
8679 1639
552 5786
8286 3010
5303 3313
421 250
4298 5004
4730 2061
5780 9943
5374 2889
9143 8514
5827 9867
4905 4934
9966 6451
6067 4810
5741 1475
8159 7932
8525 1372
4086 2820
6157 1021
682 8858
7162 2004
5659 6400
8998 665
9593 4865
5568 8121
82 2095
7455 236
8273 775
6875 2509
4632 6617
4947 3856
433 5212
2708 372
5550 2171
8210 220
9817 7541
6528 2307
5210 2185
4811 7994
4917 8810
848 1978
3597 1897
6179 941
3765 3923
4238 6897
8391 5905
6881 3254
6532 4376
1726 5662
1559 1576
4198 6455
6912 3644
8536 7514
5501 9736
8820 1469
3020 3938
6220 7530
6417 5479
3576 9875
988 3119
1927 4151
8552 4970
1099 4912
1770 3847
6024 4493
3656 7655
5775 78
2683 5567
9987 7600
9523 1232
1153 7574
2545 9524
7506 9365
9754 7821
4649 9550
1602 2170
9481 2691
2525 2974
8019 6696
6372 7791
4693 9970
4461 5983
7283 3221
5546 9616
4788 3694
2947 6670
379 5483
6550 4864
5011 7919
715 4368
8556 4494
5697 3434
6493 5327
9022 9401
7851 6398
8817 2497
549 3586
7451 961
8475 5221
1150 322
9955 473
8856 4084
6557 6268
5614 4668
4241 5794
2652 4823
7488 7720
2827 9002
266 3634
1771 1289
3628 3869
4901 9929
7711 4974
9301 963
2424 7246
1223 3613
7689 5319
9451 2236
5542 8906
457 4868
3431 4339
9106 5963
864 8622
5872 3665
7192 6993
9534 1246
7203 1265
4312 4639
5132 8053
2645 2108
9688 332
8720 3824
8141 5260
301 271
9436 5096
2199 5637
8565 8527
9804 4804
1265 4418
7934 8097
3459 8818
1760 1041
7334 5330
5870 8516
9738 6143
7180 4347
7279 122
3630 8564
7680 8279
4066 4076
5283 3851
3203 1522
6212 7439
5858 1297
6682 7286
4248 3244
4875 8090
4771 3602
7597 1693
9356 27
3338 6832
5053 4667
800 7625
5264 6928
763 8289
4870 6094
5133 6752
4322 7559
3251 9358
9221 8440
562 1246
307 8248
7042 5966
1221 4576
6323 8311
5300 6844
897 2749
207 8052
4493 1841
3915 2541
8182 2144
3338 41
7579 7693
7337 4414
197 7020
7831 8199
3308 5112
6007 5078
5680 3742
9854 5154
1804 6020
4512 9988
4234 3235
5785 2976
1576 5182
2407 3745
2330 5078
9531 5102
9962 6679
722 1761
7592 629
7706 2702
9482 2
6353 4175
9038 6442
9802 1765
2432 3770
102 9277
4776 1460
8849 2163
7271 9296
2021 5480
1041 5020
7712 6185
6363 2121
3592 4288
4995 1869
5693 3573
7722 1422
2436 9308
3516 9315
634 3988
3537 155
1924 9031
2369 3323
3994 5590
7353 8119
9321 7978
5312 4204
8457 8101
8497 9999
8514 6053
2921 6184
7483 4759
2495 2356
889 2792
2893 9677
2373 5477
1843 7839
3697 7712
2109 6576
4323 3913
6053 7506
7546 6316
4594 523
1724 1819
197 5027
6686 4325
3039 602
9617 2154
7397 9084
9926 2430
6765 4886
6999 581
9129 9246
8653 9627
8720 2589
7796 3946
3801 3147
2346 2694
9847 7236
2012 5651
5295 4028
7879 5486
1840 1142
6430 3467
9920 5720
270 4625
2331 4395
359 9652
2164 8276
1232 4062
2857 4137
1728 4785
9240 3087
2675 8851
7344 3938
8627 5119
6214 5614
176 2182
1866 6833
4886 6494
6290 7678
7427 2434
4495 7860
5137 8327
8076 3232
129 4430
6333 6267
8919 9388
2445 294
9372 4195
3589 4162
9808 3497
4122 8886
7016 3708
1755 1203
5628 8570
8682 5500
4693 821
1045 2262
7099 9606
914 987
9418 4032
7855 8567
9652 4849
1566 2159
8249 5160
718 7004
6843 757
8746 2893
1299 5437
1371 2963
9832 337
2744 326
8942 6615
392 9578
6561 5725
7518 124
6137 3174
6212 3145
542 9127
3722 1287
5987 1663
9160 2028
4327 1679
2623 7040
1863 3289
4233 3149
8250 4438
910 5928
8029 5083
4620 8268
8753 9375
6600 6467
7264 7231
6622 2830
6925 420
4734 917
287 9245
632 3072
3737 7673
6494 10
7225 4859
2998 2864
3212 59
8662 2438
7318 9594
4359 4211
2217 529
8714 9151
4335 1126
2697 3315
5250 1729
9790 7125
6836 5639
1445 2747
3323 1018
8031 5598
5836 9532
2797 5457
9888 8742
4496 3228
2531 4686
709 3555
8307 6588
3720 6559
4409 2795
3478 195
3302 7706
895 1834
2933 7126
3188 2389
7911 5859
8509 8103
8794 5426
4299 1418
9764 3325
68 6484
5529 5937
4846 1030
4393 8798
6339 2462
353 5007
3964 3726
8096 2048
6466 8665
6034 7001
8929 1374
112 917
2569 6588
5689 4463
9983 3730
6903 4643
8001 1879
6218 3365
2583 5813
5701 2618
2024 3656
6411 7804
6498 5665
2892 2494
853 2452
324 2633
7020 3326
7235 6152
209 2358
1568 9052
6055 5753
2976 4457
7881 5672
5164 143
4898 5413
1050 7455
655 5229
4121 2152
3847 5274
4874 772
9232 8130
164 4407
29 9755
5410 6196
200 984
817 8300
9578 9326
6573 3568
2082 3982
1030 3565
8381 3944
4716 8957
1174 6290
9793 9072
8073 8475
3305 167
3061 2267
9304 5369
6338 8115
961 1133
7984 177
1943 3527
9261 4359
7953 9224
1647 2034
8695 7995
4948 2097
1522 3835
3054 5811
8733 9615
8541 875
5343 2016
5938 4057
8343 7805
7658 2023
2483 7648
689 9022
7181 4855
327 569
1589 2671
3626 4252
3099 1994
9242 9059
1767 7698
4172 796
4993 5791
4082 7343
5841 9997
3326 9524
8388 7809
5004 316
4162 7641
1587 7521
8769 1469
5178 5458
7048 1866
1321 6792
2620 5186
639 3038
1730 1426
9495 41
1937 3659
3298 6773
2968 460
6077 4221
1639 1793
4719 6771
1130 697
6055 7680
8534 1997
4162 8173
7857 8011
5960 3871
3223 5460
4840 5354
3450 2053
8147 4191
8412 2419
2493 4258
7713 8557
9865 2519
7381 2569
5071 963
444 393
8763 5894
2328 4205
6288 400
1779 9455
2398 8954
4030 4117
5544 8370
9514 6595
5414 5824
6749 7878
3702 9456
1790 3405
517 6952
4708 1372
1442 2277
9470 1890
6603 3730
2047 6790
2273 3888
7225 7684
8049 4223
6847 6460
1382 2304
3455 749
7540 7054
9345 9595
7090 2956
1669 3048
158 999
1006 3684
5142 1138
9776 1440
3762 4818
7303 635
2537 2855
3574 2613
1864 9354
4122 7825
141 8256
9062 7871
1283 8503
6509 4903
8442 3057
2990 2637
4788 2328
115 281
5577 4217
3156 2240
8050 9488
3005 1991
2829 2584
7957 9255
6220 3212
4027 8681
690 8474
4598 5914
7877 5672
9603 1988
1602 9880
5529 5639
7349 7314
7015 1844
423 3389
3355 9978
9413 4522
3664 3203
3741 3666
4394 1877
1712 4633
8057 5322
9542 8763
4396 4341
5700 4914
9021 3954
5648 2048
1145 106
6967 3699
1075 7211
6450 1921
3910 4577
4441 8964
5352 7297
2649 7174
237 9027
1660 852
6806 9318
8265 4634
2713 2806
2636 7498
5577 7188
2071 2222
6141 8598
6698 6817
7165 3542
5598 2916
5814 5115
917 2969
7288 6808
1667 4403
649 1859
4163 492
6269 955
4871 1172
9379 4454
8115 5403
6764 8731
8829 9588
9531 9293
5438 1870
9027 9903
5939 1948
2960 914
1518 4574
3189 6547
3423 8730
3189 8428
5997 401
4284 2648
9161 5113
7670 9686
894 1691
8387 2422
2705 6985
9956 9596
6863 8513
5071 1144
3368 2112
4914 4198
6214 9353
3138 5310
3575 2705
5008 3353
6290 2816
6528 5959
3266 3214
9227 6663
6682 3625
3887 4754
2612 1800
3010 9738
7784 3820
6254 3642
7111 9774
1709 7007
6084 983
3810 9075
1216 991
7877 1474
2458 7495
3733 5210
923 6446
8691 7129
3772 5457
2543 7147
8450 975
6702 5158
5994 702
7527 6434
3576 398
4845 6602
9124 7885
5305 7460
8100 688
7459 6489
8199 7143
3136 1886
3544 7743
3589 6972
2839 6199
6092 7083
461 157
7454 8294
8381 9776
9089 3242
9541 5987
5441 6337
5166 5344
745 7440
9298 3142
6964 2477
2064 580
2533 2011
5669 9193
7340 3624
7471 4288
7875 2725
1854 104
6391 8930
990 8101
9585 5396
4172 869
2000 2805
7617 7924
7556 1317
1170 9760
9474 9860
9657 4403
9293 9918
9533 552
3528 2249
9296 7007
9344 9926
9377 2188
1884 870
488 3494
216 1742
6522 7412
6429 4893
4255 4053
4094 6131
7256 1385
2717 9404
4832 8618
4939 176
9336 3580
4872 8155
9164 883
2246 1143
8840 4311
9125 6980
6252 9592
1907 2164
3425 1375
2035 1234
9405 8379
2186 839
6576 7437
9429 5013
7072 2503
591 5363
1829 3240
1443 4950
4427 3325
9066 4505
4286 4692
1608 9312
4557 2267
6922 9003
9401 6194
9297 4005
8766 9309
8628 8131
9978 985
6414 3623
213 33
5546 8907
7446 8985
4747 1840
5125 4240
867 2910
1677 5601
4854 9573
3817 3408
2617 873
9447 3297
2493 4808
2054 3330
1794 4704
600 924
5421 453
742 7083
1465 9697
2811 6231
4820 6417
6234 20
706 683
8863 4822
9393 5903
1784 5189
8528 2550
8955 7173
8063 6780
8064 6736
4489 913
2358 2635
3388 2849
4188 1077
966 9571
193 9747
92 9404
9972 7930
7986 4598
6906 9292
6107 1566
6201 883
8289 1522
4350 8068
2386 7857
8533 3519
7791 6630
2257 8840
4562 5951
3958 7841
3234 4190
697 3455
5102 1251
1803 3073
1975 3510
4811 947
4492 8212
1615 4101
949 1974
3905 122
4156 6790
8875 7412
85 9058
8960 6696
4326 5049
3702 3535
2168 6135
3387 5168
7603 1749
9243 7343
6589 1136
9777 3267
8332 1780
4891 1952
6783 92
9719 2963
7691 8797
9236 6801
870 8231
7954 1798
4375 8611
3120 3137
1710 2871
9701 8306
1695 4400
8464 2339
3197 1245
484 7962
4479 8700
197 3935
4757 7558
950 3319
5257 7724
2175 8088
2329 6591
7146 1793
9537 2074
9821 637
851 8848
1195 5886
9843 4599
9134 3138
6912 4324
7648 2639
1369 6856
98 4425
2055 2596
19 8067
7171 3968
3897 4725
825 3237
8340 7566
4633 8102
249 5722
3187 4791
8305 1940
5237 425
3338 5535
2051 978
1938 6631
7417 9953
7776 4924
6576 6744
2434 100
1941 7273
3276 4082
5655 3160
500 313
4622 5049
9742 4420
4270 4121
5596 7769
9959 6106
8846 3381
4705 5541
7042 3852
4 5121
7551 30
9471 8826
3807 1651
373 2872
75 5096
7409 6398
2385 3336
365 6755
661 1097
4987 6679
7201 5904
8095 7408
2622 6322
8732 6246
5123 1121
8846 5524
3475 7440
6617 8149
2892 4325
4218 7279
3551 1600
8778 6764
8905 2071
1858 3266
4920 2117
8984 6880
569 4222
1902 7346
215 6370
503 6871
4847 1295
7082 6266
6109 9482
568 2968
3767 1
8822 4258
1294 2042
5360 5277
1272 2473
6016 2793
8926 2003
2436 34
9707 2688
4433 5061
134 8605
6306 9543
5497 2026
39 7165
678 3065
953 2369
2341 7310
7677 1955
1963 1936
7154 2142
7993 3511
7582 6920
5568 4030
5821 2645
887 6772
5981 8488
1195 2832
6481 4446
7475 9979
7818 4934
4354 9318
7932 6375
5228 2776
6335 8895
8698 1969
8219 7909
8300 172
2899 9701
8090 9001
9541 7435
9391 7277
6374 5548
4191 8354
7826 6332
8547 538
4876 1941
9032 3128
4643 8695
898 5993
841 6813
9786 6374
7206 1580
3188 8666
3657 990
4715 962
9332 6629
7725 3770
1906 1107
5115 6760
1389 6578
1084 6397
1545 3596
7664 1363
3379 6270
4476 7680
978 1918
2274 9582
7062 6572
3875 1153
4316 1536
6178 5049
4841 3891
4779 1494
4906 520
8919 7964
8035 4814
5417 9713
7880 5883
8613 7486
4390 3679
4031 4612
5499 255
4571 5684
2934 2838
3881 7254
3372 1206
1670 8397
3437 6720
2554 6674
4797 1673
3550 9680
6770 2477
1208 156
5342 510
4449 4737
7642 2220
6916 5312
7098 6925
3824 1542
1058 2748
8960 5072
7556 6554
6849 6775
2548 1492
8070 3007
7994 4896
5742 4385
4042 1823
6512 1864
7779 2468
6774 9129
9481 8265
7475 7791
4009 4401
4293 5392
3174 3392
2730 4930
9187 8678
3915 5071
8029 1352
9525 3389
7398 1061
2948 8901
9965 2159
8189 5201
5752 1646
6968 650
5975 1851
7165 4762
6600 6011
8485 5756
8237 3545
9311 4607
8864 3678
5934 9226
905 9298
1746 2919
2595 2805
9920 8726
9987 340
5013 321
354 2168
1533 1359
9104 2781
4520 6927
8823 7374
6330 620
7227 4855
5553 8817
6796 777
5185 8514
3732 8819
302 6796
6030 6073
1400 6888
8455 2626
4373 3061
8501 1894
9982 3308
7230 666
386 4850
4706 7451
3764 6762
4830 5179
3442 553
9745 7688
8015 6695
3495 1377
5732 467
9587 651
2199 8150
7325 6818
5268 6774
8705 7687
4633 7298
5629 2860
6599 9016
4415 2224
8069 3116
1552 1586
1827 77
9044 1469
1854 8323
1624 9877
2989 6454
8964 480
5642 4592
2056 448
9978 9513
7877 9133
2706 5455
6001 8355
9195 300
760 8332
5796 6188
3684 1970
508 641
6302 1822
9513 7622
8925 495
1377 9172
3277 9129
371 9172
6582 7505
1968 7205
645 2815
8826 904
9362 9284
6389 3324
7195 9069
8611 2895
923 7889
452 6865
7038 2110
5360 5959
1590 2312
8412 555
9712 36
4496 2404
431 4195
5106 3442
2235 2935
3940 550
5862 9441
8153 6066
4351 1262
7849 6931
9853 8559
2024 9530
1679 8909
7483 6519
6683 8263
9048 4244
6913 4851
8278 5040
1796 4334
967 5711
4790 3798
8359 2115
4366 9615
8363 2712
692 3871
7615 9053
5062 8070
3550 5421
9842 7701
9828 689
3828 7962
6893 6999
8316 5409
7804 9291
3259 2764
7438 2849
3135 2001
4998 6852
6546 230
8182 9891
7193 8496
5229 6083
3807 6380
7251 4494
3460 1426
5104 8896
1399 7265
6667 7781
8353 2545
1584 6429
6601 9194
8793 3262
5314 5695
9834 7295
6997 5354
4764 8632
3232 7450
1813 248
2280 8574
6768 8853
4593 9964
3225 6297
3917 359
6060 7088
917 1216
7200 7202
7638 4330
3211 6251
1126 9131
9053 919
8128 6764
676 3780
859 1363
1263 7784
519 1979
412 6543
9641 8326
7217 9303
7249 8312
5668 6605
1204 6157
2659 300
314 3286
8693 9979
752 2865
5768 4287
6766 2467
4212 4258
4598 7439
1740 13
9600 5526
7622 3875
5196 28
5745 9414
9301 1207
3216 7464
9659 4878
3991 6179
8496 5067
2262 9478
6435 4496
8110 4640
8916 993
6397 6432
873 4271
9259 4053
7654 228
9879 6280
2239 9637
7417 840
4501 5693
1513 7113
7032 9956
4294 276
2782 6891
1869 5818
2227 8531
6381 5629
7941 7318
9717 4768
5811 2672
3553 5867
5938 5118
2267 6886
5068 5124
1903 1994
7149 855
1938 4452
7103 9677
7079 8681
4150 9195
2655 1502
390 4018
8290 4853
6260 9322
9963 8138
4983 2256
6930 9414
3557 5955
6170 9635
3808 567
3731 5939
7824 1739
8746 8716
3456 7420
3328 2897
8267 3220
5613 5511
554 4102
3531 2818
8534 6400
6523 2894
880 9579
8154 5558
3589 2025
7780 9883
3600 1169
9732 7844
9730 4600
6152 3140
1118 3623
8038 9848
1855 2993
7622 254
5100 4326
1865 965
3466 8866
952 5708
5520 3223
1760 7168
9217 6792
7710 9739
3643 143
5635 8407
2209 1095
7128 2081
6233 3205
6661 178
3727 7584
969 81
47 3504
7992 7745
228 2230
5937 9805
8515 1528
8489 5245
4921 3849
4043 8158
1273 9498
9698 9633
2535 8296
3458 9375
3468 4039
583 9060
2739 7602
5138 7612
9517 1108
5941 2005
5489 1184
7778 3880
3646 2210
3881 4318
1002 5858
3390 7780
6802 3334
6457 3076
1195 2131
4994 4606
9119 2791
2411 7918
9121 3101
4104 1639
913 8150
8165 1074
2668 6600
5690 5689
6337 6334
7869 834
501 2888
4379 7771
8076 3121
1377 8955
5453 461
2096 5951
4080 3922
2898 1292
5385 6123
4895 4555
6860 479
93 6050
4380 2589
150 4333
1757 9949
8259 6475
1673 6522
5186 4734
4216 1646
9875 4779
5526 4822
2639 828
7056 8781
8417 5029
8249 6535
8904 4218
7696 8808
7832 7630
3469 8131
1315 2200
6197 8191
188 1264
7589 9502
845 2472
3455 997
6570 4803
5383 9560
1797 4570
5780 8046
5830 664
5490 4470
1340 5265
8010 7575
5108 2537
1290 9752
6686 9817
3496 9526
4525 5076
9863 5402
8303 9990
592 4662
6339 3249
4390 8838
4246 4968
7027 5104
977 4397
9052 9465
4477 8149
3426 3120
2076 3588
4375 483
6176 3894
9528 1148
9824 6845
2694 8725
3438 5919
4746 6552
8252 7675
6710 260
3992 1543
6238 2139
1902 5449
2709 66
7417 4433
4632 6273
2511 53
6830 1194
8995 9648
112 6800
9866 7611
8865 9889
8684 8166
4595 4972
1428 9009
2172 1799
5224 8315
169 4440
3105 4397
2228 1980
3859 5021
4620 3152
5715 5960
9930 71
5734 3777
5628 2589
279 8329
1307 4984
9610 5433
7520 8689
5540 861
7020 1039
1026 3862
8827 6363
8377 115
9097 5783
574 3001
9076 5521
5922 9891
7942 2430
7602 8038
7370 2013
8542 6612
4080 5801
2501 2978
901 1646
3870 4054
5750 3403
3301 3871
9538 7098
9542 4033
8600 5264
6375 5888
3076 1508
7362 3805
8134 7668
1704 4089
3931 4959
3347 6668
8265 2478
8989 7027
376 7810
1826 5426
692 9376
7274 103
3326 1434
1853 5246
1955 7097
3861 1499
4847 4747
133 9237
2022 593
3411 8739
9784 3444
7927 3689
3180 6215
9408 2074
7751 838
4527 2675
6907 8641
4708 538
7415 2430
686 2840
2813 657
9145 9563
7191 6198
4334 1626
396 4493
4981 9066
1795 2588
5461 6411
9878 7986
494 6988
1186 8629
2721 4361
5832 2016
9566 876
8778 2504
4836 1262
3415 2794
8911 5742
9198 9096
9203 7169
6138 3775
6130 147
6188 6864
5947 3416
3275 3037
9193 151
312 4476
4676 472
2958 5866
1389 1986
7800 2733
8856 2672
2923 7058
1696 9977
4652 4477
1264 6476
8833 8374
4570 4259
231 80
3832 8790
117 5400
8051 5806
4575 4877
8405 6379
4349 2716
15 4999
7342 958
1262 6047
2349 5989
8480 8550
8290 8049
9945 3517
923 7763
8082 6170
151 2310
843 6680
6681 9657
509 2016
5152 9983
464 2340
5178 9605
4249 9191
7229 413
5931 4012
3994 7723
4503 850
8338 8155
2407 5894
6601 5805
8681 5308
4878 8678
4131 6970
8437 1366
9038 6080
7821 2181
9343 8841
2287 1718
1413 9526
4248 9038
1058 3600
4641 7376
3291 4618
6406 7902
8209 9022
3023 2376
8611 4037
3038 7449
2263 256
886 2954
4214 5482
8310 6680
8748 6197
5349 9599
899 2370
3472 2545
6308 7768
7179 4269
6502 6179
1297 7709
525 3313
4064 625
6042 5979
8691 9494
5601 9596
2621 4424
8144 5526
1482 8761
3936 4449
1022 1330
334 2348
9191 8770
1054 7766
890 2726
4060 5740
553 6925
3702 2205
9332 4598
9890 4578
5640 1567
4406 1010
8037 8229
134 399
359 1772
527 922
6295 4438
6710 2075
2488 4976
5376 5039
4990 4607
8720 9345
4766 6617
5466 5304
2018 8609
3293 1727
6683 4653
2230 7410
4282 2033
7447 2457
2209 8231
8357 8275
1307 2760
8439 4467
2910 4618
9518 8712
6689 7801
7124 7183
2349 5597
828 8862
7028 8896
9255 6915
9458 114
1511 5380
5857 4569
5913 3270
3300 6664
203 6407
6963 7818
7923 7658
8730 4604
1252 1522
3846 4874
767 2958
6406 3923
4416 9268
4648 624
9427 6796
5090 3722
3142 1532
2324 4964
423 5337
173 689
5392 9968
9714 504
6978 222
3956 9629
6732 4762
2551 4854
8170 7362
3534 7379
8295 3678
6113 3605
8849 5461
5177 7453
1534 4777
8315 7190
9356 4600
6667 9263
7977 923
1719 1997
5862 4869
1343 8596
721 4920
2675 2141
5534 2336
6519 4068
4364 7582
4695 7566
7189 9033
2415 8920
5464 4872
9250 1809
2809 6394
9967 5004
3642 8485
8408 7390
8159 5040
1279 6762
7684 6302
2475 1253
3290 7365
1847 7310
14 3672
6743 121
3165 8420
6904 6889
1080 3121
8220 3429
583 3497
5097 5834
3222 3036
9903 7176
4463 7667
3421 4108
586 6885
7419 5320
6715 6276
9085 6279
7123 2711
5689 7485
5691 6844
6828 9051
6158 4218
3152 3474
4113 3882
2762 4360
7668 2791
5389 1857
5208 9714
2582 1789
7842 8675
7551 5443
6987 4557
4245 8182
871 4365
9208 7868
3 6672
8346 1610
5619 8980
7090 1903
969 1439
4035 4743
6229 993
4391 5405
760 5335
3163 9924
1716 7761
412 1541
1226 1178
3816 48
8594 2434
6176 8616
2140 3121
3035 3490
3388 7075
7909 1292
3258 234
5166 1373
845 5704
7562 8499
9492 1451
2547 361
6617 7169
6173 1549
1453 8299
2533 3910
9820 4015
9420 5873
4313 4626
5081 2266
9465 8473
7075 5559
6574 6954
5195 931
8182 6751
9864 3219
3741 404
1207 8973
8556 1321
8293 4094
3198 3650
6143 7260
1069 3210
5380 6103
6080 9026
3472 6738
5514 572
3073 9755
4737 3241
7412 4159
5237 4851
2692 4094
7012 9750
5641 79
3094 4721
4049 1108
1413 5315
1185 984
6529 8209
2176 6051
1485 5936
9305 7606
6013 4400
6662 5604
1529 2547
2687 1788
1187 5563
4580 1700
3255 4228
2585 5510
1288 1231
6452 8286
3513 5346
3359 4220
2018 6019
4081 8566
5551 1089
6964 8651
8198 4376
4991 4945
6177 3513
8419 6540
2336 3140
7898 5460
7183 5052
5484 8663
6422 8630
7393 2025
3679 5596
6734 128
364 3065
5168 6782
5885 8698
9970 1725
1779 7612
6970 3020
5595 153
2943 8111
8618 351
2193 3632
7499 7221
703 5378
1606 3394
4647 8194
4957 5045
8092 5592
4957 1021
7950 1327
9568 8515
1064 5790
9928 656
7721 2543
8133 8368
8519 3886
2064 5926
6300 9415
3267 2249
313 6602
9702 1980
3597 2461
5375 8556
1062 8101
2708 1396
2537 670
5422 8776
532 9777
606 3032
1518 1732
3851 8375
3206 2069
4113 3018
2450 9106
7643 3319
229 9903
277 5637
2818 6014
613 8660
5265 6792
9606 3027
5795 779
2678 1708
857 6170
3579 830
4786 4627
2162 9339
4678 2727
3233 9796
7068 5511
91 1621
2436 4636
9992 4632
7834 4456
29 9737
3230 6934
3730 7849
2918 7031
5269 3215
6124 6358
2109 1278
1831 5138
2170 4051
2872 743
3527 1585
3698 2222
1850 1654
2176 2811
4267 2598
1888 8424
8125 4187
8639 6576
5576 1009
8505 4974
5593 7725
1558 9602
3408 216
1290 7330
2010 8527
9067 8698
1026 3957
8727 3307
9792 2680
5579 8760
4871 6660
4696 5268
2561 287
997 6457
1170 4470
8937 1494
6693 7948
9190 276
1131 7068
553 2665
2679 5737
6126 1723
7660 9729
5258 2166
5289 449
935 4120
714 126
5879 5214
6186 4702
4340 3475
4920 2424
8459 6352
1913 4511
9637 9528
721 6483
239 1322
8079 5504
9639 106
1680 1373
4622 5685
5232 8351
8421 8730
1943 4934
2492 3127
8009 7503
5030 4603
6589 7467
1094 8153
313 8686
9802 6609
639 629
7535 995
9569 6424
4345 4030
9403 8032
5342 6675
3755 5429
6010 899
9458 3434
4361 9949
1397 354
1856 3968
2174 3041
8817 2863
4574 4814
6690 3199
9707 6226
2499 8934
4680 4578
8371 2144
6281 6200
3029 2197
6847 7193
4895 4377
7934 4479
2132 9907
7303 2451
4340 9822
7615 6240
1823 5861
7511 2927
5116 2614
8765 8367
1309 3161
1205 179
8153 5003
9264 8091
4373 5661
4806 9293
7580 6929
2425 3531
628 5878
2840 2969
7876 1419
3911 4013
556 1540
2236 5787
5888 1875
5123 3029
2894 2656
9666 455
3441 199
2657 3049
3022 8338
2967 9529
276 1211
5553 7409
8637 4360
9648 5465
2391 8332
5261 7694
4285 6112
4753 3716
7026 366
2741 634
398 5158
5024 7772
3002 3080
6523 6805
5112 8098
6533 9359
8297 7977
9398 1434
1970 2131
7411 9923
6882 8677
116 2857
138 8614
2002 1876
4062 3256
1392 9290
3302 2343
2525 8570
9162 8072
9010 5253
8303 4679
7671 1209
1426 8997
2860 6303
1224 3598
5985 1517
946 2810
7066 4611
92 2772
8584 6101
1440 7018
3048 7394
4072 1259
2145 1174
6852 9890
6468 9290
5721 4670
8458 7980
4860 2568
4918 9141
5163 5794
5649 1158
2814 8273
9876 7319
9598 3939
4125 460
2977 3243
4679 1118
3992 5954
3516 7797
7423 6197
1490 1236
9049 2833
2145 5818
8107 3552
1657 1429
2272 6386
1260 715
7550 3904
9105 1725
138 7862
8493 1639
7406 8611
1780 4619
4500 9220
1191 5075
1497 3755
411 1752
3728 8053
2319 6002
1771 68
5415 601
9494 8551
5589 738
9777 9943
2667 1659
3415 7760
8445 3518
7312 6184
9999 5269
1032 8250
7652 4708
8688 1872
8915 534
673 7929
1168 2024
6828 1402
6903 6830
394 3020
5362 8661
6754 9025
5509 7837
1253 3580
5928 9957
2078 1741
8743 7458
7974 1165
440 7905
7045 2368
7271 357
6864 1675
38 124
8187 9409
2507 4066
3608 7703
5486 4848
9708 1650
7216 4734
1544 7529
3531 312
4811 6702
3006 6930
5374 2173
7660 5974
8458 2047
5147 2709
3460 2126
2926 2438
6829 4690
4259 2505
2177 5480
7009 8024
5760 2020
380 7630
743 3797
6257 6435
8192 7370
9616 8871
7281 9925
902 4748
4903 9660
9143 7917
9821 7664
6496 284
7294 8794
3600 2709
9681 8998
2938 861
428 696
3668 3729
2369 7195
1198 904
3102 793
2812 5721
375 5113
3950 6702
1133 7169
847 9449
3065 656
5801 1666
7107 6593
4423 416
2306 5676
8516 4870
9951 6480
5018 3669
8291 4306
203 9562
3448 2593
8898 2576
1412 7388
1291 7214
9428 3283
8352 3348
4690 5475
3839 1761
8173 9484
2057 7504
3268 5429
5895 8165
8814 176
1303 1655
463 7903
3453 7279
4329 358
6474 1453
6414 6213
1801 4575
3995 1471
982 1401
5827 7388
8891 1680
5855 4757
602 6020
8278 7699
5991 7174
7079 6671
1777 5877
7122 5627
5979 9463
4014 779
1212 6290
8000 8814
5063 4882
7587 9780
2397 1421
5877 8498
3983 709
1078 7184
1607 8031
9784 6767
3441 5334
6315 1714
8409 6106
151 6663
8926 4559
9031 3638
1835 1752
5069 3749
3634 8553
81 1158
612 5640
7853 7783
58 8278
8229 1438
5965 2494
7013 8330
4834 8682
4795 726
8020 9538
3635 3642
2579 750
4960 9746
1372 8028
6628 1641
4981 7427
7803 2691
6991 7594
9193 6823
5487 6135
677 5918
2578 3919
1098 2873
2227 4053
1346 6486
7830 857
1562 8964
9716 1016
2941 7328
4835 5212
1350 6686
4444 1233
6266 1479
5525 8230
4340 4395
9684 2903
1413 6932
9819 2333
5876 2070
4392 2858
4840 8659
3957 2990
7643 1935
4877 7944
5301 1679
2589 4736
6671 9991
5421 6684
5074 1715
222 2789
4192 2946
4884 1827
1322 3310
7168 1516
9172 4569
3452 4426
3708 9990
8948 3700
9070 3233
4370 8286
6533 8928
4608 4617
2764 6935
3781 1147
8705 9950
7821 95
4260 8222
948 3425
114 1029
5681 875
7618 2681
4396 5192
8905 8881
9679 8632
2139 4722
326 6020
8272 7647
1910 8374
3929 7651
7492 890
3359 680
9267 2087
4030 4533
7099 3946
330 7207
5787 3520
5505 4508
7768 6651
8168 5139
8944 8407
524 9670
9226 4228
8784 9593
4197 6591
6238 7979
6446 9558
5122 1318
1417 8815
1021 3536
1339 3925
56 9754
5399 3762
2419 5207
7786 7787
7258 8872
5970 3966
3318 8884
5757 4314
2813 5815
7391 7130
5218 8656
7216 5603
6923 8125
1055 9965
8635 7314
9981 994
5926 3980
242 7896
9533 1405
5843 5501
9547 2474
7573 9201
3264 7688
421 4513
4768 805
2140 6266
7 7879
3703 5766
785 9012
6674 4523
4793 4981
9597 6596
2182 860
3079 7743
6598 35
3412 2646
1935 330
6170 3268
3804 3267
804 5713
7501 2113
8260 9681
5278 4266
589 8680
8487 5746
2099 4371
7161 5555
7466 8470
5240 7177
65 943
136 2242
1620 8499
985 2376
8419 8554
5579 2286
2864 1159
7732 7414
8775 4684
3352 889
7189 4733
2071 4791
8586 3808
4544 356
2505 8024
1908 5491
6741 4317
6160 8997
3609 8983
5675 8187
8154 3708
9429 8203
3374 7514
5265 5855
1764 6475
7860 7274
7863 2626
6546 6003
1457 9869
2010 7253
4484 7177
8297 1323
1387 1957
2144 1414
7215 1091
5088 2829
9072 2388
5830 792
8593 3644
1351 8703
349 2765
4757 2785
6817 3901
6703 3898
7009 5265
2629 8423
8716 1822
5753 9764
9808 6196
2307 7297
1151 906
6197 3133
672 3027
3882 5403
4999 9513
534 9689
4354 2496
9926 7611
6754 2082
233 676
2753 4428
4294 6683
4771 420
6170 8313
1905 607
4413 3163
6557 5411
6296 8129
6697 8105
7410 9886
2759 9862
8316 910
7430 7021
3046 7252
1059 13
1835 1970
7506 5298
1291 8926
7638 4500
1322 559
4275 4523
1457 4430
2557 536
3912 9394
280 7635
1118 2111
9208 8143
8111 3831
8152 8549
6967 2257
2336 2335
3436 5392
2187 9027
9269 351
200 1816
6696 5645
1210 6754
4314 4570
9973 9749
2536 2431
4742 7477
2087 6533
8195 3459
8923 6638
9739 6417
3227 8545
8503 422
6591 1796
3100 7481
1844 5612
6480 7709
4234 9231
730 59
2530 4854
8145 2691
1963 3148
3106 649
2845 4739
4189 3359
628 8800
8058 4289
3044 5162
3964 5393
235 9142
5185 7241
8964 4962
266 8939
4229 4815
7970 2271
2702 4584
6504 5493
1205 1732
1233 548
4229 8618
5834 852
4768 9831
4516 9914
2064 8504
5133 5768
4413 234
4783 8819
415 6408
7155 6569
638 2699
2017 1152
9407 8919
7973 1816
6093 6660
2552 8502
8957 6731
1788 4484
1812 5607
2840 353
5112 9632
8919 6681
4693 4597
9290 5417
6254 7808
4923 3314
5319 1002
8145 8183
8385 8797
2949 1123
6127 3763
311 5712
6994 6141
1019 9031
2902 7290
495 6090
8680 3108
7328 48
3143 6233
6048 4922
3534 7635
399 5199
610 6389
4480 6142
4249 8467
3990 3602
6486 7226
6739 7243
3204 4683
3709 8893
2118 6849
244 5797
2814 2236
2728 5847
9705 5583
7910 8286
6935 887
624 2842
8657 1050
5122 8591
4793 6522
1467 1856
6371 3549
7545 5683
403 9105
7062 6100
2815 9568
4746 2802
7372 2298
5311 5260
5175 1580
5130 2350
3848 2151
7938 4710
8714 722
3326 1147
774 3342
7460 7478
1275 2290
3768 4903
3885 2307
4534 1024
5932 476
8518 9047
928 8971
6297 6022
8845 5527
6263 946
3998 7558
6237 9727
8812 4667
5735 2799
6173 9021
4548 822
8326 4485
626 9687
4128 5790
701 1684
2114 2901
2874 9617
4189 3227
5978 3156
8745 5571
9276 6770
9560 9358
2903 6437
4340 8394
9971 8552
1859 5740
2959 5590
793 1129
2348 6481
6804 1281
2806 442
1708 3725
1259 8026
2227 7454
9899 3922
7967 8447
181 6024
6264 8882
321 5308
1396 8677
514 2228
61 7064
6538 4531
7996 1986
300 6465
9245 1363
5312 8756
4914 8893
3758 4894
9871 6012
5658 8864
9378 7404
8146 7988
6664 6392
1092 6770
7160 6970
6967 521
9056 6794
4219 4071
3543 4906
2707 2285
6970 7106
9804 3223
2439 9307
3327 709
6853 3407
3505 9939
1176 1455
4759 672
1832 1499
5898 2814
9220 6701
4261 4624
9949 8387
4372 1117
4520 1370
7384 746
3863 8807
3165 6126
5258 2091
2508 2527
9452 7145
6853 7612
8104 5714
6266 4058
7545 3582
4649 7678
142 4024
4333 8211
9686 597
2139 5129
7731 3342
6458 2995
1548 4381
6155 1714
3490 8694
4107 2659
3616 8977
7960 4918
6163 17
4642 593
1004 9480
5340 9879
2949 1199
7452 187
3471 8984
3740 5455
8500 2464
8694 7314
2482 8098
572 9554
5333 8945
5776 3142
9735 4640
1067 6026
9079 1979
2685 267
9709 275
9391 8551
4732 1906
4710 3504
5319 2926
8486 9555
7098 3912
1894 1071
8721 3746
6667 1404
5088 3410
2408 8113
1403 8326
9098 1311
5204 9062
5048 9928
574 2080
8328 4135
5403 9120
6349 8909
2992 4574
1784 675
4207 8114
8793 368
4097 8617
2141 8558
2692 8265
4974 4243
3908 2737
9894 8153
7948 4565
1140 3639
7979 2294
7669 2468
9805 4111
9374 1028
5765 6413
7002 9260
7501 2075
2284 3136
8086 5495
6772 5494
5053 9858
5346 4935
6831 1803
1670 3169
3351 8556
9662 6283
2733 6979
9865 8184
8044 58
8484 6727
5806 973
2923 7219
4329 186
5402 2065
772 8892
6221 2753
2156 9991
3233 1699
248 1616
801 374
654 4908
1723 5598
4887 6336
8284 9060
3700 7868
3869 1182
2055 9315
6209 3626
223 5761
573 8349
5555 2085
7803 1798
9666 72
4156 9794
7149 9929
1614 5321
8885 7949
4901 3379
7196 9147
9313 1694
1756 1712
787 6801
5607 6013
3330 7626
6238 1561
2329 3324
9678 8540
6712 137
5805 5732
7896 8853
649 9878
5415 3004
7019 2651
4075 5240
9163 124
4896 3483
1708 7099
3148 106
7722 3622
2383 8032
8864 9694
3356 7308
1399 2505
1253 8643
6142 7771
5080 7011
5178 6837
2177 3046
9296 480
5481 5243
5707 8767
3074 6834
6638 2305
9991 1015
1296 8866
8595 929
4847 9986
7927 2154
6098 8240
6071 6257
3427 4854
7994 575
1956 1223
6981 7060
8911 3446
8266 7945
4517 3435
6683 7084
7273 1949
39 4991
8303 9448
7561 8841
1167 5015
9495 4284
7869 9757
2436 7205
3239 7854
6330 7338
1220 2778
5833 8543
7654 2593
6071 7483
2348 8129
8075 4789
2823 3600
105 2031
2736 9928
1398 7914
5459 6319
9327 8255
2520 2026
5178 4651
4192 1502
5705 9168
7053 8116
5617 7756
2924 8013
8420 8024
4651 3685
213 6258
645 3623
3310 8078
6135 1758
8187 6963
9290 749
8085 739
9149 1784
6325 9155
9022 8834
3127 3576
531 9951
8387 1319
6320 342
7488 7263
6246 7630
2411 5830
9187 7104
2849 595
5700 5958
6139 4375
2634 4664
7881 1082
8281 6381
8712 397
9398 5035
7200 215
4389 9673
7210 4940
5124 4364
7672 4206
7231 5672
7180 7477
6004 7253
2848 9711
5129 2215
6806 803
3646 3390
7066 6799
485 7285
9750 5201
4557 770
7274 2755
7453 7210
5246 2096
7877 419
268 6638
8688 2818
4892 5742
5505 4881
2174 92
8082 4059
8536 95
8632 5009
3441 4242
918 3224
2887 5624
7507 9522
5198 7589
1021 2065
4517 6031
2063 4666
6255 4333
4702 3881
1300 7383
2986 6724
8581 8964
8488 6268
8101 4410
7291 6700
5556 2728
8359 3777
2707 5857
8700 6581
7756 3536
9828 1772
7333 3144
9452 3610
3444 5807
8188 1676
7900 3533
5936 815
730 3524
2079 9491
5342 1536
2623 8639
9476 7178
4814 5248
6197 2678
2683 6157
8522 2240
2641 3778
4136 2156
7636 6850
1378 2792
2478 3345
3419 4882
5362 1966
7662 6183
2087 9612
4539 6373
522 2371
2891 8331
5571 1337
9619 9143
287 2730
131 4602
9323 4130
2164 7550
873 9775
3874 8175
3733 3928
8645 8315
3696 6432
4831 1442
5373 4200
6216 539
5111 1844
41 5706
1666 8644
1615 5521
7921 4937
8286 2642
3439 1613
8292 2983
3438 8786
2593 150
9568 2879
8903 7472
2580 4327
6867 4891
1455 6289
873 2888
5882 9735
9806 4775
661 4668
5011 8845
9261 6429
3388 2355
4090 9349
2961 6114
7098 1553
3903 2478
5409 1127
6062 6183
7895 6704
6121 4183
9600 7750
1523 1720
3518 9779
8025 8407
8032 3035
7492 3601
6772 2504
9910 793
9107 4429
896 1371
3672 5659
5566 2091
2425 5443
4065 2800
1578 1738
5175 832
3134 9080
7283 1261
1746 2417
537 5351
9768 7354
8695 8505
9549 1234
7911 3280
2123 951
9749 8601
5865 3919
280 4773
3449 8770
2051 2366
6731 1896
8032 2160
1459 8280
7560 2714
2222 2096
1486 2625
7823 9379
3844 6588
3801 5410
4575 8599
5593 8018
831 1973
9835 3370
941 2065
6367 1026
662 5351
8297 2456
4099 169
748 8368
517 5266
235 8152
149 9033
3522 1322
6085 3434
2132 6939
7143 8678
3319 3310
8326 3205
5573 8144
3677 5069
7174 9984
3992 1250
460 9260
2566 9226
6898 1029
5871 6565
2928 4401
4137 3509
9646 7476
4567 2102
6494 696
1975 8455
1448 8452
9205 2850
6614 5851
730 4066
5687 4187
1752 8807
4917 415
6325 2691
8108 7158
825 1385
643 6872
1134 269
5554 9237
6673 6613
1454 1620
5620 9274
5634 9499
9346 4263
7210 6503
7551 9773
9799 7018
5491 3069
3183 7870
90 6582
8440 2569
3146 6370
3606 4113
769 5940
4152 5565
708 8735
10 772
9858 8863
6687 2279
7257 8265
677 5588
3853 3668
5577 7528
6672 1255
4944 3730
26 9417
56 3841
5832 8267
6476 2824
8992 5962
8760 917
4408 2665
5806 5324
7943 4103
263 5670
1699 2118
8325 5077
9378 2179
4003 8131
6480 8655
6853 5254
1509 4498
1676 1933
6077 330
7464 6652
5414 788
2305 2030
6086 3685
9139 4728
5424 7102
3300 4493
6847 6246
6363 6105
7051 7988
8496 8546
6073 2582
9515 6361
6116 1264
4272 9170
9549 8917
9707 7131
7800 7298
3531 9872
1496 8018
1501 2636
2373 7787
8419 2563
5691 5558
9624 7983
7768 8482
6366 4571
766 5411
9722 3689
1387 7135
5101 9304
6506 959
2691 8665
7285 8868
5817 9646
8970 9539
165 1254
1601 3604
6053 731
4315 1355
615 5348
6539 6273
3954 8045
6310 2364
1750 8967
4101 5339
1992 7529
1572 7418
4099 9930
8445 6826
169 3682
2184 6559
4688 1797
3765 4326
7687 4087
1199 7442
4152 4687
3090 3209
226 6411
7556 3164
6361 543
5130 8723
4668 981
5365 5692
3610 5359
8017 3243
2274 547
8364 3465
7747 2877
6609 3607
2223 9372
3876 3720
9858 3603
4650 3810
6581 1918
7725 3129
7153 8583
8382 1915
1988 8957
2380 3580
6973 1429
8600 3491
1571 8866
814 6213
8118 9060
3557 7383
4368 5240
7768 1247
6282 6350
8648 7065
6215 788
881 180
6846 1540
4758 8521
5283 5307
1994 4200
9862 644
6537 8752
1204 8745
2980 8729
9604 6713
4036 9865
3257 1063
1712 8915
9907 8565
8127 1313
4322 1926
6684 2044
9563 1022
8614 2356
9301 1127
3878 5888
4239 4705
3841 1551
6572 7421
9138 9928
4383 5806
3772 8367
2065 1910
66 2117
8036 7073
6319 1065
7559 6335
1657 2276
7244 1893
6717 2021
8879 2386
3834 7384
847 2316
3464 2231
5526 682
5232 7149
4453 8264
505 9840
9241 7330
4884 7614
4476 5567
8973 6470
8551 6650
3877 5370
4840 7821
2758 1331
9997 3775
7696 6287
9989 5562
2064 6387
2634 8323
8551 9335
6223 9218
5250 6977
5879 5133
9377 9026
3802 9556
3524 6982
5613 5985
9569 1918
9547 3493
1251 2036
8472 2525
3783 5748
5337 6765
692 9569
2088 9961
4492 6542
4220 8593
8621 564
8977 6731
3167 3937
8946 8671
3123 1108
8458 2846
4636 1123
9392 7143
9221 4632
4252 5132
594 3568
6630 5446
8117 8881
4777 9345
6935 1893
6565 1812
623 3183
1380 7973
6433 4536
4208 5038
4848 6375
2488 2377
9334 8684
6265 8481
6975 953
2516 3657
2795 3836
7008 4018
3396 9263
8205 6198
1221 9954
6649 8422
5119 5394
9326 5768
3063 9704
9764 2762
9978 6316
8034 9845
9155 9469
5621 2219
1418 4299
186 6501
5893 7798
3556 9550
7284 1271
4670 6058
4397 8949
9211 2003
1396 2226
3681 8786
7823 7166
1970 5190
3194 7223
7023 1480
2639 9551
1903 5184
8873 2563
6541 5544
9986 8231
6620 8795
7499 9551
2541 6461
5493 9756
2493 8156
4519 7630
1157 3756
4337 4866
3207 5764
4355 8992
8533 1104
5809 9596
2934 1206
6367 7576
1671 1537
2267 6828
7134 8787
8556 3055
961 5901
665 3338
5431 9611
5612 6327
2701 2606
4622 3411
7671 2102
7292 6064
4016 1899
6184 4836
8283 9828
6560 4280
7279 7319
5732 4221
3604 6381
8257 6664
8787 7788
957 2530
6615 9662
6219 347
4248 6144
6430 6316
3445 2051
7199 6142
8437 1448
7880 8225
3381 9589
3177 5042
1835 9606
7508 2304
7167 1020
4424 7234
5304 7590
3941 1431
2669 9018
8404 4864
1329 116
6318 3053
6906 9508
2685 8921
8427 2385
3187 2339
5314 3220
6033 6970
4904 245
740 9362
1883 2802
4741 6926
7965 3260
7892 5083
4553 626
4837 7290
4600 5922
9586 4290
2413 2772
8386 6586
4841 224
56 1498
9948 2381
5055 4432
3408 5764
748 182
6620 227
6465 1312
4657 4155
4856 8855
7803 6854
2590 4818
9876 4985
3136 9246
4032 1469
3920 3791
4716 4292
6994 314
4889 4747
4506 7753
9179 8494
7961 5562
4797 5233
9447 2234
8328 4702
9328 5391
1643 9281
8429 4711
6973 2175
3616 114
5535 7611
7808 5426
7774 8635
1738 6385
158 581
999 9052
8471 9738
4531 1165
5342 6232
6291 9253
8876 2807
8906 2179
6646 4712
810 9249
6340 7907
6256 4975
8544 8935
8184 5099
1178 4842
496 4385
2001 3924
6043 8036
6979 3842
814 5360
1142 3254
7723 4038
5693 1010
6592 6413
881 7068
3988 8604
3695 8241
5930 6596
2447 8236
4998 506
1559 7277
6296 7169
2674 2579
5591 3102
6773 2089
5126 3904
802 738
1770 1897
5003 6942
3562 8624
6227 5508
9983 5959
9688 5637
5312 8240
2096 805
7895 5423
7621 2235
6987 4359
7835 1684
9391 1760
8871 8904
4967 8536
5796 5399
3204 6856
8620 7028
7193 9601
7895 721
3381 7558
8735 4269
7108 3939
2298 8319
7578 3737
7471 5217
6203 522
7581 8514
7319 8564
5637 7995
6662 6218
6782 1395
6542 1129
8913 8304
7175 10
2538 2314
5692 5744
4215 1198
8494 7085
4623 7466
2512 3834
953 635
5168 1629
1990 2296
4737 7145
1208 7450
9870 1237
1828 5809
8727 8675
6636 1699
232 3410
7887 5496
1307 4530
4033 320
7804 4082
2115 7141
5610 7085
8041 2671
349 4011
4726 748
5970 2527
6942 6566
3798 6826
1815 1403
3008 3467
7779 2658
3924 2248
4775 1162
2794 6800
3735 3794
3135 1249
2013 9631
6723 9000
454 3188
3731 2362
7220 468
1560 8426
1530 2245
5077 3348
2922 3314
8740 2591
8580 910
4530 3849
756 7038
7424 4961
1752 9855
3146 5328
2485 5436
7796 9159
7774 6347
945 6298
2593 6904
1410 6295
9087 972
443 2404
1623 5919
4566 3164
270 8375
1755 2708
564 8085
2326 2069
6594 6256
1652 4076
6720 2815
3547 7810
323 3852
1808 63
9822 8375
1664 1533
282 7648
6394 955
9773 3481
4473 5578
8167 5257
8876 7501
4140 2039
6045 6707
4661 2334
1304 6580
3872 1899
3475 7221
1714 3231
475 3796
5732 4943
4413 9541
1309 2627
3609 5302
2663 202
2279 6801
4813 6847
5742 4112
9847 8612
2080 1282
7585 1418
7333 7500
2484 5191
1895 5269
3974 4663
360 2180
2750 2469
3465 591
287 3452
3480 3242
8246 6881
8525 540
7788 8068
1904 7141
7724 6905
9568 3615
2677 4069
2704 2105
6281 6687
9450 1999
2525 3126
2847 4751
5777 613
2471 8367
2780 3891
490 4912
9783 8678
8307 6848
2464 6241
734 7804
1778 6352
9263 6827
5326 6454
9245 4004
3323 5002
6086 3854
1398 7824
2707 4776
9744 1625
2502 8103
8298 8754
1061 4425
6485 8626
6699 7013
7960 7941
207 3226
2129 3835
6099 60
3291 6083
1441 7459
7768 260
2350 8437
2914 8621
8089 2404
6985 10000
1466 7410
5262 9039
3065 4244
9599 3980
9981 1256
8672 9928
2963 6046
7137 6189
9394 8313
5907 8841
2079 3872
254 5872
8336 6911
3585 4985
9868 9999
2877 2618
6354 5570
2296 7512
1255 3862
1694 8976
7875 5658
8160 7916
3871 7962
4350 1372
3655 4693
888 4335
2518 7034
3338 6087
623 4185
6260 7397
1660 7895
3743 7199
2874 8844
843 7403
1917 4161
335 8166
5941 6435
5143 3392
7363 5028
8176 3008
486 6476
5302 7701
7959 2728
520 4087
6113 856
4920 2374
6798 6447
4615 6083
9036 2875
7366 6758
7851 2182
334 5871
7869 5127
9649 4569
6675 8726
4492 1678
2371 1741
140 9287
5804 4713
5849 6561
5683 5348
5356 1591
5718 3464
306 4574
6842 4326
6067 680
8767 4508
2007 6138
1891 4451
2038 768
1818 1821
5303 3325
8577 8632
3551 1239
2987 9926
9506 6151
4822 2377
9436 2925
6591 3403
7196 4628
6445 7637
7119 3176
8408 233
91 8437
3304 2783
7037 1336
3178 4607
1400 1889
6545 4384
2439 5294
9152 4353
9250 5434
462 7044
6776 6047
1661 6179
5475 5780
8822 5984
5846 496
4898 1796
36 5512
5099 6620
4105 1991
4110 8247
875 4656
4096 1330
5003 9155
1335 4645
7293 5174
7264 3946
4618 2579
5557 8128
875 3604
7152 3239
9321 5131
706 4585
3934 7913
9357 7274
7738 9644
3725 5809
3135 7610
8857 1029
2462 1355
4815 2547
5848 1121
4440 490
2139 4565
2898 4148
6977 2559
7715 1820
2124 6800
7850 1779
5981 3599
3690 9139
3782 3227
5128 9040
355 8413
2055 6594
3083 6970
4390 127
4670 9486
9781 354
7783 9846
7670 5835
8931 1191
5813 5157
4942 417
4021 7044
7852 9845
2709 3477
9853 5927
95 5111
7300 3624
1313 7938
377 2172
1516 9753
3502 5357
2658 3908
5101 4940
3050 8620
9214 5863
4792 6816
375 2265
4843 2412
5999 4634
5972 1191
7554 1237
9904 5540
4351 8652
6918 3374
6593 4709
636 5577
9464 5
1112 1436
7507 673
5631 8868
9276 835
9058 313
2584 3201
5129 8705
3872 6645
2065 2218
3846 1386
8693 7906
4508 8161
9712 8370
9512 3624
8780 7529
3881 4500
5269 1627
3107 5112
5208 7475
4246 3370
5974 19
3449 7092
2411 8146
9432 4678
9702 9887
3807 4227
3034 2514
4309 1233
3633 4019
9883 2191
7239 3198
7712 331
5224 871
6454 5760
1968 9571
8513 5642
5085 526
9830 3736
6108 4055
6651 2710
6981 419
1271 229
8079 6551
9535 5138
642 3876
1939 6004
5068 26
4283 5089
3342 3722
6718 4750
1839 7030
2503 8126
2824 7938
1381 8871
2090 2681
5777 332
1080 1906
7515 323
7362 2961
7914 1956
9894 219
7907 774
5981 4935
2672 2807
9249 3217
3538 9485
3531 6223
7580 8247
460 1429
1244 4550
5622 8542
9786 8440
9724 7313
2259 8544
6374 8976
5045 2995
9816 1151
4535 4107
330 3724
2780 4480
4852 4493
3927 4554
5585 6816
9948 6657
8809 2231
2920 4054
8962 1153
723 6729
595 1624
3756 5209
4299 1886
5583 2640
9084 2162
6037 5582
2006 6799
1549 7486
3815 325
5345 7173
4301 2241
719 5880
9062 7550
1040 6610
2736 1970
4702 6110
2017 9271
9595 8569
2505 4278
2447 6620
6689 6758
2350 9427
4567 950
3036 1777
9309 1235
5730 4535
6102 2848
9864 1127
5905 2351
1634 2399
6443 3063
8956 9259
8788 6798
1060 4600
8269 2062
4714 9457
4319 9603
9521 9854
6837 5947
7831 3837
3099 9692
6304 7237
4645 7156
8495 6585
3128 8439
3837 3852
8992 4651
5194 9170
2498 9225
8226 1714
8245 6091
1278 669
6798 1753
1644 7453
882 8554
6549 8496
2395 5846
4500 7841
2979 8651
679 3587
8249 6714
1838 3570
4480 7339
8325 3521
1948 2160
1733 6554
8157 9698
4193 6543
6327 4077
8757 1652
4893 4227
1168 2645
2576 6336
7324 9879
5095 194
8728 7710
4108 7697
811 2857
1009 7344
7302 1400
5480 2737
6486 9534
3845 4883
9655 1435
1670 8037
6789 8563
7005 2349
6805 6027
5215 6464
6883 9795
5469 4708
3386 4539
8195 6031
2577 348
451 887
2692 9694
1136 8575
4650 9781
6768 6032
2931 4381
4552 7437
247 8011
7217 2759
2 4906
1415 9045
2972 7708
6571 4065
1243 3775
1278 4510
8367 7440
2178 584
7262 8130
2799 799
9012 8188
209 5446
4538 2565
7398 2311
5296 551
7770 2934
8690 3137
5097 601
4409 9269
978 6986
8856 4838
4105 5060
91 8437
9990 418
6481 719
4690 8835
8814 1553
5923 7426
8011 3330
5162 7841
3788 2616
4464 5032
5031 488
3488 6929
3546 4238
8077 7737
3852 9258
7924 7747
4537 5226
5961 1907
5324 3862
1928 4237
1389 4468
5636 8579
8696 3228
6553 6397
5546 4193
1634 678
2462 8626
4169 4450
7242 3484
1636 9437
188 9973
369 2965
5334 8406
8718 7971
7799 7353
1102 9866
8664 1250
2594 702
6687 6282
831 8449
6701 965
2211 977
2590 3395
2043 7195
880 6819
6883 9183
6168 7685
3438 5474
2402 4006
366 3800
2036 7246
8249 2592
482 2890
5603 5733
3592 740
2810 7964
7341 6015
8626 1643
1210 5487
6497 9542
7411 7785
2220 4850
5263 3480
2977 1071
6690 6011
1057 8448
1233 6048
5363 3229
53 2120
2595 673
3815 2986
1926 1050
2411 1398
2546 6425
4096 2649
987 6564
4610 554
5034 5757
4344 4214
2068 8028
5320 4513
2382 3537
5575 2425
9127 200
1303 2827
1021 9795
8285 2567
9883 4456
2509 47
3054 9
2128 9414
6480 4976
2864 3818
1046 3810
963 7835
5159 3432
3632 1859
2362 5665
9685 1026
774 9137
3175 1451
4160 4546
8046 5613
4464 5819
6527 3805
4657 6027
6983 5056
8222 6097
7550 1473
1102 8623
2060 837
9599 2424
5984 3324
1418 1005
4918 6548
6762 2501
3417 6114
9413 9854
349 8241
6061 2115
7385 4158
3252 4519
4081 7770
542 689
23 9495
3563 5053
8753 6554
4491 7981
3444 9870
1056 1329
3577 9747
615 3021
8282 6175
7793 1710
1758 9750
6014 6855
3008 7923
1198 25
5959 5354
3499 2982
2569 5026
5038 878
9935 390
2739 8837
4746 5014
1273 3173
5819 8615
6728 8765
667 5642
6842 16
3768 7616
5066 9443
2362 4730
8149 6009
8323 3039
7392 5234
6331 7249
3849 7014
9149 2241
6735 6141
328 2392
8893 3201
1532 872
7494 2814
537 6683
4541 1441
8257 7096
3249 1782
5578 3070
8291 7844
4007 6251
589 784
3843 2818
1012 9848
6304 8690
3460 2213
1191 6073
1113 9677
7095 3929
6166 3909
6587 6666
3413 7811
700 5182
7365 1510
7330 4743
3943 7493
363 7680
9661 8572
4366 7959
1169 616
1297 805
9086 5451
8442 7223
3031 8707
8802 9943
5214 4340
7115 8619
1090 9614
4530 7926
2693 5185
4183 9070
3158 6357
4908 7431
9489 5740
4909 2425
2530 8363
9540 9893
6533 8117
5785 3024
1595 8457
3094 987
3033 7438
3815 3228
3125 2312
6377 4332
8781 3825
8777 1415
8593 3690
4863 5466
4423 4180
4378 9260
3889 7823
3192 3307
3323 3951
7665 7522
5114 70
4180 3378
9996 5575
9423 7998
4163 2167
8693 7874
2769 2093
7033 3560
6052 5386
5692 5140
5865 5699
9391 3583
3757 9801
9117 909
7656 7338
1972 193
9325 3507
2617 8973
7397 9683
2970 601
7724 5441
3342 4889
3472 2401
8468 4733
3275 9898
5530 3730
1299 8151
3508 3298
4607 9896
1389 3142
442 8784
5167 6049
6559 5028
2867 7595
6896 604
3139 1528
2441 5725
7783 7455
1656 522
292 7478
7309 5873
8364 8663
5029 5953
7372 1426
7979 9440
532 1580
542 8645
4454 9213
608 7787
7930 1926
5093 222
8233 2165
1609 7847
768 6338
6000 5253
4974 6335
3874 8374
2212 9167
7406 1916
4852 6606
1124 183
2068 2929
1661 3881
8673 6063
9690 7384
2838 2366
2657 7000
486 9418
8321 4212
3430 7285
7991 8035
8596 2590
5327 2798
3352 3899
7195 1532
2875 7304
6384 3051
4704 6355
826 3094
3581 2582
373 2014
5729 7001
3387 6897
3137 8383
4660 3629
6420 5890
356 8135
2587 7447
6013 1056
5934 8345
3806 7064
5888 9118
9954 7466
1440 833
5867 9170
1597 6618
1796 4969
9493 6746
6054 8424
3483 8421
9718 5814
2203 9431
2436 3520
9157 2016
8290 6110
8118 5084
1544 1902
7230 2667
3825 3690
3669 1439
8369 3104
4226 623
7894 8385
3881 936
4265 8801
6574 142
1724 6779
1844 4658
5107 8758
9913 1051
5855 7587
4360 4222
2980 3178
9588 8784
9213 6122
6333 6444
6034 4631
7130 3466
10000 1846
4896 3956
5874 3337
6013 3275
1934 5389
3653 9755
968 7731
8119 3479
3056 4975
8619 4228
7483 2823
6135 6761
2889 1833
8220 3667
1397 4852
8920 2275
9125 8778
7918 7575
9044 7578
8312 5403
30 4314
3502 473
2170 8020
2522 1334
4295 2192
810 7144
2433 6089
1823 9662
399 5940
4277 7215
253 5076
4850 6850
6234 4218
9979 5292
2414 7898
7529 3973
9281 6114
5566 5536
6942 8724
4601 342
2695 3002
9006 9691
8466 5495
5083 9641
1660 8411
3772 6166
8144 3466
2728 2346
287 6704
903 9272
2834 724
7766 4168
4478 8860
7135 6610
4782 7188
10 9195
4899 9258
1522 5375
2786 2617
549 9594
9477 9475
165 5623
1191 5766
7610 2082
7602 507
7795 8952
2534 7821
3765 9406
9313 7517
7758 9377
7076 6787
120 1325
4463 7844
7851 9120
7927 6611
4046 5122
320 1853
3263 718
8394 6109
275 1899
1240 9902
4669 1888
2923 2176
5795 6258
4345 168
5064 5969
5965 797
760 9266
5926 9826
7024 9240
9492 2798
8556 2048
7434 4553
7326 4295
4187 3750
7697 2306
8133 8869
313 4578
8711 524
9906 9306
1606 1037
3531 4327
5499 1598
2543 3090
1705 2042
1291 4180
2257 4637
7068 8053
3867 6335
4853 490
4012 6387
6267 9365
6856 1857
1870 4148
837 1719
769 4563
7360 6609
6113 5818
1130 8022
9491 4979
8708 7354
2492 3437
6258 1223
4859 4696
7695 6045
9882 171
1878 4876
6878 9138
8347 8887
5053 2848
960 5600
5131 7664
6686 8721
7608 5737
7655 5029
1637 4129
3472 9479
8277 3214
9686 8912
9982 8234
8879 7357
7301 7040
380 3407
8015 1533
536 1967
4301 8256
3287 6321
9533 3797
7659 6162
671 6877
2293 7113
6413 2537
3542 1684
1970 5355
3598 8939
2807 4648
6464 6968
5487 5294
8497 312
3973 2208
865 3778
6339 9273
2432 2414
1009 6032
998 756
6259 8793
6814 917
3638 7256
1667 9804
6419 124
9024 5357
806 960
5307 3534
822 8165
9066 5986
6858 6201
1948 1917
2963 9220
2074 3984
3914 9160
8095 3527
9886 3831
1204 5546
7849 4350
2729 7459
9104 4858
1130 8040
5485 3663
3039 3520
5818 2513
3162 1498
1515 3968
1391 9426
6112 5099
1823 691
2748 2259
884 7662
5657 6315
4926 9354
6560 3034
9043 3784
7081 4974
4703 4509
593 6306
3687 774
6106 2368
2625 2618
6605 6224
7764 6724
2262 528
7352 5514
7415 5674
6718 4165
9085 4342
6654 5547
3895 6098
9270 1159
4656 9793
3890 1594
3269 6526
6300 5528
3925 860
1691 7558
8570 6474
7712 7991
8982 225
3417 5967
4838 3671
3891 7020
1678 7170
4873 5604
7821 74
4764 733
3258 276
5360 1895
1900 9046
3881 2601
8083 9874
697 1948
4470 4631
7051 8370
4473 451
814 4532
3771 7039
2994 4398
8365 3146
2221 3135
665 3295
7165 9700
5622 7516
9782 2611
8421 4481
6393 7313
4949 6303
8277 6154
1266 9403
6961 6527
3708 345
7308 5850
5872 768
9005 2319
790 860
8606 9755
1038 1512
4500 4697
3131 2397
1619 2388
3153 7654
4499 1316
2297 1880
8709 3598
1766 6802
3969 8308
3634 7046
4641 9454
7029 7897
7517 3576
4275 9109
7949 4196
9881 3622
9902 674
3080 6308
8052 4547
4253 4494
302 5482
4867 4134
644 6115
9990 1605
3126 4006
9065 8450
8466 8601
1983 2723
6648 7822
9173 692
3195 2448
6759 4350
5020 2631
6235 9243
9659 6277
4836 5
283 8426
3575 1092
643 3686
5490 4338
4642 2984
7347 4614
9582 6366
8136 1245
3827 8336
7510 365
1814 5648
9048 2988
2649 3203
3365 4794
3038 2661
2011 1299
6628 2555
6744 4321
9742 2424
6079 4751
4635 9777
8565 4784
2198 4212
9942 1014
8769 9219
9492 8102
5851 3782
4166 9564
9562 4178
8694 6620
1461 9070
4844 9691
448 4520
8269 7473
2633 9727
1700 768
5505 3150
7000 5811
5690 1191
7964 1924
9588 2519
6271 3509
9658 9187
3024 2834
3616 900
8854 934
2854 5981
4384 1809
2017 944
1876 2224
6064 2475
4173 7055
9550 9320
4412 2442
6641 6148
287 4532
1187 7226
5068 4946
1512 6600
5903 4608
1821 2509
1804 1375
5403 3884
9478 2088
5419 1875
9557 8455
910 7171
629 3800
8387 9691
9351 1855
7823 8346
6911 8576
4884 8793
7955 5271
1633 886
9119 1122
8123 4659
4477 5617
2710 6152
1110 7361
433 124
8823 4649
9603 3136
9993 6447
4190 4368
556 1541
9657 3212
7832 9509
7776 6425
4738 3587
5733 6286
9800 9427
7826 3129
4825 1490
1310 706
9378 9091
7589 3818
8507 846
6740 4942
7739 7670
8381 3050
7336 7165
5894 926
1376 5196
684 3120
929 4889
9485 4016
6682 4986
8324 8429
2692 619
4628 4981
7307 9015
946 4511
5283 227
1134 1612
9912 8581
801 988
7485 2544
4995 9577
3959 4496
3432 5734
5917 6862
6556 2809
8858 2443
1125 2845
4860 3424
4123 2126
389 8
2892 9929
4902 9982
3988 5446
2971 1041
1664 9610
1595 2163
2880 1319
9300 8813
295 8384
6962 6101
668 2294
1576 4102
8286 1940
11 1329
8799 2266
8500 5837
4432 6755
7986 8485
8578 6986
6944 4396
9394 6969
5655 4464
8941 3712
5377 5702
7997 5141
3187 266
1247 9999
3604 6826
159 959
3259 3049
8892 6223
8049 4799
6277 8981
3510 453
2144 8422
9892 6309
5486 5991
1236 5197
9690 9835
476 526
8279 376
5753 4920
1078 7086
8653 2071
6092 4562
1048 5285
3912 8342
3537 5821
1891 2259
4520 4542
2817 22
3410 7987
6527 3173
9212 1538
2389 2483
7184 3959
5689 3938
4920 2242
3881 236
4437 4508
4413 1495
4866 5904
6385 5035
1782 7077
9141 4687
3005 3082
7641 9574
9039 867
1723 790
6523 1486
3821 1323
2012 9264
4480 2360
9959 6266
9578 3135
7675 8539
6930 5994
6318 187
8953 665
5615 4705
7553 5196
2540 1145
3536 664
3282 7988
5768 2101
9485 240
5295 3701
7023 2512
1341 449
9083 4578
9765 5534
4393 6751
8737 4763
8044 7384
7781 6402
4621 9104
8071 7510
8407 7697
7481 5875
2539 2297
5097 5101
9346 8726
8269 5282
2291 9752
7651 4875
5131 1449
5869 7155
9409 2577
5566 2520
450 4120
6819 8528
6654 9951
4235 7847
2182 2075
9465 3856
8324 2489
9523 9325
4784 4944
3962 6711
183 3247
1601 2460
8144 3796
6903 5301
7095 5583
677 1732
8108 8324
9428 5163
1494 9507
6475 8491
7117 1530
2800 7078
40 9147
1071 7798
6556 7978
4528 9911
4341 4971
9088 8131
3961 591
8555 6204
5635 4210
6467 1299
1766 1241
7431 8215
5347 3551
1987 5040
7319 7766
6011 8802
1268 2675
2628 7910
3135 9322
9250 3823
2717 9080
4658 8840
5104 9891
6964 9860
8330 5817
3480 4552
6643 9100
2096 7446
4693 8077
8779 4580
3544 9037
8818 148
5352 9559
787 9426
5192 1266
4126 1886
6851 3521
8129 9643
2455 4219
8347 9285
9866 316
4872 338
6446 86
5478 6368
3474 4341
6941 8768
5996 8833
9403 7359
1315 2843
5598 8929
775 3276
3808 6277
6316 9219
4958 5126
8145 2970
5008 4954
5249 3252
5675 4201
6990 6402
7341 6448
6417 4828
5475 3636
8984 8527
3758 3701
2949 7822
6143 7633
2166 4950
5260 3538
1801 3523
7064 4219
9550 1396
37 9490
136 6391
5358 231
7822 2943
6829 6379
6513 8764
2790 5669
8059 2908
185 9956
4017 3309
8551 521
6730 3323
6025 3842
5049 9552
3439 2351
334 3972
7747 6736
9732 8617
8176 3402
5891 5261
3747 2987
4582 7661
9271 9847
1176 6702
3841 8335
7518 4443
6409 454
5272 8198
3980 1715
1498 9149
5079 2025
6025 4826
3501 7897
5625 2404
5229 7602
6246 6744
7200 6577
9243 1919
3712 4810
9524 8126
1335 2043
5231 6127
4083 999
4163 4775
9070 6327
4410 3933
4926 9369
1689 1404
5345 6817
396 2309
9616 3252
8777 1750
5571 9290
3550 1627
6463 7257
9221 2672
8881 7328
6607 6102
5501 5127
252 1967
6628 5360
771 6158
2563 5100
3014 8001
1796 6962
4687 5261
4168 9632
4442 3707
7824 8334
413 2672
930 2137
4689 4674
1367 5290
2032 4438
2249 5156
7683 2589
5307 8197
7654 6136
5766 5092
8628 2016
8949 528
6735 8
1609 6494
6655 4383
278 6996
5440 3548
8966 4979
1540 20
7434 4831
9686 5263
8608 1760
6172 8755
6449 8748
4813 173
3004 2881
8165 2437
5448 5904
423 1149
7833 6686
6075 219
4288 2567
5811 1432
2535 4859
3910 737
7978 2647
3763 7096
6191 759
5605 1839
3204 6193
1901 5092
2899 7004
7028 6506
1771 1821
2899 9008
5240 2262
6444 6526
8497 2160
8883 2044
1188 4400
8084 7760
5154 4939
18 7532
564 1267
5420 3824
3405 6011
9612 7319
1032 9071
2212 2520
1405 3574
468 3988
1417 4001
3217 5167
3869 9030
6901 8204
703 7397
9347 4330
3506 9884
5501 5368
4204 4612
1613 5440
8446 5270
8159 8711
9116 646
1747 7523
8820 6467
5639 7350
1888 4335
344 2838
3420 4041
7603 5346
9974 6751
5980 4724
5036 8559
173 8495
2279 4219
3610 2667
187 9760
8136 9765
9579 2916
6897 5447
4552 340
5677 4448
4026 8031
3457 2319
8070 9329
8954 3904
8367 3326
3679 7782
1678 9329
8759 5600
3430 3396
6869 9648
8989 5264
6367 8715
835 2838
7755 4859
1295 247
5401 8028
8510 1199
6736 5808
7822 78
7155 1502
5746 9389
587 4553
2143 1294
1665 2957
109 6609
2236 3184
6983 1485
4716 6235
8271 2062
9224 9901
1963 9655
7260 3064
4036 3383
9723 4730
8916 1052
4016 6706
9836 5279
2336 6091
860 9390
2324 4880
5277 3763
4591 7440
6195 3259
3491 555
6287 5726
6721 507
4909 6563
5126 5391
1765 5186
881 3887
6633 8104
5468 8012
7605 1300
8406 5394
1033 4262
2796 7494
2383 2958
461 7927
7472 1217
8124 715
5374 8461
2108 6344
9687 5041
2233 6982
3789 6705
1053 2906
6418 3893
9340 7873
2105 9698
6313 145
6491 8469
3329 3901
4193 3931
2319 7702
9632 9209
2658 9503
4694 9908
5501 3910
9218 6962
1891 1385
7197 162
3162 2037
4402 1006
1736 1785
3794 6568
5188 8588
7617 1089
2624 7752
8684 4656
3939 6421
6402 9150
8729 9938
3214 1775
1112 9649
6783 154
6819 6797
1497 8990
5665 5786
2601 9426
7213 5751
9965 5013
7883 3969
6565 3982
4705 9409
4925 701
8651 9397
678 6739
6674 3766
3310 4591
6303 5942
1983 861
1824 8456
9313 4254
5619 1177
5153 3237
7958 2138
8660 9845
8198 8242
5488 9201
385 6827
4820 3171
5867 1119
835 8833
4554 7167
5651 804
9565 5508
4595 4255
7572 3769
2126 8963
6519 1015
1364 9284
8600 3318
3817 1156
3599 4232
1430 594
3153 9502
3848 9376
7087 9698
4299 1014
5642 6169
7292 6268
8993 8857
1313 354
4333 6831
8459 3197
8998 4099
8094 4111
9383 6782
255 7465
5338 5084
2284 601
1860 6523
3249 416
5724 8658
3228 6535
6211 7517
2613 3831
2252 3744
437 8541
4556 6232
2269 4043
2986 6396
6187 5680
6040 8609
7885 5655
1544 9159
7794 1085
502 5874
5819 8075
8101 2815
9374 5428
150 9129
5541 4058
8175 8475
9771 8312
3612 139
9135 3842
2698 1783
6609 3306
2084 4620
3122 776
6216 4794
3108 5344
7319 2875
7197 4538
8 2790
9727 4225
494 2856
8661 2084
6104 9215
2933 3821
3793 6096
2042 6028
6238 5718
6377 8623
2796 4100
6187 9741
9567 5553
152 7887
1600 4690
1773 5978
3945 3736
561 4948
6045 332
2268 3873
9947 4118
1977 5686
5073 5046
9675 8813
3690 3566
4071 6479
682 367
4221 3236
3552 4273
2439 6623
8420 7277
3879 2510
7210 919
5106 6156
1118 8558
8617 9338
912 4652
8145 9828
3685 7351
3496 2502
9978 1684
1186 5642
1263 755
6426 3493
7449 8972
9916 5343
8936 584
4427 6029
7485 6872
4670 4513
2562 1763
608 2556
4782 950
5768 7942
6125 5363
1414 6841
9293 5230
9261 4114
1753 8808
6725 899
8929 4025
2668 8170
4087 7857
7261 3323
8535 1309
7560 2324
8943 6854
249 7682
490 3891
2412 6189
2321 8245
9759 4264
4014 9709
5317 124
9440 1661
9075 1096
11 5905
9325 766
4955 9157
451 9713
6147 9332
1033 5231
9875 3146
5778 9289
2015 7688
609 8590
6112 2719
8220 6471
3653 921
6818 1886
5494 6307
2601 4900
5944 7549
7398 313
7032 8622
1778 3025
5479 898
6788 6217
7685 6465
6113 9757
227 904
7482 5655
8753 4017
8720 229
759 9446
6626 350
1107 4705
5556 6505
9060 5833
9605 7832
7592 7846
8733 155
7931 5830
8946 5232
7735 7537
8218 3468
3134 5305
9563 702
8655 2256
107 5097
7469 3781
2553 5760
2901 8716
2799 4022
4011 6193
394 4515
856 9250
7046 4542
9535 315
3481 2099
8504 9520
3068 1537
5132 81
4312 2106
9507 3250
9178 33
3672 6358
2027 7293
4796 8552
12 2468
9024 3590
6553 1403
9224 3166
1630 9957
3799 9799
8716 5795
4353 2396
7765 5320
4176 6923
6127 6305
3339 9698
9108 8096
5284 7309
4711 7983
1343 2440
1870 488
7926 1136
5375 2879
2522 9331
1751 1135
9509 6283
6594 7407
2227 7448
7983 846
5946 6388
2951 6468
9896 6417
623 4789
6053 963
6117 5409
1858 5120
897 5195
8591 3270
6482 2564
1241 3145
7272 1258
6485 8566
8864 5389
875 4938
4451 8059
6050 8971
708 1961
2175 5226
5774 5366
9135 1178
9912 4026
8345 3472
7094 6344
6944 2503
2858 7980
8189 3318
1558 7586
2011 9512
1491 9114
5589 7730
8381 7264
6943 8118
1726 3859
3347 2083
3992 1688
5545 1705
7261 5505
5614 3396
6573 7642
7027 4380
3762 8503
8945 5615
9409 1531
2571 7743
6470 2613
5788 7059
7850 8966
4076 1347
2808 2643
4075 4518
8174 6176
1777 7002
6437 2480
697 411
7523 4474
7176 6429
7512 4235
517 294
6444 768
5023 9011
746 2178
4222 9952
2539 3349
1720 4294
1836 1493
5682 2771
6760 5134
5641 925
1544 4669
2337 9954
8787 6429
3170 8317
8921 5047
1436 1917
2070 7704
2527 3255
5790 6547
9832 4905
446 1962
4673 8121
1310 357
9562 1880
8064 8719
4487 2874
694 3024
4877 9916
8443 6538
7429 1666
8404 6587
6963 5141
1181 295
7718 8401
763 6252
4070 4563
1568 1143
7401 2550
8003 621
6257 5790
7953 2939
8972 7372
7114 2362
1228 7421
4379 7546
2130 7693
1995 5603
9351 6058
6485 3198
5777 9670
4814 236
5284 8797
6721 5670
4514 6859
172 9239
1319 9743
3345 3441
6839 3323
5505 2922
2646 102
2140 8469
9466 4366
9595 6873
9258 5068
7667 1387
5829 3280
5590 1514
2712 5299
9345 503
9348 4917
8688 8790
9933 7301
658 3670
533 3528
5456 625
1258 8402
8499 2062
415 6274
4642 7660
276 1614
3359 8859
3801 2461
9565 1428
1938 9317
4255 7351
8187 8426
6227 317
3326 8232
9679 843
8285 6344
9431 8871
6082 4148
241 3615
8539 8949
2456 9200
3710 2284
6122 4506
8505 1963
2031 6987
1017 9554
1057 7920
100 9709
2872 7140
9210 1214
9351 6944
1903 7062
4365 9644
6497 3785
9108 5931
7038 3085
9235 8360
9507 9756
6580 3461
1647 1005
1371 4353
3762 4346
7124 569
8198 4505
7130 495
6525 2743
8104 2504
2193 3983
1039 9811
5304 9644
8401 1986
5237 2733
6889 3301
9073 8484
8486 9059
8714 6175
9799 1428
8677 2702
5503 7800
8166 9410
281 6272
1239 9097
9018 6401
4208 895
8179 9403
104 4471
302 5073
2616 4554
620 9095
8845 8714
3620 1565
8218 4894
7829 3224
6998 3911
413 157
8777 6984
3727 7085
5523 4572
7749 4519
8456 9498
9567 6397
8208 8740
4554 7037
775 5957
7139 5569
8461 1480
2278 5425
7466 5471
8685 2065
7255 6638
445 4983
6280 6356
7513 7680
2721 30
9876 7152
8034 8587
4154 5697
9908 591
788 6237
3490 1102
8831 9296
5588 7811
3218 8968
6455 1166
7734 9061
4642 3792
4692 340
8238 7429
1791 9038
1449 2434
9084 8991
9787 6661
5011 4519
3857 4625
9776 1262
3135 9794
7491 522
6914 1045
279 9883
7604 1161
1346 1862
5923 685
4788 7415
5330 7550
5169 4853
9192 6369
868 738
8034 6334
8082 4821
6164 6356
8065 7602
1767 2892
3307 8227
8779 7293
568 1087
3878 4749
6452 8453
4986 9092
5756 9224
334 921
227 7919
7799 3573
9760 6095
5722 9284
6988 4724
165 104
5076 4862
7786 6036
3275 7379
7470 3535
2395 8613
7863 9154
969 3562
9624 1869
7418 1483
7062 1986
9962 1425
8546 9659
9225 5702
7081 4211
8609 8442
4079 6286
3401 5724
9163 384
3444 3686
398 3740
5187 5133
7475 8288
8477 3440
9136 2839
5364 2453
3729 7373
7994 8614
7173 58
4214 502
7189 4154
8864 4393
7059 1126
7356 4868
2111 368
7777 719
4593 2552
5977 2498
1141 4572
8867 8813
634 7232
5408 1595
958 9320
3921 4384
3553 1008
4790 3692
3349 2104
4861 155
7929 975
847 5893
9475 5141
6022 7512
4790 845
6631 9702
5265 8601
1767 3823
4050 814
5928 2825
50 3256
7490 6958
1758 7308
2790 488
5611 6011
5635 3674
847 2047
9789 7889
5825 8877
3191 3829
5052 2958
4994 2675
6390 5756
9123 2096
8531 196
4373 5405
3085 9236
4256 438
2430 7231
2403 3936
9711 3136
8188 2464
2427 3386
4125 660
2817 2211
4675 1191
8317 6228
7786 8801
1746 9630
180 4906
4237 9207
1097 8585
848 6660
3111 5811
2284 7515
3255 9896
8681 4309
3382 3311
7178 7103
1512 9341
7101 9042
1569 5860
7777 7031
5643 7925
9858 5138
3033 642
1988 7830
7169 3870
4962 6017
5575 8549
454 4392
6916 5166
8299 8350
170 4840
8929 5686
2644 5349
8095 7576
556 3541
4456 3478
278 5796
7590 6021
9046 7419
7598 8091
7356 9605
37 3696
5605 8965
4693 7247
4083 2923
9878 8554
1676 9045
5041 4357
4231 2405
4596 8410
2344 693
5227 4455
2016 4254
9387 4765
2079 166
6383 288
110 6728
6302 9270
5103 3507
8570 5481
5432 8384
6575 7227
9032 4239
1060 1629
4578 417
5413 4236
2850 3036
9984 6682
3847 8597
3708 3605
3390 753
514 5286
1729 5481
7569 6250
6421 2677
1755 5415
7088 697
8680 3924
6913 7137
9014 7296
3663 7973
1427 163
5731 6638
8062 8417
6314 1980
4126 8611
7983 3469
6493 7230
2744 1914
5079 7222
3732 4823
9315 3504
9104 310
3211 1172
7992 3514
3202 2600
4993 8252
852 1011
5415 3974
4021 4167
5044 3382
7369 6808
2077 3178
5944 5860
919 6336
5165 3754
4726 4869
390 2905
2736 6557
4820 6871
7925 8319
7363 9374
8983 3344
5096 8986
2641 4433
6839 1292
6595 4798
73 6721
3525 6111
6076 1616
4003 9887
6066 6424
7529 1496
4120 1072
4687 8092
9138 6740
9572 6125
1660 4954
6447 1637
3926 8960
5051 7509
6298 5311
5666 3425
5710 3117
6575 5463
9682 8510
2477 8010
7424 2292
8297 5623
3440 6606
3207 747
5715 633
2550 9050
7723 3573
6738 8930
3747 3206
7564 7436
8640 1512
5723 1241
2039 1521
1166 6752
7664 2112
2044 2852
1585 2175
4244 7908
7311 7456
6707 9439
3949 5267
9566 2111
2909 5779
8201 1979
8742 3225
8999 409
4882 8350
6464 4526
5729 9256
916 6848
9878 720
1561 2779
3494 6856
3878 753
8455 2834
7031 6243
5179 8021
9257 1791
5851 6705
2032 1738
4658 220
5736 6251
2467 9657
5011 4182
3482 1090
5975 3500
4875 1118
4840 3313
6576 7238
5765 3876
9396 2514
5187 6178
6031 8833
3316 4962
3885 1110
9481 4807
4465 8220
3931 624
7894 5383
9959 6211
2560 2264
6954 4982
3640 7410
6317 1778
8275 9195
1713 8303
9179 1879
250 415
2616 3192
7883 8541
3743 9381
3005 1313
7060 999
4187 8316
2629 9244
2176 1151
6610 8459
8110 8172
6162 2364
4484 9241
8480 5185
4469 2666
9018 7379
609 5768
6576 8974
4018 7437
3085 9509
6213 4875
5652 8788
5669 4648
1920 1857
9343 5337
7569 5479
4546 9814
3293 8873
539 7007
5716 5677
6954 991
4545 1074
8646 5023
8718 4950
6472 8935
5948 1701
2268 7429
4968 2037
2432 7072
5431 3811
4072 5674
7304 4712
4803 8385
185 9555
7282 4850
6801 7283
561 3951
5187 7879
9007 1594
1045 7339
5680 4540
8370 6974
8206 8001
5578 3995
4026 4235
456 9033
121 6495
6113 6342
9737 557
4444 539
3910 816
1367 13
7024 958
6398 2182
805 481
8964 625
4497 225
7445 2811
2803 948
7907 7828
7360 9887
4380 3967
9970 8294
634 6949
3432 6535
491 3593
5945 3947
6273 4076
1987 1854
1161 7959
3043 2509
4367 4015
9830 5278
5693 184
3758 7355
9826 7138
4751 5328
4165 352
8541 2060
5520 410
6083 4496
4049 9732
557 1907
1043 8649
4460 7136
1401 3033
2103 8380
8298 5688
2127 6880
3115 8887
9827 669
311 9973
8769 8452
3591 9734
8554 7077
5782 3916
6572 8598
7985 4774
3604 8094
3982 6224
3685 9411
8110 3779
2367 684
6922 9204
9757 5164
3935 5594
9217 3926
1813 7904
4273 9033
9405 5370
8334 4466
8704 8760
1091 9279
1461 3880
3659 8770
9218 7983
487 9770
3470 4555
6970 7058
7139 5393
6428 608
1287 591
6164 3348
1879 118
9235 8151
108 3309
3158 2966
6682 9319
5836 2467
7618 3914
696 1345
7054 8840
488 7689
216 4324
7795 470
5784 9040
5946 5970
9306 4109
2658 3163
9702 1645
5251 2538
1565 1569
3260 3736
8380 97
9468 8853
4521 3315
5362 453
8815 3073
6195 374
2348 9816
6912 9113
7520 8444
7811 8551
2093 8577
7448 1756
2910 7393
9607 3322
2042 8881
9018 9259
1287 3613
6682 3106
2897 6188
4226 7826
5200 2555
2241 9172
1527 9402
7650 9971
8441 4967
9738 6708
3186 4590
316 3476
5343 1588
2058 5256
6585 6500
3984 3961
6041 5580
9684 9369
7640 427
4308 2932
3461 9869
6991 7196
1176 9107
4767 1839
1921 8576
6144 5808
5544 3227
5527 8619
7792 8101
555 6874
7629 419
5405 585
29 7028
3715 5013
3351 7518
9506 6265
4976 6886
8146 3248
8167 3320
7843 1152
8029 6786
3783 9110
5604 5473
9563 2922
5862 6314
9576 7
7602 3977
66 7298
8095 1851
9043 5673
5979 3351
476 2924
102 1541
2669 6294
161 2253
6748 8566
9483 6635
6695 4947
7275 1425
8007 3234
5060 4255
7750 1914
454 9527
9918 3488
8949 682
8542 1753
9078 3232
7843 4784
7412 9488
4305 5742
3854 603
6343 2113
7273 2226
5307 7575
5204 5934
826 2603
4222 7011
8651 6658
8362 1100
4566 9304
5685 495
5401 9591
3078 7805
9333 9785
9138 3399
9896 2294
607 235
7161 8876
9375 6606
8867 7924
4679 2343
5979 9069
9003 8379
6440 1364
876 7428
2232 5541
1425 8306
1453 3991
6772 9327
9725 7531
6227 434
1835 6051
8289 1590
8564 5904
5265 7589
173 5106
7390 3392
5452 1294
2407 796
8832 9951
5142 9317
2625 1589
2728 9135
9396 8958
9658 4947
5777 6205
1768 3139
3504 2202
9475 2157
2361 3772
6562 2162
5022 3021
7624 5957
8915 5533
1232 1998
5029 4901
1160 2960
4025 1841
3002 4278
5745 8897
539 1782
1165 6508
8059 3683
5123 4465
2694 7629
7626 4801
3875 9465
2048 5849
3462 6976
9290 5700
7301 3081
5984 4906
1142 3041
401 2606
2492 3754
3048 3721
2192 3786
6655 3022
3079 6993
7440 7438
2968 2289
4922 9688
2828 5082
6742 9520
5172 3091
990 3747
9606 9629
5600 7574
5285 9960
2685 9417
6314 7601
2986 7501
1231 6748
9880 8557
437 4037
3742 1964
9486 4138
9155 3771
5808 875
9243 469
9253 8529
7037 9003
6213 3491
7141 8783
6949 5138
5346 9789
5220 4507
6704 6786
1500 1788
8796 2252
2850 9987
4936 394
859 4636
848 8395
1279 7809
7540 8612
2051 1543
8400 5404
3756 8091
4376 2621
1227 2258
2694 8732
7473 7336
7445 7768
305 3272
3391 8345
335 5329
7176 5270
7756 5824
5746 7765
6014 4753
5501 4703
5305 9131
7094 4502
2360 118
4938 2726
3119 5799
806 3095
8510 8842
9293 3587
9284 7491
3431 4384
249 8889
3685 7579
7850 9559
6763 66
4255 3985
1413 9364
3763 6460
2328 8239
7780 7699
5998 2314
5046 6683
7444 3776
9992 4493
3508 7930
2939 6104
4751 7382
350 3529
6078 5548
5842 3394
4202 8315
3465 3334
466 75
66 9071
9185 626
2018 4195
6313 1332
656 8126
2473 5186
954 9983
4991 9523
7670 1922
7409 2673
1582 2692
8720 4025
1887 1859
9176 7519
1741 5566
1435 1371
1525 5211
972 5056
7316 3896
9753 5132
6266 5751
3800 1971
9483 2651
3700 6407
1511 6763
5563 1612
7260 1503
8443 3545
2676 3044
966 4683
7525 458
9725 5128
1022 6608
1061 1363
8334 1221
7562 9774
5999 991
3194 3939
4985 335
5251 6524
9631 8725
4851 9589
8493 9209
3200 1691
5017 2728
53 7049
6342 421
1645 8514
8450 8355
2420 1908
291 3851
9635 8267
878 4568
8045 4181
9073 5017
4507 3307
417 1524
2670 3178
1269 3605
6811 7137
4585 6878
2273 9291
9066 5867
5806 7214
4515 9889
4203 690
3173 2727
977 4354
3852 5496
9270 6134
6249 7730
1503 8109
4343 3624
4390 4776
7168 4387
9936 4320
3060 6241
9349 4601
4971 2354
4518 8227
3830 9293
5273 3822
7178 2450
7441 3835
3719 1800
5015 4796
7719 3601
6205 1989
9484 7110
4883 9037
9931 6100
9462 7561
9150 3470
1249 7901
3690 715
7691 8556
5983 1064
2564 5027
6151 7799
3655 9728
9413 880
8444 17
5800 6375
2625 4542
8676 6176
9342 8590
9487 189
4015 6529
7500 5198
4410 8440
5598 4899
9828 7762
9630 343
1121 2084
615 7180
8065 4231
9610 4518
3064 1611
1485 1100
1027 5378
7570 9977
8507 6028
8085 8193
1 1985
7832 7474
7977 1005
6480 8807
6890 921
2474 7917
13 5333
3775 8353
9074 2858
9651 223
2771 2611
9721 1271
2308 9218
296 1152
7511 8243
1152 5376
1325 9368
9404 282
8965 3824
9378 6194
6272 8809
5525 8917
8890 3522
2204 7662
4334 6635
8143 8880
3965 9340
2632 1624
3212 7735
8611 7327
4019 5761
7487 8090
1722 643
3629 7233
8492 5429
4368 6644
3363 278
1374 246
8239 29
8987 2214
4790 645
5050 9848
4030 1939
1072 9590
9307 3008
7077 4888
7405 7818
2209 4026
1286 5749
7543 1385
6934 5161
4608 7153
3875 4525
600 2335
7365 7706
2499 6893
7753 249
1009 4291
1415 8179
6296 3498
528 2762
336 4457
5507 1526
6168 9350
9957 2894
5793 9418
3289 6608
1705 4775
4388 1284
3319 6433
5675 2062
9912 6508
3075 5013
9687 9316
1834 5772
5348 4805
800 7380
9086 8135
7126 2293
6894 9014
9992 5615
8254 3052
1700 2758
3076 3383
6689 2385
5783 3545
4161 1917
5295 5254
5720 4277
1669 643
5428 6664
4608 1670
1309 4295
5121 8893
2797 9093
6487 2414
1223 1012
6163 4031
6369 8509
8015 2101
9905 5680
387 5844
5389 236
259 7993
5538 1225
7157 4414
4427 7590
8997 8670
8975 2476
6238 2261
8193 3057
5777 548
4481 6942
9845 988
8167 9982
8059 5158
3489 6932
2886 4084
5713 9698
3586 9253
9911 1036
927 644
9388 6225
9494 3801
9915 5869
8072 8384
658 107
4264 1381
4954 1994
3891 395
3617 2422
7010 3236
9976 979
3651 1545
736 2565
8351 2882
5767 2538
1494 4032
3600 1363
6542 8996
9798 8469
1069 8653
7874 8442
2633 1229
6628 5593
9819 6852
4052 4986
6820 7150
9451 389
7742 5227
2066 9923
3824 9982
2867 726
3688 5805
8333 6509
6115 677
7027 1854
2391 9740
3874 8543
1506 2448
5694 1084
8478 7231
2598 8796
9358 7497
2442 2067
3307 1388
3509 4683
9350 9592
9000 5694
5263 5210
9373 8151
8252 1328
819 2182
7363 1910
7337 7865
9225 8160
5684 6195
8147 8781
2538 3968
3124 621
5957 8866
6 4373
7538 5757
3492 7248
1103 2162
8871 11
9524 3099
3141 6519
2518 1068
7523 8005
6836 3906
3721 6204
5618 5875
4934 3089
6519 5674
6907 6934
1882 9833
7861 177
6854 1220
7765 1353
3323 6145
773 8413
3866 8733
6337 6669
4738 69
5479 8037
4223 2438
7772 278
8349 5701
8277 7587
265 8769
1987 1047
866 442
4420 7862
9730 5047
5737 7727
3703 3862
5744 1514
4865 4398
4356 1266
1467 7447
385 505
5897 2290
629 5473
9567 3840
5151 6271
354 2110
2147 6109
1678 9666
2833 5181
7374 4375
1005 1834
7916 5188
2019 2900
8774 6370
2072 4433
715 6131
9043 8082
1444 9501
440 9176
6446 2863
1773 444
7150 5224
4371 2307
1824 9721
5706 4851
40 8836
2804 5951
7176 7623
534 2329
2834 8211
6693 3036
5502 5231
4350 6915
2146 5360
1918 5223
3560 6363
2829 9953
4564 7987
6492 8612
3820 8454
7109 9502
4314 6779
543 3854
6403 2374
4674 8183
6397 5795
9075 8013
3865 8475
746 7957
2307 7053
7278 3132
9525 3527
1301 4247
3286 1
18 2290
3487 5315
591 1810
7151 8400
1332 6739
7336 409
9679 1433
9222 8420
8218 4279
8884 5777
7429 5225
7961 6184
6119 9284
9741 3441
5855 97
2416 189
3875 3118
2479 7440
2768 8437
1851 8439
7392 1082
9932 7325
109 5470
2140 9416
8203 5130
4789 7404
5738 828
8488 7911
6807 9859
9606 2231
6896 2392
907 927
7764 4493
7697 9902
5402 9942
6417 8531
3888 3017
61 1180
3244 3732
5313 6798
8792 3101
4837 9957
7220 472
4343 6308
1518 5003
9433 4468
2912 1991
2188 8784
4459 5517
1254 4003
3286 2846
4225 5463
9575 7354
502 664
6681 8744
8442 8141
5850 700
6991 9824
5567 1008
1934 1216
1325 3210
9879 3559
8359 2501
1904 8835
6707 4769
5097 4090
2137 2694
6692 5041
1086 7345
5915 8637
4140 9402
1810 7346
4512 140
5936 972
2258 8058
8062 5341
9592 105
6142 9026
3754 3665
4511 6052
6282 2814
3249 4906
9049 2350
7181 3803
8073 6290
7222 572
2132 4745
5830 5022
4907 4224
7396 1328
5084 126
4249 9645
341 713
7006 1482
7808 2786
2938 1374
6615 839
5019 313
3729 2817
743 6502
6825 9411
476 1206
9605 3096
2442 482
2353 8988
1797 2311
251 8034
5122 9033
5570 5083
2808 5295
9223 3212
9691 9488
1659 2128
4588 5305
6045 4118
8042 2005
2636 15
6789 1581
1405 2607
900 8916
3704 2460
9498 7086
6709 2261
2698 6570
3765 7700
4443 144
5316 3258
8890 3141
7612 5507
8682 8941
6947 7852
8809 8765
3319 1200
1551 5889
5156 1091
1881 7579
6191 4923
962 395
4152 1463
3598 5339
5564 5782
9590 2410
5874 2461
327 3098
1817 4730
7079 1872
220 1951
3925 6347
3387 9250
4968 2233
8819 390
8527 9338
802 1355
7592 1767
4394 884
2301 2724
6903 2643
7650 8829
744 941
3998 9036
9678 7753
1952 5244
4937 3315
9450 297
9172 8005
8469 3185
4800 2065
148 6174
2413 8277
4686 4391
9956 6386
6136 459
628 3347
3407 6304
8867 5568
2576 642
3064 2831
4250 3854
5267 25
7377 5941
1560 2552
8468 1562
491 9880
7946 4182
3616 600
6341 6059
7595 133
6811 5022
6378 783
4247 612
5604 3902
5145 4142
4249 6323
771 8004
4919 9203
1985 4916
5717 1071
2152 5034
1180 4616
2294 995
283 409
8256 1453
637 5437
4413 7640
6284 2978
5557 872
7268 6738
6051 9299
5530 1823
1032 5778
9334 2565
3432 5029
4740 8147
9771 704
3050 4018
2748 6551
9703 7956
6642 2185
738 2147
7157 4930
4632 4695
3168 5230
1090 1556
2467 8957
4077 280
1251 5519
7845 4812
5397 9242
9191 9872
251 6852
1373 4715
1023 9886
7835 5121
9929 5149
6428 5093
3478 7645
6502 9339
9398 8980
7440 6534
261 5565
8118 9796
4260 4160
9833 9831
3315 6498
8450 5039
4528 5666
940 2201
6700 4202
1975 7167
1256 1880
3992 3032
6305 7015
8351 6515
7158 3545
5735 1905
3960 4333
9653 1924
1411 3706
5191 5795
3956 2048
6252 8861
1085 7368
713 767
1983 4168
8076 5282
3242 4982
4498 5964
207 478
5314 1266
6398 742
6845 104
5178 1602
2690 7039
9152 6943
4740 3331
1237 2860
6304 1246
1535 5766
7157 1188
8723 9092
6882 8728
4335 8317
1740 8046
429 5778
6311 3527
9300 9474
6775 5847
2265 2617
3813 5250
565 6230
8701 1804
8368 2098
6252 152
4274 3917
5619 7821
4501 5996
2623 5151
856 3371
3891 4862
2133 9096
5815 6311
7436 7507
2872 5809
6496 5675
7231 1971
5258 2180
997 2369
5419 1326
7282 9231
6828 8834
7207 1901
1793 7590
2963 4216
8702 1945
427 6688
5576 1877
3236 8436
3477 938
3858 1586
1765 8521
7578 4102
7074 119
894 9983
2377 9851
951 7363
4977 6040
7062 5136
8031 8339
5087 224
4173 7959
8640 2593
3825 4209
4160 8272
5570 2753
5194 4010
6130 129
8175 9103
2285 9978
8372 61
7828 4423
7840 924
4766 6918
6674 3597
77 1680
2189 1086
514 3069
2050 3654
2226 7041
4813 6121
1552 1628
4146 535
6711 3623
7133 713
9819 864
7309 5866
927 2674
4598 7690
7031 5022
5536 1538
1557 9859
2790 9907
2991 4740
1960 3074
5112 4927
7584 5400
9666 6206
3056 2158
7883 1791
1075 5109
1512 2994
9405 2218
937 7679
4144 2939
6345 687
3371 2309
4703 9681
5847 3393
5414 9035
5041 8284
3218 8974
6601 2467
4115 1867
5036 9315
7648 118
8350 6277
3129 6223
9068 8326
1557 9954
8310 7712
1023 1582
8808 2846
9668 3569
9944 9352
7411 599
1735 6156
2717 7647
9110 8077
5741 9204
2629 3230
2976 9120
183 7495
6322 8621
8362 7919
6280 1694
8317 982
8341 6186
4355 7854
2492 3899
71 5734
7055 4813
1374 9252
7659 599
4267 5675
416 2635
60 4136
2606 9372
9805 6659
3221 3012
1085 760
1827 7092
4903 4905
2603 978
8189 4058
7474 8403
7907 6432
9715 3495
3214 6539
4775 96
8777 6762
3553 9001
2420 7968
1164 1506
8884 7841
2952 490
1088 1437
8705 3441
2445 7098
3189 7858
8594 1549
4554 1166
5254 8683
2308 6766
5558 8315
3573 9475
4636 9636
9404 5401
7923 2865
5751 8389
7597 5990
4411 5977
4070 6501
3226 9353
8407 6782
4446 7535
7912 7240
3991 165
8808 8318
517 4613
8747 5338
7238 2785
3508 8749
8759 8357
8546 9485
902 4530
6841 6603
1356 5578
8824 8975
7188 2052
41 1051
2760 8582
5960 5843
6101 9606
1619 1658
5801 2084
6763 7665
484 4850
7486 4192
521 4326
6469 3615
639 3854
955 7591
1587 8666
8018 3551
4914 8407
9250 9646
6917 6885
7125 7502
4234 8401
3852 3524
418 1281
4837 8160
5620 9294
2977 7953
5766 1819
2598 2875
5002 5379
1105 2698
6121 3463
9693 9117
6686 6494
4624 2461
1495 8029
6226 3461
666 157
4411 5622
7986 9646
4784 8923
3909 7923
5870 867
1124 7943
7314 5117
577 7421
665 6958
8108 3307
3147 2954
8516 1710
840 5344
5628 9409
7544 2786
7640 8562
2920 5063
5434 6786
5483 2114
5988 4010
4230 7578
5877 7840
3922 7589
2218 4863
8518 5783
2280 9772
7075 2601
3682 4254
4544 4564
4069 6436
1860 5085
883 1816
445 6509
7250 2523
6264 7013
6683 6971
1579 3150
2878 4777
8606 6372
555 9890
1843 65
8150 589
9429 8122
370 3917
3215 8227
3510 9985
5194 2672
9731 6654
3854 7792
2083 4090
1365 9073
8645 5142
5635 3491
2552 533
8964 949
4036 2996
9377 6162
9453 9399
9780 5064
1381 3377
8103 7621
4486 6120
5829 5129
3783 1391
4929 6825
9099 7559
4067 8837
7331 4862
881 8923
5177 3139
8512 136
9795 6060
452 6952
974 7254
8340 3838
1086 3900
9611 6721
8447 4122
5851 8124
4043 8624
9395 9063
8409 6543
6665 5612
5466 698
7154 4693
2658 919
3537 3974
7136 4431
1972 4792
6739 7347
2276 4527
6439 2361
6304 9021
2900 4786
250 2136
1982 5332
7925 8383
1359 9614
3246 3864
4072 94
1870 7990
7199 4291
122 2505
3033 3802
9593 8088
7594 6844
9869 7181
1780 6447
7436 8935
8362 8428
8752 4111
8912 4580
151 995
5720 2462
1420 7683
6275 963
4885 7474
1150 3377
8931 1395
2261 4680
8191 8578
7185 8134
6495 735
395 2404
1758 9097
4192 1815
5533 8366
1914 2148
8712 4423
2235 1454
9804 7908
9668 4763
6209 9690
1268 2450
9918 6303
3737 3292
3263 3666
5168 9513
2402 7287
6498 4550
1256 6502
5554 3430
8563 7218
8703 5111
332 8751
3049 4183
9012 5290
9978 3655
5644 6501
3197 4944
6977 9361
2789 2547
2452 2967
6311 6330
8343 8648
2007 5847
1652 3563
11 9797
6913 1830
7022 4727
5824 2787
3969 8046
7667 5518
3960 5320
681 8319
3832 4260
3449 9741
3755 3646
3243 5223
1273 4947
1650 3218
3626 7880
1183 5201
1156 3747
2766 9670
5949 8421
5326 4925
4592 1090
5771 9338
6759 755
9109 6927
4932 6744
5653 6902
6131 4392
4530 2183
4384 6459
8424 4376
3629 183
1059 8236
7620 5175
3917 2820
8308 3251
9712 371
9170 9174
5991 8737
1858 8137
4731 1386
4080 2729
4505 8783
6865 6262
7169 4873
2898 5096
3418 814
5142 7320
280 6990
182 8233
6658 4141
8784 8121
3547 3927
9855 5712
9852 2771
1332 5676
8517 2996
9817 6
4973 6036
4776 5570
8255 4464
7968 1105
2076 6334
2668 642
3016 2979
5416 7424
5413 5569
5370 877
2016 8211
2133 5947
1298 319
5351 9641
1411 3793
8297 4558
3201 9739
9177 2107
4345 6763
3348 4600
8098 771
9157 4337
6857 1568
9733 5398
9621 5167
7785 6210
7695 1738
8763 4583
3945 688
7894 5911
2026 918
6349 1047
7895 8942
6124 8015
2209 7140
7653 7565
2980 5376
8895 7899
5484 5578
1663 9765
9457 9729
9407 4923
6943 9516
5521 1760
1503 6942
5371 9889
5486 6718
6861 1992
8056 16
1961 1651
8887 5670
7484 6265
6612 8430
2508 5924
197 6285
8399 4892
37 5326
3018 6398
9101 3772
1077 9393
6264 4280
1178 462
8009 1866
1735 7524
1208 1449
344 6101
8145 9172
8181 2278
8418 3322
8991 9352
3902 5217
8638 9310
4492 4798
1308 2158
8 7785
7007 3873
6650 3967
7129 4322
6913 3006
7946 4749
5777 2449
4342 4212
3983 5225
7290 2408
1985 4649
3358 8118
1179 4285
1420 4105
3395 1819
628 3574
6358 4723
8551 9072
5209 4841
4565 9945
4278 1520
6959 353
2523 652
1254 9853
1843 3245
2165 1783
8015 6674
7450 4436
6026 3788
3365 5733
7797 983
5074 1401
2409 1153
7263 1464
7898 9569
6406 5640
6515 4966
1136 4081
8932 2266
2644 5227
294 7702
2641 835
2002 8011
6155 2369
7656 6521
8548 3303
589 6228
6370 3949
244 6587
3270 1176
3840 3066
2162 1415
3607 1287
1104 1887
9121 5441
8173 5056
6830 7751
7748 1926
1640 8946
6029 7015
5668 4872
6809 7014
7994 7324
2796 7085
6081 8513
7421 5863
2041 9553
1647 545
1123 9509
1598 4109
6252 4096
1328 5144
7548 4470
8818 1562
7348 9216
4751 4362
2708 6476
4066 4256
903 6385
5790 7210
603 1622
6919 543
7274 3052
3433 3096
3501 9957
4781 1186
2828 8740
4496 9418
9723 8145
3812 3813
4721 9195
3550 9227
8862 9901
3233 7976
1026 61
3617 3478
1699 6254
2670 2556
7916 8313
1163 6000
9452 2182
3378 6283
6266 3462
922 3744
4804 4031
7490 9945
7004 4014
7013 6487
4076 8312
1875 9188
62 95
292 1373
5763 5466
5509 335
7524 2652
8303 1843
2425 4604
1989 2623
7200 6615
6402 6321
9656 662
9590 6548
3448 4383
7054 7383
6678 1584
6578 5364
7123 2955
4325 6358
7477 9697
989 7058
5232 1937
6788 2510
3383 543
7253 2690
4090 93
2645 2556
959 4063
3982 5112
97 4357
2985 7967
3699 480
3242 8025
6943 8770
7677 6329
1160 2741
4607 8750
3217 1182
7392 6873
6573 1539
6389 8223
9367 7055
19 5580
3798 5358
2536 6287
1908 8237
2998 9095
1888 3700
9485 8915
2608 522
7705 1553
545 7155
2100 9036
89 6499
9236 8645
5364 7373
3409 4983
7422 9877
5521 581
6401 1644
3907 1885
9587 2186
3624 168
1334 9996
2350 6528
4501 747
9070 4460
5196 4264
3827 2896
3236 3118
1971 2842
1542 3342
4264 1803
9405 7834
1688 8482
6433 1010
3585 182
6296 2020
2601 5526
5201 1613
8545 6187
9049 6175
1938 4723
3417 4859
917 4404
7078 1458
4554 5387
5490 2971
6034 8969
7474 8213
1697 6107
5446 5880
6952 1679
6737 5080
8890 1137
2523 3861
6938 1703
45 6103
7885 3827
8327 4989
9375 463
5684 7483
6961 5024
1755 4408
1956 1677
5473 3762
7732 9313
5983 4610
1381 5876
9614 1432
9554 2750
6714 8378
2969 8910
1622 7540
9272 8223
9665 2087
4255 9961
4632 9432
444 5625
2620 545
8209 4660
648 7883
5895 6170
5669 984
8049 7417
2083 3086
2872 3513
6852 9061
4292 7699
5376 5865
6037 1895
5255 5633
4246 3549
9266 3560
2560 2477
3103 6617
9856 7822
3732 2727
4368 1274
5432 9565
5056 4903
4127 2035
2667 5723
678 7162
363 5254
116 1798
3117 1386
8585 2859
9170 6777
7055 9499
7545 7173
3324 264
5728 3949
5801 7576
1378 5020
1235 1156
5405 1180
3736 3468
7914 7967
7629 3434
1760 2842
9136 7216
9704 9186
5591 5572
6153 5297
8450 4681
9057 658
9213 1015
7386 3052
2494 2723
8444 8920
4979 2317
6691 8370
5157 3018
3141 973
2549 2745
4838 5805
3174 4723
7106 8339
294 5218
1593 1970
6306 5781
8254 2997
9895 4293
1019 9915
68 1392
435 1856
8830 888
9547 1376
2980 5301
9567 6702
2738 2418
548 4051
4586 7269
6906 6614
4981 1229
5241 391
9841 7330
4283 7076
1143 7369
9856 7790
5723 9893
2097 9225
7366 5704
8964 1445
5435 3219
9725 5856
6540 8765
1495 6156
2301 7525
4928 5079
2955 5081
1707 5676
7209 8118
4470 3893
6731 6703
3833 2777
263 6613
2538 3740
8119 2059
954 6828
6600 6055
3033 9555
6366 759
2648 1603
2090 7205
2198 2033
7609 5002
4081 5984
1916 7355
1077 3071
7133 4779
4765 1017
721 4100
1505 9475
5100 1706
6914 3275
3040 2243
2316 6792
9109 4124
6988 393
743 8834
3816 5740
9197 6036
9026 3311
9753 3601
9101 6017
6952 2163
1133 8962
2289 6467
8582 4289
8903 6167
6242 5845
6386 7259
3854 5473
889 9719
4304 9393
3559 9037
3369 8442
6431 5228
2392 6956
551 829
2543 7046
620 8772
9664 2650
131 7171
4388 6312
7685 4840
4117 5966
4116 8326
3062 4636
7411 5777
5086 1579
1532 4245
2429 1696
3345 1013
1427 459
413 468
1117 5740
8552 4115
1751 5190
4823 4090
6772 353
2511 8474
8586 2397
8997 9745
8505 8745
8779 428
2050 3255
205 9027
9436 9769
6489 9543
9191 6241
8673 9939
7430 6789
8191 1434
4749 2656
3801 8825
6416 5884
387 3
4610 2953
103 1580
2323 7513
1401 5558
1349 8516
4308 1788
3376 3991
5637 6245
1516 4304
7936 5980
1655 6513
1886 2461
4673 1188
5019 1947
5561 744
9230 2012
5267 6308
6745 4267
8195 4535
9029 7505
7441 9649
2676 5736
3729 5765
3198 9918
808 1872
3390 477
5546 3
9602 6751
1029 1455
737 6166
2161 9031
7997 8260
4357 5087
9867 2629
9871 8835
9320 6552
8524 9144
6118 939
222 1796
505 5261
4755 9230
3847 5801
2539 4316
18 6061
80 2213
347 7931
9494 3130
3224 1832
9372 2247
9760 3923
2573 8122
5152 1758
9041 2289
9872 4720
2510 2572
748 2850
534 1283
5093 5940
1385 5261
7064 1828
7858 1504
1310 4703
188 7496
3696 6339
130 2360
8335 6658
2529 5017
6692 3079
8262 4585
8804 9560
3791 8644
1775 2067
4198 6432
1827 2649
1911 9330
1110 3129
1940 2633
987 8239
9984 1714
3517 1566
7686 8546
8253 472
7442 2511
3297 3231
6606 4898
8215 7755
1711 2615
7266 237
68 903
2326 8852
9728 3140
7083 9097
1516 1883
9896 5864
7834 305
5340 8659
3683 8622
2492 728
466 3208
7754 4279
6254 7797
3359 2506
5971 8727
8963 6560
890 6399
9657 4667
7436 3324
8045 248
7379 9956
2701 9945
8626 2563
2662 2224
4709 7674
8097 8506
2706 3468
5051 2403
271 8627
9576 9880
3476 4421
2340 166
405 250
2446 6300
4605 216
1019 4947
2606 9538
449 6855
2890 6677
9243 4164
2346 5574
524 9776
8836 2212
6934 7886
9010 2291
8578 8077
7343 6854
2288 4032
906 1785
5755 8273
6848 6842
9474 2133
9273 1964
994 4274
5597 8389
7991 8121
2215 6222
5146 6402
8152 5373
7106 5797
1919 7078
7482 1508
8196 6493
4764 4339
1876 4314
2942 4333
3407 712
2804 6469
5893 2613
8836 175
3375 535
9935 6427
4682 2597
9718 4983
4342 9335
3251 3622
5621 4870
7361 3810
9481 475
6571 8294
5279 7767
6531 6528
4025 9196
9865 4233
316 4753
4706 8880
6195 6639
3915 8620
1135 158
9918 6685
3625 1581
8399 2341
4881 1024
9828 1710
7403 3805
9633 757
8016 3334
5458 5984
7410 373
7172 872
9981 7255
1305 4208
1648 9630
3081 8592
7751 7779
6818 6797
8726 2823
4776 6818
3918 1386
6995 4459
3375 8320
1298 4760
9849 8829
640 9185
6148 6175
4132 9058
996 343
8441 5315
6960 6679
9734 1484
8561 640
2104 181
9129 97
1249 90
4550 4283
8306 8121
9809 4115
2635 8089
7391 6428
9581 320
8075 9905
6027 7068
1005 3848
9688 1137
4981 1946
6993 8750
4440 3863
7413 9627
7969 5200
59 4151
2913 7043
2916 8220
7150 6644
4435 9419
3306 7459
9687 6525
4717 4266
9296 1714
5692 3292
7977 6554
8936 8716
7249 8134
5314 5653
9664 3577
6746 3977
5410 9980
8495 8699
2978 6248
7202 9202
236 4558
5833 8132
7602 4688
7596 9763
7225 4413
5794 8466
232 1886
2836 1343
4578 7031
9763 3867
2621 2035
242 3147
1461 9569
791 5395
4271 9978
3046 3608
3985 6132
7272 3048
8064 6000
309 1693
9633 2914
4703 7895
5937 537
387 2907
2605 8258
786 137
8387 4174
3789 73
9487 7781
9404 5871
7092 8061
2592 6985
5639 5995
4220 1316
8826 3205
2274 3283
1079 261
5301 6653
7523 6397
87 8268
8764 8617
2382 237
4238 4256
8687 5757
2038 4962
9832 7776
2087 1704
5757 8907
8710 1703
5381 6506
6279 9374
6853 4403
2424 3383
4041 1230
9369 8841
2344 7050
9502 573
9816 7374
2630 5226
7504 1875
9659 4380
7399 6394
1096 9170
6570 1345
7938 1219
5295 406
7502 4911
4551 394
4270 3721
7349 4508
1594 1627
728 9478
1031 6294
127 9026
3900 3998
8139 5004
4164 8135
4716 5162
1380 7190
4809 1561
2800 5193
7915 6701
2043 54
2239 8524
66 1867
2388 1001
9437 605
2114 6871
8967 7029
5828 4813
2262 9764
8398 7707
1453 5133
7297 8269
7172 7090
8429 4932
8341 956
2799 9036
1074 8140
5481 5157
4886 6772
4923 2790
319 9223
768 5410
4953 2600
6132 2737
7885 9547
4121 6641
5223 129
6943 9767
7777 1583
7544 4687
7048 1209
6614 2737
6985 9900
576 3463
7361 9935
2053 9545
2192 6104
2615 4695
6683 3513
4359 2216
1181 9153
643 4791
7024 9586
4776 7508
6816 2919
1552 1710
6807 5707
9118 7245
1736 4439
182 2912
6756 3087
3769 5995
7730 8364
3891 626
8143 9563
5430 4707
3096 1214
9450 5299
6451 3292
4520 9233
4853 6195
7050 5319
268 2319
2211 7724
8947 2821
9888 8702
5595 9806
6572 6862
3560 9385
3913 9113
9217 3208
2831 8490
6673 4224
5139 2307
4119 7141
7708 6229
8317 4039
9497 6369
219 7356
4455 8603
5600 2250
6482 7186
5891 4704
9395 9274
1767 4348
4914 2243
4432 9983
8790 6324
2897 3357
8591 8017
9871 4485
8482 2440
1166 8992
6034 137
8420 4285
7913 1251
3070 8396
6646 6075
2655 3205
2083 6759
2262 676
5533 652
965 1953
9490 1252
6759 3347
122 4683
7789 6949
9982 4378
8468 3706
8607 5024
8422 7862
7957 6698
4727 7955
858 8060
8874 6149
7924 8451
9564 3941
2666 2897
3007 5469
27 3341
1928 4338
441 956
305 6647
7043 3276
2072 8341
3827 2630
8430 523
8944 9882
1538 8932
5811 5389
2594 4341
3892 6622
4563 8078
3642 5753
1586 5934
5191 5816
829 1836
7004 9941
9916 7437
8068 1002
3671 3978
8753 872
5237 5489
7412 6771
4222 8493
6519 2207
9275 4785
9836 2379
9865 2648
3710 5022
7343 3623
2278 1632
7032 7391
1789 4549
3883 6779
4280 4729
5121 4686
4944 3570
7568 1199
7315 4586
6718 7499
7995 3877
7699 8773
7804 6639
5595 8079
2409 4914
1202 2437
6862 6513
1105 1775
6506 5807
4955 5924
2206 4491
2903 3447
6184 6128
5639 1723
9835 641
149 8845
4336 1394
4427 3202
1188 738
3391 712
6558 4819
8673 9507
2082 9930
7222 2332
2871 778
864 9177
391 9124
6662 9229
4156 922
5770 8432
7224 711
9927 1676
2179 1023
8284 7189
7120 7158
9046 8275
2085 6467
2468 5710
8518 8303
8811 30
4621 6267
7329 8594
7965 7496
8020 9378
9388 5885
5971 5989
7259 4673
6580 5087
864 6028
1486 626
9308 6116
6041 4766
3418 1952
8071 1422
3988 5157
2655 3813
2660 1016
6861 8466
8510 2484
3152 6743
1882 9253
1552 1903
3830 5408
7230 2314
1023 8391
4631 6976
8510 1197
2573 7252
212 5503
9795 7636
1672 951
4298 1491
3869 6231
4772 3133
5964 1160
3341 8242
5801 2294
122 4860
1125 7524
5028 7908
7556 8386
6779 6873
8748 5305
5927 1999
6380 4320
9711 2373
6070 3963
1124 5445
1316 9755
853 2534
1522 2752
3420 4543
5849 6260
5815 9676
2548 9981
5141 4906
9657 5500
3944 4924
2316 2472
3975 4428
2235 7423
6197 1679
5720 4881
9884 4232
3570 6369
3124 4337
9493 2888
2134 9177
6180 7424
7811 193
3978 7386
5023 8384
7975 1433
5905 4507
467 8923
5256 669
5089 7418
9008 4387
1131 7804
4675 4425
3145 3490
8011 6392
1681 6035
2274 253
3118 1969
4819 4461
6321 656
5753 7533
8468 1657
6571 9403
6351 5311
6232 4991
2963 7167
2173 6336
8390 2639
2700 9059
1218 8868
104 5289
5162 6531
9932 6288
2249 216
9191 2552
4069 4872
3670 5189
2898 6112
9955 8520
2749 966
6490 8848
6033 2882
6243 282
5684 6868
1991 4448
3169 3538
8397 783
9548 8267
8897 6270
8045 6173
3414 3289
8054 1005
5628 8566
2023 3988
9464 4088
5407 8678
905 3332
2627 688
8628 5551
8606 9555
8260 8845
4487 2558
2103 3477
6828 5468
8668 8711
8098 109
3538 2361
5800 8273
1582 8317
1172 7159
2798 6204
5030 140
7245 1426
3628 8588
7224 4054
1940 3671
9631 764
3076 2879
2637 4326
1572 4145
1436 7315
4420 9972
5569 8928
7144 4695
1037 6387
6763 5349
7862 9118
8835 1339
9057 9809
2091 8369
1817 5922
2694 8048
6177 9820
498 239
766 5105
5856 8959
4978 2403
2606 8775
4657 3350
4338 9538
8859 4734
3592 565
253 9835
9794 9605
4712 9298
8879 4129
3530 3542
3729 5030
4535 7652
7172 4803
8974 1544
6266 4390
4792 3139
1412 5130
3228 4182
6563 2995
4836 4576
9771 7080
7687 3423
5237 9916
1505 4903
4960 213
2281 4912
200 1973
3939 7999
6682 3461
9344 1692
758 1122
6104 3030
4685 5664
9387 247
164 6732
8907 3323
2006 6975
4140 2242
6271 6848
1009 3554
6963 6045
5948 1179
3224 2287
1957 2717
5121 4194
9844 5393
8172 2846
5699 1686
9663 996
4782 3373
8955 7896
6104 308
2210 1761
5131 4140
3801 1751
5730 6243
532 4564
1162 2842
8044 1664
6225 1474
1843 1009
1321 1964
8841 6197
9197 5819
3738 2807
7293 1468
5508 5707
871 1111
6275 4266
9135 7355
772 5771
980 9219
9988 9485
7949 270
8699 6966
9448 8437
268 896
2780 5401
5513 6227
9918 6537
3575 3285
3830 7459
3198 4517
7983 3234
3480 1715
7345 2149
8490 976
3591 4935
5681 4406
5625 7879
9565 4040
6877 98
5880 6242
8139 4872
8241 9642
7427 7677
8096 2949
9879 6599
1340 844
6051 4459
975 3423
6086 789
3289 7830
8821 1260
608 2280
6913 6376
4341 6336
1816 9839
6547 168
7950 5149
4333 9346
1944 30
7548 4325
3757 7745
7435 5137
312 6765
2513 1896
6802 2813
8629 3075
7094 3472
9290 7477
1030 8341
8568 9975
6080 629
4306 1493
8106 9101
416 2122
1983 2857
9105 4230
7175 7096
6096 377
157 6624
3495 2477
1053 9397
8634 9447
6705 1909
8738 392
8600 5150
4784 7370
2797 3495
5220 2205
7437 5645
455 5023
521 1542
8506 2247
9425 775
7029 1212
4526 3597
1150 2786
6816 2156
5662 1662
8630 6051
2576 1132
7099 3067
4367 2432
3767 6610
6496 9569
5011 1962
2388 2481
1977 4984
7583 1493
1971 6251
4721 4654
7603 9015
565 170
881 5068
4999 641
8029 4022
536 167
7785 327
1315 7786
1714 4398
9878 1967
4534 6631
2127 3949
3446 981
8445 2416
6667 3621
2748 7862
396 8439
5897 2
1560 9953
6247 2350
2918 4938
7443 5095
6499 2622
2652 3969
5559 2940
3136 6574
5446 713
3405 7534
7039 8791
3682 8380
1817 2900
4314 4642
7089 5918
1702 3058
837 6882
5547 4021
5573 9887
5883 9673
2709 5960
4949 3027
3065 7540
5734 2674
6892 228
6578 9238
5921 315
2406 3900
2151 8002
7272 6361
3175 1612
5613 8485
4026 8726
3207 7315
7460 3307
5595 9074
9869 1041
2022 7429
4881 9677
8041 7748
671 2748
1252 2620
4887 6918
7273 38
2615 3862
8248 7553
4432 8336
7295 9268
9169 4427
5202 7266
5917 236
2626 4669
6664 9035
8905 8590
8420 7102
2946 6189
8739 8132
7545 1745
1818 5395
4958 7069
1726 9158
9297 6403
9222 9650
9916 5316
9311 305
5266 3604
9834 9694
6265 1225
7734 1739
1767 4073
7770 3738
4436 8871
8323 9536
5042 6092
4640 5323
9167 3905
9295 2976
74 7001
3070 6491
4844 297
3527 9109
6671 9639
7997 8796
914 7032
3077 2502
1634 8789
544 8750
7432 6464
3848 3755
4613 8439
2830 9290
4921 2559
351 1169
8768 8882
2143 2573
7971 6884
2385 6924
6667 8559
1126 3130
2027 5806
9780 7291
9789 1940
6828 7525
7222 136
5087 1457
2702 2559
9531 1322
3044 8618
6646 3813
6326 2950
6119 2654
9627 3774
384 5088
6665 2221
5270 1750
8035 5220
6518 6574
9719 3712
2354 7655
1556 7499
7786 4848
3873 314
3348 7121
5269 2853
8275 4326
1765 1079
4563 827
7288 2340
1794 9705
5612 8776
7839 9940
9124 1964
1199 1748
4454 311
1885 7923
5001 2184
174 4344
1379 5431
824 7796
1869 2497
2164 8442
986 890
5 4560
392 4815
6197 5046
5284 758
7346 1984
2507 8805
634 4439
5506 3043
4455 5354
56 1781
1387 6292
3357 8262
6506 3359
3393 2157
9853 6065
3817 9618
9683 3006
280 2057
4914 2777
7910 240
9028 1775
2011 2186
9953 5357
9954 5213
6325 7016
5605 2258
4185 2420
3940 854
8161 2316
1577 4458
4712 5270
122 8955
9234 974
8383 7320
2699 9559
6654 8495
7480 5495
8732 398
1587 2417
4357 3441
198 9909
1859 3963
8347 3251
9236 1937
1305 1353
5745 1226
9399 4380
1259 6608
5468 7852
9980 140
396 5499
6416 1024
3635 6944
314 440
7509 9101
6807 8221
9839 2262
6327 6896
7408 3208
7340 3213
8365 478
1070 6041
6292 628
3528 3732
7747 9945
7148 4208
5340 1646
9287 5196
8111 5577
1991 1515
87 6641
4956 2014
4206 7948
6506 9435
6691 7542
6513 5628
9152 6628
3715 6746
1995 9558
5835 6466
7573 40
1680 455
2867 1911
7284 2767
9960 9702
1512 114
1053 8890
9155 5566
8521 2987
5038 4439
8162 8770
6091 543
2328 8357
842 9046
870 6003
7681 594
1611 2669
2953 5482
6765 452
8558 2502
4487 9030
5200 1297
6056 9471
5387 4518
8122 7672
2873 4585
1680 3162
932 5826
4929 6591
933 7341
9224 9767
393 1444
3751 2422
8566 5102
9452 4324
8459 897
1974 4518
9092 2298
3853 4684
5412 6900
2987 6278
5942 9515
6338 495
4384 2725
4194 9553
3701 6164
9557 8729
9839 192
1957 467
7289 7758
4340 6776
5668 508
48 4875
4714 9408
1084 8636
2793 8200
9285 6505
1681 5915
875 1178
9783 3006
5226 2290
3570 1869
7023 3228
9520 4197
6238 9852
8467 8635
8683 3086
4972 4106
6636 1378
9617 5052
7062 5531
2521 5039
2406 5184
7041 1315
6446 9424
5402 3435
871 4322
6318 3450
2737 2563
1727 6866
7807 1741
2485 5910
4479 6098
9431 2910
5871 1353
7349 8148
9668 9566
1035 9418
3451 3802
2333 4696
3864 3431
5405 7235
1007 5258
1226 6711
6623 2345
7456 6009
2203 8832
4903 7306
3092 7846
4885 3504
3888 721
2335 4242
5363 1313
9257 3770
2764 8831
9884 8131
1189 8779
7621 1179
1896 5623
6837 345
5770 9303
3046 9832
522 2470
3696 125
7162 5772
6595 4202
4335 6930
3191 1371
4331 5984
5702 5684
7244 5421
2348 1858
1553 5721
6113 9151
3300 9547
3861 9915
4120 9684
6299 634
3870 5950
5405 3468
6928 2043
6182 9022
2329 9414
8078 5051
6597 6269
5147 5608
7503 4120
1755 666
3770 3257
9522 5845
5043 9042
7456 1996
1424 7846
9878 1125
254 3927
8325 5875
8673 6498
6379 8153
2762 1800
9768 5824
8506 48
2112 3686
6874 3894
2335 4444
1069 8626
4296 1936
1247 3260
7543 3577
7988 6789
1812 9023
5627 6815
9858 2381
407 3792
8948 6076
5013 3334
9371 6659
3398 1009
9919 4842
4937 4323
8924 2350
2808 5628
7836 4949
5163 6789
3291 3038
2191 2086
6288 7866
5933 3080
4524 6563
3952 2649
3940 9865
8101 6802
3663 6894
9725 7907
7238 7827
2166 7885
1859 5831
7683 5483
7804 785
220 9855
4546 2945
4170 9546
2012 8572
8046 5626
5908 858
1936 579
9516 3690
2626 2039
2575 5947
1937 1709
3243 1191
8758 9521
9073 8195
6862 8386
3259 1496
2719 7719
3181 8376
2356 1896
4683 7933
5391 3952
917 5501
9736 1636
8968 7791
1309 5190
3440 6947
5317 4636
1426 2334
1930 167
4207 4009
7687 650
5745 5916
3634 7854
5877 2033
852 6580
7361 639
3372 6934
7526 5728
1108 4081
7838 2499
8539 6641
7285 2285
6499 7062
1753 3456
8858 8374
8469 2786
6275 4221
2537 7578
6987 9237
7818 501
9493 6360
5301 7922
6601 9449
7789 166
4327 6959
6488 4980
8318 8343
9372 2099
7028 4067
4580 4860
5172 7054
1841 2349
273 744
9319 7765
1936 7715
2438 2187
3990 5265
702 3377
6071 9898
2234 1204
1713 7606
1570 7293
5730 3917
3481 6338
1537 2476
6970 5751
507 2851
169 5068
4052 3615
5759 7497
5324 5098
8109 1233
6358 222
6500 3597
8209 7657
7970 6833
9001 8167
1816 6108
1253 7407
9104 500
4603 9056
6748 2523
1026 8751
7600 4774
2684 513
204 6949
9267 2965
619 616
1705 1958
1138 4605
2364 4333
6293 4957
8306 2033
3824 6724
7388 9613
9661 5915
9912 9042
7042 1376
7654 6041
8133 9589
3142 6214
7800 8118
9252 6439
9132 335
1354 4347
5531 280
3039 841
661 4507
1500 8131
5414 6854
6503 1608
7971 881
7122 8325
597 7433
1735 7091
399 7386
6269 3081
5311 1619
3392 887
5914 6457
2371 1510
2957 2656
796 6878
885 854
6005 4884
5188 3731
5797 7620
3673 1083
4052 5121
1372 3275
8366 3597
770 9522
4406 3082
8775 9834
5533 6924
9825 7082
628 4477
9771 2704
8653 7815
1197 9309
3813 6103
6613 8630
4816 8487
9025 2910
9933 8961
1370 488
755 8410
7064 6123
6367 5341
9386 6046
4963 4898
4578 7603
6872 693
6466 7722
8007 6395
6471 2746
6570 879
8754 4258
5715 6415
4778 2130
9451 1084
9067 6995
8148 7193
1760 1181
9594 9237
1164 3689
3054 7703
6137 5762
8525 7371
6849 5595
1650 5784
8372 2048
9100 5365
7153 5699
9435 9338
9637 3781
6231 4820
9777 4672
5418 681
1368 9340
9077 2813
6117 2592
2323 6725
1221 8261
9297 6984
7871 8805
1739 9864
8487 5385
1139 7360
5583 4217
5249 2814
6278 3814
5184 4383
2511 6300
8305 4772
8187 1679
3601 6264
3448 8254
7811 520
1946 5883
2295 4629
5741 418
4656 9573
9413 8009
8287 8601
4467 7127
5950 6641
1095 868
9477 5396
2702 6032
581 4185
2851 3208
2377 2777
9250 2311
8743 9588
9237 9638
8813 7489
2152 9003
9313 3415
7747 684
7583 3632
5647 1599
8161 9712
5281 7770
7042 7978
8153 9980
1059 4805
2324 6731
370 3303
1653 1443
8340 4440
4080 220
9817 579
6646 9601
7049 1183
6347 2868
7357 9799
9640 9102
6936 3321
7143 8535
7997 8780
1674 8910
904 9682
7309 1621
7556 9686
8572 1180
4573 9691
385 2898
382 2451
9877 2587
2696 5715
5400 4509
123 3591
3667 4399
9235 5329
8253 6448
2996 9693
8910 4616
5181 1246
2904 7624
1168 350
13 1221
5054 791
9645 8084
266 9296
1427 7911
6342 6828
9187 126
7318 8956
5810 3781
920 9992
6502 8144
3936 2973
4683 7682
2773 8221
9932 9951
8071 5612
6385 7321
5655 9388
1424 1424
5430 1861
2053 5742
8364 2858
9515 5422
3760 1762
834 8272
5537 2490
9667 3333
6101 3941
3401 5727
6618 993
8278 747
303 4779
936 9244
6692 5780
298 2547
9065 2411
5250 2821
5040 9800
1409 3985
8809 6338
8489 8964
9263 4911
4780 2541
8171 4291
5396 6230
2361 8605
1177 7057
106 8899
9557 443
3090 3577
1103 3802
4939 6916
1647 9530
335 6086
5749 2997
6066 7228
3896 7528
8989 7161
1429 2901
411 6180
3002 3869
2104 3562
5049 3929
6890 1695
5383 990
9648 6885
8333 2769
2541 4568
5308 8872
1606 363
2578 665
6424 4332
3729 5810
301 3189
8835 5649
3322 1899
1594 962
4827 1202
3909 5752
2955 952
1517 6794
9550 6723
7562 2430
2830 7920
506 6090
567 8016
6650 2286
5771 1058
1227 9014
6523 1514
5845 961
8881 7533
7978 4966
3570 2579
7001 3117
8489 668
3162 4982
8889 7171
2467 6751
2373 6301
6472 3671
7331 2122
3743 5125
3769 1014
2701 3640
413 4694
8044 5795
4060 7073
5829 2802
3113 6698
6406 2648
2229 6056
2967 3378
6432 6194
4667 4297
8982 7128
6029 8726
2403 9590
533 4448
3432 1906
4463 2207
1991 3489
7476 5250
4618 6489
8719 4906
9975 3768
2084 9355
5796 5315
9311 8025
4658 4801
3146 114
2888 6201
4414 1134
5822 7492
55 5149
1536 1803
4168 4123
7721 9584
306 3523
7813 5970
8819 1027
1952 538
7190 5027
5332 1550
6707 2596
2261 2863
9047 4633
1410 3602
4494 6347
2900 5684
1851 6891
8 7297
1046 1938
4170 7511
6279 2206
3436 2613
4687 2183
1536 3322
2308 6418
144 530
9476 6655
9866 9494
6683 4962
7327 9376
1806 386
9126 1609
2836 6790
1422 7758
777 7937
4001 5892
7105 9344
3294 3811
2851 4420
59 4407
8224 1579
8011 4332
3313 9541
8855 2617
5763 746
4414 3459
6643 1329
7172 850
7734 1900
985 4459
1619 2428
7488 5489
9302 6014
9367 4033
9889 9768
3712 6392
2749 9264
9665 5739
5092 2947
3579 6922
2237 6064
7751 6722
6134 6890
9894 2148
7788 8509
1188 1826
7153 8739
3966 8972
6097 7907
9688 2256
618 9117
8231 7875
386 8485
76 6244
8283 1090
8002 2924
3790 472
8188 3231
6108 7081
9152 5963
6841 8465
9051 1717
2452 6260
9656 7304
2198 6863
1128 5916
7890 9275
2228 1070
6202 5546
2596 9821
7366 4341
554 4023
2829 5417
5787 1118
2218 9284
1469 3668
7649 8759
6327 893
3886 9492
9327 1542
8625 4705
9170 2432
2739 3332
648 9808
5293 1301
2827 4471
3821 2638
4961 3385
3775 7335
7140 6866
3555 28
4478 7354
993 24
4590 2816
5244 4988
4396 8152
1797 3731
7891 8696
5512 7496
7007 3040
1687 5998
5225 2654
7047 1729
2124 1541
5855 5
3492 1557
5111 8084
9121 2041
389 4741
9809 5908
4120 4068
5487 7456
2725 4889
3793 2856
7907 3279
1981 1021
7506 2975
6615 2622
7136 1699
3983 3282
846 3840
1450 8260
7888 1034
1240 6819
4111 3050
7190 4198
48 8946
5217 2401
5950 2081
7100 9001
9821 860
4040 6737
8325 1877
4678 1721
7017 686
1412 1279
8870 2783
9434 1497
2417 2884
8477 2274
29 6500
7198 7266
3100 2018
60 6430
3321 2508
1203 6483
4614 6792
5571 8462
3454 9321
1956 7072
7177 3597
4975 5380
3687 5655
2958 6896
7706 3582
8281 4404
2315 1504
1374 9871
8395 3087
2462 6239
3585 1929
5173 1299
4268 7026
5938 9728
7718 9590
5727 9540
6849 9002
6972 5512
9421 246
6160 4119
4981 8947
4836 2090
2552 5538
187 1388
699 1129
7523 2242
9745 9979
353 4010
6633 68
3093 2007
7775 2552
5345 7700
3049 2657
6991 754
6880 5942
4538 5346
7551 5806
364 6782
1526 9402
6600 6333
3393 7940
5079 9693
8070 4183
744 8229
5251 7578
1040 2740
8044 185
6082 9136
9108 8888
1566 240
7455 4890
4300 4865
7978 6696
270 2223
5575 8757
1226 6203
1791 1688
1972 6471
4394 9694
8695 2649
7837 3341
1007 5956
709 2504
2656 3458
5720 5530
380 8786
8737 8939
848 3467
1920 9437
8213 3467
3409 1225
9202 1071
444 1566
5699 5927
8233 4824
5919 9468
7941 2158
5092 6982
7879 477
7781 7115
4281 4415
7370 8996
4289 9774
4340 9730
2311 186
8230 7639
9358 6215
8370 4004
7380 5202
7999 5996
7695 7622
6737 8424
9155 2326
3382 5966
3381 5868
856 3313
7923 4152
4813 7849
5120 581
8453 2936
379 6541
5583 609
1019 5635
2601 3577
8817 4258
1997 7296
1015 8285
4241 5246
9742 8420
1525 1491
8951 8669
4838 8548
7368 6586
1537 8113
6360 3688
3967 7960
6515 6838
377 2601
7158 6318
2404 9093
1445 8151
1596 9281
2655 4694
2995 6661
4000 6175
7335 5982
1318 7259
7556 8930
3696 5110
8371 648
2023 1256
3011 8606
8373 8850
3470 8382
756 2993
7283 1196
1153 9452
907 6278
9511 5430
6965 6647
5739 3471
3207 5439
2931 5103
6472 9655
1827 6518
4617 5292
9184 6216
1028 2995
8725 2260
1529 9174
4641 7950
9941 268
7074 4143
7495 1653
110 7971
8542 6404
5081 9486
8091 9389
3356 9837
6136 6812
7226 2380
4804 7142
7581 5726
5234 8735
6620 5000
3750 2950
2238 6570
6366 8659
2467 1108
9630 5593
4696 495
5234 4471
1818 8051
2340 9737
6990 3814
466 3494
9766 3030
3789 5038
8209 2910
4483 7523
997 2738
1144 9222
6746 5654
1176 6167
227 9371
4336 4643
9262 2516
9082 4310
837 7009
314 9547
5518 4401
2698 5380
5795 8291
8970 7475
2714 9018
3112 1534
2736 969
2692 2173
479 741
250 7922
9434 9723
9540 5007
7684 6354
4976 6760
1761 5007
3002 8480
5556 8028
1031 7388
6893 5791
7855 4471
6237 5647
3674 6125
3890 3470
8211 555
6118 9430
6520 1119
7236 7568
995 539
6574 2681
3165 5068
2973 810
6679 5013
25 1812
2670 6262
222 7727
3315 5088
7198 6291
9844 5475
3159 9693
3323 4574
4266 2938
4764 5276
9359 6083
749 2024
3803 5948
8887 1895
6661 8620
5345 7090
2668 1280
1257 8448
3667 5712
7592 6750
6170 895
1938 5357
8981 5257
875 7435
7809 781
5421 8326
3111 8818
4966 3667
9252 3982
4773 7877
195 3822
4295 2926
4467 2560
7371 735
5484 7700
8506 2460
6835 6985
5134 9555
6034 9734
7902 1917
2282 2637
5161 5657
5760 2284
4339 6755
2849 5649
5289 9651
7166 9377
4791 1816
2458 8752
8278 8324
739 8598
8427 9074
7515 8790
8723 1498
2854 5430
9277 9716
78 1094
133 3051
8986 6566
327 6928
2285 4655
3045 1873
4072 7731
498 1795
6065 2827
6972 1627
4817 6241
4107 1513
4250 2117
7059 1498
1076 6662
1444 7825
9815 8991
1661 3232
4300 5061
6754 8906
2817 161
938 4459
8451 8021
3153 6859
4557 1616
4482 7663
6491 593
8888 453
116 5375
8673 3569
2872 905
8688 666
1102 5151
1038 786
1738 2216
6959 6837
9235 941
386 5418
3515 3301
1226 3731
9586 1609
1048 8012
4564 2489
7914 8293
3159 2706
9136 9766
6489 3240
7516 5300
4209 1698
3761 6434
2405 802
4216 8698
6806 5759
8570 2806
6830 354
3812 5999
4249 4764
9329 3266
9112 2401
1568 1538
9104 1650
7983 2618
1841 926
7050 8747
2384 7960
1227 6071
8383 5707
121 6358
7501 6246
6591 4854
9863 7591
8591 8310
8474 658
3089 987
7809 9353
3159 5298
8960 2964
2792 4362
5485 8030
364 6841
4440 2617
6206 6077
6311 2198
3717 1080
5665 2760
4709 6311
9339 2065
1374 371
7789 341
8267 3920
1326 3996
5314 5613
7116 2972
2245 9456
5931 1880
9577 7270
2144 9314
5468 9197
8418 9528
9348 5933
389 7914
9691 1914
472 4290
3619 1342
293 7895
9236 517
3390 2885
1542 9976
5947 8236
8615 2425
7494 2927
6558 2669
4886 2949
1485 4430
3655 3622
3896 5018
3896 3631
3859 8681
6463 158
2063 8206
4465 1267
3711 6094
7350 6511
7725 9904
8858 2070
5612 7132
9795 8154
1611 3048
1552 175
4619 9026
9496 7517
5495 3456
7776 2747
5761 1131
430 7673
2412 8824
6978 4994
6399 6698
3430 9566
4473 1036
760 1509
8074 6575
8263 2804
6547 7952
4811 219
8596 149
4061 8643
3976 7299
451 6048
5984 9107
4363 6687
399 5846
5978 9865
6934 2111
8752 173
4165 9172
9146 1522
7000 8997
1461 747
7529 8789
1359 8854
31 2320
8123 2708
1954 2859
4098 5730
204 8866
3797 3853
2277 7464
1129 8342
5327 3876
6635 5778
4734 1921
6931 8531
7610 6714
6550 1701
5649 1389
9765 5815
2002 9316
7254 3446
6495 507
9221 3684
8584 4785
4867 183
3896 1174
3728 6882
6121 7446
2671 4275
5404 8834
195 2144
6028 84
8899 2959
2993 4928
7701 550
1658 7044
9676 216
5122 7880
1733 3470
9194 8333
2226 4212
6915 8609
2267 1915
3373 3933
57 3652
8321 4185
1331 4561
1607 9651
5440 2908
9461 441
8973 9664
8880 4768
9853 3667
6192 1150
8203 636
8472 8813
1947 8711
2402 316
3245 8484
7634 5947
8051 3693
4003 9097
1957 2485
2941 5758
5015 1916
6503 3471
4690 7200
5851 7772
4256 979
9866 7035
4076 4205
7297 1899
2949 5648
9079 8152
5544 5601
7198 9781
3936 655
6381 8195
2610 2906
1 5136
3073 3076
3193 3046
6376 7840
4381 2983
3643 7872
5010 3847
9665 4476
8324 8237
6532 783
8140 7287
5219 5820
9643 8179
40 654
4087 715
7825 1086
9681 7414
595 333
9502 6293
6741 9495
8936 7131
4265 6086
180 834
5377 4964
1323 1382
825 4654
8589 6811
583 4833
2348 8826
5602 5928
5646 698
6834 6031
3615 1306
8823 9788
5763 7637
3567 894
4474 1919
7995 7986
3089 541
351 6290
8973 9380
7764 7576
3699 3203
1012 9468
6601 2781
1568 4060
7422 5232
7276 4854
7266 182
1435 7015
9565 3795
3765 453
2391 5721
9644 2037
8621 8215
313 129
463 6193
1339 5358
8016 4328
1181 69
6427 7164
9213 4898
1725 4005
7956 9185
5040 7247
4159 8841
4650 8402
3482 4469
231 9579
1319 7696
4553 6098
9162 3808
4222 13
9269 9479
2156 2839
970 535
720 3694
1795 2769
7831 5345
4413 7683
1409 1695
5072 400
7875 5965
2157 6716
9826 1353
4406 3344
3884 8883
7766 6498
822 3283
6939 4614
3122 7152
7614 3021
8257 1002
5553 278
8642 4559
1881 8664
4295 400
2188 4939
42 8783
5604 5799
5238 9031
8118 3256
7526 9238
9669 3091
9806 929
8470 5308
59 2966
330 4320
7282 1806
907 6867
5961 9630
1418 70
2301 3459
3046 7133
6301 6360
962 5088
7335 5783
9877 1938
9385 6640
1194 255
9152 3088
8436 4440
826 2393
7110 2737
3823 4147
3901 1288
8617 1679
498 7506
512 2040
5482 931
1514 4297
8256 6804
4415 8342
8201 9652
8419 6578
6189 852
7617 9604
6736 5723
9078 2592
3902 8316
3917 5729
2854 6257
4091 8995
9423 3316
3817 6254
6325 1260
1277 7869
4923 4733
1747 1022
1881 689
5846 7729
320 7073
9431 4351
1737 5898
7162 4852
7590 4154
2173 9989
8413 4276
7443 3285
1573 7469
9208 7219
2641 78
5501 8795
7593 9881
8795 7428
2665 474
7357 5834
958 6932
5611 5155
9979 8062
2466 6995
8564 9571
2729 6412
9977 9246
4463 6047
4086 6978
8646 9269
9806 6231
3716 7080
4573 4409
9988 3237
7184 2815
7619 2813
8222 8650
2935 7337
5787 6750
5784 4143
4166 6323
4856 4401
3346 3398
3662 3916
52 7855
2173 7157
6417 162
7457 675
5521 8108
7103 1845
1267 9368
7082 1791
604 7964
6806 9460
1512 3281
8266 1586
4784 905
6706 8528
853 3822
5582 3549
5724 5306
717 6295
8083 5970
8521 2757
5644 9720
2033 7470
2525 4209
2844 5345
3559 8749
4575 8738
9730 4262
5335 4030
6943 9916
9401 5687
6450 5983
3792 538
4662 9788
4899 5272
8103 7780
4888 9166
7472 6083
7557 5340
1892 9361
9182 9972
400 9886
3160 6998
6683 8305
8613 1488
6955 3104
1343 432
4066 9663
8986 6927
1337 6239
1646 3255
2432 3057
196 9793
9794 6423
4636 3309
6392 2087
3044 5601
4371 8092
5016 4493
9945 9946
6469 2579
8288 2471
1903 9083
1259 3034
1735 5086
6511 6289
6414 1685
5590 1197
3943 8743
6841 4549
9724 254
5919 8065
4 7784
6198 3909
4261 2970
1761 3559
2028 7052
5805 471
5125 2660
2370 7431
5706 1574
8012 5614
8932 1440
777 3269
8008 4674
5965 4963
5421 2773
3474 5056
1268 7396
6303 928
4402 411
3097 5755
5752 6802
2901 5673
5480 2144
67 6452
7591 3367
8601 6472
1014 5826
3871 6249
6065 2057
7688 3102
7162 4846
5562 6459
6567 8710
9444 142
3859 2502
1545 2899
3707 9219
9574 5801
3308 3615
4210 7082
7872 8836
7351 6225
2109 7243
1039 2120
8401 953
6150 3368
8080 2089
437 7440
5574 8131
8814 4447
7770 3379
2331 3868
5501 9799
1464 8465
8002 2788
3483 3473
9939 1710
3641 5453
5898 9482
7907 9722
3232 9195
8033 2543
8291 8716
6390 5235
2971 7376
6238 1006
5579 5352
9877 7925
13 9717
9690 621
4570 7808
4550 9268
2032 3263
1711 640
4624 6445
6285 6835
2712 8773
3151 1683
5941 26
6136 2994
5088 3132
8219 9805
1652 6922
243 3947
1582 3352
6348 1952
9424 6152
3291 6092
2094 6174
634 3452
9806 1925
79 2047
8318 7557
2015 4392
4597 1436
9290 9931
2832 5867
2206 8635
2956 7765
1119 2903
8717 6977
7899 7971
601 5441
800 1576
9929 7512
3418 5798
8773 4116
7315 8863
8665 1376
2134 4345
9852 9942
200 6828
1770 5425
3276 783
2610 3629
7995 5386
5716 3909
9062 3104
1775 7941
4715 8189
6349 848
4189 4574
2596 3889
2522 598
9965 3393
6699 9679
7179 3448
7971 9322
8530 6524
5111 8747
4013 4972
7263 8890
3409 1224
1123 8789
4561 6553
944 4365
6235 9481
5826 4703
9487 9399
7513 1677
4420 6217
282 8195
2 5401
1037 1642
7955 2673
6630 4165
6820 1152
8144 7874
5475 6979
3571 1703
1783 8555
2815 3872
971 9169
3897 6668
6329 4911
4071 1741
5014 5491
2616 9401
2068 8517
9857 6062
506 7625
1562 5114
5195 2979
1585 6662
1963 231
8162 9977
3281 1460
1988 5512
8831 9939
3343 4272
1726 2701
4688 6183
439 1269
7677 6586
5885 1421
4016 2424
3574 9308
274 4999
4023 6275
855 994
2378 4702
2964 9677
5973 8392
8702 3613
4570 3355
2712 753
8638 1557
4820 9214
9513 9062
8444 10000
5040 9998
7861 8561
7598 4808
7059 2095
5893 3295
1628 3304
9590 7332
2457 1552
6601 7245
6015 2782
9196 8100
8644 8092
8100 2055
7725 8249
6754 652
2175 6358
8008 5316
365 6366
1525 7476
3522 834
2991 370
6636 1040
4136 3413
3640 1603
4213 8531
3029 1153
7887 1983
7994 6457
2889 8149
5616 5730
5848 5922
9840 2172
1507 6904
4006 5216
2120 8811
6243 7458
8557 3464
7510 7210
1491 2194
8928 1824
6661 1942
3170 9246
9661 3177
6151 3823
684 8215
8942 8230
2582 7670
149 3793
5678 1100
793 4906
1055 4503
8162 4563
3885 7103
1665 4952
7508 1807
4272 4768
4935 9778
3202 9133
8952 6790
8595 2647
4850 6865
6075 9373
1581 445
3146 3501
8417 6073
7845 7191
5676 8301
1182 5621
524 8461
7608 552
7638 5531
3816 7877
8624 4854
9685 8152
915 5232
8000 446
8807 8867
6318 8939
478 6014
3112 6411
2961 4389
1846 1959
9228 4322
5830 2605
6608 2361
2044 4819
8033 8015
2177 6372
4666 5233
9712 9815
7070 8897
3143 5573
8336 6917
738 4457
3883 1340
7493 9867
8390 7600
58 9029
4301 8325
1991 6191
8957 8539
1633 5373
7610 2622
961 598
5400 173
74 9937
4276 6707
1016 9565
1654 1417
155 8537
2839 9870
1397 8073
113 4387
6489 7377
554 2896
112 2552
6419 4572
9791 4045
7578 4212
4720 946
1326 4836
172 3123
2445 431
6428 5055
5438 4970
9478 674
3803 3581
2553 2678
1866 5749
2028 7231
9799 9750
2712 6498
7474 7059
1110 736
8869 2606
6140 9128
5794 6882
4363 31
1116 1041
6604 8773
1194 7584
8002 4279
5513 5607
3978 6784
9456 8831
9127 8701
9837 1565
4428 1247
6268 4573
6119 221
2947 2667
3276 2022
1560 6832
9325 7545
3712 6810
3848 2509
5110 5482
4020 4805
9326 4933
8496 5221
8726 9102
6567 9413
276 6500
3288 189
3384 2155
2219 5219
2579 4741
3477 4529
7545 185
189 8906
4241 2477
3979 4688
6452 2583
6620 8596
2842 4006
5094 3724
5036 8436
6153 2068
7962 5837
1590 7954
2886 4583
3448 9026
3269 1357
4124 3108
2925 8074
2558 6900
7803 7628
3822 9136
3600 6882
5047 2390
1222 1229
3518 7106
6291 4657
6952 9038
3751 4234
6339 1851
2520 727
3898 30
2974 237
9343 8094
9009 3278
9294 8784
933 7729
8717 9010
7931 8720
7678 9009
1054 3214
1564 3265
8699 8318
3668 8277
255 6525
2642 8874
9814 4930
7214 2185
4829 2574
3223 1320
4357 3829
8251 5723
4369 2073
1694 4193
6640 2016
360 384
839 4218
4089 7061
3096 9143
8635 6983
261 7374
204 1514
3002 5143
1550 9712
572 8434
2484 1521
2284 3015
7480 4738
388 4309
3509 2838
7451 6323
5436 2299
1992 6985
7385 3872
9032 8837
3659 3287
1668 8891
8390 1046
5351 3099
2996 2984
5778 2489
8261 8621
1105 7557
7107 4356
1313 9462
7449 7467
4077 6753
5195 9482
8656 8306
7936 258
851 2052
6934 5011
4925 5323
6979 3706
3959 2065
2302 2926
6824 5978
989 2388
2599 3650
205 4566
8942 481
7531 9222
8557 4006
4649 5867
9642 6268
6796 2017
6501 712
4484 7747
6672 5708
5165 9557
2384 572
5600 6748
4260 63
5977 5031
4054 9955
6696 4078
9830 5766
9831 4259
9228 9917
8011 9993
8357 8263
6278 5336
3017 7932
5347 7952
8395 2067
7392 3706
4990 7805
8775 5812
3273 3908
4247 2583
4119 4644
5598 9183
4930 8463
8310 9607
6339 8466
3683 1718
1228 2514
8181 5056
5378 4156
7857 8398
4275 372
5604 123
1624 2441
9467 1983
4732 2828
3082 5780
4190 4436
7548 7799
6827 5181
2602 9219
8558 6285
3140 1796
148 5388
4083 9159
1209 980
9556 324
2215 1447
3923 6684
5095 1421
3637 6379
8657 4561
9067 5599
143 1889
9960 8795
2818 8283
6124 1384
5288 2236
1175 5028
4380 1561
2857 4282
9408 3698
2510 5570
4395 5077
6834 1542
1839 2821
6591 97
2860 292
7668 9483
3297 6042
8172 5566
2982 3073
5086 7947
4060 4144
8812 8206
4796 8520
893 5114
3679 7111
668 7752
5533 5723
1385 1011
7171 7638
3551 2135
8252 2397
6717 3180
2950 5945
5003 9662
9853 3522
567 7888
4487 5379
8324 9350
4247 5159
6347 1738
448 6643
9486 5722
3621 1410
835 5895
4145 1060
6122 6529
4593 5568
9326 7360
5106 3169
8608 5956
6178 6683
5855 8267
8393 2911
753 1051
9161 476
6014 2849
5993 6248
645 1634
7406 1418
2072 9515
6652 1622
7004 3088
2281 3904
1853 4358
1652 9322
5493 9305
3564 1417
1418 175
8885 2715
1149 5792
7599 8940
1745 6339
9673 6724
167 7319
9065 7358
7284 6473
5658 4155
2143 4271
4580 5345
4509 2205
5570 8539
3358 2263
2292 5570
6390 9888
7829 2010
8091 6654
5727 2293
294 8639
1115 439
4903 3810
9802 9711
9171 4779
7208 3499
9489 8360
3697 7073
4527 229
8974 8114
2860 7554
3128 3681
9616 8732
9667 4460
3671 6517
6861 6892
8057 9386
9015 3609
8940 4478
89 5367
469 5874
5653 117
5840 1331
8597 9908
1295 9766
9386 9465
8862 9756
326 9039
7202 4580
4243 7214
9656 9677
139 7812
4372 1355
9793 8683
5072 4219
6610 4220
7117 1429
4403 6915
2819 7287
4660 3646
7399 3310
7274 122
3363 4272
701 9071
9226 4328
770 9237
6594 4907
319 560
2584 5567
9676 646
5248 5746
6745 6260
8697 8137
166 4422
3155 1857
6776 386
3781 6038
285 2487
5032 9221
5011 4682
924 8224
9813 7709
1067 7329
5432 1460
1843 4798
8637 4912
7850 7785
9003 8166
8507 1547
3612 7867
4610 5995
971 7949
5568 4458
2094 3874
5293 5882
8703 3128
1621 7768
3776 1901
5474 6287
9620 2328
7171 277
8733 8295
8818 6331
4325 3942
3638 9951
4771 55
2532 9358
4597 5407
1495 1497
4371 1595
8998 5853
8449 6960
8752 1723
5158 1221
3045 430
8003 4138
3663 8983
3322 1892
1573 8863
8274 2385
9104 813
9311 2813
1973 1615
568 2331
6832 2018
8024 592
9296 5159
4845 4395
9953 8814
464 7977
3731 5578
6053 9826
9400 6105
5792 4407
3352 9827
63 906
9739 47
2567 2794
5143 8044
4902 689
6148 4036
4531 1024
8661 5043
2997 638
1160 955
5819 447
5955 7481
4094 433
2279 5198
5983 3669
4050 9877
8263 1333
9515 972
2090 4221
3529 5294
8481 6189
5384 8462
5741 12
7711 1571
1832 1729
8434 7789
7917 479
6304 4765
6689 6294
2737 7147
4321 2200
5021 340
3534 7288
611 1586
1636 4263
4470 1093
7950 5311
9903 7346
9664 853
6161 2074
8567 9718
5581 4446
1084 6230
8122 8627
9559 9939
18 2494
3833 7704
9234 4740
3616 3865
7109 9822
2752 989
5203 96
788 5997
7757 9935
35 7838
2091 5452
1849 7607
3431 8320
5728 9107
1470 4508
7560 2859
8497 3166
7855 6260
896 4582
842 6730
167 4924
3449 8188
6797 7043
282 8140
4924 8490
3906 3678
6765 5432
749 2317
6844 3834
4757 6431
2214 5696
4175 5012
4310 6031
2003 3261
3161 1624
6931 1917
2803 4383
3321 3432
7295 9642
2023 8852
6817 1229
529 2926
8096 4935
5859 8551
3574 3199
9937 7579
44 3524
5717 137
6182 2235
667 1693
1298 1674
2106 152
1347 8095
7959 4518
9764 8696
9635 5276
9198 1206
5348 8687
91 3504
2693 2131
8847 8946
7410 2779
2862 6404
3766 4746
7498 9832
9943 2996
5774 2111
9931 7972
9674 3420
8167 1040
8270 2114
2800 3309
8980 7060
9761 4855
1930 5821
8076 9052
5052 5070
3694 1093
3174 5672
6885 1245
4538 3644
8581 7920
5347 3124
6310 5803
3853 5
4495 8264
8693 5888
2299 4912
5935 6590
9633 1568
112 7936
605 7343
5221 399
7430 1116
8033 4048
8215 5713
9387 106
2785 4609
5128 778
6919 4077
1459 8266
727 2767
6093 6095
4503 3852
3429 1092
8583 8472
6184 1615
7479 3984
5342 172
2667 4901
7615 2366
1212 375
2950 539
2102 1193
55 8697
8825 904
875 9932
3565 4787
6063 6052
9730 2526
6601 4573
1654 6967
4158 2870
4370 3965
4266 9047
4068 4211
9676 7412
6865 442
3839 8292
4864 4050
2215 5628
4451 4826
256 891
4498 2266
3513 6378
6220 8059
7817 2655
9129 4468
6124 3222
4775 4205
1613 3346
9778 6363
1545 7978
1730 2061
5021 6109
5911 2959
1182 3895
5984 6340
172 3752
2061 4347
3372 3497
6131 1040
5591 3273
4750 5549
5701 7966
1011 1733
5518 5947
5819 6668
2309 2382
4914 9410
9746 1996
7994 3564
6074 5795
7527 7046
7701 241
1923 6903
4866 4925
4668 5528
3804 7623
8871 5102
8367 9097
717 759
2495 190
7656 6375
3526 647
5335 6684
6687 5286
1264 8616
5024 6646
9090 7743
5254 9752
319 6117
2371 5322
7841 2172
1204 139
1444 9829
3199 1165
5196 3839
7270 578
4469 2562
1157 4566
7581 5498
7383 8296
2855 4939
7297 9525
3124 7032
1731 6986
783 9642
3868 4496
7333 6361
5831 6315
1965 1468
6073 5226
1983 5991
4837 3272
7178 649
2873 7481
3980 2905
1500 1160
6456 9550
8939 7665
3331 2268
2370 6260
1340 2530
2604 9488
5222 8123
8555 497
2083 3201
6243 9879
2165 3707
4474 8841
938 136
2245 3511
2405 5534
2584 890
6989 651
3806 1698
7420 9079
6168 529
4916 117
291 4339
7672 9865
3435 4171
1873 4088
8254 9885
1879 7163
8346 7770
8650 2789
8661 9277
4539 1718
9459 9246
2687 7894
509 2008
963 5572
1465 2767
9708 9540
1065 3662
7826 9375
5724 4396
8032 8676
9940 9616
225 2088
6450 8676
7246 4674
5612 1894
2216 9172
3375 7256
323 5151
3784 8655
8392 3980
3866 7867
5149 1807
7061 3413
2095 797
9490 732
3293 5755
5648 3546
678 785
4960 4764
877 4268
9393 1881
7981 2469
9340 1460
41 2106
1618 8243
3952 3371
4816 6978
3576 6240
8224 6250
7431 5349
3005 5225
5356 2235
4815 1230
3047 1133
7458 7203
9578 6386
8019 3136
5780 6681
52 9507
5554 8745
7790 3555
2285 4447
1209 6487
2336 3831
3221 6427
9731 8370
515 9190
9360 7278
8527 4515
5633 6615
8040 2061
3187 4921
8780 661
1557 9719
2051 4156
1951 590
1899 1314
8376 5643
5104 123
2811 9140
3611 9252
4736 611
2871 4331
7736 7144
8905 54
9274 2764
8251 4956
3339 5286
8332 5040
1595 3808
4348 6063
4135 2624
7135 9184
180 8735
1709 4293
5546 9180
9647 1399
5079 8035
9549 1472
4413 3533
375 6486
2468 4248
6629 775
2468 3623
4168 2007
5652 9766
366 6724
9414 3131
8037 92
1702 3636
4369 6812
5856 6892
8603 4412
1513 2749
8697 7220
696 3306
6590 9330
4528 8393
4023 9275
5483 2003
1009 2104
8399 426
4248 3551
551 7380
8869 139
4670 6858
3115 2376
1568 8892
6241 2428
3496 4691
9496 7434
3813 1110
4609 1466
9368 6600
1822 2922
7335 9035
6852 4830
9342 5615
504 8888
8985 4227
7226 5247
4850 9443
261 8992
6700 9705
6910 2364
3684 7307
4703 7916
1904 1790
9702 4075
6367 7464
3737 6740
8895 3726
3728 2764
145 4419
8083 5505
3473 4360
7462 1741
7135 5616
5430 3782
9933 3520
7134 3936
9051 8496
9032 7436
2628 2523
8032 4247
5325 5333
941 4125
3718 6158
1058 1147
8673 5165
3616 4719
5965 9728
51 7662
3039 2045
3049 714
299 6989
2665 3910
1518 9573
9507 1024
2143 1590
2629 8605
634 4871
4014 5536
2508 4941
177 7491
994 490
3477 4258
1318 8419
8704 3260
7202 1723
3165 2074
8029 7138
8404 7314
9144 5247
1187 4783
3896 6978
9808 8598
1238 4020
8938 4511
3347 5266
6455 568
9907 7647
8739 2320
6533 1708
3631 9531
4349 1271
9325 14
7300 3537
1295 1712
7695 152
904 5360
814 1970
6829 2104
3566 1692
3335 7615
4196 9046
5777 9802
9084 4754
4323 1738
224 4817
459 4372
8129 6794
529 4958
3712 8268
3532 2162
7446 5482
4165 1076
1386 9305
8832 3853
3205 775
5919 9143
3662 2645
1350 8965
7065 4461
7106 8506
3681 9662
4105 79
9085 336
773 7296
9196 9048
9001 8515
9168 4220
3402 1890
7007 9670
1863 5766
2412 4836
27 9436
2274 7540
7176 8052
1943 9478
2071 2102
6876 5091
1148 2126
1067 4050
1002 6168
1667 6676
6808 5683
8899 2632
9039 6364
1236 8064
9686 19
3933 4093
9072 7841
3467 4659
4530 6496
534 6715
9594 2625
6376 2846
151 4200
7229 7271
6642 6574
982 1598
2660 175
2838 7796
5789 5880
175 6950
7914 6180
97 3099
1295 2008
3113 8011
4451 6927
1578 9915
1624 5879
2478 3347
3757 9173
694 6649
3764 1552
6846 2609
1775 4462
156 7079
2220 4292
7862 43
1828 510
7819 5976
3242 1230
4987 6559
6478 3266
6821 4539
5657 919
6491 6905
3308 9309
1999 9609
5605 9457
126 7286
9549 117
3819 1089
8213 7559
4415 9880
6261 9107
2815 4002
4251 3802
7955 5596
8958 4077
9287 900
8388 9599
4693 2708
2023 4206
7707 1239
2777 1704
2760 1609
6286 5743
1644 9714
2223 4223
8249 7391
5083 4650
1817 8490
6052 3028
1198 7423
9330 7574
2790 2755
1229 9167
4378 7824
2659 7650
4996 5390
2356 2596
5542 3760
7297 705
4978 3263
6393 5074
7248 1619
3909 7004
7864 83
3887 8098
7542 6351
766 8350
5921 6428
5597 25
4038 3733
4003 9809
1981 6659
9073 8492
4247 7438
7698 8356
3529 3277
2142 7978
2808 8235
5355 9672
6328 1111
2090 4599
5267 3053
4279 8388
5083 2443
9974 4273
9862 9569
4484 8081
9381 5805
9518 7377
2110 1651
404 6557
9721 2345
8170 3871
1456 1127
1485 3110
634 7043
8586 9229
3951 6303
3931 5447
3669 7208
2459 5016
1987 9890
3982 4189
5411 3368
315 2718
4 3538
4357 3327
1558 6798
7663 4613
1933 2720
4761 6955
7932 3747
2438 5871
1426 8541
5103 2980
7682 354
2360 5907
5005 6930
5211 5073
6428 4149
9066 8089
4912 2722
4582 7083
1143 1601
3182 1958
9272 2686
113 8474
8401 6879
2178 3392
6035 510
9575 6119
3574 990
9233 8986
2262 7124
6666 4383
6092 5948
2545 2199
8719 6599
1625 340
1455 3385
9774 5189
2181 2441
2714 1112
4241 160
8714 6945
2423 4591
4069 1820
3096 4694
5692 8675
1548 377
7333 1465
7434 4133
5189 7978
2198 6073
3575 1366
5694 794
58 6433
4290 50
211 8440
1558 9648
6604 9165
2674 8088
2798 7940
2063 9688
8739 9827
5907 8477
2717 815
370 9714
318 8252
666 465
7638 4199
6819 2110
9015 6117
1731 3642
1191 6290
6747 7607
5659 9340
7399 499
1433 6926
3776 5201
4226 9726
1779 2891
1624 2804
3294 9258
224 214
5414 6606
713 1685
3868 359
3126 8256
2328 4370
9347 3245
126 551
1042 4734
3921 6743
908 9365
2928 9855
3231 2546
4430 3167
558 6321
5677 9542
5306 8656
1928 8150
8945 8710
1955 1801
2163 5556
7893 538
4807 6607
4145 4827
999 3322
8378 3684
287 944
3374 7858
2414 6496
4111 4197
5000 9040
5521 7750
2791 1993
5669 9537
9690 7689
5493 3774
2215 5667
5913 2239
402 7748
2061 8831
5335 7371
8891 327
6062 7720
100 8046
4014 1202
1515 2985
4228 7885
2180 685
9533 9486
3140 2942
5215 9767
7283 7731
611 2328
2010 9447
648 7539
5011 7775
9254 9429
995 4351
7244 8176
2549 9502
6792 2476
6353 5167
4222 5616
6815 3100
9395 4135
6753 4854
1604 155
3963 6504
1305 9792
9695 942
2840 2650
266 7819
9239 2958
8098 3448
5909 1518
6272 6895
9966 4558
1911 7203
5998 5914
3738 2190
4958 5147
5816 8820
9105 5439
4120 6593
4129 881
9243 8268
8430 4126
4880 9038
2260 1682
2897 9685
6547 4294
175 835
6202 4841
3182 387
492 2007
2892 7292
483 5011
8423 1997
1579 3140
3392 5531
270 2527
4815 759
3830 9525
6153 3730
9203 2297
4391 1478
6778 8923
7839 2405
1251 6406
5173 7889
6956 9383
1761 7273
2880 345
5373 8457
1951 7523
1736 6552
3251 4184
9736 9620
3041 1113
3448 5816
7155 2656
5891 4051
2987 54
9164 7281
7391 3274
4466 3417
1781 4311
3747 9328
8758 3145
137 667
3067 383
6838 9944
727 7751
5322 9007
9172 2160
5976 5369
1717 81
2800 3768
1015 9838
8859 7086
9168 8991
3011 1617
6384 1954
9839 6341
2482 8527
5418 4447
8866 367
2352 293
8399 7925
924 9675
7588 2271
1324 3337
158 6123
7893 3265
5840 4011
800 4676
9991 8983
5451 154
7248 8346
2169 9551
7901 6341
4205 3088
2906 3313
2221 5578
3036 2036
2051 6594
9092 3350
3452 5471
9358 9593
6797 4775
8697 7028
5578 8708
6109 4758
7791 9940
763 8291
2826 8815
6004 6766
5488 1239
1952 941
3521 2861
627 4090
5764 9816
7191 601
6489 7413
315 3882
523 9581
5196 9853
6967 6646
8925 2881
5571 5369
7342 1243
70 7108
2701 7097
1328 8826
1458 5989
2169 7244
8644 9080
2398 7545
4661 2230
2890 8140
2941 7718
866 2130
1140 8502
8946 4770
5117 8552
155 7788
6683 9367
6415 3185
466 5832
6983 1021
1001 9850
5064 1845
351 8225
2078 1697
8454 9759
8675 7091
9782 616
6792 2269
5596 5083
2461 6358
8866 660
6376 1818
5809 2699
4682 5921
4038 6853
7880 7333
516 7631
8983 2198
1534 5434
8170 5982
655 4153
6077 9057
8962 3812
7085 8172
9086 9044
8900 7871
4508 4874
6999 6454
8515 2609
5294 6802
9619 9551
7874 8014
4112 3149
4344 2051
8613 7923
7668 6317
1684 2147
3721 5900
3781 6151
9265 5182
2914 7451
9819 2902
7155 8474
6366 7561
2677 7532
1783 9955
3671 1491
906 7899
5835 2073
5660 7323
2470 4966
1483 3497
3609 4255
1014 8012
418 8297
8659 4211
4624 5274
3897 5815
453 4758
6734 6901
1824 9653
4687 1745
1028 5840
1380 8419
5689 6432
6755 9596
480 7096
7873 260
5680 5274
9982 8104
8116 7204
7408 2626
6830 229
5289 737
1118 9167
7439 9215
2367 6887
4831 2931
8242 7068
4275 5182
6411 3948
259 5430
8226 2577
2413 8095
1617 8703
4822 251
8850 2531
2656 1649
5781 5761
8258 420
6598 162
3514 8702
3920 284
4718 8552
1301 1360
7183 7600
3218 82
9382 6183
8711 3091
8639 5982
6611 9654
5716 7698
1414 3019
9189 9833
2047 2014
7669 3498
7739 5989
8634 4658
9844 7686
2085 5454
1357 3432
186 776
7396 6568
3812 2836
9185 7562
1051 791
2619 7802
1573 3411
7067 8958
5709 9777
8255 9488
8457 1254
877 2770
6439 7340
5868 3342
671 2803
7105 6542
7547 8607
1335 4675
9873 1127
34 7053
1428 8224
8240 4005
7808 3708
1735 9414
7155 3796
9544 7390
1615 6782
6656 9979
2059 7773
460 7697
2919 5561
1104 5477
6571 1077
2000 5919
7194 1600
3760 5436
5562 8296
9305 6861
2249 2538
3115 1893
9224 4951
6830 4522
9397 7660
4762 7212
1254 819
2396 3509
4258 2310
9847 3616
437 1212
8768 6243
9911 8679
4259 3850
258 6441
3498 9500
83 5159
5433 6343
6131 3301
6391 6197
2589 7565
1493 453
8436 7637
5562 9380
2009 9775
6674 5687
7534 4325
7037 2006
4281 2423
381 2990
2758 8740
3390 5430
6775 9759
8993 7737
9287 9592
4576 3451
7026 8723
49 9538
1031 3209
3604 3127
2501 6093
6686 8443
4975 6247
3339 5354
5180 7798
6479 8670
6423 7352
1705 9697
7619 2628
2242 4970
7851 4402
940 1094
7980 9456
9286 2025
2786 1928
8486 8309
8337 3230
6305 3345
7357 5175
9925 2607
7513 6753
2727 539
4002 1600
9655 5099
3709 4508
9988 5102
1176 6588
3123 8
6380 6165
7521 1269
9228 6941
5479 1591
2976 9387
4109 1673
5934 3068
9248 3139
6098 8405
8604 3753
4140 6116
9537 557
8243 3106
9463 4886
7811 1613
9518 2665
8341 8666
1629 4795
2180 1269
4186 2584
2678 2984
1279 826
3273 4052
4020 77
9167 8128
8533 7282
4011 4685
4428 2007
9078 6188
9938 5147
5105 5217
7664 7436
8044 7957
2830 2444
159 4362
9875 808
8076 7688
5443 5609
5907 8404
3029 9054
8363 6871
8946 6135
6230 6038
2893 4928
7377 3318
5674 4973
4439 6941
4764 396
1894 3147
7338 7534
3246 9646
597 8881
4671 4689
452 6464
4383 2472
9457 3343
4287 1359
4646 6892
628 2146
8765 9673
7705 8033
9136 3422
6707 5390
8016 4806
4675 2319
26 3378
7429 7329
551 4077
6708 1410
7401 8266
8203 7832
870 2805
4156 8150
583 7875
3117 3416
9704 64
7739 8494
4095 6155
5204 7122
7818 8094
5077 5483
6122 5949
338 9667
3244 2876
6566 9388
6112 3839
8645 8935
8747 97
5727 2517
4876 7729
3425 6425
8053 5289
2481 9582
9696 6513
9867 5565
1402 6932
5431 4013
9990 9800
4510 1674
4181 4416
1526 5966
932 3395
4690 6703
6419 1415
2076 1201
6678 5814
7702 7579
2593 8890
7461 8749
2919 7926
6457 9107
2182 1106
7546 7899
6816 4969
9884 1949
2955 7082
8288 9209
3615 2278
5632 1731
2373 9345
8377 5611
162 5347
1781 8449
1180 4865
8768 2838
3098 6000
9252 707
3666 2436
2084 354
8437 4205
6034 7642
1299 5553
2715 1006
2327 4920
4129 3757
1309 9717
1434 1272
7807 6354
2134 5056
1774 7870
8784 2398
7759 8118
6171 1050
3256 7411
6969 1761
2239 9025
4344 4912
4972 6425
3901 2804
5512 1407
7526 8280
8063 5951
3348 466
4769 4822
5556 8310
7987 7238
3017 573
3783 8817
3493 5154
3485 7058
644 7480
1304 6608
6247 6623
7754 2008
8188 7465
726 8428
7205 6369
8814 332
1760 958
8197 2645
1723 3967
1988 4258
1941 2718
2623 5617
8035 5039
5954 4729
9886 2850
8801 548
6973 5451
5928 2304
7427 4202
9050 4786
2887 1271
2659 4581
9311 4096
7245 6832
7502 3743
9996 6736
2117 4236
8858 446
3281 9984
4785 9615
9977 3793
3305 9186
3922 5634
4107 7371
9371 6897
3536 8028
4271 1780
2377 738
2384 8792
4548 6506
5393 6786
7788 376
518 9437
1075 7564
7929 5777
3876 4918
137 4584
9591 7203
4576 5743
8115 7480
2991 7662
1057 2896
8088 5126
9093 1191
3164 2612
1549 6824
3243 2172
7353 3129
7323 4705
7616 9874
1751 4153
5354 8173
1902 6500
6507 9914
1670 2063
5255 4979
3950 8493
2275 5772
64 3637
1339 1828
4799 8137
3603 2924
1151 4170
5047 4229
1119 7199
6013 792
3895 1092
7756 6008
6493 4415
5653 6932
9001 5956
5471 8025
4638 8119
9326 2786
4620 9503
7684 4779
4476 9288
2539 2998
8031 731
9724 643
9281 2994
1762 7108
3786 9039
2473 991
7960 6321
9706 6398
7010 4800
3800 7602
6289 9290
4814 3524
8103 1060
668 4742
3538 7096
2355 2688
1936 9327
6465 44
3655 6627
8934 2677
9363 8390
2999 750
1007 7218
7853 2116
3846 7851
8802 7682
1038 3632
2802 4505
5113 7981
4695 1483
1462 1478
4575 7663
2230 6061
9654 6269
4746 1159
460 1315
5887 4659
5268 6423
7583 141
1817 2387
5158 3469
8310 7929
7126 9680
6703 6213
2664 8921
5203 9887
251 7119
8699 8114
5558 3864
1235 8677
4765 385
1738 3543
3087 2409
2012 5448
6785 8775
6253 4029
1633 2940
6971 2270
6524 4417
537 9688
4768 162
4957 6791
7141 560
9179 2530
2793 8576
4233 5666
200 6193
4482 8024
5920 5961
3668 560
653 5459
5823 4589
8018 5217
2703 7133
1678 3158
363 9943
8520 3402
1009 9418
4387 3578
3340 6719
8546 749
8464 4466
433 4241
9097 7712
1427 6602
7610 5843
2024 595
208 1799
7976 8965
5472 9986
5452 3408
4563 3211
5087 7082
5941 6173
8730 3734
883 2768
1981 4435
8766 3105
4788 2850
6165 8655
1307 6317
8720 3946
5763 8631
7419 8909
7525 4372
4125 9188
9427 6737
8996 2864
3427 5860
4352 4576
5879 7619
965 1784
7335 3893
1923 4956
1860 5353
7713 3322
5091 9608
4023 5023
1096 8574
574 9570
3482 5893
3435 9392
7928 1832
977 721
9412 3377
6234 5959
1209 530
4667 620
3339 2404
6098 7910
9003 1254
1141 9630
7673 5515
355 5172
4757 8184
5626 4874
9016 3475
2997 5661
7136 6456
9665 2179
9186 9624
7146 4861
904 9650
3677 2744
8977 1228
752 4937
6966 9009
8061 4571
9405 7348
1936 4208
6446 5122
8011 3184
9626 7612
123 5618
985 5423
7932 5616
9413 7904
2182 242
5286 5279
1976 2116
4043 6056
7915 8480
7653 1144
9644 8744
6207 2802
6239 6653
3133 9358
7129 2592
9065 628
2123 3514
4821 2300
7645 6376
1773 2075
8536 8069
5139 6037
4419 7066
9874 2258
6022 4966
2594 4469
7797 3813
8144 7102
3801 4302
5716 5125
9020 8037
8276 3493
6872 1637
2292 8741
5671 6073
9329 1022
549 4348
1055 6826
3577 1315
3117 4168
1759 2592
6735 9864
8781 3177
4154 308
9781 2886
664 4715
877 6938
5902 5317
1340 4822
4495 4896
3244 5832
582 59
152 6658
9234 2475
893 530
2044 7969
3564 9899
971 494
9076 8389
3556 6901
2644 3788
6615 8080
5251 7664
1847 6651
5111 5477
5954 6394
7771 7365
7370 2550
6634 9526
4460 2760
3464 1917
1842 7836
9645 367
3103 6488
1564 3812
2145 3530
6490 487
5439 6407
1255 7526
8118 4380
2450 1657
1854 6741
2702 3650
128 3695
4760 7346
8125 7366
2475 3178
8886 9021
3034 6005
6436 8423
4596 948
4850 9014
7018 9025
4048 1568
5260 6630
8791 7683
8812 1874
8857 3051
3706 3461
282 6286
6749 9146
2777 8188
3153 8228
821 1929
7367 8366
6977 9998
7018 9638
2253 6302
5146 9203
112 2986
5368 1238
7654 9740
8281 8062
4400 3459
4996 127
1688 5640
5873 6238
6162 9975
2233 1332
6200 730
6230 6360
2079 5604
8896 5881
931 9839
1224 3278
1858 3166
2041 508
6707 4334
1642 1235
8163 7153
528 6314
7336 4471
9267 3938
534 5063
4631 9104
818 8275
3912 6340
2729 4246
8069 3246
1070 9728
4176 2656
3760 9184
2749 6037
6479 2624
3397 3083
8731 3678
2691 5393
4754 3102
5053 7504
3024 7656
8430 6009
1358 5975
7852 631
4649 3126
3981 5962
1740 4266
1449 7868
7887 3134
2832 9031
9516 2316
3306 7669
5439 9283
319 12
2336 6857
2668 7198
632 6619
7740 482
910 4843
4157 714
5537 307
9833 8870
7942 4758
1514 6586
3639 9130
7322 6155
9738 3900
7623 1826
5111 2882
1174 730
4898 8224
7050 2338
4923 3844
2299 8036
1404 854
2318 5360
7105 7514
9066 825
5025 5494
8269 601
8550 2438
330 477
5934 2744
5092 6881
4606 3062
1517 8457
4611 8604
4913 324
3795 4649
1049 5300
2676 1088
6225 585
8004 3425
5192 7074
8703 4441
8847 8200
3239 8318
9484 4711
491 2921
1649 1228
4884 7813
337 3487
3128 7061
838 9328
6352 8325
9042 9646
5807 1440
3081 6386
989 3253
8780 2592
1456 4384
2521 6072
6853 584
9680 7752
8744 3413
6767 3870
678 8652
328 9667
8685 3280
9626 7613
6257 6203
8255 5314
819 4469
6060 2305
1809 8310
9296 6892
5025 8599
6298 1101
8544 544
3078 5033
3657 3130
5758 6590
9433 2296
5534 1801
7723 232
7830 7670
7629 6211
1876 671
1108 2243
3570 463
2591 1282
2006 9706
3504 6758
3257 5968
4661 8328
6715 2895
3967 5099
2914 396
2695 1190
8665 6088
5085 6680
9087 3331
2330 3690
7031 1393
355 4234
3458 5508
9928 9914
9958 9828
5832 7816
8503 9093
6150 427
5270 4638
9610 3497
746 7457
4895 1426
1095 5569
2418 3126
7900 8703
5872 2090
2886 7476
1285 5134
5118 2128
3974 5584
2844 7785
7222 1587
5826 1893
4663 1600
939 7990
5008 9265
7970 2402
3746 8662
3052 3498
3013 8962
2490 5059
1449 7980
8552 479
9970 6917
4174 2958
9479 2919
3238 7179
5844 1953
9881 6969
212 9114
7374 9768
5174 6983
8550 8964
9003 2852
4421 5790
7003 4568
8241 1025
3925 9091
1694 6945
8334 7782
9390 4916
7052 1011
9074 8674
3956 9973
3096 95
2405 4436
784 4650
3559 2620
2542 4340
643 4003
1073 3694
9591 5012
9993 6087
4882 1602
8371 9950
651 2554
2685 4653
1299 642
2232 959
4969 1713
5874 6600
5053 6345
3014 4124
9301 6991
4919 2974
9450 7853
5226 2083
8179 4673
2851 972
5201 3993
2573 4353
8841 8004
8998 8587
9091 7512
4111 3683
2369 5521
2631 704
6095 8756
7995 6247
5933 1227
1785 4378
7629 1654
5715 4443
6115 4268
3140 164
8792 6239
7605 9709
9588 1112
1423 7657
2184 1494
5479 9495
9284 9046
9378 6630
8229 5365
4791 9645
5911 4342
2573 6710
4129 8421
2967 9608
969 8926
91 6875
4990 7334
2220 4090
5902 5065
4861 1311
6231 1720
6078 7669
5233 8255
5132 8780
8322 943
5739 725
2122 2113
7045 8717
5402 150
7260 2464
5339 1968
2907 9660
9350 6259
833 6551
4115 7610
3780 6879
3055 7
2339 8083
1565 9373
7167 7953
4300 2885
63 9012
4692 2831
6287 8771
6655 6512
1993 6628
8369 891
7970 6452
6864 5078
3571 5465
3554 6893
5398 6131
5836 3169
1251 2789
5137 7817
3741 8498
1994 2849
3549 8848
2269 3564
829 2507
3499 6525
7294 5418
7312 2873
7706 2851
6082 7207
5573 9337
8637 876
221 8731
3236 2799
1120 7810
1525 9887
6461 3307
2787 4149
204 2899
2925 3840
8811 8108
9098 9780
5848 1361
7476 6154
280 7839
5361 7872
7603 8600
7543 7330
9970 1750
5232 4966
6123 1335
525 7745
5330 5118
5987 7495
74 5513
3137 2255
2146 6291
8567 464
9057 3039
28 5689
5313 2291
8243 5568
9676 920
6888 5037
13 6642
5252 4758
1172 4562
7017 8893
4237 6797
5225 7936
4286 8289
1723 6253
269 7664
4843 6314
2550 1342
7277 6788
7363 5971
4716 1879
1879 4468
6260 3304
733 4041
6018 7414
5355 7778
5259 8021
2992 1137
3814 1477
716 2333
6457 8624
7706 7550
9775 9590
1889 9973
8945 7010
9482 6454
3858 6809
249 4841
3495 4739
3625 2375
9772 946
8447 3761
9829 5091
1091 3584
2313 479
5044 535
6443 9241
6495 6508
7988 1600
1006 3164
3389 1687
3866 5309
4033 317
4312 5966
5687 8898
2223 5120
1679 9188
7527 6174
5040 5452
303 5684
8689 4492
9437 6701
6947 5413
530 9505
7171 6213
4007 9300
7125 915
5931 1670
4645 9965
6597 2
8157 6003
9656 9663
5329 3771
7961 8775
8548 1995
7287 6273
9027 7092
7494 2200
5401 4194
3815 2024
4613 9603
8737 4690
7838 3144
5932 1506
5358 2958
8528 334
2923 4726
4963 1419
4703 3220
8972 8526
5093 5183
697 634
9473 8446
1738 7599
9996 2638
7161 1667
3653 2237
9993 4701
1201 5552
4645 2368
5005 2611
2090 7576
628 3417
5350 6649
388 6323
9915 9527
880 6593
7025 5617
2612 2706
2199 6109
4569 7573
565 5936
8630 3218
1025 7080
520 29
2399 8710
4729 6089
8428 351
6842 2724
2047 3526
7223 7377
9410 4767
2291 1321
5154 3012
176 4848
8436 4752
5676 6642
3239 3858
5853 7800
7128 6664
4199 147
3357 1237
7117 5347
2135 5716
5988 8370
569 6684
7571 901
6677 3125
8515 5919
1674 1288
5493 9889
2699 4286
3317 6965
1198 4022
605 1400
5800 1753
687 5112
5054 3737
469 1332
1721 8509
4190 1919
6507 3475
6350 372
4814 9751
8001 6159
3718 3964
2833 8571
2073 1092
5623 2980
3389 5898
1806 8405
2270 4059
2267 586
6928 3291
4395 8270
6974 4340
4687 5865
9408 5794
8357 3066
9302 2312
489 1031
4139 7388
3288 1278
4871 319
4444 3059
3604 5592
3512 8863
7583 856
6256 224
7512 5090
8189 606
7834 5044
1546 6444
4132 4890
7917 8674
7712 8596
1301 3302
9137 7063
9185 5766
5975 9133
9286 2179
2073 4084
9474 5615
1849 8092
2932 2073
6987 5439
9554 1252
208 7964
2871 156
8414 4576
9605 8506
9041 9049
7497 6106
7662 5356
4928 901
8107 6633
1785 2934
5830 9733
8330 5381
5840 4201
6634 6401
8252 3896
3743 1772
6217 1835
3423 6256
1207 5879
7866 2798
7854 5543
9242 1030
4425 8182
2810 1589
282 3653
9406 3667
1764 3465
8734 646
6115 4981
1952 7089
7379 2070
1436 4692
4910 3755
1505 7471
4506 6892
8705 5070
3692 8673
2929 3406
9580 1020
2621 888
3205 8191
9121 4342
1873 442
1752 9580
4947 3733
326 5649
7357 6857
9221 4395
4051 4859
7480 6271
5516 5902
9658 6563
2547 485
9534 5070
2581 4681
4132 4797
4188 1841
4307 8720
7342 1241
4905 1657
1012 9175
8459 6150
5172 8475
7702 3576
8959 8615
297 598
6492 5292
725 951
9733 2601
7954 9414
3538 7173
5721 1535
2159 1866
3379 4252
7269 1271
1639 4140
5215 3946
985 7066
338 3387
6756 3382
8356 1189
2366 1417
4 7433
3356 2421
5448 8601
5365 8710
6630 2911
4276 9259
2029 5383
4450 5838
2747 9467
8871 8112
8332 8705
1503 2090
6289 6283
4858 8775
5164 6244
9562 9478
4161 4493
4837 282
9148 6531
5911 4337
7512 8991
5349 5507
4111 6653
6277 9230
7560 2133
384 6561
1569 3360
9949 9968
630 8877
9995 9794
887 8639
2258 7734
5224 8553
6823 2617
219 4116
3130 4586
4238 1588
8853 7618
2987 5211
4078 1280
8974 7286
6212 5821
9787 5518
4702 5278
7228 6547
9035 9017
2087 5895
4870 9742
4472 2069
6109 6904
3407 7538
5927 1618
3522 3813
5994 5709
1304 2460
7923 7985
4218 4664
3295 5243
3140 9910
8863 1516
9425 118
9064 326
1336 8265
9045 7901
8043 2198
5838 7576
2686 7051
2711 7782
2356 5017
4465 2382
1428 3884
5179 5062
1694 321
7547 943
8559 2260
3135 4166
7944 1810
9974 1216
5454 8208
3666 1399
8382 9238
4984 9127
9587 2714
4530 2693
8329 7497
2648 8306
6537 3951
9360 293
44 1567
7662 8857
6593 9006
8994 489
153 4564
749 9168
3883 4866
9921 8185
6280 9975
428 6145
2015 7922
8953 40
1278 8473
8144 7738
7063 1362
1906 9326
3682 608
4385 5758
2372 9962
805 9208
9519 6140
9427 7656
7345 1289
5017 6480
860 882
2947 9002
1966 1913
2787 8012
3389 9356
1417 6711
9571 7367
7874 6627
7306 9005
2378 9230
2308 2131
3274 2585
9288 8361
5645 3836
1980 5862
2208 1124
1164 1339
7452 2816
8465 8523
4762 4158
4277 9700
9574 951
3639 8281
3741 7767
721 5310
4896 8124
9994 3344
8058 1880
5035 8813
7245 5267
2320 7578
5160 656
2992 3973
9699 8970
4205 5349
7178 7042
8152 5706
6701 2523
1049 1540
1793 3164
5040 1985
6218 5252
1608 2867
2836 1044
3591 6107
6165 817
5188 9580
135 7827
5901 5530
5788 3786
9539 2632
8065 294
5767 2048
2690 362
2011 3458
177 8526
7009 2472
4379 6701
887 5222
3519 1542
9054 5301
3072 1451
2313 9014
8286 123
3688 1336
4912 4631
8481 1249
5495 7114
8144 6452
4717 4569
6505 8698
9305 7679
2792 1226
195 9503
8368 9539
9509 340
3643 7219
9980 222
8773 4740
9266 9791
6919 9011
2752 8987
431 4264
9347 3346
6119 2121
4341 6312
8865 5858
9356 3664
9569 762
4101 6517
7951 2544
7727 4922
7026 218
6260 3281
2123 5877
7991 3602
3679 9759
7727 819
9460 6827
2360 5526
987 6191
3829 3066
5296 6511
9138 8027
2955 6923
6905 3812
3224 1972
1788 50
1214 417
1805 649
6079 2107
6714 8413
7590 8133
1896 2027
6616 2708
9019 9795
3113 6186
2569 8367
9178 392
5393 3025
3297 6460
2821 5550
9493 3999
7739 6354
8902 648
4188 8153
5199 8606
6480 9055
6549 2579
6958 3147
5521 5416
4809 5264
1261 3938
9959 8704
5440 8276
4440 1802
6192 1167
4598 3208
9830 8258
5418 2676
569 8908
5702 1061
8707 7199
4678 2234
1463 5779
2237 3486
6549 1828
6746 4674
5518 6843
1977 5167
70 3886
2486 322
8195 3142
5546 9934
8141 4965
2103 6881
3176 1449
9493 4119
5796 4140
109 267
5173 9675
5473 7777
8659 137
64 5051
8174 4338
4907 778
6700 4546
8966 3589
428 2016
1381 1061
9862 5938
8566 8137
6319 4002
6901 724
6915 3908
2004 2283
6712 1212
7567 529
6046 1051
7643 3005
8037 6880
2103 1222
6695 3451
1047 2306
1977 6030
7856 5772
1168 2877
2015 1989
1643 7364
1477 9324
4714 780
6917 4956
6929 1085
3724 6793
6782 3280
2059 5043
405 5098
8676 8124
2744 1323
3332 6444
4980 8146
5123 2608
6442 2423
8500 9796
6673 8171
5855 1565
9628 7848
97 4446
7406 6331
8703 5178
1707 8981
3384 4879
8008 8381
6232 8477
8181 4310
5785 9777
539 3097
8006 9711
7359 8001
4448 5953
7772 3130
3793 5942
9105 485
8527 9072
1900 141
966 3100
7068 4118
8144 9634
4336 4254
7484 3508
1688 7221
6452 2311
4184 6298
8579 145
2078 6285
1729 1543
9843 9347
8148 5697
1428 5511
3458 660
9115 8427
6430 6208
346 4608
460 4098
5590 9288
5592 5490
5290 5291
3754 2547
7887 7929
7980 7248
1184 5305
5727 1817
2762 5960
2117 572
6290 5109
705 7253
7732 2232
2440 8408
2859 4282
9405 9713
4299 5987
3180 3637
6847 6628
7587 1025
8017 9817
6608 3997
3621 465
4733 5041
2127 7604
898 1413
7400 4430
3700 1733
4173 1769
3215 3851
8943 8293
5043 1361
2079 6921
4971 9506
8456 597
9738 6857
7837 2242
4967 8491
2308 8494
399 4149
3866 6708
7796 4991
3382 9855
4318 3563
7704 9353
2935 3355
6799 8127
5774 3556
2876 24
2819 8359
4861 1736
5017 3714
2128 6252
568 119
7414 92
9346 9921
5771 9991
2260 7100
2865 9730
5940 7838
7873 4264
1261 9921
2558 5324
5280 2310
9591 5083
2479 2729
9215 2521
1944 3516
410 9545
7374 1464
4715 7318
1961 3328
4353 3218
7760 369
4226 4848
1576 6192
9341 3753
7608 9566
8075 9248
5317 9193
3063 5276
58 2273
4306 5402
7806 4805
9477 165
1696 5700
1050 3987
4302 5190
8318 5703
913 7430
2496 580
7123 2876
6263 947
5898 2699
588 7609
434 504
9111 1645
6669 9123
6484 3998
3033 4336
5426 9616
8227 2961
8958 6936
4765 5333
820 6562
5386 484
9057 3940
4923 3708
452 5475
3651 1834
7927 5049
7154 3229
5615 2070
5001 6982
7468 3266
1837 1403
2682 2322
263 8051
2251 389
1669 9043
715 209
1409 5465
1204 2325
6681 9803
6739 8188
5218 1068
1986 2375
2395 2842
2036 7489
331 6265
4750 5427
4938 7531
1384 6711
5971 8020
1484 923
8400 698
2787 3147
8660 3597
225 9860
6829 5587
1419 1970
3242 6566
1488 2177
5966 7343
6153 8588
1488 1227
2308 1285
2686 6140
6453 1296
2907 3139
8468 6959
7848 3624
1718 3285
1300 9386
5339 6179
2416 1038
8954 5325
1825 7881
4246 4870
4791 3999
6294 6042
7612 6977
872 9350
8255 3291
7673 9250
953 2584
8372 6658
6707 9428
7341 6586
1575 459
8917 9836
5931 2365
8850 6697
4104 4066
2718 7343
747 4558
1154 3541
1427 4553
3537 1226
3958 5301
8466 2943
9558 5844
3793 7242
4862 7344
4152 5201
5370 9666
7206 7659
4498 9651
6719 4722
8402 1516
1346 2023
3704 8230
1564 3011
1150 6291
653 9983
4150 512
1963 6075
3721 2452
1627 8092
4280 2587
122 7026
5359 3466
5406 4336
7345 1622
4560 9671
9535 5774
2814 3545
6772 7140
6912 6482
2574 4603
6329 3165
2306 5104
336 9461
2928 9848
5531 5178
5464 4048
861 4088
3173 4443
9754 1400
5466 9446
4781 4588
1461 9313
8269 9521
3085 467
5150 5219
9570 1802
8609 788
6642 3811
9231 6512
9540 6777
140 4415
9183 7301
1461 752
7088 4665
8953 4984
3416 5698
510 1349
4194 8949
9079 8414
2078 5286
9346 8934
4476 5626
988 751
628 6944
8680 2054
7140 1218
869 1674
7408 6002
1676 4233
1745 7533
9890 4449
5941 1540
107 2366
7784 8509
7515 3165
2796 4214
449 8785
4334 981
5722 9825
6392 7108
8745 8425
5455 3179
6030 3995
9080 8561
2936 9716
5293 9336
3001 1647
8105 9879
4110 563
1933 7623
9362 4766
8207 2677
9124 989
1513 9383
7967 3441
3998 8270
5071 8495
8662 13
281 3554
4284 7367
7563 2827
4868 7858
3560 846
1189 2361
6463 5139
3439 7870
9577 4801
4271 6152
2038 2233
6404 6557
2919 6318
9668 57
2360 3042
8621 2746
4116 3019
1028 1831
4606 6576
5479 8108
2850 2876
5687 2321
3676 1113
4029 599
6207 5569
6352 4602
3272 2246
3935 2495
8042 9512
3810 2447
9983 2835
4581 1666
9911 2712
3690 8731
3634 2916
5095 4108
6734 7125
74 9048
7299 3780
2622 1445
5170 9342
956 8316
9357 8634
2755 960
8372 5595
7617 1508
259 9690
2072 8525
1124 7175
5742 2102
2586 6417
3864 9814
7073 460
7474 2846
4433 9288
8600 8002
3721 8245
9523 6414
4838 8858
3485 2861
2319 3099
8963 3030
6254 398
4350 941
4516 1021
3493 6571
1137 9553
1791 6152
3175 8555
2016 1629
7077 1792
6766 3269
8622 178
8231 1930
2640 4463
398 4302
1771 6539
4032 243
7004 8628
8069 3793
8908 7050
5957 5911
394 2830
2281 7361
4143 5670
2919 474
7254 4712
9803 5464
6593 3018
1530 6912
2401 3869
6808 7024
2704 5073
1696 6169
1484 9109
8584 2344
8572 3151
2630 1255
237 2364
3066 5908
7363 4217
1300 6314
8656 5665
4068 1288
9300 357
9791 5501
344 563
7299 3943
3649 4882
3176 8060
9169 6360
2764 374
2998 844
5402 8952
5562 5713
2042 5795
6028 6409
9321 6923
7407 3400
7658 2683
3106 8962
6051 8362
8045 2601
1770 3256
1989 3596
6214 7836
9331 2187
5295 7428
3849 1063
7338 2357
1031 5410
2166 6284
2741 4089
2696 1571
5367 7692
9052 1231
8027 1198
5637 5280
7053 2154
2761 6191
2403 1422
9056 4187
1216 7715
1116 9152
7889 4246
1390 5369
387 9799
8166 3921
6844 7286
6081 5405
4645 2060
9577 9284
4692 2336
7070 7935
460 7405
3264 7681
4156 3926
8904 6808
2458 3638
8409 2143
8640 9089
6303 1450
1246 5886
4482 7517
7808 8825
2966 1870
8701 2999
4009 8798
898 7777
9362 7715
1024 6079
9961 1746
7408 5861
2363 6613
227 2410
3134 1047
7621 3837
4276 981
6457 4996
4603 8563
1444 9182
7844 3700
7461 3067
3171 1436
666 3712
6005 5699
4689 3753
1600 3916
9864 2281
8734 2538
9978 2528
4192 6280
7034 1559
8464 8329
6594 8382
9069 5825
2166 8662
2921 2534
314 245
6346 6731
272 5967
4504 7728
9776 2646
6498 4094
5495 8626
4405 3800
2800 3113
3180 8455
8641 8463
3920 2403
4002 8226
3986 358
5275 5257
7077 6255
61 2844
5075 8773
1090 9191
1109 8385
6183 5923
5738 5160
1499 6119
3897 2218
341 408
277 7655
2179 6869
4003 8728
7946 6176
909 9099
7582 1861
6685 1711
8538 7284
2836 4063
2569 5554
8770 205
9187 6991
8481 8004
1152 9983
6825 9911
5449 5185
1480 5075
39 2481
8641 1657
3527 1243
2130 6885
2450 8195
3408 2577
9378 8105
3892 5583
7598 3385
6848 5973
3492 4678
9425 605
8906 1358
9334 5221
9279 5027
6184 8931
1786 3242
3397 3959
4547 5307
5336 3352
6414 9333
3136 941
4229 4430
7327 5928
4555 3862
3180 9568
793 5545
3747 2245
5045 935
834 4541
696 9969
9491 4630
8194 1281
4087 4465
5349 3942
164 2205
2497 228
5393 3697
3704 1244
8970 3463
8402 2791
5904 2119
8460 296
5490 9392
4947 1982
7689 497
360 2327
3569 3361
5745 6756
6992 2993
7974 6933
3598 3369
4122 4650
8633 9993
7593 6263
5443 1772
7503 5729
9561 7849
3105 3527
4882 7678
6221 4539
3047 4558
3276 4182
3372 7683
9183 5484
4320 6261
2432 9167
5955 6884
3550 1431
9031 2652
6479 8305
7800 7280
7274 8247
4696 6358
2326 1456
1969 8140
9335 6480
9881 3655
9971 8061
5959 3041
6718 5372
8809 771
7193 6778
6015 2268
3661 3911
5141 1983
7549 8861
7631 1886
6870 8616
140 783
9113 2325
7773 3619
366 5374
2340 2009
932 2261
9609 1115
1160 8709
3471 5366
7022 606
3717 2705
8433 1317
5982 9206
4342 811
3256 3685
7702 8299
3163 6668
629 2340
2268 4995
3838 9459
9166 7909
2143 6886
5734 6594
4723 5481
7392 5646
3332 2031
1571 6870
956 359
5504 3068
6232 9683
1294 9797
7333 3276
4839 3354
3237 1902
8474 3838
1607 939
5938 4765
5333 855
4811 7606
174 9502
3977 3426
7990 5615
7713 4845
2517 5628
3108 7740
9763 2949
367 2719
2219 5177
987 3623
5365 6508
7535 7693
9508 5818
7956 1340
55 4701
8381 9969
909 8560
354 9041
9255 6838
1314 9006
844 3786
4682 555
2706 1094
1499 187
4331 8901
522 6896
52 9977
4562 2862
6140 1718
4311 8350
3767 8555
4928 2755
8738 4076
9651 3780
2606 3963
7541 6150
9597 4309
778 7264
1345 6169
2841 8679
511 370
369 946
9461 9041
4398 376
4179 46
755 6931
3115 8485
1200 5919
5962 718
1432 8127
5303 3419
3484 8199
9479 8348
6677 9092
3921 7418
6133 125
4298 6659
6387 492
4215 9336
6702 582
3438 3320
1249 5107
6449 9944
2842 6761
8988 6056
2831 1148
5198 580
407 2177
5765 2707
7240 4385
1269 4714
9173 5019
5495 1061
5375 7301
641 7200
3454 3655
2451 5638
6604 2800
3637 2013
6928 6583
7758 4508
1684 5666
4259 9140
6610 2286
6824 4708
7445 5511
4296 3865
2947 1187
6970 2366
7844 7478
3444 7838
5220 4984
2710 5248
6719 3853
2397 5505
4590 4459
6719 2385
1164 3979
7608 5394
100 5109
5320 7770
614 2949
624 7761
3040 871
3889 8448
8695 8215
7548 7173
6316 6952
7727 8445
1756 8807
8936 4037
5713 7500
3030 2325
3593 2249
7751 7006
427 6681
9979 6198
2198 7454
864 8833
1747 2123
6083 5297
1796 7566
7639 4962
678 2853
6289 7957
3302 1799
8452 7531
9608 8831
1987 3533
391 7962
6452 4334
8130 4741
880 5524
672 3560
1842 5836
5046 1398
54 1834
7775 4943
7708 3638
3895 1152
6950 1339
9817 1953
7298 4282
248 7628
4406 2169
3356 3585
6666 7670
3015 6298
8323 8374
4332 1063
2381 5587
5388 3936
5564 6881
851 8245
4894 4163
8530 9691
8807 2405
3791 7343
7483 9249
7604 2906
6932 5021
6235 9819
4858 1888
5863 382
3329 1490
8395 1107
6937 9458
2300 8016
4004 5915
844 3856
6233 4842
276 9683
9469 6660
3260 2997
7006 720
139 1343
2227 3791
9371 1124
6276 9559
7763 7588
6637 790
414 9649
139 7030
2928 9212
9786 5253
8032 2145
1288 3893
4892 1916
7448 5841
2635 3270
4848 4473
9444 898
7384 7170
371 1416
7845 914
7424 6561
1289 75
9400 6311
3687 905
4112 7175
353 2361
8242 8380
6188 5539
4597 6236
4366 9644
5602 4084
8494 8297
8181 8579
2193 9729
1955 3362
692 5385
1068 5085
3505 9088
1932 3294
7226 5986
9221 4929
4438 7123
1464 5190
501 2594
668 7949
7284 2548
5517 9586
1169 88
4985 3152
4189 9246
7293 3448
208 291
5503 7723
2931 2826
5996 4248
406 7217
2091 214
6243 7560
5088 8191
7436 454
8780 3193
3977 8315
6287 7243
5914 7412
2199 7492
4588 1124
5293 701
5630 704
4776 6610
5647 6905
4997 1822
2453 5068
8965 413
4448 5814
4862 3494
896 8270
1183 651
2417 822
9967 5847
664 3830
3256 6722
7766 6055
3086 2488
9007 117
6165 9629
3208 3097
6382 1246
3880 2457
2608 4598
4709 5591
9076 344
2431 2199
6809 5966
9270 9498
513 1400
4982 766
2307 5785
1562 4800
6161 3643
4875 9500
7174 2745
1184 6837
8061 3233
994 5638
5527 758
1438 5859
9212 323
1881 2091
7328 3098
5572 3086
5269 8502
9080 8681
6646 313
6570 2262
2386 971
8529 739
7727 8849
7790 8010
9309 8949
7783 9941
7134 9714
7026 4701
7651 2019
9588 3027
2595 8490
6073 6384
5789 3738
56 2873
56 9374
9669 3442
7220 3141
6311 6692
4260 8448
9670 4715
8488 8651
2474 9503
5217 6451
6571 6274
5099 4583
7568 7916
3821 1579
5062 7279
2644 5522
7545 6711
7983 5194
3790 2002
3842 8827
4045 7022
4316 7161
6725 8167
8555 797
6173 3020
8038 4078
3198 4807
7775 1025
2728 2783
2255 3322
290 6113
1424 9155
4611 3432
9892 9889
881 9147
6053 8435
1062 7142
3384 6453
1412 7827
3651 962
3488 4194
7705 4830
6253 7768
4935 2207
9459 7065
2457 9635
5607 5993
4815 2022
701 3948
7939 9151
3809 2045
2245 5552
5081 9390
1048 5829
4242 6147
4924 9667
8752 3448
5474 6814
8802 6416
92 4164
9362 3125
6747 103
8660 6300
8544 6923
6190 6381
804 5148
5556 8723
7103 9998
3090 6637
9837 3922
3988 6504
7676 3835
1857 4077
7142 8643
1863 1707
6337 7461
6045 2453
1644 6494
992 1173
6720 7966
602 4374
4314 6490
4189 2761
2886 3404
8568 226
2063 9761
6129 2362
2778 5767
2216 7745
9194 3845
8817 5143
643 3922
4027 2652
9487 6164
2730 9320
7335 1304
443 8986
6563 6679
4403 5647
1352 1553
2678 443
1282 8761
2150 3666
4525 6078
5060 4716
1280 2691
2326 192
4551 1578
2490 3231
7526 1093
4101 2242
4855 5150
7127 2266
27 797
7672 952
6763 2493
9813 8913
2107 3419
8606 8828
459 5109
8527 5656
8041 2546
3329 2941
3408 8518
8910 7707
4317 4674
7067 9003
1079 3277
7827 7247
3578 6071
4925 7324
5222 6030
1565 4933
4411 4110
5206 4721
3775 2541
9441 4685
5219 7360
804 1074
2147 3211
8884 2880
1716 7827
461 79
7191 5945
8507 8009
1540 2297
7662 8109
2967 4439
4922 873
6674 1394
4369 1857
7672 3778
2476 1856
8659 1152
3729 6053
8289 3627
3203 1107
7980 8202
7249 4257
6759 9173
7114 5536
3332 4078
7770 5374
2154 8171
1950 9504
6369 1179
4070 597
4986 2543
9077 1467
2592 8545
9720 9991
1301 4877
8738 9104
7148 1537
6141 3553
4008 7021
7434 7308
8529 5432
5717 178
9011 6214
9860 7052
4543 6824
2526 6737
9709 4766
7169 9436
5128 9555
6910 3199
9528 8552
7810 2686
6459 7791
8240 5981
9338 9318
89 126
1990 6554
3400 365
8106 6662
3658 6392
4973 6975
7672 7692
431 9646
2052 1685
5270 2708
9334 9785
2416 4896
9599 7109
8964 2673
7651 5339
8170 7321
6242 6879
3077 8032
6699 8267
8307 5595
7640 6953
1649 8006
6231 4025
9075 6
2856 7827
7661 9930
5685 5379
6553 8163
2975 5912
226 7651
4997 4502
2914 3530
5132 2822
4633 5501
4107 925
4540 7960
4838 1716
5531 5261
1836 6008
3811 9083
3113 356
1 65
7591 3968
3395 3691
8180 2382
6986 79
9834 5421
1638 3289
4195 6394
4258 4425
7767 8342
9775 526
3749 2809
4066 7190
8019 7173
3125 1836
8786 9313
712 756
7457 8687
2239 7051
1054 4363
2888 2557
1206 3393
7648 4369
3916 2499
176 9644
9594 4994
5400 9924
2672 2438
2871 44
807 1941
1568 644
1369 9062
7489 3917
7971 4980
6932 1487
2944 5371
5184 5159
3400 2592
8026 6915
891 9989
2301 4325
8540 61
6223 6914
3747 400
7715 6024
1706 3125
2354 5224
9210 1195
1025 6593
1712 1685
6077 7858
3986 746
4952 7417
1887 5092
10000 7197
4578 6016
921 5506
778 3963
8142 4455
4720 1175
2799 6198
6866 9010
1065 8985
7154 9425
6895 7666
138 501
7290 9676
7831 6272
3790 9281
6284 3843
5039 5699
3015 5050
5757 5425
3580 5869
113 9093
7553 8649
5345 499
1856 9980
6536 3160
7677 1006
7927 9640
4775 2136
4098 2476
3325 6515
2448 8281
2509 493
8758 6870
2670 7115
5274 8920
2116 3872
8827 192
2929 8970
964 1957
9982 916
1985 631
4672 2045
6160 4851
7049 2250
2450 9929
4235 1303
3793 3904
3043 7016
4471 164
9185 3310
3876 3352
2691 2426
2625 1687
5673 4192
2374 956
3315 7181
9952 3741
7961 113
1930 5446
5006 3536
923 9488
9062 9308
9404 3418
7039 8275
1651 1481
4451 9188
5036 6828
3465 3391
5571 9876
1092 8802
7713 8290
2508 9494
1508 9719
3862 7721
1886 2507
3378 6721
9826 7444
973 1036
35 6362
3273 7950
4542 3505
3021 5248
7867 2577
4079 3851
1480 5641
4160 2892
4292 3354
643 3021
5984 9097
5295 7141
5955 2998
8491 4661
3541 9323
2759 3974
8983 1654
6890 3719
9638 2418
7606 692
7549 4528
6249 3003
1194 1355
9298 223
3752 5012
3039 2358
9478 327
9833 2016
8057 1378
655 7768
6971 5439
3679 6996
5095 7130
6250 6054
944 4138
5857 2353
8460 1593
2756 6024
7449 2331
3373 9049
7266 1660
563 7562
2917 5195
619 1308
9291 8588
4951 9049
8804 8366
2813 7566
1868 6486
222 5452
41 6142
5109 6588
9077 2801
6727 2001
8823 9475
1127 366
918 8433
9414 9006
9460 3220
4059 259
6568 9748
1529 2591
1712 8132
1506 1430
3515 5088
8759 674
4030 4244
8820 9544
139 2817
7892 3653
2866 8068
7385 3181
8924 3977
2376 965
7839 6185
6009 1733
4954 4117
541 359
6775 9278
9113 3178
7342 1958
1911 8067
4636 5342
6993 1671
3828 1685
6988 522
1523 4875
3834 7043
1176 9543
2462 3537
9574 1139
4558 9053
9223 8333
1066 5767
8983 6423
4304 1868
4877 5047
9127 6261
330 8681
2906 1048
6260 6732
6364 1422
3457 8034
7196 3365
772 551
9405 3192
259 3597
229 5167
827 8584
7281 4484
1047 7549
6184 450
7454 3133
7241 7026
2447 6935
4473 5917
5883 1874
6416 3895
5109 8630
5178 3945
8990 8165
1878 7829
5702 3472
9708 8784
7312 7400
8740 5149
6726 8191
5899 1403
2443 2230
5399 9218
6787 3668
2685 7109
8147 1921
6472 7700
5575 3008
5461 1002
2416 5791
1482 1305
6724 7593
4177 2499
3300 9712
7254 5061
3956 9682
9158 2750
231 4873
6852 3428
5263 6411
3840 9417
7659 2881
3989 5758
768 4176
7988 6822
3928 4717
6804 8452
4762 9405
2614 1983
8695 3241
4844 7826
5793 2664
8982 7141
2350 633
1195 9937
1485 9573
9094 6806
3427 8759
957 752
3104 6853
7167 4106
8817 5019
4962 8529
1406 7598
7242 7794
2349 9600
5647 9290
6948 8102
1176 7871
5131 3404
8202 3856
7723 3436
762 6775
2263 8591
1711 6227
5855 9816
6620 27
5603 3354
6945 8375
9309 5104
1958 7725
5947 770
9485 9560
155 1041
2689 6481
9978 61
2891 9903
1810 8904
6781 4805
9939 8288
4311 2103
4099 3026
8858 7638
5237 3874
9012 2932
9289 5099
6697 2197
8120 8652
3160 3448
6606 9366
161 2939
6258 6202
9440 4858
9759 5045
7867 2112
9387 7712
4806 9268
2634 5558
7279 811
3759 5658
1369 9804
1177 6671
3815 5187
163 8307
4526 6283
2306 7229
8459 3821
2493 2918
3405 8656
9067 7631
7355 8832
6709 7982
2680 4489
750 5096
3231 4494
8877 2699
7462 1273
6317 4213
2626 4909
8304 1018
4959 9570
9178 7238
4418 979
7676 8868
4557 5241
2669 173
8307 4726
6168 4377
8074 9708
1126 5620
2253 8658
1571 9100
4892 8016
2726 8318
1539 7323
1087 7332
4026 3567
6070 4398
6752 2336
9954 7131
887 3152
5854 5508
8601 7184
5540 447
7309 742
9947 4008
4773 7693
4886 2137
8538 9019
5779 3946
2744 6926
6873 9581
1189 3937
4444 5053
7125 2354
6225 7240
9123 3102
4758 3814
7226 2839
8484 6192
9368 2983
2954 9999
717 3559
1737 2042
2523 1965
8450 9247
8767 2168
3667 7057
9803 6463
7022 4147
5423 8082
1537 5607
3383 5278
3099 1155
8876 5491
1449 2593
6061 4426
7498 3661
1986 2099
9479 9686
3194 8326
3740 7765
1021 9444
2898 2475
1562 8820
2509 5523
6944 3971
872 5390
5467 729
7678 2000
1447 7448
7298 643
5723 2409
7057 2067
2256 7669
1473 5342
6171 5824
196 7381
75 3693
6554 2961
8305 6791
5516 1308
1736 9930
9801 8985
8704 9943
6704 4443
8590 355
4842 5165
646 6887
3499 2511
3311 8440
970 1047
5753 7349
1552 5553
3552 3763
6907 8012
6292 3497
1332 7137
405 3658
1219 3741
1178 4062
406 9982
6409 1936
4600 6543
4128 6299
646 149
620 3808
391 6646
7478 8578
6117 6033
8525 7013
1446 9135
5213 1059
3690 783
1585 5958
8457 2124
7407 7396
7153 7800
4907 6667
1879 6036
4310 558
5753 2550
8023 5097
1521 5048
5627 3213
4370 3069
1023 5598
1323 3738
8887 5921
1637 6117
1112 9672
8018 6198
2290 6650
7417 4145
4414 2617
7887 4619
1901 5702
1032 6232
3873 8303
3922 8275
3282 4867
3290 9484
8034 1510
2724 5923
9704 7824
2102 3212
5034 8817
8444 9270
6933 4395
7561 2298
5005 9600
5412 665
4905 4378
7514 635
3735 8838
7686 3842
9243 2348
4051 1077
332 2342
5108 8141
995 8014
3496 9439
1178 9153
4256 5719
8374 1828
849 9632
2384 5770
4507 1987
3825 3602
8304 6883
9213 8246
950 9606
4457 1184
7033 7040
270 7291
8455 1003
7682 9543
9866 6078
4597 3884
8136 6394
831 2385
4523 2919
7062 3836
261 6115
6258 8579
9517 8829
1821 5951
3563 1793
9934 9392
3499 2173
5420 4826
4746 2998
5710 3799
6237 5188
2587 903
2931 7541
1691 54
65 1472
8648 315
2661 7492
4580 439
6624 4948
2336 5682
1548 2061
3990 7264
9272 5920
2396 3071
600 5779
6655 1448
5499 7711
8638 4730
5792 1056
1438 9522
4387 7135
6273 4494
1389 2872
7691 2222
9176 2105
6334 3877
753 7191
4288 4117
351 7695
2364 7373
7174 7092
2388 378
8030 7910
4787 9217
3478 4419
3444 4935
2388 6845
9188 2514
3695 7025
1702 1427
9915 7428
5631 6989
7788 8252
9867 811
3786 4708
2811 238
7999 1784
5468 5446
4909 6985
5208 4623
1083 2027
990 6692
5736 1285
3626 6603
4814 2349
1399 9238
7039 1087
2619 8468
8479 1621
655 236
7726 6499
7030 4458
8438 1160
2915 8821
369 4907
2690 6302
2432 6085
7217 1196
2939 6606
1076 816
2352 4741
7699 7411
9536 2075
9491 423
2867 2779
9076 2523
5715 5930
5137 6877
810 6222
3206 476
5927 1989
8610 9351
6518 3985
4304 1467
8815 2310
9815 7988
6837 7456
79 3235
6229 7117
6450 3500
3370 4254
5543 5054
6051 5783
8401 1336
718 1603
6574 7248
7838 1403
3199 2203
2709 1153
897 3816
684 6009
6294 7616
7737 6540
1242 4311
9218 6743
4534 539
94 7550
5235 3622
9796 4977
9166 6419
4449 5757
4435 1144
6143 4213
2805 7761
6076 3060
2696 1749
965 4123
9872 2750
1779 3553
493 4887
2108 2407
1150 186
5934 6077
5596 8873
9457 4167
9528 1561
6569 9555
6787 8156
2939 5103
4249 1688
6730 8461
8309 7303
8715 8457
4164 9779
9714 6637
8302 7346
9375 5700
3918 3710
1422 6494
5589 1297
5636 2159
1863 7058
1499 7092
131 7838
8674 4595
5563 7800
9411 309
1627 6574
4993 2219
5847 2075
4563 5073
4896 8167
4600 253
7384 118
8826 9931
2085 3236
71 8052
2640 1628
7047 7438
458 9439
2140 3850
2999 2545
581 7454
3485 756
5853 6753
9589 2193
1189 9239
2447 8661
3358 7953
5347 2445
6264 3657
1861 4665
7773 8554
7244 4737
122 8840
3593 33
352 6208
5003 1501
6205 927
7446 8335
7849 8773
6307 8532
9039 5942
4475 4437
5793 1718
3181 468
8784 2613
9090 7362
5266 5946
167 3473
1409 6200
2635 4269
5436 4767
5338 2584
9842 1963
2991 4377
6866 7144
2196 4887
5165 3813
9361 6233
5449 8914
2251 4837
481 2724
2686 616
9810 8084
9237 3695
5876 4342
2165 3821
2220 4068
9490 6709
6829 4681
4339 6300
828 4863
9564 4252
3851 1562
811 430
3542 4864
6423 7174
9942 7469
7775 8653
7164 8059
1186 7251
2576 8066
760 6763
9059 2469
3512 680
4470 3020
7961 151
1470 9106
3385 7502
3461 6453
1502 7188
843 8198
2921 7469
1703 4281
1410 3516
1709 332
1998 8502
5482 7957
5506 1187
8629 2943
7522 1847
1685 1856
9994 2270
3016 3902
8515 6789
8666 5248
7954 8978
8473 3956
4012 2079
4856 8817
7896 7976
4563 9218
9038 7218
4102 3478
4576 9571
1912 8059
4304 4015
7999 7398
3195 5437
9223 577
4875 7542
3619 4810
9643 617
1486 8868
458 9347
9141 7606
1105 4467
8605 9136
2623 7254
3675 5017
4517 299
675 2768
3804 3721
6470 6779
9719 4594
8864 2786
2586 8884
8340 9349
5496 1072
9207 362
7006 5686
3851 1804
396 4636
6465 9208
1882 4553
8032 7374
869 9369
7676 880
418 2612
2402 3564
8568 5915
4551 6214
7773 6748
8861 9615
5606 2802
7782 3988
9766 6076
2001 6189
8591 5172
9281 4478
9654 5374
360 4322
1655 6619
6770 4226
5675 7049
381 2689
497 8801
4753 2520
1622 4383
2277 9039
1244 7300
6146 7500
5452 1218
3121 5715
826 6989
1630 2476
4676 3198
12 4054
6604 9404
8102 3126
1937 6785
5770 3410
6352 1737
5787 450
1826 7232
8885 2755
9832 8488
9574 6839
2786 9198
2942 6010
2457 6118
5982 5170
5216 8420
6998 7556
5056 5076
7624 5965
7468 3786
3473 5421
1353 3027
4097 3879
675 8373
7815 8503
5557 5753
8311 8977
6934 3438
508 1665
7325 8552
3676 921
5142 8883
4925 6973
4874 3303
2072 1144
4021 4652
9028 6485
9872 9815
1895 8913
5394 3367
2186 2378
1299 9099
6309 9199
141 9096
3695 6355
7831 6017
8253 8689
588 4933
901 4304
5312 1622
3907 2056
4598 9257
7126 2308
2721 8416
6349 3354
3704 4667
5294 3359
1719 4000
1029 9722
9333 6831
1585 5357
9468 9614
5598 617
9641 8063
6658 8387
3571 933
5018 2071
3837 9882
8223 4852
4208 6673
2824 6937
9200 3955
4894 1140
2996 7247
5237 3817
3365 8181
3820 1733
6030 9575
8286 591
5784 9349
136 9427
7065 1255
6103 219
7994 5313
3152 9685
4400 9657
3099 999
7449 8737
8818 1185
3091 3137
2714 8533
4795 9508
8072 7112
4794 7751
8725 7556
4687 6562
6373 8156
802 2242
4845 2822
3629 228
2926 2421
4233 7385
6215 2889
612 9803
5400 6558
5126 9152
7581 2868
7726 6683
7178 1117
7730 4029
5650 8340
9348 7009
4186 6891
7139 9837
1080 2122
4426 901
5493 3662
4834 9761
2294 5438
1210 6042
3077 9454
877 522
812 9370
7439 7628
8679 8558
2457 8022
5325 2343
9309 9447
9770 9234
7087 2407
7513 2107
6103 7375
2554 3588
224 8851
1415 9196
58 3471
9510 6771
4157 8449
3979 1557
7846 1649
88 5061
3243 621
92 4571
5311 7730
6264 1488
9808 9180
4743 8066
2323 8295
5784 1489
9248 1080
8527 5147
4566 9927
1692 7049
7050 2638
8055 3984
28 6785
5448 1334
382 1134
7749 415
2910 1135
6456 1003
3510 7546
8370 4595
6264 5460
5743 5973
4871 1436
334 6661
8030 6373
4637 9432
2884 5799
8891 7908
7587 2982
9612 3764
2433 5489
5577 8146
3362 971
926 2972
2418 1909
5619 6909
3585 6050
5531 7287
1452 4705
1806 491
5615 658
3009 2014
7065 7443
9940 4222
4356 7344
4424 1896
946 1724
3224 8851
6359 3120
8667 7633
1125 7085
8934 2772
4675 9174
7606 8522
8681 1873
2308 3539
5962 3440
1558 7436
945 18
994 2953
4486 1898
7873 5416
6534 3341
7446 5572
8794 7575
6456 3610
6574 1282
9601 454
702 6404
3856 9903
4388 9493
9251 9962
5816 161
8322 6619
5983 4238
9865 7752
6112 3146
7109 9034
7538 307
5271 6734
3876 1627
7141 7951
5847 679
6195 4512
5191 8454
4228 4157
8613 2328
8861 9367
9045 3178
3116 222
6033 2790
7944 9149
2313 2899
9644 4372
7571 6264
6875 2709
2787 9268
8512 8036
7642 2187
1043 3424
1561 4783
126 1623
9669 4581
9878 3874
6107 5445
9407 8040
15 3274
4279 326
2239 8184
3566 8958
7304 5537
9293 6762
291 9636
7365 4937
5354 6717
6742 5286
7015 9345
6838 10
8641 4428
386 2276
9594 3180
6292 1845
2106 3445
2723 7801
5950 342
588 9385
2520 1600
4581 5901
7265 2949
50 5980
2966 8983
5125 2808
2720 1086
8208 8740
6030 1748
1049 8620
8092 2437
9601 4772
6407 8725
4491 1726
6536 7295
2209 3925
7152 5091
2056 9895
3672 2445
570 9054
4117 7382
1718 8484
9953 8299
338 6596
611 7557
213 2203
6536 3122
7182 6863
3146 1796
3076 3258
3587 7126
8561 5125
5332 808
6697 9205
1599 8895
8787 1360
8011 7588
1948 3011
3921 563
4676 5339
7908 5684
4613 1861
2921 2533
7428 7719
6309 4319
470 7115
920 5930
446 504
3684 2625
3563 2838
4380 3324
6769 2638
242 2249
1225 2381
4468 7846
3189 24
881 3721
324 9403
1035 5076
4297 1573
683 9755
9709 6497
7057 8704
8601 8523
729 9188
4534 5957
3627 7907
1140 481
7287 9975
324 1726
728 3649
4869 994
3525 1023
5175 5519
7258 4975
4015 6963
9430 232
9523 2818
2785 1359
8363 3065
9059 4631
6162 9713
5893 9789
6736 2681
1408 6558
9585 6481
4690 4171
5232 1665
786 3144
8285 1306
5717 4788
54 1095
2103 3702
7044 5392
1152 6757
5663 4660
3779 9115
4655 5320
2069 7252
6133 2026
9087 6368
5625 9030
3176 7430
992 2062
1452 7249
3488 466
8809 3966
4873 9562
3583 622
9969 7521
6846 8766
9837 1433
7797 3372
4709 7414
6404 3352
9763 2765
3187 9013
8060 8227
9499 2899
4566 987
9197 872
3201 5025
5238 1353
8413 6656
7599 1044
1274 9585
9566 6753
9841 1394
9347 6045
6068 2598
5834 5791
1292 2854
7917 1343
702 4919
2204 8665
1874 4723
9887 7744
955 7682
7040 4468
9203 8443
1469 3720
2360 6185
9257 2864
6101 7077
3356 6214
1153 155
1272 8652
7639 1723
2522 6953
4701 9580
9924 2729
4368 1878
2021 3208
3251 674
3328 8031
9601 6928
5857 2708
3975 4335
1593 4900
2154 3665
547 7056
3773 7654
2296 6283
8391 2929
1175 6247
587 4501
2591 9364
8840 6690
8322 9228
1448 5405
5994 7144
722 1198
1610 2222
7837 8299
2882 6913
1435 7631
3569 5135
5069 3907
4931 4203
2280 8356
687 4161
9826 4174
9751 3209
5567 6
8678 3413
9607 681
6587 7795
278 6447
7076 6821
6563 6183
3510 6239
3735 9486
3418 6675
1906 9597
3839 8296
4684 5024
8185 8623
7356 668
2640 3340
2132 8646
7539 4545
1262 1961
9256 4010
102 1543
6295 8774
7866 2760
2760 4622
4000 7642
492 8714
9060 537
6657 3656
7285 8373
6436 2294
7082 9947
3631 3501
8143 1607
536 8322
7474 344
1473 2729
8646 5697
1550 7559
4438 8168
7970 509
9280 3383
5003 6754
2914 5055
7756 100
4227 5344
1578 1634
4727 5372
4769 5517
4985 6947
899 3194
2922 1653
5659 9867
9636 3730
3575 397
5628 5396
5822 6053
2054 9385
9818 6391
9795 5420
1419 140
6794 9378
8943 9520
3760 1919
5848 8865
7578 1447
503 8825
2018 1358
4267 9769
9324 2667
7402 9007
2675 32
5780 9251
9325 3343
7314 8313
8587 8956
8132 1372
5054 4095
6475 1813
7514 8552
8131 4988
1468 4232
3427 2839
5624 2412
8327 7885
1765 3327
4249 2086
1663 4638
490 9724
9660 1581
2872 1807
1366 2039
8842 3583
4294 685
9275 4389
2218 7548
8023 6719
2377 4898
8034 4952
4548 1761
6265 8426
3094 1711
7457 6769
6151 9900
6445 613
1749 4439
7954 3529
3104 4639
487 3099
153 2158
8986 6035
2049 9656
479 728
9514 8845
3272 9258
2451 6865
4846 110
4515 3117
1114 3166
9279 4998
2589 6469
1857 533
8050 2545
6799 9971
9439 296
5191 6682
1761 9293
7755 7290
1474 1120
1247 2179
7642 914
8602 8988
4478 5486
4070 7080
3106 7741
3533 8194
5720 459
2150 2095
9601 6735
9641 4002
8958 6166
2302 8795
7333 8406
7154 7703
2874 5092
706 9287
9617 505
9921 1253
9098 8584
8878 4592
9774 649
5248 5214
7205 3354
2594 8617
1939 3330
4230 8031
9896 8508
3989 5971
4388 4251
9318 8611
9447 2031
779 8045
9778 3735
7082 3934
7784 8388
5557 545
5601 6585
8174 6174
6567 3048
6975 513
6143 6527
7000 2285
2052 7363
6076 9122
5917 8863
3432 8682
3159 117
2226 6030
5892 7981
1771 3372
7753 6959
6782 2978
696 909
5008 9610
8455 5768
3076 334
7062 63
3154 4769
3642 7618
6522 972
3151 1124
6310 1052
8559 7247
1939 8345
3976 5676
8045 1010
8903 3574
542 7894
577 6604
4079 7982
502 3215
4573 497
4387 6656
9927 2860
1105 348
1106 4067
3281 5152
3745 9051
9085 4551
664 4447
8868 8402
2291 8478
2277 2741
6882 3306
4332 6723
854 1211
44 7960
1196 5158
9525 5890
7787 4415
3714 7973
1809 5254
7855 1543
6207 1597
3452 1776
5237 8720
5646 3902
1016 8028
2587 3942
6769 5157
7032 7868
2240 2332
2517 4260
4843 7763
9912 2620
8514 2040
3229 9998
5758 9122
1078 2361
8467 8397
2218 6525
1016 1753
7150 3957
3198 1890
130 4502
7077 4636
1904 5706
7185 4029
3009 1333
1698 3258
70 2310
4421 8080
8397 6479
8294 8803
3961 2355
5540 2784
4864 5625
205 4592
7392 2909
7327 6363
1821 1539
3883 2052
4322 5969
3942 6187
7400 115
8879 5847
7984 9732
1464 8872
8673 6296
1881 6229
597 4735
3028 293
819 6938
7281 1629
4890 7022
3353 6664
3117 7286
3459 6715
8865 1022
2233 1721
1151 1862
6988 9850
710 9209
4300 316
4327 1097
8263 5901
7165 3759
5961 4765
7197 1850
4650 3640
3942 9307
3583 4043
6404 6684
8010 765
2619 3738
7846 1950
8295 6861
2284 2866
9325 1735
775 2568
8978 8151
9936 7747
5725 2284
2239 5288
7872 4006
4147 6815
8541 1693
8933 516
8371 7463
3515 527
8752 832
8012 3171
2707 1553
4968 259
3279 7374
4903 9387
9583 1687
8554 1214
7113 995
9438 6960
43 8872
1871 4648
7568 3535
1013 5866
9497 889
7148 7975
364 5202
9177 270
602 5942
6992 6537
6306 150
758 3373
4371 5172
6691 2734
8334 2625
8100 7120
2210 9040
7685 2834
93 1503
3489 5123
5898 5025
4657 8374
4347 6316
4728 5820
7588 9201
9302 3436
9561 2173
4041 2019
4591 7216
7855 8074
7927 2822
5251 2686
823 7743
1268 7810
5930 8405
2857 2299
2371 8228
6640 4037
6221 1084
999 6771
5641 705
235 1567
4326 4039
6554 2705
9091 8436
2083 7370
5650 1391
2534 6051
207 513
7407 1938
4068 9252
6020 5528
4303 5505
3144 3903
5106 6337
3920 1885
7317 8775
5238 6325
4917 1657
5763 2934
6585 6033
5064 4847
5910 7971
2504 1797
3250 1260
2501 1926
9361 6375
5707 991
3406 7256
7573 7255
7308 5108
7382 4297
1941 2463
1425 2958
2133 3107
2173 3319
4566 7048
9232 879
7980 6305
3491 405
800 4502
3831 6830
324 2588
1203 5075
5939 5219
6968 5043
9794 2785
7595 1891
3049 5261
9470 2649
9032 9698
7965 9392
8353 8242
1125 456
2783 8101
5396 3083
2703 2634
569 1256
8349 3065
5413 8345
3276 3392
8768 9899
3935 8719
2813 7946
6120 803
1169 2566
3547 3013
1147 4246
6925 3
4265 848
7977 5396
6489 3544
5932 2425
5247 1488
4707 7552
5942 4704
2267 7708
3800 268
5357 3836
7062 8733
3889 3252
1693 5888
4057 6555
105 457
8769 2918
461 4129
201 1049
6161 3748
1829 488
2329 1638
1814 8055
6517 8838
3514 3868
939 9500
8775 624
5319 4160
5853 971
859 1344
2225 9222
1176 8498
5750 478
2031 2231
6471 284
8000 8528
9938 2661
2006 5942
7781 725
8152 718
3349 5650
7038 7606
7208 1483
2837 2862
9464 1754
1630 4564
9260 3126
7269 4340
3251 9237
6486 3533
2049 8948
8547 144
4532 2766
2875 5135
5925 696
6928 4575
2813 7773
1878 5244
5890 2182
2417 8085
5461 4982
3739 7734
9554 1441
761 434
862 5801
9922 1530
6194 4756
2933 7298
4758 7678
5307 7138
8979 3969
9497 3263
396 6346
4430 695
6307 8688
731 4907
1730 8267
8831 2393
105 1720
7672 3719
7318 2817
4687 8627
5365 7416
5277 9768
7184 4538
1509 8300
82 2106
947 6287
9086 317
6357 2954
860 1004
3115 2357
481 5288
5161 7742
6069 3547
9811 3728
4308 3635
9966 5657
947 7541
728 1482
1475 1409
6955 7834
450 2710
2605 929
2766 5143
8429 6929
6293 6177
1978 1306
6431 9201
6156 7207
3991 5809
2426 1058
6614 7465
1343 568
3667 4852
8024 8828
5905 8885
8351 7108
6431 9068
573 2757
8758 4274
7023 4882
2178 6771
7168 9933
8103 6563
3942 2119
7528 8066
2801 7771
1712 6924
4363 2712
4760 239
708 1150
5568 9019
4225 2784
481 5300
8285 954
3808 7031
3668 6671
5749 5823
1883 7976
6731 2659
1412 1192
6817 3686
1121 185
361 4046
4412 1022
7169 494
2922 4505
2197 1158
4010 3842
8851 8279
534 8174
1273 2607
4340 6271
1176 677
4060 5262
6663 1549
1351 7384
4498 5218
5471 9376
6489 8504
6796 682
505 7016
423 5890
5295 5810
7134 1924
7402 5861
2221 7187
1288 5534
8856 7369
3417 9963
1026 8997
969 7597
7612 8120
9136 3385
1597 9310
429 1737
6418 6562
1689 8758
6485 1114
1770 753
6359 5119
8336 1828
3780 9851
5623 4394
598 2217
2058 4639
1709 3107
5429 4016
9454 2034
8127 1603
13 2
6330 6710
1137 5573
3508 6179
7281 6709
6383 7145
7381 8414
5018 1426
3436 2984
67 3732
2057 7366
4242 4349
6683 5426
5064 7106
9696 6755
3525 5056
3883 6563
8716 3220
1886 4246
2124 6894
4558 6315
3472 576
1867 5737
2080 2523
3862 2108
3952 9662
436 9825
7339 2544
3238 4576
3716 1321
8318 2613
9766 2241
1349 1865
5236 6932
6785 3173
6817 5097
5463 265
6585 1017
3296 4756
1511 9612
6975 3462
1785 688
7325 1325
2198 5189
8424 8110
6945 9968
249 1054
1414 3088
848 8951
9401 1995
2701 9583
8963 4892
1649 5078
3343 3664
2751 3399
6992 564
9793 8034
4092 6943
7012 2088
6127 9369
6516 647
5187 4685
5731 9087
3623 7445
4757 5365
515 5142
7109 1369
3035 5945
9572 5341
2347 5194
6737 9619
4029 3638
2242 8286
1700 4390
9279 2704
2373 8085
3112 5514
741 3164
8749 9956
4307 9800
2396 3503
7649 9904
4308 2609
8965 1762
4224 9826
3558 8432
9646 7190
1429 2249
3913 5142
351 5150
1902 4500
6667 4930
3315 6268
7925 290
113 9065
980 1350
2065 5026
1885 5186
8510 4451
9011 403
6354 980
8267 8851
2430 805
5328 4489
8413 7776
8579 5389
2504 2472
5324 9752
1552 2547
7851 3212
110 9452
531 8315
8139 9181
7184 6636
3457 3849
5028 2381
5627 3138
6074 3331
9079 6694
8737 80
9687 3533
1781 2916
3700 3888
7907 3488
6708 6372
3840 5413
8333 3951
6225 7802
6377 1469
2377 8079
7545 679
4808 8515
9090 8423
2000 8564
42 3096
7067 597
9234 8802
1679 4792
571 503
9252 1143
5049 4405
858 1976
4592 2774
8121 3593
8334 7552
3484 418
5084 7632
5197 5877
150 8362
9918 2018
8260 8201
9514 6746
8019 3418
5262 8971
3717 2346
9543 3896
9609 1616
7721 9725
4632 8813
2001 3033
5517 1367
9374 4990
1523 4826
7151 709
2420 1357
5225 5745
2216 1787
7187 1927
9902 7003
2035 7303
3586 2236
3384 4225
476 2109
2979 7864
1823 9490
5605 3801
3179 5297
5324 4310
7471 536
3388 5828
7512 7716
226 6583
9234 8958
7787 8481
6440 3495
8774 9149
2430 6515
5120 6695
9120 6132
6458 9465
1710 7298
4074 5391
9276 7088
9176 9638
2409 7598
6725 1461
7579 6133
2957 5374
8544 8888
849 4615
3171 3365
1667 839
9865 7321
4025 3120
488 5378
5148 880
6197 1856
7885 8320
7790 6981
4146 4845
2070 3209
8018 2509
4234 7950
6858 761
6293 5699
7638 5566
7589 1343
8953 452
9373 6313
8802 890
4995 2909
1489 3095
411 9500
5522 3199
7968 3065
4714 4034
6541 4840
7928 2569
6851 4759
2840 9652
2959 7732
650 6258
3865 2670
2180 9733
1367 6288
3477 4087
9184 9280
3533 8019
1038 4831
5963 1615
6344 1256
3159 8997
8649 6460
6697 3354
1692 6826
1437 2606
7920 5806
2271 14
8181 1361
4110 7844
9680 2268
7486 4205
6404 2122
4007 4984
3397 6948
388 1346
5965 5986
563 5540
1513 4119
4197 6346
2000 954
240 1475
168 8779
7983 1737
3910 1150
5152 8411
5043 728
5497 2177
6977 406
1046 3486
1756 8073
4365 4400
1721 3497
3729 2364
9619 2555
4945 9297
2116 3372
9254 3833
2215 5905
4934 6772
8305 8745
4896 394
7204 4399
9406 1187
8623 5291
6151 6240
9622 1971
538 8580
9439 126
1325 5136
3742 8043
1564 5003
6180 2361
6946 2263
3426 4677
9709 3664
2100 2114
9477 1122
7566 9299
8704 3075
6948 3014
9625 8402
2349 7909
9501 9592
4944 2926
3497 1571
1727 877
4001 6171
3974 7509
1265 4968
5116 1829
7168 3662
8455 9734
2318 8749
5859 306
1696 9921
7357 5559
5973 7039
911 4496
3323 1526
2102 8456
7401 345
1878 5028
4725 3737
6444 9350
3509 7002
3307 6361
542 4683
5785 8173
3746 9238
6580 8138
9325 4308
6750 5397
3550 7398
9231 6326
2764 5165
8114 5493
9909 2078
253 9817
3128 2904
5521 5570
6370 1460
4340 8408
3133 3930
5086 1081
4118 7325
6436 4002
5762 780
409 8284
8481 922
9626 1405
6518 5017
9602 5973
4602 9262
5773 9218
6788 1628
3507 8929
55 3156
8130 8573
4489 9570
9948 1290
1420 4165
7120 5380
2626 5208
9079 2137
4196 8961
5082 9585
8233 5860
6804 2656
7759 8926
516 5291
1047 7893
5938 6646
5043 5617
3087 3874
9251 4060
217 2126
1535 7147
9137 4771
2312 9048
2833 8769
3657 3061
7429 8139
3525 7463
5463 4779
7358 1548
1943 540
2779 3305
5711 5926
8804 5407
9778 7330
5282 853
9919 2946
4534 8408
1344 1521
1989 3786
7014 1064
8789 2866
9977 2593
1567 6595
5686 2969
7985 2742
6594 7802
7167 341
7035 3497
4561 3822
8933 9286
1780 3992
7983 963
6508 5906
1139 6428
4093 2375
4482 4223
2977 7337
418 5228
1173 2086
3274 2805
5703 1895
5784 7919
1365 452
8918 5274
7190 4754
2825 2078
7004 6534
4243 3873
7487 6086
5580 7708
2554 1829
2196 4452
2233 4836
6818 5281
9044 5998
7758 1265
1773 2149
6848 290
8293 8905
2198 2745
2918 5013
2730 8608
8293 2809
1503 6282
6589 6355
6117 3179
3813 3309
8567 8455
5265 8242
566 3750
679 8034
5222 9249
4377 7203
4658 7318
9915 3467
6739 3404
2979 2195
8355 4826
3684 9279
4564 7149
1266 8491
9468 8459
2097 8574
1007 2839
7602 9428
3022 3512
201 8819
6585 8946
7462 19
8472 9825
2113 8790
495 8641
2633 1171
8268 3166
8287 3818
4025 6508
8952 8046
8649 2964
9781 6666
189 1677
8661 8701
1656 229
8852 2937
4746 2305
103 9787
2356 2474
4406 1341
8970 5411
5408 903
9627 2333
3890 9853
8469 6817
5037 7330
3018 726
6195 1839
5802 6244
116 1409
4678 2295
6829 9612
2083 5425
3044 3004
737 9556
465 8311
7692 7600
7354 6321
2434 1063
3644 3717
3320 2479
4233 7003
727 4129
2337 6574
9811 1730
1000 5857
9905 9898
7542 211
7321 295
5007 2086
8611 263
4611 7449
7348 5003
6666 4734
3738 5441
4209 598
1367 3591
6206 6353
984 5006
1438 6422
5652 6455
8511 8529
4455 7997
2129 7960
8612 8090
1149 7264
1529 8239
2190 685
9396 3114
4680 3518
4199 7811
2589 598
9313 2954
6295 5384
793 9183
2161 4638
2707 2677
6435 4771
1752 5586
8687 6608
3730 5411
3973 6362
1861 1501
8104 2259
1665 2751
9911 6850
1151 3766
2136 5521
3715 7750
4033 7885
1654 3559
3953 6969
3912 9412
9117 6420
3482 8014
1460 3277
6508 1819
1357 5043
477 9019
7629 3924
559 7683
1479 3933
5493 344
2812 7390
8274 6748
8466 1226
5528 620
6254 953
519 4213
3468 3040
9858 6356
5020 3869
9708 7187
2949 9880
1344 1540
2931 6284
6383 7146
9949 6199
172 1655
3335 2165
3641 1364
1284 2258
4313 2063
1005 223
1878 1458
725 6841
3279 70
2640 1001
7916 1391
3428 2029
9937 6811
7810 1022
3466 6099
272 184
4309 7906
7848 2027
2669 377
7474 9895
3925 298
6465 3326
19 8319
8195 7946
2045 5151
1752 5382
331 3258
9323 794
2971 6268
4433 7098
2135 8776
5104 3880
3329 3892
385 3564
1492 5389
6486 9460
6019 2697
2618 5267
87 6914
6551 2916
7145 5133
2611 2812
7225 6535
260 2194
3468 9457
6885 7722
879 7383
1143 6253
1211 7051
1790 8266
1122 5312
736 8293
7996 248
9357 7836
1378 146
2818 4705
893 8750
6056 2267
8247 2412
835 6194
4533 2586
3349 6953
9839 4065
4140 9713
3607 2656
578 906
6539 5947
289 6805
2037 3465
5049 9834
3679 5299
8321 9354
3765 7940
1491 5173
1362 3430
1523 9550
2875 3594
803 9102
1787 2423
6707 5476
4926 4801
639 6251
6764 6309
9466 8834
2181 8574
1310 1280
8034 7078
1131 3934
7997 2411
1000 6029
614 4537
8689 9710
9453 6133
7313 2281
730 1782
3465 6886
1277 4390
7724 8445
5379 404
4444 9447
7329 2402
4469 2744
2076 7937
1327 1994
2604 5753
271 1431
1832 9766
9113 5901
3735 5440
3779 1868
9716 8297
4868 391
1860 9421
2634 8355
1420 6432
3037 640
1546 865
4128 3864
8537 2152
3742 1607
3909 2933
9389 2622
4412 5436
4529 7247
2550 9915
3925 7379
4429 8410
8075 6194
3021 9045
5743 525
5987 8829
1091 1433
3549 5873
3403 6569
8829 7900
6849 2810
4110 5608
5317 3359
7304 1717
1960 508
2624 6089
8609 2323
5714 473
9156 212
3812 6991
2846 3289
5120 5857
2304 8154
9891 4610
8221 3150
152 7062
3706 1035
8962 1208
6579 9241
1800 4947
3918 2467
3742 4945
396 2212
1933 5177
7359 4878
2303 9149
5521 8826
2871 734
484 857
5449 1925
8023 54
5934 1505
4458 4616
8278 4181
9424 4243
3040 5371
852 1322
5275 6996
3064 7653
6748 9864
2107 585
1951 8500
4402 9698
4908 7098
1119 122
5217 8146
731 8689
8687 8056
6064 2639
7091 2683
9223 7198
7258 798
7096 7620
1764 8093
3485 3055
2837 190
3575 2516
37 5814
4207 447
7143 4922
8772 8302
2040 4104
4941 4642
8437 5156
2050 3046
9479 9389
5335 4052
8976 3400
5222 865
7930 9391
2074 124
9369 6076
3229 5303
4925 7453
3405 4287
3945 6188
8167 3831
7382 5473
7339 7654
6274 1464
5181 2119
8891 6629
2099 7261
3818 6918
768 4556
7229 8234
1164 1130
8426 4148
39 5948
9040 3650
4215 1752
1220 848
9192 4629
1194 3852
4746 4198
874 8647
7891 3592
8423 4789
8194 9641
9006 7566
5776 7683
1639 7089
8695 8043
8729 673
4802 6536
9714 7580
3465 777
9888 9633
2136 7986
111 149
3831 4991
2389 2750
1972 2349
2263 5925
5504 5294
3421 8307
6126 2998
2632 5831
1140 427
7434 5791
4784 1788
7155 7543
7441 7860
7223 2478
209 7144
2638 6233
6237 7320
9100 8504
6333 7572
4597 5118
6752 5314
3202 2223
4765 3347
5929 9668
2638 9922
7280 6512
67 5628
4177 9465
1669 9383
174 315
2782 3807
856 1852
8699 1169
4162 4900
7370 1818
6553 1779
6288 7407
7578 690
982 5759
9261 8707
104 8160
1118 5263
894 4356
1325 8406
8655 3978
6172 8999
9151 9140
2471 309
1025 97
1222 2241
5914 8858
8368 942
3159 4327
2092 9265
6206 1068
9239 3496
4991 8439
7180 98
1500 4893
1081 4928
2110 1220
6338 6892
2839 3528
4939 7900
7083 6025
7589 6939
4827 3002
5930 7128
4118 2763
8196 9283
3285 8305
8612 7943
3480 6429
5102 9329
9972 6891
9977 4727
5447 4750
372 5003
6732 616
3983 1323
3220 4061
6039 8503
845 8333
8174 3483
9565 4458
297 3731
8929 7269
8020 7576
683 7562
6867 9820
978 7228
2786 2458
8102 5149
1142 2837
5336 976
9698 2185
6321 8794
4286 7013
9022 2935
1376 7390
9950 5763
5727 648
7701 4580
2421 2672
9562 3737
2604 1222
8580 2865
3164 3833
8430 6447
3844 5632
8208 7036
8742 4246
3221 5515
2107 79
5909 3835
1558 7030
1467 7018
1339 5389
3101 6495
4947 6642
9875 9352
3239 5032
7852 6961
2178 1468
9824 4000
1854 5486
1764 1216
3001 3582
5513 3866
9393 9939
4604 1576
376 1934
6272 3534
7672 7018
4522 3641
2787 3029
611 4803
2915 8893
1139 6227
2454 5667
6654 7115
7332 1800
9806 6550
8209 3681
4429 2660
9857 9367
5711 3483
686 505
7649 9015
468 7671
52 9108
7937 566
4907 2847
5967 2890
9149 3520
2609 1646
2028 223
740 3810
8682 8553
5172 8090
4791 3859
3720 9316
7255 6576
1944 7584
9830 8981
822 3878
6966 9841
9002 3588
3265 8392
6774 9802
1892 2948
306 7683
1260 1503
5534 4674
637 3124
6835 6724
4072 7949
2621 8320
4537 4629
6996 8508
3951 23
9194 6591
8512 3662
5279 6794
2627 8812
8158 6287
2206 4698
9961 3310
3814 7193
2039 3319
7095 4185
9618 7167
1176 6862
1128 832
7217 9623
4386 3701
60 7183
9319 2373
3268 5337
9411 6790
1394 6893
1046 8264
5756 5656
900 768
3940 1574
8420 144
4098 2521
1678 7918
1553 6692
4607 5673
5406 93
5007 7578
4428 2718
6288 9828
5089 6780
8362 1213
6600 8970
304 305
3625 1590
1340 6772
1269 1534
1717 6291
3429 8148
4915 5998
7570 7256
6129 1335
3474 5195
4604 1522
4261 5456
9276 2003
1880 5024
431 501
9586 1705
197 6323
5416 4412
2869 916
6197 8657
8639 4126
4177 4600
2727 3386
1000 1070
4485 8232
1449 2007
4343 9297
4182 6626
4898 5837
1228 2974
6786 1409
1858 2294
5529 7322
6741 8587
2449 5889
9756 2040
2843 3040
444 8071
844 3309
9000 9790
5677 6374
7002 3272
9154 5777
5666 3574
4111 3856
148 5427
8595 4384
715 9093
354 8975
2950 8154
801 2633
4117 4887
5452 8982
2174 7237
8398 5047
8882 8391
3294 2494
2475 6375
2013 4106
3020 7245
3880 2237
6469 1433
4249 6418
2918 1466
1397 3081
8634 2011
3353 1120
8213 7944
8289 6683
7444 5895
5692 694
3346 1761
205 7841
73 8688
5268 5292
9018 331
9518 2977
2926 3741
5971 6433
7950 3071
2890 2735
2926 4886
3392 4118
2743 602
9120 4815
6342 7571
4093 9088
1919 1815
4566 5782
6674 9054
4145 8295
5748 6144
4736 2593
1925 8815
4172 5883
2975 1881
6502 1178
2433 7908
4892 1021
6406 9146
8690 4428
1497 7112
2207 1847
1086 1332
1148 1776
6319 1991
4514 9759
8250 9594
930 1583
3823 3618
9712 8180
4367 3217
3263 7352
4973 85
5720 1096
5491 2047
2199 6092
4818 9503
9541 23
2166 2823
7138 9320
9880 1959
6695 3977
7229 9813
6988 8060
2390 3113
6786 1968
1749 7400
6126 9299
9058 3050
3347 9791
6999 210
3099 9684
578 431
5158 266
3607 8292
7313 2595
7746 7013
4000 8776
3715 5433
9345 2543
7821 9469
5723 7943
2799 5311
606 9460
6254 8964
4193 9195
2883 9484
7848 1998
5647 3945
9140 8714
2639 855
2321 8509
798 2474
5251 7626
7784 4676
7996 5422
3078 4688
2254 6580
8993 770
8341 1832
9839 6464
1954 5100
9240 2801
6712 9742
4013 1623
8660 6829
5721 8549
9986 8471
1403 4013
5982 8993
8190 2865
6735 997
4621 5080
7611 9785
9785 4928
7476 4205
4964 1908
2344 3815
1553 8130
757 5602
7582 2950
4023 6667
1426 7406
8591 1777
6032 4228
1955 8162
1582 8808
7726 2111
8992 2420
2388 8242
4162 5764
6598 216
4222 9143
9143 8535
7684 8140
2945 3219
7404 1975
3644 5018
3850 7007
8762 598
2023 3418
4803 2622
8963 5093
8350 2150
3631 8126
3946 3497
9182 7127
8921 2256
3195 9994
8350 2667
7920 9048
7217 936
6649 8884
4780 2729
2647 1718
1017 7148
295 5557
6309 9303
2820 3516
7136 9123
6062 2283
6736 4036
5905 7604
9997 2713
5500 9181
5156 8648
9028 2850
8583 1174
5835 8030
3862 4648
7069 6862
277 9830
8808 9572
6490 4895
9212 672
8017 140
6377 8935
357 794
5960 8964
1557 9899
1311 1587
9337 6762
5040 4193
6711 8306
4254 7020
4933 5276
8151 5441
986 424
3811 9343
4655 6698
422 5504
8754 3166
6298 7520
3378 9841
7754 4732
482 2256
538 2084
6302 6870
1400 519
5201 5024
2836 640
3372 119
4977 944
2845 7191
1540 8962
5725 7150
2320 3758
8802 9797
8499 8255
6216 7615
7527 6203
6906 2424
6818 8294
3603 6335
9722 9626
8888 3128
2477 3118
1231 7240
7096 4695
1719 8752
1583 9680
9478 7397
3599 8051
5019 8005
611 3845
5560 8651
3654 1816
5161 7375
4407 6140
8984 1959
2995 4838
6584 5904
1157 5342
1384 6232
5855 2343
6312 7704
5661 3991
4629 3530
8111 7564
6797 2559
4760 254
5271 8708
1468 9952
2323 8469
8427 2470
5244 9755
2476 5833
6334 2348
7508 9604
9187 6265
4945 3236
8060 9190
1012 7649
5351 9710
2326 3113
3264 9011
9422 6590
612 765
3221 8897
8915 9438
2779 7575
6067 7932
4368 3455
9994 596
5811 10000
3298 2471
93 3910
3455 1372
3195 5951
4900 9245
6293 75
7382 8565
8157 6823
4931 1787
9615 3712
7122 6517
1854 8165
1178 2321
5578 9560
7749 9317
8872 9137
7111 3541
670 657
1176 4204
1221 6613
8496 5633
5707 2898
9815 2266
9010 5192
2785 8496
2488 5824
7811 7789
5578 3747
7089 676
6847 6151
6135 8750
5180 9890
4495 7009
2937 8920
6719 2447
4420 2955
7774 1845
8699 7718
7674 4487
8310 1291
1842 2554
6818 9842
9088 3489
3629 2556
3598 9210
5082 2527
9504 8998
9647 5849
1188 7216
5781 2691
784 2329
4609 3068
5511 3812
5456 8269
146 6528
2172 2335
1110 1877
1179 2539
1321 1232
1631 8216
8388 8656
8963 6466
3607 4309
7476 2829
173 4023
6052 3179
5587 8336
3961 9967
2215 4228
2556 4284
9567 9741
2997 3339
1792 7244
9988 5436
2441 6293
1272 442
2818 848
7816 9126
6809 3562
4818 7622
271 2067
2012 202
5648 6715
2616 5133
1290 6874
6240 8608
8138 5715
5678 3158
8122 9505
2599 2506
2519 5654
7841 4543
197 3806
4947 2575
3674 5672
9053 890
8649 4704
1238 3202
8042 57
1817 9062
5750 3639
3506 7683
8258 575
1002 4782
2701 1726
5055 3829
6769 3121
9834 3882
271 7194
9385 9023
3321 2672
1929 4347
5445 4547
6996 497
2442 1491
6484 7667
864 6961
5748 4663
108 3454
2264 4898
1605 6199
1202 5487
8827 2162
820 8539
7195 4603
7890 1724
5368 8308
487 1201
787 8436
9600 9563
8884 2863
5110 3997
4150 1222
1520 5254
1339 215
4996 8732
4690 6748
8752 4101
5622 9581
688 1458
6736 4089
4473 646
7375 2855
1319 5476
8479 3799
7972 7432
7991 6319
1473 2618
3913 1529
3896 1382
2 8556
4679 7399
8755 9108
5345 8962
2050 3135
9178 3829
1681 8540
6443 7449
5684 973
8001 547
9947 3948
7105 8411
1750 2942
4157 5256
5868 6436
1695 5228
1968 5295
9050 9583
5701 8475
55 699
68 3293
1543 8060
1024 5819
705 4166
4439 496
760 9805
8762 1612
7461 34
1965 430
1553 4492
1921 7744
4652 5435
2147 4401
7810 2554
368 8988
1173 7448
6350 1645
2453 5805
3632 3328
2582 1084
6618 2892
1018 8742
4088 3056
3601 7891
6146 7610
9496 7457
481 7215
9031 6671
8624 9438
1812 7242
9926 9738
8940 3003
7994 8267
9782 6905
5834 7831
1682 6343
2895 6744
680 2604
7955 9149
4176 3427
448 5844
3860 230
2209 226
5910 769
1213 4144
8386 8450
3929 9551
5135 6742
2905 3165
3318 7989
8949 5533
3566 9270
1961 5602
2054 6453
5594 5336
7135 8673
1478 3518
9211 8507
1126 6691
3339 3836
4761 8032
331 5548
1288 3933
3683 7714
4879 9712
5895 191
6315 5984
2766 9423
9170 8640
9277 742
2201 4221
1238 7638
564 269
7948 9646
9168 1181
827 5058
8807 2166
6147 8164
9246 5683
5569 9823
1015 796
1551 5463
957 5417
9014 2707
7009 6581
6587 8874
1258 9417
4205 5053
8058 5973
1796 2572
5540 1598
1888 9661
6650 598
4185 3503
2409 2598
5523 2879
3087 9950
6469 4763
6335 3881
3722 6620
2361 6161
242 5139
2267 769
5036 3250
4966 2080
6977 7036
8179 8269
6924 5023
7820 655
345 3985
477 6777
8332 927
9346 4391
5484 1997
6785 2133
597 7421
5915 2375
4122 5082
275 7553
7470 9848
4766 5783
4168 4634
123 8486
7698 5969
2011 6131
2096 1187
9506 282
6118 534
5157 9124
8539 9028
2601 6958
2773 6959
3670 1144
7435 9527
3145 8936
887 7630
7319 8287
6360 6999
9152 6279
1667 5624
2823 8469
2656 3989
8813 3681
8445 5507
1607 3677
9553 2113
4404 887
9015 8374
5364 6379
8565 4162
3276 9585
9370 1370
9321 5221
7298 62
1679 9401
2905 356
4547 8300
6427 9859
1114 5555
357 8577
8644 4610
4150 3238
327 1904
2913 4648
5576 9846
8146 1026
4168 9437
6949 2382
756 5657
8136 9045
8960 7849
7528 9419
4458 9849
4772 8331
3558 2138
1682 9689
109 7206
3144 9872
1905 7108
3052 7206
7493 86
8918 1440
2875 8665
7583 9714
7816 6206
7410 3282
597 721
6254 806
6477 4321
9632 1166
2026 8088
2014 4895
2277 2326
2498 2226
338 4050
9671 694
7665 1171
9102 9304
3501 7485
8192 8120
1753 2400
2371 4855
5342 3091
8888 1157
1811 1642
9444 7697
2260 9694
3932 2663
2684 1260
2653 2891
1250 2549
2805 3695
433 8942
3861 8605
6069 4968
5743 8572
2265 1127
7319 3455
7599 6560
7800 8548
294 3148
9923 8243
2199 3578
4773 6925
4390 7550
3953 7061
8777 6521
5271 8162
8754 7204
8496 5732
8950 6790
254 3663
3253 1026
8609 9142
1210 8266
6839 4782
3178 7081
3968 892
9975 3672
877 6604
3320 2906
4061 6545
4806 9197
9159 9630
301 3566
5794 7443
3352 1910
9983 9284
4217 2410
9995 5619
6174 8131
8047 1583
4517 1549
4947 9335
3742 964
9640 5320
5823 9565
347 7273
3296 364
6864 7833
2919 402
8740 9697
4842 5304
3152 1353
2085 9944
5332 74
6989 1945
9931 2750
4476 4788
8489 4404
8418 5636
396 59
9643 9161
571 4155
7257 8909
990 4701
4059 8696
1805 8258
5180 5241
5747 3014
1691 1525
5767 1468
6161 7905
5823 1084
5408 9248
1403 5
3863 7210
8463 1275
2111 7702
6023 3475
9682 3637
8078 9280
5524 7596
3482 3659
6745 4420
2025 6880
9747 6890
9353 6494
5632 9080
4392 9631
6252 3553
1647 7620
3026 6678
6157 1091
1711 22
313 6590
1965 3243
9700 8715
2174 4758
494 977
6287 3844
8239 7617
9842 443
4212 746
473 2160
9972 2796
3312 5117
6358 5187
1911 1773
6544 485
3278 166
5472 4729
7273 7404
387 9822
5654 8297
2041 1946
4651 3186
2427 6983
1127 2075
3174 3599
7097 2280
5489 1140
9818 4667
4950 6009
191 2108
1751 1108
5418 1603
8887 3651
7824 4987
3772 9383
2459 7657
6020 6339
8141 8960
8395 9229
8471 351
9624 2242
814 111
242 9691
1092 3073
2177 6334
1263 3496
7631 7675
2611 5792
312 6427
6162 7232
658 6097
6757 164
6261 7265
9030 7844
2081 6575
784 8910
6081 695
9638 192
4041 5890
5999 9338
3693 2402
7177 68
7588 1806
3040 8646
9376 6921
4819 5185
1579 301
4704 2011
2778 3526
4914 668
4448 4382
8903 5253
4583 9331
8353 3797
1492 5298
2065 116
7606 3279
4775 292
525 6673
8804 3009
5261 4621
1917 3429
2000 1497
10 1980
9196 4368
5733 3936
8740 5199
6087 3911
190 4331
5462 8777
6133 6293
8655 1742
9366 7812
4502 8077
2985 5112
8328 8311
5803 4408
3575 390
9365 4955
1272 5811
5005 2220
6605 7102
7061 2781
9459 1599
5360 904
5329 2106
3670 471
4815 337
3067 7197
4922 8869
9198 4481
4054 6236
3039 1197
9065 2300
9428 6156
7110 7114
3874 2905
1655 7196
7799 9544
5122 222
9345 9359
9038 5105
6006 6123
1410 5832
3296 2134
4045 6902
3766 5379
8448 3724
6493 562
6514 6339
375 2324
7043 5314
754 5296
180 2619
1807 2601
2838 3772
7986 305
626 4142
2233 9065
8604 9671
3285 8624
9159 1645
5489 2395
2591 8450
5731 5906
2968 199
4784 9416
3944 8469
9114 9789
2483 2971
7289 9467
1256 3608
7576 5000
1740 709
4995 9529
5771 3484
4531 7597
6055 7683
1381 2306
653 9908
8358 3592
3939 5432
2038 9252
1336 4442
539 818
9626 5732
4127 5555
2306 3600
7560 2606
552 6644
3143 3450
4770 7717
8465 2254
8877 1190
7372 2289
7482 9446
3568 7163
7587 7960
8734 3306
7490 7651
6234 8556
8829 4689
8389 2061
7325 326
2013 7258
85 6273
1324 5123
3476 1501
7977 7434
8869 4673
4194 4340
5799 5614
330 5342
3843 8639
677 7254
3246 3582
1775 4008
5536 3596
459 4400
4031 437
6656 3966
6433 6201
947 737
6909 6772
1846 1407
7926 5254
5181 6533
341 3499
7259 9512
8024 8345
9194 5967
3848 4164
3254 3759
6118 2733
6110 2459
7400 9469
9863 9427
9848 5644
4314 381
363 33
3867 7302
8966 8575
8925 7478
2099 7263
2444 6932
265 9034
4140 5290
7000 3335
527 2111
8964 245
6088 3370
3140 2461
7090 8231
7811 9655
4349 1567
6134 9066
2449 3769
2727 9560
4292 3092
3262 2300
3163 5243
3116 2843
3718 638
1847 3178
4089 1054
1175 5847
920 3798
7147 4575
2534 4820
9934 3348
8764 7654
4352 8000
6956 2066
6037 6566
1409 1512
6884 5578
3907 5526
1063 1945
1978 5723
9581 3770
4188 853
725 9927
421 967
8010 6640
9777 5795
9046 5391
3760 9704
4454 4885
7556 1741
2149 9622
437 9345
1655 437
8460 8812
5641 6568
5813 7509
3141 9387
5503 486
8412 2636
5822 4244
3390 6261
7368 8190
9409 3437
2927 7888
1518 8678
1193 9709
8982 8376
2560 7361
1606 910
7917 833
128 681
8564 3864
6118 3309
3383 9281
2749 7551
4941 1102
3431 314
9188 9270
8682 8335
5836 6392
9749 6077
4844 7869
6402 1750
1813 8501
9761 2002
7867 4612
4372 1770
9209 1539
20 577
1279 2869
9077 1948
4608 6950
2317 9799
8151 1199
6574 3569
9314 9393
3226 470
988 5660
7260 1724
4113 7193
6996 3218
4999 98
1381 6806
623 6265
2995 2903
5352 2364
6308 2775
7104 5274
4291 437
2345 1398
3342 7602
9226 1467
7103 8442
9235 1368
9197 655
6766 9537
9506 7265
8345 5437
9277 4749
3205 2960
9965 7647
4357 6531
2496 8527
7021 9969
8313 6844
1982 965
2811 4948
8777 2956
5471 2291
1638 593
5317 8504
6042 576
8404 4760
5963 8288
7481 8194
2055 8185
3222 520
442 5283
8499 6208
4401 8920
8087 5129
9814 4900
3203 9478
3847 2247
4025 1288
9900 1839
851 618
3891 1654
187 3924
4440 7858
7244 5837
3411 1719
2869 5239
6169 5906
6404 2981
9989 1477
8233 201
7535 9619
4872 717
4229 143
4559 3587
1271 9637
5919 7813
1418 4653
7080 5601
394 7408
5449 9807
943 6437
3636 576
1214 8030
9591 8510
7639 1963
1115 5022
8337 7793
9405 6902
9698 496
3720 3395
4133 7329
4059 810
4704 4347
4747 7981
5232 5160
5445 4134
6558 9334
3946 2574
9335 3
796 9129
7816 190
4027 9269
3522 6506
3466 5257
2645 2878
5178 760
3523 8397
8028 5185
1529 5646
4017 6381
4153 1621
5528 8910
1828 9762
2232 6630
405 8789
8651 1070
674 8979
1249 6883
5628 6320
7416 7006
3706 3663
9986 3826
3101 3306
386 2504
1678 3225
9037 6293
602 9909
4316 2097
5011 2741
3425 4493
583 1265
10000 9628
1212 7833
8252 1876
2315 5253
6116 4080
9833 4609
5726 3484
7218 458
2878 6024
4062 7279
6780 4994
7546 1464
5899 2728
5141 241
7396 5198
4960 9572
2426 6994
4355 1348
3175 7588
6131 4747
5959 5848
8837 8604
5029 9406
1458 256
3059 2846
1538 2614
2536 9702
1152 2494
5169 9033
8416 2145
9468 63
2596 4361
9002 1816
8508 522
1494 2580
779 9241
2934 448
7479 8190
7108 9797
3014 5424
8467 3775
6557 2788
9756 6581
1916 5767
8032 3544
5085 7179
8052 4606
5768 4721
5970 5965
3227 2186
8997 7010
8930 1615
3111 3537
1522 1803
7290 1300
3581 5904
9713 9451
5271 1319
6711 7123
2540 7418
8399 7016
1348 1486
5984 6869
4963 3447
7515 415
8805 589
8322 2579
6890 6939
4320 8220
7453 6915
1464 9600
3197 8670
1527 9712
3470 6703
9577 4416
1221 4068
7057 6270
179 4415
3059 3306
7024 8553
6684 5566
3235 5570
8768 6360
2310 661
3787 5451
7565 4409
1927 7766
4150 3873
9319 1388
6299 9539
5299 9639
5118 3300
4914 6863
9510 7534
1956 2871
4423 3916
2940 5024
6077 2032
5826 7808
5938 1144
2397 9086
9694 306
5191 100
4867 9382
9939 4859
7566 4442
9175 3280
7269 4016
174 5004
9217 7353
3421 4588
6007 3777
362 9953
218 1217
9137 2039
6724 189
9362 3082
702 8221
5284 9980
6323 4197
5342 986
7166 5901
3032 1139
1834 4227
1247 8425
3275 7170
73 579
475 7254
3757 4003
2521 471
646 3012
1446 6239
6742 963
2027 8139
7389 9477
1761 6599
3535 3230
663 7495
8114 7641
2505 4568
5433 5498
483 4765
420 8545
8636 9042
111 3741
3330 1929
7999 8125
3631 4603
8579 9352
7566 2801
6468 8695
6540 5359
9227 584
3654 6346
8661 5382
2202 4946
32 3495
7913 1078
9745 2549
3228 6205
7201 3074
9602 5184
5577 4704
9126 9782
2699 7557
212 2112
8440 3986
5532 2563
4174 9843
8170 2925
1912 4570
1262 5968
1957 7203
2307 4693
9313 5171
701 6219
1032 5770
3041 9090
6969 2916
5112 7503
3336 2019
64 8280
7070 5379
6791 2905
2269 2458
8540 1970
3372 1826
8771 643
1634 7399
1145 6777
6557 6043
2952 2294
7091 4459
4052 7823
8014 2144
7714 9859
9010 9192
2908 5146
4403 1699
6412 1160
4218 7236
6161 9412
9839 9952
1382 6193
9956 2103
9380 7091
4496 1985
1038 4394
7496 3440
259 2913
497 7283
4940 9158
8569 333
1797 6029
6349 861
5717 6707
8031 6295
4617 7083
7730 9685
6969 9178
6046 3311
1056 4358
944 2675
6429 3262
7239 4725
4731 7275
2188 8157
6395 407
9877 7351
6112 1786
5013 8942
6005 7512
8481 3912
3733 5439
8627 6334
2492 39
4553 8742
7177 1943
598 6670
2664 8099
2228 9290
1309 6511
5016 8602
7909 9427
3715 6510
4494 6244
4736 2878
3481 9406
4076 3404
2361 4000
3602 1946
7124 9728
1497 7197
1025 7265
6670 6039
1020 2448
412 1851
7657 4812
3814 7452
9482 2633
2581 7378
2087 6250
7303 3251
7872 2057
2078 7410
3669 4559
7993 8595
8813 4430
9963 2526
8429 1625
6196 9389
9548 5707
9069 1410
4579 307
4531 3175
510 8611
6485 690
8143 4792
8457 995
6510 9905
6562 5333
1854 3459
1290 5189
3848 9151
7430 2184
2153 5222
2016 6212
4009 4653
5113 7003
9394 7111
8881 2157
9654 9242
5488 9840
9348 3189
1620 7512
1597 7212
8587 5672
68 3547
9177 6128
5447 4887
9508 7335
3080 7181
2037 8521
7899 9945
4219 4560
1124 1284
1882 3580
3218 6001
8296 5337
1706 3039
3278 4572
5582 4419
8920 115
4566 2185
1041 1475
5338 7305
433 8360
8058 7001
1181 7482
8424 1375
2525 2590
257 8425
3466 8504
7999 7707
6639 3173
6619 707
410 5002
9391 3325
9295 636
3772 6095
2782 3145
610 8915
6849 2950
7588 3772
9445 1082
9565 536
6863 1048
1488 9810
3955 8703
2186 5705
2134 9841
3362 7044
329 5889
4575 4657
5037 2734
8195 1701
3231 4928
1401 9868
4548 6568
9154 5185
2872 2307
4392 3148
4173 5587
5446 8967
7154 7920
23 9800
161 4306
1922 3826
1543 5616
5676 108
882 8778
5710 8669
7445 9725
6672 2217
3176 5952
1450 9832
2625 2554
7372 5123
9440 663
1267 3343
7452 3998
165 2797
7826 5080
3589 4877
7615 2267
407 8827
3412 1433
9073 3534
6423 9073
3445 2461
9135 5677
2916 3414
4834 8337
2211 1747
8205 3881
8368 1932
9827 564
8735 4565
5182 6287
5607 7431
9865 8509
1893 9566
8975 1228
473 6515
5050 4578
4404 4800
4891 5079
4910 646
9192 6395
7758 116
7069 589
3357 6572
7082 5729
7193 6899
5313 3442
6614 1640
4854 3205
4157 8171
9939 2002
204 6129
6645 6293
7576 5258
9079 8413
908 5038
638 7318
5657 9775
1396 5958
6373 5235
7122 6376
3556 2675
6622 2971
6861 4000
4350 305
9045 5973
9390 6591
2955 7843
1035 2262
5195 5886
7009 9923
4953 6688
8484 8035
3573 2961
5532 508
9202 1462
1914 8373
417 5642
9189 5261
338 5732
6578 3110
4544 6477
6349 8057
9339 9911
5587 3015
8014 6350
9723 7779
3477 2896
8266 5351
7696 6035
7528 6681
9617 5492
7686 1073
4201 777
3876 3644
3135 1610
7425 7541
8516 8045
8098 3676
479 690
1194 5654
6466 478
6464 3698
2266 4656
1645 6909
4992 8097
6160 3666
9836 2394
778 6054
3097 1839
616 3255
8335 3072
6806 9361
7966 3481
7722 4325
7233 8905
1079 3483
6453 94
1064 5523
228 2176
2923 5472
1365 3947
3845 6433
2751 8094
1030 9793
1717 7534
4206 7476
3786 3874
1011 3041
8780 734
5183 953
1947 3149
7297 135
7843 3391
9770 9051
5146 7887
5673 740
8526 4498
9984 816
4516 8620
179 6336
5406 5194
9419 6512
1158 4821
9062 7069
3278 531
3148 7121
9618 7036
1429 3481
7044 3907
5531 4755
7999 4806
5197 5308
7893 7422
5041 2513
6768 8415
4785 5840
8970 5684
209 1139
3941 2181
8865 8033
5508 9752
671 9324
1916 5670
7864 6289
8164 6745
4977 7108
6145 5090
9511 8789
4661 6188
5017 5535
9798 2005
6 8067
3475 617
6915 8305
2091 1839
5444 5324
8631 4531
4 4358
1418 1618
2403 3576
8783 4533
2117 3450
4808 4591
5131 5751
1895 9155
4846 1287
7877 9224
7511 7272
5439 2640
12 5870
2872 7776
2759 5657
9802 1438
6967 7279
8562 559
1311 6035
2830 8302
1711 5474
4469 4434
8183 2617
6420 6613
4863 3804
8377 8906
4784 6225
4096 5253
2290 1186
4165 6171
291 4112
2741 3689
5363 6155
747 7440
5961 1854
8639 9214
8267 3986
5962 4082
6210 4511
780 7145
5871 5364
7818 5718
8377 3448
9233 6180
4513 5003
8959 9751
586 9861
2489 5579
1194 8368
764 1057
8254 523
4226 3095
7438 8153
3454 4495
9897 419
9462 5882
8112 4904
7495 4764
426 7698
4311 6391
3683 7023
9483 1458
7904 4865
2559 6420
2740 4648
3188 6874
7291 9436
5481 6713
7117 4170
3509 5366
6246 8445
1243 157
200 4038
1687 2745
6029 1712
5116 7357
7034 3212
8983 4350
9128 9954
1605 9604
480 8878
5749 7674
3260 3526
937 6254
7512 1444
3505 4203
619 4769
1761 2849
4279 5190
5840 764
7770 8190
6883 8952
6799 5024
9264 2263
7420 2386
2979 4587
9883 1937
2579 281
2840 9253
4984 7980
166 6927
1554 5024
763 5088
2157 1711
9547 9640
5590 3687
8919 5573
4177 4575
3281 6151
6168 5754
5055 2879
4442 322
9532 7507
494 697
3479 4239
5063 3485
8959 693
3343 5406
7512 1492
124 6539
6845 1145
3808 6840
113 9178
6820 2040
7612 7650
6443 6680
4180 1961
5541 6916
4236 1783
6959 9428
3557 8924
8517 5512
9059 2950
5525 6735
7084 256
4456 3318
4225 2939
8628 6817
533 4839
8008 8140
2846 8393
5420 6562
3828 4179
3053 4267
7888 717
9984 7499
2829 8572
1329 3120
1408 2389
4286 3594
1660 3782
3594 9809
5679 7404
2370 6689
5928 5185
9474 4120
8160 553
2866 762
8513 916
5102 9088
7991 8068
5126 7897
7847 8632
9486 1782
6428 6939
9161 7268
5571 3449
9081 5251
7397 7868
6360 1887
4416 1240
9544 238
6421 4410
7395 5550
5509 6002
1428 559
3070 4846
1917 3142
6039 2445
3559 9964
1621 2672
1522 5428
6540 7853
947 1633
6736 8548
3045 4937
5363 3378
8767 577
4127 9089
1969 3125
110 7512
6049 2975
4551 3308
2805 6454
6532 3172
9183 5236
4306 5932
183 4139
8280 6779
8690 3228
6695 2539
1506 9435
9596 7445
7560 3602
8258 1759
584 8685
1857 5502
9663 4850
2320 5505
6811 6683
9392 2277
4922 3877
7929 4174
1077 6069
2546 2478
6222 8573
7023 1179
1849 2575
6702 7361
2079 9744
9699 4373
2699 2150
6348 7983
6963 2512
9948 1924
1129 322
9839 2650
3081 5148
3792 4624
1246 887
4376 9261
8411 6223
7744 9651
7494 9860
8240 5322
8813 6530
1059 3468
7106 6170
137 6355
3011 3632
1785 9031
4839 1144
5583 95
1775 100
1664 4696
8605 989
6269 3651
3338 6881
5058 2671
8221 8009
3630 1321
8224 920
6352 7087
3658 3365
4499 2015
9570 4253
8742 2185
8514 8493
2732 7629
9232 7198
2191 3622
6298 9638
2819 2972
8911 7683
7998 717
1122 8914
1501 4517
985 3003
3241 3365
9324 8103
5156 8768
3770 6681
5653 451
5955 9635
440 9607
4810 5980
4126 9625
8634 6831
7305 3211
9181 3863
3827 6463
6448 6831
6064 3771
5697 1575
6070 3440
6247 6278
4779 7330
6967 6104
3047 1821
5946 5107
8444 201
4397 4382
276 2643
7435 4293
9251 1818
8165 1943
2287 8148
9208 4018
8509 8491
3299 1494
218 9414
9344 8299
2162 8441
658 9878
532 8011
3040 2424
340 5233
2086 7317
4122 1835
440 6650
5054 2149
7901 3548
5125 1716
6148 3130
6430 8089
6171 1092
3047 3318
7505 1716
374 5243
1282 2322
2035 7595
3988 6498
2436 1126
8962 4787
9089 2352
7471 5136
5978 3060
4201 5393
8153 4480
9922 2766
170 2984
4737 8476
9524 5900
8595 9377
668 7433
1488 2056
9194 514
2827 6472
4376 4304
949 8281
6592 2104
9123 3552
1814 1088
9991 8973
3188 5355
8768 5585
9508 2476
4929 5221
2294 185
3073 1247
2126 8206
4175 7257
1955 1826
4867 2052
3639 2313
3567 4434
4634 2296
4991 5805
7131 7531
8480 8363
54 4442
4407 2037
8043 7897
79 1460
8655 9143
8850 4804
6076 3476
4893 2013
1725 2231
8024 9128
8009 6776
5433 3558
1189 5880
4627 1793
2043 7637
3813 6925
9889 8857
9218 3130
5564 6795
211 5496
2352 523
2747 4586
2504 2442
6927 3312
2114 3314
6520 2863
564 5204
638 5709
7832 2854
2976 7570
2309 4391
4526 6567
2561 1888
9037 8458
2604 5649
6165 3578
5525 1628
2090 6526
8874 6018
5934 2215
8782 4516
6010 8814
9940 583
2156 4710
9736 944
9260 9030
1728 6392
7981 2734
5257 6495
8281 8262
1868 192
2149 3453
6771 4615
1276 7539
1793 5124
6622 1259
8271 2632
1829 1302
5742 585
9722 7964
1028 4912
2846 7718
5752 8013
9195 3361
3121 8029
4758 3999
602 3187
2103 5126
4226 6658
8640 6952
4186 6339
6617 3607
3246 6031
3452 53
1683 8607
6594 7190
3251 3239
3759 1416
7774 9091
4601 4648
6437 2845
761 4316
5164 8675
3654 2304
7967 8112
1496 7098
9455 8379
462 7292
2132 4522
4065 5497
458 5801
3644 5442
2932 3035
8231 475
4798 9113
2958 6113
111 1643
7077 5656
809 201
801 5499
1448 3506
8932 9860
7485 3048
2243 2519
9817 2880
8918 5534
734 1358
7268 2528
5121 1060
8385 3767
9839 2570
7067 6139
5463 8262
9334 7669
2340 4847
4266 8780
4736 4040
6724 5531
309 8971
5695 6592
2353 607
8726 1755
6865 9970
1468 939
2122 226
4004 4464
8521 4675
7551 2607
2298 4809
6327 3416
8275 4793
3196 752
6155 3487
1451 1937
8718 9460
7205 339
6682 1457
4569 8942
2082 5603
8482 3678
4143 1164
606 4502
2697 3426
5558 1144
6105 5370
7707 4776
4330 3579
3826 4398
499 6995
8688 9339
150 5407
5499 4625
4789 3923
9595 5564
6436 4642
5293 1879
4929 4866
153 4490
7479 9839
2407 8120
3302 1876
766 5964
8452 4445
5507 1289
78 2032
3611 9296
1881 1475
8164 611
5291 5864
803 8393
6160 7594
7763 2107
2888 4378
9110 5382
6238 4822
5241 8420
159 2694
4961 1008
3817 7668
7753 9273
7721 3704
2271 1570
9110 9797
7812 4705
8960 7519
1796 2291
3290 8435
4466 767
3608 927
5195 4082
1991 897
2123 3333
1836 5761
1351 1000
2640 8291
8385 5470
5592 4898
4650 1815
4112 2326
5795 6054
1655 4389
3793 5817
5322 5518
5062 5133
1146 5554
9913 9804
7662 6283
3102 1395
1171 3738
5002 9390
745 273
2829 357
7558 8935
8025 3649
6328 9583
1729 8134
5481 1897
5513 1961
1326 6648
4358 7827
1383 2652
3856 1263
6092 7661
4655 7244
2224 2705
9844 3068
1706 6649
450 2564
4678 6568
59 4209
4232 1669
9152 8426
6082 6931
4579 1908
2954 9020
5330 3371
6986 2621
3503 6363
7265 1428
2500 9478
3469 6879
1830 2591
1279 2809
7450 5686
6836 9469
9170 2413
9152 9525
4526 299
1521 9215
7328 1852
3515 4610
1337 638
9640 6358
7219 9976
2131 8433
2747 2041
1743 1661
5165 3150
255 574
6224 863
8884 1598
5565 3012
7257 783
7030 724
6743 7557
2319 9776
811 3271
2277 6952
3546 2401
3797 3024
8927 9606
7998 3266
6333 3528
4106 4638
4127 2557
3481 6719
74 247
986 7977
1334 3245
6639 5808
5846 6666
2331 7127
1859 740
3955 9690
8682 3398
5494 6840
4426 8037
8160 8392
9428 5626
3482 3488
1546 7216
508 3850
2645 5473
4079 8054
4773 5404
1141 8210
2823 2524
257 1875
1330 2341
7063 3392
3509 6241
7723 5905
4271 2971
7540 2973
7234 2656
2091 9012
9972 8747
9116 1032
4113 3744
4232 9922
9464 9837
7982 4960
63 965
2892 6193
2276 664
9821 6208
2384 261
2992 1017
4070 9827
3944 297
6964 9907
6946 3837
4181 2985
717 1979
5106 7789
694 4837
8278 8092
1285 8484
3336 5049
906 1832
9121 8671
4603 6858
2417 6744
298 6179
976 6614
6770 7279
2791 8934
454 2533
2869 397
1902 4306
1287 348
7193 4222
7192 9453
5149 4892
7744 6502
4063 9578
679 4326
6561 1576
2997 7795
642 6082
758 6760
1825 1846
6976 9847
5866 8306
4813 5306
1096 6611
9614 9959
2483 74
9704 867
5493 43
6967 7504
8628 1346
7429 2694
5434 6320
9453 5641
8731 4492
363 9448
519 443
6820 2174
306 490
9048 7601
6368 1071
611 2095
6712 9481
3856 8163
3140 9229
923 7541
2182 6367
7107 4455
9317 9845
5617 3721
9017 1053
1965 491
9786 2807
7617 1851
8517 15
7365 3582
1384 7111
6756 9374
6695 1391
5775 6655
3061 145
7634 7348
8459 6970
4748 2038
3180 783
4735 1316
1263 5635
8596 7535
4655 7254
8104 2906
1529 5773
6070 3899
6156 1274
2473 6424
4585 1694
5189 698
6689 7357
5445 2412
9776 6393
9136 3722
7337 6558
7706 6864
2713 997
8176 6176
1607 9939
1927 9529
6066 3625
2587 4679
5134 9719
9694 190
588 9320
400 2859
5714 9428
1764 4366
2153 9803
6008 8901
1093 4984
1928 3421
4133 2718
3004 9349
9826 4810
2874 5513
5307 7949
8017 1596
2120 5808
696 5774
442 1028
7352 8533
2605 5982
950 725
4952 9882
9212 3900
4761 8141
5975 978
4008 1585
3132 8115
6656 8375
5458 5730
7280 112
878 3028
3266 6208
4907 1037
279 2753
5198 1298
4683 3915
9842 2443
7917 8168
5621 2487
64 5735
6204 7311
9053 3212
4953 1867
2766 9229
2031 1128
8049 4875
4652 1781
874 8695
244 593
2429 8739
2472 3434
4539 3551
3163 7980
1939 4142
9566 1718
8144 1053
5689 6144
6201 6301
4691 9068
2322 2048
683 4677
8449 6328
7011 7031
4030 9805
4143 855
3008 7970
9808 6309
6049 6652
2186 2356
555 8211
3443 3992
5918 91
1398 2954
6680 5674
621 2851
5058 6442
9159 9428
9166 2642
9646 6109
4372 2225
2442 6857
9533 844
8491 3785
8071 214
7100 8871
1338 9969
1628 9939
1217 1409
3008 419
5358 5070
1948 8537
4599 1690
369 2514
5351 3149
7688 8560
8499 8310
9817 7184
8574 480
8310 624
9338 3159
5681 9673
4155 259
4865 1370
2902 7859
4580 9334
7054 1801
8895 2262
3318 7821
4093 9009
3558 8548
2283 9352
976 613
6335 8575
4482 3496
9049 4984
7213 7863
1422 659
1888 3804
3886 9401
2124 1908
39 2812
9116 6394
4592 2917
3074 5666
7216 8276
4586 8994
341 5750
6872 9382
8370 2939
6429 2931
9371 9492
3126 1480
2269 3546
6670 3331
5040 1036
6926 9203
1964 5160
7061 3837
7223 9810
3660 4686
338 1303
304 4842
5247 985
5404 8146
2441 307
4136 5194
308 1051
4269 4850
1633 712
3918 2731
5467 7368
2936 8752
1959 3753
6373 513
3782 1534
820 7396
5035 5854
56 8840
7242 2012
4408 2735
2602 7986
3486 6033
1296 4545
3367 9542
6340 4417
1380 5459
8643 5405
3282 2895
2022 7323
7990 5018
4221 9791
4587 2217
4722 9081
7922 8697
8325 8610
1831 7618
4154 3467
4275 9582
3551 5831
3878 3085
4837 4017
440 2566
4925 8141
3755 782
4172 7326
1341 6920
2888 2918
5849 9939
5355 6031
8622 3301
2324 3039
6566 7261
757 1740
568 9904
7368 6856
7924 6222
5463 4227
5106 9088
9688 2794
7491 116
4112 9918
9661 4331
8026 9935
1751 6199
1639 406
5613 1243
105 6287
2141 5923
7706 8075
7467 3577
1842 7062
6971 5856
8005 4084
8249 7567
9532 6091
3982 6945
1496 7643
8776 1936
4689 5752
4340 8058
9807 6461
7969 5691
971 3840
4305 3290
4165 7995
6705 5728
9476 5861
992 3799
4581 4802
5265 4368
5686 2309
7476 7085
8138 8469
4151 8262
204 9556
9948 677
6680 2961
3999 6837
2772 5882
2292 5967
4269 9700
2494 5958
8998 8771
8940 1791
5940 5818
5883 1984
7672 2514
5391 3317
6130 614
4042 6018
2397 3013
2230 1195
5882 4161
9244 5426
4127 3854
8588 7408
924 3285
1878 6062
9279 1463
9531 3738
4505 315
5159 3436
2514 2039
6308 9968
668 7540
2685 1190
4285 7506
9603 8186
9299 5818
5664 7828
4658 1672
6207 5310
7922 8395
3456 2688
2224 7039
4543 1185
5350 2768
5955 7053
1553 5522
3195 1794
6526 473
4989 9947
1025 9432
4187 3947
6787 108
8620 9510
2638 1808
2708 9554
6208 7054
207 3309
306 5989
3286 3438
7475 9290
4508 9967
2352 2829
411 5068
7198 6050
876 2257
7775 3536
3500 4143
4268 1642
3090 4208
5995 1626
9175 7467
1787 49
2954 2231
3078 766
1718 9706
8713 1308
2688 6799
2660 5352
7344 3860
7731 727
5995 852
2727 9922
8940 7896
5381 4366
7911 5628
9723 9622
2182 4925
1885 3756
7531 4132
2954 2719
9746 4999
7449 3132
8825 8301
6365 9300
2868 7411
8407 8425
9965 1421
5509 9268
8697 1560
5798 7264
906 205
659 5879
4211 7223
1649 3818
1280 5678
7195 7240
4270 3893
3335 1916
8796 6539
5566 1341
6896 8567
5957 7293
2469 5701
3460 6912
5471 1481
3842 3350
804 2146
7029 1231
7278 5882
8844 4275
7885 2338
5239 9999
1646 2295
5172 2439
1996 123
4663 6390
7372 1754
1954 203
911 9486
3661 7599
3173 9349
1256 1422
3715 2501
1327 8033
8601 70
2923 6822
3473 1801
5960 5189
7869 7265
3884 9382
3717 6766
9394 6647
299 8287
1625 3125
3215 1831
9964 7841
9024 4353
5168 4941
414 3928
5759 6658
1788 9268
6719 4762
1895 1201
5359 7733
4932 2899
8738 1553
8409 6715
2218 8007
9822 1634
2317 9590
9004 827
7844 5698
2207 3595
336 7986
6856 2182
6686 9536
989 1555
4729 7914
2234 4932
445 9181
259 9600
6332 1050
6986 4904
9832 5327
6527 6285
6240 3569
2706 7070
9581 5547
6518 6981
5094 8862
9996 6811
7611 4976
6838 6438
4799 6310
9769 6419
2089 6026
3913 6333
3511 8039
4363 6860
4212 2319
3881 5556
5129 8631
9752 6564
1075 9733
6350 5932
3527 933
7920 7253
9598 9282
4954 8812
3555 1212
6276 6314
4821 6238
3776 8746
6108 7052
3369 5404
2532 3511
1759 619
8627 6185
5484 9845
8839 4638
5442 5621
7230 5813
8325 4026
7547 4973
6191 63
1143 3553
8398 7293
3799 8172
5602 3316
3059 4004
4981 9706
3690 4548
3373 1598
7914 9307
4937 3588
4530 5929
1600 1586
7548 8893
8917 4700
4510 270
2125 4337
639 1857
4714 6258
6679 3681
4972 9988
8108 2915
3139 8079
7613 4651
1542 8772
2579 8658
821 9127
9628 2339
4057 5832
8454 6318
6008 6762
8702 7618
5336 958
7752 4445
379 1888
3523 7728
3152 1782
7913 168
1990 7166
7602 7606
3400 6066
3461 5246
8401 6572
9035 9659
3025 6813
2947 7896
106 7033
8668 2957
8664 8855
6801 1377
6449 4579
734 7396
1739 5317
274 8970
3170 816
3394 6351
3838 9981
5286 2859
3403 8904
7903 6317
8945 3620
4405 9492
398 8123
9560 9477
1174 4647
7086 1426
1193 5946
5774 768
8120 8066
7771 5715
2985 7389
5819 9611
2068 6581
2113 5425
6595 597
2574 6368
8026 1579
5471 7497
980 2085
4315 200
1667 1835
7831 909
7258 6442
896 8990
1506 16
8188 2311
8381 6412
406 9020
7605 9005
7285 2334
3801 2331
4913 956
5480 5511
2896 2239
4854 9438
7282 5358
1702 935
9834 9505
2210 5865
8631 8311
4007 8266
869 2396
3115 5362
7746 1119
1085 8258
3340 7924
3628 8493
4885 9652
5438 1644
7752 6286
8696 1533
5855 5697
3074 1292
6692 9323
3915 6465
2929 9708
6243 3772
962 4319
7495 9899
4612 1385
5994 1284
2342 1238
1607 4381
5303 5111
6978 2218
3053 5933
6606 9551
9259 6659
8879 9187
6505 5041
7281 9049
7902 7670
3300 8460
465 8526
5294 5059
323 3881
9137 2942
5270 5433
3856 3660
2267 4760
1138 780
2385 766
566 744
6574 5767
3833 1640
1840 6006
6212 6817
7891 1260
1037 8154
3803 4157
1847 2237
6727 7327
1389 5325
7811 2764
592 553
9145 37
3360 8237
7381 1114
1182 2955
6291 1726
9292 1430
310 1755
2369 2563
7527 9262
3329 8014
4718 9697
1018 5270
8761 7277
9407 2617
3791 3961
2312 1676
9582 3378
4686 1112
9062 9485
3854 1492
873 3387
3744 2242
4976 1852
5268 7947
460 5871
8241 5422
719 1272
7744 5256
5589 7624
260 6718
5328 3540
3013 2044
6300 1952
9572 981
5782 8248
8286 9618
3755 1424
9230 9137
1100 5773
9024 2398
1828 8948
296 8401
9020 6103
3718 7239
6790 9739
9568 4246
5491 4573
3276 7937
9905 5244
5026 6275
7478 5263
6267 4387
3278 7315
2541 2778
1480 9204
2654 1914
29 6722
9600 6739
5170 8755
6072 1404
8424 6391
6922 1725
5106 5448
3849 6788
52 2797
65 6055
9538 9607
7507 7876
7542 2459
6057 5445
6412 6230
2595 4042
8201 366
7216 2144
4135 5482
3200 7378
6082 8692
7667 2928
7131 9565
2299 308
9469 3141
8465 5141
1833 1102
7216 6929
8481 6540
3759 9877
4262 8730
96 4906
2370 1007
9783 8309
8476 5130
1998 3290
4206 6184
1463 9471
5885 2835
123 3406
4124 9223
7946 8483
6021 5141
7564 5112
2737 7672
6247 672
8758 5146
261 2485
2189 696
2885 8285
6868 4804
6683 5592
1340 1575
4932 5719
4332 3787
1066 5405
9984 2899
1398 2185
1765 225
8948 8243
9091 8670
562 8786
3681 3742
7351 8681
555 3754
1495 9102
1572 7155
7471 1327
5256 6291
3648 758
6628 5064
5870 3276
2797 8661
1178 4084
2096 3144
2102 8944
9676 9167
3965 1477
269 2911
7487 69
4330 7026
10000 4910
2332 865
7930 8247
5443 7480
3649 6589
3432 3134
4530 3263
2231 7558
1153 7738
6508 117
7429 3115
7787 6372
26 2004
902 5174
4530 1250
3355 6594
2230 6625
9165 8052
4052 667
8541 6079
765 3851
1757 2170
7401 1007
5504 9498
7292 7822
1381 9024
2823 1074
7648 6256
5566 7296
8075 8703
8167 1824
1251 9948
1159 3053
1854 3113
7506 9289
4429 1139
7329 2950
576 2400
6526 2404
4764 8454
2541 9486
2882 19
8298 6300
2259 201
4829 8938
3858 1249
3351 8458
3394 3446
4728 1721
2386 1447
135 987
8068 5693
7775 1800
6949 6681
351 7817
7122 9384
2079 442
2778 1298
1164 8722
5914 7996
9218 4280
7529 8802
2915 1357
4963 2706
6724 1053
7169 9981
8556 2540
9870 4644
9581 3644
9261 3091
4928 1253
9790 9002
6739 4583
4620 9717
6995 8441
4382 3174
6307 7136
8160 2617
9408 9729
1363 48
2817 6479
6145 9392
6144 1414
212 4085
4027 6690
7084 2116
3922 6218
943 1703
2861 6793
4065 6869
4230 400
3554 7283
8067 6789
3891 724
9460 1118
1385 4860
1315 667
9118 6496
928 5484
2061 9403
3502 7489
2922 5299
6347 6776
6432 8150
8575 6689
6188 6572
2661 4013
7287 7851
7026 2712
6988 8808
3021 2285
8071 676
6153 9597
6452 6813
6705 4891
44 6556
463 5388
1650 7684
1476 5585
2108 5969
5387 7369
8749 5857
6155 1331
5698 7587
7894 2567
1958 945
3527 440
3621 735
3760 1381
9845 3267
4417 7985
5200 5932
4739 1565
9303 1213
1427 9212
1826 8747
9212 497
8578 9023
6523 8889
943 7309
8517 4520
55 5422
139 3130
3145 5447
3034 8792
7763 8480
6490 645
304 20
1903 9458
1284 239
7497 6166
3677 5012
8682 9593
4234 5401
8122 9493
2722 1244
2167 7938
3136 4652
2838 3083
8160 458
6400 9996
7214 3612
3819 3181
4965 8292
9205 4258
8214 5931
4682 7830
6363 9305
6415 1687
1429 4504
3965 7894
8023 2826
3258 7513
4704 2162
4335 5841
2772 6214
9360 7410
4343 9894
8314 7527
4673 2660
4189 9268
8321 604
4994 6246
8678 2020
2246 6023
5423 9308
8130 5862
7693 7219
8872 8546
3710 3196
607 8803
9886 9084
7607 833
5170 7288
4795 2163
4807 3150
4307 9270
9063 668
8822 1889
2940 1301
8389 3623
603 4538
9154 1102
6057 9082
4468 2737
2279 72
3375 9324
7706 9130
4803 8827
4435 799
7762 2993
4126 2486
8104 7629
4733 6124
7090 6
2792 9289
9723 6550
5326 9279
2186 7796
6732 7419
6669 267
8899 4737
208 2083
1181 3254
2948 3334
9810 2618
2910 4100
6098 1515
6252 7896
3847 1444
9550 8242
8998 995
5481 8445
9876 8239
8010 8758
3032 4227
8859 9807
6898 2132
7672 5120
4360 4582
1683 9569
6280 6119
6405 8462
964 2896
3511 5585
4884 7577
3661 6294
4228 1744
2149 9140
8640 2252
2757 5705
8479 6630
1034 2386
3182 2334
9847 6504
3041 4035
306 1605
7814 6825
5811 742
9598 8229
1933 3094
7135 8327
4847 1177
1030 613
9862 2160
2033 1751
9743 6120
6616 4016
8377 4094
1172 3506
6742 3102
3737 2568
2928 9455
834 6624
9356 5629
3073 5106
6493 6087
1439 9176
4991 8416
8484 6555
271 6332
2868 1483
1326 675
434 4089
2545 8833
4824 5102
2484 6695
2102 6549
4151 5849
5577 1210
1037 1576
4012 5266
1575 5784
2926 1615
4913 4236
4127 8423
5534 2563
2755 5038
2938 8833
9465 499
5720 5249
6774 3830
6700 3871
8695 9675
5272 639
2546 6999
1281 5
4870 3700
1074 4943
2602 8545
2262 872
1136 4213
6385 7355
2498 4581
515 885
9532 4048
3508 117
19 9010
8943 9694
6857 519
8126 3884
4768 9330
9331 4640
7983 621
998 885
9377 5556
9429 5002
4448 7701
4576 7470
2995 6257
8927 8594
8612 8156
5434 5062
2595 1368
9887 2206
3423 9286
4900 8639
9613 4112
7998 5990
7656 6271
4430 1255
8143 9365
88 3953
6227 2533
2130 367
6695 2730
2404 305
8209 1056
8871 1987
2026 6573
7934 4987
8592 4022
9676 5535
5777 9096
5610 9027
7086 3813
1703 3299
9614 3424
1463 4187
7891 3621
9791 8961
6935 5315
1425 7033
117 8351
6911 1503
670 8920
7001 5361
9316 4299
2881 7099
6265 4744
2424 8405
7904 9942
8321 714
8137 1568
5639 6494
4267 2419
4411 5085
9589 2364
4750 8280
1354 8096
2886 9231
8179 2792
9245 2766
3744 8448
2120 561
4700 6627
3762 2620
6479 4774
2434 7069
7233 1924
828 4969
831 9686
3869 8491
2350 1570
8167 9361
1922 4692
1053 1344
1913 3211
5326 2481
4903 493
241 3042
1359 1339
8607 3810
2156 9804
1053 977
9984 8380
1811 5664
175 4253
7415 8893
8968 6149
1913 3259
8101 6103
8974 6533
2269 822
5844 337
2402 3522
9999 8264
7744 2387
2052 7236
6491 9419
1922 2746
3406 9500
3550 7931
1869 5421
823 5736
4615 4828
1401 6005
7236 3493
2891 883
1264 8350
4783 6411
4158 9680
5638 1510
7878 1091
1341 2308
3024 5821
2211 5471
3291 3151
1986 9165
6045 4410
4886 3713
9862 1320
2696 77
2343 69
5765 1223
4071 7442
3202 5025
2115 3309
2799 2216
9823 2
8656 6976
8805 5503
4338 2320
1776 9163
3768 968
8553 1653
1133 4934
3332 8216
4758 5265
9916 9223
7586 7870
9806 3955
9052 7933
7767 3307
4234 7304
1526 541
4213 5697
1135 1095
6553 3176
33 9840
2801 7983
7348 7766
1029 1509
8023 5457
3503 2615
5728 7858
4515 5216
2990 6654
3038 6050
7767 5245
2494 6824
5733 8422
7878 443
9094 8202
6841 8240
4026 1239
4419 734
9793 9582
6237 3564
9269 5513
7695 2901
8911 3956
4643 4232
938 4241
3189 915
9186 6532
8911 5111
7671 1014
4952 2153
6198 7371
3580 9777
3960 8179
3607 4738
4412 4436
6610 1794
5224 4691
3091 5417
4486 6067
7542 2866
3690 801
6740 3307
301 7301
8774 8026
1056 8967
1316 6726
9749 557
6346 9564
5464 1891
605 2263
1823 3826
3774 8057
6536 5107
6961 3316
6004 9443
4933 5798
8134 9187
2216 9701
7883 2974
126 3794
4830 6124
334 7965
4887 9181
9421 7737
10000 9877
1386 2185
1367 5716
4165 6039
16 1707
9996 6634
2221 1560
1211 2117
3752 9719
5184 9751
1514 9009
5699 2875
2262 2828
3811 2096
1350 5788
9580 7956
5920 4217
4154 828
4887 8071
3913 9076
7195 2397
9902 5069
5473 5920
6169 3811
5687 3124
504 1403
3574 6967
5390 6088
9129 3796
659 1055
8736 3770
7989 7272
1758 8659
2527 1778
4257 1255
9421 1724
7866 7509
7213 3691
8624 7767
1914 6997
8098 8767
1438 4013
8378 4452
8923 760
8858 5749
8842 9159
7758 8980
1921 4572
3755 1007
7817 4730
5216 5706
3971 8217
4244 9177
6480 5113
5550 5863
7300 8395
8418 1166
899 6116
6266 8055
3884 6452
9472 8008
8969 5064
3249 7151
8951 9108
6424 2419
1312 6521
221 8106
3931 6071
963 9716
6285 9544
637 6292
8071 3243
5304 5044
5599 4291
4353 9899
3855 6097
3813 3846
5350 4096
471 2864
435 8421
7284 9724
8910 2414
8312 8716
3135 4406
8180 6293
858 5347
7781 3797
8372 2395
1487 5169
8040 6231
4558 8691
9474 1102
5065 4395
8197 5769
90 1186
4315 644
529 3244
6562 4189
8445 8070
3608 4288
8890 8012
8309 8461
8725 1520
6617 2774
4968 4302
9067 5657
9094 1541
5635 7169
6068 7671
2117 6753
4131 6682
7187 3964
5450 4896
2297 2953
8919 781
5203 7037
3254 488
2376 5109
4950 8585
261 8970
263 5334
6008 4305
9831 1234
5008 1312
9013 7693
6638 6262
6815 4247
4790 8115
5839 9468
716 8243
3850 3713
3006 4186
3008 6680
3162 4061
1270 6676
5923 2857
7897 9806
1055 6414
5972 9707
8586 4271
2888 42
7280 8228
6853 2614
1888 564
7243 3503
322 867
492 1132
2339 8125
6600 4195
2786 6989
7368 1958
4868 6075
5777 7381
9225 9514
7837 2259
7014 9567
5087 4281
6989 7324
6060 3131
4858 183
6881 7062
1552 5998
8413 194
9415 4891
7541 513
9981 6523
5489 3061
7870 8258
2018 6058
8910 3964
7644 1372
8497 6434
9062 8006
7351 9217
6446 4196
2754 8454
3682 5791
2649 425
1911 1441
6051 392
9988 5433
333 3960
3203 1252
4571 1093
8553 2441
9752 3354
1707 2988
482 6050
8516 9309
2712 2736
5300 4551
748 7350
7103 7915
9664 7466
3361 1050
2790 1393
5095 2526
579 9702
5884 7987
4836 8698
1466 1530
3926 5638
2270 8591
5330 1177
6904 8018
4565 4523
6058 1512
9991 533
5875 6917
5399 1861
8202 449
549 3766
6686 3457
9208 3861
52 5573
8103 742
1107 7405
5663 5079
9865 6388
4581 1682
7975 4707
7489 6844
8132 5201
2199 2053
7104 8034
6492 9298
8050 946
5071 6746
1140 136
1051 7231
1123 5526
7439 4835
4427 1838
7084 8596
2643 5028
2837 9
500 2521
2588 8790
3378 4624
9958 9469
3699 6738
301 6865
5685 3249
469 9457
341 5638
5104 5551
7337 1586
9134 2989
4856 7112
3166 8084
3042 3789
9070 6399
1997 5673
4599 4701
2104 545
1597 1047
6189 5381
7332 83
5157 9236
1998 5377
877 6942
2868 864
9079 5624
2670 4093
9538 2708
5079 5753
9765 9344
4023 6666
3432 9120
4891 4009
726 4112
5026 9778
7843 7834
2563 6635
7051 6963
3284 8008
19 7757
5870 5676
1395 2442
3179 7112
2627 3973
9257 5441
7991 996
6466 6314
2648 2509
4984 2180
3621 5054
2300 6152
2816 7470
9206 4927
1552 6032
9599 399
5294 6574
8682 1096
500 5406
2218 6355
3067 2048
624 573
1557 275
6611 1312
2964 181
7226 735
5330 1251
8506 2774
4511 2670
7123 6956
6091 3900
7222 6733
6101 4751
7289 7892
4105 8552
3262 321
5724 1393
3953 4150
9257 4269
1046 1224
3182 4362
7058 3625
3081 4240
2558 3233
2490 8784
3491 504
1325 4497
3910 825
4403 5558
3856 2462
5503 7577
216 9516
7120 7275
4501 7483
89 7883
6607 8167
4157 5062
6055 397
984 1859
761 6577
7012 2902
3819 5900
1531 2105
91 5126
9906 8608
8958 7221
6868 77
6780 7381
9454 6428
9735 1342
3355 3844
5986 7508
4317 4681
610 9220
436 9667
4663 7125
5970 4855
7460 8569
8114 3808
8925 1985
5826 6790
3956 8773
4725 5657
6922 521
127 4412
6151 5893
8106 2363
6328 6084
9048 3799
5986 8744
1316 9324
7695 9680
3263 6174
5484 1423
1150 9498
6961 5755
511 9360
2000 5470
7944 8546
2364 4782
3629 3548
9812 3283
7082 3398
5088 5618
6577 8628
9546 2332
458 2370
5595 6228
8122 1143
1913 8353
5804 2844
7435 9105
6095 5793
7157 515
1172 1651
9043 814
1986 7868
4798 6009
3581 9898
1507 5386
267 5321
9717 8380
1199 6089
2578 2219
7201 7996
4368 8042
8827 8187
9016 7233
7978 8306
6894 4482
8252 5556
5086 3774
3062 1867
5186 4877
2575 7696
1483 7194
7279 2798
6306 8831
2974 8655
1444 7242
4121 93
9378 5005
4510 3877
3385 5747
8734 4632
4512 6503
5208 1606
1940 6907
558 6778
4808 9822
5010 7591
9591 2824
9369 3604
9127 1896
6183 4587
398 3995
6008 6863
1865 7159
6574 9710
8827 76
3694 2242
4063 7700
3342 1989
2217 5126
259 6039
4686 4244
7435 2473
5311 4381
7318 1189
2763 7978
8912 7940
1017 36
6595 9041
7281 2568
5766 5874
2451 6564
8150 2929
1845 704
5999 1145
5487 2604
6455 3448
8874 5041
986 5898
5520 9359
287 9788
4311 9130
2177 2846
5362 3947
1582 9845
8938 2316
1461 9165
7594 2297
800 4587
9847 6217
349 778
8843 7991
7243 7917
555 6728
7191 7289
6163 3165
588 9283
2422 8890
6655 8992
2591 8974
3952 1478
2902 5181
2709 5250
3453 1799
6993 2871
8402 6383
8972 4769
6855 4930
4890 8242
938 6944
2375 8722
6514 9706
4369 623
6665 8881
2930 1986
21 3902
1015 7081
7238 9673
7364 4453
8096 6173
2341 5930
217 8055
3552 3971
7673 2300
1676 4063
4572 6637
2660 5044
7216 3408
6810 6614
7509 1203
4432 6105
3466 6778
1864 9682
3660 3126
5998 1894
6573 4120
371 1370
1918 8377
1748 6403
8905 4096
3759 396
3322 5765
790 1061
511 572
7863 2055
3714 9703
7365 6063
9528 723
1331 6345
465 9990
8030 5205
1862 4880
231 8750
7531 3835
1179 5407
4616 8519
915 1371
9490 630
9420 8342
554 1250
3785 537
2543 8476
399 4052
3799 9652
2104 4987
242 2324
4833 3618
697 5476
435 7836
5961 4768
624 567
8382 9771
2531 3740
8071 6906
1028 1654
2634 5238
727 3373
5635 5119
1039 5432
7288 5799
5330 5505
5340 5248
2726 6706
8837 1158
6147 2314
4388 8221
7975 577
5829 7051
5865 3173
1093 8599
1242 5442
6971 6337
1079 4561
4754 5829
6513 7303
6626 1396
6520 6969
8666 4405
3164 2410
4552 1104
784 361
5690 5621
1045 2074
1761 7351
8952 4834
781 9506
2086 6754
9247 2887
1590 5562
538 8207
2696 6416
1152 7122
8781 6317
9445 4781
7886 2665
6061 7068
7575 4955
9581 7125
7137 8712
8954 3539
1960 6951
2742 6145
4149 2656
1415 1759
7847 9367
4666 2985
1202 5221
3423 2740
2749 9276
3794 2048
6006 3006
1883 3652
5432 7094
2987 4948
1347 8620
6710 838
735 5222
2279 250
9018 6097
7745 1193
4279 9498
490 8816
2774 2875
541 4234
3983 988
2123 6008
6298 8905
127 876
534 4296
6188 5335
2117 1510
4296 2434
5663 5840
9734 8730
941 4854
7848 2245
9597 3649
9027 4655
1984 5579
5381 1692
9275 3673
2905 9737
7570 9290
9333 4197
4646 4380
3620 4157
1803 2034
1901 4233
5912 4264
2116 6465
3210 8023
9584 7689
634 9853
6980 1608
9570 2112
1653 4383
2618 8996
6949 1681
102 6281
337 5129
1500 3129
7130 1141
3453 5362
2468 799
9069 8041
1152 5318
7824 1745
7264 2354
9854 128
8527 915
8289 5503
2760 7915
4150 5495
8309 492
3389 5622
7536 3540
2445 4210
1041 8900
7931 4
1553 8377
6735 3876
9992 2146
5764 6541
2766 5939
9478 4025
5667 95
7657 7251
6338 6176
6111 9557
7426 9301
8110 6753
5487 5433
4890 5011
7552 4457
865 4688
5433 467
2564 8822
3255 713
7609 4887
1175 1357
7300 5467
6336 8744
2887 2578
4102 7473
4486 6008
393 1427
6088 6083
8290 9177
7172 6811
9159 9903
9809 3887
2991 9522
4541 9935
7702 1692
6634 1939
8833 7091
4813 6501
5750 6236
273 9083
1854 8681
6018 8831
4078 1398
7784 8883
8711 4325
2243 9159
2155 6142
2283 1908
5432 3018
1575 166
9419 7625
8504 4547
1255 8225
8157 1702
1151 9051
1579 8013
7180 3744
3068 1458
8309 7147
9933 2748
4128 1625
1091 7220
1970 9105
3276 9218
6610 7513
9665 6021
3713 7176
6599 1289
4164 7140
8881 2033
3064 7299
6484 8483
9082 8646
7693 5842
1009 9917
3522 2200
1065 2239
6963 9900
2284 5163
5305 3834
2756 8372
1297 6109
8809 4436
8947 834
2276 160
1990 6348
7069 9907
7684 9018
8043 6457
1386 6169
8673 7295
1641 4748
2134 3532
5007 1096
179 9380
7927 2952
6828 7762
434 6476
1965 8379
7628 5369
1228 8224
4217 1514
4419 5518
5658 3335
4707 9299
1318 5964
3874 2696
7487 5745
8314 7602
3385 9413
7905 4338
6730 193
4760 6187
9025 2551
5334 1546
3465 6900
2396 8274
7314 7923
4898 9049
2826 5874
285 6352
2427 4579
6227 5187
1427 3194
5240 4796
2504 5974
2054 8847
2869 5606
5062 4850
1886 2906
6835 2695
6520 8495
5765 8250
9210 8077
4122 3229
8311 8904
7111 1021
4995 327
1791 3831
3506 9357
8434 8812
7198 7027
2136 8047
9989 4819
3726 4669
2867 5573
2780 3420
1348 517
4612 8365
8927 4559
806 8946
1734 6519
3198 3338
7507 8150
2983 7160
4453 8654
8826 3975
8466 4562
7285 4929
149 6242
4969 5284
6240 6908
3731 5390
9897 3224
1049 2306
9970 3982
2639 4181
3127 5221
8131 1495
3605 627
378 1715
3484 7645
721 1436
8100 9437
2370 9510
5433 394
7141 7520
5683 3323
1687 3302
1224 5898
9706 8145
7657 5169
1790 8102
9838 9802
6463 2830
3284 7241
7582 6759
7860 6004
1421 4366
175 5480
216 7679
9576 219
2003 2965
1949 3762
2844 3482
844 4999
4357 4227
7967 7318
4064 9127
9972 2017
4399 3311
7540 2149
283 6313
997 9247
3502 4927
2370 6198
8438 4049
6000 4379
1176 7419
507 3660
4677 7306
3020 5553
4514 949
5426 6518
251 3955
9180 2334
9584 7384
7222 8459
5013 3888
9515 1775
5527 7940
5411 4519
95 5012
2477 3927
6251 450
6065 5228
620 7263
5498 5526
7158 1304
1957 9007
6723 5943
9612 3444
8270 4777
1819 4878
2824 3478
234 7500
9174 730
2038 873
1019 3853
8202 1325
7805 8827
2228 801
5824 1285
2006 4981
9376 6580
9681 8404
1220 9970
7230 8112
7008 9339
4876 1123
4582 2599
6934 8300
7425 6021
6573 8452
5158 8575
2314 8218
3892 1376
9771 8262
4100 799
3391 4574
8948 8709
2394 483
1278 4355
3970 3931
5356 1669
9172 6122
1405 1195
9434 8819
2057 9476
7814 5060
1125 2948
7964 807
6148 5109
4853 1697
7910 5728
9455 9811
1173 4908
3853 2162
3688 6861
2180 3956
5163 1113
9942 1192
1876 6611
1115 5469
709 8117
4217 2575
3931 5233
4136 2371
5490 6931
6080 7740
6954 8440
7228 8019
7189 6627
6226 9990
1123 1373
817 7482
4309 622
9513 4968
7725 9198
5062 1706
2996 4214
9653 8135
27 1237
1063 6394
1853 5962
8816 2576
92 8736
846 2282
2191 7985
5943 2540
1467 8715
6813 3327
6345 1947
400 1273
4649 5131
1698 3270
4909 8311
8173 4605
6675 4147
9231 7519
5174 3759
9107 8024
4016 6114
5473 4047
820 9734
6767 8937
9948 9687
3228 6956
781 670
7519 9120
5298 6629
3307 2904
1923 4929
1169 2670
871 8151
5317 7045
1840 986
2084 7201
8325 5430
779 6370
1556 9732
5314 8724
5327 1878
4437 5095
5200 9351
6971 1712
6343 5574
7200 3825
5718 6187
760 3033
2526 2008
5980 3325
1515 1025
4107 847
7400 3520
394 8259
3517 9341
8062 1081
9601 9695
756 2058
7689 4788
4001 3413
182 7062
5072 2873
4678 360
3695 8252
5551 9061
2104 7813
7892 2607
232 741
5330 1875
5973 9809
6864 3984
8577 8887
6204 2804
4869 5247
3641 2592
1174 1125
8277 734
4741 4785
3770 1759
1957 7821
5198 6557
8491 9609
4163 3110
2585 7343
7226 5085
6215 5405
3457 3634
215 9051
1803 4738
8342 4845
6568 9556
6239 2368
6110 6912
4664 8610
6517 1180
4695 9074
2878 2
6219 295
3708 32
2408 1950
4348 5276
6167 3284
256 9423
7149 8209
5396 8369
3431 3587
9801 1483
1284 1705
8473 1959
9083 3203
8025 6696
2500 4871
5700 8589
2765 3276
9833 8248
8633 4788
7316 3031
3729 7014
3528 1250
5681 7305
7370 7675
1071 2390
769 4774
515 8769
4918 7129
1651 2099
6089 3430
2437 1982
1470 3757
2999 2721
3447 2115
5432 5427
9237 2452
2933 8131
3778 2840
9572 3031
1033 5367
753 500
3494 9624
2764 4174
7050 3548
6736 7673
2715 9287
6270 915
7085 6616
629 1808
7588 6208
4591 1437
2316 4700
5850 3059
1525 9464
2755 5990
469 1797
188 4076
720 5302
9628 3674
8946 1749
613 5186
2408 6169
1716 8854
1306 9381
7884 8356
4708 7473
5595 9869
2419 5731
4242 923
109 4360
9464 4104
8829 2212
9223 885
8649 7059
3356 9342
7644 2402
847 8927
7780 7343
2515 6565
8711 1825
2374 9641
5937 5599
8973 7355
7492 2005
8859 1665
8090 1262
6134 5224
6747 2086
1907 700
4679 1856
2285 7203
4901 5291
6701 1345
8917 2534
380 8349
3336 3914
4232 9323
9219 403
5838 8412
5145 6692
1855 7634
2791 3924
853 4495
5234 1108
1989 1474
3839 6306
7020 156
1851 8036
1113 8813
1335 721
5416 7173
6277 2556
6675 2210
4028 6312
7232 7309
2882 3252
993 2873
3456 326
2789 8788
6172 7418
8483 1609
161 9564
2675 2220
5588 9845
9949 7819
8206 9229
5915 2143
8434 9711
6978 703
5274 2074
6696 8113
2093 8196
1207 1404
8161 8399
1059 3980
8057 4706
9836 853
1328 8116
6619 5541
1967 379
8747 117
7335 3780
3622 6714
743 6015
6169 5732
2662 232
8821 3778
8765 8876
8317 179
5581 8329
2912 404
7359 2567
7105 201
4453 1858
9471 3917
6165 8918
4290 9071
718 7151
1609 678
4490 1087
9244 3564
8034 8765
5413 440
7417 5373
1810 508
2653 9693
5744 6242
5799 2489
813 9829
74 5399
454 8823
5552 6974
4529 7796
3956 396
8554 414
3276 7841
7103 6611
1697 6440
4462 7454
632 439
285 1313
7093 7605
1302 9882
4749 6491
6452 1701
4029 5125
1770 3683
1326 5340
1566 4522
7443 8419
4388 5125
1853 1322
6925 7972
1759 2699
5493 5608
6213 979
3599 2359
7802 9861
3737 1870
5592 6869
2603 6562
7159 1369
693 2878
6006 7152
5236 5232
2472 1752
7290 3793
9408 4733
5391 5426
5338 2423
3657 9733
9624 6146
3511 9295
3479 5342
2593 5168
2249 352
9739 2676
6180 2082
817 3274
7683 5792
8423 4806
8992 2309
7267 383
5923 2965
7254 8797
3214 7906
7075 8314
2243 4694
7950 997
8262 9245
8175 8876
4703 6465
8074 9786
5756 6086
97 320
3932 9625
3459 8036
9264 4784
4394 6329
541 574
2903 4084
4079 2494
5989 2249
3594 6007
115 6406
3899 1007
5701 1932
7315 977
5456 2811
8705 6845
2147 1348
9195 8341
1461 6869
2787 6890
2494 3297
6421 1975
4 5806
5613 7157
3428 2372
147 5119
1803 4771
6189 4372
4773 850
1312 10
7081 3924
1741 655
6167 5227
9052 9151
8281 8854
7170 8945
7249 7528
1731 163
5059 5524
958 3494
9426 6525
7021 4418
1496 5158
2736 282
2657 9578
8968 5128
6025 1842
1898 5888
3362 3316
3979 4462
7772 2278
1590 6742
1132 3685
4548 2129
994 1491
7190 9386
9456 380
373 4981
9811 6282
9501 3715
2654 5417
7075 8167
3042 7552
7703 7041
3373 5767
4339 2122
9116 4805
3655 3191
7267 2599
6645 1686
4810 4250
7381 8467
2104 6779
3056 9543
8246 7020
4171 688
8120 32
7865 1765
7020 7693
9258 3592
4616 5962
5084 4156
4331 3032
1837 4344
8164 1906
7835 9215
4608 3708
2862 1629
52 1802
6455 3542
4259 7527
345 4776
6002 2498
6181 5858
8690 8476
7667 2134
1835 7185
8603 2542
8351 5300
641 2428
2539 6464
6882 9425
2435 2841
88 5160
410 9044
5603 8765
6436 2622
6352 1981
5029 8468
5019 9312
2921 3163
11 5223
9132 7743
2821 6615
331 523
4765 9177
4667 7002
1798 2666
8541 8336
5709 3337
7856 2279
2456 4512
6303 6550
85 2456
2830 3540
6396 4771
8518 3561
3111 6586
7647 8081
7593 8605
8618 2697
5133 3461
8930 4270
5189 5880
5581 6257
8059 2142
4302 6097
3532 1478
9626 7122
916 2573
5993 6732
3869 3040
4224 5767
8697 4744
6901 7079
1964 4200
5504 3974
1941 4685
3722 8998
7099 5019
4568 434
37 3621
8562 7246
3568 5047
6445 7329
176 4084
9643 9796
8302 8282
4575 8096
4579 3965
2569 5350
4260 7982
1702 4340
3713 1704
4429 2951
5177 1755
3651 1625
8989 6807
4624 6490
4293 3505
720 7566
3119 7384
1325 1370
4440 1856
3091 3939
8770 233
2839 6826
8649 2400
7229 6255
799 9785
9614 1814
4404 4407
6793 4661
9139 7784
3217 5043
2988 4637
373 4703
6375 3198
9285 4540
1680 892
9441 257
9383 6201
6110 5831
6309 1657
2094 5164
3826 7790
1717 6806
8258 2956
1546 7315
1681 6380
712 7361
387 4180
6855 1661
8403 5026
1483 4747
6095 5670
5954 3667
4655 3600
3532 8758
2325 9142
7135 3297
2328 5947
6759 9882
8083 1854
1305 697
8121 545
6984 9057
2019 2639
7918 5675
7158 5218
9973 4937
1328 8236
32 2995
6068 2257
2900 6614
9152 5817
3127 4235
943 2879
1521 5400
596 9634
49 6878
1673 3465
1562 7258
2709 5844
6508 6574
2600 9267
5036 9762
7277 8546
6486 8144
164 1282
4216 5493
21 7739
8422 5286
6231 2037
8883 3107
2354 3376
3516 5499
8257 1101
9453 7846
9735 9619
651 1601
762 6873
8132 969
3589 6999
6915 7782
2204 671
9288 8080
2192 6241
5505 2042
6330 3726
11 8345
7937 1117
8732 7248
4101 4432
3739 8422
1968 9698
6515 5538
4014 1141
4564 9471
1223 7520
3023 445
2782 4000
2545 4885
942 6546
7279 1855
661 7997
4628 3827
778 3046
9697 9463
8583 8946
2436 7224
9085 7554
2962 1698
3214 1849
6563 980
4951 7955
5213 9335
6882 1752
1897 9554
5076 8940
5868 7284
338 9179
3062 2120
2238 2409
3110 400
5967 381
3918 6536
3697 116
6752 7177
8826 9600
3739 4947
8170 3944
7030 3054
3598 5985
210 3864
7016 3199
7478 104
8631 3898
192 1287
3489 2868
4942 2137
8339 3124
2272 7336
752 1986
3492 7341
9080 1125
5457 4357
5356 3183
7979 497
2912 9698
9331 4603
6267 5814
4571 478
4628 3645
5224 8809
2451 6066
312 7405
6609 6573
4716 3919
5609 492
2034 3372
6716 2606
2996 8699
6388 4705
9033 840
1437 3306
6439 1199
1760 9577
785 3971
3599 9592
3110 5863
380 570
668 9522
5622 6046
4997 3749
4432 8200
3226 5111
4180 3798
7221 1739
3123 2891
8114 6899
1956 6662
7471 4966
3752 7034
314 2760
643 9685
7489 748
3448 7425
6192 5909
9901 1196
4676 305
2145 5699
2356 5417
8454 4125
9092 7618
8301 5434
9171 4775
9682 4644
2213 2144
6312 2408
3569 7221
5908 6130
4395 7255
3032 6403
9377 9695
5553 200
5714 1839
2483 5353
1256 2451
7514 8872
4504 5388
5367 4099
2033 7551
7527 8920
1248 98
3376 1510
242 4691
3544 7755
1573 3346
6428 8078
2268 1412
5388 1485
3585 9388
9266 1742
2775 7638
2195 6774
9777 9593
4583 9939
1805 5078
4560 3880
1963 3589
4981 288
2044 4181
236 7032
7700 6215
122 7562
6547 3106
7343 6717
31 6286
217 8129
6454 3815
9553 8
8091 3544
1283 5549
3881 1662
9605 9852
2929 6198
3960 4795
2168 7794
3811 2662
4956 4731
9702 5304
3907 6848
6666 4342
5081 870
6120 4188
8529 7019
5727 4098
1433 7194
9388 5044
4277 1733
7316 7957
4000 9207
5460 8229
8452 4606
6804 9866
3679 6078
8742 1229
5246 7742
5597 752
7019 9240
7225 1487
910 7594
7628 2776
6277 8437
6042 9781
2563 8247
1524 9399
7182 399
3810 7934
8007 8141
2493 4754
9314 5153
6708 8614
4216 6346
4790 3838
5634 2424
5125 5382
4076 7101
4782 8230
5526 7581
2640 5065
1832 2983
5331 9043
6273 5143
3360 2451
7592 6765
864 5849
9681 6820
4449 9094
8226 3524
8871 5733
5524 4305
7891 336
1155 2484
8943 6976
9913 5592
572 9401
577 9193
1331 8439
3 5610
2325 1520
1550 6646
6056 9712
523 3417
5445 1809
1116 229
442 8336
293 3368
4160 3364
4843 7933
8233 7476
4039 9580
8887 951
2210 2277
2694 5000
5338 7005
276 5378
8150 3505
9865 9803
8570 2676
4118 2086
6271 7953
6028 4732
8220 1364
2484 2673
4761 2967
771 8940
5733 5098
3980 3991
7369 1027
2974 5701
5187 122
6444 3649
2203 5480
3047 1539
6379 6852
6553 623
2073 3923
4881 788
5210 802
4873 3834
6055 5141
5479 4156
2284 7449
1092 9348
9802 4120
2980 644
5288 1215
9258 1348
691 7243
1748 5686
8667 6818
7606 7384
4650 8532
7815 9617
8576 414
5947 271
9348 5465
6630 5590
9610 8857
4829 336
4509 9745
3961 9100
1410 5676
6075 5621
9095 5402
410 9197
1038 6838
778 5470
4750 8877
8694 2697
1552 2550
7369 283
2396 6561
4943 1776
7352 4652
1119 5759
8911 663
6929 7064
7552 8669
1553 7111
2097 1861
8822 3027
6328 9785
1731 4355
3306 4229
2147 3070
7989 1041
7009 3988
4975 2665
1905 3560
3483 1999
271 6167
5757 4653
626 2262
161 8537
3459 4015
2532 2603
2686 3755
8362 9983
5284 402
4060 1206
8342 7121
9645 8328
5767 6893
6775 9356
6448 984
6862 4414
9341 6969
6112 2786
8174 5569
539 1776
9062 5201
1614 6777
1209 2629
2245 3264
1724 5509
7967 2583
7648 5483
7497 6666
3307 9028
1087 4683
5674 3190
6228 2080
5721 6001
4204 8683
8371 4445
7707 1132
3890 9674
1299 6426
3044 8631
6089 7585
9961 6081
1596 8069
3812 920
8058 6793
6987 570
8454 1684
1731 2205
9817 6986
3489 4705
5031 4414
942 6927
4918 1220
6519 3767
2332 578
3994 4665
9102 4705
9547 7385
4055 6512
5 9120
7750 941
5744 7218
1261 7750
7801 229
5210 409
1357 8057
1495 5006
537 9661
6835 8090
7918 5135
5966 7094
564 2046
5667 3453
6318 7080
5509 9844
6734 7342
3092 3893
2244 4678
7608 689
40 3072
6870 109
2265 8900
6355 6123
2511 201
6689 4851
9745 6468
8601 8216
5807 7894
7162 1572
5471 8766
3370 2000
5013 3477
5065 3885
8227 9009
8316 2468
4132 8194
9805 1875
1211 8516
5316 9715
435 991
3967 337
8644 4030
9026 2544
2686 555
7583 1011
6737 3539
6318 8137
2307 6300
6197 3491
2590 6642
6739 3760
941 5208
4422 7072
7477 1820
3375 5397
3757 2118
3290 2763
2999 1843
2790 4248
3138 3021
1137 2995
31 4982
8665 7760
9512 657
8346 378
7998 5423
1343 9711
3765 3358
9306 6933
6800 8896
5704 9911
7086 7534
2846 1270
5646 4883
5890 6641
9296 527
6280 432
6760 5306
6001 2081
1877 1515
6178 8284
8402 2659
8486 6076
2990 1980
5845 3542
4189 7511
7301 3191
6771 1363
4234 4642
4567 1313
6746 4430
378 925
6194 5736
2067 5436
8323 5851
7201 2585
6067 6265
4590 8081
8739 1082
3176 9833
521 5424
1219 6089
3577 9127
426 5072
6973 3537
1363 1330
9141 4388
6071 1448
9922 746
7339 5608
2533 1190
1382 5162
9167 9540
7056 4632
9016 9379
5147 8187
5209 5371
842 2729
7381 1313
2397 477
3420 2104
5480 5531
8708 9688
119 1589
1310 2637
112 646
8604 6280
549 874
2815 7911
8758 7803
3707 5661
8991 1835
9433 1477
5058 4026
3471 9562
8184 9650
9687 3566
6398 9900
5337 3187
2983 9027
2706 7300
5799 2260
8374 6956
1550 8247
8419 8373
4166 7133
9885 3584
21 9229
8565 614
6887 3884
9500 8637
8505 1184
9594 736
2745 1987
346 6411
3735 7675
4215 5618
4247 6495
6395 611
8465 8565
5708 3163
9200 8539
9988 206
6443 9553
7748 310
5250 1093
4904 9508
6346 6748
2392 7141
6013 6377
4798 264
3636 4348
5575 4484
6655 9423
8081 8852
9566 1446
5370 2914
6937 1539
1442 3296
5882 1534
3563 479
7276 9464
7561 6548
5304 2908
622 2919
3927 6495
3898 1419
7743 8165
554 215
6411 3316
7666 9180
7833 3432
1199 8700
4388 4315
2707 6069
9934 4598
5342 8027
2770 7890
5693 3444
550 280
5604 1338
6350 2157
8840 6950
2522 3055
907 9760
6941 2592
9737 5518
1336 8726
2291 4898
3038 1296
1578 1455
7050 6718
2277 984
3210 8697
2233 5083
7624 9661
6183 1990
618 7874
2294 5715
8248 6059
7484 554
8860 1559
2594 4849
5269 9157
6665 335
4997 1411
8975 9627
3103 2900
9191 612
8651 3408
2549 746
6717 4491
7139 1903
5495 3713
6079 9121
1564 5393
140 2542
7424 2923
5583 2469
7940 1380
2404 4100
8395 9601
308 87
6243 6226
4024 4119
3772 7238
1098 8859
6530 3340
8112 8023
8022 5553
2070 3659
1889 5391
9501 4393
4203 9480
7870 5995
2155 6189
1778 5092
294 8639
9899 8952
7500 7947
6246 3149
9046 7930
8001 5607
8889 1855
1242 7114
7157 9242
2788 365
6022 2596
7443 7866
6331 8502
3402 2498
9743 1805
8999 9887
8815 7258
2091 9460
688 2780
1318 7177
8476 9168
4163 5896
7776 1509
442 812
6681 7185
8324 4064
979 5136
8256 310
3135 424
7993 4694
7585 4824
1862 3681
7426 7266
6981 1105
8022 8506
7721 6177
8479 2727
87 2735
4255 7798
1944 5094
803 1094
8772 1304
8327 7595
477 8439
7868 4614
5272 5445
7531 4426
5146 8773
7509 8235
9528 1567
9805 5419
5105 2329
7707 2320
3846 5045
9089 4026
216 2626
5040 9845
467 3865
1279 4889
1509 6574
3847 401
7873 1817
948 7747
4220 3965
2776 824
9916 2120
484 1666
2144 7720
1103 5926
1946 4537
385 9910
8892 2166
3240 6537
110 8500
1513 8751
5990 7402
9726 2737
3067 8961
3223 7741
1322 9256
4982 4226
3121 7561
5373 4660
9251 6269
3892 6433
1667 8822
9688 6112
9286 2606
8397 4877
3469 211
1275 5907
3105 749
6777 2722
3421 9672
1098 8173
2003 2467
3374 1728
4874 9217
8581 4900
2182 4886
6449 7215
3325 5482
2604 6971
2855 1596
8253 7032
5271 3997
1572 5631
8856 9269
8956 8459
70 2816
2857 3867
2856 527
8810 9185
5964 5312
1878 1056
6196 6106
3617 7225
4112 9860
6051 7968
7152 5699
430 3246
5003 6948
5053 304
4332 2291
2603 1977
8122 2644
680 7206
9981 7586
6076 2414
718 8132
4118 4350
8433 413
3950 1313
3800 5155
285 2787
8023 3758
8895 1288
6864 4432
9902 5613
4184 9028
5387 5915
271 2320
4186 2292
4629 6043
895 349
4682 3602
4244 6854
1944 2555
6757 298
5188 3833
3321 683
720 7218
2418 2381
6777 484
3586 3302
6496 7906
6010 3938
645 956
2699 6597
6005 7541
8470 5246
3506 965
8966 9645
6333 8957
1599 6283
102 1045
1750 8204
6681 2875
7984 6812
947 7344
8423 823
2344 9340
3100 3675
787 988
1091 786
8011 2628
5636 2504
406 9748
2221 8285
8076 5983
3122 5885
6533 5910
4524 7416
4740 3014
7132 1648
1905 624
4114 3175
7851 1011
4198 73
4838 3985
5265 3856
6809 9609
2206 9740
222 3863
3587 2700
4597 3569
7564 7110
1268 6227
3640 3498
4166 9433
5975 700
4491 7380
7718 5590
4232 1707
7760 4270
7131 4263
8248 9191
4836 1413
8430 132
1012 9446
9880 7148
3535 2468
2190 5259
8682 579
8312 7509
1553 6690
1882 8157
3103 3882
4595 1653
6658 6507
1612 4042
9481 9908
7092 2810
4870 3585
4771 6985
4691 6232
1651 8008
1667 5664
680 5309
4318 2527
5048 3760
9510 6685
5264 5326
1557 2725
7688 6251
2779 5212
4197 1595
1261 7710
9578 8644
1437 226
1671 5361
3717 6456
715 1820
4610 5978
9423 688
1362 2972
225 6673
8182 2711
1226 1561
8410 3802
7831 2996
8287 6270
8807 270
9019 2538
2408 9435
2061 3598
8707 3584
6286 1384
1901 4458
2890 3910
4964 524
1959 9275
2736 8150
2197 5161
317 8422
7896 4189
1397 6668
280 9210
9820 1533
4950 4097
3992 583
4699 2211
6757 9961
8788 1718
9623 6505
2460 6269
1461 5502
7301 7982
1799 1928
5291 7507
6744 1869
4319 8438
5763 1766
281 8235
9299 9790
1262 1168
3668 1234
4457 9
1352 5423
7733 8666
6286 5754
9520 4415
3730 2165
3675 7728
8158 9673
4889 8492
6358 9579
4440 3237
8954 9560
6333 8259
2361 921
2051 7929
5086 7313
6 548
297 1637
6211 4747
9435 4933
9228 4726
898 5406
1454 7563
570 7266
1397 8581
9127 6724
3712 6421
9872 7878
2801 1134
8076 3020
9282 2736
2135 2394
3306 1314
8478 1313
4277 2354
1430 2852
1143 9394
2828 3441
1565 395
2943 8571
1833 2676
6167 2820
2066 1066
6546 2140
5041 8984
3243 1391
3760 1528
6745 8505
7414 3157
5843 4059
1756 9232
999 1786
1854 8897
4050 3240
5543 4543
1514 6693
546 571
2427 9027
7246 9862
1699 3384
8851 8539
8228 7476
4627 1192
4737 9169
764 3768
6488 5272
588 4272
3106 6038
8435 9144
6650 4931
6138 9850
9132 2199
2144 5517
4367 4982
274 21
2675 1563
191 2513
5707 2712
9608 9359
2880 5926
9638 3927
4993 6929
171 9464
8205 6512
3545 3562
3959 9086
9776 3901
5552 1038
6284 550
1989 7657
848 6155
1432 6466
3261 5865
6456 6266
7947 4133
8592 2414
3501 157
546 9914
8769 1723
7595 753
1298 1285
5774 432
4200 6492
7433 944
1744 8032
8283 2555
7633 1951
3860 3082
108 861
6287 764
2681 5770
7303 1659
3235 9856
1769 7941
7499 4159
8085 2909
2126 3765
8665 7419
696 631
8255 4725
8976 6897
8338 9488
7705 1492
4341 9712
8590 6558
6576 9552
6312 3974
3826 7566
7024 4200
2845 2007
3834 5976
5433 666
9062 3978
4275 259
334 5450
4533 1204
6582 1185
9746 9806
6506 4125
7516 6608
3945 7486
2266 5572
9801 6588
4243 6674
2599 7457
1089 1748
319 9264
1877 6878
3533 4805
8783 4957
3313 1928
1469 8686
9984 1971
1656 9247
9410 5333
4589 6055
8669 6997
1108 9170
2855 2871
92 1325
2455 9821
5966 4595
3285 5168
3799 9324
8198 5526
3685 1563
3796 7123
7712 8718
566 5025
6106 1444
7735 4584
3021 6700
9424 8999
3661 7676
2404 1030
8932 6663
2060 5764
2312 1091
4992 3583
6482 5175
2204 5026
3900 9100
8801 7227
7979 4962
579 1737
5153 9369
9268 4742
5507 5498
315 2210
8208 9884
6442 405
8238 3030
4658 9489
340 4610
3483 2336
706 7165
93 6692
3256 8882
3817 3257
9081 6404
8002 7973
4856 6412
897 290
6460 9355
6518 3862
994 945
9164 7271
9288 3736
7284 6860
4721 252
3307 3163
3461 5873
5141 7219
1814 2461
1498 545
7020 2747
4674 6138
9754 9961
6353 5038
2619 5248
8647 3540
3292 309
8148 1034
983 2205
457 1438
7285 8853
4585 6160
1636 3020
7093 216
4506 4674
3766 3344
9977 8372
2927 4070
8561 2331
6582 3227
5606 4520
8910 4955
4765 5865
1374 6078
115 3075
9798 3596
7090 266
5875 1235
3321 9178
7442 9534
8553 9561
1508 1656
9247 2013
9892 2322
4290 7733
6068 3689
9391 5183
5870 6058
1252 1132
2389 3678
6761 9274
8646 8331
4681 8433
3674 2726
6435 6156
5472 2150
3775 2287
6065 3615
193 7073
542 937
8484 7121
5126 7515
4776 9615
561 159
9273 6234
974 7870
7078 9855
8149 8405
6053 103
1219 6002
5946 8301
1555 658
1479 4382
4684 3939
1890 4444
4612 673
1447 2224
6378 3303
2735 5725
2517 2130
5181 8256
5397 7711
8729 6568
4488 8828
4116 1867
7595 9202
8666 4662
5757 8167
3882 9152
8128 5179
4355 8092
5234 1240
7881 2461
3261 4227
5644 2240
2931 7210
8613 8782
6289 3933
6260 298
9645 7852
8948 7686
3989 7427
6501 6232
6299 8420
8735 9014
6043 181
7276 7033
5309 8845
982 5844
9352 9927
1306 6172
2018 4497
7477 7633
4981 1937
7402 8516
3512 3535
8628 7397
6219 5421
6174 9127
5907 5811
2100 4416
8501 3467
6204 6657
1378 4493
8957 780
692 2698
5520 1241
8211 8993
6114 733
121 8001
4925 2163
7593 6399
5887 9113
835 191
964 2335
2309 6851
605 484
2215 7681
6679 5706
2071 5779
7960 6799
6023 9995
7366 3589
5283 559
6964 6846
5314 3546
1398 2732
4744 8528
5005 8787
1787 5169
9127 6500
7646 6834
5482 5556
78 5277
2610 1476
7418 3216
3654 5950
1432 9099
7184 6280
4329 3739
7879 3894
3201 8202
5017 1877
1800 3236
4416 6173
3331 6848
1836 742
5760 7543
1471 6520
2983 1935
1336 3679
9933 7316
6306 9944
9519 9609
8577 1735
3585 5452
4543 2473
7 619
9706 3708
164 1178
748 6566
1048 46
5224 2724
6417 2001
7867 8635
8270 3828
3169 7966
4722 3098
8614 2855
5622 7837
602 5138
4365 2443
6734 5369
1730 7722
6238 3309
2552 625
5143 9176
9835 4781
7041 7298
5116 3506
2373 4649
2442 5731
952 9814
9769 8851
2312 2792
186 9533
8200 1249
1446 6146
9423 990
8579 9601
7414 7791
6964 4420
9311 9003
8897 6146
2303 9290
7228 2178
2221 3235
3041 1256
1075 4612
9466 4767
596 6417
8452 9804
724 9155
6557 5437
2472 1906
1275 8582
5504 4339
586 8725
6156 1620
2258 6177
6015 9080
3549 9577
9416 8140
9030 5396
4504 2215
8509 3292
5301 5590
9418 9171
5152 4792
5520 5797
1613 8137
801 4989
805 3983
3825 7586
5912 8010
9116 4303
3736 5823
1668 4596
374 9833
815 1399
7409 2545
4454 5572
1674 8335
8915 9260
122 2120
5155 2564
1291 1003
1076 8
7646 7782
633 7443
1076 6740
2068 5073
2557 6343
1655 4756
1975 4884
3714 311
2543 1819
3014 7904
8356 7428
4944 7470
3874 3453
4650 161
1479 4296
2792 6909
2504 7860
9597 1391
3941 8072
8236 3812
3736 3781
2531 3542
8197 7890
3908 181
7182 7355
2652 53
8011 2322
7648 9238
786 8386
3356 6294
9375 538
3387 5801
3577 5388
5332 75
8080 2438
4209 3573
6495 4725
5362 9889
7602 607
7119 1274
4400 9029
7105 6331
559 6049
9282 9234
193 4724
4770 5361
4274 208
3399 6283
2967 2663
8141 5755
531 2047
36 2290
2239 3854
1688 6869
8446 8686
3635 6426
155 9590
4671 6724
7652 1918
3900 8384
2311 3137
9720 7223
8520 3500
9513 8882
2302 8496
1230 9325
6374 2581
7990 3516
577 6576
6330 7070
1481 3301
4 4695
6415 1297
7030 6828
660 1263
4878 6379
2362 6150
5353 8582
8660 2847
2012 1723
591 6729
3735 2303
9959 7875
4814 5412
6102 6671
9629 7958
5207 777
3915 5503
5868 7161
6404 762
5286 4698
3219 2253
937 1515
3880 6747
2044 6506
7555 9828
540 3721
4131 6305
9743 8659
9360 4535
2866 1313
2525 5083
5371 5143
6427 9829
9970 724
608 9538
1538 3905
7975 74
3745 4208
6511 358
3336 7278
5307 2258
4014 2323
4456 9720
8078 5821
8198 1138
6071 8114
4282 803
8908 3469
7173 1615
8442 3247
1932 8631
8370 505
569 3794
6850 6507
997 429
2088 2024
9925 4854
6382 5484
66 9972
4976 9767
7180 5083
7801 374
1169 5566
5055 9099
6537 6643
4460 5842
2701 3535
5494 8750
5898 8210
4216 998
2117 8185
9560 8368
7086 5875
1178 4285
5462 7843
3493 8580
8946 1000
5898 8494
4191 8568
2842 6112
4871 7262
7983 3726
502 5211
3208 6868
9888 2347
5947 3806
8265 7414
7354 5255
968 7108
7754 2396
2872 5679
9702 2900
3834 4024
7749 7168
7380 8374
9431 3663
7281 197
6580 7625
6630 8610
2292 6018
8021 1236
4539 478
2282 7730
1349 9985
8872 4291
3131 2826
6124 554
3417 5624
4292 6823
4394 7536
4393 1374
5712 9576
2766 4795
1892 9519
1688 1154
8410 5786
4710 9455
1053 5966
2878 5089
616 7600
9125 2497
2323 1400
9442 2402
9313 7933
3101 2122
9704 4373
3522 8437
4264 5523
5098 3949
1450 3263
7517 3452
1787 7250
4102 5451
9711 6865
6598 8564
8265 9341
5330 5423
2983 6413
6950 5598
4020 8744
895 1534
605 7634
6047 871
3322 6379
3032 4021
1616 3015
110 9605
339 175
7314 1804
7793 6250
6761 3908
6225 4798
9766 4402
2338 8192
8732 8358
7704 3937
7568 6467
9522 5563
6972 8117
4806 1147
5412 1490
5909 6217
8739 1661
3045 881
3488 1446
2770 472
4926 5257
2514 8590
2233 1470
1852 8539
7063 9271
3386 935
9690 5748
9919 8725
968 7564
4840 4112
735 4492
4171 9986
9439 5567
9559 195
6232 5053
6087 5387
4612 7468
3264 3157
360 555
9108 3143
6781 9453
1714 9687
2389 2790
5421 4011
1352 7440
5050 3137
9610 2584
9939 7312
6800 9101
559 9451
5096 3741
9431 634
96 2535
9415 8639
5805 1830
5288 472
7416 2383
4986 8514
3114 9359
1062 9536
1232 7017
9804 5921
9615 1579
5817 7256
3955 8068
6919 487
6339 7475
9667 5669
4126 1261
5488 813
1221 4432
9081 2926